0.000016
0.000010
-0.000020
-0.000016
0.000053
0.000045
0.000006
-0.000047
0.000011
0.000030
0.000026
-0.000004
-0.000017
0.000044
-0.000010
-0.000009
0.000006
0.000026
-0.000030
-0.000006
0.000023
0.000002
-0.000010
-0.000030
-0.000010
0.000027
-0.000022
0.000038
-0.000022
0.000039
0.000060
-0.000019
-0.000033
0.000003
-0.000010
-0.000064
-0.000004
-0.000021
-0.000000
0.000065
0.000012
-0.000028
-0.000032
0.000007
-0.000034
-0.000002
0.000026
-0.000024
0.000010
-0.000047
-0.000007
0.000036
-0.000027
-0.000001
0.000009
0.000036
-0.000026
0.000007
0.000017
-0.000018
-0.000059
0.000036
-0.000021
-0.000002
-0.000027
0.000059
-0.000029
-0.000010
0.000014
-0.000030
0.000028
-0.000027
-0.000024
0.000021
0.000003
0.000018
0.000025
0.000022
-0.000044
0.000012
0.000014
0.000021
0.000005
-0.000051
0.000012
-0.000002
0.000071
-0.000017
-0.000047
0.000035
-0.000052
0.000002
-0.000034
-0.000080
0.000041
0.000038
-0.000017
0.000051
0.000030
0.000045
0.000018
-0.000065
-0.000030
0.000011
-0.000023
-0.000001
-0.000004
0.000023
0.000042
0.000019
0.000006
-0.000045
-0.000018
0.000027
-0.000065
0.000007
-0.000035
0.000017
-0.000011
-0.000025
0.000003
0.000007
-0.000054
-0.000083
0.000007
-0.000018
0.000019
0.000019
0.000005
-0.000003
0.000010
0.000022
0.000002
-0.000024
0.000029
0.000009
-0.000035
0.000040
0.000010
-0.000018
0.000017
0.000019
-0.000004
-0.000025
0.000045
0.000025
0.000048
-0.000017
-0.000008
-0.000029
-0.000008
-0.000029
0.000013
0.000038
0.000074
-0.000009
-0.000026
0.000032
-0.000025
0.000003
0.000002
0.000044
0.000009
-0.000020
0.000034
0.000017
-0.000051
0.000004
0.000009
-0.000017
0.000036
0.000023
-0.000042
-0.000029
-0.000026
0.000031
0.000002
0.000004
-0.000010
-0.000004
-0.000041
-0.000011
-0.000038
0.000005
0.000039
-0.000022
0.000024
0.000021
0.000020
0.000012
-0.000007
0.000002
0.000019
0.000002
0.000040
-0.000017
-0.000008
-0.000003
-0.000030
-0.000055
-0.000028
-0.000003
0.000059
-0.000004
-0.000068
0.000010
-0.000001
-0.000012
0.000021
-0.000004
0.000010
0.000006
-0.000014
0.000004
-0.000015
0.000017
-0.000004
-0.000031
-0.000019
-0.000013
-0.000002
0.000012
0.000012
0.000029
0.000003
-0.000039
0.000011
0.000017
-0.000039
-0.000016
0.000037
-0.000027
-0.000053
0.000019
-0.000007
0.000011
-0.000043
0.000017
0.000012
0.000001
0.000002
0.000039
0.000061
-0.000028
-0.000005
-0.000011
0.000015
-0.000032
-0.000033
0.000004
-0.000029
-0.000021
0.000008
0.000064
-0.000042
0.000091
0.000039
0.000012
-0.000019
-0.000032
-0.000027
-0.000025
0.000047
0.000002
-0.000044
0.000011
0.000011
0.000040
0.000029
0.000013
-0.000024
-0.000010
0.000023
0.000045
0.000015
0.000003
-0.000007
-0.000025
-0.000013
0.000066
0.000037
-0.000011
-0.000009
-0.000001
-0.000025
0.000014
0.000015
0.000025
-0.000048
-0.000012
0.000005
0.000062
-0.000030
-0.000025
0.000022
0.000038
-0.000034
-0.000049
-0.000007
-0.000040
-0.000022
-0.000008
-0.000049
0.000013
0.000007
0.000020
0.000036
-0.000018
0.000028
0.000010
0.000018
0.000011
-0.000013
-0.000084
-0.000016
0.000080
0.000018
0.000003
0.000014
-0.000040
0.000052
0.000030
-0.000081
-0.000028
-0.000039
0.000007
-0.000048
-0.000034
-0.000049
-0.000009
0.000021
-0.000028
0.000068
0.000006
0.000006
0.000002
-0.000013
-0.000031
-0.000007
-0.000003
0.000018
-0.000023
0.000009
0.000017
0.000004
-0.000099
-0.000011
0.000006
-0.000034
-0.000012
-0.000023
0.000005
0.000009
0.000026
-0.000021
0.000029
-0.000053
-0.000042
0.000003
-0.000000
0.000006
0.000042
-0.000005
0.000008
-0.000004
0.000035
0.000051
-0.000004
-0.000014
0.000015
0.000035
-0.000024
0.000032
0.000029
-0.000012
0.000039
-0.000009
-0.000042
-0.000001
-0.000000
0.000059
0.000019
0.000007
-0.000051
-0.000002
0.000002
-0.000012
0.000006
0.000012
-0.000021
-0.000033
-0.000015
-0.000054
-0.000040
0.000006
0.000016
0.000003
-0.000004
-0.000038
0.000005
-0.000034
-0.000020
0.000008
0.000014
0.000004
-0.000047
-0.000011
-0.000008
-0.000051
0.000029
-0.000019
0.000025
-0.000007
0.000003
-0.000006
-0.000017
0.000044
0.000028
-0.000028
0.000004
0.000020
-0.000000
0.000048
0.000002
-0.000042
0.000002
0.000003
-0.000000
0.000028
0.000031
-0.000035
0.000022
0.000039
-0.000001
-0.000048
-0.000021
0.000015
-0.000019
0.000039
0.000058
0.000012
0.000002
-0.000004
0.000006
0.000015
-0.000017
-0.000003
0.000010
-0.000040
-0.000007
-0.000021
0.000033
-0.000060
0.000005
-0.000020
-0.000006
0.000043
-0.000079
0.000004
0.000023
0.000002
0.000004
-0.000014
-0.000020
-0.000000
-0.000006
-0.000028
0.000004
0.000010
-0.000027
0.000044
-0.000003
0.000006
-0.000033
-0.000020
0.000042
0.000007
0.000007
-0.000038
0.000000
0.000011
0.000015
-0.000011
-0.000036
-0.000008
0.000001
-0.000029
-0.000052
0.000041
0.000050
-0.000023
0.000069
-0.000043
-0.000029
0.000009
-0.000026
-0.000003
0.000004
-0.000000
0.000004
0.000012
0.000046
-0.000036
0.000028
0.000044
-0.000048
0.000013
-0.000070
-0.000019
-0.000073
-0.000030
-0.000009
-0.000032
0.000042
0.000007
-0.000012
-0.000021
0.000011
-0.000023
0.000002
0.000011
0.000005
0.000017
-0.000035
-0.000040
0.000042
-0.000050
0.000053
0.000023
-0.000000
-0.000038
0.000074
-0.000019
-0.000056
0.000049
-0.000041
-0.000043
-0.000004
0.000006
0.000024
-0.000001
0.000006
0.000006
0.000004
0.000003
-0.000018
-0.000013
0.000008
0.000042
-0.000008
0.000001
-0.000015
0.000001
0.000031
-0.000066
-0.000027
-0.000007
0.000048
0.000048
-0.000019
0.000003
0.000028
-0.000014
-0.000008
-0.000047
0.000018
-0.000033
-0.000019
0.000028
0.000012
0.000006
-0.000025
0.000016
0.000040
0.000010
-0.000005
0.000038
0.000007
0.000014
0.000013
0.000020
-0.000013
-0.000038
0.000014
-0.000011
0.000011
-0.000025
-0.000016
0.000027
0.000022
-0.000010
0.000047
-0.000022
0.000083
0.000024
0.000002
0.000029
0.000013
-0.000060
0.000034
0.000016
-0.000029
-0.000049
0.000039
-0.000021
0.000030
0.000014
0.000014
0.000016
-0.000011
0.000066
0.000000
-0.000021
0.000007
-0.000026
0.000013
-0.000022
-0.000001
0.000059
-0.000038
-0.000057
-0.000013
0.000039
-0.000020
-0.000034
-0.000016
0.000002
-0.000014
0.000025
0.000010
-0.000027
0.000004
-0.000031
0.000044
0.000020
-0.000037
0.000012
0.000047
0.000016
0.000000
-0.000014
0.000001
0.000016
0.000008
0.000030
-0.000000
-0.000035
0.000038
0.000018
0.000016
-0.000018
-0.000040
0.000030
0.000013
0.000050
0.000045
-0.000004
-0.000053
-0.000033
0.000022
0.000003
-0.000054
-0.000030
0.000014
-0.000027
0.000040
0.000020
-0.000014
-0.000012
0.000012
0.000008
0.000027
0.000033
0.000002
0.000015
0.000024
0.000011
-0.000018
0.000029
0.000026
-0.000000
0.000028
0.000017
-0.000030
0.000012
-0.000071
-0.000038
0.000034
-0.000065
0.000000
-0.000020
0.000021
0.000038
0.000005
0.000009
-0.000081
0.000063
0.000003
-0.000035
-0.000019
-0.000014
-0.000011
0.000027
0.000017
-0.000036
0.000039
0.000016
-0.000007
0.000053
-0.000020
-0.000028
-0.000012
0.000015
-0.000009
-0.000026
-0.000016
-0.000008
0.000017
-0.000031
-0.000014
0.000010
-0.000012
-0.000011
-0.000018
-0.000048
0.000007
-0.000026
-0.000016
0.000036
-0.000014
0.000074
-0.000026
-0.000045
-0.000007
0.000011
0.000009
0.000045
0.000024
-0.000046
-0.000040
-0.000019
-0.000037
0.000016
0.000023
-0.000004
0.000030
-0.000011
-0.000026
0.000053
-0.000022
0.000003
0.000000
-0.000037
-0.000006
-0.000008
-0.000029
-0.000000
0.000010
0.000037
0.000082
0.000029
0.000025
-0.000001
0.000009
-0.000024
-0.000038
0.000011
-0.000008
0.000023
0.000002
-0.000005
-0.000036
0.000041
0.000019
0.000046
0.000000
0.000001
-0.000004
-0.000036
0.000030
0.000024
-0.000026
0.000054
0.000029
0.000017
-0.000026
-0.000030
0.000030
-0.000062
-0.000070
0.000009
-0.000000
-0.000033
0.000005
0.000012
-0.000034
0.000035
-0.000012
0.000015
0.000025
0.000026
0.000074
0.000020
-0.000006
-0.000024
0.000033
-0.000021
0.000002
0.000038
0.000006
0.000003
0.000033
-0.000004
-0.000015
-0.000009
0.000006
0.000024
-0.000002
-0.000048
0.000019
-0.000003
-0.000020
-0.000079
-0.000004
0.000026
-0.000001
0.000020
-0.000059
0.000004
-0.000006
0.000028
-0.000006
-0.000001
0.000002
0.000018
0.000012
0.000017
0.000007
0.000054
0.000013
-0.000039
-0.000019
-0.000020
0.000008
-0.000019
-0.000015
0.000023
0.000014
0.000010
-0.000016
0.000019
-0.000036
0.000004
0.000001
-0.000091
-0.000044
0.000040
-0.000006
0.000021
-0.000022
0.000020
-0.000003
0.000036
0.000022
-0.000006
0.000004
0.000029
-0.000038
-0.000004
0.000002
-0.000047
0.000007
0.000029
-0.000017
0.000023
-0.000053
-0.000020
-0.000018
-0.000058
0.000031
-0.000027
-0.000010
0.000043
0.000020
-0.000006
0.000010
-0.000010
-0.000008
-0.000046
0.000019
-0.000005
0.000000
-0.000008
-0.000019
-0.000008
0.000002
-0.000007
0.000004
-0.000018
0.000002
0.000014
-0.000022
-0.000046
0.000016
0.000020
-0.000054
-0.000019
0.000000
-0.000027
-0.000010
-0.000033
0.000044
-0.000009
0.000002
-0.000001
-0.000070
0.000036
-0.000009
-0.000004
0.000045
0.000029
-0.000031
0.000001
0.000011
0.000018
0.000038
-0.000038
-0.000012
0.000002
-0.000002
-0.000021
-0.000011
-0.000003
0.000044
-0.000019
0.000022
0.000024
-0.000023
-0.000057
0.000035
0.000028
-0.000038
0.000004
0.000032
0.000038
0.000051
-0.000003
-0.000046
0.000001
-0.000008
0.000022
-0.000025
-0.000020
-0.000006
-0.000033
-0.000003
0.000007
0.000028
0.000010
0.000046
-0.000006
0.000003
-0.000008
-0.000017
-0.000020
-0.000025
-0.000005
0.000037
-0.000011
0.000007
-0.000009
-0.000033
0.000020
0.000015
0.000009
-0.000021
0.000051
0.000040
0.000035
0.000012
-0.000028
-0.000020
0.000057
0.000004
-0.000064
0.000035
-0.000008
0.000003
-0.000016
0.000030
-0.000023
-0.000001
0.000004
-0.000002
-0.000030
-0.000002
-0.000024
-0.000014
-0.000015
0.000011
0.000002
-0.000025
0.000008
0.000006
0.000021
0.000003
-0.000025
-0.000024
0.000029
-0.000040
-0.000015
0.000018
-0.000004
0.000031
-0.000012
-0.000036
0.000001
-0.000021
-0.000020
-0.000041
0.000012
0.000016
0.000028
-0.000014
0.000029
0.000018
0.000004
-0.000049
-0.000054
-0.000008
0.000010
-0.000012
-0.000012
0.000063
0.000002
0.000001
0.000006
0.000021
0.000031
0.000045
0.000001
0.000004
-0.000031
0.000011
0.000041
-0.000023
-0.000025
0.000032
0.000023
0.000001
0.000035
0.000035
0.000008
0.000051
0.000002
0.000035
0.000018
0.000002
0.000039
-0.000037
0.000025
-0.000060
-0.000004
-0.000021
-0.000010
0.000043
0.000008
-0.000012
0.000034
-0.000025
0.000061
0.000013
0.000026
0.000039
-0.000021
-0.000006
-0.000010
0.000027
0.000005
-0.000023
0.000005
0.000054
0.000032
-0.000005
0.000019
0.000034
-0.000011
-0.000015
-0.000019
0.000009
-0.000028
-0.000032
-0.000036
-0.000025
0.000030
-0.000048
0.000030
0.000024
-0.000069
0.000047
0.000008
-0.000074
-0.000040
-0.000033
-0.000007
0.000024
0.000017
0.000010
0.000020
-0.000006
0.000010
-0.000027
-0.000032
-0.000011
0.000008
0.000020
-0.000011
0.000002
-0.000033
-0.000066
-0.000003
-0.000046
-0.000006
-0.000004
-0.000020
0.000007
-0.000008
0.000019
-0.000003
-0.000012
0.000026
-0.000052
-0.000002
-0.000001
-0.000045
0.000009
0.000034
-0.000026
-0.000046
0.000008
-0.000034
0.000014
0.000030
0.000025
-0.000027
-0.000003
0.000011
0.000010
0.000055
0.000029
-0.000004
0.000009
-0.000018
-0.000002
0.000031
0.000036
0.000001
-0.000023
0.000028
0.000036
-0.000019
0.000031
-0.000013
0.000023
-0.000001
-0.000018
0.000049
0.000027
-0.000001
0.000001
-0.000018
-0.000027
-0.000052
-0.000058
-0.000038
-0.000041
-0.000007
0.000010
0.000009
-0.000037
0.000009
-0.000009
0.000001
0.000024
-0.000041
-0.000015
0.000006
0.000050
0.000014
-0.000045
0.000023
-0.000026
-0.000017
0.000007
0.000020
0.000029
0.000033
-0.000026
0.000045
0.000059
-0.000018
-0.000052
0.000030
0.000024
-0.000019
-0.000086
0.000035
-0.000021
-0.000030
-0.000046
-0.000033
-0.000026
-0.000068
0.000019
0.000030
-0.000050
-0.000033
0.000051
0.000046
0.000037
-0.000029
-0.000027
-0.000010
-0.000028
-0.000036
-0.000007
-0.000008
-0.000024
-0.000014
-0.000034
-0.000009
0.000048
-0.000007
0.000024
0.000006
0.000063
-0.000007
0.000062
0.000036
-0.000013
0.000000
-0.000031
0.000029
-0.000028
0.000032
0.000017
0.000018
-0.000015
-0.000015
-0.000010
-0.000002
-0.000011
0.000018
0.000003
-0.000042
-0.000045
-0.000029
0.000021
-0.000049
-0.000050
0.000016
-0.000018
0.000014
-0.000001
-0.000014
-0.000032
0.000023
0.000074
0.000008
-0.000050
0.000049
0.000031
-0.000003
-0.000009
-0.000026
0.000055
0.000024
-0.000025
-0.000004
0.000042
-0.000028
-0.000013
-0.000013
-0.000016
0.000030
-0.000028
-0.000037
-0.000014
0.000011
0.000003
-0.000009
0.000017
-0.000003
-0.000005
-0.000060
-0.000004
-0.000019
0.000000
-0.000002
0.000018
0.000045
0.000024
0.000048
-0.000012
-0.000020
0.000023
0.000026
0.000006
0.000016
-0.000020
0.000031
-0.000017
-0.000054
0.000012
0.000017
0.000014
-0.000018
0.000019
-0.000001
0.000002
0.000050
0.000013
-0.000022
-0.000014
-0.000006
-0.000026
0.000021
0.000013
0.000005
-0.000035
0.000011
-0.000012
-0.000048
0.000007
-0.000051
-0.000022
0.000030
0.000103
-0.000003
-0.000089
0.000027
0.000011
-0.000024
0.000033
-0.000008
-0.000007
-0.000011
0.000017
0.000046
0.000008
0.000005
-0.000019
0.000033
0.000020
-0.000009
-0.000005
-0.000028
-0.000026
-0.000003
0.000003
0.000022
-0.000082
-0.000003
0.000031
0.000040
-0.000006
0.000022
-0.000017
-0.000032
-0.000012
-0.000028
-0.000035
0.000027
0.000026
0.000007
-0.000034
-0.000017
-0.000023
-0.000008
0.000019
-0.000011
0.000083
0.000010
-0.000020
0.000010
-0.000022
-0.000018
0.000008
0.000019
-0.000004
-0.000017
0.000012
-0.000025
-0.000032
0.000037
0.000021
0.000017
0.000043
0.000014
-0.000031
0.000021
0.000002
0.000006
-0.000012
-0.000001
0.000010
0.000037
-0.000022
0.000009
-0.000044
0.000004
-0.000057
-0.000046
-0.000011
0.000028
-0.000031
-0.000056
0.000007
-0.000008
0.000085
-0.000015
0.000016
-0.000023
-0.000031
-0.000016
-0.000098
0.000029
-0.000032
-0.000027
-0.000027
-0.000013
-0.000042
0.000007
0.000022
-0.000009
-0.000025
-0.000007
-0.000027
-0.000009
0.000001
0.000013
0.000008
0.000020
-0.000051
0.000033
0.000011
-0.000016
-0.000049
-0.000024
-0.000011
-0.000054
-0.000027
0.000005
-0.000021
0.000011
-0.000002
0.000025
0.000013
0.000008
0.000030
0.000091
-0.000037
0.000030
-0.000036
-0.000023
-0.000007
0.000053
0.000069
-0.000025
-0.000001
0.000050
0.000002
-0.000018
0.000026
-0.000054
-0.000041
-0.000012
-0.000027
-0.000027
0.000003
-0.000023
-0.000009
-0.000024
-0.000017
-0.000011
-0.000016
0.000051
0.000020
-0.000019
-0.000010
0.000035
0.000004
0.000031
-0.000010
0.000049
0.000023
0.000017
-0.000011
-0.000042
-0.000049
0.000015
0.000013
0.000012
-0.000005
-0.000013
0.000031
-0.000023
0.000057
-0.000011
-0.000010
0.000013
-0.000025
0.000033
-0.000038
-0.000026
0.000020
0.000013
-0.000008
-0.000022
-0.000039
0.000032
-0.000018
-0.000037
0.000028
0.000011
-0.000054
-0.000004
-0.000028
0.000022
0.000024
-0.000060
-0.000015
-0.000005
-0.000039
0.000034
0.000040
0.000008
-0.000009
0.000046
0.000020
-0.000004
0.000035
0.000018
0.000040
-0.000012
0.000019
-0.000005
-0.000003
0.000045
0.000001
0.000006
0.000023
0.000019
-0.000014
0.000012
-0.000007
-0.000009
-0.000011
0.000018
0.000013
-0.000016
0.000060
0.000019
-0.000006
0.000011
-0.000035
0.000023
-0.000004
-0.000007
0.000033
0.000005
-0.000003
-0.000024
-0.000007
0.000036
0.000021
0.000015
0.000064
0.000025
-0.000017
-0.000003
-0.000017
0.000041
-0.000013
0.000011
0.000033
-0.000013
0.000032
0.000002
0.000007
-0.000009
-0.000015
0.000012
-0.000018
-0.000023
0.000071
-0.000032
-0.000003
0.000016
0.000048
-0.000011
0.000010
-0.000000
0.000005
0.000022
-0.000013
0.000002
-0.000002
-0.000016
-0.000013
0.000015
-0.000022
-0.000041
0.000044
0.000023
-0.000029
-0.000006
-0.000020
0.000022
0.000019
0.000015
-0.000014
0.000020
-0.000009
0.000009
-0.000049
-0.000020
0.000023
-0.000013
-0.000001
-0.000049
0.000006
0.000012
0.000033
-0.000006
-0.000035
-0.000029
-0.000007
0.000054
0.000013
0.000046
0.000014
0.000008
0.000006
0.000009
0.000041
0.000033
0.000010
-0.000036
-0.000031
0.000024
0.000020
-0.000028
-0.000010
0.000012
0.000038
-0.000031
0.000008
0.000006
-0.000010
-0.000100
0.000021
0.000010
-0.000009
0.000051
0.000015
0.000029
0.000011
-0.000030
-0.000011
-0.000037
0.000008
-0.000032
0.000018
0.000003
-0.000018
-0.000045
0.000028
0.000010
-0.000028
0.000004
-0.000008
-0.000028
-0.000017
0.000037
0.000008
0.000030
-0.000014
0.000026
-0.000041
0.000001
0.000034
0.000012
-0.000004
-0.000060
-0.000002
-0.000009
-0.000004
0.000009
0.000021
0.000031
-0.000022
-0.000052
-0.000005
-0.000022
-0.000062
0.000030
-0.000001
0.000028
-0.000007
-0.000015
0.000020
0.000012
0.000017
0.000005
0.000003
-0.000002
0.000043
0.000046
0.000010
-0.000048
0.000009
-0.000022
0.000017
-0.000009
-0.000004
-0.000013
-0.000024
0.000011
0.000035
0.000002
-0.000008
0.000039
0.000007
0.000029
0.000019
-0.000007
-0.000022
0.000013
0.000011
-0.000014
-0.000044
-0.000038
0.000005
-0.000056
-0.000018
0.000012
-0.000049
0.000010
-0.000065
-0.000033
-0.000005
0.000033
-0.000027
-0.000004
-0.000008
-0.000016
0.000005
0.000000
-0.000008
0.000043
0.000022
0.000019
0.000037
0.000025
-0.000018
-0.000002
-0.000049
0.000001
0.000015
-0.000012
0.000006
-0.000036
0.000029
0.000036
0.000011
-0.000042
0.000010
-0.000003
-0.000016
0.000035
0.000061
-0.000015
0.000043
0.000013
-0.000061
0.000009
0.000006
-0.000005
-0.000016
-0.000051
0.000007
0.000030
0.000020
-0.000038
0.000062
0.000038
0.000005
-0.000022
-0.000047
0.000009
-0.000005
-0.000031
0.000023
0.000021
0.000038
-0.000034
-0.000015
0.000025
-0.000027
0.000001
-0.000005
0.000027
0.000012
0.000062
0.000045
-0.000025
-0.000012
0.000022
-0.000053
-0.000025
-0.000016
-0.000032
0.000007
0.000015
0.000021
0.000059
-0.000030
-0.000006
-0.000052
0.000000
-0.000074
-0.000013
-0.000028
-0.000079
-0.000022
0.000004
-0.000006
-0.000065
0.000038
-0.000008
0.000016
0.000047
-0.000032
-0.000003
0.000014
0.000026
0.000007
0.000004
-0.000010
0.000017
0.000029
0.000014
0.000021
-0.000028
-0.000024
0.000056
0.000035
0.000038
-0.000023
0.000007
-0.000025
0.000025
0.000012
0.000010
0.000022
-0.000001
0.000040
0.000026
0.000017
0.000023
0.000021
0.000038
-0.000005
-0.000008
0.000037
-0.000026
-0.000029
-0.000029
-0.000002
-0.000017
-0.000008
-0.000024
0.000040
0.000004
-0.000089
0.000002
0.000019
0.000016
-0.000003
-0.000059
0.000038
0.000018
0.000041
-0.000005
0.000029
-0.000026
-0.000005
-0.000022
0.000026
0.000019
-0.000002
0.000024
0.000026
-0.000028
0.000034
0.000004
-0.000034
0.000021
-0.000040
-0.000021
0.000003
0.000031
0.000023
0.000026
0.000040
0.000004
-0.000022
0.000035
-0.000001
0.000004
-0.000017
0.000004
-0.000021
0.000038
-0.000044
-0.000008
0.000018
-0.000040
0.000017
-0.000012
0.000012
-0.000009
-0.000012
-0.000029
-0.000007
-0.000002
0.000017
0.000053
0.000023
-0.000065
-0.000016
0.000004
0.000023
-0.000008
-0.000035
-0.000027
0.000060
-0.000006
0.000002
-0.000028
-0.000014
0.000048
0.000029
0.000005
0.000050
-0.000041
-0.000042
0.000043
0.000020
-0.000037
0.000023
0.000019
-0.000005
-0.000007
-0.000017
0.000040
-0.000045
0.000020
-0.000009
0.000037
0.000042
-0.000045
-0.000004
0.000019
0.000015
0.000019
0.000073
-0.000058
-0.000028
-0.000007
-0.000018
0.000042
-0.000009
0.000013
-0.000001
0.000001
0.000026
0.000001
0.000028
-0.000004
0.000065
0.000044
-0.000020
0.000006
0.000027
0.000022
0.000013
0.000018
0.000024
0.000084
0.000018
-0.000018
-0.000037
0.000032
0.000022
0.000007
0.000080
-0.000046
0.000028
-0.000006
0.000013
-0.000012
-0.000057
0.000009
-0.000025
-0.000012
-0.000008
0.000031
0.000009
0.000007
-0.000005
0.000009
-0.000019
-0.000011
0.000001
-0.000023
-0.000025
-0.000051
-0.000043
-0.000011
-0.000054
0.000025
0.000009
-0.000014
0.000038
-0.000004
0.000028
0.000010
-0.000008
-0.000020
-0.000013
-0.000031
-0.000052
0.000006
-0.000028
-0.000029
-0.000001
0.000005
-0.000050
-0.000015
-0.000044
0.000011
-0.000010
-0.000074
0.000004
0.000024
-0.000019
0.000005
-0.000001
-0.000005
-0.000041
-0.000031
0.000043
-0.000007
0.000019
0.000025
-0.000039
-0.000002
-0.000010
-0.000016
-0.000028
0.000015
0.000008
0.000014
-0.000018
-0.000013
0.000039
0.000062
0.000025
-0.000018
0.000017
0.000010
0.000014
-0.000032
-0.000052
0.000002
-0.000000
0.000008
0.000027
0.000015
0.000023
-0.000007
-0.000002
0.000050
-0.000009
0.000015
0.000035
0.000043
0.000035
0.000033
0.000005
0.000013
0.000006
0.000032
-0.000023
0.000004
0.000015
0.000033
0.000021
-0.000077
0.000059
0.000033
0.000031
-0.000017
-0.000011
0.000028
-0.000095
0.000012
-0.000002
-0.000040
-0.000024
-0.000019
0.000011
-0.000011
-0.000025
-0.000016
0.000007
0.000059
-0.000009
0.000014
0.000053
-0.000018
-0.000007
-0.000023
0.000024
0.000026
-0.000033
0.000012
-0.000006
0.000004
0.000022
-0.000044
0.000029
-0.000016
-0.000025
-0.000019
0.000020
-0.000031
-0.000041
0.000008
-0.000058
0.000049
0.000018
0.000013
-0.000008
-0.000024
-0.000005
0.000028
0.000036
0.000007
0.000023
-0.000002
-0.000049
-0.000023
-0.000048
0.000018
-0.000003
-0.000048
-0.000006
-0.000066
0.000037
0.000023
-0.000001
-0.000004
0.000004
0.000015
-0.000007
0.000017
0.000002
0.000012
0.000003
-0.000011
0.000005
0.000005
0.000041
-0.000010
-0.000046
-0.000001
-0.000022
-0.000004
-0.000034
0.000002
0.000009
-0.000015
0.000023
0.000018
0.000019
-0.000035
0.000032
0.000022
0.000018
-0.000016
0.000025
-0.000020
0.000021
-0.000043
0.000065
0.000033
0.000013
0.000033
0.000043
-0.000004
-0.000021
-0.000019
-0.000091
-0.000019
-0.000044
0.000006
0.000025
0.000065
0.000005
-0.000021
0.000011
-0.000003
0.000076
-0.000015
0.000059
-0.000035
-0.000011
-0.000027
-0.000033
0.000003
0.000004
0.000031
-0.000045
-0.000030
-0.000044
0.000066
0.000024
0.000007
0.000001
-0.000029
0.000036
-0.000018
-0.000030
0.000009
0.000014
0.000013
-0.000006
0.000001
0.000011
-0.000018
0.000000
-0.000000
-0.000026
-0.000017
-0.000007
0.000045
0.000004
-0.000029
-0.000013
0.000027
0.000001
-0.000005
0.000004
-0.000015
0.000027
0.000011
-0.000054
-0.000000
0.000007
0.000004
-0.000005
-0.000042
-0.000013
0.000042
-0.000016
-0.000016
-0.000066
-0.000010
-0.000027
0.000023
-0.000027
0.000055
-0.000023
0.000016
0.000008
-0.000058
-0.000024
0.000054
0.000054
0.000002
-0.000049
-0.000031
0.000006
-0.000039
0.000012
0.000003
0.000057
0.000032
0.000007
0.000016
-0.000021
0.000008
-0.000003
-0.000004
-0.000003
0.000019
-0.000032
-0.000060
0.000025
0.000009
-0.000016
-0.000019
0.000008
-0.000006
-0.000021
-0.000023
-0.000005
-0.000039
-0.000006
-0.000016
-0.000036
0.000026
0.000018
-0.000024
0.000033
0.000005
-0.000030
-0.000009
-0.000048
-0.000021
0.000006
0.000005
-0.000035
0.000002
0.000055
-0.000023
0.000028
0.000004
-0.000020
-0.000021
0.000007
-0.000006
-0.000032
0.000068
0.000004
0.000002
-0.000017
-0.000013
0.000050
-0.000029
-0.000031
0.000002
0.000010
-0.000017
-0.000005
0.000008
0.000035
-0.000038
-0.000018
0.000013
0.000036
-0.000047
0.000028
0.000005
0.000003
0.000046
0.000102
0.000014
0.000038
0.000002
0.000017
-0.000025
0.000012
-0.000014
0.000045
-0.000033
-0.000028
0.000011
0.000016
-0.000030
-0.000024
0.000012
-0.000044
0.000038
-0.000001
0.000011
-0.000050
0.000026
0.000044
0.000022
0.000045
-0.000028
0.000023
0.000047
0.000027
-0.000001
-0.000004
-0.000027
-0.000000
-0.000005
-0.000022
-0.000016
0.000022
-0.000004
-0.000010
0.000028
-0.000022
-0.000017
-0.000021
-0.000025
0.000048
0.000002
-0.000019
0.000014
0.000015
0.000012
0.000003
-0.000010
-0.000020
0.000029
0.000022
-0.000027
-0.000033
-0.000034
-0.000009
-0.000051
0.000001
-0.000011
0.000014
0.000005
-0.000021
0.000016
0.000013
-0.000040
0.000002
-0.000005
0.000011
-0.000006
-0.000030
0.000012
0.000055
-0.000011
-0.000005
0.000000
-0.000014
-0.000025
-0.000010
0.000017
-0.000028
-0.000007
-0.000033
0.000014
0.000033
-0.000025
0.000021
-0.000004
-0.000001
0.000023
0.000011
0.000022
-0.000015
-0.000023
-0.000062
-0.000046
0.000004
-0.000040
0.000003
0.000031
0.000013
-0.000031
-0.000006
0.000041
-0.000030
0.000022
0.000027
-0.000028
0.000033
-0.000006
-0.000043
0.000008
-0.000033
-0.000006
-0.000017
0.000007
-0.000013
0.000028
0.000007
-0.000035
0.000018
0.000019
0.000048
0.000018
-0.000022
0.000038
0.000035
-0.000010
0.000012
-0.000008
-0.000035
0.000011
0.000002
-0.000015
0.000021
-0.000026
-0.000041
-0.000006
-0.000046
0.000026
-0.000049
-0.000010
0.000004
0.000000
0.000003
-0.000039
0.000033
-0.000006
0.000016
0.000011
-0.000023
-0.000029
-0.000002
-0.000012
-0.000023
0.000024
0.000014
-0.000026
-0.000026
-0.000021
0.000039
-0.000047
0.000052
0.000029
-0.000003
-0.000024
-0.000022
0.000036
-0.000029
-0.000074
0.000010
0.000019
0.000018
-0.000005
0.000026
-0.000025
0.000013
0.000040
0.000004
0.000028
-0.000062
0.000017
0.000006
-0.000035
-0.000030
0.000065
0.000048
0.000006
0.000043
0.000004
-0.000010
0.000016
0.000040
-0.000018
-0.000037
0.000026
-0.000023
-0.000003
0.000044
0.000013
0.000024
-0.000020
-0.000032
-0.000060
-0.000026
0.000002
0.000012
-0.000025
0.000022
0.000030
-0.000043
0.000013
0.000014
0.000012
-0.000017
-0.000011
0.000006
-0.000040
0.000043
0.000050
0.000002
0.000042
0.000022
0.000031
-0.000047
-0.000010
-0.000026
0.000023
0.000048
0.000000
-0.000028
0.000011
-0.000022
0.000009
0.000034
-0.000010
0.000009
0.000043
0.000080
-0.000008
-0.000002
-0.000015
0.000032
0.000045
0.000021
-0.000025
-0.000009
0.000016
-0.000013
0.000058
0.000080
-0.000017
0.000030
0.000015
0.000016
0.000015
-0.000001
0.000007
-0.000023
0.000050
-0.000036
0.000013
0.000075
-0.000012
0.000024
-0.000030
-0.000034
0.000025
0.000009
-0.000011
0.000001
-0.000036
0.000038
0.000066
0.000015
0.000020
-0.000005
0.000029
0.000024
-0.000028
-0.000032
-0.000039
0.000001
0.000053
0.000040
-0.000036
0.000041
-0.000024
-0.000046
0.000011
-0.000002
-0.000042
-0.000008
0.000025
0.000007
-0.000007
-0.000013
0.000006
-0.000019
-0.000014
0.000000
0.000023
0.000023
-0.000023
-0.000002
0.000000
-0.000058
-0.000010
0.000004
-0.000018
0.000020
-0.000010
0.000033
-0.000024
-0.000018
0.000038
-0.000012
-0.000033
-0.000028
-0.000000
-0.000002
0.000042
-0.000060
-0.000006
0.000012
0.000031
-0.000064
0.000016
-0.000031
0.000008
0.000061
0.000008
-0.000011
-0.000026
-0.000022
0.000019
0.000069
0.000006
0.000022
-0.000023
-0.000022
-0.000035
-0.000032
0.000015
-0.000016
-0.000002
0.000005
0.000060
-0.000049
-0.000010
0.000037
0.000017
0.000037
0.000021
-0.000016
0.000043
0.000017
-0.000053
-0.000041
0.000020
-0.000011
0.000012
0.000009
0.000013
-0.000021
-0.000034
-0.000058
0.000005
-0.000031
0.000010
0.000055
-0.000034
-0.000020
0.000006
-0.000006
-0.000075
-0.000043
0.000018
0.000029
0.000027
-0.000022
0.000059
-0.000017
0.000016
-0.000005
-0.000000
-0.000016
0.000013
-0.000081
-0.000003
0.000017
-0.000043
-0.000008
0.000003
-0.000012
-0.000040
0.000061
-0.000025
0.000019
-0.000009
0.000018
-0.000059
-0.000000
0.000035
-0.000042
0.000011
0.000007
-0.000009
0.000004
0.000021
0.000018
-0.000056
-0.000019
-0.000010
0.000007
-0.000034
-0.000007
-0.000011
0.000085
0.000031
-0.000012
-0.000017
-0.000047
0.000034
0.000008
-0.000013
0.000014
0.000046
0.000025
-0.000009
0.000051
0.000002
-0.000012
-0.000008
0.000013
0.000002
0.000004
0.000003
0.000001
0.000010
-0.000034
-0.000001
-0.000018
0.000016
0.000012
-0.000027
0.000016
0.000022
0.000044
0.000002
-0.000057
-0.000037
0.000008
-0.000004
0.000026
-0.000005
-0.000035
-0.000016
0.000057
-0.000010
-0.000060
0.000008
0.000005
0.000034
0.000072
0.000025
0.000066
-0.000009
-0.000014
-0.000001
-0.000049
0.000016
0.000040
-0.000055
0.000026
0.000029
-0.000008
-0.000003
-0.000019
0.000006
-0.000006
-0.000018
0.000014
-0.000015
-0.000007
0.000027
-0.000029
0.000007
-0.000051
0.000011
-0.000027
0.000017
0.000014
-0.000019
-0.000010
0.000034
-0.000017
-0.000016
0.000027
0.000010
-0.000009
0.000029
0.000022
0.000002
0.000011
0.000048
0.000018
0.000000
0.000061
-0.000016
-0.000028
-0.000045
-0.000038
0.000038
0.000017
0.000017
0.000018
-0.000046
0.000046
-0.000011
-0.000006
0.000032
-0.000009
0.000032
-0.000027
0.000021
0.000026
0.000021
-0.000001
0.000018
-0.000044
-0.000006
0.000004
-0.000064
0.000013
-0.000014
0.000003
-0.000017
0.000002
0.000000
0.000047
-0.000002
-0.000042
0.000022
-0.000024
0.000015
-0.000009
-0.000010
-0.000009
0.000043
0.000074
0.000032
-0.000027
-0.000003
-0.000026
-0.000027
-0.000003
0.000014
0.000023
-0.000057
0.000009
0.000005
-0.000012
0.000030
0.000005
-0.000025
-0.000007
0.000010
-0.000007
-0.000026
-0.000047
-0.000036
-0.000034
0.000018
0.000010
0.000053
-0.000024
-0.000016
0.000042
0.000015
0.000002
-0.000001
-0.000021
-0.000037
-0.000005
-0.000058
-0.000026
0.000024
-0.000012
-0.000027
0.000028
0.000047
-0.000048
-0.000019
-0.000039
0.000090
0.000014
-0.000024
0.000050
0.000035
-0.000057
0.000065
-0.000028
-0.000014
-0.000013
0.000044
-0.000001
-0.000025
0.000059
0.000011
0.000036
-0.000024
-0.000033
-0.000006
0.000038
0.000002
-0.000041
0.000005
-0.000014
0.000012
-0.000005
-0.000004
-0.000012
-0.000021
-0.000006
0.000057
-0.000006
-0.000006
-0.000008
-0.000016
0.000024
0.000016
-0.000025
0.000016
-0.000021
-0.000042
-0.000022
0.000024
-0.000005
-0.000031
0.000019
-0.000016
0.000041
0.000010
-0.000045
-0.000031
0.000007
0.000020
-0.000034
0.000065
-0.000019
-0.000029
0.000060
0.000007
-0.000017
0.000031
0.000025
-0.000045
-0.000024
-0.000041
-0.000018
-0.000015
-0.000011
-0.000012
-0.000015
0.000007
0.000000
-0.000024
-0.000036
0.000048
0.000003
0.000012
-0.000066
-0.000011
-0.000025
-0.000025
0.000045
-0.000047
-0.000037
0.000024
0.000015
-0.000036
0.000012
-0.000004
0.000001
-0.000009
-0.000031
0.000010
-0.000003
0.000042
-0.000039
-0.000026
-0.000026
-0.000003
-0.000008
0.000014
-0.000035
-0.000029
-0.000004
0.000013
-0.000043
-0.000074
0.000026
0.000034
0.000009
0.000032
0.000018
0.000002
0.000014
0.000045
0.000013
-0.000040
0.000036
0.000040
0.000024
0.000016
0.000010
-0.000021
-0.000033
-0.000003
0.000011
0.000041
0.000049
0.000072
-0.000018
-0.000003
0.000008
-0.000009
-0.000006
-0.000017
0.000011
-0.000009
-0.000004
-0.000021
-0.000013
-0.000018
0.000049
-0.000008
-0.000007
0.000015
0.000030
0.000048
0.000013
0.000009
0.000016
0.000006
0.000005
-0.000028
0.000025
0.000022
0.000014
-0.000029
0.000030
0.000035
-0.000044
-0.000036
0.000009
-0.000038
0.000020
0.000011
0.000008
-0.000035
-0.000001
-0.000042
0.000005
0.000013
-0.000003
0.000007
0.000020
-0.000010
0.000018
0.000010
-0.000012
-0.000001
-0.000004
-0.000017
-0.000004
0.000005
-0.000009
-0.000019
0.000013
0.000026
0.000011
0.000016
-0.000044
0.000013
-0.000010
0.000006
-0.000003
-0.000022
-0.000040
0.000002
0.000057
0.000009
0.000035
-0.000036
0.000077
0.000005
0.000009
0.000010
-0.000038
-0.000012
-0.000006
-0.000002
0.000100
0.000000
-0.000024
-0.000013
0.000011
0.000021
-0.000003
0.000015
0.000034
0.000038
0.000034
-0.000058
0.000008
0.000032
0.000031
0.000018
0.000011
-0.000014
0.000006
0.000058
-0.000018
0.000006
-0.000026
0.000022
0.000000
0.000023
-0.000034
-0.000001
0.000008
-0.000007
-0.000000
0.000013
0.000003
-0.000023
-0.000014
0.000012
0.000001
0.000019
-0.000043
0.000011
-0.000016
-0.000015
0.000004
0.000002
0.000036
-0.000015
-0.000012
-0.000056
-0.000038
0.000046
0.000022
-0.000018
0.000009
0.000032
-0.000005
-0.000014
-0.000005
-0.000005
0.000007
0.000018
-0.000003
-0.000004
0.000029
0.000028
-0.000003
-0.000044
0.000020
0.000046
0.000003
-0.000043
-0.000004
0.000021
0.000012
-0.000068
0.000003
0.000039
-0.000011
0.000013
0.000022
-0.000056
-0.000057
-0.000021
0.000002
0.000010
-0.000006
0.000014
0.000030
-0.000006
0.000045
-0.000019
0.000052
0.000038
-0.000010
0.000017
0.000060
0.000047
-0.000079
-0.000011
0.000023
-0.000006
-0.000023
-0.000019
0.000025
-0.000018
-0.000038
0.000002
-0.000024
-0.000031
-0.000000
-0.000050
-0.000006
-0.000035
0.000011
-0.000014
-0.000024
0.000045
0.000003
-0.000015
-0.000070
-0.000006
0.000017
0.000025
-0.000006
-0.000001
-0.000005
-0.000023
-0.000018
-0.000005
0.000012
0.000020
-0.000021
-0.000011
-0.000023
0.000022
-0.000011
0.000004
0.000030
-0.000067
0.000016
-0.000024
-0.000033
0.000013
0.000009
0.000041
0.000008
-0.000029
-0.000047
0.000020
-0.000036
-0.000025
0.000024
0.000033
0.000028
-0.000045
-0.000013
-0.000026
-0.000012
-0.000021
0.000008
-0.000020
-0.000003
0.000020
-0.000034
-0.000019
0.000016
-0.000011
0.000003
0.000003
-0.000005
-0.000061
-0.000010
0.000016
-0.000022
-0.000012
-0.000018
0.000022
0.000052
-0.000053
0.000028
0.000012
0.000002
0.000005
-0.000002
-0.000008
0.000020
0.000016
-0.000039
0.000034
-0.000014
-0.000000
-0.000018
-0.000024
-0.000018
-0.000067
-0.000007
0.000038
-0.000039
-0.000031
0.000033
0.000054
-0.000017
-0.000001
-0.000033
0.000002
-0.000000
-0.000032
0.000048
0.000038
-0.000028
-0.000012
0.000065
-0.000004
0.000007
-0.000024
-0.000041
-0.000010
0.000034
-0.000002
-0.000018
-0.000007
-0.000007
-0.000030
-0.000016
-0.000016
-0.000001
0.000013
-0.000009
-0.000007
0.000011
0.000002
-0.000014
0.000006
-0.000025
0.000014
0.000018
-0.000010
0.000009
-0.000017
0.000001
-0.000016
0.000025
0.000032
0.000001
-0.000034
-0.000050
-0.000024
0.000038
0.000005
0.000001
0.000004
0.000015
0.000015
0.000025
-0.000020
-0.000022
0.000040
-0.000010
0.000081
-0.000023
0.000048
-0.000005
0.000004
-0.000003
-0.000049
-0.000040
-0.000061
0.000067
-0.000049
-0.000055
0.000030
0.000017
0.000002
-0.000049
0.000018
0.000015
-0.000001
0.000016
0.000019
-0.000007
0.000009
0.000028
0.000017
-0.000050
-0.000004
0.000014
0.000008
0.000036
-0.000002
0.000005
0.000001
-0.000021
-0.000037
0.000014
-0.000009
0.000013
-0.000011
-0.000010
0.000009
0.000039
0.000012
0.000012
-0.000019
0.000001
0.000018
-0.000009
-0.000081
0.000018
0.000006
0.000041
-0.000030
-0.000032
0.000025
-0.000046
0.000008
0.000036
-0.000027
-0.000014
-0.000034
-0.000005
-0.000003
0.000002
-0.000050
0.000021
0.000003
-0.000018
0.000030
0.000024
0.000013
0.000012
0.000019
-0.000046
-0.000001
-0.000033
0.000008
0.000014
-0.000017
0.000031
0.000008
-0.000021
-0.000008
0.000035
-0.000020
0.000017
0.000021
-0.000002
-0.000021
-0.000025
0.000029
0.000027
0.000001
-0.000025
-0.000029
0.000055
0.000019
-0.000016
0.000013
-0.000016
0.000044
-0.000057
-0.000012
0.000083
0.000015
0.000012
-0.000027
-0.000003
-0.000001
0.000003
0.000009
0.000026
-0.000020
-0.000092
-0.000037
-0.000018
-0.000063
-0.000028
-0.000017
0.000025
-0.000036
-0.000031
0.000063
0.000028
-0.000001
-0.000035
0.000002
-0.000038
-0.000038
0.000016
0.000030
-0.000017
-0.000073
-0.000006
-0.000037
0.000027
-0.000031
-0.000004
0.000034
-0.000045
0.000033
0.000049
0.000005
0.000032
0.000001
0.000060
-0.000006
-0.000002
0.000004
-0.000022
0.000010
0.000029
-0.000013
-0.000018
0.000040
0.000022
-0.000036
0.000000
0.000018
0.000051
0.000014
-0.000005
0.000029
-0.000013
0.000007
-0.000015
-0.000005
0.000007
0.000026
0.000018
0.000064
-0.000027
0.000015
-0.000026
-0.000047
-0.000000
-0.000012
-0.000044
-0.000020
-0.000021
0.000001
-0.000009
0.000013
0.000023
-0.000018
-0.000044
0.000053
-0.000012
0.000007
0.000043
0.000005
0.000004
-0.000022
-0.000034
0.000016
0.000051
-0.000017
0.000052
0.000008
-0.000005
-0.000001
0.000022
0.000010
-0.000001
-0.000017
0.000044
0.000023
-0.000006
0.000025
0.000036
0.000058
-0.000002
-0.000003
-0.000044
-0.000028
0.000024
-0.000006
-0.000027
-0.000037
-0.000018
-0.000018
-0.000026
-0.000040
-0.000015
0.000009
-0.000016
0.000010
-0.000018
-0.000029
-0.000027
0.000022
0.000017
-0.000039
-0.000025
-0.000026
-0.000032
0.000037
-0.000061
0.000017
-0.000038
-0.000000
-0.000008
-0.000019
-0.000026
-0.000033
0.000056
0.000006
-0.000031
-0.000004
-0.000019
-0.000001
0.000004
0.000015
0.000014
0.000016
-0.000090
-0.000035
-0.000012
0.000013
0.000028
0.000001
-0.000030
-0.000025
-0.000042
-0.000048
0.000014
0.000027
0.000000
0.000024
0.000021
-0.000006
0.000018
0.000037
0.000015
-0.000019
0.000006
0.000007
0.000042
0.000003
0.000022
-0.000009
-0.000044
0.000032
-0.000015
-0.000027
-0.000009
-0.000024
-0.000048
-0.000011
-0.000015
-0.000078
-0.000010
0.000025
-0.000043
0.000015
0.000029
-0.000003
0.000011
-0.000012
0.000012
-0.000046
-0.000011
0.000045
0.000013
0.000017
0.000013
-0.000031
0.000030
0.000017
-0.000046
-0.000003
-0.000050
0.000024
0.000031
-0.000018
-0.000008
-0.000020
-0.000014
0.000002
-0.000010
0.000014
-0.000018
-0.000020
0.000012
0.000048
0.000003
0.000046
0.000003
-0.000026
-0.000017
0.000023
-0.000030
0.000025
-0.000012
0.000065
0.000028
-0.000004
0.000049
-0.000031
-0.000008
-0.000005
-0.000011
0.000040
0.000004
-0.000000
0.000034
-0.000045
0.000014
0.000006
0.000007
-0.000025
-0.000033
-0.000004
0.000022
0.000005
0.000015
-0.000030
0.000056
-0.000013
0.000002
0.000035
0.000034
-0.000040
-0.000034
0.000018
0.000002
0.000003
-0.000030
0.000020
0.000041
-0.000016
-0.000034
-0.000033
-0.000003
-0.000014
0.000019
0.000015
0.000007
-0.000013
-0.000002
0.000002
-0.000067
0.000044
-0.000008
0.000012
-0.000036
-0.000016
-0.000002
0.000040
0.000008
0.000029
0.000054
-0.000019
0.000018
0.000031
-0.000012
0.000009
-0.000063
0.000003
-0.000019
-0.000039
0.000012
-0.000014
-0.000007
0.000011
0.000014
-0.000020
-0.000009
-0.000036
-0.000012
-0.000004
0.000069
-0.000035
0.000013
0.000066
0.000021
0.000018
-0.000003
0.000007
-0.000015
0.000032
0.000042
0.000021
0.000050
0.000008
0.000017
-0.000022
-0.000042
-0.000005
0.000024
-0.000015
-0.000029
0.000029
-0.000025
-0.000000
-0.000037
0.000025
0.000021
-0.000024
0.000027
-0.000024
-0.000011
0.000000
-0.000002
0.000047
0.000002
0.000013
0.000038
-0.000006
-0.000054
0.000016
-0.000031
-0.000014
0.000007
-0.000059
-0.000026
-0.000037
0.000010
0.000010
0.000044
0.000014
-0.000009
0.000002
0.000004
0.000043
0.000023
0.000005
0.000026
0.000035
0.000039
-0.000008
-0.000013
-0.000005
-0.000033
-0.000007
0.000039
-0.000065
-0.000029
-0.000042
-0.000046
-0.000024
-0.000000
0.000046
-0.000048
0.000022
0.000003
-0.000047
0.000005
-0.000055
-0.000054
0.000048
-0.000038
0.000032
0.000015
-0.000025
-0.000001
0.000048
-0.000008
0.000008
-0.000007
0.000048
0.000000
-0.000007
-0.000022
0.000018
-0.000073
0.000003
-0.000011
-0.000004
-0.000051
-0.000021
-0.000007
-0.000053
-0.000070
-0.000020
-0.000018
0.000003
-0.000022
-0.000016
-0.000031
0.000039
0.000020
0.000045
-0.000012
0.000073
-0.000006
-0.000009
0.000016
-0.000003
-0.000028
-0.000007
0.000009
-0.000012
-0.000064
0.000018
0.000013
0.000008
0.000001
0.000000
-0.000053
-0.000038
-0.000011
-0.000015
0.000055
0.000017
0.000039
0.000013
-0.000016
-0.000025
-0.000055
-0.000003
-0.000016
-0.000014
-0.000034
0.000050
-0.000029
-0.000023
0.000047
0.000013
0.000009
0.000025
0.000005
-0.000029
-0.000022
0.000036
-0.000048
0.000043
-0.000013
-0.000045
0.000006
0.000005
0.000064
-0.000006
0.000034
0.000012
0.000008
0.000019
-0.000029
-0.000079
0.000035
0.000026
-0.000006
0.000002
-0.000020
-0.000013
0.000021
-0.000010
-0.000030
0.000024
-0.000008
-0.000015
-0.000013
-0.000022
0.000010
-0.000009
-0.000018
0.000006
-0.000023
0.000059
-0.000002
-0.000011
0.000009
-0.000013
-0.000003
0.000015
-0.000007
-0.000027
-0.000006
-0.000063
0.000043
-0.000020
0.000053
-0.000012
-0.000041
0.000004
0.000003
0.000000
-0.000062
0.000050
-0.000029
-0.000040
-0.000009
-0.000004
0.000035
-0.000058
0.000020
-0.000005
0.000014
0.000050
0.000009
-0.000018
0.000048
0.000013
-0.000032
-0.000013
-0.000029
-0.000025
0.000016
-0.000043
0.000014
-0.000002
0.000022
-0.000013
0.000015
0.000001
0.000028
-0.000034
-0.000005
-0.000011
-0.000003
-0.000008
-0.000040
0.000022
-0.000003
0.000042
-0.000063
0.000017
0.000005
0.000028
-0.000018
-0.000052
-0.000018
-0.000053
-0.000028
0.000042
0.000052
-0.000036
-0.000005
-0.000035
-0.000020
-0.000022
0.000040
-0.000012
0.000030
-0.000002
0.000053
0.000004
0.000040
-0.000041
-0.000048
0.000038
0.000005
0.000039
0.000053
0.000010
0.000013
-0.000046
-0.000008
0.000006
0.000029
-0.000041
-0.000060
0.000005
0.000020
0.000011
-0.000014
-0.000063
-0.000030
0.000064
-0.000004
-0.000047
0.000027
-0.000009
-0.000013
0.000010
0.000015
0.000041
0.000002
0.000012
-0.000028
0.000046
0.000011
0.000002
0.000018
0.000035
-0.000047
-0.000015
0.000017
-0.000001
-0.000003
-0.000012
-0.000002
-0.000040
0.000008
0.000035
-0.000071
-0.000016
-0.000049
-0.000029
-0.000004
-0.000024
-0.000038
-0.000010
-0.000017
0.000027
-0.000002
-0.000001
-0.000074
-0.000010
0.000028
-0.000018
0.000039
-0.000022
0.000027
0.000031
-0.000004
-0.000023
0.000026
-0.000004
-0.000044
-0.000011
0.000034
0.000002
0.000001
0.000008
-0.000037
-0.000067
-0.000043
0.000014
0.000036
0.000020
-0.000018
-0.000006
0.000026
-0.000019
0.000017
-0.000025
-0.000008
-0.000003
0.000003
0.000023
-0.000056
-0.000001
-0.000005
0.000023
0.000011
0.000015
-0.000005
0.000024
0.000009
-0.000030
-0.000046
-0.000019
0.000003
-0.000047
0.000004
-0.000012
0.000054
0.000026
0.000009
-0.000034
-0.000072
-0.000004
0.000008
0.000017
-0.000021
0.000006
-0.000034
0.000006
-0.000021
0.000007
0.000011
-0.000011
0.000009
-0.000017
-0.000042
0.000028
0.000007
-0.000033
-0.000001
0.000006
0.000032
0.000066
0.000001
0.000035
-0.000015
-0.000013
-0.000013
0.000060
0.000025
0.000014
0.000026
-0.000035
0.000023
0.000019
-0.000006
0.000003
-0.000020
-0.000039
0.000043
-0.000035
0.000021
0.000036
0.000014
-0.000037
0.000043
0.000002
-0.000053
-0.000024
-0.000001
-0.000028
0.000017
0.000005
-0.000066
-0.000028
0.000031
-0.000038
0.000044
-0.000017
-0.000014
0.000018
-0.000016
-0.000020
-0.000022
-0.000041
0.000007
-0.000026
0.000033
0.000024
-0.000019
0.000023
0.000048
-0.000013
-0.000042
-0.000012
0.000003
0.000030
-0.000012
-0.000019
0.000024
-0.000029
0.000005
0.000024
-0.000048
-0.000023
-0.000023
0.000011
0.000046
-0.000014
0.000002
0.000003
-0.000012
-0.000008
0.000027
0.000012
-0.000001
0.000012
-0.000012
-0.000016
-0.000028
0.000018
-0.000011
0.000043
0.000006
-0.000032
0.000041
-0.000062
-0.000009
-0.000015
-0.000054
0.000028
0.000036
-0.000041
-0.000008
-0.000020
-0.000004
-0.000020
0.000008
0.000040
0.000019
-0.000012
-0.000033
0.000000
0.000025
0.000011
0.000022
0.000008
0.000016
0.000022
0.000032
-0.000019
0.000042
-0.000026
0.000066
0.000028
0.000048
-0.000032
-0.000041
0.000039
-0.000069
-0.000031
0.000031
-0.000035
0.000000
0.000019
0.000015
0.000025
0.000036
-0.000032
0.000007
-0.000033
0.000010
-0.000028
0.000010
0.000020
0.000014
0.000026
0.000003
0.000034
-0.000014
-0.000037
0.000012
-0.000029
-0.000025
0.000017
-0.000012
-0.000019
0.000065
-0.000019
-0.000004
0.000021
0.000004
-0.000027
-0.000000
0.000004
-0.000035
0.000022
-0.000030
-0.000006
0.000014
0.000031
0.000039
-0.000036
-0.000010
0.000037
-0.000037
-0.000006
-0.000039
-0.000003
-0.000028
0.000025
0.000046
-0.000056
0.000039
0.000026
-0.000051
-0.000005
0.000018
0.000052
-0.000043
-0.000029
-0.000003
0.000004
-0.000022
-0.000019
0.000011
0.000023
-0.000003
0.000048
0.000023
-0.000026
-0.000007
0.000010
0.000043
0.000013
-0.000061
-0.000009
0.000006
-0.000025
-0.000033
0.000012
-0.000021
0.000001
0.000026
-0.000032
0.000001
0.000045
0.000052
0.000003
-0.000034
-0.000057
0.000026
-0.000035
-0.000000
-0.000045
0.000051
-0.000018
0.000005
0.000024
0.000058
-0.000021
0.000008
-0.000026
0.000051
0.000048
-0.000001
0.000031
0.000013
0.000008
-0.000025
-0.000011
0.000037
-0.000002
0.000028
-0.000009
-0.000023
0.000029
0.000010
-0.000002
-0.000013
-0.000019
-0.000036
0.000049
0.000019
-0.000026
0.000056
0.000007
-0.000010
0.000011
-0.000004
-0.000015
-0.000030
-0.000022
0.000040
0.000041
-0.000019
0.000019
0.000037
-0.000043
0.000014
-0.000065
-0.000043
0.000043
0.000030
-0.000092
-0.000005
-0.000003
-0.000094
-0.000026
0.000008
0.000017
0.000005
-0.000001
0.000024
0.000011
0.000004
-0.000081
-0.000007
0.000032
0.000036
0.000009
-0.000007
-0.000062
0.000007
0.000003
-0.000003
-0.000030
0.000006
-0.000009
-0.000002
0.000015
0.000039
0.000041
0.000027
-0.000005
-0.000000
0.000017
0.000049
-0.000025
-0.000034
0.000009
-0.000004
-0.000011
0.000061
0.000001
0.000007
-0.000007
-0.000038
-0.000004
0.000017
0.000007
0.000024
-0.000010
0.000011
0.000011
-0.000006
-0.000030
0.000008
0.000022
0.000020
0.000027
-0.000012
0.000006
0.000025
0.000003
-0.000017
-0.000036
-0.000013
-0.000012
-0.000005
-0.000017
-0.000020
0.000032
-0.000038
-0.000070
0.000042
0.000027
-0.000067
0.000018
0.000017
0.000017
-0.000002
-0.000041
0.000051
0.000013
0.000008
-0.000027
-0.000002
0.000051
0.000019
0.000014
-0.000013
-0.000003
0.000000
-0.000010
-0.000034
0.000002
0.000008
-0.000044
0.000031
-0.000049
0.000029
0.000083
0.000004
-0.000018
0.000015
-0.000029
-0.000034
-0.000034
-0.000026
-0.000045
-0.000017
-0.000000
-0.000003
-0.000033
-0.000027
-0.000011
0.000001
-0.000001
-0.000052
-0.000018
-0.000011
-0.000016
0.000017
0.000002
0.000021
0.000028
0.000033
-0.000052
-0.000007
0.000015
-0.000011
-0.000013
0.000031
-0.000033
-0.000020
0.000011
-0.000000
0.000017
0.000031
0.000045
-0.000007
-0.000012
0.000075
0.000024
0.000014
0.000013
-0.000010
0.000031
0.000003
-0.000020
0.000055
0.000011
-0.000030
0.000005
-0.000040
0.000018
0.000026
-0.000005
-0.000016
0.000032
-0.000064
-0.000031
0.000031
0.000025
-0.000022
0.000022
-0.000003
-0.000034
0.000009
-0.000027
-0.000016
-0.000009
0.000013
-0.000024
-0.000035
0.000013
0.000010
0.000002
-0.000007
-0.000021
-0.000047
-0.000001
0.000045
-0.000028
0.000055
0.000035
0.000013
0.000052
0.000033
0.000019
-0.000025
-0.000033
0.000027
-0.000000
0.000009
-0.000052
0.000029
-0.000028
0.000001
-0.000001
-0.000035
-0.000033
0.000010
0.000017
-0.000022
-0.000011
-0.000045
0.000010
0.000002
-0.000053
-0.000022
0.000034
-0.000035
-0.000044
0.000006
-0.000018
-0.000036
0.000001
-0.000004
0.000057
-0.000057
-0.000047
-0.000013
-0.000023
0.000046
0.000040
-0.000019
0.000012
0.000010
-0.000006
0.000010
-0.000040
0.000013
0.000029
0.000047
-0.000007
0.000021
0.000047
-0.000025
0.000011
-0.000018
-0.000017
0.000026
0.000013
-0.000025
-0.000045
0.000014
0.000008
-0.000006
0.000017
0.000044
-0.000006
-0.000040
-0.000026
0.000011
-0.000032
-0.000015
-0.000034
0.000001
-0.000019
0.000029
-0.000058
-0.000002
0.000035
-0.000001
-0.000054
0.000003
-0.000032
0.000023
0.000040
0.000019
0.000030
-0.000026
-0.000008
0.000013
0.000001
-0.000037
0.000004
-0.000016
0.000010
0.000013
0.000006
0.000025
-0.000016
-0.000026
-0.000011
-0.000045
-0.000018
0.000010
-0.000001
-0.000046
0.000005
0.000013
0.000060
-0.000030
-0.000068
-0.000006
-0.000007
0.000018
0.000010
-0.000033
0.000015
0.000013
-0.000008
0.000008
-0.000040
-0.000025
-0.000031
-0.000002
-0.000051
-0.000018
0.000020
-0.000023
0.000033
0.000055
-0.000039
-0.000041
-0.000003
0.000019
-0.000041
-0.000046
-0.000060
-0.000039
0.000026
-0.000001
0.000012
-0.000056
-0.000017
0.000005
-0.000028
-0.000040
-0.000055
-0.000016
0.000014
-0.000037
-0.000013
0.000002
-0.000030
-0.000045
-0.000015
0.000009
0.000004
-0.000017
-0.000045
-0.000059
0.000021
0.000039
-0.000062
-0.000012
0.000068
0.000018
0.000027
0.000032
-0.000028
-0.000028
-0.000036
-0.000006
0.000042
-0.000017
0.000029
-0.000035
-0.000005
-0.000031
0.000012
0.000035
0.000053
-0.000020
-0.000031
0.000027
-0.000033
-0.000000
-0.000005
0.000015
-0.000032
0.000057
-0.000022
0.000021
-0.000008
0.000005
-0.000016
-0.000011
-0.000041
0.000000
-0.000061
0.000012
0.000078
0.000028
-0.000019
-0.000002
0.000070
-0.000051
-0.000032
-0.000002
-0.000034
-0.000020
-0.000061
0.000018
-0.000029
0.000008
0.000009
0.000008
-0.000027
-0.000033
0.000010
-0.000030
-0.000007
0.000003
0.000033
-0.000024
0.000020
-0.000002
-0.000035
-0.000005
-0.000030
-0.000004
0.000026
0.000028
-0.000068
-0.000062
0.000022
0.000030
0.000025
0.000033
0.000002
-0.000011
-0.000039
-0.000049
0.000042
0.000026
0.000063
-0.000010
0.000031
-0.000007
0.000027
0.000022
-0.000039
0.000013
-0.000010
0.000045
0.000018
0.000052
0.000003
-0.000033
0.000023
-0.000027
-0.000010
0.000036
0.000021
0.000021
-0.000022
0.000011
-0.000001
0.000026
-0.000019
-0.000023
-0.000000
0.000034
0.000046
0.000016
0.000008
0.000005
0.000011
0.000001
0.000019
-0.000039
-0.000025
0.000050
0.000047
0.000003
-0.000013
-0.000016
0.000009
0.000024
-0.000015
0.000029
0.000017
0.000004
0.000039
-0.000001
-0.000015
0.000001
0.000048
0.000064
-0.000041
0.000024
-0.000028
-0.000028
-0.000003
0.000014
-0.000053
-0.000003
0.000030
-0.000010
-0.000045
0.000003
-0.000037
0.000047
-0.000004
-0.000012
-0.000007
-0.000028
-0.000072
-0.000045
0.000037
-0.000010
-0.000059
0.000029
0.000047
-0.000002
0.000016
-0.000015
-0.000038
0.000028
-0.000023
-0.000002
-0.000006
0.000031
0.000002
0.000014
0.000004
-0.000061
0.000010
0.000003
-0.000003
0.000017
0.000026
0.000005
-0.000016
0.000004
0.000001
-0.000008
-0.000027
-0.000041
-0.000017
0.000006
0.000044
0.000010
-0.000006
0.000039
0.000030
-0.000034
0.000023
0.000021
-0.000030
-0.000066
0.000031
0.000008
0.000049
0.000030
-0.000022
0.000037
-0.000039
0.000015
-0.000007
-0.000047
0.000029
0.000017
0.000028
0.000061
0.000008
-0.000010
-0.000025
0.000018
0.000008
-0.000021
-0.000003
0.000028
-0.000052
-0.000028
0.000059
0.000030
-0.000038
0.000019
-0.000037
0.000001
-0.000019
-0.000052
-0.000019
0.000026
-0.000009
-0.000017
-0.000001
-0.000021
-0.000019
-0.000009
0.000012
0.000010
-0.000053
-0.000044
-0.000047
-0.000015
0.000014
0.000014
-0.000043
0.000013
0.000080
-0.000010
0.000038
0.000006
-0.000036
0.000002
-0.000039
0.000011
0.000044
-0.000014
0.000027
0.000009
0.000000
0.000027
0.000002
-0.000007
0.000017
0.000022
0.000028
-0.000002
0.000047
0.000014
0.000053
-0.000027
0.000013
-0.000016
-0.000070
-0.000006
-0.000017
-0.000000
-0.000057
0.000016
-0.000032
-0.000018
0.000016
0.000024
-0.000012
0.000079
0.000019
-0.000009
0.000021
-0.000009
0.000019
0.000011
-0.000004
-0.000020
0.000022
-0.000060
0.000017
-0.000011
-0.000019
-0.000057
0.000018
-0.000008
-0.000023
-0.000013
0.000047
0.000006
-0.000023
-0.000017
-0.000004
-0.000020
-0.000022
0.000001
0.000039
-0.000030
0.000012
0.000045
0.000015
0.000001
0.000063
0.000050
0.000023
-0.000039
-0.000022
0.000038
0.000022
0.000011
0.000014
-0.000003
0.000003
0.000014
-0.000032
0.000021
0.000001
0.000020
-0.000031
0.000003
0.000050
-0.000038
-0.000015
0.000040
-0.000026
-0.000038
-0.000053
0.000027
0.000035
0.000008
-0.000011
0.000001
0.000016
-0.000030
0.000023
-0.000050
0.000016
0.000023
-0.000012
-0.000013
-0.000026
0.000041
-0.000005
0.000009
0.000009
-0.000003
0.000012
0.000011
-0.000038
-0.000045
-0.000024
0.000007
0.000001
0.000024
0.000008
-0.000034
-0.000007
0.000013
0.000013
0.000038
0.000014
0.000040
0.000048
0.000005
-0.000020
0.000047
0.000024
0.000049
0.000001
0.000021
-0.000009
-0.000062
0.000018
-0.000041
-0.000039
0.000014
-0.000011
-0.000033
0.000007
0.000032
-0.000000
0.000028
0.000029
-0.000035
0.000039
-0.000005
-0.000035
-0.000006
-0.000027
-0.000004
0.000009
0.000003
-0.000019
0.000025
0.000008
0.000026
0.000020
0.000009
0.000031
-0.000035
0.000019
0.000038
0.000019
-0.000015
0.000054
-0.000009
-0.000005
-0.000023
-0.000019
0.000002
-0.000017
-0.000002
0.000022
0.000027
-0.000046
-0.000042
0.000050
-0.000033
-0.000033
0.000021
0.000004
0.000075
0.000022
-0.000022
0.000068
-0.000003
-0.000026
-0.000012
0.000000
-0.000026
-0.000042
0.000086
0.000038
-0.000094
0.000056
-0.000031
-0.000001
-0.000045
-0.000026
0.000051
0.000027
0.000042
0.000005
-0.000029
-0.000016
0.000031
-0.000089
0.000008
-0.000007
-0.000070
0.000010
-0.000036
0.000035
0.000004
0.000066
0.000005
-0.000008
-0.000045
0.000018
-0.000011
0.000039
-0.000052
-0.000058
-0.000006
0.000045
0.000032
-0.000009
0.000018
-0.000002
0.000020
-0.000034
-0.000008
-0.000024
-0.000007
0.000030
0.000029
-0.000031
0.000009
-0.000002
0.000006
0.000009
0.000047
0.000063
-0.000037
-0.000029
0.000004
0.000023
-0.000064
-0.000006
0.000026
-0.000010
-0.000036
0.000001
-0.000026
0.000016
0.000005
0.000036
0.000007
-0.000040
-0.000009
-0.000040
-0.000023
0.000007
0.000046
0.000005
0.000010
0.000002
-0.000034
-0.000034
0.000034
-0.000044
-0.000053
0.000030
0.000051
0.000022
-0.000009
0.000050
0.000013
0.000025
0.000056
0.000003
-0.000024
0.000008
-0.000036
-0.000020
-0.000000
-0.000018
-0.000027
0.000004
0.000053
0.000027
-0.000010
0.000055
0.000014
0.000015
-0.000007
-0.000027
-0.000025
0.000031
-0.000024
0.000035
0.000009
-0.000013
0.000010
0.000044
0.000026
-0.000032
0.000059
-0.000023
-0.000001
0.000014
-0.000006
0.000033
-0.000028
-0.000024
0.000002
0.000027
0.000040
-0.000010
0.000024
0.000001
-0.000060
-0.000060
0.000038
-0.000034
-0.000031
0.000042
-0.000013
-0.000045
0.000060
-0.000008
-0.000037
0.000016
0.000023
-0.000008
0.000026
-0.000049
0.000025
0.000024
-0.000000
0.000026
0.000029
-0.000001
0.000004
-0.000009
0.000003
0.000022
0.000032
0.000011
-0.000021
0.000033
0.000021
0.000049
0.000004
-0.000012
-0.000028
-0.000006
0.000016
-0.000059
-0.000022
-0.000000
0.000018
0.000057
0.000021
0.000036
0.000005
-0.000032
-0.000001
0.000043
-0.000015
0.000001
-0.000047
0.000003
-0.000052
-0.000008
-0.000024
-0.000031
-0.000001
-0.000049
0.000016
-0.000041
-0.000055
-0.000014
0.000009
-0.000007
0.000024
0.000030
-0.000014
-0.000007
0.000002
0.000026
-0.000059
-0.000011
0.000005
-0.000033
-0.000024
-0.000005
-0.000006
0.000002
0.000021
0.000009
0.000031
0.000051
-0.000024
-0.000027
-0.000010
0.000031
0.000030
-0.000007
-0.000017
-0.000011
-0.000039
-0.000039
0.000020
-0.000036
0.000008
-0.000010
0.000042
0.000053
-0.000032
0.000020
0.000011
-0.000010
-0.000006
-0.000033
-0.000018
0.000011
0.000015
0.000014
0.000015
-0.000022
-0.000068
-0.000024
-0.000007
-0.000056
-0.000065
-0.000008
0.000024
0.000022
0.000002
0.000027
0.000012
-0.000002
-0.000024
-0.000008
-0.000019
0.000022
0.000027
-0.000030
0.000042
-0.000039
-0.000005
0.000050
0.000035
0.000006
0.000014
-0.000054
-0.000008
0.000002
0.000047
0.000031
0.000016
0.000071
0.000056
-0.000001
0.000038
-0.000052
0.000005
-0.000020
-0.000029
0.000041
0.000012
-0.000047
-0.000001
0.000023
-0.000071
0.000014
-0.000002
-0.000027
0.000016
0.000010
-0.000046
-0.000035
0.000011
-0.000005
-0.000019
0.000025
-0.000004
-0.000057
0.000006
0.000015
-0.000024
-0.000008
0.000000
0.000006
0.000066
0.000026
0.000009
-0.000019
0.000031
-0.000015
-0.000014
0.000001
-0.000015
-0.000018
-0.000062
-0.000016
-0.000023
-0.000026
-0.000086
-0.000047
0.000026
-0.000045
-0.000010
0.000008
0.000003
-0.000025
-0.000050
-0.000037
0.000028
-0.000005
0.000071
-0.000011
-0.000045
-0.000011
-0.000020
-0.000049
0.000024
0.000032
0.000012
-0.000015
-0.000024
0.000002
-0.000024
-0.000030
-0.000003
0.000024
0.000011
-0.000061
0.000000
-0.000071
-0.000020
0.000004
-0.000044
-0.000006
-0.000011
0.000004
0.000045
0.000008
0.000031
-0.000005
-0.000017
-0.000009
-0.000025
-0.000036
-0.000021
-0.000044
-0.000046
0.000005
0.000029
-0.000024
-0.000007
0.000050
-0.000039
0.000015
-0.000049
-0.000009
-0.000045
-0.000027
0.000038
-0.000030
0.000029
-0.000013
0.000011
-0.000031
-0.000001
0.000001
0.000020
0.000013
-0.000013
0.000002
0.000015
0.000024
-0.000050
0.000054
-0.000008
-0.000041
0.000006
-0.000015
0.000006
0.000022
0.000038
0.000023
-0.000041
-0.000009
-0.000025
-0.000012
-0.000024
-0.000001
0.000011
0.000010
-0.000017
0.000031
0.000003
-0.000026
0.000030
-0.000001
-0.000044
0.000028
0.000007
0.000016
-0.000010
0.000018
0.000013
-0.000020
0.000045
0.000001
0.000025
0.000063
0.000041
-0.000038
-0.000040
0.000021
-0.000003
0.000024
-0.000004
0.000007
-0.000002
0.000035
0.000068
0.000001
-0.000015
0.000043
-0.000016
-0.000000
0.000027
-0.000032
-0.000029
-0.000022
-0.000008
0.000036
0.000007
-0.000003
-0.000034
-0.000046
-0.000068
-0.000008
-0.000019
0.000012
0.000031
-0.000009
0.000044
0.000075
0.000015
-0.000009
-0.000054
-0.000048
0.000003
0.000003
0.000023
-0.000025
0.000009
0.000053
0.000013
0.000007
-0.000032
-0.000027
-0.000007
0.000006
0.000042
-0.000029
0.000049
0.000048
-0.000045
0.000050
-0.000010
0.000016
-0.000030
-0.000021
-0.000016
-0.000044
-0.000032
-0.000002
0.000011
0.000031
0.000038
-0.000013
-0.000044
-0.000004
-0.000089
-0.000014
-0.000032
0.000054
0.000011
0.000011
0.000011
-0.000021
-0.000050
-0.000012
-0.000002
0.000000
0.000023
-0.000022
-0.000027
-0.000009
0.000031
0.000035
-0.000034
-0.000007
-0.000006
-0.000047
-0.000010
-0.000074
-0.000003
0.000016
-0.000005
0.000017
-0.000019
0.000054
-0.000031
0.000005
-0.000041
0.000021
0.000034
-0.000012
0.000022
-0.000022
0.000055
0.000007
-0.000000
0.000034
0.000012
-0.000011
-0.000003
-0.000044
0.000010
0.000021
-0.000037
0.000009
0.000008
0.000074
0.000004
-0.000018
-0.000005
-0.000030
0.000005
-0.000027
0.000024
-0.000032
0.000049
0.000037
0.000027
0.000041
-0.000003
-0.000009
0.000002
0.000026
0.000027
0.000010
-0.000022
-0.000014
0.000022
0.000033
-0.000055
0.000002
0.000020
0.000067
-0.000010
0.000029
-0.000059
0.000022
-0.000011
-0.000042
-0.000018
-0.000037
-0.000001
-0.000031
0.000034
-0.000024
-0.000007
-0.000016
-0.000030
-0.000059
-0.000046
-0.000034
0.000033
-0.000002
0.000018
-0.000016
-0.000019
0.000032
0.000003
0.000017
-0.000010
0.000010
0.000008
-0.000059
0.000037
0.000009
-0.000024
-0.000026
0.000000
0.000010
-0.000024
-0.000005
0.000002
-0.000024
-0.000000
-0.000028
-0.000001
0.000060
-0.000009
-0.000008
0.000007
0.000009
0.000025
-0.000007
0.000020
0.000008
0.000028
-0.000017
0.000028
0.000006
-0.000022
-0.000007
-0.000019
-0.000014
-0.000049
-0.000057
0.000016
-0.000031
-0.000019
0.000008
-0.000032
0.000008
-0.000033
0.000014
-0.000043
-0.000030
-0.000045
-0.000012
-0.000012
0.000041
0.000021
0.000021
-0.000012
0.000043
-0.000037
0.000018
-0.000035
-0.000025
0.000010
0.000022
0.000037
-0.000034
0.000020
0.000017
0.000010
-0.000019
0.000020
-0.000022
0.000062
-0.000009
0.000001
-0.000072
0.000007
0.000036
-0.000003
-0.000018
-0.000033
0.000043
-0.000012
-0.000030
0.000042
0.000034
0.000050
-0.000015
-0.000036
-0.000011
0.000009
-0.000002
0.000007
0.000014
0.000025
-0.000031
-0.000023
0.000007
0.000012
0.000005
-0.000013
-0.000002
0.000009
0.000007
-0.000002
-0.000023
-0.000044
-0.000029
0.000014
-0.000035
0.000016
0.000025
-0.000004
0.000044
-0.000041
0.000004
-0.000020
-0.000006
-0.000004
0.000029
0.000005
0.000019
0.000021
-0.000029
0.000061
0.000051
0.000001
-0.000006
0.000002
0.000042
-0.000026
0.000029
0.000034
0.000013
-0.000028
-0.000010
-0.000012
0.000031
-0.000016
0.000004
0.000036
-0.000013
-0.000012
0.000005
-0.000004
-0.000012
-0.000002
-0.000015
0.000008
-0.000032
-0.000054
-0.000007
-0.000015
-0.000014
-0.000049
-0.000007
0.000019
-0.000036
-0.000008
-0.000015
0.000061
-0.000013
0.000015
-0.000024
-0.000015
0.000057
-0.000067
0.000027
0.000020
0.000035
0.000046
0.000044
-0.000076
-0.000018
-0.000009
-0.000011
-0.000022
0.000037
-0.000035
-0.000060
-0.000005
-0.000049
0.000004
0.000014
0.000046
0.000028
-0.000028
0.000024
-0.000027
-0.000014
0.000047
-0.000011
-0.000005
-0.000015
-0.000004
0.000029
-0.000042
0.000003
-0.000053
-0.000022
-0.000026
-0.000002
-0.000097
-0.000054
0.000069
0.000053
0.000041
-0.000052
0.000053
-0.000011
-0.000005
-0.000002
0.000056
0.000006
-0.000026
0.000003
-0.000031
0.000011
-0.000035
0.000014
0.000022
-0.000035
0.000032
0.000026
-0.000044
-0.000030
0.000009
0.000031
-0.000022
-0.000026
-0.000018
0.000041
0.000022
-0.000023
-0.000029
-0.000043
-0.000026
0.000014
0.000000
-0.000000
-0.000030
-0.000022
-0.000010
0.000015
0.000003
0.000011
-0.000012
0.000007
0.000005
0.000089
0.000016
-0.000015
-0.000012
-0.000013
-0.000000
-0.000011
0.000032
-0.000016
-0.000010
0.000015
-0.000013
-0.000004
-0.000037
0.000027
-0.000004
-0.000036
0.000005
0.000025
0.000045
-0.000032
-0.000015
-0.000017
-0.000079
-0.000022
-0.000016
-0.000010
0.000055
0.000001
-0.000020
-0.000037
-0.000006
0.000008
0.000034
-0.000025
-0.000039
-0.000009
-0.000074
-0.000005
0.000033
-0.000031
0.000021
-0.000034
0.000002
0.000041
0.000020
0.000004
0.000014
0.000002
0.000009
-0.000028
0.000007
0.000016
0.000001
-0.000038
0.000023
0.000004
-0.000097
0.000034
-0.000016
-0.000072
-0.000068
-0.000028
0.000018
0.000003
0.000006
-0.000013
0.000025
0.000038
-0.000078
0.000019
-0.000000
-0.000013
0.000006
0.000019
0.000072
-0.000033
0.000030
0.000011
0.000040
-0.000018
0.000055
0.000026
-0.000037
0.000003
0.000025
-0.000012
-0.000033
0.000004
-0.000035
0.000016
0.000006
-0.000048
0.000030
-0.000052
0.000015
-0.000031
-0.000019
0.000034
0.000049
0.000036
-0.000025
0.000005
-0.000045
0.000009
-0.000009
0.000033
-0.000001
0.000011
-0.000019
-0.000033
-0.000010
0.000040
-0.000017
-0.000016
0.000026
-0.000018
0.000017
-0.000012
-0.000001
0.000029
-0.000008
-0.000012
-0.000003
-0.000005
-0.000021
-0.000021
-0.000003
-0.000002
0.000029
-0.000005
0.000002
0.000041
-0.000006
-0.000025
-0.000017
-0.000033
-0.000047
-0.000042
0.000004
0.000037
-0.000029
0.000013
0.000070
-0.000018
0.000067
-0.000028
-0.000087
0.000025
-0.000030
0.000019
-0.000001
0.000032
-0.000015
0.000017
0.000015
0.000002
0.000010
-0.000014
0.000007
-0.000001
0.000006
-0.000022
0.000007
-0.000027
0.000007
0.000027
-0.000046
-0.000069
-0.000006
-0.000027
-0.000049
0.000014
0.000040
-0.000004
-0.000056
-0.000000
-0.000029
0.000030
0.000009
0.000019
0.000042
0.000026
0.000026
-0.000014
0.000012
0.000006
0.000001
-0.000026
0.000072
-0.000021
-0.000018
0.000030
0.000022
0.000027
-0.000062
0.000035
-0.000030
0.000005
0.000024
-0.000036
0.000037
0.000023
0.000017
-0.000007
-0.000064
-0.000038
-0.000008
0.000036
0.000004
0.000002
0.000023
0.000019
0.000040
0.000001
-0.000004
0.000010
-0.000003
0.000032
0.000001
0.000037
-0.000017
-0.000001
0.000032
-0.000076
0.000027
-0.000042
-0.000038
0.000045
0.000036
-0.000044
-0.000016
0.000006
0.000015
0.000018
0.000041
-0.000017
0.000045
0.000052
-0.000002
0.000036
-0.000014
-0.000002
0.000016
-0.000012
-0.000001
-0.000053
-0.000011
-0.000032
0.000007
-0.000048
0.000008
0.000043
-0.000008
0.000014
-0.000018
-0.000031
0.000024
-0.000017
0.000057
-0.000008
-0.000005
0.000026
0.000018
0.000023
-0.000028
0.000021
-0.000029
-0.000061
-0.000036
0.000036
0.000015
-0.000018
-0.000027
-0.000005
-0.000046
0.000027
-0.000034
0.000059
0.000004
-0.000001
-0.000013
-0.000026
-0.000012
0.000005
-0.000034
0.000010
-0.000041
-0.000018
0.000030
0.000042
0.000021
-0.000015
-0.000014
-0.000020
0.000024
0.000004
0.000036
-0.000007
0.000022
-0.000000
0.000006
-0.000008
0.000018
0.000029
-0.000027
0.000019
0.000019
-0.000027
-0.000057
0.000048
0.000027
0.000055
0.000086
0.000007
-0.000017
-0.000016
0.000027
-0.000007
0.000028
0.000011
0.000043
-0.000025
0.000007
0.000053
0.000002
-0.000001
-0.000006
0.000016
0.000012
-0.000029
0.000015
-0.000032
-0.000002
0.000025
0.000003
-0.000009
-0.000016
0.000029
0.000085
0.000016
-0.000053
-0.000001
-0.000014
-0.000044
-0.000023
0.000008
0.000049
-0.000026
0.000003
-0.000005
-0.000029
0.000004
-0.000036
-0.000004
0.000004
-0.000001
-0.000017
-0.000028
-0.000036
-0.000040
0.000057
0.000003
0.000009
0.000034
0.000019
0.000015
-0.000021
-0.000017
0.000001
0.000006
-0.000011
-0.000022
-0.000021
-0.000024
0.000038
-0.000027
-0.000008
0.000033
-0.000018
-0.000011
-0.000016
-0.000055
0.000036
-0.000036
-0.000013
0.000009
-0.000039
-0.000027
-0.000039
0.000054
-0.000035
-0.000014
-0.000011
-0.000034
-0.000029
-0.000029
-0.000010
-0.000054
-0.000029
-0.000035
0.000054
-0.000020
-0.000049
-0.000006
0.000045
0.000036
0.000056
0.000058
0.000013
0.000016
0.000020
-0.000021
-0.000080
-0.000051
0.000031
-0.000031
0.000005
0.000031
-0.000028
-0.000003
-0.000003
-0.000019
-0.000018
-0.000064
0.000033
-0.000007
0.000006
-0.000005
0.000016
-0.000001
-0.000001
0.000045
-0.000033
-0.000003
-0.000040
0.000080
-0.000024
-0.000037
0.000044
0.000003
0.000028
-0.000067
-0.000012
-0.000023
0.000026
-0.000017
0.000007
0.000049
-0.000006
-0.000035
-0.000004
0.000060
-0.000028
-0.000028
-0.000018
0.000035
-0.000012
-0.000032
0.000015
0.000007
0.000014
0.000020
-0.000015
-0.000040
0.000003
-0.000000
0.000039
0.000003
-0.000018
0.000047
0.000017
0.000003
-0.000053
-0.000014
-0.000017
-0.000042
0.000016
0.000020
-0.000027
-0.000006
0.000012
-0.000016
0.000023
-0.000058
0.000011
0.000017
0.000014
-0.000040
0.000057
-0.000006
-0.000034
-0.000010
0.000046
0.000035
0.000002
0.000048
0.000023
0.000015
-0.000006
-0.000032
0.000018
0.000016
0.000025
-0.000005
-0.000016
0.000014
-0.000012
0.000016
0.000013
0.000010
-0.000021
0.000065
0.000004
0.000010
0.000047
-0.000001
0.000034
-0.000023
0.000013
0.000063
0.000004
-0.000004
-0.000040
0.000033
0.000035
-0.000038
-0.000028
0.000044
-0.000029
-0.000048
0.000041
0.000006
-0.000004
0.000025
0.000039
-0.000043
-0.000016
-0.000037
-0.000054
-0.000019
-0.000005
0.000018
-0.000009
0.000012
-0.000004
-0.000017
-0.000011
-0.000028
0.000024
-0.000004
-0.000025
-0.000018
0.000032
0.000030
0.000004
0.000035
0.000015
0.000003
0.000028
0.000000
0.000031
-0.000025
-0.000019
0.000016
0.000021
0.000019
0.000025
-0.000053
-0.000010
-0.000049
0.000032
0.000020
-0.000032
0.000034
0.000016
0.000015
0.000031
0.000006
-0.000006
0.000003
0.000050
-0.000020
0.000018
-0.000034
-0.000018
-0.000015
-0.000019
0.000000
0.000045
0.000031
0.000003
-0.000038
0.000003
-0.000021
-0.000005
0.000009
0.000003
-0.000049
-0.000007
-0.000014
-0.000069
0.000005
0.000004
-0.000031
0.000009
0.000024
0.000005
0.000043
-0.000002
0.000006
0.000045
-0.000013
0.000021
-0.000010
0.000010
-0.000005
0.000012
-0.000027
-0.000056
-0.000032
-0.000033
-0.000042
0.000055
-0.000011
0.000018
-0.000025
0.000002
0.000018
0.000019
0.000025
-0.000056
-0.000027
-0.000041
0.000009
-0.000002
0.000050
-0.000017
-0.000034
0.000012
0.000002
0.000041
-0.000017
-0.000024
-0.000005
0.000044
0.000017
-0.000017
0.000075
-0.000011
0.000018
0.000016
-0.000004
-0.000040
-0.000019
-0.000008
0.000049
-0.000017
-0.000007
0.000007
-0.000026
-0.000027
0.000012
0.000049
0.000023
-0.000001
0.000019
0.000004
-0.000015
0.000053
0.000003
-0.000022
-0.000005
0.000052
-0.000083
-0.000024
-0.000004
0.000006
0.000014
-0.000034
-0.000017
-0.000003
0.000016
-0.000056
-0.000002
-0.000030
-0.000036
0.000021
0.000011
0.000008
-0.000002
-0.000002
0.000007
-0.000002
0.000023
0.000017
-0.000030
0.000001
-0.000013
0.000033
0.000015
-0.000030
-0.000004
0.000021
-0.000011
-0.000029
-0.000015
-0.000042
-0.000063
0.000019
0.000030
0.000047
0.000008
-0.000008
-0.000025
-0.000027
-0.000048
-0.000042
-0.000003
0.000001
0.000049
0.000007
-0.000007
0.000038
0.000030
0.000005
0.000030
-0.000012
0.000025
0.000010
-0.000011
0.000027
-0.000029
0.000001
-0.000045
0.000043
0.000052
0.000028
0.000025
-0.000013
-0.000004
-0.000045
0.000007
0.000017
0.000023
-0.000013
-0.000001
-0.000030
-0.000011
0.000021
-0.000032
-0.000052
-0.000062
0.000019
0.000011
0.000013
0.000012
0.000026
-0.000022
-0.000003
-0.000041
-0.000029
-0.000005
-0.000011
-0.000012
-0.000038
-0.000013
-0.000025
0.000061
0.000007
0.000011
-0.000002
0.000001
0.000015
-0.000050
0.000025
-0.000016
0.000048
0.000021
0.000023
-0.000014
-0.000053
0.000057
0.000043
0.000012
-0.000008
-0.000005
-0.000010
0.000002
0.000004
0.000042
0.000034
0.000030
-0.000018
0.000013
0.000010
0.000019
0.000055
-0.000019
-0.000050
-0.000027
0.000012
0.000029
0.000016
0.000013
-0.000020
0.000012
0.000007
0.000041
0.000048
-0.000007
-0.000002
0.000002
-0.000050
-0.000029
-0.000023
0.000009
-0.000065
0.000034
-0.000029
-0.000035
-0.000032
-0.000006
0.000024
0.000006
0.000027
0.000012
-0.000012
-0.000030
0.000015
0.000019
-0.000042
-0.000017
0.000026
0.000020
0.000019
0.000068
-0.000000
0.000059
0.000040
0.000023
-0.000006
-0.000033
-0.000064
-0.000042
-0.000055
-0.000001
0.000033
-0.000007
0.000031
-0.000005
0.000023
0.000025
0.000032
0.000004
-0.000002
-0.000004
0.000034
0.000010
0.000051
-0.000008
-0.000008
-0.000062
0.000008
0.000008
0.000013
0.000015
-0.000008
-0.000000
0.000012
-0.000024
-0.000037
0.000053
-0.000039
-0.000003
0.000013
0.000048
-0.000008
0.000022
0.000008
0.000003
0.000026
-0.000013
-0.000059
-0.000066
0.000006
-0.000023
0.000015
-0.000001
0.000001
0.000025
-0.000015
0.000014
0.000018
-0.000011
-0.000014
-0.000007
-0.000022
0.000001
0.000054
0.000017
0.000007
-0.000040
0.000004
-0.000018
-0.000066
0.000015
0.000014
-0.000030
0.000022
0.000010
0.000012
0.000016
-0.000028
-0.000003
0.000056
0.000022
0.000011
-0.000051
-0.000014
-0.000009
0.000010
0.000026
0.000009
0.000004
-0.000055
0.000006
-0.000019
-0.000056
0.000037
-0.000008
0.000034
0.000036
-0.000013
0.000043
-0.000034
-0.000031
0.000019
0.000021
0.000013
-0.000018
0.000025
0.000014
-0.000013
-0.000081
-0.000052
-0.000058
0.000054
-0.000033
0.000017
-0.000035
-0.000045
0.000026
-0.000065
-0.000024
-0.000013
-0.000052
0.000044
0.000022
-0.000023
-0.000031
-0.000045
0.000023
0.000007
0.000007
0.000027
-0.000003
0.000017
0.000006
0.000013
-0.000045
0.000015
-0.000046
0.000045
0.000003
0.000023
-0.000006
-0.000007
0.000037
0.000016
-0.000017
-0.000028
0.000001
0.000030
0.000022
0.000018
0.000014
-0.000054
-0.000052
0.000038
-0.000022
-0.000030
-0.000006
-0.000016
-0.000008
-0.000005
0.000049
0.000024
0.000033
-0.000012
0.000015
-0.000017
-0.000031
-0.000001
0.000018
0.000011
-0.000065
-0.000009
-0.000009
0.000017
-0.000023
-0.000040
-0.000025
0.000000
-0.000008
0.000017
-0.000028
0.000021
-0.000006
0.000004
-0.000000
0.000059
0.000035
-0.000021
0.000034
0.000019
-0.000022
0.000007
0.000002
-0.000053
-0.000035
-0.000014
0.000040
0.000040
-0.000003
-0.000018
0.000005
-0.000007
0.000023
0.000007
-0.000016
0.000056
-0.000061
0.000001
0.000038
0.000002
0.000002
-0.000021
-0.000004
-0.000023
0.000008
-0.000009
0.000010
0.000014
0.000094
0.000001
0.000015
-0.000024
-0.000057
0.000002
0.000035
-0.000023
-0.000042
0.000008
-0.000022
0.000011
0.000028
-0.000039
-0.000040
-0.000007
0.000005
-0.000014
-0.000042
0.000010
0.000043
0.000011
-0.000033
-0.000083
0.000000
0.000021
0.000015
-0.000048
-0.000006
-0.000057
-0.000067
-0.000031
-0.000031
0.000016
-0.000013
-0.000016
0.000024
-0.000031
0.000033
0.000050
0.000003
0.000026
-0.000007
-0.000023
-0.000026
-0.000053
-0.000019
0.000034
0.000019
-0.000007
-0.000002
0.000051
0.000018
0.000027
-0.000019
0.000017
-0.000003
0.000023
-0.000002
-0.000004
0.000004
-0.000050
-0.000024
-0.000035
-0.000028
-0.000035
-0.000030
0.000007
-0.000001
0.000040
-0.000030
-0.000003
-0.000025
0.000007
-0.000027
0.000006
-0.000008
-0.000000
-0.000000
0.000013
0.000018
0.000046
-0.000057
-0.000029
0.000058
-0.000053
0.000007
0.000032
-0.000013
0.000019
0.000052
0.000006
-0.000005
-0.000033
0.000022
0.000027
-0.000029
0.000037
-0.000030
-0.000030
0.000037
-0.000040
0.000019
-0.000027
0.000024
-0.000002
0.000039
0.000030
-0.000026
0.000051
-0.000037
-0.000058
-0.000023
-0.000001
0.000029
-0.000025
0.000015
0.000025
0.000085
0.000008
-0.000032
0.000011
-0.000017
-0.000012
0.000006
0.000023
0.000025
-0.000010
-0.000023
0.000007
-0.000019
0.000007
0.000018
-0.000045
-0.000033
-0.000019
0.000047
0.000025
-0.000029
0.000002
0.000020
0.000028
-0.000041
0.000011
-0.000021
0.000002
0.000010
-0.000014
0.000034
-0.000008
-0.000030
0.000005
0.000032
-0.000021
0.000028
0.000010
0.000028
0.000007
0.000025
0.000031
0.000019
-0.000009
-0.000026
0.000027
0.000064
0.000038
-0.000008
-0.000018
-0.000064
-0.000035
-0.000006
0.000012
0.000028
0.000005
0.000023
0.000010
-0.000011
0.000051
0.000042
0.000018
-0.000042
0.000051
0.000014
0.000005
-0.000040
0.000019
0.000036
0.000016
-0.000032
-0.000038
-0.000021
-0.000005
0.000048
0.000040
0.000041
0.000009
-0.000031
-0.000033
-0.000003
0.000021
0.000048
0.000005
-0.000006
-0.000030
-0.000014
0.000022
-0.000020
0.000018
0.000057
0.000014
-0.000044
-0.000015
0.000031
-0.000055
-0.000043
0.000010
0.000009
0.000020
0.000008
-0.000048
-0.000032
0.000004
0.000019
0.000029
0.000003
0.000065
0.000009
0.000011
-0.000051
-0.000005
0.000019
0.000009
0.000039
0.000030
0.000014
0.000016
-0.000027
0.000000
-0.000069
0.000008
0.000044
0.000019
-0.000019
-0.000008
-0.000016
-0.000013
0.000013
-0.000004
-0.000008
0.000012
-0.000033
-0.000017
0.000019
-0.000011
0.000006
-0.000064
0.000023
0.000003
-0.000022
-0.000013
0.000003
0.000012
0.000001
-0.000014
0.000006
0.000023
-0.000011
-0.000063
0.000022
0.000029
0.000001
0.000037
-0.000033
-0.000009
0.000052
-0.000023
-0.000071
0.000035
-0.000023
0.000068
0.000011
-0.000020
0.000052
-0.000009
0.000016
0.000042
0.000003
-0.000062
-0.000021
0.000009
0.000016
-0.000001
-0.000040
0.000019
-0.000009
0.000027
-0.000003
0.000013
-0.000065
-0.000028
0.000034
-0.000007
-0.000033
0.000021
-0.000022
-0.000068
-0.000031
-0.000039
-0.000035
-0.000008
-0.000013
0.000044
0.000060
0.000005
0.000012
-0.000030
-0.000010
-0.000008
0.000011
-0.000029
0.000007
-0.000026
-0.000038
-0.000035
-0.000036
0.000050
-0.000001
0.000006
0.000006
-0.000011
-0.000023
-0.000007
-0.000003
-0.000042
-0.000031
-0.000001
0.000010
0.000039
-0.000025
-0.000022
-0.000025
-0.000034
-0.000060
-0.000004
-0.000030
-0.000016
0.000006
0.000023
0.000061
0.000033
-0.000011
0.000024
-0.000011
0.000001
-0.000001
0.000038
0.000056
0.000035
-0.000005
0.000004
0.000014
-0.000038
0.000014
0.000007
-0.000064
-0.000006
0.000035
0.000009
0.000009
0.000029
0.000026
-0.000054
-0.000010
-0.000002
-0.000040
-0.000038
-0.000010
-0.000008
-0.000033
0.000055
0.000018
-0.000035
0.000015
-0.000019
-0.000081
0.000020
0.000016
0.000033
-0.000002
-0.000032
0.000007
-0.000024
-0.000014
-0.000034
0.000008
-0.000001
-0.000077
-0.000014
-0.000045
-0.000006
0.000011
-0.000045
0.000000
0.000032
-0.000033
-0.000031
0.000008
0.000039
0.000016
-0.000001
-0.000022
0.000023
-0.000032
0.000016
0.000009
-0.000008
-0.000040
-0.000018
-0.000030
-0.000015
0.000005
-0.000012
-0.000019
-0.000037
0.000010
0.000003
-0.000018
-0.000016
0.000020
0.000039
0.000013
0.000026
0.000032
-0.000005
0.000043
-0.000008
-0.000007
-0.000013
0.000013
-0.000003
0.000040
0.000083
-0.000045
0.000022
0.000002
-0.000036
-0.000002
0.000062
-0.000026
0.000007
0.000077
0.000028
0.000003
0.000019
0.000010
0.000030
0.000015
-0.000031
-0.000029
0.000010
-0.000002
0.000049
0.000001
0.000022
0.000035
-0.000000
-0.000027
-0.000008
-0.000006
-0.000003
0.000006
0.000020
-0.000045
0.000001
0.000017
-0.000020
0.000050
-0.000010
-0.000013
0.000077
-0.000021
0.000015
0.000027
-0.000032
0.000008
-0.000010
-0.000021
0.000005
-0.000001
0.000037
0.000015
0.000022
0.000022
-0.000055
0.000024
-0.000018
0.000009
0.000029
-0.000013
0.000032
0.000027
-0.000018
-0.000018
0.000031
-0.000024
0.000016
-0.000012
-0.000029
0.000006
-0.000020
-0.000009
0.000004
-0.000067
-0.000057
-0.000013
-0.000046
-0.000001
-0.000003
-0.000015
-0.000041
0.000016
-0.000011
0.000041
0.000029
-0.000011
-0.000001
0.000073
-0.000044
-0.000020
0.000053
0.000016
0.000017
0.000008
-0.000001
-0.000006
0.000001
0.000027
0.000014
0.000016
0.000009
0.000015
0.000009
-0.000000
-0.000007
0.000027
0.000021
-0.000008
0.000009
0.000010
-0.000081
-0.000007
-0.000035
-0.000010
0.000024
-0.000035
-0.000022
0.000017
0.000064
-0.000013
0.000037
0.000008
0.000016
0.000035
-0.000028
-0.000034
-0.000027
-0.000032
-0.000031
-0.000083
-0.000029
0.000011
-0.000002
0.000039
-0.000006
0.000012
0.000002
-0.000020
0.000035
0.000031
-0.000022
-0.000009
-0.000013
0.000017
-0.000004
-0.000034
-0.000011
-0.000033
-0.000014
0.000001
-0.000001
0.000045
-0.000008
-0.000015
0.000021
0.000030
0.000001
0.000046
-0.000048
0.000022
-0.000003
0.000009
0.000007
0.000022
0.000003
-0.000020
0.000042
0.000006
-0.000028
0.000004
0.000023
0.000003
-0.000022
0.000018
-0.000000
-0.000006
0.000022
0.000007
-0.000009
0.000005
0.000004
0.000000
0.000006
-0.000003
-0.000017
0.000043
0.000008
0.000013
-0.000029
-0.000004
-0.000002
0.000014
0.000016
0.000064
0.000016
-0.000016
0.000019
-0.000046
-0.000002
-0.000007
-0.000048
-0.000027
-0.000002
-0.000045
-0.000008
-0.000027
-0.000012
0.000011
-0.000019
0.000001
0.000012
0.000037
0.000042
0.000019
-0.000020
-0.000027
0.000059
0.000009
-0.000025
-0.000002
0.000038
0.000012
-0.000035
0.000034
0.000033
0.000023
0.000019
-0.000019
-0.000057
0.000019
0.000007
-0.000004
0.000017
-0.000043
0.000031
-0.000067
-0.000004
0.000002
-0.000022
-0.000009
-0.000003
0.000024
0.000030
0.000008
-0.000006
-0.000008
-0.000004
0.000017
0.000060
0.000019
-0.000048
-0.000040
-0.000040
0.000029
-0.000065
-0.000038
0.000052
-0.000007
-0.000019
0.000023
0.000030
-0.000019
-0.000070
-0.000007
0.000023
0.000015
-0.000010
-0.000019
-0.000024
0.000014
0.000007
0.000001
0.000021
-0.000023
-0.000013
-0.000017
-0.000013
0.000010
0.000069
0.000022
0.000035
-0.000020
0.000014
0.000011
-0.000054
-0.000032
-0.000017
-0.000018
0.000030
-0.000012
-0.000035
-0.000042
0.000001
-0.000001
0.000029
-0.000010
-0.000030
-0.000038
-0.000049
-0.000045
-0.000029
0.000000
-0.000028
-0.000019
-0.000004
0.000021
-0.000008
0.000035
0.000027
-0.000015
-0.000018
-0.000015
0.000036
0.000046
-0.000027
-0.000072
-0.000046
-0.000013
-0.000013
-0.000030
0.000019
-0.000023
0.000016
-0.000055
0.000006
0.000009
-0.000017
0.000030
-0.000030
-0.000022
0.000012
0.000053
0.000021
-0.000046
-0.000032
0.000017
-0.000049
-0.000012
0.000007
-0.000064
-0.000019
-0.000006
0.000001
0.000034
0.000067
-0.000046
0.000048
0.000023
0.000018
-0.000006
-0.000065
-0.000045
-0.000010
-0.000004
0.000027
0.000010
0.000010
0.000005
-0.000052
0.000004
-0.000031
0.000042
0.000007
-0.000013
0.000010
-0.000010
-0.000001
-0.000011
-0.000007
-0.000010
-0.000032
-0.000031
0.000032
-0.000046
0.000028
0.000027
-0.000041
0.000030
-0.000031
-0.000022
-0.000015
0.000037
0.000006
-0.000015
0.000003
-0.000002
0.000042
-0.000027
-0.000005
-0.000006
0.000012
0.000044
-0.000028
-0.000004
0.000044
-0.000006
-0.000015
0.000038
-0.000028
-0.000014
-0.000051
-0.000018
-0.000004
0.000011
-0.000013
-0.000004
0.000020
-0.000036
0.000006
0.000017
-0.000012
0.000007
-0.000013
-0.000059
-0.000026
0.000031
-0.000010
-0.000036
-0.000013
0.000051
0.000046
-0.000011
0.000026
-0.000033
-0.000031
-0.000011
-0.000031
-0.000039
-0.000000
0.000018
0.000011
0.000049
0.000033
0.000023
0.000011
0.000035
-0.000008
0.000022
0.000014
0.000027
0.000047
-0.000021
0.000015
0.000032
-0.000003
0.000015
-0.000035
0.000033
-0.000033
-0.000024
0.000027
0.000025
0.000009
-0.000061
0.000023
-0.000035
-0.000002
0.000038
-0.000016
0.000048
-0.000043
-0.000027
0.000043
-0.000039
0.000012
0.000021
-0.000024
0.000005
0.000087
0.000005
-0.000011
-0.000000
-0.000010
0.000050
0.000012
0.000019
-0.000018
0.000001
-0.000015
0.000020
-0.000007
-0.000054
-0.000014
0.000040
-0.000004
0.000030
0.000050
-0.000063
0.000007
0.000015
-0.000002
-0.000021
-0.000016
-0.000026
-0.000040
-0.000031
-0.000004
-0.000016
-0.000001
-0.000029
0.000002
0.000021
-0.000006
-0.000025
0.000022
0.000024
-0.000009
0.000042
-0.000032
0.000012
0.000014
-0.000014
0.000016
-0.000030
-0.000047
-0.000017
-0.000034
0.000016
0.000004
0.000023
0.000018
-0.000015
0.000063
-0.000002
-0.000013
-0.000015
0.000024
-0.000001
-0.000039
0.000013
0.000017
0.000022
-0.000005
-0.000013
0.000014
-0.000054
-0.000028
0.000004
-0.000027
-0.000011
0.000009
-0.000040
0.000068
0.000029
-0.000049
-0.000040
0.000018
0.000022
-0.000026
0.000015
-0.000035
-0.000002
0.000002
-0.000011
-0.000011
-0.000032
-0.000038
0.000026
-0.000031
0.000036
-0.000021
0.000026
0.000051
-0.000021
-0.000015
-0.000058
0.000049
0.000040
-0.000014
0.000006
-0.000040
-0.000001
0.000003
-0.000034
-0.000017
0.000037
-0.000042
-0.000000
0.000033
0.000036
-0.000048
0.000057
0.000031
-0.000051
0.000038
-0.000025
-0.000045
-0.000034
-0.000015
-0.000034
-0.000007
-0.000001
-0.000063
-0.000006
0.000054
0.000000
-0.000008
0.000033
0.000017
-0.000027
0.000004
-0.000004
0.000042
0.000025
-0.000040
0.000045
0.000027
-0.000007
0.000002
0.000049
-0.000010
0.000032
0.000003
-0.000006
0.000011
0.000002
0.000032
0.000035
0.000061
0.000005
-0.000020
0.000056
-0.000005
-0.000017
0.000017
0.000041
-0.000036
-0.000039
0.000015
0.000027
0.000017
-0.000011
0.000014
0.000032
0.000014
0.000003
0.000019
0.000017
0.000015
0.000022
0.000027
0.000008
-0.000033
-0.000023
0.000037
-0.000006
0.000013
0.000063
-0.000029
-0.000026
0.000027
-0.000034
0.000023
0.000034
-0.000050
0.000008
-0.000038
0.000030
-0.000034
-0.000021
-0.000053
-0.000007
0.000001
0.000029
0.000035
-0.000021
0.000019
-0.000044
0.000035
0.000020
-0.000030
-0.000003
-0.000002
0.000028
0.000005
0.000055
0.000017
0.000024
-0.000015
-0.000026
0.000013
-0.000002
0.000012
-0.000028
0.000064
-0.000027
-0.000011
0.000015
-0.000012
0.000005
-0.000021
0.000017
0.000014
0.000015
0.000015
0.000052
0.000061
-0.000018
-0.000008
0.000049
0.000010
0.000027
-0.000011
0.000002
0.000015
0.000010
0.000016
-0.000002
-0.000014
-0.000012
0.000020
-0.000003
0.000025
-0.000016
-0.000001
-0.000016
-0.000008
-0.000002
-0.000019
-0.000037
0.000024
-0.000024
-0.000037
-0.000057
-0.000037
0.000051
-0.000057
-0.000010
-0.000021
-0.000009
0.000044
-0.000028
-0.000011
0.000039
0.000036
0.000025
-0.000020
0.000001
-0.000016
0.000058
-0.000002
-0.000014
-0.000023
-0.000015
-0.000002
-0.000010
-0.000049
0.000011
0.000033
-0.000011
0.000023
-0.000016
0.000026
0.000040
-0.000046
0.000013
0.000019
-0.000016
0.000016
-0.000015
-0.000008
0.000010
-0.000021
-0.000033
-0.000003
0.000009
0.000042
0.000020
-0.000009
-0.000043
-0.000044
0.000035
-0.000066
-0.000038
-0.000031
-0.000071
0.000003
0.000025
0.000023
0.000060
-0.000033
0.000005
-0.000017
-0.000025
0.000048
-0.000028
-0.000038
0.000014
0.000011
-0.000052
0.000015
-0.000001
0.000011
-0.000014
-0.000008
0.000041
-0.000010
-0.000018
-0.000010
-0.000010
-0.000015
0.000018
-0.000009
-0.000027
-0.000007
-0.000026
0.000018
-0.000007
-0.000014
-0.000009
-0.000009
-0.000018
-0.000019
-0.000004
-0.000030
0.000067
0.000027
-0.000057
-0.000040
-0.000021
-0.000035
-0.000020
0.000013
-0.000035
-0.000024
0.000026
-0.000049
-0.000001
0.000023
-0.000025
-0.000036
-0.000005
-0.000015
-0.000006
0.000028
-0.000019
0.000001
0.000021
-0.000045
0.000017
-0.000000
0.000019
0.000021
-0.000025
-0.000012
0.000033
0.000021
-0.000007
0.000003
0.000059
-0.000001
0.000020
-0.000018
0.000008
0.000089
0.000011
-0.000007
-0.000005
0.000014
-0.000010
-0.000007
-0.000009
0.000059
0.000025
-0.000068
0.000038
-0.000017
-0.000027
0.000003
-0.000016
0.000018
0.000043
0.000007
-0.000011
-0.000051
0.000030
0.000035
-0.000026
0.000004
0.000017
-0.000024
0.000063
0.000065
0.000003
0.000013
0.000053
0.000019
0.000020
-0.000027
0.000015
-0.000038
-0.000053
0.000025
0.000018
-0.000012
0.000017
-0.000018
0.000019
-0.000072
-0.000048
0.000035
0.000019
-0.000050
-0.000003
-0.000029
-0.000025
-0.000027
0.000022
0.000004
-0.000005
0.000007
-0.000013
0.000008
0.000001
0.000024
0.000048
0.000005
-0.000004
0.000010
-0.000035
-0.000006
0.000035
-0.000018
0.000027
0.000001
0.000015
0.000040
0.000022
0.000006
-0.000004
0.000008
0.000047
-0.000017
0.000012
-0.000008
0.000001
-0.000002
-0.000020
0.000045
-0.000019
-0.000027
0.000045
0.000027
0.000013
0.000046
-0.000021
0.000013
0.000031
-0.000003
0.000035
0.000044
0.000016
-0.000014
-0.000045
-0.000015
-0.000031
-0.000043
-0.000016
0.000027
0.000024
0.000031
0.000019
-0.000037
0.000019
-0.000025
0.000018
-0.000010
-0.000029
0.000022
-0.000011
0.000024
-0.000044
0.000043
0.000001
-0.000033
0.000051
0.000021
0.000006
0.000028
-0.000012
-0.000020
0.000018
-0.000048
0.000005
-0.000013
0.000022
-0.000022
0.000006
0.000021
0.000004
-0.000043
-0.000039
0.000021
-0.000002
0.000043
0.000000
0.000020
0.000013
0.000019
0.000034
-0.000016
-0.000014
0.000015
-0.000018
-0.000004
-0.000018
-0.000064
0.000012
-0.000057
0.000064
-0.000001
-0.000027
0.000001
-0.000012
-0.000016
-0.000023
-0.000051
-0.000009
0.000015
0.000057
0.000001
0.000022
-0.000016
0.000012
-0.000012
0.000009
-0.000001
0.000015
-0.000029
-0.000020
0.000001
0.000034
0.000034
0.000037
-0.000038
-0.000020
-0.000022
-0.000018
-0.000015
0.000039
0.000012
0.000011
0.000031
-0.000006
0.000042
0.000033
0.000020
0.000005
0.000013
-0.000013
-0.000070
-0.000029
0.000012
0.000009
-0.000018
0.000025
-0.000009
-0.000044
0.000010
-0.000032
-0.000020
-0.000006
0.000008
0.000025
-0.000008
0.000045
-0.000013
0.000048
-0.000049
0.000034
0.000033
0.000022
0.000001
-0.000047
0.000032
0.000017
-0.000017
0.000021
0.000012
0.000035
0.000033
0.000023
0.000007
0.000017
-0.000011
-0.000010
-0.000002
0.000049
-0.000047
-0.000004
-0.000019
0.000002
-0.000013
-0.000027
-0.000006
0.000041
-0.000005
0.000041
0.000006
0.000017
-0.000030
0.000051
0.000013
-0.000016
-0.000005
0.000007
0.000034
-0.000006
0.000042
0.000012
0.000007
0.000019
0.000041
0.000026
0.000015
-0.000031
-0.000045
-0.000004
-0.000005
-0.000019
-0.000005
0.000031
0.000021
-0.000023
-0.000087
-0.000005
0.000009
-0.000014
-0.000012
-0.000072
-0.000047
0.000012
-0.000021
0.000016
-0.000021
0.000011
0.000039
-0.000045
0.000007
0.000011
-0.000041
0.000005
0.000068
-0.000007
-0.000002
0.000014
0.000063
-0.000004
-0.000019
-0.000008
-0.000005
0.000038
-0.000038
0.000049
0.000010
-0.000034
-0.000001
0.000003
-0.000019
0.000004
-0.000029
0.000053
-0.000027
0.000006
0.000043
0.000033
-0.000005
0.000014
-0.000017
-0.000020
0.000008
0.000001
-0.000018
0.000012
0.000002
0.000020
-0.000020
0.000020
-0.000015
0.000008
-0.000028
0.000017
0.000048
0.000047
-0.000025
-0.000055
-0.000029
0.000004
0.000041
-0.000014
0.000040
-0.000022
-0.000039
0.000019
-0.000005
0.000062
0.000041
-0.000060
-0.000003
-0.000007
-0.000072
-0.000034
-0.000004
0.000023
-0.000008
0.000014
0.000008
-0.000008
0.000037
-0.000037
0.000001
-0.000010
-0.000008
-0.000065
0.000007
0.000051
0.000015
0.000064
0.000005
0.000026
-0.000003
-0.000005
0.000007
-0.000008
0.000045
-0.000009
-0.000021
0.000008
-0.000023
-0.000031
-0.000047
-0.000022
0.000020
0.000004
0.000020
0.000005
0.000033
0.000003
-0.000032
0.000036
-0.000046
0.000023
0.000037
0.000007
0.000050
0.000016
0.000033
0.000004
-0.000053
0.000017
0.000001
0.000026
0.000015
-0.000075
-0.000005
0.000016
0.000009
-0.000006
0.000083
-0.000024
0.000041
-0.000009
-0.000032
-0.000003
-0.000027
-0.000034
0.000023
0.000026
-0.000005
0.000031
0.000022
-0.000012
-0.000012
0.000016
0.000005
-0.000033
0.000006
0.000002
-0.000030
-0.000017
0.000000
0.000005
-0.000001
-0.000049
-0.000006
-0.000035
-0.000055
0.000035
0.000043
0.000062
0.000001
0.000037
0.000015
0.000002
0.000010
0.000017
0.000009
0.000015
-0.000034
-0.000002
-0.000061
-0.000001
0.000001
-0.000001
0.000037
-0.000020
-0.000047
0.000001
-0.000054
0.000037
0.000049
0.000001
0.000074
-0.000012
-0.000048
0.000021
-0.000010
0.000028
-0.000020
-0.000013
0.000047
0.000014
0.000053
-0.000024
0.000040
-0.000016
0.000009
0.000027
0.000001
0.000003
0.000013
-0.000008
-0.000013
0.000018
-0.000014
-0.000016
0.000024
-0.000023
0.000022
-0.000006
0.000009
0.000027
0.000012
-0.000045
-0.000023
-0.000002
0.000017
0.000031
-0.000052
-0.000003
-0.000034
-0.000018
-0.000016
-0.000042
-0.000043
-0.000018
0.000000
0.000098
0.000057
0.000014
-0.000026
-0.000024
0.000016
-0.000018
-0.000044
0.000046
-0.000040
-0.000007
0.000033
-0.000012
0.000017
0.000040
-0.000016
-0.000014
-0.000029
-0.000007
-0.000026
-0.000050
-0.000048
-0.000006
0.000042
0.000037
-0.000020
-0.000003
-0.000006
-0.000001
0.000002
0.000051
-0.000003
-0.000021
0.000040
-0.000011
0.000001
0.000033
0.000040
-0.000039
0.000062
-0.000005
0.000000
-0.000027
-0.000002
-0.000043
-0.000041
-0.000031
0.000006
0.000013
-0.000079
-0.000008
0.000003
-0.000026
0.000053
0.000026
0.000013
0.000012
0.000015
0.000035
0.000028
0.000019
-0.000024
0.000015
0.000006
-0.000042
0.000061
-0.000039
0.000034
0.000056
0.000009
0.000024
0.000015
-0.000021
0.000027
0.000002
0.000013
0.000002
0.000022
0.000010
0.000006
-0.000017
0.000014
0.000049
-0.000022
-0.000045
0.000028
0.000010
-0.000024
0.000030
0.000043
0.000071
-0.000028
-0.000001
-0.000019
-0.000035
0.000006
-0.000045
-0.000027
0.000031
0.000023
0.000038
0.000041
0.000004
0.000053
-0.000013
0.000059
0.000022
-0.000053
-0.000016
0.000029
0.000025
0.000014
0.000016
-0.000028
-0.000005
0.000007
-0.000023
-0.000032
-0.000017
-0.000046
-0.000009
-0.000021
-0.000021
-0.000026
0.000024
-0.000047
0.000015
0.000040
-0.000020
0.000016
-0.000012
0.000010
-0.000000
0.000068
0.000028
0.000051
-0.000000
0.000017
-0.000001
-0.000059
0.000008
0.000013
0.000048
0.000023
0.000003
-0.000006
0.000043
0.000059
-0.000035
0.000013
0.000049
0.000001
-0.000015
-0.000032
-0.000020
0.000063
0.000036
0.000034
0.000013
-0.000053
0.000031
-0.000014
-0.000005
0.000026
0.000038
-0.000030
0.000015
0.000014
0.000004
0.000020
0.000003
0.000007
0.000057
0.000039
-0.000013
-0.000013
0.000039
0.000028
-0.000027
-0.000023
0.000018
-0.000026
-0.000004
0.000060
-0.000036
0.000021
0.000036
-0.000006
0.000029
-0.000016
0.000015
-0.000013
0.000027
0.000041
0.000051
0.000040
0.000014
-0.000038
0.000027
0.000010
-0.000050
0.000008
-0.000005
0.000057
0.000011
-0.000001
0.000029
-0.000006
0.000065
0.000021
0.000029
-0.000028
-0.000059
0.000022
0.000007
0.000034
-0.000006
0.000011
-0.000010
-0.000049
0.000026
-0.000029
-0.000036
-0.000011
0.000024
0.000017
0.000056
-0.000025
0.000023
-0.000056
-0.000024
-0.000024
0.000007
0.000019
0.000010
-0.000077
-0.000057
0.000001
-0.000020
0.000011
0.000004
-0.000014
0.000005
-0.000025
0.000003
0.000014
0.000033
0.000019
-0.000003
0.000011
0.000001
0.000017
-0.000016
0.000030
0.000006
0.000001
0.000034
0.000048
-0.000042
-0.000034
-0.000003
0.000025
0.000011
0.000010
0.000046
0.000025
-0.000000
0.000003
-0.000022
0.000009
0.000009
-0.000046
0.000044
0.000021
0.000002
0.000017
0.000040
-0.000047
-0.000022
-0.000007
0.000009
-0.000014
0.000001
0.000022
0.000003
0.000025
0.000002
-0.000035
-0.000004
-0.000015
-0.000053
-0.000051
0.000026
-0.000004
0.000045
-0.000036
-0.000016
-0.000022
0.000020
0.000046
0.000000
-0.000001
0.000002
-0.000011
0.000021
0.000032
0.000033
0.000018
-0.000057
-0.000014
0.000006
0.000003
-0.000028
-0.000018
-0.000003
-0.000006
0.000019
-0.000010
-0.000001
-0.000024
0.000002
-0.000004
0.000015
0.000064
0.000046
-0.000003
0.000002
-0.000016
0.000001
0.000058
0.000024
0.000011
-0.000021
-0.000054
0.000013
0.000019
0.000003
-0.000048
-0.000003
-0.000011
-0.000016
-0.000022
0.000065
-0.000065
-0.000005
-0.000031
0.000001
0.000094
0.000044
0.000034
0.000004
0.000005
-0.000018
-0.000001
-0.000044
0.000016
0.000029
-0.000009
-0.000053
0.000008
0.000011
0.000012
0.000062
0.000063
0.000016
-0.000016
0.000027
-0.000057
0.000022
0.000009
-0.000018
0.000049
-0.000045
-0.000001
-0.000002
-0.000036
0.000011
-0.000029
0.000020
0.000004
-0.000042
0.000048
-0.000003
-0.000025
-0.000007
-0.000011
0.000007
-0.000028
-0.000003
0.000027
0.000008
-0.000017
0.000059
-0.000003
0.000008
0.000026
-0.000026
0.000039
-0.000028
-0.000029
0.000026
-0.000032
-0.000003
-0.000009
-0.000006
0.000064
-0.000029
0.000032
0.000005
0.000011
0.000009
-0.000028
-0.000021
-0.000006
-0.000016
-0.000032
-0.000026
-0.000031
0.000001
0.000027
-0.000033
0.000002
0.000024
0.000013
0.000013
0.000016
0.000039
0.000003
-0.000063
0.000029
-0.000007
-0.000037
0.000027
-0.000068
0.000043
0.000025
-0.000009
-0.000027
-0.000003
0.000032
0.000005
0.000004
0.000028
0.000035
0.000017
0.000027
0.000018
0.000019
-0.000021
-0.000014
0.000027
-0.000012
-0.000053
0.000033
-0.000034
0.000005
0.000001
0.000026
-0.000009
0.000037
0.000001
0.000067
0.000022
-0.000002
-0.000006
-0.000012
-0.000004
0.000036
0.000001
0.000036
0.000046
0.000000
-0.000009
-0.000035
0.000013
0.000019
-0.000026
0.000078
-0.000035
-0.000021
-0.000007
-0.000047
0.000042
0.000056
-0.000031
0.000016
-0.000007
-0.000013
-0.000027
-0.000007
-0.000090
-0.000061
-0.000034
0.000059
0.000016
-0.000001
0.000021
0.000002
0.000036
0.000006
0.000019
0.000036
0.000032
-0.000006
-0.000015
0.000029
0.000013
0.000028
-0.000014
-0.000009
0.000027
-0.000057
-0.000019
-0.000011
-0.000002
0.000006
-0.000007
-0.000007
0.000014
-0.000030
-0.000016
0.000038
-0.000048
-0.000013
0.000010
0.000015
0.000000
-0.000002
-0.000011
-0.000028
-0.000011
0.000031
0.000002
0.000001
0.000007
-0.000056
-0.000012
-0.000006
-0.000023
-0.000016
0.000030
0.000001
0.000003
0.000014
0.000022
0.000041
-0.000022
-0.000001
0.000008
0.000016
0.000007
0.000028
-0.000004
-0.000032
0.000044
-0.000010
0.000050
0.000018
-0.000049
0.000033
-0.000028
-0.000012
0.000026
0.000020
-0.000015
0.000022
0.000019
-0.000039
0.000011
0.000047
-0.000005
-0.000009
-0.000036
-0.000005
0.000007
-0.000043
0.000003
0.000036
0.000006
0.000034
-0.000001
-0.000005
-0.000018
0.000020
0.000002
-0.000031
0.000036
0.000041
0.000025
-0.000028
-0.000022
-0.000000
-0.000045
-0.000028
0.000023
0.000034
0.000025
-0.000007
0.000014
-0.000035
0.000002
-0.000021
0.000055
0.000024
0.000004
0.000022
0.000025
0.000044
0.000014
-0.000041
-0.000002
0.000000
0.000006
0.000025
-0.000029
-0.000074
-0.000050
-0.000009
-0.000009
0.000019
-0.000012
-0.000008
-0.000037
-0.000015
0.000006
-0.000009
-0.000012
-0.000019
-0.000012
0.000070
0.000076
-0.000017
0.000036
0.000021
-0.000024
-0.000059
-0.000023
0.000013
-0.000005
0.000012
0.000032
0.000029
-0.000014
-0.000022
-0.000031
0.000028
0.000027
0.000018
0.000003
0.000035
0.000003
-0.000028
0.000012
-0.000009
0.000006
0.000030
0.000058
-0.000022
-0.000005
-0.000029
-0.000014
0.000048
0.000015
-0.000011
-0.000017
0.000005
0.000033
0.000001
0.000003
-0.000021
0.000028
-0.000023
0.000015
-0.000001
-0.000002
0.000050
0.000010
-0.000024
-0.000005
-0.000007
-0.000027
0.000038
0.000017
-0.000000
0.000015
-0.000013
0.000026
0.000022
0.000047
-0.000047
-0.000001
-0.000024
0.000016
0.000005
0.000014
0.000054
0.000044
0.000016
0.000019
-0.000039
-0.000016
0.000048
0.000060
0.000063
-0.000034
-0.000043
0.000049
0.000053
0.000011
-0.000000
-0.000041
-0.000021
-0.000020
0.000004
-0.000005
0.000022
0.000009
-0.000022
-0.000007
-0.000041
-0.000057
-0.000011
-0.000000
-0.000027
0.000032
0.000059
0.000018
-0.000029
0.000007
0.000004
0.000031
0.000025
0.000004
0.000007
-0.000018
-0.000035
-0.000000
-0.000056
0.000043
-0.000021
0.000049
0.000014
0.000020
0.000011
0.000027
-0.000026
-0.000034
-0.000001
-0.000021
-0.000013
0.000004
0.000016
-0.000001
-0.000004
0.000014
-0.000000
0.000005
-0.000056
-0.000026
-0.000009
0.000016
-0.000001
-0.000011
0.000030
-0.000001
0.000004
-0.000066
-0.000019
-0.000008
-0.000008
-0.000001
-0.000032
0.000033
-0.000058
-0.000007
-0.000006
0.000001
-0.000048
0.000001
0.000025
-0.000083
0.000034
-0.000012
-0.000016
-0.000035
-0.000044
-0.000027
0.000032
0.000037
0.000077
0.000044
-0.000024
-0.000018
-0.000023
0.000021
0.000016
0.000072
0.000080
-0.000035
-0.000015
0.000043
0.000041
-0.000027
0.000019
0.000019
0.000009
-0.000030
0.000037
-0.000020
-0.000009
-0.000111
-0.000033
-0.000057
-0.000069
0.000003
0.000035
0.000054
-0.000019
-0.000015
-0.000031
0.000036
0.000034
0.000015
0.000020
0.000050
-0.000002
-0.000022
0.000044
-0.000025
-0.000040
0.000022
-0.000011
0.000012
-0.000018
-0.000039
-0.000017
-0.000024
-0.000010
0.000005
-0.000009
-0.000028
-0.000021
0.000008
-0.000013
-0.000004
-0.000010
-0.000016
0.000047
0.000020
0.000022
-0.000013
-0.000049
-0.000018
0.000041
0.000035
0.000072
-0.000012
0.000033
0.000017
-0.000024
0.000002
-0.000056
-0.000055
-0.000003
0.000019
0.000025
0.000028
-0.000010
0.000014
0.000038
-0.000041
-0.000017
0.000011
0.000003
-0.000020
0.000017
0.000011
0.000025
0.000010
-0.000038
0.000000
-0.000023
-0.000013
-0.000022
0.000018
0.000012
0.000033
0.000008
0.000002
-0.000011
0.000002
0.000012
-0.000046
0.000022
0.000003
0.000007
-0.000006
-0.000012
-0.000047
0.000003
-0.000011
-0.000031
0.000018
-0.000056
0.000009
0.000035
-0.000027
0.000005
0.000023
0.000040
-0.000053
-0.000026
-0.000023
0.000009
0.000009
-0.000031
-0.000036
0.000007
-0.000010
-0.000026
-0.000005
0.000047
-0.000022
0.000018
0.000003
0.000013
0.000032
-0.000021
0.000008
-0.000023
-0.000022
-0.000024
-0.000002
0.000038
-0.000001
0.000018
0.000005
0.000070
0.000023
-0.000005
0.000037
0.000032
-0.000015
0.000008
-0.000015
-0.000012
0.000007
0.000021
0.000021
-0.000015
0.000016
-0.000020
-0.000005
-0.000014
-0.000023
-0.000023
-0.000032
0.000032
-0.000041
0.000006
0.000024
0.000010
-0.000002
0.000006
-0.000035
-0.000019
0.000059
-0.000010
0.000068
-0.000002
0.000010
-0.000013
-0.000034
0.000010
-0.000004
0.000026
-0.000000
0.000008
-0.000009
0.000017
-0.000010
-0.000093
0.000000
-0.000038
0.000055
0.000038
0.000003
0.000027
0.000007
0.000025
0.000024
-0.000020
0.000004
-0.000033
-0.000001
0.000047
0.000006
-0.000026
-0.000001
-0.000025
0.000014
-0.000014
-0.000011
0.000012
-0.000024
-0.000005
-0.000041
-0.000010
-0.000025
-0.000054
0.000020
0.000058
-0.000067
0.000009
-0.000012
-0.000030
-0.000023
-0.000003
0.000009
0.000034
-0.000032
0.000017
-0.000005
-0.000042
0.000027
-0.000003
0.000020
0.000006
0.000002
0.000072
-0.000052
-0.000009
0.000047
-0.000045
-0.000014
-0.000030
0.000034
0.000046
0.000030
0.000006
-0.000041
0.000000
0.000011
0.000014
-0.000039
0.000009
0.000015
0.000045
0.000006
0.000009
0.000022
-0.000020
0.000017
-0.000051
-0.000033
0.000022
0.000044
-0.000011
0.000003
-0.000040
-0.000067
-0.000006
-0.000037
0.000009
0.000056
-0.000033
-0.000037
-0.000016
0.000020
-0.000050
0.000001
0.000041
0.000014
-0.000022
0.000012
-0.000003
-0.000034
0.000011
-0.000054
0.000058
0.000032
-0.000021
-0.000017
-0.000027
-0.000045
0.000004
0.000026
0.000004
0.000036
-0.000049
0.000000
-0.000029
-0.000011
-0.000023
-0.000027
0.000023
0.000017
-0.000053
-0.000016
0.000032
0.000020
-0.000009
0.000015
0.000004
0.000047
-0.000003
0.000032
0.000020
-0.000039
-0.000008
0.000020
-0.000036
0.000017
0.000054
0.000008
-0.000009
-0.000009
0.000021
0.000043
0.000001
-0.000030
-0.000007
-0.000003
0.000028
0.000029
0.000007
-0.000044
0.000072
0.000013
0.000013
-0.000038
-0.000046
0.000036
0.000036
-0.000017
-0.000015
-0.000019
-0.000013
0.000024
0.000022
0.000018
-0.000002
0.000018
-0.000016
-0.000024
-0.000013
-0.000035
-0.000039
-0.000058
0.000026
0.000028
-0.000008
0.000014
0.000016
0.000002
-0.000012
-0.000029
0.000025
0.000030
-0.000043
-0.000008
-0.000041
-0.000020
0.000005
0.000013
0.000018
0.000023
0.000045
0.000024
0.000035
0.000037
0.000003
0.000004
-0.000018
-0.000015
-0.000043
-0.000084
-0.000005
-0.000002
0.000039
-0.000026
-0.000028
0.000013
0.000008
0.000025
0.000043
-0.000018
-0.000025
-0.000018
0.000010
0.000036
0.000018
0.000037
-0.000008
-0.000017
0.000052
0.000029
-0.000020
-0.000000
-0.000001
-0.000013
-0.000005
0.000000
0.000011
-0.000013
-0.000040
0.000006
0.000007
-0.000021
-0.000032
0.000012
0.000028
0.000053
-0.000036
0.000040
0.000007
-0.000014
-0.000040
-0.000055
-0.000012
-0.000003
0.000006
0.000061
-0.000020
-0.000028
0.000008
-0.000014
0.000022
-0.000025
-0.000035
0.000036
0.000035
0.000031
0.000034
-0.000013
0.000051
-0.000009
-0.000006
-0.000026
0.000008
-0.000008
0.000022
0.000030
-0.000049
-0.000008
-0.000028
0.000006
-0.000010
0.000009
-0.000041
0.000013
0.000034
-0.000003
-0.000049
0.000057
0.000019
0.000003
-0.000022
-0.000049
0.000058
0.000003
-0.000018
0.000021
0.000036
0.000018
0.000049
-0.000035
-0.000005
0.000010
-0.000028
0.000023
0.000003
0.000011
-0.000045
0.000026
-0.000016
-0.000013
-0.000004
-0.000012
-0.000016
0.000079
-0.000008
-0.000037
0.000019
-0.000012
0.000024
0.000002
0.000009
-0.000007
0.000018
0.000023
-0.000004
-0.000009
-0.000016
0.000019
-0.000019
-0.000038
-0.000037
-0.000036
-0.000019
0.000061
-0.000006
0.000043
-0.000021
-0.000029
-0.000021
0.000018
0.000000
-0.000018
0.000018
-0.000031
-0.000067
-0.000024
-0.000004
0.000051
-0.000027
-0.000001
-0.000013
0.000017
-0.000021
0.000011
-0.000029
0.000002
0.000004
0.000008
-0.000019
-0.000055
-0.000045
-0.000074
-0.000022
0.000011
-0.000024
-0.000023
0.000025
-0.000024
0.000006
0.000016
0.000006
-0.000030
0.000013
0.000002
-0.000003
-0.000004
-0.000009
0.000055
-0.000016
0.000033
-0.000006
0.000038
0.000039
0.000015
0.000024
-0.000026
0.000002
0.000010
0.000001
0.000032
-0.000019
0.000000
0.000030
-0.000014
-0.000022
0.000001
-0.000047
-0.000034
0.000022
-0.000061
0.000063
0.000020
0.000007
0.000042
0.000005
-0.000074
0.000031
0.000044
-0.000033
-0.000044
-0.000041
-0.000053
0.000001
0.000018
-0.000004
-0.000037
0.000020
0.000010
-0.000024
-0.000016
-0.000041
0.000007
-0.000016
0.000026
0.000035
0.000047
-0.000044
-0.000031
-0.000025
0.000008
0.000005
-0.000013
-0.000005
-0.000016
-0.000025
0.000041
-0.000029
-0.000036
-0.000033
0.000013
-0.000023
0.000026
0.000033
0.000050
-0.000017
-0.000039
-0.000026
-0.000004
-0.000016
-0.000006
0.000044
-0.000033
-0.000044
0.000001
-0.000012
-0.000024
-0.000048
0.000028
0.000069
-0.000028
-0.000032
-0.000009
-0.000018
-0.000008
0.000008
-0.000015
-0.000014
-0.000019
0.000009
-0.000016
-0.000001
0.000014
-0.000007
0.000040
0.000004
-0.000015
-0.000010
0.000054
-0.000012
0.000009
-0.000025
-0.000016
-0.000031
-0.000023
0.000085
-0.000010
-0.000079
0.000024
0.000049
-0.000038
-0.000026
-0.000003
-0.000037
0.000027
-0.000001
-0.000046
-0.000019
-0.000002
0.000007
0.000017
-0.000016
-0.000034
0.000031
0.000034
-0.000002
0.000018
0.000001
0.000070
-0.000006
-0.000051
0.000022
0.000003
-0.000029
0.000005
-0.000004
-0.000048
-0.000036
-0.000045
0.000030
-0.000028
-0.000051
-0.000022
-0.000003
-0.000023
0.000032
-0.000017
0.000004
-0.000004
-0.000016
-0.000063
0.000006
-0.000006
-0.000030
-0.000050
0.000046
0.000024
0.000017
0.000004
0.000022
-0.000032
-0.000030
-0.000014
0.000001
0.000036
-0.000009
0.000023
-0.000050
0.000001
0.000009
0.000006
0.000018
0.000031
0.000025
-0.000011
-0.000020
0.000052
-0.000024
0.000005
-0.000012
-0.000078
0.000072
-0.000090
-0.000086
0.000014
-0.000046
0.000015
0.000016
0.000022
0.000004
-0.000015
0.000004
0.000016
-0.000011
0.000024
-0.000008
0.000040
-0.000048
0.000003
0.000041
0.000005
-0.000005
0.000047
-0.000056
0.000011
0.000039
0.000014
0.000039
-0.000002
-0.000003
-0.000030
-0.000006
0.000017
0.000026
-0.000033
0.000016
-0.000024
-0.000002
0.000010
0.000028
0.000046
-0.000026
-0.000017
0.000046
0.000011
0.000047
-0.000019
0.000017
-0.000032
-0.000015
-0.000017
-0.000018
-0.000028
-0.000042
0.000042
-0.000013
0.000059
0.000003
-0.000027
0.000004
0.000066
0.000031
-0.000023
-0.000004
0.000013
0.000051
0.000036
-0.000042
-0.000008
0.000031
0.000025
0.000046
-0.000004
-0.000028
-0.000033
0.000018
0.000018
0.000017
0.000001
-0.000085
-0.000019
0.000020
-0.000015
-0.000016
-0.000038
-0.000022
-0.000012
-0.000014
0.000009
0.000064
-0.000020
-0.000051
0.000003
0.000032
0.000014
0.000027
-0.000014
-0.000012
-0.000057
-0.000001
0.000014
0.000027
0.000000
-0.000029
0.000009
-0.000014
-0.000003
0.000006
-0.000031
0.000015
0.000015
0.000016
-0.000001
-0.000020
0.000026
0.000010
0.000047
-0.000053
0.000017
0.000012
0.000014
0.000029
-0.000045
0.000020
-0.000023
-0.000005
0.000057
0.000010
-0.000026
0.000026
-0.000062
-0.000024
-0.000018
-0.000017
0.000005
0.000059
0.000023
0.000044
-0.000022
-0.000037
0.000015
-0.000027
-0.000002
0.000030
-0.000007
0.000001
-0.000005
0.000029
0.000021
-0.000066
0.000020
0.000080
0.000041
-0.000039
0.000029
0.000007
-0.000027
0.000038
-0.000016
-0.000071
-0.000031
-0.000055
-0.000005
0.000017
-0.000047
0.000004
-0.000024
-0.000036
0.000043
-0.000008
-0.000051
0.000005
0.000033
-0.000031
0.000012
-0.000014
0.000011
0.000029
-0.000028
0.000025
-0.000053
-0.000000
-0.000036
0.000037
0.000001
-0.000019
-0.000023
-0.000065
0.000021
0.000013
0.000001
0.000023
0.000014
-0.000041
-0.000014
0.000022
0.000001
0.000059
-0.000004
-0.000015
-0.000041
0.000016
0.000008
-0.000064
0.000001
-0.000011
0.000038
0.000005
0.000008
0.000027
-0.000015
0.000007
-0.000052
-0.000001
0.000018
0.000043
0.000033
-0.000050
0.000024
0.000006
-0.000033
-0.000026
-0.000034
-0.000025
0.000038
0.000076
-0.000035
-0.000019
0.000029
-0.000017
-0.000011
0.000008
0.000048
0.000008
0.000070
0.000028
-0.000010
0.000011
-0.000036
0.000016
0.000054
-0.000010
-0.000009
0.000051
-0.000011
-0.000012
0.000018
0.000019
0.000018
-0.000047
-0.000026
0.000000
-0.000004
-0.000008
0.000040
-0.000050
0.000007
0.000053
0.000047
-0.000036
-0.000003
0.000013
-0.000010
0.000010
-0.000010
0.000061
-0.000004
-0.000010
-0.000010
-0.000010
-0.000014
0.000014
0.000037
-0.000036
-0.000009
0.000003
0.000004
-0.000032
0.000018
-0.000047
0.000012
-0.000030
0.000041
-0.000043
0.000050
0.000054
0.000082
0.000020
-0.000001
-0.000015
0.000002
0.000053
-0.000056
0.000010
0.000029
-0.000047
0.000011
0.000009
-0.000007
0.000055
0.000008
-0.000014
-0.000014
0.000049
0.000003
-0.000019
0.000033
0.000018
-0.000000
-0.000020
0.000019
-0.000044
0.000014
0.000008
-0.000048
-0.000027
-0.000036
0.000006
0.000024
-0.000039
-0.000006
0.000025
-0.000007
-0.000012
-0.000011
-0.000009
-0.000059
-0.000048
0.000037
-0.000026
-0.000009
0.000031
0.000046
0.000033
0.000045
0.000037
-0.000016
-0.000015
-0.000027
-0.000010
-0.000031
0.000018
-0.000020
-0.000021
-0.000019
0.000034
0.000020
-0.000037
-0.000019
0.000048
0.000025
0.000017
0.000018
0.000004
0.000000
0.000035
-0.000015
0.000013
-0.000004
0.000060
0.000002
-0.000015
-0.000019
0.000038
-0.000016
0.000049
0.000039
0.000050
0.000005
0.000007
0.000032
0.000002
0.000003
-0.000034
-0.000034
-0.000021
0.000005
0.000059
-0.000053
-0.000031
0.000033
-0.000033
-0.000018
-0.000020
0.000006
0.000007
0.000014
0.000013
-0.000074
0.000040
-0.000015
0.000017
-0.000034
0.000019
0.000037
-0.000025
0.000032
-0.000022
-0.000040
0.000043
-0.000058
0.000006
-0.000018
-0.000036
0.000052
-0.000056
0.000023
0.000027
0.000029
0.000028
0.000032
-0.000023
0.000003
-0.000020
-0.000023
0.000005
-0.000013
-0.000016
-0.000022
0.000013
-0.000039
-0.000024
0.000029
0.000029
-0.000015
-0.000027
-0.000033
0.000029
-0.000055
0.000043
0.000048
-0.000033
0.000025
0.000015
0.000027
0.000053
0.000005
-0.000057
-0.000017
-0.000013
0.000025
-0.000056
-0.000039
0.000009
-0.000035
-0.000012
-0.000049
-0.000003
-0.000003
0.000026
-0.000038
0.000036
-0.000029
-0.000031
-0.000017
-0.000011
0.000019
-0.000016
0.000002
-0.000043
-0.000014
-0.000001
0.000044
-0.000003
0.000024
0.000044
0.000037
-0.000020
-0.000073
-0.000017
0.000015
-0.000063
-0.000045
0.000040
0.000041
0.000037
0.000062
0.000069
-0.000021
-0.000039
-0.000004
-0.000036
0.000003
-0.000013
0.000011
-0.000020
-0.000011
0.000050
-0.000014
-0.000020
-0.000003
0.000013
-0.000006
0.000025
-0.000018
-0.000043
0.000010
-0.000002
0.000033
-0.000014
0.000038
-0.000038
-0.000024
-0.000018
-0.000079
0.000001
0.000042
0.000010
0.000007
-0.000020
-0.000025
-0.000044
-0.000007
-0.000007
0.000007
-0.000043
0.000021
0.000060
0.000043
-0.000024
0.000042
0.000002
0.000007
0.000041
0.000009
-0.000019
0.000042
0.000038
-0.000032
0.000039
0.000004
0.000014
-0.000009
-0.000022
-0.000006
0.000009
0.000004
0.000018
0.000059
-0.000012
0.000014
0.000007
-0.000019
0.000033
-0.000016
-0.000017
0.000027
0.000013
0.000044
0.000041
0.000038
0.000015
-0.000003
-0.000019
0.000018
0.000028
-0.000029
-0.000046
-0.000020
0.000035
0.000008
0.000024
-0.000046
0.000001
0.000041
-0.000033
0.000022
-0.000002
-0.000024
-0.000066
-0.000016
0.000003
0.000021
-0.000009
0.000019
0.000029
0.000035
-0.000021
0.000020
-0.000027
0.000031
-0.000003
-0.000043
0.000018
-0.000001
0.000001
-0.000016
0.000028
-0.000004
-0.000025
-0.000008
-0.000029
0.000011
0.000040
-0.000010
-0.000031
0.000010
-0.000044
-0.000001
0.000005
0.000041
-0.000002
0.000056
0.000008
-0.000005
-0.000022
-0.000010
0.000003
-0.000005
-0.000053
-0.000033
0.000007
-0.000024
-0.000025
-0.000010
0.000022
0.000009
0.000018
0.000009
0.000018
-0.000027
-0.000004
-0.000013
0.000071
-0.000012
0.000001
-0.000009
0.000008
0.000003
-0.000014
-0.000024
-0.000009
-0.000014
0.000015
-0.000015
-0.000022
0.000039
-0.000006
-0.000035
-0.000006
0.000012
-0.000029
-0.000043
-0.000011
-0.000009
-0.000048
0.000033
0.000019
0.000015
0.000022
-0.000001
0.000038
-0.000027
0.000021
-0.000010
-0.000007
-0.000015
-0.000021
0.000029
0.000038
0.000005
0.000049
-0.000030
0.000020
0.000012
-0.000046
-0.000071
-0.000037
0.000026
0.000009
-0.000015
0.000008
-0.000042
-0.000034
-0.000006
0.000022
0.000023
0.000026
-0.000006
-0.000001
0.000023
0.000016
0.000037
0.000009
-0.000009
0.000001
-0.000013
-0.000008
0.000023
0.000001
0.000004
0.000014
-0.000011
0.000031
-0.000003
0.000020
0.000041
0.000032
0.000001
0.000018
0.000003
0.000033
0.000023
-0.000017
0.000010
0.000044
0.000019
0.000010
0.000004
0.000004
0.000033
0.000036
0.000028
-0.000014
-0.000030
0.000047
-0.000014
-0.000023
-0.000016
-0.000024
0.000011
-0.000045
0.000043
0.000044
0.000036
-0.000012
0.000041
-0.000033
0.000055
-0.000005
0.000009
-0.000019
-0.000045
0.000083
-0.000070
-0.000031
0.000018
-0.000060
0.000056
0.000024
0.000029
0.000006
-0.000025
0.000042
-0.000045
0.000035
0.000015
-0.000015
0.000008
-0.000021
0.000021
-0.000016
-0.000003
-0.000004
-0.000005
-0.000042
-0.000021
-0.000007
-0.000016
0.000036
0.000003
0.000048
-0.000015
0.000012
0.000052
-0.000004
-0.000002
-0.000002
-0.000007
-0.000036
-0.000028
-0.000005
-0.000018
0.000024
0.000023
-0.000021
-0.000008
-0.000008
-0.000033
-0.000026
-0.000006
-0.000047
0.000006
0.000023
-0.000034
-0.000008
-0.000064
-0.000012
0.000025
-0.000000
0.000022
0.000042
0.000020
-0.000016
-0.000032
-0.000024
-0.000022
0.000014
-0.000038
0.000082
-0.000014
-0.000034
0.000028
0.000030
-0.000035
-0.000025
-0.000044
0.000010
0.000028
-0.000009
-0.000041
0.000054
0.000016
-0.000017
-0.000038
0.000038
0.000022
-0.000016
0.000028
-0.000005
0.000051
-0.000085
-0.000018
-0.000018
-0.000036
-0.000003
-0.000029
0.000002
-0.000006
-0.000003
-0.000034
-0.000032
-0.000029
-0.000023
0.000043
-0.000019
0.000001
0.000030
-0.000009
-0.000013
0.000033
0.000007
-0.000004
-0.000026
0.000019
0.000031
0.000035
-0.000015
0.000014
0.000001
-0.000027
0.000052
0.000003
-0.000011
-0.000003
0.000002
0.000021
-0.000020
0.000032
-0.000012
0.000020
-0.000035
-0.000024
0.000034
0.000012
0.000036
-0.000037
0.000001
0.000005
-0.000015
0.000016
-0.000033
-0.000011
-0.000005
0.000032
-0.000015
-0.000013
0.000045
-0.000010
-0.000005
-0.000048
0.000021
-0.000038
-0.000005
0.000013
0.000031
0.000010
-0.000014
0.000017
0.000028
0.000014
0.000002
0.000007
-0.000021
0.000017
0.000007
-0.000068
-0.000016
-0.000035
0.000007
0.000052
-0.000049
0.000003
0.000023
0.000045
0.000031
-0.000005
-0.000039
0.000036
0.000041
-0.000058
-0.000000
0.000037
-0.000061
-0.000031
0.000033
0.000032
0.000058
-0.000007
0.000002
-0.000023
0.000070
0.000015
0.000007
0.000019
-0.000012
0.000008
0.000009
-0.000026
0.000032
0.000026
-0.000036
-0.000019
-0.000015
-0.000014
0.000008
-0.000008
0.000019
0.000026
-0.000017
0.000053
-0.000001
0.000025
-0.000039
-0.000042
-0.000030
0.000013
0.000028
0.000014
0.000016
-0.000008
-0.000016
-0.000049
0.000025
-0.000018
0.000009
-0.000024
-0.000002
0.000024
-0.000031
-0.000011
0.000023
0.000019
0.000021
0.000006
-0.000009
-0.000019
-0.000064
-0.000031
-0.000045
-0.000083
0.000027
-0.000006
0.000016
0.000004
0.000017
-0.000012
0.000015
0.000027
0.000001
-0.000024
-0.000001
0.000016
0.000012
0.000013
0.000021
0.000013
0.000023
0.000036
0.000012
-0.000007
-0.000026
-0.000007
0.000053
0.000007
0.000018
0.000031
0.000003
-0.000050
0.000064
-0.000039
-0.000021
-0.000034
-0.000021
-0.000008
-0.000034
0.000011
-0.000012
-0.000040
-0.000030
0.000018
0.000046
-0.000013
0.000040
0.000007
-0.000009
-0.000036
-0.000029
0.000005
-0.000013
-0.000005
-0.000021
-0.000025
-0.000039
0.000021
0.000010
0.000037
-0.000010
0.000006
0.000038
-0.000013
0.000007
-0.000020
0.000015
0.000023
0.000017
0.000017
0.000045
-0.000016
-0.000024
-0.000013
0.000032
0.000005
0.000009
-0.000030
-0.000025
-0.000006
0.000049
-0.000035
-0.000011
0.000005
-0.000010
-0.000012
0.000021
0.000018
-0.000036
0.000067
-0.000000
0.000003
-0.000020
0.000009
0.000025
0.000031
0.000048
-0.000013
-0.000074
-0.000006
0.000041
0.000016
-0.000001
0.000011
0.000058
-0.000009
-0.000025
0.000020
0.000012
-0.000018
-0.000088
0.000048
-0.000036
0.000015
0.000012
0.000009
0.000014
0.000053
0.000009
-0.000017
-0.000007
-0.000047
0.000065
-0.000002
0.000001
0.000027
-0.000014
-0.000048
0.000034
0.000044
-0.000024
0.000018
-0.000001
0.000004
0.000048
-0.000007
0.000033
0.000028
-0.000023
-0.000068
0.000019
0.000015
-0.000010
0.000003
0.000002
-0.000005
-0.000036
0.000014
0.000018
-0.000086
0.000049
0.000039
0.000007
0.000025
0.000005
-0.000048
0.000005
-0.000019
-0.000001
0.000014
-0.000018
0.000011
-0.000038
-0.000001
-0.000013
-0.000019
0.000030
-0.000043
0.000006
0.000047
0.000009
-0.000006
0.000003
0.000070
-0.000028
-0.000009
0.000067
0.000035
-0.000033
-0.000020
0.000027
-0.000029
0.000021
-0.000022
0.000007
0.000017
-0.000029
-0.000019
0.000020
0.000052
0.000001
-0.000001
-0.000001
0.000020
-0.000019
-0.000010
-0.000050
0.000033
0.000051
0.000051
0.000007
0.000017
-0.000011
-0.000029
0.000017
-0.000007
-0.000032
-0.000038
-0.000004
-0.000041
-0.000011
-0.000013
-0.000029
-0.000008
-0.000021
0.000026
-0.000024
0.000003
0.000034
-0.000033
-0.000023
-0.000028
-0.000056
0.000006
0.000015
0.000015
0.000017
0.000014
-0.000002
0.000039
0.000036
0.000010
0.000039
0.000033
0.000014
-0.000024
-0.000010
-0.000027
-0.000034
-0.000001
-0.000032
-0.000029
-0.000046
-0.000025
0.000036
0.000034
0.000034
-0.000004
-0.000026
0.000041
-0.000024
0.000017
0.000017
-0.000010
-0.000003
-0.000008
0.000011
0.000058
0.000057
-0.000006
-0.000011
0.000020
-0.000013
0.000008
-0.000026
0.000038
-0.000009
-0.000032
0.000052
-0.000012
-0.000031
-0.000054
0.000036
-0.000040
0.000021
0.000049
-0.000034
-0.000003
0.000002
0.000022
0.000017
0.000035
-0.000020
-0.000036
0.000019
0.000006
-0.000002
-0.000057
-0.000051
0.000029
-0.000015
0.000012
-0.000005
0.000001
-0.000009
-0.000018
0.000001
0.000001
0.000006
-0.000037
-0.000002
-0.000011
0.000015
-0.000024
-0.000025
0.000009
0.000013
-0.000035
0.000004
-0.000039
-0.000026
-0.000018
-0.000018
-0.000048
-0.000002
-0.000040
-0.000032
-0.000025
0.000002
0.000039
0.000046
-0.000015
-0.000014
0.000046
0.000051
-0.000022
-0.000008
0.000021
0.000030
-0.000007
-0.000025
0.000081
0.000038
-0.000033
0.000012
0.000026
-0.000026
0.000035
0.000051
0.000025
-0.000010
0.000013
-0.000034
-0.000001
-0.000062
0.000018
-0.000017
-0.000027
-0.000009
-0.000013
0.000045
-0.000007
-0.000028
-0.000005
-0.000017
0.000022
-0.000075
-0.000020
0.000003
0.000007
-0.000009
0.000021
-0.000026
-0.000030
-0.000064
0.000023
0.000024
-0.000003
0.000036
0.000030
-0.000017
-0.000061
0.000011
0.000004
-0.000031
0.000028
0.000024
0.000071
0.000031
-0.000032
0.000053
-0.000040
0.000075
-0.000003
0.000007
-0.000002
-0.000028
0.000020
-0.000004
-0.000002
-0.000003
-0.000011
-0.000026
0.000023
-0.000055
-0.000069
0.000027
0.000008
0.000013
-0.000027
0.000023
-0.000029
-0.000016
0.000024
0.000034
-0.000012
-0.000023
-0.000036
-0.000017
-0.000004
-0.000025
-0.000010
-0.000019
-0.000033
0.000052
0.000020
-0.000013
0.000031
-0.000014
-0.000002
0.000042
-0.000033
0.000010
0.000058
-0.000031
-0.000020
-0.000016
0.000018
-0.000002
0.000033
0.000036
0.000026
-0.000027
-0.000036
-0.000042
0.000026
-0.000018
-0.000046
0.000023
-0.000060
-0.000049
-0.000050
0.000022
0.000026
-0.000015
0.000040
-0.000002
-0.000016
-0.000025
0.000016
0.000026
0.000018
0.000054
0.000058
-0.000016
0.000002
0.000023
-0.000012
0.000010
-0.000046
-0.000010
0.000051
0.000013
-0.000045
-0.000028
0.000016
-0.000010
0.000005
0.000007
0.000014
0.000000
0.000009
-0.000033
0.000001
0.000005
0.000016
-0.000039
0.000004
-0.000019
-0.000011
-0.000018
-0.000017
-0.000015
0.000029
-0.000034
0.000029
0.000033
-0.000030
0.000041
0.000027
0.000002
0.000009
0.000015
0.000015
-0.000004
0.000063
-0.000017
-0.000106
0.000024
-0.000026
-0.000008
-0.000058
0.000030
0.000011
0.000017
-0.000010
0.000000
0.000015
0.000013
-0.000054
-0.000029
-0.000013
-0.000035
-0.000016
0.000013
0.000001
-0.000039
0.000025
-0.000034
-0.000011
-0.000024
-0.000027
0.000014
-0.000047
0.000001
0.000022
0.000018
-0.000012
-0.000013
-0.000009
0.000019
0.000011
0.000017
0.000016
0.000048
0.000031
0.000031
-0.000007
-0.000008
-0.000024
0.000015
-0.000038
0.000046
0.000044
0.000032
0.000004
-0.000014
0.000025
-0.000018
-0.000068
0.000007
-0.000046
-0.000004
-0.000013
-0.000006
-0.000005
0.000007
0.000024
0.000016
-0.000017
0.000015
-0.000013
-0.000014
-0.000007
0.000034
0.000024
0.000019
-0.000025
0.000000
-0.000031
0.000021
0.000001
-0.000061
-0.000048
-0.000040
0.000000
-0.000009
-0.000002
-0.000005
-0.000015
-0.000027
0.000020
-0.000047
0.000014
0.000016
0.000007
-0.000011
0.000007
-0.000004
-0.000018
-0.000040
0.000003
0.000021
0.000006
0.000053
0.000023
0.000006
-0.000029
-0.000046
0.000005
-0.000028
-0.000020
0.000003
0.000029
-0.000010
0.000007
0.000004
-0.000014
-0.000005
-0.000010
-0.000003
0.000016
0.000050
-0.000022
0.000059
-0.000004
-0.000001
-0.000024
0.000019
0.000051
0.000033
0.000008
-0.000010
0.000063
-0.000018
-0.000022
-0.000029
0.000032
-0.000023
0.000010
-0.000038
0.000059
0.000045
-0.000046
-0.000029
-0.000027
-0.000006
-0.000014
-0.000073
-0.000016
0.000031
0.000031
-0.000011
-0.000007
-0.000002
-0.000013
0.000006
-0.000016
-0.000002
-0.000039
0.000001
-0.000010
-0.000027
0.000029
0.000012
-0.000035
0.000001
-0.000005
-0.000010
0.000027
0.000012
0.000011
-0.000035
0.000017
0.000004
-0.000028
0.000009
-0.000009
0.000016
-0.000001
0.000035
0.000024
-0.000020
0.000014
-0.000036
-0.000000
-0.000020
0.000025
0.000012
-0.000019
0.000058
0.000018
-0.000057
0.000018
-0.000001
0.000006
-0.000000
-0.000008
-0.000000
0.000013
-0.000011
0.000019
-0.000006
0.000019
0.000037
-0.000009
-0.000009
-0.000057
-0.000007
-0.000064
0.000009
-0.000032
-0.000011
0.000024
0.000033
-0.000018
-0.000035
-0.000019
0.000017
0.000046
-0.000024
-0.000034
0.000049
-0.000001
0.000068
0.000003
0.000026
0.000031
-0.000003
0.000011
0.000038
-0.000002
-0.000021
0.000037
0.000060
-0.000001
-0.000005
-0.000056
0.000014
0.000111
0.000039
-0.000008
0.000018
-0.000006
0.000005
-0.000013
-0.000020
0.000006
-0.000021
-0.000005
-0.000012
-0.000029
0.000022
0.000023
-0.000011
0.000003
0.000027
0.000018
-0.000028
-0.000022
-0.000042
0.000069
-0.000012
0.000023
0.000026
-0.000005
-0.000021
0.000018
0.000028
-0.000081
0.000042
-0.000014
0.000015
0.000034
-0.000043
0.000020
0.000008
-0.000040
0.000040
0.000001
-0.000008
-0.000005
-0.000010
-0.000021
-0.000002
0.000023
0.000044
0.000050
-0.000000
0.000013
0.000004
-0.000003
-0.000008
0.000019
0.000005
0.000014
-0.000005
0.000003
0.000003
0.000000
-0.000003
-0.000024
0.000003
0.000017
0.000015
0.000045
-0.000035
-0.000023
0.000050
-0.000014
0.000002
0.000030
0.000016
-0.000030
-0.000012
0.000004
0.000004
0.000041
0.000008
-0.000009
0.000008
0.000017
-0.000030
-0.000019
-0.000041
0.000007
-0.000005
-0.000008
0.000044
-0.000003
0.000023
0.000017
-0.000020
-0.000034
-0.000050
-0.000022
0.000003
-0.000030
-0.000035
-0.000041
0.000053
-0.000007
0.000052
0.000047
0.000011
0.000043
-0.000007
-0.000031
0.000021
-0.000026
0.000036
-0.000000
-0.000051
-0.000016
-0.000015
-0.000006
0.000012
0.000016
0.000005
-0.000068
0.000030
-0.000007
-0.000017
0.000028
-0.000048
-0.000016
0.000027
-0.000042
-0.000013
0.000018
-0.000031
-0.000032
0.000005
-0.000049
-0.000008
-0.000106
-0.000026
0.000007
-0.000022
0.000013
0.000025
0.000012
0.000006
-0.000012
0.000012
0.000050
0.000045
-0.000057
-0.000028
-0.000012
-0.000039
-0.000002
-0.000026
0.000016
0.000012
0.000042
0.000025
0.000029
0.000009
-0.000015
0.000015
-0.000001
-0.000023
0.000006
-0.000027
0.000002
-0.000027
0.000021
-0.000007
0.000061
-0.000015
0.000042
0.000034
-0.000023
0.000051
0.000012
-0.000058
-0.000061
0.000041
0.000004
-0.000001
0.000024
0.000012
-0.000007
0.000036
-0.000001
0.000012
0.000019
-0.000014
-0.000012
0.000014
0.000015
0.000026
-0.000023
-0.000002
-0.000031
0.000023
0.000045
-0.000010
-0.000005
0.000004
0.000023
0.000015
0.000054
-0.000021
-0.000029
-0.000016
0.000035
-0.000021
0.000013
-0.000037
0.000009
0.000013
-0.000022
0.000015
-0.000001
-0.000038
-0.000044
0.000010
0.000046
0.000005
-0.000010
0.000025
0.000022
-0.000021
-0.000012
-0.000039
-0.000024
-0.000001
0.000089
-0.000007
0.000066
-0.000025
-0.000000
0.000004
-0.000020
0.000033
-0.000099
0.000034
0.000028
0.000025
-0.000023
-0.000007
0.000035
-0.000007
0.000043
-0.000003
-0.000010
0.000034
-0.000027
0.000040
-0.000010
0.000005
-0.000033
0.000000
-0.000012
0.000012
-0.000053
-0.000008
0.000027
-0.000021
-0.000004
0.000017
0.000006
-0.000001
-0.000004
-0.000028
0.000020
-0.000012
-0.000035
0.000032
-0.000001
-0.000008
0.000006
0.000000
0.000022
-0.000071
0.000048
0.000002
-0.000026
-0.000037
0.000062
0.000043
-0.000001
0.000029
-0.000004
-0.000063
0.000017
0.000008
0.000015
-0.000020
-0.000048
0.000040
-0.000045
-0.000012
0.000018
0.000013
-0.000045
-0.000013
-0.000043
-0.000032
0.000005
0.000017
-0.000016
-0.000039
0.000003
0.000003
-0.000024
-0.000044
0.000032
-0.000000
-0.000022
0.000016
0.000017
0.000028
-0.000037
0.000018
-0.000049
0.000015
-0.000014
-0.000003
-0.000052
0.000037
-0.000028
0.000014
-0.000010
-0.000024
0.000007
0.000010
0.000020
-0.000034
0.000021
-0.000028
-0.000042
0.000012
0.000031
-0.000001
0.000021
-0.000005
0.000012
0.000014
-0.000008
-0.000017
0.000034
-0.000014
-0.000002
0.000020
-0.000057
-0.000077
0.000006
-0.000015
-0.000002
0.000012
-0.000057
0.000002
0.000004
-0.000016
0.000007
-0.000004
-0.000043
0.000003
0.000003
-0.000064
-0.000004
-0.000019
0.000030
-0.000014
0.000005
0.000012
-0.000029
-0.000003
-0.000024
0.000035
0.000029
0.000011
-0.000036
0.000015
-0.000037
-0.000004
0.000008
-0.000055
-0.000041
0.000036
-0.000013
-0.000011
-0.000008
0.000032
-0.000029
-0.000032
0.000051
0.000002
0.000016
-0.000022
0.000014
-0.000013
0.000022
-0.000010
0.000010
-0.000002
-0.000060
-0.000034
-0.000038
-0.000031
-0.000015
-0.000078
0.000014
0.000089
-0.000022
0.000011
-0.000029
0.000018
-0.000025
-0.000044
0.000017
0.000007
-0.000032
0.000003
0.000002
-0.000021
-0.000011
-0.000010
0.000029
-0.000019
0.000003
0.000045
-0.000025
-0.000004
0.000069
0.000009
0.000046
0.000012
-0.000014
-0.000002
0.000039
-0.000033
0.000001
-0.000022
0.000001
-0.000020
-0.000015
0.000002
0.000013
0.000018
-0.000032
-0.000008
-0.000039
0.000012
-0.000006
0.000033
0.000032
-0.000002
-0.000011
-0.000000
-0.000032
0.000017
-0.000012
-0.000015
0.000042
-0.000004
-0.000034
0.000002
0.000036
0.000062
-0.000053
0.000018
0.000015
0.000030
-0.000043
0.000022
-0.000013
0.000048
-0.000014
0.000002
-0.000010
0.000004
0.000005
0.000008
0.000038
0.000030
-0.000016
0.000007
0.000063
0.000023
0.000041
-0.000046
-0.000002
0.000039
0.000040
-0.000003
-0.000020
-0.000036
-0.000001
0.000008
-0.000014
0.000001
0.000015
0.000029
-0.000011
0.000037
0.000051
0.000078
-0.000004
0.000015
0.000063
0.000007
0.000034
0.000034
-0.000012
0.000045
-0.000039
-0.000021
0.000042
-0.000010
0.000039
0.000048
0.000056
0.000033
-0.000006
-0.000024
0.000066
-0.000009
-0.000066
0.000052
-0.000008
-0.000000
0.000009
-0.000011
0.000029
-0.000022
-0.000025
0.000004
0.000015
0.000003
0.000015
-0.000026
0.000003
0.000072
-0.000034
0.000025
-0.000016
0.000099
-0.000013
-0.000035
-0.000030
0.000034
0.000071
-0.000012
-0.000019
0.000029
0.000056
0.000001
0.000008
-0.000007
0.000001
0.000002
0.000022
0.000016
-0.000055
-0.000037
-0.000004
-0.000045
-0.000016
0.000016
0.000034
-0.000031
-0.000039
-0.000018
0.000068
0.000007
-0.000040
-0.000031
0.000038
-0.000004
-0.000005
0.000015
0.000002
0.000002
0.000063
-0.000003
-0.000013
-0.000005
0.000004
0.000004
-0.000004
-0.000029
-0.000004
-0.000009
-0.000046
0.000022
-0.000024
0.000035
0.000016
0.000017
0.000096
-0.000045
0.000045
-0.000015
-0.000047
-0.000005
-0.000026
0.000032
-0.000001
0.000016
0.000033
-0.000030
0.000009
-0.000002
0.000014
0.000004
-0.000005
0.000033
0.000006
-0.000010
0.000014
-0.000000
0.000005
-0.000017
-0.000004
0.000034
0.000029
-0.000052
0.000002
0.000002
-0.000050
0.000003
-0.000080
-0.000036
-0.000044
-0.000002
0.000034
-0.000009
0.000024
-0.000043
-0.000003
0.000028
0.000002
0.000004
-0.000044
-0.000016
-0.000001
0.000019
0.000020
-0.000015
0.000016
-0.000018
0.000006
0.000000
-0.000035
-0.000012
-0.000004
0.000025
0.000028
-0.000032
-0.000086
0.000025
-0.000066
-0.000008
0.000007
-0.000032
0.000055
-0.000009
0.000009
0.000064
-0.000024
0.000011
-0.000029
-0.000023
0.000033
0.000015
-0.000004
0.000038
-0.000033
-0.000004
-0.000007
-0.000056
-0.000029
0.000037
-0.000034
0.000034
0.000005
0.000006
0.000037
0.000099
0.000025
0.000061
0.000006
0.000013
0.000022
0.000020
-0.000008
-0.000025
0.000024
-0.000023
0.000078
0.000039
-0.000027
-0.000001
-0.000022
0.000043
0.000001
-0.000038
-0.000012
-0.000039
-0.000011
0.000034
-0.000013
0.000006
-0.000020
0.000035
-0.000026
0.000006
-0.000014
0.000015
0.000003
-0.000003
-0.000034
0.000046
0.000028
-0.000030
-0.000020
-0.000053
0.000019
0.000003
-0.000062
0.000035
-0.000013
-0.000007
0.000034
0.000032
0.000040
-0.000016
-0.000012
-0.000035
0.000030
0.000026
-0.000013
0.000050
0.000010
0.000021
0.000005
-0.000072
-0.000043
-0.000038
0.000001
0.000019
-0.000000
-0.000000
0.000007
-0.000028
-0.000013
0.000032
0.000011
-0.000049
0.000038
0.000023
0.000044
0.000045
0.000052
-0.000003
0.000043
0.000029
0.000002
0.000015
-0.000031
0.000015
0.000046
0.000011
-0.000007
-0.000042
-0.000016
0.000017
-0.000037
-0.000024
0.000037
-0.000002
0.000002
0.000032
-0.000012
0.000030
0.000005
0.000012
-0.000071
-0.000029
-0.000016
0.000011
0.000030
-0.000005
-0.000006
0.000016
0.000022
-0.000004
-0.000005
-0.000013
-0.000057
0.000051
-0.000010
-0.000022
-0.000055
0.000034
-0.000032
0.000069
0.000025
-0.000043
-0.000004
0.000035
0.000011
-0.000007
0.000023
-0.000022
0.000020
-0.000009
-0.000005
-0.000001
-0.000003
-0.000031
0.000016
-0.000073
0.000026
-0.000019
0.000028
0.000051
-0.000035
0.000015
0.000016
0.000022
-0.000031
-0.000057
0.000009
0.000037
0.000002
-0.000024
0.000050
0.000005
-0.000011
0.000011
-0.000004
-0.000024
-0.000049
0.000047
0.000044
-0.000054
0.000007
-0.000001
0.000001
0.000029
0.000022
-0.000047
-0.000009
0.000029
-0.000028
0.000010
0.000032
0.000032
0.000017
-0.000009
0.000027
0.000011
-0.000081
0.000035
0.000000
-0.000018
0.000006
0.000007
-0.000024
-0.000017
0.000010
-0.000026
-0.000063
0.000023
0.000002
0.000028
-0.000004
0.000014
0.000005
0.000010
-0.000014
0.000015
0.000053
-0.000001
-0.000055
-0.000031
0.000016
-0.000014
-0.000004
-0.000058
-0.000017
0.000007
-0.000037
0.000020
-0.000048
-0.000046
0.000020
-0.000004
-0.000046
0.000046
0.000042
0.000030
0.000012
0.000013
0.000001
-0.000022
-0.000058
0.000000
0.000046
-0.000003
0.000003
-0.000022
-0.000005
-0.000001
-0.000013
0.000034
-0.000058
-0.000020
0.000052
-0.000071
-0.000024
-0.000007
-0.000012
0.000036
0.000026
0.000004
0.000014
0.000042
-0.000033
-0.000003
-0.000003
-0.000011
0.000007
-0.000009
-0.000007
-0.000015
0.000013
-0.000003
-0.000014
0.000033
-0.000050
-0.000030
0.000098
-0.000045
0.000023
0.000038
-0.000029
0.000016
0.000018
-0.000030
-0.000023
-0.000009
-0.000044
-0.000010
0.000013
-0.000034
-0.000067
-0.000051
-0.000025
-0.000027
-0.000035
0.000006
0.000043
-0.000003
0.000011
0.000019
-0.000043
-0.000035
-0.000001
0.000003
-0.000018
0.000025
0.000022
-0.000026
-0.000036
0.000019
0.000044
-0.000012
-0.000012
-0.000008
-0.000006
-0.000007
0.000010
0.000003
-0.000022
-0.000021
-0.000041
-0.000017
-0.000017
-0.000041
-0.000062
0.000023
-0.000002
-0.000029
0.000017
0.000008
0.000040
0.000014
-0.000005
-0.000011
-0.000026
-0.000011
-0.000002
-0.000000
0.000004
-0.000036
0.000002
0.000017
0.000036
0.000007
0.000065
-0.000014
-0.000031
0.000011
0.000037
-0.000032
-0.000057
0.000010
0.000037
-0.000003
-0.000011
0.000073
-0.000039
-0.000019
-0.000011
-0.000044
-0.000029
-0.000032
-0.000010
0.000026
-0.000017
-0.000003
-0.000007
0.000035
0.000012
0.000002
0.000035
-0.000027
-0.000020
-0.000030
0.000032
-0.000014
-0.000016
0.000022
-0.000043
0.000040
0.000022
0.000041
-0.000045
-0.000001
0.000006
0.000010
0.000016
-0.000018
0.000001
-0.000035
-0.000013
0.000023
0.000031
0.000018
-0.000003
0.000019
-0.000001
0.000034
0.000017
-0.000052
-0.000000
0.000020
-0.000008
-0.000030
0.000020
0.000082
0.000010
0.000061
0.000003
0.000037
-0.000000
0.000026
-0.000022
-0.000021
0.000014
0.000032
-0.000031
0.000038
-0.000006
0.000000
0.000051
0.000011
-0.000022
0.000044
-0.000021
-0.000012
0.000004
-0.000025
0.000006
0.000014
0.000034
-0.000039
0.000028
0.000018
-0.000011
-0.000017
0.000016
0.000023
-0.000014
-0.000005
-0.000026
0.000002
0.000039
-0.000072
-0.000006
0.000000
-0.000018
0.000030
-0.000024
0.000013
-0.000073
-0.000009
-0.000004
-0.000022
-0.000007
-0.000027
0.000045
0.000031
0.000010
-0.000030
-0.000026
0.000049
0.000003
-0.000013
0.000026
-0.000057
-0.000020
-0.000000
-0.000007
0.000030
0.000009
-0.000029
-0.000078
-0.000003
-0.000045
0.000005
-0.000045
-0.000035
0.000009
-0.000027
0.000000
-0.000017
-0.000030
-0.000035
0.000070
-0.000047
0.000010
-0.000030
0.000037
-0.000015
0.000023
0.000014
0.000055
0.000009
0.000046
0.000007
-0.000016
-0.000015
-0.000019
-0.000017
-0.000032
-0.000009
0.000032
-0.000028
0.000026
0.000006
0.000011
-0.000011
0.000048
0.000022
-0.000013
0.000044
-0.000021
0.000023
-0.000021
0.000004
-0.000030
-0.000035
0.000025
0.000025
0.000060
0.000041
-0.000025
0.000026
0.000007
-0.000039
-0.000035
0.000040
0.000010
-0.000045
-0.000009
0.000078
-0.000011
0.000030
0.000012
-0.000032
0.000078
0.000039
0.000017
0.000031
-0.000024
-0.000044
-0.000024
0.000011
0.000000
0.000008
0.000008
0.000021
0.000023
0.000011
-0.000022
0.000003
-0.000054
0.000031
-0.000033
-0.000004
0.000020
-0.000018
0.000035
0.000026
-0.000015
-0.000012
0.000037
0.000009
0.000020
-0.000058
0.000008
0.000055
-0.000005
-0.000006
-0.000024
0.000006
0.000046
0.000037
-0.000056
-0.000078
0.000031
0.000021
-0.000053
-0.000041
-0.000016
-0.000018
-0.000009
0.000008
-0.000053
-0.000031
0.000009
-0.000018
-0.000028
0.000013
-0.000009
-0.000022
0.000005
0.000039
-0.000012
0.000023
-0.000006
0.000057
-0.000022
0.000006
0.000014
-0.000040
-0.000003
-0.000022
-0.000006
0.000013
0.000002
0.000026
-0.000054
0.000031
-0.000008
0.000006
0.000001
0.000018
-0.000054
0.000007
0.000046
-0.000026
-0.000003
-0.000023
-0.000004
-0.000023
0.000005
0.000005
0.000059
0.000007
-0.000020
-0.000003
0.000046
0.000001
-0.000017
-0.000001
-0.000037
0.000010
0.000019
-0.000053
0.000005
0.000027
-0.000011
0.000007
-0.000025
0.000048
0.000025
0.000002
0.000039
0.000021
0.000013
-0.000027
0.000019
-0.000012
0.000013
-0.000018
-0.000037
-0.000034
0.000025
-0.000028
-0.000041
-0.000018
-0.000011
-0.000005
-0.000012
-0.000004
0.000050
0.000027
-0.000008
-0.000018
0.000017
0.000004
0.000031
-0.000001
0.000035
0.000008
-0.000035
0.000044
-0.000001
0.000001
0.000007
0.000010
-0.000034
0.000010
0.000007
-0.000004
-0.000033
-0.000037
0.000031
-0.000056
0.000014
-0.000011
0.000014
-0.000009
0.000003
0.000007
0.000027
0.000016
0.000002
0.000026
-0.000013
0.000049
0.000004
-0.000030
0.000002
-0.000061
-0.000053
-0.000021
0.000043
-0.000032
-0.000011
0.000013
-0.000032
0.000002
0.000011
0.000048
-0.000034
-0.000012
-0.000032
0.000028
-0.000014
0.000027
0.000056
0.000041
0.000016
-0.000037
0.000022
0.000038
-0.000019
0.000018
-0.000011
-0.000017
-0.000021
-0.000002
-0.000013
0.000020
0.000002
-0.000015
-0.000043
0.000037
0.000001
0.000031
0.000027
0.000010
0.000003
-0.000009
0.000057
-0.000037
0.000017
0.000047
0.000023
0.000008
0.000023
-0.000029
0.000090
0.000007
0.000003
0.000051
-0.000014
0.000006
-0.000041
-0.000021
-0.000047
-0.000006
0.000023
-0.000013
-0.000025
-0.000001
-0.000018
-0.000015
-0.000001
-0.000022
0.000025
0.000056
0.000040
0.000009
0.000003
-0.000028
0.000021
0.000002
0.000008
0.000041
-0.000052
0.000029
0.000035
-0.000062
-0.000019
-0.000014
-0.000008
0.000045
0.000006
-0.000017
0.000000
-0.000062
0.000007
-0.000026
-0.000016
0.000009
0.000004
-0.000021
0.000019
0.000006
-0.000046
0.000054
0.000019
0.000007
-0.000010
0.000018
0.000017
0.000036
0.000041
-0.000028
0.000023
0.000033
-0.000028
0.000020
0.000044
0.000002
-0.000009
-0.000005
0.000037
-0.000018
0.000010
0.000035
-0.000010
-0.000008
0.000070
0.000015
-0.000043
0.000027
-0.000076
-0.000027
0.000026
-0.000071
-0.000048
-0.000001
-0.000000
-0.000014
-0.000025
-0.000028
0.000048
-0.000020
0.000025
-0.000027
0.000010
-0.000037
0.000012
-0.000039
0.000037
-0.000000
-0.000029
-0.000025
-0.000036
0.000072
-0.000013
-0.000037
-0.000005
-0.000006
-0.000051
-0.000035
0.000030
-0.000013
0.000009
-0.000013
0.000010
-0.000024
-0.000019
0.000030
-0.000029
-0.000017
-0.000014
-0.000045
-0.000014
-0.000043
-0.000050
-0.000036
-0.000022
0.000003
0.000037
-0.000035
-0.000012
-0.000057
-0.000037
0.000063
-0.000061
-0.000020
0.000023
-0.000027
-0.000001
-0.000019
-0.000000
0.000010
-0.000014
0.000058
0.000035
-0.000056
0.000003
-0.000022
0.000050
0.000015
0.000041
-0.000020
-0.000007
0.000025
0.000040
0.000010
0.000011
0.000005
-0.000020
0.000024
-0.000002
-0.000034
0.000068
0.000019
-0.000050
0.000004
0.000053
-0.000003
0.000019
-0.000041
0.000025
-0.000035
0.000038
0.000037
-0.000030
0.000012
-0.000021
0.000018
-0.000009
0.000078
0.000020
-0.000063
-0.000014
0.000063
0.000024
-0.000011
-0.000033
0.000011
0.000024
0.000002
0.000002
-0.000003
0.000035
-0.000017
-0.000038
0.000017
0.000013
0.000004
0.000023
-0.000019
0.000030
0.000043
0.000014
-0.000032
-0.000026
-0.000019
0.000043
-0.000050
0.000032
0.000010
-0.000099
-0.000023
0.000029
-0.000023
0.000013
-0.000025
-0.000029
-0.000012
0.000005
-0.000011
-0.000045
-0.000021
-0.000018
0.000055
0.000052
-0.000015
0.000032
0.000020
-0.000036
-0.000001
0.000038
-0.000028
-0.000027
-0.000017
-0.000035
-0.000019
0.000036
0.000007
0.000049
0.000021
-0.000010
-0.000037
-0.000010
-0.000005
-0.000042
0.000009
-0.000058
0.000020
-0.000027
0.000018
0.000018
-0.000031
-0.000027
-0.000006
0.000009
0.000028
-0.000011
-0.000016
-0.000035
-0.000003
0.000035
0.000047
0.000053
-0.000039
-0.000059
-0.000048
0.000029
0.000019
-0.000017
-0.000035
0.000025
0.000035
0.000017
-0.000024
-0.000010
-0.000012
-0.000008
0.000011
0.000031
0.000017
-0.000038
-0.000027
0.000019
-0.000059
-0.000002
-0.000001
-0.000007
-0.000010
0.000055
-0.000022
-0.000049
-0.000013
0.000004
0.000028
-0.000004
0.000022
0.000012
0.000037
0.000064
-0.000007
0.000049
0.000001
0.000007
-0.000010
-0.000010
0.000005
0.000015
0.000004
-0.000064
0.000030
-0.000033
0.000017
0.000030
0.000002
0.000011
0.000041
-0.000001
-0.000022
0.000046
0.000035
0.000018
0.000016
-0.000012
0.000036
-0.000015
0.000018
0.000005
-0.000001
0.000038
0.000051
0.000002
0.000053
0.000048
-0.000000
0.000049
0.000003
-0.000053
-0.000020
0.000007
0.000022
-0.000043
-0.000009
0.000048
-0.000018
0.000055
-0.000014
-0.000028
0.000036
0.000030
0.000027
-0.000074
-0.000002
-0.000036
0.000031
-0.000011
-0.000046
-0.000003
-0.000007
0.000025
0.000055
-0.000014
-0.000006
-0.000060
-0.000033
0.000005
0.000047
-0.000019
-0.000022
0.000072
-0.000009
-0.000043
0.000002
-0.000009
-0.000022
0.000023
-0.000006
-0.000006
-0.000002
0.000009
-0.000001
-0.000022
-0.000020
0.000030
-0.000024
-0.000045
0.000011
-0.000017
-0.000021
0.000010
0.000054
0.000026
0.000007
0.000033
-0.000025
0.000007
0.000032
-0.000045
-0.000008
-0.000015
-0.000021
0.000017
-0.000002
-0.000026
0.000002
0.000030
0.000017
0.000048
0.000013
-0.000025
0.000021
-0.000038
-0.000009
-0.000003
-0.000001
-0.000038
-0.000005
-0.000015
-0.000022
-0.000005
-0.000059
0.000049
-0.000042
0.000015
0.000022
-0.000024
0.000021
0.000036
0.000006
-0.000028
0.000028
-0.000029
-0.000032
0.000008
0.000021
-0.000043
-0.000035
-0.000014
0.000006
-0.000019
-0.000005
-0.000006
0.000017
-0.000005
0.000054
-0.000059
-0.000016
-0.000013
-0.000019
-0.000058
0.000009
-0.000008
-0.000014
0.000003
-0.000016
0.000010
0.000005
-0.000048
0.000046
0.000025
0.000018
-0.000073
0.000008
-0.000028
0.000039
-0.000037
-0.000012
0.000002
-0.000018
0.000040
0.000020
-0.000029
-0.000009
-0.000003
-0.000038
0.000064
-0.000045
-0.000032
0.000017
0.000008
-0.000000
-0.000033
-0.000029
-0.000017
-0.000020
-0.000013
0.000011
-0.000010
-0.000021
0.000019
0.000006
0.000030
-0.000025
0.000027
-0.000005
-0.000011
0.000045
0.000004
0.000064
0.000060
0.000009
0.000005
-0.000020
-0.000012
-0.000043
0.000034
0.000053
-0.000037
-0.000034
0.000014
-0.000018
-0.000002
-0.000045
0.000054
0.000010
-0.000001
0.000008
0.000000
0.000031
-0.000017
-0.000001
0.000029
0.000018
0.000010
0.000030
0.000005
-0.000029
-0.000041
-0.000032
0.000031
-0.000028
-0.000029
0.000007
0.000086
-0.000037
-0.000006
-0.000019
-0.000035
-0.000048
0.000017
0.000019
-0.000000
0.000040
0.000020
-0.000006
0.000058
0.000016
0.000011
0.000010
0.000048
0.000016
-0.000008
0.000058
-0.000034
-0.000040
-0.000003
0.000049
0.000021
0.000020
0.000035
-0.000024
-0.000043
-0.000041
-0.000029
0.000036
-0.000021
-0.000002
0.000001
0.000026
0.000010
-0.000003
0.000007
0.000027
-0.000062
-0.000051
0.000029
0.000057
-0.000027
-0.000028
-0.000043
-0.000002
-0.000038
-0.000002
-0.000038
-0.000024
-0.000015
-0.000037
0.000041
0.000019
-0.000038
0.000040
-0.000007
0.000008
-0.000000
0.000005
0.000000
-0.000044
-0.000038
-0.000022
0.000031
-0.000037
0.000030
-0.000032
-0.000037
0.000002
0.000013
0.000042
0.000039
0.000020
-0.000005
0.000015
0.000039
0.000021
-0.000031
0.000009
0.000001
0.000012
-0.000060
0.000013
0.000022
0.000012
0.000002
-0.000011
-0.000016
0.000023
0.000007
0.000027
-0.000063
-0.000024
0.000022
0.000036
0.000042
0.000008
0.000003
0.000003
-0.000006
0.000062
-0.000017
-0.000009
0.000032
0.000021
0.000032
-0.000022
-0.000026
0.000033
-0.000021
0.000019
0.000016
-0.000016
-0.000011
-0.000028
-0.000057
0.000023
-0.000026
0.000005
0.000014
0.000024
-0.000015
-0.000041
-0.000015
0.000009
-0.000024
-0.000018
0.000001
0.000008
0.000033
0.000004
0.000005
0.000047
-0.000006
0.000015
-0.000012
-0.000008
0.000022
-0.000003
-0.000001
0.000007
0.000009
-0.000011
0.000030
-0.000001
-0.000053
0.000031
0.000006
-0.000033
-0.000022
0.000045
0.000042
-0.000027
-0.000033
0.000010
0.000008
-0.000004
-0.000005
-0.000024
-0.000048
-0.000040
-0.000008
-0.000051
-0.000021
0.000017
0.000046
0.000025
-0.000016
-0.000007
-0.000061
-0.000001
-0.000028
0.000028
0.000018
-0.000009
0.000034
0.000007
0.000006
-0.000011
-0.000007
0.000031
0.000005
0.000022
0.000026
-0.000015
0.000058
-0.000027
-0.000050
0.000066
-0.000022
0.000049
0.000008
-0.000044
-0.000009
0.000028
0.000015
-0.000028
0.000003
-0.000006
-0.000033
0.000005
0.000034
0.000034
0.000008
-0.000004
0.000036
-0.000006
-0.000013
0.000010
-0.000041
0.000020
-0.000005
0.000019
-0.000058
0.000020
-0.000023
0.000018
-0.000116
-0.000039
-0.000037
-0.000019
0.000015
-0.000066
0.000007
-0.000027
0.000022
-0.000009
-0.000001
0.000020
0.000022
0.000087
0.000012
-0.000010
0.000000
0.000029
0.000015
0.000038
0.000007
0.000056
0.000023
0.000039
0.000017
-0.000066
0.000041
-0.000012
0.000022
0.000025
-0.000018
-0.000017
-0.000013
0.000028
-0.000024
-0.000008
0.000015
-0.000013
-0.000001
-0.000043
-0.000034
0.000043
-0.000020
0.000025
0.000036
0.000000
-0.000063
-0.000026
-0.000045
0.000011
-0.000081
0.000020
-0.000046
0.000028
-0.000022
-0.000012
-0.000000
-0.000015
-0.000010
-0.000016
-0.000000
0.000029
0.000020
-0.000036
0.000023
-0.000007
-0.000022
0.000075
0.000009
0.000024
0.000022
0.000017
-0.000006
-0.000026
0.000001
0.000044
-0.000024
-0.000034
-0.000013
0.000028
-0.000013
-0.000046
0.000010
0.000007
0.000002
0.000025
-0.000020
0.000014
0.000068
0.000001
0.000011
-0.000022
-0.000059
-0.000024
-0.000036
0.000014
-0.000052
-0.000019
-0.000004
0.000004
0.000002
-0.000036
-0.000013
-0.000007
0.000036
0.000011
0.000010
-0.000032
0.000011
-0.000015
0.000057
-0.000004
-0.000037
0.000042
0.000005
-0.000002
0.000037
0.000004
0.000012
0.000071
-0.000013
0.000032
0.000032
0.000012
0.000018
-0.000031
0.000032
0.000026
-0.000027
0.000036
0.000016
0.000000
-0.000029
-0.000022
0.000043
-0.000008
0.000038
0.000000
0.000026
-0.000064
-0.000015
0.000020
0.000002
-0.000009
-0.000020
-0.000002
0.000010
0.000012
0.000006
0.000028
0.000019
-0.000000
0.000030
0.000005
-0.000019
-0.000013
0.000060
0.000002
-0.000065
-0.000011
-0.000020
-0.000013
-0.000009
0.000015
0.000043
-0.000022
-0.000080
0.000026
0.000010
-0.000019
0.000006
-0.000038
-0.000017
0.000041
-0.000002
-0.000045
-0.000010
-0.000026
0.000016
-0.000004
0.000035
0.000016
-0.000023
0.000061
0.000033
0.000033
-0.000002
0.000022
0.000026
0.000008
-0.000027
-0.000008
-0.000030
-0.000002
0.000004
-0.000024
-0.000014
-0.000051
-0.000047
-0.000031
-0.000020
0.000025
-0.000045
-0.000039
0.000024
-0.000027
-0.000089
-0.000015
0.000023
0.000006
-0.000056
-0.000013
0.000004
0.000017
0.000005
-0.000046
0.000004
-0.000020
0.000006
-0.000073
0.000015
-0.000004
0.000003
-0.000027
-0.000004
0.000006
-0.000001
-0.000040
-0.000061
0.000002
-0.000004
-0.000020
-0.000006
0.000013
0.000033
-0.000010
-0.000011
-0.000014
-0.000023
0.000038
0.000024
-0.000026
-0.000020
0.000037
0.000020
-0.000003
-0.000013
-0.000032
-0.000025
-0.000035
0.000016
-0.000020
-0.000006
0.000037
-0.000061
-0.000029
-0.000007
0.000001
-0.000027
-0.000001
-0.000006
-0.000011
0.000023
-0.000006
-0.000023
0.000019
0.000010
0.000019
-0.000023
0.000029
-0.000017
-0.000029
0.000015
0.000027
0.000061
0.000000
-0.000027
0.000045
-0.000053
0.000021
-0.000038
-0.000005
-0.000012
-0.000011
0.000035
-0.000007
-0.000003
-0.000010
-0.000013
-0.000006
-0.000000
0.000008
-0.000037
0.000004
0.000011
0.000014
0.000022
-0.000013
0.000019
0.000002
0.000000
0.000053
0.000030
-0.000011
0.000035
0.000017
0.000044
0.000032
-0.000007
0.000042
-0.000086
0.000036
0.000025
-0.000032
-0.000025
-0.000024
-0.000011
-0.000030
-0.000067
0.000019
0.000030
-0.000026
-0.000023
0.000017
0.000009
-0.000022
0.000015
-0.000052
-0.000010
0.000001
0.000066
0.000039
-0.000025
-0.000024
0.000042
0.000020
-0.000029
0.000009
0.000069
-0.000022
0.000021
-0.000010
-0.000012
-0.000028
0.000011
0.000036
0.000013
0.000066
0.000012
-0.000019
-0.000017
-0.000010
0.000012
0.000032
-0.000009
0.000005
-0.000006
-0.000006
-0.000043
0.000027
-0.000002
-0.000071
0.000001
0.000030
-0.000005
0.000026
0.000016
0.000014
0.000033
0.000020
-0.000001
-0.000004
0.000009
-0.000003
0.000017
-0.000007
-0.000022
-0.000019
-0.000016
-0.000050
-0.000014
0.000025
-0.000044
0.000011
0.000027
-0.000011
0.000068
0.000050
0.000034
0.000018
-0.000052
-0.000013
0.000010
-0.000047
-0.000002
-0.000040
-0.000015
-0.000032
-0.000003
-0.000010
0.000017
-0.000064
0.000020
-0.000015
0.000010
0.000039
0.000027
0.000005
-0.000034
0.000017
0.000004
0.000007
0.000009
-0.000040
0.000018
-0.000010
0.000020
-0.000006
-0.000007
0.000037
0.000001
-0.000028
-0.000020
-0.000041
0.000019
0.000031
-0.000023
-0.000004
0.000034
-0.000000
-0.000038
-0.000011
-0.000017
-0.000004
0.000035
0.000043
0.000058
0.000018
0.000037
-0.000058
0.000018
0.000076
-0.000051
0.000004
0.000079
0.000013
0.000006
0.000054
0.000045
-0.000009
-0.000068
0.000045
-0.000005
0.000039
0.000029
-0.000052
0.000026
-0.000034
0.000037
-0.000007
0.000000
0.000011
0.000032
-0.000008
-0.000002
-0.000034
-0.000034
0.000009
-0.000021
0.000057
-0.000049
0.000017
0.000019
-0.000029
0.000008
-0.000010
-0.000009
-0.000021
-0.000036
-0.000019
0.000030
0.000003
0.000007
0.000019
0.000034
-0.000009
0.000048
-0.000004
-0.000023
-0.000014
-0.000048
-0.000013
-0.000009
0.000002
0.000008
-0.000001
0.000024
0.000028
0.000011
0.000000
0.000057
0.000050
0.000059
0.000012
0.000071
0.000009
-0.000002
0.000004
0.000058
-0.000024
0.000015
-0.000051
-0.000004
0.000045
-0.000028
0.000029
0.000036
0.000007
-0.000019
0.000022
-0.000028
-0.000016
0.000042
-0.000011
0.000026
0.000004
-0.000056
-0.000010
0.000009
-0.000043
-0.000008
0.000027
-0.000052
0.000016
-0.000029
-0.000015
0.000025
-0.000006
0.000015
-0.000003
-0.000008
-0.000007
0.000001
0.000019
-0.000039
-0.000017
-0.000015
0.000010
0.000076
-0.000006
0.000044
-0.000031
-0.000067
0.000010
0.000007
0.000011
-0.000031
-0.000027
0.000006
0.000017
-0.000032
-0.000023
-0.000008
0.000024
-0.000015
0.000051
-0.000039
-0.000023
0.000020
-0.000037
-0.000001
0.000034
0.000014
-0.000013
-0.000003
0.000034
0.000010
-0.000014
-0.000017
-0.000019
0.000036
-0.000017
-0.000006
0.000023
-0.000047
-0.000001
0.000001
-0.000004
-0.000006
-0.000011
0.000066
-0.000043
0.000004
0.000052
0.000014
-0.000061
-0.000015
0.000014
-0.000033
0.000015
0.000007
0.000002
0.000026
0.000002
0.000017
-0.000006
0.000017
0.000021
0.000033
0.000003
0.000028
-0.000016
-0.000014
-0.000012
-0.000035
0.000000
0.000020
0.000009
0.000004
-0.000039
0.000026
-0.000027
-0.000050
0.000034
0.000030
-0.000029
-0.000013
-0.000044
0.000010
-0.000009
-0.000056
-0.000012
-0.000005
0.000050
0.000025
-0.000044
0.000025
-0.000056
0.000006
-0.000027
-0.000026
0.000005
0.000050
0.000011
-0.000010
0.000010
0.000047
0.000020
0.000009
0.000006
-0.000024
-0.000022
-0.000005
0.000006
-0.000022
0.000009
-0.000020
0.000031
0.000000
0.000015
0.000004
-0.000034
-0.000031
0.000011
0.000004
-0.000016
-0.000014
0.000011
-0.000001
0.000003
-0.000043
0.000019
0.000011
-0.000005
-0.000010
0.000010
0.000053
-0.000064
-0.000014
0.000022
0.000034
-0.000007
-0.000016
-0.000017
-0.000011
0.000020
0.000047
0.000054
0.000020
0.000015
-0.000003
-0.000013
0.000014
-0.000063
0.000035
0.000024
0.000015
0.000014
0.000020
0.000034
-0.000014
-0.000024
-0.000039
0.000002
-0.000009
-0.000022
0.000059
-0.000019
-0.000071
-0.000032
-0.000037
0.000031
0.000051
0.000029
0.000015
0.000003
0.000011
0.000025
-0.000016
0.000005
-0.000002
-0.000045
0.000028
0.000024
0.000005
0.000013
-0.000016
-0.000013
-0.000007
-0.000007
-0.000040
-0.000012
0.000012
0.000009
0.000029
0.000006
0.000008
0.000004
0.000037
-0.000005
-0.000023
-0.000004
-0.000073
0.000015
0.000013
0.000014
0.000059
-0.000016
-0.000013
0.000043
-0.000030
0.000081
-0.000036
-0.000043
0.000000
-0.000059
-0.000027
0.000010
0.000009
-0.000030
0.000043
0.000012
-0.000004
-0.000018
0.000072
0.000028
0.000021
0.000009
0.000022
0.000003
-0.000003
-0.000039
0.000010
0.000002
0.000010
0.000024
0.000031
0.000007
-0.000047
0.000004
-0.000071
-0.000007
0.000014
0.000014
-0.000032
-0.000008
0.000010
0.000015
0.000058
0.000015
0.000006
-0.000006
-0.000025
0.000002
-0.000004
-0.000008
-0.000042
0.000003
0.000036
0.000014
0.000012
-0.000021
-0.000049
-0.000020
0.000052
0.000076
-0.000030
-0.000008
0.000012
0.000018
-0.000018
0.000034
-0.000047
-0.000005
-0.000025
-0.000034
-0.000023
-0.000027
-0.000013
-0.000033
0.000006
0.000008
0.000005
-0.000037
0.000024
0.000002
-0.000018
0.000022
-0.000040
0.000031
0.000002
-0.000026
-0.000040
0.000007
0.000012
-0.000000
-0.000070
-0.000021
0.000023
-0.000027
-0.000003
-0.000006
0.000024
-0.000027
-0.000028
0.000013
-0.000041
-0.000009
-0.000012
0.000032
0.000016
0.000043
0.000008
-0.000002
0.000063
0.000006
-0.000005
-0.000029
0.000021
0.000036
-0.000060
-0.000009
-0.000009
0.000031
0.000030
0.000041
0.000034
0.000038
-0.000013
0.000016
-0.000027
0.000007
0.000029
0.000029
-0.000001
0.000017
0.000010
0.000032
-0.000025
-0.000032
-0.000041
-0.000010
-0.000050
-0.000042
-0.000004
0.000024
-0.000012
-0.000072
-0.000017
-0.000002
0.000037
0.000022
0.000013
0.000001
0.000063
-0.000027
0.000021
-0.000020
-0.000024
-0.000010
-0.000052
0.000082
0.000017
-0.000043
-0.000031
0.000063
-0.000034
0.000198
0.000228
-0.000273
-0.000314
-0.000795
0.001081
0.000058
-0.000031
0.000041
-0.000011
0.000013
-0.000002
-0.000034
-0.000030
-0.000026
0.000010
0.000029
-0.000046
0.000074
0.000028
-0.000033
0.000004
-0.000033
0.000071
0.000068
-0.000018
-0.000009
-0.000014
0.000036
0.000027
0.000032
-0.000011
-0.000041
-0.000015
0.000076
0.000023
-0.000054
-0.000004
0.000006
0.000019
-0.000045
-0.000018
0.000048
0.000069
0.000019
0.000008
-0.000084
-0.000083
0.000156
-0.000277
0.000437
-0.000697
0.001087
-0.001635
0.003071
-0.012016
0.036462
0.055677
-0.025214
-0.060705
0.002097
0.063391
0.017749
-0.056148
-0.036090
0.044782
0.050133
-0.023855
-0.063710
0.013016
0.039351
-0.005526
0.002884
-0.001766
0.001231
-0.000773
0.000452
-0.000272
0.000155
-0.000041
-0.000004
0.000000
0.000006
-0.000038
0.000004
0.000000
-0.000008
-0.000009
-0.000026
0.000071
0.000041
-0.000017
-0.000041
0.000012
0.000029
0.000030
-0.000040
0.000001
0.000033
-0.000019
0.000098
-0.000050
0.000294
-0.000571
0.000789
-0.001223
0.001892
-0.002892
0.005057
-0.036113
-0.035453
0.007678
-0.044893
0.018954
-0.007577
-0.004383
0.072862
0.007356
-0.026770
-0.055104
-0.027115
0.004559
-0.001437
-0.000568
0.002747
-0.006541
0.025804
0.024975
-0.007100
0.003784
-0.002071
0.000992
-0.000009
0.000325
-0.002242
0.000883
-0.000522
0.000271
-0.000220
0.000019
-0.000029
0.000067
0.000016
0.000053
-0.000057
-0.000025
0.000005
0.000013
0.000007
-0.000056
0.000016
-0.000015
0.000055
0.000018
0.000030
-0.000002
-0.000009
0.000022
0.000003
0.000000
0.000001
-0.000021
-0.000029
-0.000012
-0.000128
-0.000018
-0.000032
0.000058
-0.000017
-0.000098
0.000091
0.000140
-0.000135
-0.000094
0.000438
-0.000103
-0.004010
-0.014250
-0.028832
-0.045708
-0.058094
-0.065098
-0.064591
-0.054331
-0.041138
-0.022065
-0.007750
0.001353
0.002900
-0.001325
-0.010251
-0.021677
-0.028353
-0.031697
-0.025859
-0.011755
0.008622
0.030537
0.049982
0.065511
0.076226
0.078455
0.079140
0.069913
0.058910
0.046124
0.031425
0.020896
0.006615
0.001135
-0.003410
0.002992
0.002061
0.014294
0.030225
0.047988
0.052987
0.078278
0.044485
0.050587
0.096154
0.074861
0.074544
0.052875
0.039163
0.017991
0.003121
-0.008261
-0.008489
-0.006772
0.001421
0.013416
0.022088
0.023038
0.014651
-0.002391
-0.023977
-0.045673
-0.062007
-0.069306
-0.068138
-0.055433
-0.036399
-0.013946
0.006051
0.021411
0.028263
0.029185
0.023562
0.012019
0.002890
-0.011294
-0.023842
-0.032350
-0.037411
-0.038902
-0.033974
-0.026262
-0.013953
0.000877
0.016574
0.030504
0.042490
0.052140
0.055629
0.059073
0.050614
0.045067
0.032711
0.017949
0.006380
-0.007278
-0.011262
-0.010405
-0.002080
0.012017
0.029422
0.044917
0.057578
0.062880
0.061111
0.049576
0.032498
0.012075
-0.007835
-0.024232
-0.032377
-0.037946
-0.031401
-0.023928
-0.012662
0.002239
0.012653
0.022586
0.031081
0.034082
0.033133
0.026055
0.012719
-0.003476
-0.021691
-0.038443
-0.052004
-0.061106
-0.062001
-0.059104
-0.050360
-0.039429
-0.027431
-0.016283
-0.007860
0.001420
0.008896
0.018675
0.028527
0.040830
0.054260
0.061869
0.067255
0.063751
0.053057
0.034316
0.010776
-0.013114
-0.032522
-0.046824
-0.050203
-0.044098
-0.034070
-0.017974
-0.007547
-0.001066
-0.002120
-0.009784
-0.021279
-0.034136
-0.047777
-0.056281
-0.063799
-0.063211
-0.058353
-0.056099
-0.045870
-0.052441
-0.025929
-0.029302
-0.054080
-0.044316
-0.047958
-0.032339
-0.025938
-0.009628
0.000592
0.004995
0.003190
-0.009255
-0.025777
-0.042549
-0.058471
-0.065989
-0.062620
-0.049001
-0.023837
0.005403
0.031812
0.051495
0.060939
0.057245
0.046015
0.024449
0.008425
0.000151
-0.000601
0.006031
0.018745
0.029109
0.042060
0.037862
0.022791
-0.002207
-0.030428
-0.055436
-0.070664
-0.077063
-0.068288
-0.051092
-0.030585
-0.010562
0.004178
0.010607
0.013698
0.009968
0.009313
0.011728
0.016326
0.029334
0.037637
0.047278
0.049052
0.045769
0.036137
0.023361
0.013667
0.009379
0.010776
0.019518
0.027727
0.038634
0.043987
0.040416
0.030579
0.010850
-0.011899
-0.034328
-0.052677
-0.064439
-0.067995
-0.065271
-0.056131
-0.044434
-0.027125
-0.014503
-0.005039
0.000466
0.000920
-0.000443
-0.008898
-0.019700
-0.030385
-0.037445
-0.037103
-0.030854
-0.014600
0.003756
0.027075
0.045255
0.055245
0.057894
0.051710
0.038819
0.020631
0.006768
-0.000073
0.001237
0.009061
0.020590
0.031950
0.041334
0.046440
0.045232
0.038564
0.028452
0.022688
0.014134
0.010308
0.007979
0.006140
0.002436
-0.001004
-0.010178
-0.018493
-0.022336
-0.023451
-0.018405
-0.005113
0.010687
0.030694
0.043807
0.052123
0.052193
0.043007
0.030774
0.007851
-0.010404
-0.026874
-0.040720
-0.046339
-0.048334
-0.043644
-0.038710
-0.029434
-0.019396
-0.011974
-0.001429
0.006867
0.013567
0.020195
0.022972
0.022316
0.019796
0.015718
0.010061
0.007028
0.003096
0.003997
0.006833
0.010533
0.019360
0.025482
0.033600
0.042586
0.048161
0.053818
0.054102
0.052209
0.044396
0.032677
0.018839
-0.002401
-0.022498
-0.039667
-0.050677
-0.057409
-0.056880
-0.048230
-0.032456
-0.014706
0.005085
0.023091
0.039440
0.050269
0.056541
0.060508
0.060127
0.059876
0.056656
0.054309
0.052706
0.050367
0.050207
0.047279
0.047104
0.042952
0.032677
0.023060
0.004997
-0.010393
-0.025507
-0.036368
-0.042113
-0.040241
-0.038231
-0.017583
-0.008156
-0.014192
-0.006680
-0.013171
-0.020434
-0.036064
-0.036473
-0.020378
-0.050105
-0.037073
-0.021483
0.003078
0.026374
0.045153
0.058050
0.063874
0.057483
0.043638
0.022082
-0.007076
-0.030559
-0.052577
-0.067303
-0.071185
-0.065709
-0.048264
-0.028048
-0.006022
0.010832
0.020170
0.021085
0.017457
0.004770
-0.004142
-0.008507
-0.007588
0.004861
0.023456
0.042036
0.058133
0.065667
0.068304
0.064240
0.055149
0.048413
0.040841
0.038745
0.039820
0.041121
0.037704
0.027804
0.010613
-0.011641
-0.035907
-0.054618
-0.067327
-0.068413
-0.059150
-0.043490
-0.024783
-0.009091
0.001187
0.004156
0.001488
-0.003306
-0.009954
-0.014113
-0.008937
-0.005982
0.004814
0.013217
0.021147
0.022161
0.021277
0.013627
-0.001398
-0.012779
-0.031930
-0.040301
-0.048451
-0.050267
-0.044376
-0.031951
-0.012986
0.009352
0.030626
0.048161
0.057472
0.057242
0.047823
0.026655
0.001066
-0.027057
-0.050134
-0.064976
-0.069897
-0.064531
-0.047986
-0.030031
-0.010842
0.002722
0.007902
0.007690
0.003287
-0.004380
-0.005930
-0.009220
-0.000008
0.010644
0.026143
0.036636
0.043805
0.038017
0.023804
0.004891
-0.016597
-0.033285
-0.043201
-0.047131
-0.041538
-0.035032
-0.027430
-0.026930
-0.031769
-0.040894
-0.054304
-0.065917
-0.072878
-0.068717
-0.057301
-0.037574
-0.018242
-0.002266
0.006247
0.008998
0.002551
-0.009753
-0.015864
-0.019749
-0.013429
0.002497
0.023971
0.046790
0.063463
0.071995
0.070230
0.055935
0.035302
0.010740
-0.011830
-0.026352
-0.035310
-0.036709
-0.028867
-0.017119
-0.000996
0.008297
0.017097
0.025309
0.030054
0.036166
0.039204
0.046322
0.052474
0.058579
0.065288
0.066691
0.066761
0.058561
0.046420
0.030009
0.009086
-0.011170
-0.029849
-0.043217
-0.052679
-0.059632
-0.060514
-0.061487
-0.060136
-0.058649
-0.055183
-0.048064
-0.039954
-0.025200
-0.007173
0.011883
0.033600
0.048056
0.056938
0.057738
0.049021
0.039292
0.020235
0.008373
0.001162
0.001560
0.008662
0.019218
0.029939
0.041546
0.046375
0.045834
0.039847
0.029262
0.019762
0.011550
0.008472
0.009023
0.016541
0.027096
0.041129
0.053700
0.061214
0.070867
0.069618
0.063664
0.049596
0.030354
0.008386
-0.013364
-0.030014
-0.038918
-0.038805
-0.029398
-0.013117
0.006989
0.027021
0.040422
0.046260
0.047750
0.040254
0.032920
0.026413
0.023840
0.025747
0.032285
0.041780
0.047108
0.054510
0.056551
0.060221
0.059124
0.058709
0.058155
0.059544
0.061005
0.060723
0.060761
0.058610
0.058323
0.056718
0.057804
0.058743
0.062386
0.063029
0.060509
0.053888
0.041573
0.025919
0.007977
-0.008874
-0.021214
-0.029949
-0.032272
-0.028355
-0.021575
-0.011917
-0.003686
0.008089
0.017715
0.026718
0.034525
0.040340
0.040917
0.035400
0.025317
0.010347
-0.004707
-0.019085
-0.029925
-0.033567
-0.030045
-0.020912
-0.005401
0.008921
0.018592
0.019271
0.012259
-0.002845
-0.023498
-0.039040
-0.051026
-0.055068
-0.048746
-0.035784
-0.017118
-0.000165
0.011653
0.011944
0.002309
-0.015585
-0.032703
-0.049978
-0.061100
-0.061366
-0.049545
-0.025302
0.004023
0.031892
0.053493
0.063828
0.063113
0.051865
0.030601
0.011675
-0.004044
-0.011483
-0.010814
-0.002460
0.012803
0.029956
0.046952
0.057931
0.060829
0.055610
0.042894
0.024930
0.003614
-0.018274
-0.039114
-0.053765
-0.062091
-0.062404
-0.053402
-0.038837
-0.022113
-0.003166
0.007454
0.009908
0.004539
-0.009865
-0.026670
-0.040263
-0.053545
-0.055193
-0.050054
-0.034733
-0.012596
0.011331
0.032435
0.049544
0.058432
0.063927
0.061999
0.054593
0.043826
0.033084
0.021913
0.008684
-0.003283
-0.016389
-0.027509
-0.035289
-0.040737
-0.039006
-0.032740
-0.024980
-0.012544
-0.002214
0.014739
0.025583
0.031095
0.038180
0.040587
0.046851
0.049137
0.051773
0.055797
0.059187
0.063125
0.063093
0.062195
0.056725
0.046087
0.032977
0.013188
-0.007446
-0.029440
-0.047156
-0.058407
-0.065073
-0.060335
-0.047897
-0.028823
-0.004450
0.016613
0.039279
0.054284
0.060488
0.062257
0.056039
0.050614
0.043834
0.040322
0.041157
0.046038
0.053322
0.061002
0.067575
0.068628
0.068287
0.062169
0.053895
0.043822
0.033912
0.027855
0.021278
0.018134
0.009889
0.003166
-0.005382
-0.019401
-0.025262
-0.034747
-0.034290
-0.025576
-0.007714
0.015599
0.039415
0.057106
0.068363
0.068681
0.059797
0.043998
0.023731
0.007607
-0.004261
-0.010520
-0.008287
-0.005847
-0.000704
0.004776
0.003100
-0.002705
-0.011181
-0.019916
-0.028211
-0.031618
-0.029814
-0.021749
-0.007387
0.004348
0.021248
0.032484
0.042361
0.046800
0.041053
0.032177
0.016072
-0.002429
-0.021547
-0.037868
-0.051056
-0.056736
-0.059787
-0.055643
-0.047051
-0.035598
-0.024643
-0.015265
-0.005600
0.002256
0.013224
0.023963
0.034824
0.048248
0.056392
0.065801
0.067388
0.065002
0.057500
0.048265
0.039616
0.033768
0.033600
0.038418
0.045914
0.052344
0.057148
0.053162
0.041415
0.021290
-0.002052
-0.023508
-0.040262
-0.050204
-0.050482
-0.045792
-0.035561
-0.024131
-0.017485
-0.015722
-0.015898
-0.019091
-0.022663
-0.017612
-0.007304
0.010094
0.030204
0.048949
0.062208
0.070288
0.070188
0.068216
0.062453
0.060309
0.058386
0.061010
0.064126
0.062858
0.055805
0.040070
0.017713
-0.008400
-0.032018
-0.048825
-0.055170
-0.051487
-0.038467
-0.021718
-0.007973
-0.001393
-0.004453
-0.012495
-0.025934
-0.040109
-0.043739
-0.042474
-0.032310
-0.013242
0.009977
0.032189
0.051598
0.063460
0.069995
0.071554
0.064915
0.056092
0.042800
0.031167
0.017817
0.004986
-0.003179
-0.004223
0.001683
0.012745
0.027452
0.041996
0.055136
0.061926
0.063745
0.058081
0.049777
0.039108
0.030689
0.026645
0.027750
0.033266
0.041119
0.048882
0.049734
0.044079
0.033172
0.014486
-0.007886
-0.028803
-0.044761
-0.054153
-0.054940
-0.044235
-0.028374
-0.011925
0.004987
0.017227
0.023121
0.019850
0.009810
-0.005622
-0.019064
-0.029806
-0.032677
-0.026204
-0.012388
0.007499
0.028607
0.045480
0.055354
0.053091
0.043652
0.030977
0.012727
0.002388
-0.001296
0.003235
0.014478
0.029503
0.039881
0.049251
0.049959
0.047146
0.036955
0.027151
0.019635
0.013099
0.011968
0.014307
0.017978
0.016034
0.010335
-0.001841
-0.017698
-0.035937
-0.052406
-0.066266
-0.072959
-0.076053
-0.073885
-0.067406
-0.059699
-0.048184
-0.035783
-0.021175
-0.004555
0.012668
0.029414
0.042302
0.052368
0.054716
0.051083
0.038644
0.021220
0.001296
-0.019086
-0.038582
-0.050491
-0.058443
-0.057522
-0.049612
-0.036535
-0.017826
0.001049
0.025053
0.043679
0.057069
0.064166
0.060231
0.050467
0.033339
0.010970
-0.012754
-0.033797
-0.048178
-0.055062
-0.058536
-0.055579
-0.052507
-0.050043
-0.050714
-0.053546
-0.056830
-0.060522
-0.060975
-0.059096
-0.053931
-0.046744
-0.039581
-0.036722
-0.035885
-0.035539
-0.037783
-0.036091
-0.030472
-0.015733
0.004007
0.025239
0.044804
0.057867
0.062081
0.056303
0.040501
0.020514
-0.001549
-0.024475
-0.043035
-0.054474
-0.059229
-0.058615
-0.055954
-0.049162
-0.044285
-0.035927
-0.029221
-0.022041
-0.016040
-0.013807
-0.012718
-0.013072
-0.015368
-0.019820
-0.025631
-0.030471
-0.034456
-0.033229
-0.031114
-0.019596
-0.006304
0.008151
0.024122
0.032766
0.040456
0.036633
0.026517
0.009457
-0.009613
-0.028392
-0.043075
-0.053853
-0.058281
-0.060571
-0.059029
-0.058467
-0.059523
-0.060804
-0.063718
-0.065210
-0.066253
-0.062325
-0.058277
-0.052135
-0.048353
-0.046827
-0.048260
-0.050389
-0.054286
-0.056584
-0.051673
-0.041770
-0.024244
-0.002682
0.019185
0.038543
0.052370
0.063838
0.068952
0.070936
0.072037
0.069345
0.067570
0.061793
0.053943
0.040464
0.019926
-0.002268
-0.027372
-0.048865
-0.063438
-0.072356
-0.067841
-0.054108
-0.032731
-0.009284
0.012354
0.027297
0.033758
0.029422
0.015344
-0.002137
-0.027493
-0.046299
-0.058679
-0.062142
-0.056557
-0.044868
-0.025590
-0.008504
0.007256
0.015523
0.014826
0.004243
-0.009518
-0.027491
-0.045984
-0.058124
-0.066373
-0.063111
-0.052672
-0.036511
-0.012530
0.009274
0.031153
0.047477
0.054432
0.055682
0.048216
0.037642
0.019781
0.002055
-0.011400
-0.024890
-0.034687
-0.040373
-0.044441
-0.046053
-0.046737
-0.048104
-0.051350
-0.054153
-0.056692
-0.057833
-0.056827
-0.055559
-0.048921
-0.040880
-0.033480
-0.027813
-0.026503
-0.028155
-0.034152
-0.042772
-0.052057
-0.056130
-0.055518
-0.045667
-0.029968
-0.008753
0.015480
0.037823
0.055657
0.063382
0.062136
0.053114
0.035779
0.014488
-0.007602
-0.025757
-0.041164
-0.050951
-0.057378
-0.059169
-0.061591
-0.059113
-0.058399
-0.054364
-0.049607
-0.041568
-0.027889
-0.012175
0.005317
0.022259
0.034893
0.044041
0.047331
0.045389
0.041888
0.030540
0.021519
0.009032
-0.001227
-0.007529
-0.016596
-0.022915
-0.028383
-0.035040
-0.040045
-0.045708
-0.051945
-0.057919
-0.060311
-0.062716
-0.058984
-0.050640
-0.037844
-0.018198
0.002603
0.024035
0.043826
0.055029
0.063161
0.059977
0.051045
0.034910
0.014021
-0.004302
-0.022715
-0.038635
-0.049577
-0.060417
-0.066474
-0.072292
-0.074142
-0.073945
-0.071239
-0.060067
-0.048385
-0.034794
-0.020794
-0.010755
-0.005845
-0.007700
-0.012481
-0.019149
-0.026337
-0.029751
-0.031238
-0.027204
-0.017545
-0.008002
-0.000650
0.003363
0.004404
-0.003337
-0.010507
-0.023366
-0.033938
-0.040820
-0.049502
-0.052467
-0.055980
-0.056126
-0.055788
-0.054368
-0.051234
-0.049094
-0.043202
-0.038435
-0.032634
-0.026055
-0.019530
-0.013141
-0.006289
0.003772
0.012619
0.023123
0.033755
0.039793
0.044695
0.042732
0.035019
0.022678
0.006503
-0.009013
-0.021230
-0.033404
-0.039292
-0.049366
-0.053257
-0.057608
-0.060827
-0.062734
-0.061824
-0.053405
-0.041084
-0.019975
0.002452
0.025540
0.046703
0.058066
0.063254
0.061069
0.054464
0.048058
0.041254
0.040861
0.040620
0.046663
0.049724
0.048215
0.036336
0.015835
-0.010464
-0.036374
-0.058548
-0.069060
-0.069044
-0.056883
-0.037098
-0.018352
-0.001648
0.006453
0.005041
-0.001373
-0.012617
-0.022217
-0.023950
-0.017296
-0.000024
0.022010
0.044457
0.060972
0.072223
0.073267
0.069992
0.060322
0.050684
0.042863
0.041346
0.043785
0.049089
0.056457
0.061464
0.065009
0.062567
0.058010
0.051484
0.042327
0.036766
0.031100
0.027124
0.026878
0.022763
0.016892
0.005753
-0.006834
-0.019207
-0.029828
-0.038637
-0.041957
-0.037239
-0.027440
-0.015291
-0.000238
0.008630
0.016170
0.013774
0.004991
-0.006179
-0.019043
-0.028218
-0.029091
-0.024543
-0.012552
0.004847
0.019301
0.033759
0.042656
0.043400
0.041029
0.032892
0.022878
0.014446
0.001618
-0.001398
-0.010369
-0.013355
-0.016910
-0.024446
-0.033464
-0.044872
-0.054149
-0.061974
-0.066481
-0.066800
-0.064956
-0.057751
-0.052836
-0.048581
-0.048680
-0.051728
-0.058143
-0.063499
-0.067379
-0.066328
-0.056839
-0.041483
-0.019970
0.001912
0.021012
0.033723
0.037622
0.030553
0.017711
-0.004768
-0.024665
-0.043294
-0.056832
-0.060658
-0.055766
-0.043522
-0.024157
0.000577
0.025172
0.045476
0.058210
0.065146
0.061041
0.051906
0.037484
0.019287
0.005741
-0.004518
-0.007813
-0.004632
0.002165
0.014756
0.026659
0.034919
0.044948
0.045823
0.048926
0.049818
0.049136
0.051060
0.051582
0.054036
0.052613
0.051890
0.047701
0.041180
0.035782
0.027640
0.024322
0.025474
0.029429
0.033320
0.040125
0.044839
0.048297
0.050704
0.047096
0.045003
0.042887
0.042231
0.042713
0.046059
0.049623
0.054233
0.058568
0.057518
0.057878
0.050433
0.043197
0.031614
0.012939
0.000261
-0.015808
-0.028901
-0.037745
-0.042435
-0.039509
-0.033930
-0.025811
-0.014395
-0.007361
-0.003822
-0.004722
-0.011658
-0.021118
-0.030743
-0.039083
-0.043248
-0.041304
-0.032182
-0.018065
-0.002808
0.014401
0.026943
0.033059
0.038279
0.034342
0.031272
0.023948
0.020903
0.016411
0.017903
0.018245
0.018131
0.016765
0.010657
-0.000116
-0.010302
-0.018112
-0.026125
-0.024501
-0.016287
-0.000889
0.016574
0.033975
0.046274
0.052308
0.049922
0.040216
0.025271
0.009528
-0.004301
-0.011421
-0.008933
0.000254
0.013895
0.032505
0.048741
0.062457
0.071188
0.076149
0.075989
0.069403
0.062240
0.054050
0.046419
0.041820
0.040221
0.041462
0.046066
0.051666
0.055496
0.059936
0.060581
0.061586
0.060010
0.059281
0.058593
0.059031
0.060512
0.060802
0.060752
0.057854
0.055114
0.048605
0.043559
0.038888
0.037314
0.040249
0.044061
0.051387
0.058460
0.066752
0.069090
0.068247
0.062786
0.052870
0.045135
0.035511
0.033355
0.033334
0.039916
0.048306
0.057319
0.062778
0.062163
0.055548
0.037695
0.013953
-0.011679
-0.037902
-0.056780
-0.069877
-0.068742
-0.057892
-0.039550
-0.014631
0.009406
0.027879
0.038375
0.037337
0.028558
0.009061
-0.016292
-0.037294
-0.054768
-0.064741
-0.063088
-0.054077
-0.036249
-0.017759
-0.001504
0.007497
0.007910
-0.001635
-0.013095
-0.029053
-0.040694
-0.046821
-0.044448
-0.030626
-0.010518
0.012533
0.034673
0.052601
0.063390
0.070607
0.070571
0.066998
0.060543
0.051412
0.039227
0.026658
0.011773
-0.005445
-0.020192
-0.033461
-0.041054
-0.041163
-0.035798
-0.026962
-0.019886
-0.013216
-0.011971
-0.019245
-0.028070
-0.040267
-0.048557
-0.053831
-0.050293
-0.039726
-0.029679
-0.020315
-0.015753
-0.017308
-0.023194
-0.027986
-0.033751
-0.033941
-0.035367
-0.024620
-0.014107
0.000256
0.005723
0.006781
0.003505
-0.000726
-0.006060
-0.005472
0.002717
0.019098
0.037319
0.054719
0.067948
0.069387
0.062113
0.042572
0.016380
-0.010619
-0.033247
-0.049753
-0.058778
-0.059290
-0.054471
-0.048856
-0.042492
-0.039921
-0.039347
-0.039083
-0.040403
-0.039439
-0.037818
-0.033004
-0.028400
-0.020950
-0.019449
-0.017464
-0.019490
-0.017625
-0.012674
-0.005668
0.002312
0.010101
0.014029
0.014118
0.010281
-0.005692
-0.020249
-0.036176
-0.047131
-0.050455
-0.047676
-0.035028
-0.020987
0.001102
0.021211
0.034071
0.043862
0.047800
0.046307
0.041457
0.030872
0.023352
0.013239
0.001862
-0.009359
-0.022581
-0.028968
-0.031932
-0.033255
-0.030448
-0.023869
-0.015832
-0.008274
-0.004127
-0.007498
-0.010538
-0.013170
-0.015893
-0.014053
-0.005260
0.009650
0.027958
0.045681
0.060508
0.069004
0.070867
0.067581
0.058264
0.049944
0.042196
0.040686
0.042151
0.049373
0.056709
0.064148
0.069877
0.068303
0.065554
0.056031
0.047738
0.038470
0.029994
0.028879
0.028650
0.033473
0.038774
0.045178
0.050397
0.055763
0.056427
0.056914
0.051552
0.044854
0.035927
0.019999
0.008225
-0.008060
-0.020328
-0.031032
-0.038197
-0.039884
-0.036727
-0.030854
-0.019793
-0.010936
0.000964
0.012902
0.022275
0.035115
0.040601
0.047257
0.049206
0.047560
0.042794
0.030865
0.016090
-0.001989
-0.020039
-0.035109
-0.047012
-0.052242
-0.052276
-0.044356
-0.030712
-0.016694
-0.000447
0.013929
0.021410
0.025905
0.020608
0.014096
0.003179
-0.004868
-0.013502
-0.016630
-0.012164
-0.006604
0.002626
0.004817
0.000993
-0.009716
-0.027023
-0.043590
-0.058236
-0.067189
-0.064825
-0.053085
-0.029785
-0.001705
0.025046
0.044519
0.056037
0.050132
0.036595
0.014120
-0.012102
-0.031629
-0.046987
-0.052295
-0.050995
-0.046309
-0.037892
-0.035885
-0.037201
-0.043511
-0.053036
-0.061878
-0.067864
-0.068632
-0.066711
-0.059823
-0.055178
-0.051332
-0.051550
-0.054220
-0.060385
-0.062613
-0.059254
-0.049651
-0.030283
-0.005863
0.018906
0.041054
0.056413
0.063902
0.062452
0.056393
0.047970
0.039792
0.037089
0.037254
0.040754
0.042607
0.041948
0.036372
0.022728
0.003345
-0.018638
-0.039473
-0.053677
-0.063461
-0.063593
-0.058973
-0.050804
-0.035303
-0.024861
-0.012019
-0.002682
0.007379
0.016794
0.022298
0.028707
0.034841
0.042160
0.045498
0.049447
0.053127
0.056561
0.062211
0.064830
0.068450
0.066303
0.061670
0.051125
0.037886
0.023379
0.010009
0.002506
0.001355
0.007965
0.016003
0.029031
0.037588
0.044253
0.041889
0.029729
0.010835
-0.011689
-0.034647
-0.052294
-0.064342
-0.069476
-0.065681
-0.058731
-0.044555
-0.030861
-0.016892
-0.004758
0.001398
0.002300
0.000096
-0.003009
-0.010110
-0.014644
-0.019605
-0.022723
-0.022823
-0.017485
-0.011041
-0.001530
0.008441
0.017676
0.027966
0.036011
0.041388
0.048919
0.054478
0.060534
0.062955
0.064503
0.063521
0.058916
0.054425
0.047537
0.042375
0.038002
0.038013
0.039535
0.044040
0.049907
0.055800
0.062078
0.063237
0.063797
0.057507
0.048788
0.035277
0.018965
0.006173
-0.005007
-0.006156
-0.001055
0.010663
0.027652
0.045014
0.055979
0.063796
0.062621
0.057674
0.047406
0.038402
0.030053
0.028137
0.032121
0.035652
0.043774
0.045057
0.042059
0.030067
0.013407
-0.006828
-0.021558
-0.032230
-0.038799
-0.037629
-0.030071
-0.022300
-0.012558
-0.008708
-0.003295
-0.000595
0.000055
0.000250
0.002532
0.006136
0.006815
0.012862
0.012779
0.016363
0.018525
0.020158
0.020987
0.025273
0.028597
0.030889
0.032075
0.031087
0.036020
0.038316
0.044956
0.051527
0.057945
0.061815
0.062134
0.056456
0.044612
0.029962
0.013676
0.000765
-0.006178
-0.006870
-0.000101
0.014990
0.028058
0.042182
0.048520
0.049319
0.042554
0.029104
0.013732
-0.002187
-0.017363
-0.030966
-0.043501
-0.049860
-0.053968
-0.056570
-0.054694
-0.053315
-0.048310
-0.045565
-0.043031
-0.043483
-0.045315
-0.049336
-0.049646
-0.050734
-0.047940
-0.040768
-0.032347
-0.021114
-0.016174
-0.013769
-0.016326
-0.023200
-0.031909
-0.039687
-0.039722
-0.034244
-0.021693
-0.007063
0.006849
0.020584
0.025483
0.024428
0.019561
0.011192
0.003251
-0.004415
-0.008767
-0.013933
-0.012867
-0.017895
-0.023631
-0.028292
-0.035251
-0.039767
-0.038998
-0.036510
-0.028501
-0.018421
-0.010567
-0.005321
-0.007017
-0.012836
-0.023936
-0.036937
-0.052564
-0.063951
-0.072987
-0.075874
-0.073528
-0.068051
-0.058141
-0.050141
-0.043702
-0.042082
-0.043767
-0.050599
-0.058648
-0.066231
-0.071172
-0.068178
-0.059440
-0.041153
-0.019128
0.003438
0.022256
0.033780
0.032871
0.026169
0.010239
-0.010734
-0.029747
-0.042689
-0.045766
-0.042290
-0.034726
-0.024710
-0.020344
-0.018608
-0.020196
-0.027928
-0.038338
-0.046078
-0.053440
-0.055518
-0.054570
-0.055030
-0.055058
-0.058129
-0.060841
-0.065006
-0.065381
-0.062967
-0.053935
-0.040465
-0.024163
-0.007470
0.005143
0.011211
0.011752
0.008642
-0.002762
-0.015195
-0.026753
-0.034706
-0.038965
-0.041733
-0.043257
-0.045281
-0.047802
-0.054651
-0.061189
-0.068627
-0.072907
-0.069515
-0.064305
-0.049013
-0.030138
-0.013572
-0.001880
0.001465
-0.002127
-0.009539
-0.024392
-0.035086
-0.040557
-0.036485
-0.019518
0.004728
0.031560
0.054906
0.069014
0.073403
0.066558
0.048695
0.029499
0.010622
-0.000854
-0.008021
-0.008405
-0.007098
-0.005089
-0.005415
-0.012917
-0.024065
-0.035980
-0.042483
-0.044091
-0.041963
-0.033316
-0.020715
-0.012520
-0.009372
-0.012953
-0.020914
-0.033516
-0.043177
-0.047702
-0.045081
-0.031610
-0.010521
0.014103
0.036749
0.054637
0.065738
0.066708
0.062926
0.051802
0.038473
0.029892
0.017013
0.007846
0.000198
-0.008789
-0.017975
-0.026163
-0.033098
-0.042849
-0.047645
-0.054826
-0.058023
-0.058822
-0.058529
-0.055576
-0.053455
-0.048310
-0.043235
-0.036592
-0.031594
-0.026027
-0.020898
-0.016705
-0.007021
-0.001103
0.008233
0.019512
0.027039
0.039597
0.046210
0.048726
0.047227
0.038859
0.025898
0.006632
-0.013160
-0.030066
-0.048463
-0.056004
-0.055405
-0.049389
-0.033233
-0.018667
-0.001872
0.011920
0.017668
0.018178
0.008498
-0.006708
-0.025116
-0.043865
-0.060022
-0.070640
-0.077891
-0.076899
-0.072822
-0.064016
-0.051746
-0.041095
-0.033115
-0.029702
-0.028660
-0.033718
-0.040492
-0.048920
-0.055310
-0.056882
-0.057857
-0.055494
-0.053669
-0.049733
-0.050139
-0.051010
-0.055231
-0.058455
-0.060121
-0.056746
-0.047133
-0.030422
-0.007498
0.017984
0.041285
0.059945
0.067457
0.066755
0.055355
0.032061
0.006779
-0.020438
-0.041090
-0.053904
-0.060992
-0.057112
-0.050802
-0.042593
-0.037349
-0.034590
-0.037973
-0.041199
-0.044453
-0.044840
-0.032270
-0.013556
0.012006
0.038385
0.060149
0.072251
0.075009
0.061832
0.041623
0.018957
-0.000915
-0.014080
-0.017647
-0.011912
0.000306
0.010465
0.016933
0.012243
-0.000615
-0.021926
-0.041893
-0.061096
-0.070948
-0.068460
-0.057034
-0.035926
-0.012629
0.009758
0.026120
0.036843
0.039378
0.038591
0.030511
0.022571
0.011670
0.004178
-0.005880
-0.018757
-0.027225
-0.036914
-0.039206
-0.038112
-0.030486
-0.018287
-0.003345
0.010253
0.021784
0.025401
0.022865
0.014090
0.002348
-0.010455
-0.018461
-0.020443
-0.014244
-0.000928
0.012493
0.026119
0.036398
0.038278
0.036288
0.028817
0.019630
0.011333
0.000187
-0.005448
-0.012124
-0.018217
-0.024429
-0.031773
-0.038566
-0.042906
-0.043704
-0.040105
-0.030177
-0.018524
-0.002433
0.014716
0.029304
0.043225
0.052926
0.060210
0.069245
0.073221
0.075378
0.070926
0.062630
0.048589
0.028902
0.009028
-0.009481
-0.022612
-0.028629
-0.025023
-0.017102
-0.000072
0.015284
0.030384
0.041303
0.043450
0.041284
0.032117
0.022334
0.014701
0.004744
-0.001211
-0.012115
-0.020027
-0.026463
-0.031596
-0.035398
-0.034560
-0.026176
-0.013500
0.003801
0.022420
0.039736
0.053193
0.062858
0.063043
0.058069
0.049801
0.040667
0.027538
0.015000
0.005217
-0.003819
-0.009611
-0.015404
-0.023700
-0.028162
-0.037733
-0.044605
-0.051689
-0.055537
-0.054685
-0.049337
-0.037651
-0.022279
-0.001448
0.020499
0.036162
0.051180
0.056880
0.056083
0.046293
0.029178
0.009105
-0.011977
-0.027213
-0.037966
-0.043387
-0.041016
-0.031971
-0.021198
-0.011866
-0.005248
-0.004581
-0.006356
-0.013736
-0.026610
-0.040141
-0.051537
-0.059621
-0.063055
-0.062657
-0.057392
-0.051915
-0.045250
-0.041232
-0.039259
-0.040051
-0.043287
-0.048851
-0.054938
-0.060150
-0.064646
-0.064706
-0.064376
-0.060243
-0.053521
-0.046863
-0.036961
-0.032750
-0.022674
-0.015357
-0.009601
-0.003451
0.003892
0.013067
0.021217
0.033614
0.041884
0.051971
0.059628
0.062129
0.063398
0.059910
0.056368
0.051842
0.048842
0.049563
0.051880
0.057292
0.060526
0.063895
0.062354
0.060785
0.056588
0.052296
0.050815
0.051383
0.053364
0.055331
0.053947
0.047188
0.034572
0.014426
-0.009350
-0.031920
-0.049795
-0.059265
-0.058111
-0.048674
-0.031952
-0.015700
-0.004479
0.001198
-0.001245
-0.007818
-0.019580
-0.033187
-0.046144
-0.054589
-0.057559
-0.057414
-0.056650
-0.054885
-0.052874
-0.052003
-0.050077
-0.049228
-0.044151
-0.040145
-0.031517
-0.023599
-0.017653
-0.007969
-0.005460
0.001362
0.008331
0.014568
0.026445
0.034448
0.043403
0.049319
0.049346
0.043781
0.028539
0.010297
-0.008176
-0.028197
-0.040175
-0.044296
-0.037305
-0.019157
0.004098
0.028338
0.049164
0.061342
0.068702
0.066371
0.060386
0.053841
0.050074
0.050257
0.053789
0.058564
0.062442
0.062901
0.054287
0.039592
0.019566
-0.005018
-0.028499
-0.046702
-0.060373
-0.067381
-0.070069
-0.066734
-0.063034
-0.058077
-0.053228
-0.047804
-0.042210
-0.036091
-0.028814
-0.020830
-0.010779
0.000180
0.006232
0.016606
0.022835
0.032189
0.039599
0.044261
0.049799
0.052308
0.055354
0.054995
0.056282
0.056136
0.055600
0.054883
0.054030
0.053214
0.044686
0.035532
0.018416
0.002342
-0.016450
-0.036416
-0.050476
-0.056152
-0.054951
-0.045493
-0.031938
-0.016906
-0.003501
0.003069
0.005590
-0.000116
-0.010283
-0.024507
-0.038151
-0.052548
-0.063936
-0.075136
-0.079287
-0.083265
-0.081311
-0.073419
-0.062139
-0.043453
-0.023943
-0.004551
0.010968
0.020092
0.020308
0.013440
0.001219
-0.007194
-0.014758
-0.011244
0.003216
0.025062
0.045198
0.063110
0.071848
0.069149
0.054029
0.028146
-0.000532
-0.025966
-0.044686
-0.050218
-0.048264
-0.037465
-0.021376
-0.013107
-0.008858
-0.012818
-0.020814
-0.031075
-0.039906
-0.045314
-0.043499
-0.037030
-0.027244
-0.019199
-0.010885
-0.004754
-0.005940
-0.004249
-0.004902
-0.002096
-0.000837
0.005024
0.004919
0.010093
0.009737
0.007686
0.000872
-0.008406
-0.016080
-0.030993
-0.039444
-0.049789
-0.053925
-0.052010
-0.045427
-0.031604
-0.013474
0.007369
0.025679
0.040761
0.050332
0.050625
0.045165
0.033000
0.020050
0.010711
0.005399
0.008634
0.017204
0.026912
0.038541
0.041973
0.039276
0.027761
0.013144
0.000139
-0.015994
-0.022406
-0.020278
-0.010448
0.005177
0.020340
0.030690
0.035426
0.028236
0.014459
-0.004674
-0.029700
-0.044922
-0.054271
-0.056861
-0.047935
-0.036167
-0.017637
-0.001976
0.004732
0.006277
-0.000065
-0.013365
-0.027814
-0.041088
-0.055747
-0.062008
-0.066425
-0.062916
-0.060241
-0.054623
-0.050333
-0.047842
-0.046673
-0.047574
-0.044563
-0.041307
-0.034028
-0.023898
-0.014070
-0.000447
0.006063
0.010703
0.007463
-0.001763
-0.015651
-0.031337
-0.046618
-0.059052
-0.069236
-0.074114
-0.075554
-0.075606
-0.070819
-0.065989
-0.055731
-0.043771
-0.024939
-0.002170
0.019737
0.042389
0.060002
0.068135
0.069975
0.059634
0.042616
0.022717
0.004034
-0.007765
-0.011239
-0.006466
0.003186
0.014064
0.024858
0.027508
0.022491
0.008733
-0.011414
-0.034219
-0.054201
-0.067934
-0.077113
-0.077277
-0.074637
-0.065192
-0.054533
-0.045162
-0.033478
-0.024670
-0.016992
-0.009224
-0.002673
0.005232
0.014827
0.026196
0.033154
0.042277
0.046049
0.050912
0.053404
0.052597
0.052916
0.051058
0.051215
0.051035
0.048723
0.048200
0.042537
0.037765
0.030469
0.017931
0.006859
-0.003863
-0.010480
-0.012860
-0.009606
0.000411
0.013592
0.028105
0.043692
0.055783
0.068062
0.075028
0.079671
0.079615
0.074962
0.066585
0.052319
0.037673
0.022240
0.009827
0.001139
0.001337
0.007533
0.019249
0.031057
0.039952
0.045013
0.038227
0.021679
-0.002499
-0.028867
-0.050968
-0.065041
-0.069120
-0.061030
-0.047171
-0.027942
-0.009681
0.003138
0.008905
0.009596
0.001700
-0.003212
-0.016607
-0.025587
-0.032477
-0.042222
-0.044500
-0.050087
-0.050131
-0.049062
-0.042913
-0.032705
-0.019167
0.000579
0.018010
0.034459
0.047711
0.057179
0.064456
0.067823
0.069115
0.069105
0.067041
0.064347
0.055546
0.040897
0.022562
-0.002658
-0.028819
-0.051148
-0.067662
-0.073407
-0.070687
-0.053441
-0.032286
-0.009051
0.009520
0.020742
0.022670
0.018222
0.005934
-0.004005
-0.010515
-0.007695
0.004653
0.023063
0.040857
0.056531
0.066632
0.069216
0.064426
0.054291
0.043213
0.035349
0.033661
0.031142
0.033778
0.034802
0.029280
0.017579
-0.002245
-0.025719
-0.047093
-0.062813
-0.068684
-0.062625
-0.044442
-0.016470
0.015205
0.041921
0.061409
0.069508
0.067650
0.053671
0.034043
0.014979
-0.001580
-0.009863
-0.013401
-0.014420
-0.010266
-0.008669
-0.007365
-0.011576
-0.020542
-0.026869
-0.035640
-0.040267
-0.041490
-0.040721
-0.039673
-0.041339
-0.046408
-0.051155
-0.056798
-0.059907
-0.055210
-0.046008
-0.028366
-0.004049
0.017920
0.038273
0.051397
0.058355
0.060151
0.055346
0.051653
0.049096
0.050861
0.054874
0.061511
0.065917
0.069066
0.067376
0.061361
0.054176
0.045892
0.042507
0.040971
0.044414
0.047616
0.053318
0.052974
0.046358
0.032305
0.012628
-0.011559
-0.032628
-0.051479
-0.060148
-0.060009
-0.049845
-0.029902
-0.007569
0.011703
0.029765
0.038271
0.040333
0.034011
0.025087
0.014260
0.006382
0.002761
0.002363
0.007346
0.011776
0.012010
0.009102
-0.000037
-0.013470
-0.031096
-0.047312
-0.061542
-0.073193
-0.078129
-0.082206
-0.077140
-0.069657
-0.059830
-0.045588
-0.032230
-0.014698
-0.003996
0.003832
0.005498
0.000875
-0.008103
-0.021764
-0.038009
-0.052015
-0.060739
-0.061526
-0.053599
-0.038707
-0.015026
0.006961
0.026657
0.045364
0.053705
0.054412
0.048562
0.036642
0.021665
0.005925
-0.008299
-0.019903
-0.032704
-0.039143
-0.048812
-0.055660
-0.060569
-0.063328
-0.058504
-0.048547
-0.031637
-0.010583
0.010784
0.029714
0.041877
0.046192
0.041788
0.026942
0.009186
-0.010493
-0.028299
-0.042216
-0.048758
-0.049843
-0.045954
-0.039164
-0.030532
-0.019545
-0.010769
-0.003856
0.003964
0.010178
0.012426
0.014692
0.010388
0.006856
0.001580
-0.005050
-0.010665
-0.012542
-0.007876
-0.002539
0.008259
0.021617
0.034714
0.047547
0.053878
0.057496
0.055177
0.050949
0.043306
0.036577
0.030746
0.028125
0.030148
0.033992
0.042948
0.051265
0.059864
0.065522
0.068966
0.068667
0.064039
0.059458
0.050222
0.043057
0.038040
0.036212
0.035830
0.038974
0.044013
0.049905
0.057445
0.061762
0.066825
0.066136
0.062206
0.055207
0.039899
0.028624
0.012376
-0.000212
-0.005096
-0.004695
0.005589
0.019703
0.034134
0.049289
0.056737
0.058484
0.050263
0.032921
0.011103
-0.010621
-0.030005
-0.043009
-0.048675
-0.052435
-0.044957
-0.039328
-0.029418
-0.020402
-0.011857
0.001867
0.010909
0.025148
0.036617
0.044044
0.046832
0.040193
0.031471
0.015904
-0.003636
-0.016652
-0.020836
-0.013859
0.003579
0.025162
0.046790
0.062494
0.068926
0.067115
0.051592
0.030073
0.005547
-0.015665
-0.031827
-0.037984
-0.041256
-0.034551
-0.032347
-0.030013
-0.030283
-0.034244
-0.040875
-0.047615
-0.052119
-0.057528
-0.053491
-0.050676
-0.042143
-0.029269
-0.019140
-0.001936
0.012953
0.026052
0.038315
0.045338
0.049105
0.042812
0.033709
0.019501
0.002357
-0.008307
-0.016783
-0.016426
-0.008492
0.005739
0.023393
0.042224
0.056511
0.069875
0.076337
0.078297
0.075532
0.067760
0.060996
0.049020
0.041030
0.031742
0.029393
0.032067
0.037764
0.047198
0.055941
0.062443
0.061865
0.052962
0.034529
0.009718
-0.016830
-0.043270
-0.061644
-0.069602
-0.068926
-0.055505
-0.037411
-0.018008
-0.001552
0.007669
0.010466
0.010138
0.002676
0.003796
0.006285
0.013399
0.024425
0.034881
0.045038
0.048605
0.045039
0.035015
0.020996
0.008171
0.000288
0.000824
0.009102
0.021208
0.038293
0.050598
0.061446
0.062854
0.052863
0.039609
0.016796
-0.006806
-0.027853
-0.044763
-0.051799
-0.054302
-0.049637
-0.039458
-0.026419
-0.011641
0.003769
0.017777
0.031101
0.040191
0.050564
0.054920
0.059070
0.057965
0.054496
0.050862
0.044325
0.038858
0.033513
0.032531
0.032627
0.037569
0.043654
0.051475
0.063005
0.070520
0.077612
0.078268
0.076320
0.066828
0.050672
0.034686
0.016189
0.000132
-0.010509
-0.015652
-0.013331
-0.002256
0.011051
0.029956
0.042842
0.053465
0.058062
0.053157
0.041597
0.025094
0.005044
-0.015919
-0.036333
-0.050202
-0.058105
-0.058709
-0.050651
-0.037908
-0.022271
-0.003202
0.012210
0.028806
0.039240
0.044652
0.045027
0.041766
0.036114
0.029092
0.021032
0.015523
0.005173
-0.000145
-0.010932
-0.018649
-0.022991
-0.026890
-0.021039
-0.011541
0.003753
0.021779
0.039568
0.054595
0.065776
0.069304
0.067740
0.059961
0.050324
0.039633
0.027069
0.016920
0.008621
0.002668
-0.004703
-0.012575
-0.022689
-0.035456
-0.045893
-0.052976
-0.055391
-0.049040
-0.034835
-0.013521
0.010508
0.033462
0.051265
0.058701
0.057158
0.044757
0.022781
-0.002329
-0.026246
-0.044824
-0.055398
-0.061302
-0.058544
-0.052637
-0.044081
-0.037875
-0.036279
-0.037950
-0.044185
-0.051088
-0.059808
-0.065962
-0.071963
-0.072865
-0.069866
-0.061562
-0.049228
-0.035629
-0.019431
-0.007786
0.001019
0.002121
-0.003944
-0.014919
-0.029154
-0.043193
-0.052117
-0.054558
-0.046167
-0.028823
-0.004374
0.022248
0.046226
0.060570
0.064228
0.055636
0.033183
0.005561
-0.022533
-0.050139
-0.066959
-0.073576
-0.066440
-0.050102
-0.028440
-0.005942
0.011178
0.018804
0.021173
0.014121
0.002957
-0.005955
-0.011651
-0.007869
0.004912
0.023450
0.042286
0.058990
0.066067
0.069703
0.063007
0.052367
0.041444
0.033119
0.027466
0.029086
0.034565
0.041870
0.047425
0.044142
0.035677
0.020666
0.001470
-0.016835
-0.033934
-0.045496
-0.054291
-0.058165
-0.057870
-0.059259
-0.059111
-0.057989
-0.055807
-0.048761
-0.039142
-0.021819
-0.000596
0.019325
0.040493
0.055020
0.063869
0.062365
0.051456
0.033533
0.008540
-0.014746
-0.034329
-0.049988
-0.055592
-0.056638
-0.050781
-0.041811
-0.033197
-0.026327
-0.022660
-0.026292
-0.033852
-0.040971
-0.052193
-0.060526
-0.065271
-0.066871
-0.063296
-0.058779
-0.051401
-0.046961
-0.043882
-0.044542
-0.048427
-0.054181
-0.060567
-0.064050
-0.066237
-0.063436
-0.059859
-0.052806
-0.046839
-0.042617
-0.042298
-0.044429
-0.049855
-0.056605
-0.062589
-0.068214
-0.067160
-0.063402
-0.055323
-0.044423
-0.033611
-0.026375
-0.026706
-0.029426
-0.037505
-0.045865
-0.054078
-0.057722
-0.055847
-0.049144
-0.032220
-0.014095
0.006942
0.027354
0.041865
0.054185
0.058971
0.060063
0.056228
0.047578
0.041889
0.031549
0.022948
0.016073
0.008448
0.008848
0.005542
0.009150
0.012678
0.017989
0.021374
0.026035
0.025696
0.025490
0.021921
0.013661
0.005544
-0.003997
-0.013033
-0.025548
-0.035685
-0.042507
-0.047087
-0.044655
-0.036780
-0.024417
-0.004916
0.009435
0.027155
0.034962
0.033927
0.023919
0.003698
-0.020112
-0.042271
-0.059395
-0.068197
-0.065246
-0.055314
-0.035913
-0.012150
0.009228
0.030268
0.044141
0.055607
0.062153
0.066227
0.070814
0.070156
0.069991
0.064999
0.055350
0.043080
0.026397
0.012978
0.003934
0.000935
0.005666
0.013887
0.024177
0.037873
0.041152
0.040057
0.027078
0.005595
-0.019932
-0.044026
-0.062123
-0.068911
-0.064899
-0.047569
-0.021319
0.008336
0.036614
0.060281
0.070529
0.069979
0.055827
0.035464
0.011386
-0.010693
-0.026043
-0.031345
-0.031616
-0.021165
-0.013316
-0.001486
0.005019
0.002176
-0.007404
-0.022004
-0.038781
-0.053607
-0.065881
-0.072151
-0.071214
-0.068993
-0.060475
-0.053430
-0.046319
-0.041736
-0.039896
-0.036848
-0.035243
-0.031304
-0.021564
-0.011213
0.000569
0.010101
0.016063
0.017173
0.010287
-0.001848
-0.018272
-0.035084
-0.049228
-0.061770
-0.068682
-0.073487
-0.073954
-0.071221
-0.067314
-0.057580
-0.048670
-0.031989
-0.013668
0.005330
0.024656
0.039191
0.049796
0.054275
0.052669
0.047510
0.037341
0.031093
0.030749
0.035048
0.044699
0.054949
0.064346
0.065056
0.059510
0.040721
0.016395
-0.012945
-0.041999
-0.059667
-0.071169
-0.069051
-0.057040
-0.039117
-0.018315
-0.000666
0.010396
0.014870
0.016386
0.013177
0.010155
0.008667
0.010461
0.020122
0.028851
0.034725
0.041111
0.040638
0.040166
0.041227
0.040974
0.045549
0.051020
0.057787
0.059114
0.056937
0.046155
0.028248
0.005747
-0.021445
-0.043573
-0.058425
-0.066639
-0.063957
-0.057817
-0.048222
-0.041656
-0.039594
-0.043320
-0.051486
-0.060306
-0.066261
-0.065030
-0.056118
-0.035350
-0.007775
0.019767
0.044436
0.061759
0.067109
0.062604
0.044824
0.022703
-0.001217
-0.021745
-0.036619
-0.042393
-0.042934
-0.038536
-0.035669
-0.033542
-0.035895
-0.039418
-0.047362
-0.053838
-0.058387
-0.059969
-0.055737
-0.047589
-0.036792
-0.023004
-0.007840
0.003160
0.013183
0.022283
0.027897
0.035403
0.039321
0.043659
0.048385
0.052281
0.056718
0.059028
0.060235
0.058910
0.052660
0.047884
0.037440
0.030446
0.024168
0.020510
0.021002
0.026743
0.033920
0.041486
0.046681
0.047099
0.048769
0.045713
0.045039
0.045168
0.049378
0.054250
0.060811
0.064871
0.062163
0.055149
0.037048
0.015386
-0.010065
-0.034147
-0.050516
-0.061264
-0.064138
-0.061238
-0.058005
-0.052506
-0.051346
-0.051956
-0.056731
-0.060041
-0.062354
-0.061902
-0.058328
-0.052315
-0.045108
-0.040130
-0.037812
-0.040441
-0.044040
-0.051307
-0.056470
-0.060470
-0.061676
-0.059286
-0.056622
-0.050236
-0.046459
-0.039704
-0.033421
-0.025247
-0.013564
-0.003505
0.006636
0.014350
0.017871
0.018670
0.015126
0.010222
0.002503
-0.003128
-0.006200
-0.005561
-0.005758
-0.005740
-0.008513
-0.014094
-0.022268
-0.033858
-0.039737
-0.042004
-0.034311
-0.020230
-0.001397
0.016879
0.032071
0.042576
0.045852
0.043014
0.038145
0.032464
0.029484
0.028515
0.033968
0.040258
0.047952
0.052723
0.055413
0.058167
0.057691
0.057921
0.057629
0.058798
0.058716
0.060483
0.059158
0.059051
0.057602
0.058475
0.060034
0.061962
0.064984
0.064188
0.063276
0.054416
0.040819
0.022854
0.003300
-0.013989
-0.026643
-0.034549
-0.034944
-0.033493
-0.027967
-0.026037
-0.028467
-0.031991
-0.040839
-0.045848
-0.052567
-0.051035
-0.046668
-0.035014
-0.023339
-0.007717
0.006459
0.016655
0.025748
0.032440
0.036061
0.043829
0.048494
0.056318
0.062340
0.066686
0.064358
0.054797
0.040172
0.017564
-0.006844
-0.031052
-0.049606
-0.060767
-0.064577
-0.060451
-0.052638
-0.044098
-0.036171
-0.033732
-0.034050
-0.040632
-0.047479
-0.053594
-0.053325
-0.048250
-0.037748
-0.020051
-0.001077
0.019566
0.036908
0.049105
0.062831
0.068020
0.072516
0.072467
0.069678
0.066106
0.058039
0.052140
0.044794
0.041400
0.040280
0.043140
0.048318
0.054005
0.059718
0.059143
0.054239
0.040430
0.020629
-0.000589
-0.025242
-0.043092
-0.058112
-0.063789
-0.059281
-0.050602
-0.031913
-0.013458
0.006824
0.026601
0.041424
0.054141
0.057595
0.054639
0.045962
0.031031
0.012621
-0.010537
-0.029809
-0.042518
-0.051608
-0.050537
-0.040469
-0.026156
-0.009656
0.007616
0.018864
0.021530
0.018201
0.009168
-0.003607
-0.013233
-0.020518
-0.021920
-0.018029
-0.014004
-0.004621
-0.002004
-0.003589
-0.010897
-0.024597
-0.038391
-0.052970
-0.067338
-0.074377
-0.078209
-0.074418
-0.066333
-0.055837
-0.043599
-0.037709
-0.032392
-0.033919
-0.038043
-0.045381
-0.052242
-0.058252
-0.060869
-0.060644
-0.058826
-0.054086
-0.052209
-0.050852
-0.053407
-0.056090
-0.060303
-0.060593
-0.057628
-0.049062
-0.033374
-0.015790
0.006072
0.028037
0.045382
0.059442
0.067584
0.070369
0.069247
0.064788
0.059858
0.049217
0.043502
0.035057
0.031192
0.029182
0.027873
0.033118
0.037758
0.045603
0.049689
0.054154
0.052866
0.047981
0.040654
0.026499
0.015432
0.001863
-0.009086
-0.017660
-0.024303
-0.030913
-0.035762
-0.040382
-0.047823
-0.053429
-0.057249
-0.058375
-0.053579
-0.045161
-0.030645
-0.013835
0.004600
0.024942
0.040239
0.053411
0.059403
0.056508
0.048966
0.035295
0.016759
-0.005215
-0.025562
-0.041795
-0.052912
-0.057424
-0.052082
-0.041665
-0.021960
-0.002305
0.016326
0.033287
0.038647
0.033570
0.017689
-0.005277
-0.029853
-0.050668
-0.065640
-0.068717
-0.063738
-0.047913
-0.027507
-0.007858
0.007402
0.017118
0.019468
0.013847
0.005466
-0.007469
-0.016353
-0.025788
-0.028998
-0.034187
-0.037455
-0.040224
-0.046317
-0.051714
-0.058929
-0.062831
-0.064834
-0.062850
-0.057293
-0.050205
-0.042622
-0.036555
-0.035010
-0.039141
-0.045710
-0.053739
-0.059353
-0.060333
-0.055636
-0.040097
-0.021572
0.001237
0.026775
0.044673
0.060542
0.064513
0.060303
0.049093
0.028592
0.010042
-0.012292
-0.028896
-0.042308
-0.053692
-0.060473
-0.066096
-0.070646
-0.072080
-0.072597
-0.067973
-0.058373
-0.045807
-0.030173
-0.014263
-0.000727
0.007366
0.007183
0.002276
-0.009253
-0.027887
-0.041363
-0.054129
-0.057784
-0.054005
-0.038694
-0.018079
0.001522
0.021704
0.033035
0.031386
0.019103
-0.002851
-0.029463
-0.052706
-0.070398
-0.075940
-0.067984
-0.050534
-0.023646
0.004063
0.025235
0.039908
0.044374
0.034704
0.022213
0.008023
0.000612
0.002695
0.014315
0.027571
0.042796
0.053252
0.057941
0.049455
0.029665
0.004330
-0.022021
-0.044633
-0.057671
-0.065520
-0.065099
-0.061487
-0.059204
-0.058217
-0.062535
-0.066214
-0.070100
-0.067517
-0.060147
-0.043315
-0.021019
0.002574
0.021969
0.034154
0.035438
0.026059
0.009898
-0.014170
-0.036964
-0.055376
-0.062601
-0.060444
-0.051995
-0.033056
-0.013045
0.003710
0.012723
0.013510
0.005617
-0.008044
-0.025515
-0.043428
-0.054967
-0.060763
-0.057919
-0.046639
-0.029156
-0.007827
0.009889
0.027429
0.039130
0.047237
0.054498
0.055058
0.059814
0.061606
0.063659
0.060489
0.052604
0.037675
0.017119
-0.004998
-0.027592
-0.048662
-0.059413
-0.064101
-0.060510
-0.052850
-0.042940
-0.035433
-0.030407
-0.032540
-0.038269
-0.045644
-0.052340
-0.052853
-0.049242
-0.036634
-0.018804
0.000520
0.019493
0.035880
0.049723
0.060953
0.066415
0.072763
0.074556
0.075410
0.071394
0.061033
0.047288
0.028694
0.008532
-0.008851
-0.022242
-0.027302
-0.024464
-0.014302
0.003229
0.020551
0.034870
0.045977
0.047501
0.044669
0.035296
0.022800
0.009394
-0.002385
-0.011049
-0.017219
-0.020876
-0.023068
-0.029229
-0.034049
-0.042419
-0.050717
-0.059235
-0.068406
-0.071632
-0.072693
-0.065583
-0.056157
-0.042248
-0.026026
-0.012602
-0.001105
0.004292
0.006771
0.004643
-0.003273
-0.013414
-0.026404
-0.041662
-0.051345
-0.061783
-0.067820
-0.065517
-0.060721
-0.046690
-0.030184
-0.010360
0.007766
0.022163
0.030190
0.036469
0.035043
0.032449
0.030634
0.030714
0.036771
0.044504
0.053025
0.057010
0.057476
0.048954
0.034390
0.012684
-0.011494
-0.032032
-0.048694
-0.058341
-0.061860
-0.060605
-0.051189
-0.043781
-0.031189
-0.022663
-0.016056
-0.009006
-0.003075
0.002005
0.010173
0.019770
0.028309
0.037267
0.046391
0.051450
0.056037
0.053981
0.047017
0.035596
0.020568
0.003583
-0.014107
-0.030596
-0.043635
-0.056564
-0.064425
-0.070785
-0.072118
-0.070625
-0.066977
-0.059047
-0.053334
-0.045634
-0.040984
-0.039343
-0.041747
-0.046911
-0.053031
-0.058965
-0.060635
-0.058239
-0.046374
-0.027956
-0.006558
0.018542
0.038162
0.056341
0.065133
0.063171
0.053546
0.035625
0.015218
-0.008225
-0.028527
-0.042823
-0.054752
-0.060502
-0.062416
-0.062970
-0.060520
-0.059020
-0.054278
-0.050485
-0.046110
-0.037633
-0.031278
-0.020354
-0.011320
-0.002447
0.005046
0.014643
0.021736
0.030552
0.040831
0.051343
0.061443
0.070409
0.074437
0.074790
0.065180
0.050844
0.030258
0.008662
-0.010799
-0.023228
-0.031090
-0.027950
-0.022007
-0.010170
0.001186
0.005652
0.004852
-0.005163
-0.020061
-0.037430
-0.052976
-0.066368
-0.075500
-0.080657
-0.076908
-0.071316
-0.062192
-0.052291
-0.044589
-0.036326
-0.033394
-0.034139
-0.037835
-0.043050
-0.049555
-0.054586
-0.059536
-0.059965
-0.058397
-0.052582
-0.043578
-0.034927
-0.021771
-0.011580
-0.000061
0.010565
0.016987
0.023892
0.030734
0.034065
0.040571
0.045538
0.051588
0.055432
0.060046
0.062357
0.061778
0.060580
0.053581
0.046851
0.039420
0.033608
0.030728
0.033554
0.040326
0.048188
0.055766
0.058758
0.058540
0.049656
0.035250
0.015902
-0.005488
-0.025356
-0.042296
-0.053763
-0.060258
-0.062655
-0.058235
-0.050554
-0.040793
-0.029661
-0.020609
-0.011070
-0.005240
-0.005278
-0.010842
-0.018074
-0.030044
-0.037271
-0.042633
-0.043033
-0.035626
-0.026118
-0.015746
-0.009147
-0.008138
-0.014874
-0.025479
-0.039380
-0.048095
-0.050687
-0.042062
-0.022305
0.004754
0.034039
0.058382
0.071430
0.073068
0.060796
0.040801
0.019095
0.000377
-0.011390
-0.012655
-0.011107
-0.000204
0.012630
0.018152
0.019228
0.008210
-0.007832
-0.027172
-0.046394
-0.061848
-0.073240
-0.082168
-0.082702
-0.081655
-0.076159
-0.066435
-0.052745
-0.035884
-0.022570
-0.009759
-0.001943
-0.000281
-0.005847
-0.012891
-0.026037
-0.036396
-0.042158
-0.040677
-0.026869
-0.005100
0.021622
0.046923
0.064347
0.072425
0.067496
0.048866
0.022959
-0.004723
-0.033707
-0.054148
-0.066053
-0.066526
-0.061189
-0.052348
-0.043322
-0.038820
-0.039800
-0.046004
-0.053638
-0.059595
-0.060559
-0.055790
-0.042293
-0.020313
0.001906
0.024229
0.042482
0.052377
0.056745
0.051328
0.042886
0.033281
0.026065
0.022215
0.020463
0.025086
0.032104
0.040917
0.048324
0.058026
0.061677
0.066054
0.065090
0.057990
0.047272
0.030649
0.010474
-0.011079
-0.030777
-0.046581
-0.057629
-0.061848
-0.060486
-0.055472
-0.047081
-0.040668
-0.036680
-0.038738
-0.041734
-0.049028
-0.058509
-0.068529
-0.075243
-0.076993
-0.076120
-0.067572
-0.056575
-0.042651
-0.027711
-0.014305
-0.004472
0.000753
0.000127
-0.004517
-0.011247
-0.022054
-0.034176
-0.047673
-0.056502
-0.067124
-0.070374
-0.071644
-0.068260
-0.058412
-0.046594
-0.029446
-0.012192
0.003650
0.015446
0.022462
0.023461
0.019532
0.012288
0.002112
-0.010463
-0.019621
-0.025327
-0.032922
-0.035645
-0.041720
-0.046772
-0.053451
-0.061609
-0.066772
-0.071276
-0.069966
-0.063583
-0.053369
-0.037633
-0.022527
-0.010365
-0.001806
0.000922
-0.002623
-0.006971
-0.018875
-0.026470
-0.036675
-0.046690
-0.051291
-0.056123
-0.058042
-0.058303
-0.054945
-0.049180
-0.039006
-0.024803
-0.008686
0.008436
0.025077
0.041388
0.054447
0.062625
0.067830
0.068469
0.066454
0.061103
0.053797
0.047523
0.039675
0.035353
0.033032
0.031518
0.035292
0.040605
0.046843
0.051397
0.056526
0.054641
0.053303
0.043085
0.031282
0.022482
0.009170
0.000538
-0.010294
-0.017983
-0.025348
-0.030446
-0.039185
-0.047844
-0.053370
-0.058632
-0.058761
-0.055546
-0.046456
-0.032100
-0.014368
0.005541
0.025304
0.043298
0.056690
0.063244
0.066429
0.065172
0.060190
0.055166
0.048445
0.044371
0.040206
0.038126
0.035169
0.027734
0.021287
0.008514
-0.001657
-0.012612
-0.024147
-0.026054
-0.020699
-0.006941
0.012663
0.034467
0.053453
0.066065
0.068960
0.063831
0.048502
0.028856
0.007817
-0.010181
-0.020565
-0.022824
-0.021644
-0.014065
-0.002102
0.009048
0.021804
0.028099
0.033804
0.039006
0.044007
0.047063
0.050362
0.052951
0.053362
0.053905
0.051261
0.049314
0.046007
0.041327
0.039789
0.031823
0.028760
0.019449
0.006749
-0.002023
-0.014263
-0.016933
-0.016311
-0.006277
0.010701
0.031664
0.049995
0.065469
0.070471
0.065918
0.049879
0.025585
-0.000782
-0.024081
-0.038900
-0.041820
-0.034851
-0.015851
0.005248
0.026176
0.042209
0.048694
0.047451
0.041678
0.030307
0.024159
0.023024
0.030146
0.040868
0.056541
0.067733
0.072982
0.070360
0.057563
0.039910
0.019590
0.002424
-0.007557
-0.008211
-0.006169
0.004204
0.014115
0.018745
0.012744
-0.003165
-0.025185
-0.046263
-0.064877
-0.072738
-0.070174
-0.055392
-0.029675
-0.000691
0.025743
0.044711
0.051289
0.044234
0.030408
0.003061
-0.019675
-0.039216
-0.052175
-0.055341
-0.052338
-0.044417
-0.035422
-0.028771
-0.028896
-0.034417
-0.043613
-0.054010
-0.061291
-0.064287
-0.057831
-0.044059
-0.025319
-0.000877
0.023461
0.044857
0.059030
0.062485
0.060877
0.048224
0.030482
0.008730
-0.014438
-0.033091
-0.051400
-0.060015
-0.059620
-0.052133
-0.033663
-0.010691
0.011079
0.033774
0.048640
0.055931
0.055102
0.046846
0.035811
0.024839
0.018715
0.014235
0.020651
0.026415
0.037726
0.044588
0.043116
0.036505
0.021301
0.004939
-0.011631
-0.022679
-0.026966
-0.028157
-0.020798
-0.013477
-0.004086
0.003057
0.006526
0.008349
0.008504
0.013118
0.015109
0.019378
0.023463
0.028037
0.028658
0.031429
0.029761
0.031639
0.033262
0.036456
0.042499
0.046715
0.049906
0.045835
0.036440
0.020376
-0.000148
-0.021467
-0.040694
-0.053727
-0.059021
-0.056959
-0.044109
-0.028777
-0.006783
0.016402
0.035696
0.051580
0.058501
0.059130
0.051934
0.035950
0.016754
-0.006071
-0.028251
-0.047169
-0.059631
-0.061529
-0.054074
-0.038269
-0.015694
0.007083
0.026628
0.040551
0.044396
0.038712
0.024157
0.002863
-0.018775
-0.040444
-0.054672
-0.061840
-0.059667
-0.047828
-0.028904
-0.006231
0.015096
0.034902
0.048956
0.056958
0.057001
0.054822
0.048126
0.042010
0.036981
0.035805
0.038398
0.043595
0.051728
0.059425
0.068000
0.070944
0.074521
0.068103
0.060632
0.048447
0.029877
0.017554
0.003632
-0.001627
0.000441
0.008683
0.019837
0.033206
0.044088
0.050946
0.055006
0.053977
0.051251
0.044942
0.043678
0.038592
0.035750
0.031417
0.029346
0.022399
0.016136
0.006681
0.001462
-0.000604
0.000703
0.004038
0.008038
0.011987
0.008464
-0.001534
-0.016593
-0.033888
-0.051283
-0.062762
-0.068833
-0.062648
-0.048020
-0.027846
-0.000504
0.022818
0.042055
0.056279
0.060863
0.059297
0.048692
0.035403
0.017659
-0.003980
-0.022706
-0.040376
-0.052670
-0.056461
-0.053597
-0.041485
-0.022570
-0.001276
0.019665
0.033163
0.039540
0.033951
0.017878
-0.003771
-0.026753
-0.046977
-0.060236
-0.066633
-0.067418
-0.063612
-0.060736
-0.059515
-0.062532
-0.065034
-0.069332
-0.066636
-0.058464
-0.041983
-0.019272
0.005864
0.026993
0.042673
0.047843
0.042527
0.032488
0.018531
0.010173
0.006955
0.012491
0.022718
0.034422
0.042973
0.050101
0.047606
0.040547
0.030342
0.020188
0.011415
0.007322
0.011178
0.018472
0.029277
0.037729
0.044740
0.050319
0.053197
0.054237
0.053744
0.054783
0.053447
0.052517
0.048067
0.039620
0.030892
0.022287
0.016215
0.011691
0.017739
0.024279
0.036496
0.046847
0.054578
0.056135
0.050949
0.038273
0.021961
0.011166
0.005721
0.006225
0.011809
0.024573
0.032474
0.040472
0.035737
0.021301
-0.001816
-0.028310
-0.052124
-0.066963
-0.073698
-0.066073
-0.049917
-0.029798
-0.008482
0.006995
0.014114
0.016323
0.009711
0.000134
-0.012875
-0.025194
-0.031406
-0.037136
-0.039024
-0.040182
-0.043157
-0.047043
-0.055392
-0.061986
-0.069849
-0.073079
-0.071479
-0.065903
-0.050529
-0.033450
-0.016162
-0.001261
0.008398
0.010016
0.006395
-0.006816
-0.019508
-0.036248
-0.048081
-0.050510
-0.046499
-0.034005
-0.017717
-0.002915
0.010686
0.017023
0.020677
0.015885
0.004482
-0.007530
-0.018745
-0.023232
-0.023597
-0.016444
-0.007390
0.008771
0.025748
0.040604
0.049229
0.053454
0.054554
0.047415
0.039228
0.027909
0.021995
0.018618
0.019174
0.024833
0.031575
0.043605
0.048991
0.051100
0.046250
0.034066
0.017465
-0.002585
-0.021487
-0.037431
-0.048542
-0.052585
-0.050611
-0.041230
-0.026553
-0.013245
0.002299
0.015852
0.024922
0.033805
0.036362
0.040164
0.041708
0.044813
0.048539
0.053514
0.059527
0.063702
0.068531
0.067053
0.062853
0.054179
0.040880
0.027526
0.014755
0.005604
0.000678
0.002570
0.008497
0.017618
0.028579
0.043818
0.054713
0.065335
0.072462
0.074564
0.075465
0.067720
0.058681
0.043988
0.028236
0.011747
-0.002703
-0.012639
-0.016180
-0.016124
-0.009353
-0.000443
0.011447
0.019880
0.028651
0.033832
0.038073
0.041828
0.044896
0.049007
0.055690
0.060434
0.067161
0.068778
0.067499
0.060907
0.048476
0.033750
0.018197
0.006959
0.000447
-0.000567
0.003765
0.013328
0.024516
0.038174
0.048703
0.054527
0.056693
0.054978
0.053224
0.049475
0.048770
0.049911
0.052060
0.055664
0.055684
0.053360
0.045690
0.033223
0.019477
0.006338
-0.000692
-0.001049
0.005917
0.018565
0.033636
0.045380
0.055318
0.054984
0.047807
0.032025
0.011480
-0.010049
-0.028721
-0.044399
-0.051908
-0.054482
-0.051745
-0.044273
-0.032004
-0.018291
-0.006344
0.006613
0.016403
0.019706
0.015946
0.003047
-0.015588
-0.035379
-0.053543
-0.065253
-0.068543
-0.063289
-0.047814
-0.028879
-0.008981
0.006151
0.016972
0.020828
0.024453
0.020159
0.022517
0.025948
0.034177
0.041480
0.049819
0.053238
0.051272
0.045522
0.030980
0.018245
0.007815
0.002568
0.005379
0.011545
0.023294
0.039945
0.052250
0.065273
0.071341
0.073568
0.072970
0.065716
0.058511
0.049190
0.043138
0.038866
0.038753
0.042263
0.049012
0.055233
0.058903
0.060035
0.051369
0.037263
0.014132
-0.010395
-0.031836
-0.049476
-0.059487
-0.058563
-0.046484
-0.024654
0.001492
0.025635
0.044040
0.053666
0.050776
0.042480
0.021354
-0.001050
-0.024612
-0.044731
-0.055767
-0.060195
-0.055841
-0.044206
-0.027857
-0.006243
0.013687
0.030074
0.045192
0.053057
0.058331
0.058102
0.056262
0.052837
0.044842
0.040191
0.034746
0.028991
0.024373
0.011813
0.002850
-0.010879
-0.023798
-0.037698
-0.048495
-0.054174
-0.057088
-0.049357
-0.041925
-0.030177
-0.020796
-0.013455
-0.012274
-0.019569
-0.028373
-0.038754
-0.046330
-0.049431
-0.042763
-0.028222
-0.011911
0.010083
0.024399
0.031926
0.031885
0.018238
-0.001033
-0.023488
-0.045163
-0.059705
-0.068428
-0.070458
-0.065083
-0.058616
-0.050298
-0.046444
-0.044382
-0.047461
-0.052709
-0.060424
-0.066432
-0.069354
-0.071343
-0.067756
-0.062051
-0.051526
-0.037661
-0.020919
-0.004883
0.012496
0.026103
0.038488
0.045950
0.050989
0.050731
0.048049
0.040764
0.031402
0.023446
0.012380
0.004132
-0.004794
-0.008855
-0.007289
-0.003976
0.005637
0.013757
0.023024
0.025875
0.025569
0.017601
0.004308
-0.010993
-0.030347
-0.044225
-0.054991
-0.056516
-0.049119
-0.034521
-0.011554
0.010477
0.033653
0.054032
0.064179
0.067554
0.060675
0.047002
0.028474
0.008844
-0.005826
-0.013295
-0.011753
-0.005015
0.009327
0.023248
0.039038
0.050612
0.054428
0.052224
0.040632
0.028617
0.009852
-0.007018
-0.021047
-0.034505
-0.044726
-0.053969
-0.060184
-0.061611
-0.061650
-0.057394
-0.052077
-0.043364
-0.035377
-0.029965
-0.027867
-0.031195
-0.037140
-0.045447
-0.050625
-0.055188
-0.052232
-0.040595
-0.024892
-0.001016
0.018658
0.038925
0.054041
0.057798
0.056434
0.044625
0.028453
0.009963
-0.008772
-0.021658
-0.034426
-0.041383
-0.046717
-0.053596
-0.057135
-0.061079
-0.062057
-0.060543
-0.054537
-0.038979
-0.020728
0.002894
0.025722
0.044640
0.059130
0.064074
0.062192
0.053044
0.041969
0.031294
0.023955
0.022585
0.026482
0.037842
0.046463
0.052582
0.050882
0.041320
0.027246
0.002987
-0.017722
-0.033747
-0.043383
-0.039335
-0.026780
-0.004324
0.022489
0.047548
0.064125
0.072326
0.066266
0.051107
0.028404
-0.001710
-0.024797
-0.045039
-0.057624
-0.061891
-0.061739
-0.056237
-0.052127
-0.048776
-0.049189
-0.049788
-0.053382
-0.053881
-0.053945
-0.051793
-0.045072
-0.039357
-0.032759
-0.029634
-0.030763
-0.033299
-0.039969
-0.049177
-0.056056
-0.060970
-0.064706
-0.063326
-0.061025
-0.052931
-0.041096
-0.026228
-0.008463
0.009826
0.029332
0.045459
0.057226
0.062707
0.058955
0.045067
0.026489
-0.001077
-0.028343
-0.048351
-0.062312
-0.064425
-0.056906
-0.037321
-0.012801
0.011648
0.031446
0.044117
0.047290
0.043178
0.030289
0.016586
0.004924
-0.001610
0.000217
0.007802
0.020239
0.033008
0.048578
0.060078
0.069157
0.073898
0.075400
0.071171
0.063944
0.056679
0.047256
0.041336
0.037829
0.039297
0.043922
0.051473
0.059113
0.063597
0.062605
0.052147
0.035681
0.009044
-0.018236
-0.040847
-0.060157
-0.065739
-0.061413
-0.046260
-0.023874
0.000076
0.019335
0.034708
0.040864
0.043508
0.044025
0.041848
0.043949
0.047893
0.055863
0.060772
0.065333
0.062181
0.055171
0.040918
0.024794
0.010507
-0.000737
-0.005736
-0.006028
0.001314
0.013292
0.027255
0.039039
0.052657
0.059094
0.062986
0.063014
0.055258
0.045311
0.030053
0.014383
-0.001241
-0.014879
-0.023998
-0.030712
-0.032342
-0.026782
-0.021957
-0.013673
-0.004333
0.005106
0.016251
0.026776
0.033886
0.040297
0.041518
0.039243
0.030818
0.021851
0.007932
-0.006962
-0.021087
-0.034529
-0.044776
-0.057490
-0.066446
-0.073876
-0.077709
-0.073861
-0.066603
-0.051043
-0.030734
-0.007614
0.012796
0.029164
0.036469
0.036679
0.029599
0.013057
0.002064
-0.003188
0.000394
0.011486
0.027010
0.044601
0.057889
0.058713
0.052256
0.032586
0.006115
-0.021388
-0.045394
-0.059497
-0.062844
-0.053834
-0.035302
-0.013707
0.008928
0.027749
0.042358
0.050182
0.054623
0.053648
0.054695
0.049100
0.046375
0.041644
0.035911
0.024670
0.012455
0.004385
-0.002793
-0.004565
0.000107
0.009898
0.023915
0.040709
0.053728
0.066541
0.073165
0.075684
0.074142
0.066660
0.059773
0.049665
0.041434
0.035620
0.030473
0.031117
0.032119
0.036676
0.041050
0.048064
0.051944
0.057065
0.055870
0.050364
0.043135
0.031098
0.015840
0.002486
-0.008789
-0.014013
-0.012764
-0.003602
0.010197
0.027115
0.043875
0.056521
0.064259
0.066691
0.062515
0.056963
0.047755
0.042009
0.036924
0.038392
0.042754
0.051654
0.061794
0.070569
0.077974
0.077125
0.072065
0.060923
0.045319
0.029206
0.015369
0.007258
0.005683
0.008833
0.015092
0.021695
0.025925
0.027367
0.020894
0.015291
0.004973
-0.003249
-0.008464
-0.008255
-0.006679
-0.001990
0.000307
-0.005783
-0.015775
-0.029791
-0.044601
-0.057673
-0.065172
-0.068811
-0.064497
-0.059314
-0.051204
-0.047956
-0.044207
-0.046271
-0.047008
-0.044162
-0.033267
-0.013531
0.010064
0.034848
0.054777
0.066851
0.066228
0.058048
0.035828
0.014867
-0.004284
-0.017016
-0.018542
-0.012420
0.004642
0.023874
0.044059
0.056689
0.060538
0.055165
0.039689
0.024347
0.002376
-0.011644
-0.017972
-0.015863
-0.002113
0.017161
0.038809
0.055845
0.064650
0.064724
0.052150
0.029330
0.001482
-0.025686
-0.047072
-0.057450
-0.054988
-0.041523
-0.019779
0.005016
0.028337
0.045289
0.055123
0.057434
0.052220
0.046163
0.039865
0.037043
0.037011
0.041662
0.048926
0.055718
0.062746
0.066473
0.069533
0.067758
0.063987
0.057223
0.046822
0.034855
0.017193
-0.000021
-0.017441
-0.031622
-0.041002
-0.044867
-0.042843
-0.035262
-0.029557
-0.024181
-0.022153
-0.025808
-0.035777
-0.045839
-0.056269
-0.060100
-0.056192
-0.049081
-0.034602
-0.020551
-0.008135
-0.002048
-0.003178
-0.009978
-0.018013
-0.032419
-0.039482
-0.049528
-0.053233
-0.053671
-0.053781
-0.051456
-0.051826
-0.051157
-0.052148
-0.051087
-0.045945
-0.041597
-0.033653
-0.024282
-0.018595
-0.015381
-0.016821
-0.024872
-0.035978
-0.046110
-0.055646
-0.055480
-0.051270
-0.038165
-0.023238
-0.008251
0.002755
0.007029
0.000029
-0.011634
-0.025612
-0.043448
-0.054327
-0.059439
-0.053127
-0.036056
-0.016927
0.003744
0.021196
0.030298
0.030283
0.018057
-0.001418
-0.023884
-0.044909
-0.059495
-0.069080
-0.070192
-0.065410
-0.057721
-0.048736
-0.042749
-0.039944
-0.041212
-0.046318
-0.056247
-0.063829
-0.072348
-0.077267
-0.077227
-0.073996
-0.061057
-0.047254
-0.029561
-0.013626
-0.001868
0.003256
0.001794
-0.005457
-0.015209
-0.027269
-0.034276
-0.032503
-0.017901
0.004506
0.032329
0.056239
0.072668
0.078654
0.069638
0.050496
0.024257
-0.001547
-0.021413
-0.030334
-0.033826
-0.021832
-0.011259
0.001459
0.005435
-0.002969
-0.018095
-0.036131
-0.053715
-0.062536
-0.065049
-0.053097
-0.030527
-0.003699
0.022186
0.043548
0.055109
0.059653
0.055559
0.049250
0.047640
0.046554
0.051051
0.056313
0.062107
0.062762
0.057339
0.045113
0.025702
0.003688
-0.019174
-0.038053
-0.052714
-0.062723
-0.065202
-0.064165
-0.060318
-0.051955
-0.045979
-0.037346
-0.028371
-0.021442
-0.015459
-0.018200
-0.024234
-0.033147
-0.043048
-0.051670
-0.053636
-0.050601
-0.035367
-0.015592
0.006048
0.028680
0.045604
0.056467
0.059003
0.053698
0.048772
0.041300
0.038079
0.039922
0.047325
0.055428
0.063130
0.065882
0.061017
0.050796
0.031059
0.009934
-0.013211
-0.035399
-0.049697
-0.062325
-0.067208
-0.068213
-0.065731
-0.058152
-0.051321
-0.039291
-0.030182
-0.025054
-0.021857
-0.025621
-0.032179
-0.043736
-0.052341
-0.061357
-0.059085
-0.053370
-0.041092
-0.025661
-0.013905
-0.005878
-0.004638
-0.010724
-0.017464
-0.027291
-0.031093
-0.029851
-0.018275
0.001532
0.025484
0.046904
0.062759
0.071913
0.072183
0.070415
0.063572
0.060123
0.057126
0.058070
0.059483
0.058818
0.053634
0.042805
0.027742
0.008813
-0.009655
-0.024603
-0.033609
-0.037980
-0.034451
-0.030195
-0.015652
-0.005573
0.009106
0.023993
0.030406
0.036199
0.033403
0.022458
0.004524
-0.017586
-0.039272
-0.056361
-0.066898
-0.067102
-0.058404
-0.041764
-0.024404
-0.007863
0.001104
0.008384
0.006653
0.000513
-0.001006
-0.003296
0.004650
0.014611
0.027384
0.038951
0.044013
0.037734
0.025514
0.006880
-0.014497
-0.031214
-0.043116
-0.047189
-0.043206
-0.038846
-0.030774
-0.029056
-0.029493
-0.034623
-0.043576
-0.051399
-0.057465
-0.059879
-0.060670
-0.058907
-0.058945
-0.059023
-0.063803
-0.066832
-0.070103
-0.067025
-0.057008
-0.040750
-0.018740
0.003572
0.021097
0.031253
0.029349
0.020934
0.003233
-0.017465
-0.035676
-0.045102
-0.047400
-0.040942
-0.029738
-0.020424
-0.013289
-0.013071
-0.018413
-0.031163
-0.043844
-0.055463
-0.057293
-0.056543
-0.046515
-0.033778
-0.019707
-0.009201
-0.002998
-0.003828
-0.007318
-0.018461
-0.030757
-0.043767
-0.059939
-0.068087
-0.074531
-0.073776
-0.068512
-0.059203
-0.043597
-0.027665
-0.011600
0.001737
0.010621
0.014905
0.015337
0.012351
0.012825
0.012895
0.017960
0.022235
0.029061
0.038285
0.042857
0.045004
0.044392
0.043567
0.042773
0.045420
0.048323
0.052073
0.053830
0.052204
0.045230
0.029075
0.009851
-0.012661
-0.033078
-0.050013
-0.060507
-0.060333
-0.053749
-0.037612
-0.016288
0.003980
0.026224
0.044052
0.055479
0.061900
0.056720
0.045037
0.024417
0.000862
-0.023818
-0.043848
-0.056949
-0.062010
-0.055849
-0.039652
-0.018828
0.002888
0.020334
0.032868
0.037853
0.042355
0.039608
0.039294
0.041904
0.050216
0.057195
0.064514
0.066655
0.062569
0.055361
0.040950
0.026783
0.014073
0.007479
0.003323
0.004514
0.007311
0.011834
0.011592
0.007771
0.004097
-0.003777
-0.008874
-0.016259
-0.019029
-0.018966
-0.018512
-0.019237
-0.019286
-0.022184
-0.027148
-0.028974
-0.030697
-0.029998
-0.027070
-0.019463
-0.011124
0.000341
0.009912
0.022746
0.034572
0.041567
0.047333
0.047832
0.042581
0.030966
0.015125
-0.001061
-0.020469
-0.038015
-0.047556
-0.051436
-0.044516
-0.030612
-0.015412
0.001110
0.009312
0.015902
0.014363
0.007478
0.000650
-0.006623
-0.012361
-0.016199
-0.017297
-0.023592
-0.025000
-0.031851
-0.039317
-0.045315
-0.048810
-0.047857
-0.042506
-0.034003
-0.024280
-0.017551
-0.016168
-0.019214
-0.026162
-0.032261
-0.038539
-0.039808
-0.038531
-0.032851
-0.023158
-0.014325
-0.007389
-0.005475
-0.007667
-0.009078
-0.006625
-0.001043
0.011595
0.027724
0.044879
0.058599
0.068453
0.070047
0.068095
0.059308
0.050286
0.042061
0.038682
0.039724
0.045765
0.056663
0.064833
0.075184
0.077639
0.076680
0.067804
0.053656
0.040173
0.023865
0.013150
0.006052
0.006587
0.011262
0.017872
0.025933
0.032316
0.033535
0.032643
0.030814
0.022840
0.018926
0.013450
0.009630
0.006955
0.002763
-0.003175
-0.008933
-0.015718
-0.020496
-0.021183
-0.019794
-0.016143
-0.011805
-0.008329
-0.009068
-0.016091
-0.027180
-0.040682
-0.052298
-0.059937
-0.063678
-0.057431
-0.048278
-0.035048
-0.024376
-0.018275
-0.018999
-0.023958
-0.033854
-0.044695
-0.047476
-0.042986
-0.032156
-0.013689
0.006497
0.024656
0.033613
0.034873
0.026241
0.007100
-0.017776
-0.039944
-0.058938
-0.068972
-0.066934
-0.056860
-0.035272
-0.006973
0.019387
0.044899
0.057794
0.063140
0.056980
0.040499
0.019191
-0.005254
-0.026435
-0.039673
-0.045431
-0.041453
-0.028589
-0.008815
0.013173
0.034286
0.050171
0.060203
0.058869
0.051929
0.036910
0.013808
-0.009658
-0.032801
-0.050413
-0.061692
-0.065212
-0.057969
-0.046273
-0.029433
-0.011358
0.002943
0.013473
0.018627
0.014538
0.009522
-0.004066
-0.019269
-0.029634
-0.043395
-0.048924
-0.056188
-0.056093
-0.052192
-0.046543
-0.037427
-0.029865
-0.023566
-0.021731
-0.022949
-0.031152
-0.039335
-0.045765
-0.053185
-0.051345
-0.044944
-0.029410
-0.009999
0.009923
0.033248
0.046037
0.055729
0.055126
0.046917
0.033296
0.016667
-0.001552
-0.013543
-0.025686
-0.034544
-0.039278
-0.042894
-0.046395
-0.049749
-0.053409
-0.055123
-0.052218
-0.044890
-0.033525
-0.015924
0.003065
0.021774
0.041676
0.052867
0.058918
0.056382
0.048530
0.032939
0.014711
-0.004190
-0.022141
-0.037007
-0.049027
-0.059200
-0.064580
-0.067857
-0.066793
-0.064336
-0.060613
-0.054412
-0.051112
-0.047747
-0.049022
-0.050280
-0.054592
-0.057926
-0.061593
-0.062785
-0.060967
-0.057672
-0.052086
-0.047903
-0.043731
-0.042916
-0.044968
-0.051619
-0.058239
-0.065957
-0.072111
-0.074798
-0.075449
-0.065948
-0.056550
-0.039207
-0.022264
-0.007053
0.004596
0.008026
0.004610
-0.006714
-0.018424
-0.034613
-0.046360
-0.054914
-0.055101
-0.046602
-0.034386
-0.017176
0.001286
0.018363
0.034100
0.045250
0.053716
0.061898
0.068803
0.071549
0.070187
0.063879
0.049438
0.030918
0.007595
-0.014984
-0.031683
-0.041577
-0.044762
-0.034917
-0.023702
-0.006478
0.005449
0.008227
0.004299
-0.007842
-0.023532
-0.041903
-0.057415
-0.065329
-0.062014
-0.050394
-0.031707
-0.006996
0.013216
0.033170
0.040930
0.038703
0.025498
0.003634
-0.022381
-0.044894
-0.063073
-0.069443
-0.066967
-0.051900
-0.028660
-0.003916
0.022846
0.044908
0.057198
0.063919
0.061617
0.055773
0.047082
0.039468
0.034809
0.034758
0.039727
0.045590
0.056388
0.063345
0.070718
0.071822
0.068051
0.062731
0.053694
0.045547
0.036961
0.033539
0.034886
0.041125
0.049115
0.057918
0.063844
0.063382
0.058714
0.042186
0.023066
0.000205
-0.022090
-0.039366
-0.053477
-0.060948
-0.063471
-0.065935
-0.062310
-0.062355
-0.056848
-0.051321
-0.042829
-0.025665
-0.009390
0.009259
0.026535
0.037865
0.045230
0.044666
0.041980
0.036209
0.028742
0.028430
0.028653
0.035297
0.040877
0.050010
0.053766
0.056968
0.057423
0.057461
0.058663
0.062507
0.067947
0.070720
0.072140
0.065951
0.055717
0.037494
0.017801
-0.001384
-0.015237
-0.022144
-0.022486
-0.016293
-0.003547
0.006862
0.008118
0.005083
-0.005705
-0.021229
-0.038302
-0.055903
-0.069857
-0.079689
-0.086518
-0.084563
-0.080064
-0.069391
-0.056186
-0.041828
-0.026252
-0.015534
-0.008035
-0.006647
-0.009959
-0.016168
-0.022075
-0.026989
-0.031386
-0.032043
-0.027253
-0.020929
-0.017462
-0.010709
-0.008063
-0.002583
0.001537
0.007241
0.011048
0.019971
0.023615
0.027160
0.025465
0.020008
0.016390
0.008038
0.004885
0.005766
0.013142
0.025416
0.037869
0.052060
0.064654
0.070600
0.073144
0.069436
0.063594
0.056066
0.047848
0.041916
0.035587
0.030190
0.021714
0.014645
0.006959
-0.005858
-0.010226
-0.018050
-0.018612
-0.016231
-0.011454
-0.004191
0.002008
0.007253
0.006801
0.006024
-0.000683
-0.006197
-0.021121
-0.033985
-0.044970
-0.055530
-0.057787
-0.057454
-0.048752
-0.032850
-0.011494
0.011968
0.032861
0.047426
0.054211
0.048139
0.035222
0.014232
-0.010332
-0.031638
-0.047392
-0.054382
-0.053183
-0.049084
-0.041743
-0.038916
-0.040994
-0.048780
-0.059716
-0.069570
-0.076113
-0.072583
-0.062517
-0.043137
-0.020958
0.000175
0.016265
0.025357
0.023160
0.016699
0.006038
-0.004254
-0.006620
-0.004592
0.006790
0.022015
0.038342
0.054561
0.067584
0.078002
0.085390
0.084571
0.082848
0.073780
0.062124
0.048722
0.030234
0.015322
0.003134
-0.003955
-0.004047
0.001439
0.010748
0.022574
0.030948
0.032268
0.023889
0.005261
-0.018623
-0.042405
-0.063553
-0.072781
-0.072581
-0.057511
-0.031807
-0.003143
0.026048
0.048864
0.063714
0.068620
0.063107
0.054175
0.042022
0.033805
0.029273
0.032318
0.039909
0.048059
0.055269
0.055144
0.049888
0.035008
0.013669
-0.009869
-0.028582
-0.042083
-0.047738
-0.042840
-0.028920
-0.008790
0.013058
0.033832
0.049906
0.060743
0.067019
0.065353
0.062675
0.053645
0.042099
0.031492
0.016989
0.006058
-0.003052
-0.007206
-0.005532
0.002213
0.014838
0.030614
0.044651
0.058003
0.067807
0.072525
0.072592
0.066565
0.061287
0.051268
0.044591
0.036599
0.029280
0.020891
0.012403
0.002075
-0.008459
-0.016900
-0.027182
-0.030064
-0.030735
-0.027727
-0.019137
-0.012124
-0.004337
-0.000301
-0.001921
-0.004708
-0.012690
-0.020656
-0.031947
-0.036786
-0.044287
-0.047358
-0.051700
-0.054623
-0.055627
-0.056899
-0.054763
-0.052385
-0.046506
-0.038898
-0.032402
-0.025574
-0.023838
-0.023645
-0.026993
-0.033762
-0.039736
-0.044807
-0.048338
-0.048970
-0.047635
-0.046994
-0.042355
-0.042817
-0.042816
-0.046377
-0.049659
-0.054528
-0.056321
-0.058068
-0.057364
-0.049754
-0.044827
-0.029308
-0.016020
0.000083
0.017773
0.028169
0.038711
0.041661
0.039223
0.035427
0.026052
0.015182
0.007437
0.002474
0.004740
0.010858
0.018813
0.026221
0.035813
0.039346
0.040939
0.035491
0.025323
0.012738
-0.002663
-0.016535
-0.028126
-0.034622
-0.033959
-0.028161
-0.015674
0.000203
0.016997
0.033285
0.046676
0.056495
0.064027
0.064308
0.063628
0.056379
0.046944
0.035341
0.022879
0.009374
-0.001489
-0.007649
-0.008092
-0.001997
0.010929
0.027371
0.042924
0.057759
0.064396
0.062867
0.050666
0.029911
0.002170
-0.022458
-0.044183
-0.056205
-0.056226
-0.043412
-0.022195
0.002616
0.025488
0.043521
0.052454
0.057874
0.055082
0.054307
0.053681
0.058595
0.065268
0.071727
0.075401
0.071392
0.061599
0.041967
0.020283
-0.001484
-0.016866
-0.023841
-0.024821
-0.018164
-0.005260
0.001625
0.001032
-0.007244
-0.023024
-0.040934
-0.054311
-0.064593
-0.067032
-0.062570
-0.053052
-0.045342
-0.039630
-0.035510
-0.037344
-0.036072
-0.037783
-0.028891
-0.010621
0.011843
0.035408
0.055255
0.066169
0.067933
0.060003
0.042869
0.025462
0.011152
0.001300
-0.001562
-0.000952
0.001100
0.005505
0.006972
0.005329
-0.002353
-0.009720
-0.021084
-0.025270
-0.028940
-0.029360
-0.025643
-0.024822
-0.024084
-0.026306
-0.029753
-0.032913
-0.034517
-0.036026
-0.031713
-0.027165
-0.019068
-0.005539
0.004430
0.021349
0.032743
0.039104
0.042541
0.040078
0.032095
0.019896
0.003664
-0.008258
-0.020372
-0.026785
-0.024990
-0.019956
-0.008819
0.000519
0.008183
0.010755
0.011675
0.006578
-0.001873
-0.013935
-0.022863
-0.031356
-0.037396
-0.044032
-0.048968
-0.052351
-0.056236
-0.059393
-0.059681
-0.059338
-0.054085
-0.046800
-0.039361
-0.037127
-0.035358
-0.038961
-0.047950
-0.056591
-0.065853
-0.067106
-0.064278
-0.051589
-0.035378
-0.015393
0.003600
0.014467
0.018583
0.014679
0.002034
-0.017488
-0.036867
-0.052941
-0.057882
-0.057310
-0.047562
-0.028417
-0.010251
0.006419
0.018667
0.019152
0.011825
-0.004608
-0.024342
-0.042355
-0.059966
-0.066539
-0.064211
-0.051363
-0.031012
-0.005995
0.017954
0.037936
0.048743
0.051020
0.043574
0.032290
0.018070
0.008394
0.004361
0.003998
0.012464
0.021932
0.037109
0.045939
0.051764
0.049367
0.038199
0.021588
-0.000052
-0.021044
-0.039876
-0.053946
-0.059465
-0.054983
-0.046088
-0.031744
-0.015031
-0.000378
0.010414
0.011685
0.005139
-0.007117
-0.022826
-0.038151
-0.051602
-0.064515
-0.070902
-0.076257
-0.075127
-0.074192
-0.068524
-0.060645
-0.050052
-0.035453
-0.018922
-0.000043
0.018360
0.033042
0.045590
0.053442
0.057509
0.058218
0.055363
0.053851
0.047339
0.041161
0.034759
0.023488
0.013761
-0.001890
-0.016492
-0.029561
-0.038619
-0.041774
-0.041272
-0.035793
-0.025619
-0.016519
-0.002692
0.007457
0.015478
0.020696
0.027469
0.032793
0.037495
0.042918
0.047838
0.052414
0.055175
0.055737
0.055169
0.051982
0.051304
0.047000
0.045837
0.043034
0.039902
0.031589
0.019982
0.008703
-0.006211
-0.016769
-0.029417
-0.037272
-0.039311
-0.036493
-0.030800
-0.021510
-0.011804
0.001147
0.009096
0.020028
0.034143
0.041892
0.052951
0.054508
0.053078
0.045328
0.030525
0.011876
-0.008557
-0.026607
-0.040435
-0.047680
-0.048891
-0.048910
-0.048206
-0.048411
-0.053681
-0.060005
-0.067256
-0.070355
-0.068560
-0.057565
-0.041222
-0.019963
0.001501
0.016578
0.023702
0.020519
0.007872
-0.009591
-0.026296
-0.041040
-0.046403
-0.042755
-0.034374
-0.021915
-0.012441
-0.003070
-0.002908
-0.008054
-0.015412
-0.026390
-0.032060
-0.039399
-0.042884
-0.044902
-0.043804
-0.045550
-0.045765
-0.049268
-0.051145
-0.051946
-0.053464
-0.053324
-0.054450
-0.055030
-0.058007
-0.061042
-0.064906
-0.064830
-0.061418
-0.053551
-0.040244
-0.025184
-0.009596
0.003518
0.011300
0.013871
0.013013
0.004223
-0.008542
-0.023605
-0.035255
-0.042900
-0.051644
-0.054820
-0.053411
-0.043342
-0.030691
-0.013572
0.003997
0.021254
0.034061
0.045125
0.046125
0.043675
0.036233
0.025458
0.013591
0.002279
-0.005923
-0.013116
-0.021238
-0.029480
-0.038058
-0.046776
-0.058119
-0.065703
-0.071838
-0.071721
-0.064042
-0.052193
-0.034304
-0.016311
0.000996
0.013795
0.021492
0.020636
0.018885
0.007883
-0.003471
-0.015639
-0.023367
-0.029978
-0.037445
-0.040206
-0.045054
-0.047618
-0.052520
-0.057690
-0.061398
-0.066202
-0.064748
-0.061607
-0.051075
-0.036223
-0.019914
0.001482
0.020224
0.036387
0.049854
0.056152
0.060011
0.056405
0.051984
0.043167
0.031853
0.023012
0.015549
0.011091
0.002408
-0.005804
-0.013154
-0.026119
-0.035367
-0.048488
-0.056074
-0.060888
-0.058950
-0.049658
-0.034596
-0.013580
0.008737
0.028612
0.043017
0.049196
0.043875
0.033482
0.015194
-0.008956
-0.031298
-0.049172
-0.058154
-0.060142
-0.051899
-0.036742
-0.019979
0.002167
0.020674
0.035869
0.047120
0.053345
0.055220
0.053927
0.047722
0.043530
0.037292
0.033672
0.028100
0.020185
0.011996
0.003987
-0.006055
-0.016201
-0.024972
-0.033886
-0.042204
-0.047522
-0.053724
-0.056705
-0.059586
-0.061260
-0.063058
-0.063624
-0.059694
-0.055794
-0.045606
-0.032425
-0.013791
0.009118
0.028621
0.045590
0.057259
0.061069
0.058378
0.045026
0.028494
0.009222
-0.011341
-0.027394
-0.042100
-0.050205
-0.055001
-0.058921
-0.057527
-0.059019
-0.053695
-0.049180
-0.044614
-0.031488
-0.020881
-0.009092
-0.000297
0.001310
-0.002304
-0.012271
-0.025915
-0.039367
-0.052583
-0.063402
-0.069933
-0.070708
-0.067318
-0.063407
-0.056012
-0.050168
-0.043676
-0.038345
-0.032116
-0.023197
-0.011285
-0.001172
0.008987
0.018133
0.024688
0.020857
0.014043
0.004689
-0.003801
-0.012023
-0.013447
-0.014721
-0.005774
0.001348
0.004481
0.003557
-0.003399
-0.015288
-0.030499
-0.046385
-0.059376
-0.069627
-0.077144
-0.077911
-0.078632
-0.073285
-0.065669
-0.055156
-0.040915
-0.025435
-0.003381
0.016123
0.033598
0.048042
0.054825
0.057564
0.054317
0.046327
0.041284
0.036222
0.038168
0.041008
0.048736
0.055922
0.063274
0.066325
0.064418
0.059669
0.049415
0.040654
0.028527
0.016590
0.007060
-0.002418
-0.009498
-0.017525
-0.025921
-0.032186
-0.037076
-0.041656
-0.049003
-0.054265
-0.061497
-0.065369
-0.069652
-0.070822
-0.066533
-0.059482
-0.046677
-0.033340
-0.018582
-0.006635
0.000604
0.002008
-0.001766
-0.010667
-0.022408
-0.035634
-0.050285
-0.058606
-0.067169
-0.068075
-0.067487
-0.061969
-0.054863
-0.048260
-0.042533
-0.040207
-0.039444
-0.042648
-0.046466
-0.053023
-0.058376
-0.063136
-0.067593
-0.069620
-0.072084
-0.067759
-0.063721
-0.051637
-0.036518
-0.019081
0.003795
0.025319
0.043834
0.057422
0.062298
0.060801
0.050562
0.036346
0.021574
0.005391
-0.003356
-0.005065
-0.001541
0.006502
0.018475
0.030069
0.045501
0.054030
0.066670
0.072246
0.073575
0.071311
0.062278
0.048202
0.027350
0.005032
-0.015376
-0.030057
-0.038111
-0.038893
-0.029414
-0.016682
-0.004367
0.001831
-0.001940
-0.012352
-0.029224
-0.044597
-0.056510
-0.060396
-0.048737
-0.027419
0.002783
0.033701
0.058119
0.072035
0.072932
0.057958
0.038916
0.017529
-0.000969
-0.009086
-0.009121
-0.000745
0.010224
0.019899
0.023367
0.015291
-0.001457
-0.024619
-0.046409
-0.063902
-0.071442
-0.069050
-0.055603
-0.035466
-0.012643
0.008433
0.024597
0.030098
0.033085
0.027541
0.019579
0.008499
-0.008870
-0.019987
-0.029480
-0.034647
-0.037949
-0.036041
-0.026938
-0.013535
0.003680
0.022034
0.038900
0.052508
0.061065
0.061581
0.057967
0.047972
0.037502
0.025647
0.015510
0.007504
-0.002395
-0.009360
-0.018708
-0.029313
-0.039329
-0.051589
-0.059338
-0.064807
-0.060955
-0.052074
-0.036950
-0.018485
0.000047
0.015760
0.028152
0.033475
0.035187
0.032843
0.025446
0.021145
0.009719
0.002122
-0.005588
-0.015986
-0.025243
-0.035324
-0.041634
-0.044457
-0.041040
-0.030985
-0.017808
0.000333
0.017395
0.028098
0.031188
0.021444
0.004730
-0.017234
-0.039851
-0.056862
-0.066863
-0.068617
-0.057950
-0.041694
-0.019407
0.003920
0.024916
0.043128
0.055248
0.062922
0.068744
0.068059
0.066710
0.058786
0.051995
0.043456
0.035514
0.032959
0.032968
0.040511
0.048610
0.058526
0.064775
0.066235
0.061166
0.048751
0.033220
0.015937
0.002880
-0.005180
-0.005377
-0.001773
0.008381
0.016279
0.021440
0.019026
0.006537
-0.011766
-0.033908
-0.054519
-0.068972
-0.079506
-0.079232
-0.074265
-0.063864
-0.051099
-0.040556
-0.031278
-0.024256
-0.017680
-0.011128
-0.006264
0.003123
0.015754
0.028563
0.040011
0.044943
0.040532
0.028302
0.007522
-0.016536
-0.040300
-0.056806
-0.065450
-0.064142
-0.052452
-0.038942
-0.022314
-0.009314
-0.002536
-0.001842
-0.001566
-0.006520
-0.009632
-0.010926
-0.009945
-0.003143
0.004796
0.012248
0.017902
0.025720
0.025586
0.026873
0.027279
0.027948
0.031168
0.033096
0.034750
0.035265
0.038161
0.039286
0.042079
0.042254
0.045813
0.047142
0.049791
0.050254
0.051305
0.052905
0.053883
0.056363
0.056756
0.058446
0.058648
0.059193
0.056817
0.054728
0.051427
0.050030
0.049100
0.050403
0.053411
0.057197
0.062636
0.065136
0.067685
0.064605
0.061024
0.051554
0.038891
0.024415
0.005890
-0.011749
-0.028155
-0.043188
-0.051298
-0.054760
-0.051597
-0.040001
-0.024718
-0.003613
0.013981
0.031933
0.049061
0.056280
0.059789
0.053565
0.039985
0.022545
0.000250
-0.020638
-0.038562
-0.053540
-0.059839
-0.059783
-0.052290
-0.037879
-0.020905
-0.000612
0.018052
0.032695
0.045430
0.054209
0.061641
0.064623
0.067069
0.066070
0.062215
0.057798
0.046086
0.036132
0.022664
0.011140
0.004136
0.002244
0.006259
0.015851
0.027005
0.040314
0.051860
0.058728
0.065598
0.064017
0.062544
0.057736
0.053946
0.050547
0.045748
0.044113
0.037240
0.032001
0.023989
0.013178
0.008427
-0.000728
-0.004909
-0.005575
-0.001124
0.005802
0.012965
0.017555
0.019016
0.020671
0.016310
0.011122
0.003407
-0.005686
-0.015516
-0.024195
-0.033383
-0.042977
-0.046714
-0.048176
-0.045061
-0.035621
-0.022325
-0.005308
0.015434
0.032350
0.047509
0.052383
0.051146
0.041715
0.024533
0.007388
-0.009057
-0.020632
-0.026015
-0.027264
-0.020420
-0.010859
0.000163
0.008818
0.012374
0.011472
0.006790
-0.002166
-0.012412
-0.022864
-0.034743
-0.039963
-0.048061
-0.051092
-0.054269
-0.057604
-0.059946
-0.064829
-0.065290
-0.065859
-0.059987
-0.049128
-0.033446
-0.008673
0.015472
0.038232
0.057537
0.066678
0.069459
0.059975
0.044833
0.023980
0.003023
-0.011074
-0.017697
-0.014812
-0.005537
0.011044
0.028620
0.040064
0.047515
0.048363
0.042979
0.029659
0.018291
0.004483
-0.007861
-0.018775
-0.027769
-0.033253
-0.039703
-0.044499
-0.049692
-0.049896
-0.042327
-0.031591
-0.014746
0.003640
0.021860
0.036393
0.047843
0.050242
0.048863
0.043048
0.032018
0.022123
0.008543
-0.001218
-0.010795
-0.016713
-0.026488
-0.031513
-0.037703
-0.043541
-0.047570
-0.052382
-0.054663
-0.056998
-0.058116
-0.056888
-0.055795
-0.048094
-0.043787
-0.033663
-0.023773
-0.018659
-0.012792
-0.014765
-0.019664
-0.030045
-0.037403
-0.046609
-0.047493
-0.043477
-0.033837
-0.015403
0.003360
0.021855
0.036087
0.045256
0.049367
0.047658
0.045082
0.039623
0.033105
0.029482
0.023032
0.013758
0.005052
-0.006483
-0.018933
-0.030263
-0.036085
-0.039511
-0.036751
-0.029730
-0.018363
-0.005684
0.006981
0.019010
0.027764
0.034065
0.040560
0.042210
0.047934
0.050078
0.053198
0.055406
0.055538
0.056027
0.053895
0.052169
0.047109
0.042038
0.035626
0.028458
0.017032
0.006206
-0.005304
-0.016079
-0.023654
-0.028988
-0.028652
-0.023116
-0.017559
-0.010660
-0.008456
-0.004141
-0.002949
-0.005206
-0.003780
-0.005252
-0.001228
0.005254
0.011109
0.016088
0.019764
0.021280
0.014901
0.007483
-0.005424
-0.015439
-0.025603
-0.031583
-0.039151
-0.045895
-0.050440
-0.057748
-0.063403
-0.071631
-0.074651
-0.074814
-0.069770
-0.055822
-0.040408
-0.020042
-0.004803
0.004716
0.003718
0.000154
-0.008959
-0.020303
-0.029982
-0.028552
-0.016492
0.004545
0.030789
0.055560
0.070751
0.077899
0.070094
0.050847
0.025363
-0.000663
-0.020811
-0.029721
-0.031792
-0.023595
-0.013073
-0.003395
0.000109
-0.007913
-0.021062
-0.037513
-0.051307
-0.060617
-0.062454
-0.057019
-0.047054
-0.037933
-0.030007
-0.023310
-0.025544
-0.026296
-0.029922
-0.023205
-0.008220
0.012342
0.036240
0.055985
0.069387
0.073011
0.064267
0.048792
0.027686
0.008491
-0.005454
-0.013195
-0.014024
-0.008314
-0.004239
-0.004144
-0.008053
-0.017062
-0.031447
-0.043354
-0.049433
-0.046380
-0.030108
-0.011786
0.011799
0.033010
0.046915
0.054565
0.051995
0.045707
0.037762
0.029448
0.029782
0.034152
0.045092
0.055155
0.064601
0.065316
0.057566
0.039067
0.013746
-0.014279
-0.040355
-0.061253
-0.071640
-0.071443
-0.058055
-0.036859
-0.012492
0.011112
0.028630
0.036008
0.035617
0.022635
0.005006
-0.015384
-0.036309
-0.046268
-0.051079
-0.046650
-0.037514
-0.029593
-0.017713
-0.015183
-0.017656
-0.026746
-0.039239
-0.049859
-0.057423
-0.057182
-0.049076
-0.032515
-0.011413
0.013605
0.035217
0.051261
0.060759
0.060317
0.052482
0.035264
0.014417
-0.006901
-0.026563
-0.043528
-0.053751
-0.058063
-0.054612
-0.045333
-0.030968
-0.010822
0.008800
0.026746
0.044452
0.054515
0.059464
0.055509
0.045886
0.029977
0.008180
-0.014224
-0.032680
-0.047584
-0.054908
-0.055774
-0.048524
-0.035142
-0.019575
-0.000504
0.015976
0.029620
0.043615
0.054536
0.064404
0.070377
0.073922
0.073612
0.069057
0.061115
0.046759
0.031456
0.015015
0.001280
-0.008799
-0.013168
-0.015056
-0.010894
-0.004337
0.008042
0.017217
0.025581
0.033569
0.039856
0.046336
0.048360
0.047649
0.043624
0.034571
0.023731
0.010070
-0.007868
-0.023815
-0.040054
-0.052874
-0.063124
-0.068415
-0.070513
-0.071005
-0.065616
-0.061041
-0.053566
-0.048875
-0.043751
-0.040128
-0.039468
-0.040730
-0.044994
-0.049572
-0.056513
-0.061100
-0.066241
-0.067272
-0.065104
-0.060826
-0.048658
-0.036033
-0.018861
-0.005786
0.003967
0.008123
0.005734
-0.005036
-0.017253
-0.034021
-0.050221
-0.059408
-0.063460
-0.054431
-0.038600
-0.013751
0.010132
0.029715
0.044634
0.048677
0.040557
0.023112
-0.000978
-0.025653
-0.045686
-0.059941
-0.066318
-0.064992
-0.060917
-0.051841
-0.047213
-0.044897
-0.047801
-0.052947
-0.060045
-0.065627
-0.069108
-0.067296
-0.058715
-0.047571
-0.034808
-0.020673
-0.012739
-0.010234
-0.014735
-0.023940
-0.035813
-0.046315
-0.051837
-0.052168
-0.047286
-0.036566
-0.024645
-0.017357
-0.014325
-0.015938
-0.022752
-0.027010
-0.035608
-0.037053
-0.032828
-0.026489
-0.014895
-0.002359
0.007299
0.010082
0.002902
-0.010000
-0.024493
-0.038357
-0.049495
-0.052163
-0.047077
-0.033884
-0.013858
0.008878
0.028052
0.042975
0.048910
0.048182
0.040292
0.027947
0.019097
0.013505
0.015260
0.021488
0.036640
0.048707
0.060233
0.063572
0.059771
0.049821
0.031707
0.016334
0.004480
-0.001374
0.001723
0.011736
0.020425
0.031782
0.031919
0.023989
0.005250
-0.019992
-0.044234
-0.063586
-0.074294
-0.070756
-0.057427
-0.032974
-0.003871
0.022229
0.044507
0.057319
0.062953
0.062416
0.056867
0.051950
0.047652
0.047521
0.048640
0.049696
0.050989
0.050811
0.048308
0.041912
0.035463
0.026719
0.022305
0.019456
0.024137
0.033418
0.043774
0.057008
0.067439
0.076099
0.076979
0.073830
0.061603
0.044517
0.027056
0.010211
-0.001005
-0.007967
-0.009506
-0.006610
-0.001279
0.001205
0.000444
-0.005030
-0.014563
-0.025060
-0.033513
-0.036160
-0.033624
-0.021547
-0.004883
0.011618
0.027084
0.036801
0.041638
0.041024
0.038055
0.030154
0.024084
0.013636
0.002635
-0.005569
-0.016650
-0.023345
-0.031075
-0.028956
-0.019301
-0.005070
0.012938
0.031653
0.047038
0.058079
0.063821
0.063461
0.062760
0.059666
0.060928
0.061962
0.066010
0.066464
0.065617
0.058300
0.043816
0.025526
0.006028
-0.012385
-0.024071
-0.031067
-0.033444
-0.033798
-0.033038
-0.034878
-0.041153
-0.046594
-0.053879
-0.055522
-0.053545
-0.045490
-0.032246
-0.019840
-0.008859
-0.003629
-0.003198
-0.007876
-0.018989
-0.033218
-0.045942
-0.057655
-0.067073
-0.073100
-0.074063
-0.068286
-0.059479
-0.044301
-0.026265
-0.005962
0.013134
0.028537
0.035496
0.035710
0.025267
0.010721
-0.010215
-0.036426
-0.052273
-0.063502
-0.062689
-0.054006
-0.036417
-0.016488
0.000696
0.012589
0.015225
0.009448
-0.006264
-0.021741
-0.039626
-0.053937
-0.059564
-0.056659
-0.043243
-0.024838
-0.005709
0.014472
0.026667
0.033791
0.030242
0.024501
0.012895
0.003444
-0.005139
-0.007512
-0.010694
-0.011149
-0.011167
-0.014251
-0.014548
-0.020949
-0.026216
-0.033417
-0.031893
-0.027603
-0.017665
-0.002146
0.012707
0.027301
0.041092
0.047889
0.050205
0.044939
0.035641
0.023432
0.014502
0.006167
0.006247
0.012071
0.021699
0.034998
0.044444
0.049233
0.046251
0.034648
0.021919
0.004075
-0.013375
-0.025330
-0.030155
-0.023523
-0.010242
0.008360
0.029419
0.047335
0.063294
0.074075
0.079137
0.080570
0.075781
0.068464
0.057977
0.045658
0.032428
0.020231
0.009083
0.001577
-0.000893
0.002537
0.009531
0.021584
0.034722
0.048627
0.063838
0.070658
0.075081
0.074208
0.068183
0.061142
0.050908
0.045272
0.041851
0.044678
0.050174
0.058123
0.065649
0.069440
0.068173
0.057549
0.041677
0.020119
-0.001333
-0.019598
-0.030976
-0.033339
-0.028298
-0.015092
0.003912
0.024179
0.037524
0.046713
0.047884
0.041704
0.033109
0.022405
0.012836
0.005195
-0.002683
-0.009128
-0.013105
-0.018224
-0.023317
-0.031960
-0.043613
-0.055221
-0.065518
-0.075607
-0.077627
-0.075881
-0.064515
-0.049276
-0.028765
-0.008307
0.008101
0.016889
0.020352
0.018340
0.007993
-0.000973
-0.012003
-0.011565
-0.003613
0.009926
0.028488
0.045483
0.060583
0.073942
0.077244
0.076267
0.069152
0.058649
0.049058
0.038135
0.033150
0.027664
0.026779
0.023021
0.017806
0.012036
0.002016
-0.009292
-0.024199
-0.034650
-0.040290
-0.041879
-0.035143
-0.025314
-0.012580
0.000798
0.010998
0.016888
0.015840
0.013858
0.005739
-0.003392
-0.011502
-0.015967
-0.017992
-0.014090
-0.005517
0.002836
0.015693
0.024439
0.035345
0.044159
0.048736
0.049804
0.045676
0.035886
0.023073
0.007280
-0.007547
-0.023303
-0.039862
-0.048664
-0.058862
-0.061416
-0.062129
-0.060781
-0.056485
-0.054060
-0.050561
-0.049080
-0.047932
-0.045775
-0.044174
-0.040204
-0.033125
-0.019147
-0.006503
0.010848
0.028069
0.040658
0.050671
0.050568
0.044818
0.034327
0.021624
0.007293
-0.005101
-0.009849
-0.005399
0.005447
0.020847
0.038268
0.051776
0.064675
0.071813
0.072378
0.069680
0.062099
0.055732
0.047292
0.041265
0.039006
0.036248
0.034264
0.029914
0.025304
0.016563
0.006564
-0.007915
-0.023139
-0.033674
-0.039644
-0.040275
-0.031965
-0.022093
-0.010936
0.000359
0.004495
0.005153
-0.004670
-0.013311
-0.026808
-0.035628
-0.040578
-0.036147
-0.026134
-0.008739
0.011788
0.028221
0.041551
0.048103
0.046816
0.042294
0.033429
0.023663
0.013167
0.004982
-0.002278
-0.007777
-0.012902
-0.020642
-0.027674
-0.034099
-0.042814
-0.048519
-0.053868
-0.055839
-0.056790
-0.056578
-0.055437
-0.056363
-0.055745
-0.055097
-0.051852
-0.044996
-0.032685
-0.017454
-0.002219
0.018900
0.036459
0.049152
0.056594
0.055406
0.048604
0.034270
0.017766
0.005156
-0.005146
-0.006748
-0.001588
0.009122
0.023218
0.037806
0.052463
0.067313
0.073032
0.074232
0.070861
0.063530
0.056339
0.047447
0.043848
0.042014
0.045102
0.049821
0.056293
0.061086
0.064319
0.065423
0.062413
0.060094
0.056546
0.056052
0.056762
0.058762
0.058909
0.058682
0.051690
0.037482
0.019081
-0.003071
-0.024040
-0.039696
-0.047557
-0.047773
-0.035740
-0.016299
0.006397
0.029833
0.048492
0.061398
0.062445
0.054712
0.040593
0.016966
-0.009547
-0.033583
-0.051653
-0.061097
-0.064022
-0.057581
-0.045634
-0.030274
-0.012755
0.000842
0.009180
0.012491
0.010763
0.005767
-0.005059
-0.016153
-0.026457
-0.038380
-0.048132
-0.058421
-0.060841
-0.054112
-0.044584
-0.026037
-0.004523
0.017888
0.037079
0.050512
0.054070
0.049122
0.038478
0.024944
0.012854
0.007467
0.006948
0.013612
0.020124
0.028676
0.034087
0.034483
0.031390
0.023051
0.013679
0.004895
-0.000466
-0.002366
0.002092
0.010226
0.020353
0.031129
0.037996
0.048406
0.053389
0.056306
0.052475
0.043588
0.029457
0.010420
-0.009985
-0.029292
-0.046115
-0.053467
-0.053545
-0.043802
-0.026654
-0.005669
0.015191
0.033271
0.044195
0.050695
0.048945
0.045458
0.039861
0.028376
0.018850
0.008622
-0.001614
-0.013402
-0.023937
-0.033318
-0.038670
-0.038500
-0.034461
-0.026436
-0.011050
0.000983
0.016007
0.024546
0.031726
0.038812
0.039530
0.043428
0.045933
0.050591
0.054953
0.057835
0.060575
0.057976
0.055392
0.048552
0.040585
0.034706
0.030245
0.031094
0.033033
0.038859
0.045332
0.050839
0.053976
0.055632
0.054687
0.054280
0.056258
0.058591
0.064142
0.067608
0.070772
0.066083
0.056221
0.039239
0.018334
-0.003442
-0.021379
-0.031785
-0.030782
-0.021941
-0.004225
0.022056
0.040159
0.056790
0.062756
0.058220
0.048542
0.028292
0.010819
-0.005525
-0.011801
-0.006753
0.005993
0.021719
0.037539
0.048946
0.053298
0.047197
0.029464
0.003543
-0.024067
-0.048769
-0.063807
-0.069096
-0.062825
-0.040797
-0.017675
0.011166
0.035460
0.052740
0.063311
0.063633
0.059057
0.051835
0.044128
0.039696
0.039026
0.044010
0.050467
0.060218
0.065636
0.070271
0.070465
0.066027
0.059009
0.048115
0.039436
0.029543
0.024811
0.021443
0.021782
0.026248
0.032320
0.038934
0.044630
0.049791
0.049635
0.048290
0.041358
0.029328
0.017181
0.001325
-0.013375
-0.024201
-0.026070
-0.020047
-0.006740
0.011625
0.031594
0.048428
0.060786
0.067244
0.066479
0.063976
0.059501
0.058276
0.057711
0.060802
0.061890
0.060920
0.054271
0.039367
0.016241
-0.009624
-0.033559
-0.050268
-0.058489
-0.054251
-0.041420
-0.024970
-0.008255
-0.001208
-0.001621
-0.009074
-0.022479
-0.034932
-0.041958
-0.042024
-0.030421
-0.011495
0.012443
0.035406
0.055549
0.065945
0.072756
0.070842
0.065981
0.062114
0.052196
0.043242
0.031142
0.017230
-0.000077
-0.020062
-0.037830
-0.051840
-0.059079
-0.058497
-0.049930
-0.032199
-0.015791
-0.000340
0.005755
0.003815
-0.008894
-0.023001
-0.039363
-0.050814
-0.051973
-0.046367
-0.027229
-0.002270
0.024103
0.046651
0.062274
0.067266
0.065205
0.058678
0.053786
0.051270
0.053717
0.058308
0.065377
0.066738
0.062455
0.049869
0.026844
0.000643
-0.027000
-0.048954
-0.062907
-0.069833
-0.065616
-0.056903
-0.045501
-0.035549
-0.030270
-0.030049
-0.036635
-0.043345
-0.052973
-0.056468
-0.053910
-0.044552
-0.025254
-0.005408
0.017282
0.038704
0.053398
0.061416
0.058573
0.049478
0.033001
0.011733
-0.006567
-0.020989
-0.030572
-0.030367
-0.023322
-0.008371
0.010439
0.029475
0.047862
0.062669
0.071442
0.077690
0.075608
0.073624
0.062986
0.052456
0.039716
0.024800
0.014278
0.002463
-0.000747
-0.000167
0.005717
0.015727
0.027305
0.040576
0.055940
0.067083
0.074019
0.077364
0.073891
0.069368
0.057922
0.048859
0.042066
0.037411
0.037935
0.042448
0.050638
0.058565
0.066165
0.065833
0.059938
0.044558
0.021719
-0.002745
-0.030321
-0.050982
-0.064193
-0.069465
-0.065304
-0.057596
-0.046404
-0.038493
-0.033544
-0.035980
-0.040681
-0.049473
-0.056008
-0.055752
-0.048398
-0.031665
-0.011279
0.011701
0.034913
0.048133
0.051769
0.044606
0.025432
-0.000075
-0.026961
-0.049791
-0.063144
-0.066354
-0.060032
-0.038513
-0.016022
0.010995
0.036146
0.052359
0.061559
0.061700
0.057605
0.051338
0.044316
0.041999
0.042569
0.047815
0.054336
0.062792
0.067276
0.069439
0.067102
0.060563
0.053375
0.043153
0.035150
0.027196
0.019543
0.013793
0.008791
0.004419
-0.007598
-0.015899
-0.026915
-0.032464
-0.032804
-0.027492
-0.012942
0.005873
0.027151
0.046988
0.061059
0.065605
0.060903
0.043990
0.018690
-0.008030
-0.036934
-0.057417
-0.069960
-0.070111
-0.056830
-0.036876
-0.010551
0.013869
0.031069
0.039703
0.038921
0.029199
0.017811
0.000347
-0.007984
-0.009346
-0.000627
0.014633
0.030200
0.047535
0.060871
0.067705
0.064568
0.054063
0.033537
0.012688
-0.010079
-0.033407
-0.047068
-0.057414
-0.060929
-0.057476
-0.049092
-0.032185
-0.016825
0.002357
0.025294
0.042064
0.056676
0.060241
0.056926
0.046720
0.028765
0.012422
-0.007221
-0.014276
-0.012627
-0.001710
0.014818
0.033268
0.049787
0.058776
0.060640
0.051383
0.035064
0.012931
-0.009092
-0.028268
-0.041274
-0.049354
-0.046936
-0.044847
-0.037650
-0.025859
-0.012240
0.001229
0.011957
0.020402
0.021146
0.017085
0.004250
-0.014178
-0.035327
-0.052731
-0.066280
-0.069299
-0.063780
-0.047153
-0.022991
0.002074
0.023156
0.035496
0.038033
0.028971
0.011041
-0.012463
-0.030159
-0.044015
-0.048952
-0.045073
-0.036683
-0.027622
-0.020597
-0.019158
-0.025097
-0.037048
-0.049157
-0.060011
-0.063290
-0.061951
-0.050320
-0.036509
-0.022103
-0.010294
-0.002872
-0.003128
-0.007016
-0.017725
-0.025927
-0.035949
-0.044393
-0.049626
-0.055469
-0.055739
-0.056837
-0.054612
-0.048364
-0.037921
-0.020158
-0.001977
0.019151
0.040783
0.052687
0.060618
0.056941
0.044584
0.025533
0.003009
-0.018255
-0.034002
-0.044630
-0.046686
-0.042990
-0.035971
-0.021313
-0.012080
0.000926
0.008993
0.018856
0.025878
0.030918
0.036412
0.042838
0.050069
0.056346
0.062837
0.066491
0.062763
0.054774
0.037946
0.014677
-0.010859
-0.036652
-0.055418
-0.066384
-0.067961
-0.058780
-0.042073
-0.019230
0.002615
0.019977
0.031457
0.036988
0.032044
0.030236
0.027543
0.029400
0.035441
0.043368
0.052646
0.057431
0.056265
0.047185
0.031771
0.011294
-0.009735
-0.029595
-0.043620
-0.051871
-0.056249
-0.057524
-0.052989
-0.046965
-0.039540
-0.031110
-0.018632
-0.008094
-0.001000
0.006747
0.006453
-0.000470
-0.013360
-0.029743
-0.046251
-0.057624
-0.065482
-0.065746
-0.062638
-0.056055
-0.049455
-0.044734
-0.045717
-0.045918
-0.046899
-0.044374
-0.034671
-0.019447
0.003103
0.026517
0.046829
0.058615
0.062504
0.053028
0.036723
0.012395
-0.012420
-0.032286
-0.048460
-0.057719
-0.059780
-0.057912
-0.051046
-0.044958
-0.035512
-0.028704
-0.020372
-0.013594
-0.008517
-0.000341
0.006362
0.011838
0.020843
0.028964
0.039239
0.047256
0.054353
0.054672
0.049070
0.038338
0.018477
-0.003171
-0.025605
-0.042718
-0.052867
-0.052328
-0.040072
-0.020994
0.002666
0.025363
0.044176
0.054414
0.060699
0.059224
0.057609
0.056748
0.056840
0.060659
0.064509
0.067867
0.064799
0.058160
0.044342
0.027702
0.009904
-0.005780
-0.016214
-0.019432
-0.018173
-0.012778
0.000262
0.013155
0.029421
0.039842
0.049455
0.052379
0.052001
0.042549
0.025957
0.004820
-0.017869
-0.038580
-0.052601
-0.060440
-0.057749
-0.045705
-0.028343
-0.008946
0.006042
0.013950
0.011678
0.004585
-0.014328
-0.033996
-0.049993
-0.060124
-0.059208
-0.052406
-0.032014
-0.013670
0.005717
0.022005
0.025771
0.017367
-0.000454
-0.024786
-0.046941
-0.063680
-0.072241
-0.067070
-0.053628
-0.030920
-0.005375
0.017863
0.034013
0.045703
0.044929
0.041231
0.036935
0.035552
0.039379
0.047964
0.057318
0.063396
0.064271
0.053217
0.036362
0.008914
-0.020759
-0.045932
-0.065955
-0.072971
-0.069782
-0.056373
-0.035923
-0.015960
0.000963
0.009328
0.013224
0.010401
0.007918
0.001047
0.000083
0.005504
0.017582
0.028288
0.036469
0.041512
0.036537
0.027260
0.008897
-0.012883
-0.035055
-0.051810
-0.060067
-0.061381
-0.049913
-0.029305
-0.005892
0.018292
0.041086
0.058750
0.067570
0.064521
0.056014
0.039665
0.023160
0.009176
0.000763
-0.001885
0.000614
0.006775
0.010643
0.013608
0.013455
0.011834
0.002331
-0.003339
-0.011519
-0.014645
-0.019275
-0.020724
-0.025215
-0.025013
-0.028537
-0.032838
-0.034043
-0.038319
-0.036075
-0.036216
-0.036033
-0.038584
-0.041815
-0.046866
-0.050733
-0.054324
-0.053037
-0.043141
-0.030360
-0.007317
0.015436
0.037156
0.056059
0.062082
0.061280
0.049795
0.033458
0.013720
-0.008422
-0.025388
-0.039707
-0.050475
-0.056342
-0.059651
-0.059085
-0.056660
-0.049411
-0.040869
-0.032763
-0.023205
-0.018811
-0.015522
-0.019934
-0.027456
-0.036737
-0.045253
-0.050638
-0.049591
-0.042469
-0.033884
-0.022820
-0.017303
-0.015294
-0.018781
-0.024164
-0.031475
-0.036933
-0.037356
-0.035364
-0.029033
-0.018949
-0.008670
-0.000280
0.003351
-0.001032
-0.004698
-0.008253
-0.006451
0.001677
0.014870
0.031639
0.048717
0.062850
0.072584
0.076750
0.072919
0.066728
0.055682
0.044840
0.034714
0.024476
0.019170
0.017971
0.020252
0.024864
0.031930
0.037807
0.045160
0.046838
0.045501
0.040664
0.027915
0.013390
-0.001824
-0.015301
-0.022577
-0.026191
-0.025190
-0.021774
-0.014941
-0.012044
-0.007354
-0.009612
-0.007492
-0.007420
-0.005164
0.000333
0.008055
0.016563
0.022930
0.028971
0.025476
0.022736
0.015496
0.009857
0.010203
0.014374
0.023404
0.034975
0.043861
0.054544
0.057854
0.056223
0.050883
0.041841
0.034540
0.028769
0.029179
0.029658
0.037787
0.045509
0.052588
0.060077
0.064312
0.067026
0.063515
0.057259
0.044839
0.027330
0.004834
-0.019883
-0.043559
-0.060360
-0.070381
-0.068390
-0.057382
-0.036522
-0.012118
0.010701
0.025462
0.033606
0.030954
0.023312
0.012019
0.000768
-0.000397
0.005173
0.016863
0.030925
0.044053
0.053123
0.057511
0.055859
0.052780
0.044419
0.040204
0.032297
0.028747
0.026159
0.025048
0.018656
0.013978
0.007570
0.002865
0.001883
-0.000129
0.005507
0.009399
0.010581
0.006599
-0.003072
-0.017070
-0.033664
-0.051162
-0.064037
-0.073880
-0.077041
-0.071876
-0.064197
-0.051372
-0.039665
-0.027474
-0.020061
-0.013412
-0.010425
-0.006748
0.001455
0.008983
0.017216
0.029973
0.038882
0.048363
0.047150
0.039682
0.026972
0.008394
-0.010635
-0.024702
-0.033367
-0.031627
-0.027118
-0.018934
-0.008725
0.001495
0.003423
0.003342
0.001030
-0.004054
-0.002248
0.001850
0.012391
0.027109
0.041479
0.054379
0.063424
0.066199
0.066456
0.061771
0.058973
0.054295
0.053543
0.051080
0.051169
0.046780
0.043471
0.038641
0.034096
0.031384
0.028792
0.031833
0.031860
0.030997
0.022878
0.007463
-0.012667
-0.035066
-0.054831
-0.066321
-0.070565
-0.061809
-0.043481
-0.021377
0.001175
0.017656
0.023760
0.021818
0.010874
-0.010083
-0.025909
-0.044607
-0.054947
-0.057050
-0.052400
-0.036773
-0.018964
0.001017
0.021465
0.037468
0.052237
0.058977
0.060144
0.055316
0.040027
0.022136
-0.001147
-0.024005
-0.045317
-0.061649
-0.067383
-0.065917
-0.055667
-0.037095
-0.017392
0.000628
0.013716
0.020047
0.015798
0.005953
-0.008847
-0.024397
-0.042368
-0.055887
-0.060337
-0.059067
-0.047332
-0.031223
-0.009581
0.012817
0.030924
0.046651
0.052634
0.050574
0.043931
0.033906
0.023923
0.015027
0.014153
0.017960
0.027193
0.038670
0.049171
0.055276
0.053874
0.046388
0.030585
0.009334
-0.010283
-0.030367
-0.045983
-0.053975
-0.059173
-0.054994
-0.050885
-0.041741
-0.027510
-0.019127
-0.007108
-0.001568
0.002061
0.004204
0.000234
-0.003937
-0.006900
-0.011656
-0.013937
-0.013808
-0.016752
-0.017827
-0.021607
-0.027017
-0.036810
-0.041950
-0.047467
-0.048752
-0.043539
-0.034918
-0.023295
-0.013482
-0.007971
-0.006984
-0.012680
-0.022164
-0.032298
-0.046540
-0.056937
-0.062571
-0.063529
-0.058568
-0.054753
-0.048742
-0.046936
-0.045414
-0.046911
-0.049839
-0.047697
-0.043107
-0.032254
-0.022398
-0.008231
0.002412
0.006485
0.003661
-0.007476
-0.024562
-0.040899
-0.053731
-0.062550
-0.060606
-0.051599
-0.032764
-0.009427
0.013807
0.032162
0.045662
0.047471
0.046059
0.037383
0.025678
0.010551
-0.000416
-0.007499
-0.016203
-0.020744
-0.029963
-0.038971
-0.049368
-0.062795
-0.071962
-0.079056
-0.077719
-0.069649
-0.053369
-0.030683
-0.007743
0.011564
0.024930
0.030012
0.026823
0.018638
0.003761
-0.003772
-0.006324
0.003808
0.019856
0.038474
0.053205
0.064753
0.063649
0.050389
0.027243
-0.001645
-0.028382
-0.048004
-0.059078
-0.056711
-0.046331
-0.030926
-0.015103
-0.004220
0.000411
-0.001880
-0.010427
-0.023343
-0.034400
-0.047101
-0.058126
-0.068242
-0.074428
-0.075148
-0.071762
-0.061945
-0.046951
-0.025967
-0.004193
0.014183
0.027781
0.033448
0.031376
0.024324
0.009333
0.000462
-0.003466
0.003880
0.017048
0.033744
0.048595
0.060486
0.060072
0.050752
0.031374
0.007230
-0.017799
-0.037957
-0.052592
-0.058698
-0.057829
-0.056513
-0.051725
-0.051709
-0.052603
-0.055835
-0.058427
-0.062236
-0.062182
-0.062274
-0.060159
-0.058929
-0.058750
-0.058688
-0.060085
-0.059965
-0.060184
-0.056285
-0.051741
-0.045916
-0.041815
-0.040540
-0.042471
-0.047602
-0.054301
-0.062560
-0.066745
-0.068174
-0.063218
-0.055455
-0.047627
-0.035818
-0.031364
-0.030317
-0.036430
-0.045489
-0.055290
-0.062019
-0.065279
-0.061468
-0.050250
-0.036824
-0.020656
-0.008763
-0.001039
0.000265
-0.002751
-0.012709
-0.018618
-0.029083
-0.036421
-0.043356
-0.049406
-0.051280
-0.054009
-0.053408
-0.050072
-0.040884
-0.024232
-0.004996
0.016487
0.037696
0.051487
0.059790
0.055613
0.042583
0.021571
-0.001759
-0.022305
-0.037609
-0.047212
-0.047676
-0.048402
-0.045556
-0.048368
-0.053778
-0.061565
-0.070193
-0.073284
-0.071608
-0.059302
-0.041832
-0.020070
-0.000567
0.013507
0.017867
0.019026
0.006364
-0.005307
-0.013664
-0.015867
-0.005338
0.010652
0.031428
0.051621
0.065493
0.071965
0.067225
0.052126
0.030744
0.005017
-0.018959
-0.039128
-0.054359
-0.062348
-0.065330
-0.065638
-0.061820
-0.058455
-0.053260
-0.050259
-0.046172
-0.042496
-0.039751
-0.037758
-0.033847
-0.027652
-0.018711
-0.006409
0.006096
0.021336
0.036104
0.045289
0.050264
0.048396
0.039674
0.025595
0.010032
-0.007383
-0.017490
-0.017494
-0.008804
0.008610
0.026936
0.045833
0.061636
0.067587
0.064183
0.048761
0.028682
0.002131
-0.022120
-0.038140
-0.049229
-0.053019
-0.048970
-0.041440
-0.030803
-0.021859
-0.016988
-0.017349
-0.020670
-0.026752
-0.040085
-0.051269
-0.064607
-0.072848
-0.076551
-0.072735
-0.063091
-0.046844
-0.025585
-0.005453
0.011191
0.021641
0.023551
0.023481
0.014036
0.004195
-0.003103
-0.002765
0.005796
0.019539
0.034724
0.048841
0.060804
0.065046
0.064875
0.057112
0.050664
0.042331
0.036242
0.032619
0.030633
0.032574
0.030934
0.027654
0.022923
0.017419
0.011702
0.009766
0.012343
0.018912
0.031745
0.042525
0.057094
0.065922
0.071619
0.068889
0.060500
0.047284
0.029781
0.012837
-0.002179
-0.013206
-0.019525
-0.020881
-0.018727
-0.014322
-0.008181
0.001798
0.007145
0.017439
0.027351
0.034310
0.042511
0.043913
0.041652
0.034174
0.020209
0.004200
-0.014702
-0.028570
-0.036126
-0.041776
-0.034336
-0.025623
-0.010738
-0.000547
0.008955
0.005672
-0.002625
-0.013533
-0.032428
-0.043930
-0.049609
-0.047699
-0.037459
-0.022421
-0.003041
0.011504
0.018645
0.019308
0.009586
-0.006369
-0.024856
-0.043978
-0.059619
-0.070639
-0.078556
-0.077721
-0.075224
-0.067694
-0.058865
-0.048517
-0.039150
-0.033827
-0.029423
-0.030757
-0.034805
-0.040980
-0.047677
-0.053724
-0.057352
-0.056789
-0.054730
-0.047660
-0.039628
-0.028237
-0.018001
-0.006858
0.002108
0.014319
0.025151
0.035073
0.045448
0.053736
0.058308
0.061117
0.058437
0.054004
0.047629
0.042601
0.038080
0.036759
0.038475
0.041639
0.049436
0.055418
0.062810
0.066687
0.071674
0.072308
0.069381
0.062574
0.050455
0.033595
0.011369
-0.010346
-0.031298
-0.048758
-0.058626
-0.062604
-0.061053
-0.053277
-0.046738
-0.041094
-0.042593
-0.047198
-0.056214
-0.063643
-0.067891
-0.065945
-0.052501
-0.032211
-0.005024
0.020544
0.043565
0.060115
0.065720
0.064579
0.057229
0.049366
0.043588
0.040886
0.042144
0.044568
0.046553
0.045635
0.038337
0.023268
0.003819
-0.018117
-0.038166
-0.053889
-0.061128
-0.061421
-0.055412
-0.041952
-0.030287
-0.013877
-0.002106
0.007079
0.013245
0.020370
0.025877
0.032357
0.041427
0.049671
0.057273
0.062929
0.062716
0.057187
0.042146
0.023523
0.001576
-0.024048
-0.041728
-0.055117
-0.059471
-0.058133
-0.051076
-0.040222
-0.031969
-0.025857
-0.027892
-0.031676
-0.039678
-0.045089
-0.049585
-0.048686
-0.038432
-0.023556
-0.005861
0.012298
0.030178
0.045089
0.054313
0.063556
0.067981
0.071598
0.074018
0.068921
0.061988
0.047822
0.029378
0.008357
-0.012490
-0.028022
-0.035669
-0.035780
-0.024453
-0.005121
0.017693
0.039684
0.055151
0.063211
0.062620
0.052069
0.035627
0.017248
-0.002145
-0.013792
-0.016724
-0.010627
0.002466
0.019599
0.039318
0.053253
0.061885
0.062789
0.051701
0.033871
0.012436
-0.009601
-0.024468
-0.035060
-0.036035
-0.025634
-0.008280
0.013079
0.035330
0.052926
0.065971
0.073648
0.074661
0.074613
0.066588
0.061323
0.050454
0.039612
0.025297
0.005559
-0.010944
-0.028987
-0.043988
-0.053925
-0.058988
-0.053603
-0.042196
-0.025236
-0.004349
0.013082
0.032870
0.045569
0.051602
0.054284
0.050191
0.046072
0.038363
0.027168
0.021570
0.010133
0.004157
-0.002860
-0.009587
-0.016714
-0.023169
-0.028746
-0.038437
-0.043969
-0.052587
-0.057344
-0.059300
-0.056609
-0.045025
-0.027745
-0.005566
0.017552
0.040006
0.057328
0.063389
0.057795
0.043543
0.021141
-0.003219
-0.024198
-0.041032
-0.048090
-0.049034
-0.047881
-0.042474
-0.041670
-0.044059
-0.052315
-0.059290
-0.066541
-0.065486
-0.056670
-0.041239
-0.016347
0.009855
0.035221
0.053883
0.063691
0.067380
0.062824
0.055202
0.047588
0.040860
0.038985
0.040926
0.047980
0.054301
0.063398
0.070395
0.076694
0.078556
0.073383
0.066275
0.049277
0.034312
0.018521
0.005476
0.000350
0.001828
0.009309
0.020239
0.031696
0.043474
0.044802
0.037424
0.022298
0.001135
-0.020991
-0.041075
-0.056311
-0.064116
-0.065646
-0.065428
-0.061414
-0.061429
-0.060478
-0.062293
-0.063268
-0.064689
-0.063286
-0.059979
-0.057207
-0.053888
-0.054854
-0.054622
-0.056109
-0.055739
-0.050684
-0.038208
-0.018608
0.004835
0.027780
0.046133
0.054572
0.053794
0.039504
0.015044
-0.007899
-0.031499
-0.047781
-0.055698
-0.057569
-0.050247
-0.043104
-0.035749
-0.031448
-0.033917
-0.039727
-0.047837
-0.056048
-0.063817
-0.066176
-0.068524
-0.065243
-0.061237
-0.054008
-0.041755
-0.030081
-0.013508
0.005642
0.022993
0.040651
0.050734
0.055571
0.053299
0.043444
0.032919
0.015253
0.002290
-0.004464
-0.006101
0.000233
0.011896
0.023960
0.041302
0.053536
0.066380
0.077442
0.081305
0.083522
0.076682
0.068452
0.054147
0.038445
0.023276
0.009960
0.001644
-0.001071
-0.001217
0.002456
0.005120
0.008371
0.009013
0.004596
0.001455
-0.004755
-0.011786
-0.016457
-0.019706
-0.023956
-0.027365
-0.030065
-0.037698
-0.042137
-0.046866
-0.045919
-0.040747
-0.031245
-0.022518
-0.013075
-0.007191
-0.006996
-0.013073
-0.021211
-0.034031
-0.045080
-0.053565
-0.062213
-0.063283
-0.064943
-0.060036
-0.056107
-0.051431
-0.047158
-0.044623
-0.041334
-0.037065
-0.031232
-0.024769
-0.015913
-0.008545
0.002038
0.012865
0.022682
0.029312
0.035791
0.042931
0.048539
0.051373
0.056036
0.058813
0.062072
0.064493
0.063740
0.061207
0.053328
0.042772
0.027299
0.008120
-0.008128
-0.025481
-0.038147
-0.046040
-0.050134
-0.048338
-0.048146
-0.043702
-0.037558
-0.035675
-0.029386
-0.026118
-0.015530
0.000036
0.014679
0.029761
0.041829
0.048320
0.047482
0.038552
0.028582
0.011110
-0.003487
-0.008890
-0.007691
0.002444
0.017943
0.033381
0.049807
0.058647
0.062489
0.060028
0.052575
0.044428
0.035756
0.032110
0.030653
0.037709
0.041368
0.048260
0.057117
0.063400
0.067561
0.066186
0.063221
0.053732
0.040677
0.023590
0.001492
-0.022223
-0.042536
-0.058913
-0.067096
-0.067160
-0.054845
-0.035558
-0.012170
0.010981
0.028211
0.037846
0.035615
0.023257
0.006415
-0.015912
-0.039046
-0.052704
-0.060115
-0.058104
-0.047116
-0.033352
-0.017792
-0.003899
0.005940
0.008357
0.004027
-0.007332
-0.019321
-0.033457
-0.049684
-0.061328
-0.070535
-0.071450
-0.071053
-0.064518
-0.057588
-0.050743
-0.044929
-0.043032
-0.044544
-0.050266
-0.055317
-0.061571
-0.064054
-0.065444
-0.063177
-0.059351
-0.056022
-0.054165
-0.054834
-0.055773
-0.058654
-0.056326
-0.052081
-0.038140
-0.018171
0.005960
0.028791
0.047898
0.055265
0.054811
0.040522
0.016780
-0.007687
-0.031389
-0.049310
-0.059052
-0.060934
-0.054510
-0.046634
-0.038930
-0.034263
-0.036304
-0.043179
-0.052583
-0.061114
-0.067237
-0.063811
-0.054111
-0.035719
-0.009557
0.013805
0.039128
0.056084
0.065340
0.064705
0.054533
0.039289
0.019315
-0.001655
-0.020686
-0.036412
-0.048111
-0.057550
-0.066678
-0.071688
-0.076522
-0.075578
-0.072715
-0.064274
-0.049945
-0.035768
-0.021909
-0.011177
-0.006433
-0.005784
-0.012354
-0.019504
-0.025412
-0.030255
-0.026730
-0.018577
-0.005961
0.005445
0.014834
0.017253
0.010362
-0.000400
-0.019031
-0.034728
-0.046951
-0.050479
-0.046251
-0.036636
-0.016699
0.001899
0.018891
0.034852
0.043548
0.047423
0.046568
0.040966
0.034056
0.022614
0.012663
0.002362
-0.010278
-0.019522
-0.025841
-0.027877
-0.029298
-0.026816
-0.024859
-0.021138
-0.018325
-0.016643
-0.015869
-0.016257
-0.015301
-0.012658
-0.009722
-0.007468
-0.003434
0.002782
0.007360
0.008650
0.008098
0.010784
0.014294
0.021579
0.025245
0.033624
0.038127
0.039103
0.034166
0.021426
0.004745
-0.012209
-0.028453
-0.041611
-0.048474
-0.047494
-0.042433
-0.034585
-0.022285
-0.014121
-0.002317
0.005988
0.012967
0.018054
0.023988
0.030007
0.034086
0.042907
0.048541
0.056699
0.060418
0.060888
0.059060
0.049685
0.038245
0.022691
0.002674
-0.015557
-0.035756
-0.050235
-0.059472
-0.061644
-0.053467
-0.040755
-0.021811
0.000286
0.020797
0.041555
0.052787
0.058862
0.056291
0.045782
0.032112
0.011360
-0.007451
-0.024372
-0.040064
-0.050345
-0.056839
-0.060112
-0.060136
-0.059452
-0.056921
-0.056690
-0.053808
-0.051335
-0.046291
-0.041868
-0.034000
-0.024136
-0.015332
-0.006122
0.000062
0.002285
0.003681
0.000644
-0.005367
-0.013713
-0.018284
-0.023934
-0.023185
-0.019712
-0.013691
-0.000051
0.012628
0.027034
0.037489
0.047277
0.047357
0.043036
0.032042
0.016151
-0.001698
-0.018804
-0.034266
-0.044755
-0.051067
-0.053211
-0.051865
-0.045374
-0.036338
-0.026078
-0.014640
-0.003657
0.008375
0.021618
0.031112
0.036431
0.039723
0.036828
0.031636
0.021531
0.008434
-0.002681
-0.018317
-0.029864
-0.044366
-0.053414
-0.056829
-0.058316
-0.054105
-0.049903
-0.042570
-0.037527
-0.032044
-0.032877
-0.034417
-0.038533
-0.042427
-0.038599
-0.032883
-0.017963
0.002695
0.025549
0.046768
0.061288
0.066002
0.059798
0.040673
0.014458
-0.017523
-0.044763
-0.065374
-0.074539
-0.071897
-0.055715
-0.033017
-0.007849
0.013641
0.027461
0.030346
0.028488
0.015565
0.002610
-0.005519
-0.007591
0.001248
0.016882
0.033220
0.051735
0.060464
0.062033
0.053676
0.036448
0.014372
-0.009265
-0.029896
-0.044713
-0.051609
-0.053866
-0.047787
-0.043884
-0.029667
-0.018077
-0.006195
0.007102
0.012590
0.020324
0.017945
0.009524
-0.004990
-0.023350
-0.040393
-0.054424
-0.064479
-0.063862
-0.056492
-0.039574
-0.018099
0.006047
0.026752
0.043697
0.055668
0.064361
0.066725
0.069123
0.064880
0.060520
0.055062
0.047241
0.041125
0.034735
0.033320
0.034066
0.038592
0.044321
0.051486
0.055087
0.054857
0.047790
0.032388
0.010173
-0.014985
-0.036665
-0.054068
-0.065191
-0.065190
-0.053972
-0.035466
-0.012317
0.012094
0.033292
0.050436
0.057743
0.060870
0.056923
0.051241
0.044669
0.039407
0.037892
0.039170
0.045793
0.050870
0.060182
0.067382
0.074783
0.077153
0.074260
0.068495
0.054613
0.040379
0.026313
0.013170
0.003814
-0.000299
0.002405
0.009282
0.017938
0.029481
0.040137
0.047534
0.053415
0.058294
0.063053
0.063463
0.062549
0.058053
0.048109
0.033189
0.013683
-0.009684
-0.032469
-0.053631
-0.063906
-0.066394
-0.058754
-0.041424
-0.020457
0.000912
0.018117
0.028301
0.034483
0.034892
0.030917
0.031677
0.034827
0.041469
0.049745
0.056866
0.060004
0.058146
0.048121
0.034830
0.021694
0.009478
0.002075
0.001392
0.006134
0.015916
0.026435
0.041498
0.054425
0.062887
0.070662
0.071237
0.068607
0.060682
0.045670
0.027522
0.006542
-0.014095
-0.029504
-0.038294
-0.040648
-0.029378
-0.011339
0.008235
0.028070
0.042505
0.051024
0.049999
0.043429
0.036077
0.024414
0.018520
0.017929
0.024557
0.032873
0.043374
0.051596
0.057416
0.059903
0.056870
0.052467
0.043578
0.032339
0.019220
0.007142
-0.005772
-0.021534
-0.033867
-0.045540
-0.051443
-0.051461
-0.044417
-0.032488
-0.012993
0.009122
0.028353
0.042449
0.048485
0.048304
0.040577
0.029006
0.018954
0.013913
0.012417
0.020684
0.032657
0.045930
0.058364
0.061456
0.059303
0.046443
0.028448
0.012581
-0.000766
-0.006247
-0.003547
0.003642
0.020968
0.035627
0.046853
0.051964
0.044365
0.031777
0.015433
-0.003521
-0.013278
-0.021964
-0.020136
-0.014018
-0.003717
0.004247
0.011514
0.016942
0.016335
0.018445
0.021013
0.025151
0.026333
0.033842
0.037004
0.039947
0.041119
0.038287
0.038052
0.039161
0.043368
0.049151
0.055405
0.057893
0.057391
0.046408
0.027834
0.002681
-0.024580
-0.048834
-0.067228
-0.075144
-0.068123
-0.052485
-0.030909
-0.007143
0.009573
0.017336
0.018952
0.009748
0.000912
-0.007759
-0.014812
-0.009234
0.002872
0.021415
0.041547
0.056674
0.066669
0.071010
0.067275
0.062846
0.054045
0.048253
0.042836
0.043313
0.041481
0.041128
0.039656
0.034105
0.030413
0.026204
0.022613
0.021704
0.026939
0.030402
0.037766
0.046260
0.054178
0.061757
0.063388
0.064258
0.058666
0.048425
0.032381
0.010461
-0.011904
-0.037077
-0.056028
-0.067002
-0.069832
-0.059145
-0.039896
-0.014383
0.011769
0.031989
0.042921
0.043882
0.035797
0.020640
0.009093
0.000088
0.000278
0.011332
0.022630
0.038503
0.051744
0.053524
0.046839
0.024721
-0.003963
-0.034368
-0.058922
-0.073966
-0.073519
-0.064298
-0.042544
-0.018749
0.001355
0.014278
0.016983
0.015023
0.003145
-0.010810
-0.018656
-0.018903
-0.009052
0.008446
0.030561
0.050062
0.065696
0.072731
0.068745
0.055960
0.032247
0.007999
-0.016926
-0.040449
-0.055000
-0.063529
-0.059846
-0.049488
-0.033538
-0.013736
0.004945
0.024580
0.039324
0.048357
0.056363
0.061458
0.065662
0.069366
0.069509
0.068756
0.060998
0.049109
0.031628
0.007240
-0.016580
-0.040062
-0.055987
-0.065269
-0.068316
-0.062080
-0.054173
-0.045081
-0.040444
-0.039308
-0.043058
-0.050313
-0.057456
-0.059501
-0.054664
-0.042324
-0.021796
0.002859
0.025087
0.042913
0.052725
0.055188
0.052216
0.041825
0.031991
0.020274
0.016173
0.015158
0.021653
0.029323
0.042889
0.052120
0.060810
0.066932
0.065208
0.063066
0.055448
0.049617
0.043668
0.040206
0.040678
0.044243
0.050721
0.056209
0.062840
0.065325
0.067055
0.063570
0.057608
0.050125
0.040678
0.033274
0.026641
0.018266
0.010606
0.001911
-0.008518
-0.018630
-0.025659
-0.031491
-0.038420
-0.036312
-0.030645
-0.017174
-0.000462
0.017546
0.034493
0.048219
0.057530
0.064213
0.060053
0.055876
0.045812
0.034040
0.024973
0.010825
0.001233
-0.006793
-0.008189
-0.006253
0.001779
0.013624
0.028585
0.042706
0.056567
0.067495
0.073750
0.075823
0.068908
0.062814
0.048682
0.038457
0.029004
0.023308
0.027117
0.033767
0.045879
0.056555
0.064956
0.064920
0.059582
0.045695
0.029336
0.014404
0.004682
-0.000303
0.001023
0.008083
0.016059
0.024096
0.022754
0.013978
-0.004180
-0.025587
-0.047038
-0.063385
-0.073590
-0.074261
-0.071171
-0.063196
-0.057548
-0.052639
-0.053283
-0.052805
-0.054997
-0.051239
-0.039477
-0.021392
0.003128
0.027525
0.046563
0.056968
0.057264
0.042492
0.019963
-0.009079
-0.037458
-0.058289
-0.071495
-0.070594
-0.060722
-0.041809
-0.020123
-0.001430
0.012157
0.016246
0.011397
0.001455
-0.009580
-0.018080
-0.025017
-0.021049
-0.006832
0.014590
0.037704
0.056229
0.070787
0.072914
0.064226
0.044397
0.017727
-0.010321
-0.036530
-0.053371
-0.061529
-0.061764
-0.052471
-0.041316
-0.028677
-0.021947
-0.019489
-0.022158
-0.032315
-0.041516
-0.050917
-0.052244
-0.048658
-0.035238
-0.017324
0.002248
0.026369
0.042097
0.052423
0.053545
0.045015
0.031727
0.015293
-0.001657
-0.012256
-0.016029
-0.014879
-0.008702
0.002529
0.009317
0.018290
0.023041
0.022507
0.022930
0.024478
0.027876
0.034640
0.041744
0.045459
0.047620
0.042796
0.031183
0.017581
-0.001419
-0.019588
-0.034779
-0.044534
-0.048701
-0.048941
-0.044674
-0.040515
-0.034576
-0.024181
-0.017876
-0.003702
0.002461
0.010890
0.015975
0.013918
0.008818
-0.002886
-0.018196
-0.034649
-0.050082
-0.063448
-0.070847
-0.075526
-0.073167
-0.070333
-0.061686
-0.051845
-0.040550
-0.026639
-0.012773
0.007816
0.025372
0.041673
0.054369
0.060025
0.058869
0.048149
0.028133
0.003653
-0.019774
-0.041179
-0.057576
-0.066295
-0.063157
-0.053365
-0.039144
-0.021070
-0.006331
0.004331
0.007921
0.006549
-0.000101
-0.010989
-0.021614
-0.034022
-0.046023
-0.053902
-0.059584
-0.063744
-0.061577
-0.057801
-0.045286
-0.028869
-0.007982
0.013461
0.032006
0.044097
0.049563
0.042899
0.027034
0.004966
-0.022801
-0.044411
-0.060298
-0.066534
-0.060035
-0.049852
-0.030853
-0.014489
-0.002819
0.002661
-0.000844
-0.009506
-0.016702
-0.026832
-0.030447
-0.029773
-0.025778
-0.017047
-0.008599
-0.000121
0.004664
0.005838
0.001884
-0.005712
-0.016719
-0.026430
-0.034021
-0.044255
-0.050134
-0.054909
-0.053530
-0.045327
-0.031192
-0.012094
0.007824
0.030198
0.047340
0.054405
0.054341
0.041433
0.021302
-0.002753
-0.026210
-0.044748
-0.054693
-0.059494
-0.056423
-0.051496
-0.046978
-0.045351
-0.048011
-0.053647
-0.060274
-0.062767
-0.060956
-0.049628
-0.030618
-0.007653
0.021112
0.043525
0.061550
0.070339
0.066496
0.054161
0.029756
0.003357
-0.021448
-0.042293
-0.053574
-0.059267
-0.056544
-0.049879
-0.043351
-0.039635
-0.039134
-0.040927
-0.044752
-0.045434
-0.043984
-0.034419
-0.017100
0.003038
0.023488
0.041588
0.052425
0.060009
0.061348
0.058825
0.058798
0.056927
0.059924
0.061705
0.065251
0.064818
0.064069
0.059002
0.053555
0.048313
0.046327
0.047254
0.049463
0.054529
0.055707
0.053574
0.043419
0.025833
0.004155
-0.018545
-0.039162
-0.055372
-0.064532
-0.061183
-0.051651
-0.035466
-0.015607
0.005357
0.023828
0.038128
0.050224
0.059032
0.066607
0.073855
0.076734
0.078087
0.073320
0.063497
0.048219
0.026713
0.006824
-0.011864
-0.022158
-0.025511
-0.019292
-0.007355
0.010296
0.029449
0.040312
0.047278
0.043083
0.035886
0.021953
0.010151
0.005530
0.003953
0.014242
0.024151
0.038913
0.046595
0.053775
0.048895
0.039527
0.027947
0.014000
0.006391
0.003711
0.006409
0.015924
0.027651
0.042121
0.054877
0.063804
0.071279
0.071308
0.067868
0.062661
0.054774
0.049025
0.042252
0.039246
0.038110
0.041288
0.045673
0.051999
0.058704
0.063769
0.067824
0.065726
0.062192
0.053325
0.043211
0.034723
0.024639
0.018834
0.017169
0.018582
0.021940
0.026818
0.033501
0.039472
0.044213
0.043391
0.039180
0.032978
0.026459
0.014101
-0.001246
-0.015085
-0.025910
-0.026803
-0.023435
-0.012478
0.004977
0.025477
0.043522
0.057836
0.064084
0.062812
0.052287
0.034110
0.011852
-0.010641
-0.030057
-0.046378
-0.058096
-0.064353
-0.066911
-0.065551
-0.061150
-0.054609
-0.044048
-0.035610
-0.029487
-0.028495
-0.029238
-0.037345
-0.045174
-0.056417
-0.062302
-0.062394
-0.056971
-0.044433
-0.029641
-0.013888
-0.004191
-0.000411
-0.003839
-0.007213
-0.018685
-0.025668
-0.029104
-0.023557
-0.007091
0.012668
0.034214
0.053636
0.066977
0.076363
0.079475
0.075532
0.069661
0.059856
0.048232
0.034818
0.020560
0.004626
-0.009548
-0.022784
-0.034154
-0.039845
-0.041634
-0.040204
-0.036081
-0.029921
-0.019943
-0.011576
-0.002823
0.005773
0.014045
0.025213
0.029036
0.029271
0.020578
0.003831
-0.017188
-0.038880
-0.057242
-0.068735
-0.069275
-0.061839
-0.044653
-0.025653
-0.007449
0.005079
0.012742
0.012432
0.008391
0.005247
0.004716
0.008025
0.016580
0.029512
0.038711
0.043236
0.039646
0.028622
0.012258
-0.006922
-0.025493
-0.041604
-0.048709
-0.050703
-0.047748
-0.036187
-0.027232
-0.015394
-0.007477
-0.000205
0.003727
0.010252
0.018510
0.025373
0.036715
0.047327
0.058983
0.068852
0.073465
0.073449
0.065629
0.052609
0.032104
0.009207
-0.012136
-0.027857
-0.037730
-0.033818
-0.025674
-0.007766
0.014640
0.030995
0.044409
0.046788
0.043569
0.036878
0.025368
0.019937
0.018924
0.026117
0.035374
0.047387
0.057391
0.061516
0.060168
0.049214
0.036585
0.021958
0.009670
0.001340
0.000623
0.004798
0.012751
0.024528
0.039752
0.052185
0.064350
0.070975
0.071292
0.069224
0.059141
0.045768
0.028818
0.010905
-0.004848
-0.015548
-0.022639
-0.025105
-0.024353
-0.019536
-0.016286
-0.016729
-0.020238
-0.027811
-0.034755
-0.043010
-0.045687
-0.045405
-0.037844
-0.028076
-0.017540
-0.001820
0.009624
0.022600
0.031015
0.035941
0.042722
0.046539
0.052572
0.055747
0.058452
0.059637
0.058699
0.057526
0.052781
0.047797
0.042580
0.036718
0.030003
0.020786
0.012728
0.000485
-0.011181
-0.020583
-0.033451
-0.041793
-0.048539
-0.052117
-0.052418
-0.049777
-0.044662
-0.037784
-0.032139
-0.029125
-0.026560
-0.029500
-0.034310
-0.044766
-0.055397
-0.064799
-0.073232
-0.077440
-0.078277
-0.069216
-0.058097
-0.040662
-0.023889
-0.009764
-0.000272
0.004236
0.000642
-0.001112
-0.007141
-0.009662
-0.005450
-0.001510
0.010658
0.019810
0.030165
0.030655
0.025814
0.015742
0.000396
-0.016221
-0.030958
-0.040189
-0.044270
-0.043089
-0.033731
-0.026297
-0.011893
0.001285
0.010964
0.024589
0.027503
0.033767
0.033794
0.031257
0.024656
0.015846
0.006969
0.003386
0.001252
0.003711
0.010586
0.020962
0.031508
0.039338
0.040818
0.037014
0.026819
0.012600
0.000651
-0.015289
-0.024389
-0.032969
-0.038327
-0.038974
-0.040517
-0.041223
-0.045143
-0.049751
-0.057430
-0.064338
-0.070317
-0.074038
-0.069298
-0.062238
-0.047394
-0.030040
-0.014001
-0.002527
0.002417
0.001446
-0.007248
-0.019441
-0.029899
-0.036672
-0.035824
-0.024993
-0.006389
0.016922
0.040091
0.057814
0.067449
0.068926
0.055950
0.037921
0.012249
-0.013691
-0.036212
-0.053647
-0.061520
-0.060943
-0.053478
-0.037854
-0.018436
0.004235
0.024491
0.042051
0.054453
0.058684
0.055436
0.045791
0.028744
0.009424
-0.010887
-0.028768
-0.043146
-0.053719
-0.059114
-0.063893
-0.065811
-0.067172
-0.068541
-0.065399
-0.059672
-0.047331
-0.028825
-0.004907
0.020557
0.045373
0.064176
0.073821
0.070440
0.058587
0.036416
0.011307
-0.010545
-0.025380
-0.032586
-0.028995
-0.023189
-0.009234
-0.000139
0.003129
-0.003453
-0.016821
-0.033143
-0.047204
-0.057559
-0.063785
-0.060502
-0.052592
-0.040551
-0.031000
-0.023301
-0.022157
-0.025922
-0.033830
-0.042664
-0.050255
-0.054552
-0.054212
-0.053481
-0.050110
-0.048248
-0.047698
-0.048561
-0.050100
-0.046122
-0.042815
-0.033763
-0.019787
-0.007245
0.003287
0.007566
0.002899
-0.008965
-0.027224
-0.043919
-0.055809
-0.064116
-0.060696
-0.048490
-0.028329
-0.005279
0.015407
0.030820
0.039908
0.044234
0.043237
0.041859
0.042405
0.044722
0.050646
0.055839
0.060405
0.062940
0.059773
0.057118
0.054038
0.053539
0.054926
0.058710
0.062149
0.062518
0.058063
0.043943
0.023877
-0.002935
-0.029160
-0.049796
-0.064211
-0.068648
-0.065218
-0.056335
-0.045220
-0.037270
-0.033657
-0.035343
-0.041587
-0.049538
-0.055513
-0.057648
-0.052824
-0.039363
-0.021361
0.000342
0.024069
0.042833
0.057537
0.061373
0.059672
0.051167
0.034469
0.014370
-0.004998
-0.024646
-0.039657
-0.048854
-0.050945
-0.045023
-0.035441
-0.020279
-0.008594
0.005649
0.018766
0.026818
0.035021
0.040493
0.047198
0.049719
0.054496
0.054830
0.051520
0.045085
0.032969
0.016971
0.000129
-0.018021
-0.031668
-0.046219
-0.058514
-0.066837
-0.074892
-0.077506
-0.081246
-0.076413
-0.068637
-0.055775
-0.038229
-0.021625
-0.005950
0.003292
0.006553
0.003963
-0.002126
-0.013465
-0.021651
-0.025733
-0.022254
-0.008797
0.009146
0.029581
0.049162
0.063713
0.075866
0.080339
0.079997
0.073967
0.064151
0.053433
0.038140
0.025325
0.012827
0.004481
0.000054
0.001576
0.008201
0.018664
0.032623
0.043655
0.055379
0.063471
0.069855
0.068564
0.065611
0.060671
0.053921
0.049767
0.043480
0.038307
0.033536
0.027967
0.020984
0.010670
0.004564
-0.006514
-0.014833
-0.022928
-0.032382
-0.036547
-0.043744
-0.049293
-0.055015
-0.057543
-0.059391
-0.058742
-0.055560
-0.051564
-0.045466
-0.041229
-0.035251
-0.030333
-0.024493
-0.015961
-0.007294
0.001427
0.013958
0.024587
0.032961
0.037473
0.037075
0.029288
0.017380
0.000613
-0.016766
-0.033964
-0.046302
-0.057118
-0.061206
-0.062614
-0.058027
-0.050479
-0.043768
-0.027505
-0.016135
-0.002694
0.006721
0.008818
0.008005
-0.000967
-0.013197
-0.027855
-0.043396
-0.056120
-0.062972
-0.062697
-0.053022
-0.037773
-0.015001
0.008478
0.031378
0.048714
0.058907
0.060606
0.052391
0.036818
0.014565
-0.006717
-0.026702
-0.040038
-0.042541
-0.034516
-0.017452
0.005187
0.028486
0.048687
0.061080
0.066535
0.064662
0.059216
0.053556
0.049763
0.050704
0.054058
0.060026
0.062824
0.063498
0.054619
0.038607
0.018639
-0.006839
-0.027939
-0.046187
-0.060133
-0.066058
-0.070989
-0.070582
-0.071164
-0.070293
-0.065962
-0.061012
-0.047903
-0.032570
-0.011183
0.012588
0.031727
0.047616
0.055272
0.057826
0.056060
0.048414
0.045864
0.045588
0.051240
0.057949
0.066152
0.069788
0.068563
0.060838
0.045341
0.028142
0.010243
-0.003364
-0.012343
-0.016945
-0.016906
-0.014803
-0.011795
-0.012710
-0.018549
-0.023167
-0.031905
-0.038640
-0.040975
-0.042590
-0.038830
-0.036730
-0.034020
-0.035209
-0.036054
-0.042294
-0.045396
-0.048569
-0.045620
-0.040676
-0.030215
-0.014674
-0.000874
0.017228
0.025970
0.025802
0.020184
0.004960
-0.013745
-0.033503
-0.050832
-0.062879
-0.067022
-0.066849
-0.060701
-0.054868
-0.048608
-0.046269
-0.047205
-0.051066
-0.055833
-0.056503
-0.053376
-0.042955
-0.028673
-0.007587
0.013806
0.033115
0.050165
0.061272
0.069570
0.072861
0.069999
0.066004
0.058629
0.052878
0.047005
0.042706
0.043681
0.045135
0.050887
0.055655
0.061031
0.062110
0.062810
0.059946
0.055748
0.052277
0.050505
0.052153
0.054546
0.058948
0.059352
0.059081
0.050089
0.036811
0.018943
-0.001601
-0.021847
-0.041393
-0.055983
-0.065616
-0.073295
-0.075362
-0.075710
-0.072665
-0.066009
-0.056830
-0.044669
-0.031954
-0.018454
-0.008536
-0.002455
-0.002790
-0.007699
-0.015517
-0.024278
-0.035610
-0.046371
-0.052852
-0.059105
-0.063842
-0.067337
-0.064759
-0.060037
-0.049624
-0.033489
-0.011912
0.010094
0.031750
0.048653
0.060355
0.063351
0.061787
0.055961
0.049717
0.046435
0.046760
0.050468
0.052603
0.055874
0.051466
0.039457
0.018120
-0.008130
-0.034257
-0.053004
-0.065752
-0.063819
-0.053615
-0.033647
-0.011825
0.003995
0.011322
0.010098
0.003504
-0.012850
-0.030775
-0.045895
-0.052505
-0.049040
-0.037812
-0.019595
-0.004275
0.011938
0.016911
0.013677
0.004332
-0.011162
-0.026071
-0.038435
-0.042171
-0.035553
-0.020329
0.000113
0.022940
0.043418
0.056464
0.063064
0.057765
0.043500
0.025967
0.007184
-0.006602
-0.012139
-0.008389
0.004502
0.019714
0.034124
0.050371
0.057274
0.056664
0.048119
0.030623
0.013075
-0.004967
-0.020918
-0.033187
-0.042379
-0.046492
-0.052652
-0.054312
-0.056545
-0.059687
-0.057308
-0.052061
-0.040473
-0.022139
-0.002050
0.018922
0.038454
0.050898
0.058473
0.057268
0.052646
0.044138
0.036283
0.030721
0.030778
0.034567
0.039067
0.047186
0.053378
0.059167
0.060423
0.059311
0.056137
0.052450
0.048961
0.043226
0.038978
0.034507
0.027026
0.018846
0.009534
0.002303
-0.005538
-0.007979
-0.005146
0.003639
0.013688
0.025132
0.030230
0.030234
0.023720
0.011983
-0.006458
-0.027494
-0.044488
-0.055369
-0.058379
-0.052380
-0.038928
-0.016411
0.007297
0.027046
0.042715
0.052063
0.053861
0.050741
0.043645
0.037804
0.031948
0.030210
0.033593
0.038318
0.046824
0.054015
0.061543
0.064176
0.066403
0.061830
0.055667
0.046374
0.030243
0.018887
0.000888
-0.014115
-0.025568
-0.035021
-0.038148
-0.038981
-0.034717
-0.027643
-0.019870
-0.006060
0.003051
0.012753
0.021682
0.027377
0.038184
0.042520
0.041769
0.037904
0.028589
0.015145
-0.001201
-0.017856
-0.032570
-0.044212
-0.052349
-0.054929
-0.053620
-0.047626
-0.041451
-0.027548
-0.016943
-0.006507
0.006779
0.011511
0.014109
0.008020
-0.003274
-0.018665
-0.036473
-0.051679
-0.060838
-0.065022
-0.057200
-0.042333
-0.018589
0.009890
0.033478
0.053536
0.062298
0.058078
0.044663
0.021366
-0.006717
-0.031478
-0.049162
-0.058234
-0.053127
-0.041773
-0.016493
0.008853
0.030355
0.049272
0.057417
0.060855
0.056065
0.046980
0.039994
0.036080
0.038864
0.043845
0.053026
0.059890
0.065159
0.063498
0.053647
0.037112
0.013859
-0.008301
-0.032323
-0.051141
-0.061430
-0.064360
-0.059042
-0.045580
-0.026675
-0.004550
0.018874
0.038046
0.052051
0.057002
0.055300
0.043465
0.025084
0.005736
-0.015498
-0.029779
-0.040019
-0.043917
-0.040791
-0.036332
-0.028967
-0.022426
-0.017387
-0.016778
-0.015625
-0.014374
-0.012936
-0.007573
-0.007342
-0.002013
0.001089
0.006241
0.005441
0.009971
0.008964
0.013351
0.017954
0.020269
0.023565
0.024958
0.029269
0.026527
0.028485
0.026586
0.028673
0.031896
0.037663
0.041335
0.042707
0.042119
0.034794
0.024036
0.010504
-0.001748
-0.014864
-0.023802
-0.030907
-0.031825
-0.026440
-0.019793
-0.011814
-0.005380
-0.004006
-0.002589
-0.006268
-0.012886
-0.025579
-0.035723
-0.047456
-0.057551
-0.064478
-0.066324
-0.060297
-0.049103
-0.030850
-0.009338
0.012401
0.030793
0.043349
0.045920
0.038331
0.021438
-0.001089
-0.025509
-0.049160
-0.062431
-0.067950
-0.064576
-0.048766
-0.029782
-0.010144
0.004599
0.009974
0.005655
-0.003552
-0.017929
-0.028530
-0.038114
-0.034936
-0.019922
0.003900
0.031662
0.056867
0.072147
0.078593
0.070366
0.050248
0.024771
0.000266
-0.019003
-0.027563
-0.031094
-0.022628
-0.009200
-0.003917
-0.000924
-0.007200
-0.018984
-0.034995
-0.046799
-0.057791
-0.061824
-0.061153
-0.054548
-0.047792
-0.039996
-0.033975
-0.031744
-0.028087
-0.028453
-0.027108
-0.025239
-0.023423
-0.022868
-0.020756
-0.020265
-0.015632
-0.012573
-0.006948
0.000516
0.009121
0.015316
0.019951
0.018575
0.014284
0.008834
0.000007
-0.002818
0.001693
0.012211
0.026792
0.042576
0.056400
0.064892
0.065276
0.052198
0.032068
0.007160
-0.019739
-0.040017
-0.053091
-0.055300
-0.044981
-0.027426
-0.003952
0.018641
0.038639
0.053088
0.059831
0.059006
0.054146
0.044144
0.031578
0.019106
0.009209
-0.001161
-0.008937
-0.016993
-0.023094
-0.027576
-0.036483
-0.043128
-0.052796
-0.058091
-0.060138
-0.057407
-0.045650
-0.029366
-0.006643
0.019102
0.039381
0.056242
0.062278
0.057234
0.043262
0.021792
-0.001832
-0.022263
-0.037383
-0.045857
-0.050024
-0.049061
-0.046792
-0.049141
-0.051992
-0.060511
-0.067132
-0.071082
-0.068492
-0.057582
-0.041188
-0.018743
0.002175
0.018075
0.025595
0.023830
0.013047
-0.007708
-0.029615
-0.047613
-0.058286
-0.060389
-0.050756
-0.036545
-0.018253
0.002412
0.012822
0.018184
0.013031
0.000234
-0.017893
-0.036427
-0.052922
-0.063315
-0.067692
-0.061203
-0.048243
-0.027654
-0.003528
0.019649
0.040193
0.053472
0.057480
0.055189
0.044703
0.028465
0.011955
-0.006748
-0.021838
-0.033435
-0.042951
-0.045933
-0.051429
-0.053897
-0.057946
-0.057629
-0.057909
-0.052567
-0.040617
-0.022237
0.000439
0.023074
0.044928
0.057967
0.063068
0.057413
0.040884
0.016284
-0.010188
-0.032057
-0.048546
-0.053160
-0.049705
-0.037684
-0.021263
-0.009388
-0.000008
0.002118
-0.004040
-0.013520
-0.025614
-0.042053
-0.052875
-0.067219
-0.071509
-0.071592
-0.068443
-0.060235
-0.053165
-0.046000
-0.043983
-0.045201
-0.050978
-0.056744
-0.064142
-0.068202
-0.065024
-0.057003
-0.041485
-0.023240
-0.004232
0.013390
0.026076
0.031054
0.034646
0.032211
0.033654
0.033057
0.036250
0.039581
0.043207
0.047932
0.049249
0.051669
0.052239
0.055840
0.059583
0.065827
0.069488
0.070943
0.065681
0.053673
0.036865
0.017278
0.000001
-0.010637
-0.015470
-0.015641
-0.003026
0.005090
0.011939
0.009723
-0.002257
-0.020609
-0.041198
-0.059300
-0.068335
-0.069521
-0.055266
-0.032251
-0.004087
0.023470
0.043570
0.050730
0.050196
0.035853
0.015527
-0.007346
-0.026281
-0.039104
-0.045856
-0.047150
-0.042169
-0.040151
-0.034853
-0.032795
-0.029932
-0.023549
-0.019259
-0.006439
0.005159
0.018816
0.029785
0.036258
0.037138
0.030926
0.020738
0.009023
-0.000866
-0.004312
-0.005844
-0.000849
0.008571
0.016861
0.025509
0.029875
0.032458
0.032375
0.032598
0.028462
0.029286
0.031929
0.035463
0.040271
0.043355
0.044029
0.041066
0.036824
0.024938
0.016094
0.001173
-0.011227
-0.023160
-0.036257
-0.040449
-0.041405
-0.036650
-0.025001
-0.014396
0.000061
0.010706
0.015722
0.019233
0.013611
0.004567
-0.007369
-0.015596
-0.020365
-0.021057
-0.014458
-0.005954
0.005500
0.017231
0.027917
0.032728
0.037963
0.042672
0.049714
0.057633
0.063629
0.071378
0.072866
0.072136
0.064256
0.049206
0.036495
0.020567
0.010669
0.006650
0.008103
0.015228
0.022244
0.025252
0.027697
0.023482
0.016010
0.007097
-0.003474
-0.008850
-0.008817
-0.006893
-0.003782
-0.001956
-0.006506
-0.014400
-0.027351
-0.040804
-0.053604
-0.060567
-0.064669
-0.064176
-0.061457
-0.057422
-0.053276
-0.051694
-0.048947
-0.049295
-0.045670
-0.040538
-0.034650
-0.032461
-0.028330
-0.028310
-0.026543
-0.029848
-0.030742
-0.021339
-0.006801
0.013857
0.036453
0.055159
0.067847
0.070903
0.062806
0.048054
0.028370
0.011124
-0.001593
-0.007653
-0.010281
-0.005996
-0.005503
-0.005111
-0.009212
-0.020181
-0.030766
-0.037754
-0.040703
-0.040024
-0.029714
-0.022420
-0.016161
-0.015885
-0.021715
-0.031069
-0.039875
-0.050264
-0.052207
-0.049416
-0.039022
-0.025674
-0.012561
-0.005372
-0.003740
-0.012090
-0.026052
-0.037833
-0.045768
-0.046042
-0.036945
-0.024203
-0.002655
0.012239
0.023754
0.026422
0.016354
-0.003002
-0.025730
-0.047361
-0.064156
-0.071475
-0.071404
-0.062780
-0.053460
-0.042470
-0.037443
-0.037203
-0.041462
-0.048674
-0.053097
-0.052076
-0.040653
-0.024741
-0.003484
0.019246
0.035714
0.046231
0.048984
0.046543
0.040373
0.033164
0.027795
0.021306
0.020435
0.017531
0.016908
0.013027
0.006040
-0.002177
-0.008459
-0.014694
-0.013076
-0.006231
-0.002922
0.002739
0.001873
-0.004726
-0.015877
-0.030814
-0.046031
-0.058591
-0.071033
-0.075887
-0.079447
-0.077399
-0.072590
-0.066064
-0.054624
-0.041101
-0.021981
-0.002344
0.018797
0.038841
0.054190
0.063012
0.063817
0.054459
0.041192
0.023932
0.008027
-0.002391
-0.007234
-0.005608
0.004105
0.013023
0.027747
0.039280
0.051294
0.059570
0.062404
0.066850
0.063528
0.056938
0.044475
0.026789
0.007514
-0.011728
-0.027777
-0.037405
-0.038930
-0.032684
-0.017801
0.000985
0.023037
0.040949
0.055713
0.062897
0.058044
0.046435
0.027738
0.001925
-0.022379
-0.043575
-0.059754
-0.065992
-0.064840
-0.053490
-0.039726
-0.023827
-0.008910
-0.000289
0.002315
0.000513
-0.004709
-0.008005
-0.014537
-0.013212
-0.007937
-0.002019
0.007574
0.016480
0.023483
0.023812
0.024451
0.021757
0.022529
0.024804
0.026106
0.029681
0.033906
0.035994
0.034815
0.030773
0.021318
0.013538
0.000177
-0.012350
-0.025520
-0.037521
-0.042432
-0.044535
-0.041331
-0.032871
-0.020923
-0.006431
0.008228
0.022682
0.034518
0.042734
0.050406
0.053938
0.055183
0.057388
0.055740
0.056132
0.050008
0.041533
0.026973
0.008416
-0.011724
-0.034499
-0.050496
-0.061894
-0.063766
-0.054800
-0.037865
-0.014522
0.009899
0.029922
0.046620
0.054451
0.052239
0.046353
0.035595
0.030192
0.022551
0.022421
0.023929
0.029037
0.030172
0.027460
0.018944
0.000963
-0.019447
-0.040212
-0.057665
-0.068921
-0.072672
-0.071739
-0.060243
-0.050072
-0.036959
-0.026590
-0.018112
-0.008035
0.000002
0.009457
0.019189
0.031252
0.044680
0.054071
0.059564
0.056228
0.049732
0.033984
0.013614
-0.007945
-0.026384
-0.040288
-0.047700
-0.051499
-0.048865
-0.041277
-0.038520
-0.035530
-0.037945
-0.041710
-0.049754
-0.055075
-0.061793
-0.061301
-0.056713
-0.048535
-0.036812
-0.022534
-0.007513
0.006565
0.012154
0.011787
0.004083
-0.010268
-0.027170
-0.043902
-0.056375
-0.063603
-0.066091
-0.061993
-0.056386
-0.048313
-0.042857
-0.039357
-0.040870
-0.045021
-0.050228
-0.058313
-0.061592
-0.063132
-0.058634
-0.053154
-0.046342
-0.039076
-0.036483
-0.034154
-0.031612
-0.029309
-0.023673
-0.014252
-0.002767
0.013161
0.025991
0.036822
0.040701
0.038869
0.027804
0.016934
0.004099
-0.005375
-0.009282
-0.007286
0.003915
0.014803
0.026494
0.033021
0.033126
0.028232
0.023200
0.017074
0.013089
0.016197
0.025090
0.035024
0.045791
0.052350
0.053615
0.052436
0.043326
0.034412
0.024720
0.020769
0.020859
0.022710
0.022989
0.021656
0.013498
-0.000745
-0.019353
-0.038247
-0.055062
-0.065907
-0.071250
-0.070011
-0.059611
-0.051488
-0.038552
-0.027457
-0.018245
-0.006304
-0.000822
0.009160
0.015234
0.021597
0.030073
0.036379
0.042300
0.047542
0.054235
0.060078
0.066143
0.070247
0.070793
0.069236
0.060081
0.049289
0.034397
0.021693
0.010751
0.006818
0.007675
0.013160
0.022183
0.027349
0.030941
0.026336
0.018973
0.005787
-0.004887
-0.013007
-0.015681
-0.008989
0.003245
0.018621
0.035072
0.048459
0.053527
0.051032
0.043013
0.022573
0.000495
-0.023618
-0.045731
-0.058691
-0.066626
-0.062957
-0.052726
-0.037955
-0.017592
-0.001937
0.006713
0.006186
-0.003188
-0.015667
-0.030476
-0.046899
-0.048643
-0.041527
-0.023494
0.003569
0.031581
0.054865
0.070178
0.072259
0.064517
0.047262
0.028521
0.011287
0.000559
-0.005088
-0.005416
-0.000950
-0.002192
-0.000827
-0.006273
-0.015930
-0.026323
-0.036424
-0.040032
-0.034777
-0.027499
-0.017042
-0.010059
-0.007430
-0.012062
-0.020577
-0.033052
-0.047074
-0.058708
-0.068541
-0.071087
-0.074369
-0.070194
-0.065631
-0.058026
-0.048863
-0.037271
-0.021259
-0.002454
0.018269
0.038532
0.053464
0.065613
0.065960
0.057799
0.040783
0.016472
-0.010828
-0.035212
-0.053161
-0.063454
-0.065473
-0.059243
-0.050083
-0.041340
-0.035237
-0.035095
-0.041134
-0.047669
-0.053547
-0.058999
-0.054802
-0.043645
-0.024395
-0.001998
0.020300
0.037236
0.047942
0.050675
0.049293
0.041351
0.035025
0.028873
0.025178
0.024031
0.022451
0.020809
0.015366
0.006342
-0.002742
-0.009764
-0.014457
-0.010180
-0.006828
-0.000988
0.004740
0.004020
-0.002672
-0.017508
-0.035254
-0.050813
-0.063657
-0.068438
-0.063668
-0.051439
-0.030287
-0.007310
0.016245
0.035965
0.051306
0.063264
0.070448
0.074279
0.076635
0.074320
0.071367
0.063117
0.051235
0.037538
0.023437
0.010098
0.000508
-0.003733
-0.002220
0.005639
0.013581
0.026611
0.040089
0.051386
0.062151
0.066468
0.069028
0.066533
0.059482
0.044921
0.027657
0.007710
-0.011594
-0.026474
-0.036867
-0.038479
-0.029323
-0.015204
0.005899
0.025718
0.043623
0.058791
0.062357
0.056850
0.043663
0.023768
0.002729
-0.020310
-0.039338
-0.048537
-0.052922
-0.050749
-0.046034
-0.042537
-0.039801
-0.041744
-0.046907
-0.055005
-0.061888
-0.067769
-0.068772
-0.066665
-0.061906
-0.054940
-0.049960
-0.046218
-0.048181
-0.050089
-0.053656
-0.054215
-0.051134
-0.041104
-0.024205
-0.005496
0.016254
0.037821
0.052773
0.062227
0.061145
0.049036
0.031426
0.005754
-0.015732
-0.037086
-0.049884
-0.047953
-0.037983
-0.015797
0.011138
0.037699
0.058498
0.069953
0.068348
0.057953
0.037814
0.016769
-0.000295
-0.010245
-0.012363
-0.006234
0.002362
0.011354
0.015935
0.010429
-0.003008
-0.021726
-0.041782
-0.057227
-0.068115
-0.071159
-0.068991
-0.063649
-0.054930
-0.049175
-0.045259
-0.044135
-0.043646
-0.043520
-0.041456
-0.037555
-0.033640
-0.028995
-0.025456
-0.025358
-0.028975
-0.033433
-0.041080
-0.047535
-0.056046
-0.062395
-0.063165
-0.062541
-0.055722
-0.046514
-0.030639
-0.012410
0.007381
0.025734
0.042804
0.055348
0.061885
0.058014
0.049726
0.033882
0.014094
-0.006114
-0.025639
-0.039701
-0.052240
-0.060347
-0.064760
-0.068085
-0.066270
-0.063978
-0.057834
-0.050776
-0.045589
-0.037695
-0.035624
-0.034608
-0.039526
-0.045578
-0.053038
-0.057547
-0.057651
-0.051543
-0.037415
-0.017281
0.006208
0.029619
0.049236
0.062778
0.065705
0.058616
0.045520
0.024054
0.000809
-0.019393
-0.037023
-0.048111
-0.056525
-0.060011
-0.063101
-0.065550
-0.065612
-0.065450
-0.059843
-0.053915
-0.037562
-0.020597
-0.000260
0.019465
0.034829
0.046252
0.051263
0.049052
0.046538
0.040260
0.038380
0.037581
0.040054
0.045976
0.052315
0.057573
0.059810
0.061212
0.060049
0.061303
0.060784
0.062569
0.063588
0.064779
0.064048
0.059988
0.055817
0.049454
0.047569
0.045612
0.047797
0.051601
0.056469
0.056036
0.049634
0.037590
0.016595
-0.006686
-0.028686
-0.045968
-0.055183
-0.058336
-0.052268
-0.043902
-0.034467
-0.025461
-0.021581
-0.022475
-0.026209
-0.035277
-0.043757
-0.049520
-0.055860
-0.058174
-0.058192
-0.057193
-0.053940
-0.052452
-0.047647
-0.044131
-0.038844
-0.031332
-0.023608
-0.015163
-0.005891
0.002401
0.008464
0.015414
0.023054
0.031426
0.039640
0.048968
0.053278
0.054028
0.046483
0.032973
0.013898
-0.008379
-0.028432
-0.044481
-0.052418
-0.051951
-0.046056
-0.033698
-0.019797
-0.009113
-0.004335
-0.005066
-0.017062
-0.028918
-0.040526
-0.048067
-0.048913
-0.042090
-0.026738
-0.009108
0.007795
0.023255
0.028065
0.023255
0.010353
-0.010391
-0.033359
-0.052603
-0.067387
-0.070662
-0.064824
-0.045970
-0.020143
0.007542
0.033881
0.051845
0.061340
0.059309
0.044206
0.021998
-0.002907
-0.025573
-0.043701
-0.052061
-0.056789
-0.051781
-0.047859
-0.044003
-0.044939
-0.050300
-0.057770
-0.064658
-0.065741
-0.060956
-0.043345
-0.018914
0.008237
0.039268
0.060485
0.074119
0.073083
0.059222
0.038955
0.012593
-0.010395
-0.025580
-0.033928
-0.030884
-0.022270
-0.011718
0.001676
0.004642
0.003702
-0.005147
-0.019188
-0.035747
-0.048670
-0.064027
-0.073829
-0.080860
-0.082899
-0.078906
-0.073576
-0.061623
-0.050422
-0.034850
-0.019741
-0.008005
0.000714
0.005013
0.003357
-0.000695
-0.009889
-0.023647
-0.030812
-0.042769
-0.048292
-0.052118
-0.054253
-0.052531
-0.052567
-0.051846
-0.054446
-0.055998
-0.059484
-0.060535
-0.057194
-0.050039
-0.034644
-0.018072
0.004892
0.028718
0.047359
0.061876
0.066514
0.060939
0.048535
0.030807
0.014126
0.000123
-0.006030
-0.002882
0.005807
0.017211
0.029320
0.036346
0.035299
0.027895
0.010960
-0.011396
-0.034142
-0.054637
-0.067762
-0.076306
-0.075183
-0.066848
-0.056106
-0.041709
-0.029772
-0.018018
-0.010330
-0.009051
-0.011673
-0.018007
-0.021408
-0.029461
-0.034122
-0.036560
-0.037033
-0.035580
-0.033777
-0.035365
-0.037223
-0.040127
-0.045260
-0.049546
-0.052546
-0.049593
-0.045803
-0.036582
-0.028448
-0.014243
-0.001142
0.007844
0.018712
0.026023
0.033490
0.042203
0.045598
0.051424
0.055166
0.058864
0.060578
0.059775
0.058579
0.052043
0.047118
0.039477
0.032202
0.024909
0.018291
0.011240
0.003544
-0.005987
-0.015970
-0.023562
-0.033035
-0.042838
-0.046203
-0.044445
-0.032190
-0.014235
0.009065
0.032458
0.052478
0.062235
0.064667
0.053509
0.033493
0.007535
-0.021263
-0.042066
-0.055214
-0.061625
-0.059233
-0.055043
-0.049093
-0.048036
-0.050645
-0.057063
-0.064272
-0.068677
-0.068745
-0.060069
-0.046550
-0.026660
-0.005789
0.010914
0.023240
0.031005
0.030362
0.031915
0.029545
0.029221
0.033484
0.039525
0.046218
0.050498
0.051650
0.049745
0.050053
0.047320
0.048203
0.049872
0.054243
0.056227
0.056155
0.049707
0.036424
0.020011
-0.004130
-0.025731
-0.044504
-0.059189
-0.063167
-0.059781
-0.047964
-0.027394
-0.005958
0.017384
0.038511
0.054719
0.062906
0.060042
0.047955
0.029321
0.006488
-0.015553
-0.036272
-0.049271
-0.056192
-0.056083
-0.048732
-0.040929
-0.033450
-0.027251
-0.026404
-0.028183
-0.031274
-0.034671
-0.028823
-0.017254
0.001869
0.023987
0.046898
0.063054
0.069496
0.066105
0.048545
0.024415
-0.007058
-0.038349
-0.059302
-0.072398
-0.071396
-0.057861
-0.036497
-0.010176
0.013430
0.029976
0.038720
0.037228
0.026351
0.013650
-0.000061
-0.007799
-0.006572
0.002543
0.017237
0.035482
0.050249
0.063093
0.065638
0.058694
0.045321
0.023075
0.001017
-0.021461
-0.038093
-0.048953
-0.055917
-0.058630
-0.061060
-0.060142
-0.058658
-0.058496
-0.056295
-0.055091
-0.049982
-0.046114
-0.041640
-0.034533
-0.027758
-0.020455
-0.011639
-0.003026
0.008240
0.021737
0.035479
0.043802
0.052877
0.056195
0.055035
0.050141
0.041348
0.033438
0.026714
0.025050
0.023671
0.029181
0.036808
0.044307
0.047913
0.046552
0.039248
0.026129
0.009083
-0.006795
-0.025519
-0.040165
-0.053061
-0.061906
-0.065466
-0.066611
-0.063135
-0.060164
-0.054783
-0.051660
-0.049062
-0.048738
-0.049766
-0.051878
-0.055250
-0.056484
-0.057893
-0.056462
-0.056185
-0.053423
-0.052018
-0.049836
-0.048463
-0.048437
-0.046456
-0.045752
-0.043102
-0.040116
-0.035380
-0.034868
-0.032428
-0.031384
-0.031457
-0.028872
-0.028768
-0.023646
-0.017289
-0.009152
-0.005549
-0.002153
-0.008170
-0.013931
-0.024309
-0.039271
-0.052436
-0.062619
-0.065414
-0.065568
-0.059711
-0.052749
-0.047527
-0.044016
-0.045306
-0.048145
-0.054687
-0.057173
-0.058319
-0.053315
-0.042823
-0.026792
-0.007455
0.011752
0.027512
0.038062
0.044622
0.044224
0.039990
0.026695
0.017134
0.001538
-0.007751
-0.018652
-0.026053
-0.025557
-0.020445
-0.010868
0.002172
0.016956
0.032109
0.046148
0.056491
0.065512
0.068126
0.070817
0.064858
0.056061
0.045234
0.027480
0.014458
0.003075
-0.002937
-0.000282
0.008829
0.023797
0.039826
0.051625
0.060409
0.057847
0.046148
0.027999
0.005516
-0.015356
-0.032759
-0.043952
-0.049737
-0.048553
-0.048805
-0.047730
-0.049701
-0.053039
-0.058632
-0.062104
-0.064702
-0.063063
-0.059513
-0.054821
-0.051167
-0.050606
-0.051176
-0.054211
-0.055471
-0.055074
-0.047819
-0.034058
-0.014760
0.006759
0.029692
0.049917
0.063221
0.063740
0.057255
0.041798
0.015584
-0.007828
-0.031396
-0.048680
-0.054801
-0.052491
-0.037635
-0.014996
0.011494
0.036985
0.054717
0.063844
0.061602
0.047990
0.030487
0.008863
-0.007020
-0.015799
-0.013121
-0.005377
0.010183
0.029901
0.045059
0.058075
0.059197
0.053723
0.040636
0.022055
0.004722
-0.013780
-0.023602
-0.021722
-0.011911
0.005225
0.026085
0.044097
0.060836
0.067588
0.065556
0.052629
0.030999
0.007735
-0.020858
-0.043565
-0.053595
-0.054346
-0.040976
-0.019029
0.008407
0.035332
0.055583
0.065299
0.064918
0.051610
0.033000
0.013136
-0.004266
-0.015337
-0.015192
-0.009381
0.006918
0.023734
0.040674
0.054283
0.057475
0.055213
0.044596
0.027128
0.008677
-0.012771
-0.031090
-0.046663
-0.057353
-0.060491
-0.058094
-0.048771
-0.030900
-0.010403
0.011863
0.032590
0.050225
0.061859
0.064131
0.058925
0.047956
0.031526
0.014677
0.001057
-0.006837
-0.007657
-0.002086
0.007790
0.020725
0.031891
0.047463
0.059653
0.067171
0.069975
0.067635
0.064154
0.056343
0.050392
0.045221
0.043640
0.045836
0.051137
0.056521
0.061199
0.062334
0.055704
0.041908
0.021189
-0.003304
-0.026404
-0.044477
-0.053333
-0.049168
-0.036061
-0.011173
0.014558
0.039592
0.060169
0.069713
0.067222
0.055224
0.036006
0.015118
-0.000798
-0.010044
-0.010072
-0.003449
0.004822
0.018237
0.027881
0.029034
0.022382
0.007563
-0.012798
-0.034075
-0.053671
-0.066869
-0.076535
-0.080268
-0.077325
-0.072582
-0.062199
-0.054139
-0.041145
-0.026620
-0.011689
0.006167
0.020824
0.034550
0.044177
0.047683
0.048874
0.041666
0.033528
0.023442
0.012269
0.006104
-0.000619
-0.005770
-0.012784
-0.019488
-0.028850
-0.039665
-0.047706
-0.059355
-0.065749
-0.069367
-0.068444
-0.063143
-0.056772
-0.047728
-0.042430
-0.038945
-0.040690
-0.045402
-0.051660
-0.057405
-0.059194
-0.056168
-0.044574
-0.025656
-0.003262
0.020126
0.042414
0.057401
0.063672
0.059230
0.046370
0.026766
0.002673
-0.018084
-0.035449
-0.044238
-0.047652
-0.043482
-0.037385
-0.030184
-0.022675
-0.019551
-0.015988
-0.017058
-0.017012
-0.016651
-0.011397
-0.008627
-0.000225
0.002508
0.006563
0.005316
-0.000509
-0.008147
-0.022403
-0.035910
-0.053794
-0.060584
-0.065345
-0.062057
-0.048980
-0.029761
-0.006527
0.016645
0.034118
0.045326
0.048411
0.042547
0.032286
0.016841
0.007181
0.001568
0.001852
0.008307
0.019195
0.032286
0.045218
0.058183
0.068004
0.077545
0.081075
0.080482
0.073030
0.061211
0.044495
0.023945
0.004325
-0.012269
-0.022557
-0.025389
-0.020323
-0.010395
0.001437
0.006848
0.007713
-0.002552
-0.021277
-0.041164
-0.057777
-0.069918
-0.066903
-0.054302
-0.028858
0.002590
0.031415
0.052684
0.062552
0.058386
0.046626
0.025992
0.009037
0.000589
-0.000018
0.005318
0.017015
0.030548
0.037965
0.036218
0.020467
-0.004690
-0.032711
-0.057987
-0.073772
-0.077647
-0.069610
-0.048725
-0.024285
0.000609
0.019527
0.027760
0.028344
0.019892
0.006172
-0.002844
-0.006447
-0.003235
0.008522
0.025657
0.041195
0.057610
0.069449
0.074634
0.074540
0.068828
0.062878
0.053205
0.046659
0.041301
0.036451
0.031054
0.025882
0.020137
0.012138
0.003597
-0.009191
-0.018691
-0.010968
0.001058
0.004860
-0.000582
-0.002534
-0.000084
0.001079
0.000036
-0.000366
-0.000105
0.000033
0.000080
-0.000070
-0.000002
-0.000003
-0.000014
0.000059
0.000041
0.000010
-0.000019
-0.000046
-0.000029
0.000090
-0.000033
-0.000107
0.000011
0.000052
0.000025
-0.000086
-0.000011
0.000063
0.000113
-0.000029
0.000020
-0.000057
0.000028
0.000010
-0.000030
-0.000037
0.000052
0.000067
-0.000010
-0.000072
-0.000004
0.000023
-0.000011
-0.000034
0.000015
0.000113
0.000067
0.000029
-0.000032
0.000049
0.000027
-0.000016
-0.000031
-0.000038
0.000067
-0.000025
-0.000027
0.000011
0.000021
0.000024
-0.000028
-0.000062
-0.000041
0.000071
-0.000026
-0.000003
-0.000041
0.000005
0.000059
0.000010
-0.000036
-0.000051
-0.000017
0.000015
-0.000038
-0.000007
0.000019
0.000088
-0.000019
-0.000062
-0.000007
0.000041
0.000017
-0.000027
0.000018
0.000076
0.000053
0.000043
-0.000015
-0.000030
0.000029
0.000090
0.000013
-0.000002
0.000093
0.000097
-0.000008
-0.000017
-0.000055
0.000065
-0.000006
-0.000020
-0.000044
-0.000002
0.000044
-0.000036
-0.000038
-0.000002
0.000069
-0.000020
-0.000035
-0.000045
0.000079
0.000036
-0.000038
-0.000038
-0.000012
0.000012
-0.000022
-0.000003
-0.000032
0.000044
-0.000001
-0.000053
-0.000048
0.000053
0.000104
0.000020
-0.000080
-0.000051
0.000025
0.000033
-0.000030
-0.000020
-0.000037
-0.000051
-0.000044
-0.000112
-0.000000
0.000027
0.000021
-0.000001
-0.000087
0.000032
0.000037
-0.000018
0.000028
-0.000060
0.000054
0.000064
-0.000024
-0.000063
0.000049
-0.000020
-0.000064
-0.000039
-0.000007
0.000087
0.000038
-0.000010
0.000056
0.000041
-0.000001
0.000006
-0.000080
-0.000053
0.000038
0.000083
-0.000013
0.000008
0.000088
0.000077
-0.000000
-0.000017
-0.000034
0.000030
0.000041
-0.000008
0.000018
0.000013
0.000033
-0.000022
-0.000040
0.000015
0.000036
-0.000024
-0.000074
-0.000026
-0.000020
0.000094
-0.000021
-0.000044
-0.000062
0.000061
0.000012
-0.000025
-0.000047
-0.000021
0.000008
-0.000035
-0.000063
0.000015
0.000083
0.000022
-0.000023
-0.000099
0.000004
0.000046
-0.000053
-0.000026
0.000014
0.000026
0.000024
-0.000038
-0.000035
0.000019
-0.000002
-0.000016
-0.000063
0.000016
-0.000018
0.000009
-0.000059
-0.000007
0.000011
0.000096
0.000008
-0.000035
-0.000050
0.000011
0.000017
-0.000069
-0.000038
-0.000006
0.000012
0.000009
0.000034
-0.000008
-0.000001
0.000001
0.000047
0.000025
-0.000019
-0.000036
0.000030
0.000023
0.000009
-0.000011
-0.000026
0.000001
0.000012
-0.000054
-0.000025
-0.000047
-0.000017
0.000022
-0.000056
0.000000
-0.000003
0.000021
-0.000011
-0.000004
0.000004
0.000031
0.000027
-0.000000
-0.000004
-0.000058
0.000016
-0.000015
-0.000015
0.000035
-0.000016
-0.000023
0.000032
-0.000027
0.000018
0.000009
-0.000042
-0.000038
0.000024
0.000011
-0.000022
-0.000030
0.000035
-0.000007
-0.000022
0.000038
-0.000042
0.000020
-0.000002
-0.000049
0.000008
-0.000005
-0.000044
-0.000023
-0.000053
-0.000011
0.000033
-0.000028
0.000024
0.000014
-0.000024
-0.000047
-0.000059
0.000033
0.000009
-0.000020
-0.000002
-0.000031
0.000007
-0.000039
-0.000002
-0.000015
0.000001
0.000016
0.000024
0.000048
-0.000025
-0.000022
-0.000011
-0.000007
0.000026
-0.000054
-0.000074
0.000030
0.000007
-0.000033
0.000075
0.000024
-0.000003
0.000035
0.000029
-0.000004
0.000013
0.000041
0.000000
-0.000031
0.000035
-0.000006
-0.000016
0.000073
0.000006
0.000045
-0.000022
-0.000014
0.000010
-0.000019
0.000019
0.000028
-0.000009
-0.000011
0.000065
0.000055
-0.000008
0.000006
0.000013
0.000003
-0.000031
-0.000033
-0.000031
0.000021
-0.000002
0.000035
-0.000007
0.000016
-0.000016
-0.000037
-0.000005
-0.000022
-0.000033
-0.000049
0.000025
-0.000026
-0.000002
0.000019
-0.000023
0.000017
0.000003
-0.000002
-0.000063
-0.000016
-0.000025
0.000008
-0.000009
-0.000017
0.000008
-0.000004
0.000006
0.000003
0.000009
-0.000059
0.000014
0.000028
0.000012
-0.000000
0.000003
-0.000026
-0.000006
-0.000029
0.000003
0.000045
-0.000016
-0.000000
-0.000017
0.000026
0.000000
-0.000013
-0.000014
-0.000037
-0.000024
0.000039
-0.000050
0.000020
-0.000026
0.000037
-0.000008
-0.000012
0.000019
-0.000003
-0.000031
-0.000026
-0.000031
0.000003
0.000022
0.000022
0.000025
0.000013
-0.000034
0.000015
-0.000032
-0.000024
0.000031
-0.000020
0.000036
0.000017
-0.000021
0.000001
-0.000042
-0.000015
0.000013
-0.000009
0.000006
-0.000007
0.000005
0.000004
0.000015
-0.000031
0.000027
-0.000031
0.000098
-0.000031
-0.000035
0.000017
-0.000002
0.000015
0.000010
0.000008
-0.000016
0.000017
-0.000011
0.000012
-0.000026
0.000027
0.000016
0.000037
0.000009
-0.000020
0.000022
-0.000030
0.000028
0.000024
0.000016
0.000020
-0.000023
0.000026
-0.000040
-0.000036
0.000005
-0.000058
0.000010
0.000058
0.000026
-0.000002
-0.000045
0.000032
0.000022
-0.000032
-0.000097
-0.000007
-0.000045
-0.000006
-0.000043
-0.000058
-0.000022
-0.000045
-0.000049
0.000020
0.000023
-0.000012
0.000037
0.000027
-0.000001
0.000016
-0.000010
0.000006
0.000015
0.000013
0.000024
-0.000032
-0.000044
-0.000036
-0.000012
0.000040
0.000025
0.000001
-0.000014
-0.000015
0.000027
-0.000019
0.000027
0.000018
-0.000015
0.000011
-0.000042
-0.000010
-0.000002
-0.000074
0.000034
-0.000003
-0.000028
0.000025
-0.000064
0.000016
0.000037
0.000025
-0.000014
0.000005
-0.000013
0.000040
-0.000013
0.000042
0.000037
0.000039
-0.000011
0.000053
-0.000018
0.000016
-0.000048
-0.000020
-0.000000
0.000026
-0.000045
0.000053
0.000010
-0.000029
0.000026
0.000029
0.000062
0.000017
0.000014
0.000005
0.000044
0.000071
0.000002
0.000042
-0.000004
-0.000025
0.000016
0.000007
-0.000017
-0.000018
0.000025
-0.000021
-0.000050
-0.000001
-0.000014
0.000020
-0.000013
0.000017
0.000037
-0.000007
-0.000012
-0.000011
-0.000017
0.000007
0.000009
-0.000018
-0.000064
0.000017
0.000015
-0.000021
-0.000021
-0.000018
-0.000003
0.000013
-0.000046
-0.000044
-0.000049
0.000041
0.000002
0.000042
0.000051
-0.000086
-0.000056
0.000023
0.000020
0.000026
-0.000011
-0.000048
-0.000003
-0.000009
-0.000009
-0.000033
0.000010
0.000014
0.000029
0.000004
-0.000035
-0.000022
-0.000019
0.000017
0.000057
-0.000054
0.000024
0.000000
-0.000021
0.000068
-0.000002
-0.000001
-0.000015
-0.000012
-0.000016
-0.000021
0.000001
-0.000005
-0.000082
-0.000035
0.000008
0.000028
-0.000011
-0.000017
0.000035
0.000007
0.000028
0.000000
0.000024
-0.000038
-0.000041
-0.000007
0.000008
0.000027
-0.000008
0.000008
0.000022
0.000014
-0.000008
0.000077
0.000053
-0.000039
-0.000054
0.000046
0.000016
0.000001
-0.000014
-0.000013
0.000043
-0.000022
0.000015
0.000046
-0.000012
0.000067
-0.000025
0.000008
0.000015
-0.000003
-0.000039
0.000013
0.000063
-0.000000
-0.000031
-0.000022
0.000048
0.000045
0.000012
0.000010
-0.000072
0.000021
0.000023
-0.000035
0.000060
0.000025
0.000034
0.000006
-0.000033
0.000027
0.000024
-0.000037
-0.000057
-0.000018
-0.000058
-0.000030
-0.000022
0.000043
-0.000014
-0.000044
0.000039
0.000026
-0.000027
0.000023
-0.000012
0.000008
0.000040
0.000033
0.000047
-0.000020
0.000001
0.000025
0.000029
-0.000036
-0.000007
-0.000012
0.000013
0.000006
0.000039
0.000024
-0.000000
-0.000017
-0.000005
-0.000021
-0.000042
-0.000013
0.000010
0.000006
-0.000019
0.000001
0.000032
0.000010
-0.000002
-0.000030
-0.000036
0.000005
0.000017
-0.000015
0.000020
-0.000009
0.000031
0.000029
0.000023
0.000012
-0.000013
0.000056
0.000004
-0.000063
-0.000027
-0.000021
0.000008
0.000032
0.000031
0.000042
0.000014
-0.000017
0.000030
0.000012
-0.000003
0.000022
0.000007
-0.000007
0.000015
-0.000028
-0.000030
-0.000034
-0.000019
-0.000005
0.000001
-0.000024
-0.000069
0.000050
0.000073
-0.000052
0.000035
0.000021
0.000064
0.000004
-0.000025
0.000003
-0.000022
0.000035
0.000030
0.000010
0.000003
-0.000030
0.000023
0.000014
0.000030
-0.000049
-0.000021
0.000019
-0.000058
0.000018
0.000025
-0.000003
-0.000004
-0.000009
0.000016
-0.000004
-0.000020
-0.000031
0.000032
0.000027
-0.000059
0.000045
-0.000014
-0.000098
0.000023
-0.000017
0.000043
0.000079
-0.000021
-0.000004
-0.000022
-0.000086
-0.000033
0.000021
-0.000048
0.000046
0.000018
0.000027
-0.000013
-0.000002
-0.000026
-0.000036
0.000024
0.000055
-0.000014
0.000017
0.000000
-0.000014
0.000002
0.000020
0.000026
-0.000033
0.000017
-0.000036
0.000006
-0.000000
0.000003
0.000028
-0.000003
0.000026
-0.000009
-0.000006
-0.000001
0.000005
0.000030
0.000008
-0.000026
-0.000051
0.000026
-0.000017
-0.000045
0.000042
-0.000010
-0.000007
-0.000013
-0.000050
0.000016
-0.000030
-0.000027
-0.000007
0.000005
-0.000050
-0.000013
0.000033
-0.000035
-0.000012
-0.000022
-0.000043
0.000014
-0.000048
0.000040
-0.000011
-0.000045
-0.000001
0.000032
0.000042
-0.000014
-0.000035
0.000032
-0.000041
-0.000047
-0.000038
0.000014
-0.000003
0.000002
0.000003
-0.000037
-0.000001
-0.000039
-0.000029
0.000004
0.000066
-0.000024
0.000004
-0.000008
-0.000006
-0.000004
0.000024
-0.000014
-0.000017
0.000035
0.000001
-0.000028
-0.000013
0.000052
-0.000011
-0.000026
-0.000006
-0.000005
0.000003
-0.000036
-0.000029
0.000005
-0.000024
-0.000047
-0.000006
-0.000014
0.000037
-0.000031
0.000007
-0.000040
-0.000024
0.000033
-0.000043
0.000025
-0.000000
-0.000031
0.000017
0.000005
-0.000004
-0.000026
0.000020
0.000038
0.000006
0.000002
0.000034
-0.000002
-0.000039
-0.000018
-0.000031
-0.000029
0.000035
-0.000045
0.000013
-0.000027
0.000008
0.000016
-0.000023
0.000017
-0.000045
-0.000027
-0.000042
0.000055
0.000026
0.000038
0.000016
-0.000036
-0.000001
0.000024
-0.000005
-0.000015
0.000067
0.000052
-0.000021
-0.000048
-0.000016
-0.000007
0.000004
-0.000004
0.000026
0.000019
-0.000006
0.000008
-0.000026
0.000064
0.000006
0.000044
0.000039
0.000014
-0.000009
-0.000028
0.000025
0.000032
0.000020
0.000005
-0.000001
-0.000001
-0.000025
-0.000015
-0.000024
0.000001
-0.000053
-0.000022
0.000016
-0.000011
0.000007
-0.000008
0.000036
-0.000040
0.000014
0.000046
0.000019
-0.000019
-0.000005
0.000076
-0.000001
-0.000035
0.000009
0.000035
0.000021
-0.000026
0.000002
-0.000026
-0.000043
-0.000022
-0.000050
0.000006
-0.000052
-0.000050
-0.000009
-0.000007
-0.000017
0.000029
-0.000013
0.000022
0.000039
0.000037
0.000013
0.000036
-0.000070
-0.000018
0.000034
-0.000039
0.000015
0.000002
-0.000063
-0.000006
-0.000008
0.000015
0.000011
0.000009
0.000037
-0.000008
0.000020
0.000024
-0.000017
0.000026
0.000020
-0.000008
0.000011
0.000001
0.000004
0.000017
-0.000021
0.000040
-0.000022
-0.000033
0.000014
0.000008
-0.000008
0.000031
-0.000017
-0.000044
-0.000002
-0.000029
-0.000005
-0.000023
0.000035
0.000018
0.000020
-0.000053
-0.000001
-0.000044
-0.000014
0.000040
0.000033
-0.000013
-0.000027
0.000028
0.000083
0.000007
-0.000004
-0.000000
-0.000099
0.000018
-0.000020
-0.000009
0.000006
-0.000054
-0.000029
-0.000020
0.000058
-0.000014
-0.000031
-0.000051
0.000025
0.000024
0.000010
0.000010
0.000068
0.000022
0.000025
0.000035
-0.000001
0.000015
-0.000033
-0.000034
-0.000000
0.000005
0.000050
-0.000007
0.000034
-0.000015
0.000027
0.000009
-0.000015
-0.000043
-0.000024
0.000028
-0.000096
-0.000016
0.000062
-0.000027
-0.000012
0.000032
0.000027
0.000038
-0.000012
0.000045
0.000044
-0.000016
0.000041
0.000003
-0.000014
-0.000012
0.000015
0.000007
-0.000013
0.000021
0.000004
0.000002
0.000000
0.000005
-0.000005
-0.000045
-0.000020
-0.000027
-0.000019
0.000044
-0.000005
-0.000033
-0.000066
0.000017
0.000003
-0.000035
0.000022
0.000010
-0.000032
-0.000001
0.000014
-0.000026
-0.000004
0.000033
0.000005
-0.000034
-0.000006
-0.000009
-0.000023
0.000026
0.000017
0.000025
0.000050
-0.000056
-0.000008
-0.000009
-0.000027
0.000005
0.000038
-0.000038
0.000022
0.000028
-0.000020
-0.000022
-0.000016
0.000001
0.000010
-0.000029
-0.000032
0.000007
0.000041
-0.000047
0.000028
-0.000020
0.000044
-0.000020
-0.000010
-0.000030
-0.000002
0.000035
0.000021
0.000018
0.000025
0.000040
-0.000004
0.000018
0.000025
0.000004
-0.000004
-0.000005
-0.000033
0.000033
0.000005
0.000031
0.000016
-0.000013
-0.000019
0.000013
-0.000002
0.000017
0.000018
0.000025
0.000010
-0.000034
-0.000040
0.000006
0.000005
-0.000007
-0.000019
-0.000011
0.000006
-0.000003
0.000029
0.000024
-0.000006
0.000044
-0.000046
-0.000036
0.000008
0.000010
0.000006
0.000006
0.000024
0.000069
-0.000011
0.000055
0.000011
-0.000030
0.000064
-0.000010
-0.000016
0.000014
0.000044
-0.000022
0.000048
0.000011
-0.000000
-0.000053
-0.000014
0.000004
0.000013
-0.000032
-0.000010
-0.000004
0.000050
-0.000013
-0.000074
0.000003
-0.000001
-0.000022
0.000015
0.000005
-0.000076
-0.000000
-0.000000
-0.000023
-0.000091
0.000014
0.000030
-0.000001
0.000023
0.000008
-0.000018
0.000001
0.000037
0.000035
0.000010
0.000034
-0.000004
0.000034
0.000045
-0.000016
-0.000017
0.000029
-0.000025
0.000032
0.000024
-0.000006
-0.000007
-0.000064
0.000003
0.000011
-0.000055
-0.000005
-0.000029
-0.000046
0.000049
0.000032
0.000056
-0.000029
0.000007
0.000028
-0.000033
0.000018
0.000025
0.000001
-0.000011
0.000069
-0.000007
0.000034
-0.000039
-0.000022
0.000006
0.000023
-0.000007
0.000017
-0.000063
-0.000025
0.000018
0.000032
-0.000016
0.000036
-0.000018
-0.000021
0.000045
-0.000024
-0.000016
0.000003
-0.000041
0.000033
-0.000034
0.000013
-0.000017
0.000063
0.000053
-0.000019
-0.000003
-0.000038
-0.000010
0.000010
0.000005
0.000021
-0.000008
0.000003
-0.000034
-0.000009
-0.000026
-0.000088
-0.000014
-0.000034
0.000069
0.000042
-0.000008
0.000015
-0.000048
0.000002
-0.000052
0.000010
-0.000007
-0.000009
-0.000035
-0.000033
0.000031
-0.000031
-0.000027
-0.000036
0.000006
-0.000027
0.000003
0.000076
0.000000
0.000028
0.000011
0.000018
0.000015
-0.000050
-0.000025
-0.000017
-0.000020
0.000019
-0.000045
-0.000046
-0.000010
-0.000039
0.000016
-0.000025
-0.000005
0.000026
0.000028
0.000017
-0.000013
-0.000023
-0.000017
-0.000014
-0.000034
-0.000011
-0.000055
0.000015
0.000046
0.000017
0.000001
0.000006
0.000015
-0.000016
-0.000037
0.000003
0.000012
0.000017
0.000047
-0.000026
0.000030
0.000031
-0.000016
0.000016
-0.000012
-0.000008
0.000009
0.000001
-0.000031
0.000016
-0.000023
0.000043
0.000038
-0.000027
0.000020
0.000075
0.000007
-0.000009
0.000072
0.000014
-0.000030
-0.000000
-0.000019
0.000056
-0.000035
-0.000028
-0.000001
-0.000033
0.000006
-0.000006
-0.000032
0.000009
-0.000037
0.000019
-0.000025
0.000012
0.000001
-0.000007
0.000021
-0.000042
-0.000000
0.000011
0.000018
-0.000024
-0.000021
-0.000012
0.000021
-0.000009
-0.000032
0.000007
0.000031
-0.000003
-0.000018
-0.000014
-0.000002
-0.000016
0.000001
-0.000038
-0.000036
-0.000008
-0.000018
0.000059
0.000012
0.000057
0.000018
0.000012
0.000008
0.000036
0.000034
0.000032
0.000032
-0.000000
-0.000085
0.000001
0.000044
0.000029
0.000048
0.000040
0.000028
-0.000025
-0.000040
0.000046
-0.000023
-0.000001
0.000021
-0.000055
0.000031
0.000033
-0.000010
0.000010
0.000019
0.000016
0.000009
-0.000040
-0.000034
-0.000006
-0.000075
0.000001
-0.000019
-0.000049
0.000042
-0.000036
-0.000026
0.000010
-0.000015
0.000015
-0.000001
0.000002
-0.000009
0.000062
-0.000003
0.000019
-0.000069
-0.000028
0.000016
-0.000055
-0.000008
-0.000014
-0.000019
0.000019
-0.000019
-0.000015
0.000032
-0.000027
0.000003
-0.000004
0.000038
-0.000038
0.000018
-0.000031
-0.000033
0.000063
0.000046
0.000016
0.000000
0.000024
0.000036
-0.000010
0.000025
0.000029
0.000035
-0.000002
0.000003
-0.000046
-0.000086
0.000017
0.000010
0.000002
0.000027
0.000008
0.000005
0.000031
0.000016
-0.000023
0.000001
-0.000008
-0.000001
-0.000038
0.000080
-0.000020
-0.000007
0.000042
-0.000059
0.000006
0.000012
0.000046
-0.000000
-0.000003
-0.000059
0.000028
0.000012
-0.000029
0.000004
0.000026
-0.000025
-0.000028
-0.000015
-0.000037
-0.000028
-0.000002
0.000018
-0.000013
0.000059
-0.000012
0.000013
0.000050
-0.000017
0.000013
-0.000049
-0.000047
0.000024
0.000005
-0.000015
0.000018
0.000016
-0.000018
0.000020
0.000016
0.000028
-0.000052
-0.000056
-0.000038
-0.000076
-0.000028
0.000012
-0.000060
-0.000029
-0.000020
-0.000017
0.000000
-0.000009
-0.000003
-0.000016
-0.000003
0.000003
-0.000036
0.000025
-0.000006
0.000011
-0.000001
0.000003
0.000004
-0.000041
0.000050
-0.000010
-0.000019
0.000002
0.000022
0.000004
0.000012
0.000062
0.000007
0.000007
-0.000036
0.000003
0.000022
0.000028
-0.000051
-0.000001
0.000025
0.000011
0.000030
0.000000
-0.000004
-0.000008
0.000025
0.000038
0.000067
0.000004
-0.000011
0.000051
0.000026
-0.000057
0.000001
0.000043
0.000017
-0.000011
0.000022
0.000015
-0.000011
-0.000031
0.000025
-0.000054
0.000019
0.000056
0.000009
-0.000016
0.000013
0.000025
-0.000043
0.000006
0.000001
-0.000006
-0.000037
-0.000009
0.000004
-0.000074
-0.000076
-0.000011
-0.000047
0.000023
-0.000008
0.000003
-0.000002
0.000034
-0.000006
0.000025
-0.000005
-0.000031
0.000022
0.000009
-0.000020
-0.000019
-0.000048
-0.000017
0.000019
-0.000068
0.000003
-0.000019
0.000015
-0.000036
-0.000017
-0.000035
0.000001
0.000020
-0.000037
-0.000031
0.000049
-0.000003
-0.000007
-0.000003
-0.000025
-0.000044
-0.000005
-0.000022
-0.000015
0.000028
-0.000004
0.000016
0.000039
0.000043
-0.000006
-0.000036
0.000002
0.000046
0.000002
0.000011
0.000028
0.000019
-0.000054
0.000037
0.000030
-0.000060
0.000037
0.000013
-0.000008
0.000020
-0.000004
0.000008
0.000002
0.000038
0.000067
0.000034
0.000006
-0.000043
-0.000011
0.000009
-0.000043
0.000014
0.000013
-0.000003
0.000008
-0.000049
0.000020
0.000041
0.000059
0.000023
-0.000034
-0.000030
-0.000020
-0.000047
0.000028
-0.000008
0.000011
-0.000031
0.000034
0.000048
-0.000034
-0.000007
-0.000027
0.000030
-0.000019
0.000019
0.000028
-0.000024
-0.000022
-0.000050
-0.000014
-0.000005
0.000030
0.000023
0.000007
-0.000052
-0.000014
-0.000012
-0.000048
0.000032
-0.000013
0.000008
-0.000028
0.000013
0.000006
0.000041
-0.000051
0.000013
-0.000003
-0.000011
-0.000021
-0.000053
0.000028
-0.000024
0.000031
-0.000064
-0.000000
-0.000036
-0.000014
-0.000017
0.000016
-0.000044
0.000019
-0.000077
-0.000013
0.000024
-0.000008
0.000016
-0.000007
-0.000009
-0.000021
0.000015
0.000030
0.000009
0.000065
0.000024
0.000002
-0.000014
0.000037
0.000003
-0.000015
-0.000047
0.000020
-0.000014
0.000026
-0.000013
-0.000003
-0.000026
-0.000018
0.000022
-0.000005
-0.000026
0.000011
0.000012
-0.000005
0.000023
-0.000042
-0.000021
-0.000028
-0.000006
-0.000043
-0.000045
-0.000008
-0.000031
0.000056
0.000029
0.000057
0.000009
-0.000004
0.000006
-0.000023
0.000058
-0.000003
0.000011
-0.000019
-0.000010
-0.000003
-0.000052
0.000025
-0.000039
-0.000029
0.000033
-0.000013
-0.000025
-0.000006
0.000007
-0.000041
-0.000038
0.000011
0.000006
-0.000016
0.000013
-0.000018
0.000070
-0.000025
-0.000027
-0.000030
0.000009
-0.000024
0.000014
0.000068
-0.000026
-0.000038
0.000006
-0.000037
0.000013
0.000027
0.000000
-0.000009
-0.000036
-0.000009
0.000019
-0.000002
0.000006
-0.000049
0.000015
-0.000020
-0.000016
0.000002
0.000024
0.000014
0.000000
-0.000013
0.000018
-0.000025
0.000017
-0.000063
0.000002
-0.000032
-0.000054
0.000069
0.000020
-0.000049
-0.000038
-0.000005
-0.000020
-0.000004
0.000013
-0.000055
0.000006
-0.000013
0.000027
0.000016
0.000019
0.000023
-0.000001
0.000066
0.000013
0.000011
0.000004
0.000014
-0.000033
-0.000008
0.000040
-0.000016
-0.000007
-0.000078
-0.000012
-0.000005
0.000006
-0.000027
0.000011
-0.000011
-0.000007
0.000022
0.000017
-0.000002
-0.000017
-0.000022
-0.000015
0.000032
-0.000020
-0.000048
-0.000021
-0.000001
0.000007
-0.000027
0.000017
-0.000046
0.000013
0.000030
-0.000013
0.000008
0.000016
0.000052
0.000030
-0.000006
0.000048
0.000020
0.000028
0.000012
-0.000027
-0.000048
-0.000007
0.000022
0.000003
0.000039
0.000055
-0.000032
-0.000011
-0.000048
0.000018
-0.000007
-0.000003
-0.000008
0.000016
0.000034
0.000001
-0.000022
-0.000052
0.000021
-0.000011
0.000030
0.000001
0.000003
-0.000019
0.000073
0.000001
0.000005
-0.000005
0.000002
0.000023
-0.000001
-0.000052
-0.000046
0.000053
0.000003
-0.000000
0.000018
-0.000009
-0.000033
-0.000028
-0.000030
0.000022
0.000001
-0.000016
0.000000
0.000005
0.000009
-0.000007
-0.000035
-0.000026
-0.000011
-0.000037
-0.000015
0.000005
0.000040
-0.000021
-0.000032
-0.000011
-0.000022
0.000039
0.000039
-0.000007
-0.000013
-0.000024
0.000008
-0.000026
-0.000053
0.000050
0.000013
-0.000049
0.000010
0.000026
-0.000017
0.000093
-0.000035
0.000040
0.000016
0.000014
0.000025
0.000022
0.000022
-0.000045
0.000008
-0.000030
0.000006
0.000031
0.000043
-0.000021
0.000015
0.000050
-0.000013
0.000003
-0.000032
0.000018
-0.000014
-0.000005
0.000023
-0.000042
-0.000031
-0.000004
0.000007
-0.000018
-0.000021
-0.000044
-0.000010
0.000035
0.000029
-0.000035
0.000012
0.000019
-0.000022
0.000001
0.000005
-0.000028
0.000064
-0.000013
-0.000024
0.000027
-0.000026
0.000024
0.000014
-0.000008
-0.000019
0.000015
-0.000001
-0.000001
0.000012
-0.000010
0.000063
0.000061
-0.000008
-0.000040
-0.000043
-0.000016
0.000030
-0.000013
0.000001
0.000024
-0.000019
0.000005
-0.000038
-0.000025
-0.000023
0.000021
0.000017
-0.000004
0.000017
0.000055
0.000028
-0.000014
0.000013
-0.000023
0.000006
-0.000006
-0.000030
-0.000024
0.000032
0.000016
-0.000013
0.000011
-0.000025
-0.000031
-0.000011
0.000005
-0.000043
0.000016
-0.000026
0.000017
0.000023
-0.000031
-0.000021
-0.000058
-0.000023
-0.000035
0.000042
0.000022
0.000005
-0.000002
-0.000014
-0.000014
0.000040
0.000050
-0.000021
0.000022
0.000072
-0.000024
-0.000059
0.000003
-0.000010
-0.000034
0.000014
-0.000030
0.000024
0.000074
0.000037
-0.000032
0.000023
-0.000033
-0.000045
0.000001
-0.000015
0.000028
0.000006
0.000014
-0.000043
0.000009
-0.000032
0.000035
0.000032
0.000003
-0.000052
-0.000026
-0.000012
0.000053
-0.000062
-0.000003
0.000017
-0.000041
-0.000017
0.000042
-0.000002
-0.000010
-0.000013
0.000001
0.000004
0.000019
0.000039
-0.000029
-0.000005
0.000003
-0.000015
0.000009
-0.000008
0.000084
-0.000031
-0.000045
-0.000037
0.000009
0.000003
0.000012
-0.000002
0.000033
-0.000001
-0.000031
-0.000023
0.000005
0.000017
0.000010
0.000027
-0.000030
-0.000015
0.000030
0.000012
0.000024
-0.000041
0.000006
-0.000014
0.000013
0.000001
0.000008
0.000012
0.000023
0.000009
0.000007
-0.000047
0.000023
0.000020
-0.000014
-0.000014
-0.000022
0.000015
0.000017
-0.000016
-0.000019
0.000017
0.000015
0.000006
0.000004
0.000036
-0.000007
0.000026
0.000041
0.000015
-0.000011
-0.000012
-0.000049
0.000022
-0.000003
-0.000005
-0.000001
0.000020
0.000014
0.000002
-0.000009
0.000002
-0.000006
0.000022
0.000041
-0.000020
0.000010
-0.000020
0.000029
0.000070
0.000003
-0.000024
0.000007
-0.000020
0.000026
-0.000033
0.000001
0.000041
0.000036
-0.000041
0.000032
0.000039
0.000041
0.000006
-0.000018
0.000004
-0.000034
-0.000041
0.000011
-0.000009
-0.000004
-0.000005
-0.000022
-0.000006
-0.000003
-0.000045
-0.000034
0.000001
0.000043
0.000009
-0.000014
0.000013
0.000014
0.000019
-0.000029
0.000025
-0.000022
0.000015
0.000023
-0.000086
-0.000014
-0.000035
-0.000005
0.000031
-0.000004
0.000032
-0.000005
-0.000011
-0.000034
-0.000016
-0.000003
-0.000016
0.000042
-0.000009
0.000051
-0.000022
-0.000025
0.000015
0.000043
0.000006
-0.000015
-0.000009
0.000028
-0.000006
-0.000013
-0.000003
-0.000052
-0.000030
-0.000019
-0.000052
0.000032
-0.000020
-0.000049
-0.000002
0.000021
0.000029
0.000004
0.000021
0.000013
-0.000035
-0.000033
0.000053
0.000022
0.000038
-0.000011
0.000028
-0.000011
0.000022
-0.000000
-0.000043
0.000008
-0.000020
0.000002
-0.000016
-0.000060
0.000080
0.000015
0.000011
0.000024
0.000013
0.000014
0.000001
-0.000019
-0.000061
0.000022
0.000020
-0.000007
-0.000028
0.000009
0.000032
0.000016
-0.000018
-0.000026
0.000049
-0.000007
-0.000034
-0.000027
0.000041
0.000015
0.000011
-0.000003
-0.000032
-0.000026
-0.000016
-0.000001
0.000006
0.000021
0.000021
-0.000015
0.000035
0.000012
-0.000014
0.000009
-0.000010
0.000032
-0.000059
0.000038
0.000039
-0.000016
0.000016
0.000024
-0.000006
0.000040
-0.000013
-0.000045
0.000024
0.000008
0.000019
0.000007
-0.000049
0.000025
-0.000005
-0.000059
-0.000043
0.000006
-0.000006
-0.000022
0.000030
0.000005
0.000024
-0.000021
-0.000003
-0.000051
0.000077
-0.000020
-0.000020
0.000020
-0.000034
0.000064
0.000036
-0.000005
-0.000033
-0.000006
0.000022
-0.000008
0.000015
-0.000012
0.000012
0.000007
-0.000031
-0.000008
-0.000039
-0.000031
-0.000023
-0.000029
-0.000004
0.000014
-0.000008
0.000023
0.000022
0.000030
0.000028
-0.000036
-0.000025
-0.000034
0.000015
0.000015
-0.000012
0.000059
0.000009
0.000012
-0.000009
0.000021
-0.000032
0.000006
-0.000038
-0.000012
-0.000021
-0.000018
0.000016
0.000018
0.000008
-0.000023
0.000000
-0.000020
0.000011
-0.000015
0.000020
-0.000015
0.000008
-0.000019
-0.000028
0.000006
-0.000001
-0.000023
0.000029
0.000081
-0.000011
-0.000029
0.000007
-0.000013
0.000041
-0.000041
-0.000004
0.000041
-0.000013
-0.000040
-0.000006
0.000023
-0.000004
-0.000054
-0.000008
-0.000024
0.000030
-0.000004
0.000018
-0.000022
0.000012
-0.000002
-0.000024
-0.000039
0.000003
-0.000054
-0.000016
0.000019
-0.000058
-0.000071
-0.000052
-0.000023
0.000023
-0.000037
0.000021
-0.000030
-0.000048
-0.000011
0.000015
0.000001
-0.000009
-0.000014
0.000001
-0.000032
0.000031
-0.000028
-0.000051
-0.000026
0.000034
0.000025
0.000007
0.000010
0.000035
-0.000026
-0.000011
0.000008
0.000019
-0.000024
0.000039
0.000030
-0.000038
0.000023
0.000065
-0.000001
0.000006
0.000039
-0.000004
-0.000016
-0.000000
0.000053
0.000017
-0.000059
-0.000061
-0.000007
0.000028
-0.000007
0.000046
0.000015
-0.000009
0.000059
0.000038
-0.000036
-0.000030
0.000022
0.000033
0.000002
-0.000008
-0.000012
0.000019
0.000044
-0.000022
0.000061
-0.000014
-0.000016
-0.000001
0.000020
0.000052
-0.000001
0.000019
0.000021
-0.000005
0.000068
0.000003
-0.000003
0.000037
-0.000041
0.000006
-0.000032
-0.000013
-0.000020
-0.000013
-0.000008
0.000018
0.000034
-0.000007
0.000040
0.000004
-0.000017
0.000002
-0.000034
-0.000043
0.000034
0.000008
-0.000054
-0.000004
0.000005
0.000037
-0.000010
0.000004
-0.000009
-0.000010
0.000025
-0.000029
-0.000026
-0.000019
0.000007
0.000047
0.000004
-0.000019
0.000030
0.000000
-0.000027
-0.000007
0.000013
-0.000026
-0.000028
-0.000020
0.000037
-0.000054
0.000009
0.000000
-0.000003
-0.000042
-0.000010
-0.000011
0.000020
0.000003
0.000001
0.000001
0.000018
-0.000033
-0.000034
0.000008
-0.000020
-0.000021
-0.000013
-0.000007
0.000014
0.000012
0.000026
-0.000027
-0.000069
-0.000010
-0.000011
-0.000015
-0.000016
0.000004
-0.000008
0.000048
0.000018
-0.000005
-0.000017
-0.000015
0.000037
0.000054
0.000005
0.000040
-0.000026
0.000024
0.000007
0.000019
0.000039
0.000037
0.000017
0.000009
-0.000004
-0.000013
-0.000013
0.000003
0.000007
0.000010
0.000006
0.000006
-0.000008
-0.000007
0.000022
-0.000008
-0.000037
-0.000028
0.000016
-0.000018
0.000029
-0.000023
-0.000010
0.000020
0.000015
0.000026
-0.000015
0.000004
-0.000033
0.000051
-0.000009
-0.000005
-0.000004
0.000012
-0.000023
-0.000004
0.000035
-0.000022
-0.000012
0.000026
0.000005
-0.000049
0.000019
0.000003
-0.000016
0.000015
0.000004
0.000009
-0.000021
0.000015
0.000010
-0.000006
0.000087
0.000001
-0.000056
0.000006
-0.000037
-0.000011
0.000010
0.000021
-0.000001
-0.000037
-0.000017
0.000017
-0.000021
0.000021
0.000004
0.000000
-0.000045
-0.000025
0.000001
0.000023
-0.000012
-0.000003
0.000041
0.000025
0.000025
0.000008
0.000017
-0.000014
-0.000034
0.000028
0.000040
-0.000013
0.000044
0.000021
-0.000008
-0.000016
-0.000065
-0.000054
-0.000027
-0.000043
-0.000019
0.000004
0.000009
-0.000003
0.000013
-0.000060
-0.000049
0.000011
0.000008
-0.000002
-0.000008
0.000036
-0.000055
-0.000004
0.000048
0.000042
0.000018
-0.000000
0.000007
0.000017
0.000005
0.000013
0.000017
-0.000016
0.000002
-0.000016
-0.000025
-0.000021
0.000044
-0.000020
-0.000021
-0.000034
-0.000042
-0.000007
0.000040
-0.000020
-0.000026
-0.000005
-0.000015
-0.000038
-0.000012
-0.000009
-0.000019
-0.000010
-0.000004
0.000004
-0.000015
0.000020
-0.000008
-0.000023
-0.000007
-0.000034
0.000018
0.000012
0.000000
0.000017
0.000007
0.000010
-0.000008
0.000027
-0.000008
-0.000000
-0.000033
-0.000056
0.000001
0.000047
0.000026
0.000044
0.000029
0.000004
-0.000020
-0.000027
-0.000016
0.000017
-0.000012
0.000030
-0.000008
-0.000006
0.000012
0.000005
0.000003
0.000043
-0.000023
0.000003
-0.000036
0.000057
-0.000027
0.000010
0.000040
-0.000023
0.000031
-0.000010
-0.000006
-0.000008
0.000012
-0.000052
0.000014
-0.000031
-0.000026
-0.000018
-0.000003
0.000007
0.000026
-0.000026
0.000024
0.000020
-0.000018
0.000022
-0.000002
0.000029
0.000011
-0.000012
0.000023
-0.000024
-0.000021
0.000011
-0.000013
0.000028
0.000039
0.000001
-0.000027
-0.000028
-0.000007
-0.000011
0.000042
0.000022
0.000003
0.000000
0.000011
0.000010
-0.000011
0.000003
0.000013
0.000016
0.000046
0.000006
-0.000012
0.000055
-0.000020
0.000034
0.000029
0.000039
0.000028
-0.000029
-0.000019
-0.000048
0.000015
0.000042
-0.000027
-0.000007
-0.000034
-0.000015
-0.000003
-0.000010
-0.000029
0.000052
0.000019
0.000041
0.000048
-0.000026
0.000028
-0.000039
-0.000040
-0.000022
-0.000005
0.000023
0.000038
-0.000001
0.000027
0.000016
-0.000045
-0.000060
0.000019
-0.000030
-0.000013
-0.000030
0.000010
0.000027
-0.000032
-0.000042
-0.000019
-0.000053
0.000011
-0.000016
-0.000012
-0.000022
-0.000021
0.000003
-0.000017
-0.000033
0.000025
-0.000037
-0.000024
-0.000055
-0.000035
0.000047
0.000025
0.000005
0.000010
-0.000013
0.000006
0.000029
-0.000059
0.000065
-0.000014
-0.000012
0.000028
-0.000031
0.000007
0.000082
0.000038
-0.000015
0.000003
0.000004
0.000033
-0.000019
-0.000015
-0.000028
0.000003
-0.000025
-0.000048
0.000012
-0.000039
-0.000036
0.000018
0.000009
-0.000023
-0.000037
0.000036
0.000022
-0.000017
0.000022
0.000022
0.000043
-0.000040
-0.000012
0.000015
-0.000012
0.000045
-0.000001
0.000007
0.000055
-0.000002
0.000003
-0.000004
-0.000024
0.000012
-0.000062
-0.000002
0.000022
0.000020
-0.000006
-0.000021
0.000014
-0.000052
0.000039
-0.000006
-0.000021
0.000091
0.000043
-0.000013
0.000004
-0.000047
0.000016
-0.000017
-0.000025
0.000039
0.000016
-0.000051
-0.000015
0.000015
0.000014
0.000044
0.000001
-0.000010
0.000001
0.000012
-0.000004
0.000010
0.000013
0.000003
0.000002
-0.000052
0.000035
0.000041
-0.000021
0.000037
0.000009
-0.000009
-0.000017
-0.000025
-0.000059
-0.000003
0.000016
-0.000010
0.000025
0.000040
-0.000047
-0.000015
0.000026
-0.000025
-0.000025
0.000047
0.000022
-0.000023
0.000023
0.000018
0.000021
0.000017
-0.000005
-0.000036
-0.000007
-0.000009
-0.000021
-0.000033
0.000003
0.000005
0.000002
0.000056
0.000036
0.000022
-0.000034
0.000038
0.000031
-0.000015
-0.000008
-0.000000
-0.000010
0.000001
-0.000032
0.000038
0.000008
-0.000019
0.000009
0.000005
0.000030
0.000017
-0.000051
-0.000039
0.000007
0.000032
-0.000011
0.000022
0.000011
0.000003
-0.000007
-0.000002
0.000022
-0.000004
0.000031
0.000042
-0.000008
0.000013
-0.000009
-0.000024
0.000013
-0.000046
-0.000039
0.000032
0.000007
-0.000035
0.000029
-0.000043
0.000015
0.000031
-0.000047
0.000019
-0.000026
-0.000024
0.000026
-0.000048
0.000001
0.000009
-0.000024
0.000043
-0.000011
0.000019
0.000040
-0.000009
-0.000020
0.000029
-0.000014
-0.000025
0.000018
0.000010
-0.000025
0.000012
0.000038
-0.000003
-0.000006
-0.000018
0.000012
0.000069
0.000008
-0.000034
0.000049
0.000013
-0.000006
0.000036
-0.000032
-0.000009
0.000018
0.000012
0.000010
0.000024
0.000033
0.000001
-0.000015
-0.000018
0.000006
-0.000003
-0.000040
-0.000033
-0.000014
0.000057
0.000048
-0.000031
0.000039
0.000053
0.000040
-0.000006
-0.000084
-0.000001
0.000002
-0.000007
-0.000037
-0.000010
-0.000018
-0.000019
0.000019
-0.000008
-0.000037
-0.000011
-0.000052
-0.000049
0.000006
0.000006
0.000023
-0.000022
-0.000009
-0.000017
0.000013
0.000052
-0.000019
-0.000018
-0.000032
-0.000002
-0.000007
-0.000029
0.000020
-0.000014
-0.000024
0.000005
0.000024
0.000037
-0.000001
-0.000007
-0.000017
0.000029
0.000044
0.000016
-0.000008
-0.000067
0.000008
0.000034
-0.000019
-0.000038
0.000057
0.000006
0.000027
0.000011
-0.000031
0.000003
0.000001
-0.000010
0.000021
0.000008
0.000030
0.000019
-0.000010
-0.000016
0.000022
-0.000012
-0.000034
-0.000029
-0.000062
0.000029
-0.000002
0.000053
0.000017
-0.000013
-0.000018
-0.000022
-0.000034
0.000012
-0.000037
0.000029
-0.000005
-0.000052
-0.000011
0.000038
-0.000021
-0.000012
0.000022
0.000001
0.000029
-0.000010
-0.000033
-0.000020
0.000004
0.000027
-0.000001
-0.000021
0.000034
-0.000039
-0.000009
0.000009
0.000067
0.000059
-0.000011
-0.000014
0.000020
0.000020
0.000006
0.000029
0.000000
-0.000017
0.000010
0.000023
-0.000002
0.000021
-0.000044
0.000028
-0.000006
-0.000041
-0.000022
0.000013
-0.000008
0.000009
-0.000030
-0.000034
-0.000031
0.000019
0.000029
0.000048
-0.000051
-0.000039
-0.000039
-0.000008
-0.000010
-0.000014
-0.000017
-0.000053
0.000018
-0.000014
-0.000042
-0.000008
0.000007
-0.000035
0.000000
0.000006
-0.000028
0.000009
0.000015
-0.000028
-0.000032
0.000035
0.000008
-0.000008
-0.000018
0.000009
-0.000006
0.000025
-0.000017
0.000004
-0.000028
-0.000031
0.000001
0.000040
0.000061
0.000008
0.000019
0.000033
-0.000014
0.000000
-0.000009
0.000022
0.000008
-0.000008
-0.000020
-0.000047
0.000015
0.000018
-0.000026
0.000055
-0.000031
-0.000008
0.000010
0.000049
0.000009
0.000022
0.000013
-0.000004
0.000061
0.000039
-0.000003
-0.000035
-0.000028
-0.000006
-0.000005
-0.000003
-0.000009
0.000031
0.000007
-0.000010
-0.000041
-0.000007
0.000018
-0.000026
-0.000022
-0.000008
-0.000019
-0.000010
-0.000011
-0.000015
-0.000018
0.000025
-0.000000
-0.000009
0.000045
0.000030
-0.000030
0.000002
0.000018
-0.000009
-0.000027
0.000010
0.000005
0.000075
-0.000010
-0.000055
-0.000023
-0.000005
-0.000042
0.000034
-0.000018
0.000034
-0.000059
0.000001
-0.000059
-0.000016
-0.000014
-0.000012
0.000086
0.000013
0.000003
0.000068
0.000007
0.000010
0.000041
-0.000028
-0.000001
-0.000070
0.000046
-0.000009
-0.000008
0.000071
-0.000024
-0.000001
-0.000005
0.000001
0.000009
-0.000013
-0.000041
0.000049
-0.000012
0.000041
0.000021
-0.000013
0.000009
-0.000000
-0.000014
-0.000010
0.000003
-0.000008
-0.000021
-0.000019
0.000037
0.000014
0.000050
-0.000008
0.000023
0.000028
0.000040
0.000026
-0.000019
0.000046
-0.000013
-0.000005
-0.000012
-0.000017
0.000031
0.000022
-0.000043
-0.000024
-0.000072
-0.000009
-0.000025
0.000025
0.000006
-0.000022
-0.000025
0.000010
-0.000011
0.000041
0.000035
0.000021
-0.000056
-0.000038
0.000007
-0.000032
0.000015
-0.000003
-0.000026
0.000046
0.000043
0.000028
0.000013
-0.000018
0.000040
0.000022
0.000003
-0.000041
0.000007
0.000010
-0.000011
0.000001
-0.000032
-0.000039
-0.000086
0.000000
-0.000042
0.000004
-0.000037
-0.000019
0.000004
0.000016
0.000051
0.000002
-0.000020
0.000013
-0.000001
-0.000004
-0.000042
-0.000008
-0.000014
-0.000015
0.000013
0.000035
0.000044
0.000025
-0.000006
0.000005
0.000025
0.000019
-0.000054
0.000042
-0.000047
-0.000005
-0.000027
-0.000041
0.000022
0.000013
0.000028
-0.000049
-0.000022
-0.000004
-0.000002
-0.000028
0.000005
-0.000023
-0.000040
-0.000036
0.000008
-0.000018
0.000005
-0.000009
-0.000042
0.000024
0.000065
-0.000008
0.000034
0.000032
-0.000020
0.000034
-0.000040
0.000017
0.000002
-0.000044
0.000029
0.000049
0.000010
0.000016
0.000020
-0.000021
0.000002
0.000039
-0.000059
0.000043
-0.000007
0.000041
-0.000005
-0.000055
0.000031
-0.000021
0.000035
0.000019
-0.000006
-0.000003
-0.000042
-0.000011
-0.000014
-0.000043
-0.000006
0.000008
-0.000033
0.000012
-0.000021
0.000010
0.000019
-0.000036
0.000029
0.000037
-0.000047
0.000029
-0.000003
0.000011
-0.000025
-0.000009
0.000000
0.000005
-0.000000
0.000021
0.000003
-0.000012
0.000004
-0.000025
-0.000015
0.000035
0.000039
-0.000001
-0.000012
-0.000019
-0.000037
0.000016
-0.000020
0.000028
0.000028
0.000026
-0.000015
-0.000003
0.000010
-0.000031
0.000047
-0.000014
-0.000059
0.000021
0.000030
0.000015
0.000014
-0.000038
0.000053
0.000027
-0.000071
-0.000013
-0.000005
-0.000017
0.000045
0.000037
0.000039
0.000004
0.000014
-0.000011
-0.000019
-0.000003
0.000007
-0.000049
0.000013
0.000022
0.000003
-0.000011
0.000015
-0.000040
-0.000040
-0.000040
0.000029
0.000030
0.000005
-0.000002
0.000029
0.000022
0.000001
-0.000038
-0.000023
-0.000013
-0.000065
-0.000014
0.000010
-0.000014
-0.000051
-0.000012
0.000053
0.000021
0.000015
0.000030
-0.000001
0.000031
-0.000020
0.000018
0.000024
-0.000070
0.000008
-0.000038
-0.000044
-0.000018
-0.000007
0.000085
0.000008
0.000007
-0.000007
-0.000024
-0.000000
-0.000009
0.000000
0.000006
0.000040
-0.000026
-0.000007
0.000060
-0.000003
-0.000048
-0.000029
-0.000020
-0.000043
-0.000043
-0.000061
-0.000007
-0.000014
0.000012
-0.000007
0.000028
0.000027
-0.000030
-0.000021
0.000022
-0.000020
-0.000023
-0.000017
0.000036
-0.000033
0.000043
0.000032
0.000014
-0.000027
-0.000055
0.000002
-0.000008
0.000032
0.000010
0.000037
0.000005
0.000039
0.000015
-0.000008
0.000020
0.000035
0.000035
-0.000052
-0.000004
-0.000005
-0.000021
-0.000040
-0.000023
0.000054
0.000039
-0.000013
-0.000005
0.000052
-0.000044
-0.000001
-0.000021
0.000016
0.000041
0.000015
-0.000076
0.000008
0.000038
-0.000018
0.000042
0.000007
-0.000003
0.000023
0.000020
0.000045
0.000080
-0.000003
-0.000040
0.000021
0.000023
-0.000035
0.000015
-0.000049
-0.000003
-0.000031
-0.000022
-0.000013
0.000000
-0.000023
0.000001
0.000053
-0.000020
-0.000050
-0.000050
0.000035
0.000035
-0.000058
-0.000004
0.000021
0.000015
0.000012
0.000014
0.000033
-0.000083
-0.000003
0.000018
0.000015
0.000027
0.000024
-0.000018
0.000011
-0.000017
-0.000030
0.000046
0.000030
0.000004
-0.000007
-0.000027
-0.000007
0.000051
0.000015
-0.000000
0.000009
0.000020
-0.000009
0.000034
0.000019
0.000012
-0.000009
0.000013
0.000015
-0.000000
0.000011
0.000002
0.000020
0.000053
0.000009
0.000009
0.000019
0.000065
-0.000031
-0.000032
0.000006
-0.000016
0.000018
0.000021
-0.000032
0.000015
0.000037
0.000049
-0.000037
-0.000002
0.000028
0.000006
0.000054
-0.000019
0.000011
-0.000016
0.000026
0.000002
-0.000051
-0.000053
0.000036
0.000008
0.000007
0.000036
0.000018
-0.000014
0.000015
0.000010
0.000022
0.000005
0.000007
-0.000042
0.000017
0.000054
0.000002
-0.000036
0.000031
0.000040
0.000002
0.000007
0.000013
0.000049
-0.000030
-0.000040
-0.000025
-0.000013
-0.000031
-0.000006
0.000004
-0.000001
-0.000047
-0.000053
0.000048
-0.000082
0.000008
-0.000022
-0.000035
0.000034
-0.000063
0.000001
0.000054
0.000006
0.000024
-0.000004
0.000005
0.000032
-0.000017
-0.000040
-0.000035
-0.000025
-0.000034
0.000002
0.000010
0.000012
-0.000012
-0.000006
0.000030
-0.000021
0.000012
-0.000006
0.000010
0.000025
0.000014
-0.000014
-0.000019
0.000046
0.000031
0.000013
0.000009
0.000014
-0.000028
0.000039
0.000005
0.000046
0.000045
-0.000036
-0.000023
-0.000013
-0.000002
-0.000014
0.000025
-0.000008
-0.000054
-0.000002
-0.000007
-0.000020
-0.000003
0.000022
-0.000015
0.000004
-0.000003
-0.000007
-0.000026
0.000025
0.000031
-0.000010
-0.000004
-0.000069
-0.000007
0.000037
-0.000043
0.000012
0.000022
0.000015
0.000011
0.000024
0.000022
0.000032
-0.000062
-0.000004
-0.000009
-0.000008
-0.000001
-0.000013
0.000038
0.000002
0.000041
-0.000007
0.000033
-0.000008
0.000045
0.000043
-0.000005
0.000008
0.000001
-0.000003
-0.000015
-0.000007
0.000018
0.000028
0.000008
0.000010
-0.000040
0.000016
0.000010
0.000065
0.000002
-0.000007
0.000017
0.000006
0.000011
-0.000024
0.000003
-0.000020
-0.000012
-0.000001
0.000017
0.000012
-0.000003
-0.000007
-0.000020
0.000021
-0.000045
0.000020
-0.000006
-0.000060
0.000036
-0.000015
-0.000004
0.000040
-0.000018
-0.000036
-0.000003
0.000045
0.000014
-0.000025
0.000005
-0.000056
-0.000016
0.000002
0.000044
0.000026
0.000000
-0.000006
0.000014
-0.000020
-0.000017
0.000010
-0.000016
0.000013
-0.000030
-0.000039
-0.000038
0.000044
0.000010
-0.000019
-0.000016
-0.000006
-0.000021
0.000008
-0.000016
-0.000002
0.000037
0.000040
-0.000041
-0.000028
0.000033
0.000019
0.000002
-0.000069
-0.000001
0.000024
-0.000006
-0.000010
0.000013
-0.000008
-0.000017
0.000002
0.000023
-0.000007
-0.000038
-0.000010
-0.000018
-0.000013
0.000028
0.000047
-0.000008
0.000008
0.000014
0.000016
-0.000058
-0.000048
0.000024
-0.000050
-0.000054
-0.000048
-0.000015
-0.000003
0.000020
-0.000073
0.000019
0.000016
-0.000034
-0.000025
-0.000026
-0.000009
0.000027
-0.000039
0.000006
-0.000015
-0.000022
-0.000023
-0.000026
0.000051
0.000026
-0.000016
-0.000029
0.000060
0.000016
0.000010
-0.000006
0.000017
-0.000021
-0.000024
-0.000037
0.000012
0.000012
-0.000015
-0.000002
0.000018
-0.000016
-0.000009
0.000048
-0.000015
0.000030
-0.000023
-0.000019
-0.000005
-0.000010
-0.000022
-0.000002
0.000007
0.000039
-0.000004
0.000048
-0.000037
0.000052
0.000021
-0.000013
-0.000003
-0.000008
0.000013
-0.000008
-0.000004
0.000000
0.000000
0.000022
-0.000005
-0.000015
-0.000009
0.000000
-0.000015
0.000050
0.000030
-0.000007
-0.000003
0.000004
-0.000006
-0.000030
0.000014
-0.000043
-0.000034
-0.000046
0.000040
0.000042
-0.000032
-0.000004
-0.000017
0.000010
-0.000046
0.000033
0.000012
0.000008
0.000023
0.000009
-0.000021
-0.000010
0.000030
0.000037
-0.000027
0.000007
0.000017
-0.000004
0.000016
0.000048
0.000034
-0.000042
0.000031
-0.000006
-0.000011
0.000012
0.000020
-0.000006
-0.000011
-0.000020
0.000032
-0.000031
-0.000051
-0.000018
-0.000062
-0.000011
-0.000086
0.000045
-0.000017
-0.000052
-0.000009
0.000021
0.000001
0.000008
0.000010
0.000030
-0.000058
0.000025
0.000032
0.000039
0.000001
-0.000019
0.000032
0.000018
0.000014
0.000024
0.000036
-0.000041
-0.000011
-0.000013
-0.000010
0.000056
-0.000002
-0.000000
0.000021
-0.000007
0.000030
0.000014
-0.000031
-0.000030
0.000030
0.000006
-0.000009
0.000006
0.000008
-0.000074
0.000002
0.000014
0.000008
-0.000011
0.000029
-0.000030
0.000016
0.000024
0.000001
0.000026
0.000021
-0.000023
-0.000012
-0.000008
0.000026
-0.000003
-0.000026
0.000002
-0.000051
-0.000029
-0.000006
-0.000017
0.000036
-0.000004
-0.000035
-0.000011
-0.000037
-0.000007
-0.000010
-0.000009
0.000010
0.000005
-0.000002
-0.000021
0.000009
-0.000034
-0.000037
-0.000039
0.000012
-0.000019
0.000046
0.000023
0.000001
-0.000084
0.000013
-0.000011
0.000021
0.000015
0.000041
-0.000017
0.000031
-0.000053
-0.000017
0.000017
0.000021
-0.000014
-0.000015
0.000004
-0.000003
0.000016
0.000016
-0.000058
-0.000054
0.000009
0.000022
-0.000014
-0.000011
0.000004
-0.000013
-0.000001
-0.000009
-0.000024
-0.000019
-0.000040
-0.000015
0.000018
-0.000058
0.000017
0.000031
0.000005
-0.000016
0.000003
-0.000022
0.000055
0.000030
0.000056
0.000016
-0.000056
-0.000000
-0.000016
-0.000000
-0.000050
0.000014
0.000043
0.000010
-0.000056
-0.000029
-0.000030
-0.000022
-0.000002
-0.000004
-0.000014
0.000022
-0.000020
0.000014
-0.000021
0.000007
-0.000027
0.000002
-0.000032
0.000001
-0.000006
-0.000013
-0.000030
0.000015
-0.000030
-0.000012
0.000002
-0.000051
0.000020
0.000002
0.000016
-0.000018
-0.000009
-0.000006
-0.000067
0.000011
0.000035
-0.000040
0.000009
-0.000002
0.000011
0.000010
-0.000047
0.000003
-0.000003
-0.000009
-0.000004
-0.000005
-0.000012
0.000008
0.000016
-0.000021
0.000016
-0.000018
-0.000020
-0.000009
0.000006
0.000015
-0.000056
-0.000017
-0.000018
-0.000008
0.000015
-0.000025
0.000034
-0.000031
-0.000012
-0.000009
-0.000051
0.000032
-0.000018
-0.000027
0.000007
0.000010
0.000028
0.000090
0.000019
0.000000
-0.000029
-0.000071
-0.000010
0.000003
-0.000005
-0.000007
-0.000002
-0.000072
0.000018
-0.000008
-0.000013
0.000022
-0.000024
0.000007
0.000065
-0.000003
0.000038
-0.000008
0.000041
-0.000051
-0.000057
0.000018
-0.000022
-0.000028
0.000017
0.000083
-0.000024
0.000054
-0.000012
-0.000051
0.000000
-0.000008
0.000033
0.000043
0.000036
0.000003
0.000038
0.000022
-0.000027
0.000025
-0.000011
0.000029
0.000004
-0.000012
-0.000002
0.000019
0.000003
0.000026
0.000029
0.000004
0.000030
0.000017
-0.000029
0.000001
-0.000019
-0.000041
0.000023
-0.000006
0.000016
-0.000007
0.000006
-0.000015
-0.000015
-0.000052
-0.000026
0.000029
-0.000072
-0.000055
0.000001
0.000026
-0.000002
-0.000037
-0.000022
-0.000037
0.000007
-0.000012
-0.000041
-0.000005
0.000031
-0.000016
-0.000003
0.000001
-0.000045
-0.000024
-0.000058
-0.000005
0.000067
0.000042
-0.000054
0.000053
0.000006
-0.000024
0.000006
-0.000010
0.000019
-0.000063
0.000012
-0.000026
0.000029
-0.000046
-0.000040
0.000082
0.000052
0.000016
0.000028
0.000013
-0.000066
-0.000003
-0.000043
0.000035
-0.000015
-0.000007
0.000008
-0.000003
0.000030
-0.000025
0.000002
0.000019
-0.000020
-0.000030
-0.000010
-0.000030
-0.000027
0.000013
-0.000008
0.000015
0.000028
-0.000002
0.000033
0.000055
0.000032
0.000003
0.000020
0.000020
-0.000011
0.000052
-0.000039
0.000040
0.000036
-0.000006
0.000003
0.000017
-0.000010
0.000019
0.000020
-0.000008
0.000011
0.000002
-0.000013
-0.000051
0.000011
-0.000038
0.000006
0.000008
-0.000055
0.000006
0.000000
0.000006
0.000020
0.000012
0.000006
0.000014
-0.000020
-0.000032
-0.000019
-0.000047
0.000012
-0.000033
-0.000012
0.000027
0.000026
0.000054
0.000033
-0.000016
0.000017
0.000014
0.000005
0.000027
-0.000007
-0.000017
-0.000055
-0.000019
-0.000026
-0.000022
-0.000036
0.000010
0.000050
0.000028
0.000020
0.000017
0.000043
-0.000021
0.000027
-0.000005
0.000036
-0.000056
-0.000015
-0.000011
-0.000041
-0.000040
0.000012
0.000020
-0.000003
0.000019
0.000012
-0.000016
0.000000
0.000017
-0.000053
-0.000002
-0.000027
0.000014
-0.000002
0.000034
-0.000029
-0.000054
-0.000007
0.000071
0.000000
-0.000002
0.000020
-0.000006
0.000062
-0.000025
0.000005
0.000042
-0.000050
0.000021
-0.000000
0.000021
0.000050
0.000033
-0.000027
0.000007
0.000039
0.000042
0.000001
0.000003
0.000034
0.000020
-0.000015
0.000052
0.000024
-0.000015
0.000016
-0.000015
-0.000035
-0.000008
0.000005
0.000023
0.000025
-0.000001
0.000034
-0.000050
-0.000016
-0.000014
-0.000031
0.000067
-0.000020
-0.000004
0.000041
-0.000047
0.000004
-0.000036
-0.000020
-0.000009
0.000004
-0.000015
-0.000028
0.000007
0.000002
-0.000026
-0.000038
0.000031
-0.000050
-0.000081
0.000053
0.000001
0.000007
0.000028
-0.000002
-0.000024
-0.000006
0.000001
-0.000051
-0.000019
-0.000033
-0.000005
-0.000031
-0.000009
-0.000021
-0.000023
0.000004
0.000023
-0.000003
-0.000046
0.000001
-0.000028
0.000027
-0.000011
-0.000017
-0.000023
-0.000026
0.000049
-0.000026
-0.000004
0.000005
0.000003
-0.000007
-0.000021
-0.000019
0.000019
-0.000005
0.000010
-0.000003
-0.000029
0.000000
-0.000048
0.000013
0.000035
0.000024
-0.000011
-0.000029
-0.000026
0.000009
0.000010
-0.000054
0.000032
0.000019
0.000008
-0.000069
-0.000059
-0.000006
0.000008
0.000005
-0.000002
-0.000032
-0.000001
0.000003
0.000064
0.000001
-0.000038
0.000047
0.000004
-0.000006
-0.000001
-0.000065
0.000016
-0.000012
-0.000009
-0.000008
0.000048
-0.000039
-0.000069
-0.000012
-0.000068
-0.000009
0.000018
0.000026
-0.000003
-0.000035
-0.000017
-0.000045
0.000046
0.000025
0.000036
-0.000037
-0.000014
-0.000015
-0.000002
0.000026
0.000054
-0.000005
-0.000021
-0.000020
-0.000019
0.000054
-0.000019
0.000030
0.000052
0.000003
-0.000050
0.000046
0.000058
-0.000045
0.000032
0.000003
0.000005
-0.000020
-0.000006
0.000015
0.000015
0.000041
-0.000017
0.000050
0.000033
0.000030
0.000028
0.000009
0.000018
0.000008
0.000019
-0.000027
0.000017
0.000027
0.000006
0.000011
0.000028
0.000006
0.000007
0.000018
0.000026
0.000005
-0.000050
-0.000030
-0.000008
0.000033
0.000011
-0.000048
0.000005
0.000037
0.000013
0.000019
0.000008
0.000012
-0.000012
0.000049
0.000089
0.000011
0.000066
0.000018
-0.000005
0.000018
0.000009
0.000022
-0.000022
-0.000026
0.000012
-0.000008
0.000049
-0.000060
-0.000015
-0.000008
-0.000018
-0.000042
-0.000019
0.000042
0.000029
0.000036
-0.000006
-0.000009
0.000051
0.000022
0.000041
-0.000019
0.000035
0.000001
-0.000031
-0.000019
-0.000016
0.000007
0.000007
-0.000008
0.000011
0.000021
-0.000045
0.000020
-0.000006
-0.000015
-0.000011
0.000040
0.000012
-0.000056
0.000023
-0.000022
-0.000023
0.000040
-0.000026
-0.000009
-0.000020
-0.000010
-0.000006
-0.000015
0.000057
0.000006
-0.000024
0.000075
0.000012
0.000023
0.000026
-0.000041
0.000028
-0.000034
0.000022
0.000037
0.000028
-0.000042
-0.000032
0.000027
-0.000003
0.000038
-0.000054
-0.000013
-0.000062
-0.000042
-0.000004
-0.000012
-0.000036
0.000046
0.000006
-0.000013
-0.000005
0.000039
-0.000030
-0.000024
0.000076
-0.000002
0.000016
-0.000031
-0.000029
0.000024
0.000002
-0.000019
0.000019
-0.000008
0.000004
0.000010
0.000017
-0.000054
-0.000027
0.000005
0.000027
-0.000040
0.000001
0.000023
-0.000021
0.000006
-0.000025
0.000008
0.000006
-0.000018
-0.000007
-0.000036
0.000057
0.000012
-0.000012
0.000005
0.000037
-0.000023
-0.000033
-0.000002
-0.000003
-0.000030
-0.000017
0.000016
0.000033
0.000030
0.000008
0.000018
-0.000010
0.000018
-0.000005
-0.000010
-0.000008
-0.000007
0.000006
-0.000049
-0.000043
-0.000017
0.000021
0.000022
0.000006
-0.000033
0.000025
0.000023
0.000011
0.000015
0.000012
0.000007
-0.000046
-0.000010
-0.000040
0.000059
0.000047
0.000023
-0.000070
-0.000007
0.000044
-0.000022
0.000013
-0.000056
0.000040
-0.000026
-0.000009
0.000021
-0.000012
0.000001
-0.000028
0.000019
-0.000022
0.000002
0.000001
0.000026
0.000026
-0.000064
-0.000047
-0.000026
-0.000009
0.000011
0.000044
-0.000038
-0.000023
-0.000024
0.000038
-0.000018
-0.000003
0.000038
-0.000014
-0.000003
0.000004
-0.000045
-0.000028
0.000034
-0.000010
-0.000000
-0.000038
0.000057
0.000050
-0.000054
0.000011
0.000014
-0.000059
0.000003
0.000001
-0.000059
0.000017
-0.000003
0.000024
-0.000002
0.000036
0.000055
-0.000025
-0.000004
0.000004
-0.000012
0.000076
0.000005
0.000020
-0.000006
-0.000000
-0.000038
-0.000018
0.000025
-0.000017
0.000059
-0.000032
0.000037
-0.000008
0.000010
0.000013
0.000064
0.000046
-0.000032
0.000007
0.000001
0.000026
-0.000020
-0.000003
0.000008
-0.000008
-0.000007
-0.000041
-0.000004
-0.000011
-0.000020
0.000025
0.000012
-0.000002
0.000035
0.000011
0.000017
0.000024
-0.000023
-0.000022
-0.000004
-0.000010
-0.000001
0.000004
0.000020
-0.000017
0.000045
0.000028
0.000028
0.000016
0.000017
-0.000019
0.000016
-0.000068
-0.000037
0.000035
-0.000004
-0.000004
0.000035
-0.000009
-0.000027
-0.000025
0.000014
0.000029
-0.000009
0.000002
0.000011
0.000002
-0.000006
0.000070
0.000014
-0.000005
-0.000032
-0.000012
0.000016
-0.000022
-0.000046
0.000034
-0.000042
-0.000023
-0.000085
-0.000023
0.000005
0.000039
-0.000033
0.000012
0.000030
-0.000001
0.000026
-0.000033
-0.000022
0.000027
0.000033
0.000025
0.000051
-0.000023
0.000035
0.000071
0.000029
-0.000013
-0.000009
0.000044
0.000012
0.000021
0.000007
0.000025
-0.000031
0.000032
0.000001
-0.000016
-0.000001
-0.000000
0.000006
0.000005
-0.000016
-0.000014
-0.000029
0.000013
-0.000027
-0.000024
0.000031
-0.000012
-0.000047
-0.000017
0.000030
0.000045
0.000028
-0.000000
0.000017
-0.000045
0.000019
-0.000003
0.000037
0.000029
0.000065
0.000036
-0.000003
0.000051
0.000022
-0.000015
0.000025
0.000025
-0.000048
0.000042
-0.000015
0.000026
-0.000022
-0.000037
0.000003
0.000005
-0.000012
0.000016
-0.000051
0.000028
0.000037
0.000017
0.000012
-0.000006
0.000036
-0.000038
0.000022
-0.000069
0.000008
-0.000013
-0.000039
0.000052
0.000039
-0.000016
0.000020
-0.000023
0.000026
0.000001
0.000029
0.000023
0.000045
0.000023
-0.000039
0.000029
0.000027
0.000006
0.000065
-0.000019
-0.000037
0.000005
0.000061
-0.000002
0.000001
0.000019
-0.000033
0.000029
0.000013
-0.000024
0.000008
-0.000026
-0.000011
0.000046
0.000029
-0.000023
-0.000015
0.000046
-0.000070
-0.000003
-0.000022
-0.000021
0.000021
0.000038
0.000044
0.000030
0.000024
0.000009
-0.000052
0.000010
-0.000038
0.000003
0.000020
0.000009
0.000029
0.000021
-0.000023
-0.000028
-0.000003
-0.000003
0.000001
-0.000021
-0.000014
0.000012
0.000031
-0.000034
-0.000012
0.000027
-0.000003
-0.000002
-0.000007
-0.000020
-0.000001
0.000013
0.000026
-0.000019
0.000004
-0.000043
0.000002
-0.000001
0.000016
0.000030
-0.000011
-0.000024
0.000016
0.000031
0.000033
0.000017
0.000020
-0.000036
-0.000028
0.000008
-0.000022
-0.000004
0.000000
0.000005
0.000008
-0.000027
-0.000056
0.000037
0.000012
0.000033
-0.000018
0.000048
-0.000007
-0.000028
0.000027
-0.000004
0.000055
0.000020
-0.000013
-0.000030
0.000013
-0.000030
-0.000029
0.000001
-0.000017
-0.000033
0.000014
-0.000019
0.000012
0.000025
-0.000001
0.000003
-0.000013
0.000002
0.000051
0.000048
0.000026
0.000020
-0.000012
0.000001
-0.000003
0.000001
-0.000002
-0.000052
0.000023
-0.000025
0.000008
0.000020
-0.000038
-0.000025
0.000088
0.000003
-0.000021
0.000041
0.000005
0.000010
0.000021
-0.000003
-0.000004
-0.000010
-0.000021
-0.000000
-0.000042
0.000024
0.000006
0.000006
0.000028
0.000025
0.000063
-0.000065
-0.000035
-0.000014
-0.000010
0.000017
-0.000023
-0.000020
0.000002
-0.000007
0.000043
-0.000031
0.000030
-0.000016
-0.000017
0.000035
-0.000044
0.000021
0.000005
-0.000028
-0.000049
-0.000002
0.000020
-0.000024
0.000016
-0.000018
-0.000070
0.000004
-0.000001
-0.000038
0.000006
-0.000013
-0.000054
-0.000038
0.000000
0.000024
-0.000035
0.000007
0.000020
-0.000017
-0.000034
-0.000025
-0.000011
-0.000001
-0.000005
-0.000018
-0.000011
0.000007
-0.000029
-0.000010
0.000007
0.000050
0.000039
0.000029
0.000006
-0.000058
0.000004
-0.000024
-0.000021
0.000009
-0.000003
0.000058
-0.000003
0.000045
0.000013
0.000024
0.000021
-0.000007
0.000003
0.000064
0.000078
-0.000019
0.000000
0.000026
-0.000025
-0.000031
-0.000000
0.000029
0.000036
0.000015
0.000031
-0.000001
-0.000032
0.000018
0.000047
0.000051
0.000003
-0.000027
-0.000011
0.000005
-0.000003
-0.000027
0.000032
-0.000014
-0.000006
0.000004
-0.000028
-0.000052
-0.000002
0.000036
-0.000010
0.000007
-0.000017
0.000018
0.000020
0.000049
-0.000015
-0.000017
0.000020
0.000033
0.000012
0.000022
-0.000022
0.000018
-0.000013
0.000014
-0.000067
-0.000006
0.000033
0.000005
-0.000022
-0.000012
0.000060
-0.000050
0.000003
-0.000011
0.000047
0.000022
-0.000017
0.000001
-0.000010
0.000001
0.000030
0.000001
0.000015
-0.000002
0.000002
0.000003
-0.000026
-0.000020
0.000008
0.000001
-0.000033
-0.000008
-0.000016
0.000046
0.000047
-0.000055
-0.000008
-0.000046
0.000003
0.000012
0.000044
-0.000006
0.000008
0.000056
0.000021
-0.000035
0.000030
0.000051
0.000029
0.000037
-0.000054
0.000039
0.000023
-0.000016
-0.000003
-0.000004
-0.000036
-0.000032
0.000016
-0.000006
0.000043
0.000067
0.000048
-0.000007
0.000014
0.000049
0.000042
-0.000008
-0.000007
-0.000018
0.000000
0.000036
0.000039
-0.000014
0.000015
-0.000009
-0.000002
-0.000048
-0.000017
-0.000024
0.000004
-0.000036
0.000003
0.000037
0.000011
0.000007
0.000017
-0.000026
-0.000027
0.000015
0.000013
0.000017
0.000013
0.000031
-0.000005
-0.000046
0.000027
-0.000006
0.000020
0.000012
0.000009
0.000005
-0.000060
-0.000022
0.000022
0.000014
0.000020
-0.000033
-0.000018
-0.000001
0.000051
-0.000036
-0.000034
0.000006
-0.000012
0.000005
-0.000049
0.000037
0.000026
0.000023
-0.000004
-0.000027
-0.000010
-0.000049
0.000037
0.000040
0.000001
-0.000023
0.000001
-0.000056
-0.000017
0.000038
0.000065
-0.000022
-0.000018
0.000023
-0.000020
-0.000007
-0.000037
0.000037
-0.000040
-0.000079
0.000021
0.000023
-0.000018
0.000077
0.000056
0.000041
0.000003
-0.000012
-0.000021
0.000053
-0.000029
-0.000008
-0.000016
0.000001
-0.000009
-0.000075
-0.000025
0.000048
-0.000020
-0.000029
-0.000004
-0.000018
0.000015
0.000026
0.000038
0.000010
0.000074
0.000044
-0.000073
-0.000031
-0.000034
0.000002
0.000020
-0.000002
0.000031
0.000063
-0.000028
0.000039
-0.000035
-0.000052
-0.000024
0.000034
-0.000002
-0.000036
-0.000053
-0.000004
0.000015
-0.000007
-0.000020
-0.000026
0.000006
0.000031
-0.000058
-0.000004
-0.000009
0.000002
0.000014
-0.000007
0.000061
-0.000018
-0.000019
-0.000016
-0.000011
0.000079
-0.000000
-0.000003
0.000025
0.000056
-0.000024
0.000028
0.000030
-0.000003
-0.000036
-0.000075
-0.000004
0.000034
0.000016
-0.000005
0.000003
0.000002
-0.000013
-0.000068
0.000002
-0.000035
-0.000032
0.000011
-0.000012
0.000016
0.000018
-0.000013
0.000000
-0.000040
-0.000010
0.000044
-0.000067
-0.000023
0.000030
-0.000004
0.000001
-0.000003
0.000017
0.000002
0.000009
0.000009
0.000059
-0.000057
0.000000
0.000043
-0.000026
-0.000021
-0.000032
0.000011
-0.000041
0.000012
-0.000031
-0.000024
0.000017
0.000011
-0.000013
-0.000004
0.000001
-0.000028
0.000005
-0.000000
0.000053
0.000027
0.000031
-0.000002
0.000023
-0.000007
-0.000053
-0.000011
0.000041
-0.000000
0.000004
-0.000000
-0.000006
-0.000003
-0.000037
-0.000033
-0.000001
-0.000012
-0.000015
-0.000016
0.000019
0.000006
0.000012
0.000028
-0.000039
-0.000030
-0.000039
-0.000010
-0.000012
-0.000011
0.000027
0.000005
0.000006
0.000015
0.000002
0.000011
-0.000049
0.000031
0.000027
-0.000013
0.000033
-0.000005
-0.000006
-0.000000
0.000019
-0.000033
0.000033
-0.000008
-0.000007
-0.000003
-0.000035
0.000005
0.000017
0.000017
0.000021
0.000050
-0.000003
-0.000001
0.000056
0.000013
-0.000000
0.000016
-0.000004
-0.000008
0.000041
-0.000042
0.000001
0.000006
0.000034
0.000048
-0.000003
-0.000027
0.000014
-0.000013
0.000055
0.000050
-0.000013
-0.000024
-0.000036
0.000025
0.000002
-0.000000
0.000000
-0.000048
0.000026
-0.000036
0.000006
-0.000058
-0.000035
0.000013
0.000043
-0.000008
0.000009
-0.000010
-0.000041
0.000036
-0.000031
-0.000039
0.000030
0.000042
0.000007
-0.000045
0.000006
-0.000030
-0.000018
-0.000017
-0.000021
0.000012
-0.000046
-0.000008
0.000062
-0.000023
0.000018
-0.000002
-0.000012
-0.000029
-0.000022
0.000034
0.000011
-0.000000
-0.000005
0.000017
-0.000017
0.000038
-0.000013
-0.000015
0.000094
-0.000007
-0.000010
0.000034
0.000032
0.000048
0.000005
-0.000003
0.000022
0.000052
0.000010
0.000014
0.000017
0.000034
0.000020
0.000033
-0.000013
-0.000007
-0.000018
0.000003
0.000035
0.000041
0.000007
-0.000021
0.000012
-0.000014
-0.000003
0.000024
0.000019
-0.000017
-0.000007
0.000020
-0.000034
-0.000003
-0.000023
0.000007
0.000040
-0.000026
0.000014
0.000005
-0.000010
0.000018
-0.000007
0.000032
-0.000018
0.000001
-0.000017
-0.000015
0.000036
-0.000016
-0.000025
0.000014
0.000030
0.000004
-0.000032
-0.000017
0.000012
-0.000009
0.000019
-0.000021
0.000043
-0.000032
-0.000008
-0.000012
-0.000061
-0.000063
0.000036
-0.000016
-0.000001
-0.000019
-0.000000
-0.000052
-0.000003
-0.000005
0.000003
-0.000009
0.000030
-0.000023
-0.000005
0.000057
-0.000051
-0.000037
-0.000037
-0.000026
-0.000037
-0.000035
0.000002
-0.000049
-0.000030
-0.000017
-0.000072
-0.000023
0.000017
-0.000004
-0.000014
-0.000029
-0.000054
-0.000030
-0.000001
-0.000040
-0.000025
0.000020
-0.000005
0.000022
-0.000035
0.000005
-0.000044
-0.000012
-0.000021
-0.000047
-0.000016
-0.000040
0.000006
0.000008
-0.000020
0.000040
0.000017
0.000025
-0.000000
-0.000033
0.000011
0.000002
-0.000006
-0.000021
0.000020
-0.000040
0.000016
-0.000009
0.000045
-0.000010
-0.000021
0.000006
-0.000014
0.000031
-0.000007
-0.000001
-0.000019
-0.000047
0.000070
0.000003
-0.000007
0.000016
-0.000013
-0.000005
0.000002
0.000081
0.000058
0.000009
0.000028
-0.000014
0.000034
-0.000009
0.000039
0.000031
-0.000002
0.000016
0.000012
0.000004
-0.000038
0.000032
0.000018
-0.000047
0.000038
0.000010
0.000028
0.000007
-0.000055
0.000045
-0.000023
0.000041
0.000002
0.000039
-0.000051
-0.000027
-0.000023
0.000006
-0.000013
-0.000048
0.000022
0.000075
-0.000016
-0.000033
-0.000037
-0.000079
0.000078
0.000013
-0.000038
0.000007
-0.000040
0.000015
-0.000018
-0.000018
0.000041
-0.000029
0.000002
0.000033
0.000022
-0.000042
-0.000031
0.000008
0.000000
-0.000043
0.000011
-0.000017
-0.000001
0.000013
-0.000009
0.000040
-0.000038
0.000003
-0.000005
-0.000020
-0.000013
0.000013
0.000072
0.000059
0.000017
0.000012
0.000005
0.000008
-0.000066
-0.000010
0.000048
-0.000087
-0.000014
0.000004
-0.000001
-0.000001
-0.000006
0.000011
-0.000021
-0.000014
-0.000005
0.000037
-0.000005
0.000017
-0.000025
-0.000013
0.000000
-0.000049
0.000008
0.000030
-0.000032
0.000007
0.000010
-0.000001
0.000013
-0.000038
-0.000036
0.000040
0.000023
0.000026
0.000002
-0.000044
0.000075
0.000040
-0.000044
-0.000019
-0.000013
0.000033
-0.000025
-0.000030
-0.000009
-0.000008
0.000018
0.000005
0.000015
-0.000004
0.000024
0.000024
0.000037
-0.000007
-0.000049
0.000014
-0.000036
-0.000056
0.000006
0.000016
-0.000007
0.000014
0.000012
-0.000016
-0.000006
0.000016
-0.000013
0.000024
0.000051
-0.000044
-0.000020
0.000039
0.000014
0.000013
0.000023
0.000039
0.000041
0.000000
-0.000019
0.000038
-0.000022
0.000029
0.000030
0.000027
-0.000050
0.000009
-0.000002
-0.000025
-0.000026
0.000022
-0.000020
0.000040
-0.000047
-0.000050
0.000027
0.000010
-0.000027
0.000023
-0.000006
0.000045
0.000013
-0.000053
0.000008
-0.000022
0.000019
-0.000007
-0.000051
-0.000010
-0.000020
-0.000013
-0.000023
-0.000059
-0.000004
-0.000027
-0.000009
-0.000018
0.000043
0.000029
0.000013
-0.000016
-0.000034
0.000053
0.000062
0.000027
-0.000046
0.000008
0.000066
-0.000017
-0.000013
0.000009
0.000017
0.000021
-0.000023
0.000012
-0.000019
0.000005
0.000001
0.000023
-0.000040
-0.000018
0.000040
0.000030
-0.000009
0.000060
-0.000029
-0.000001
0.000028
-0.000007
-0.000008
-0.000008
-0.000016
0.000023
0.000015
0.000035
-0.000015
-0.000073
0.000013
0.000069
-0.000024
0.000017
0.000027
0.000014
0.000005
-0.000055
0.000021
0.000001
0.000043
-0.000036
0.000064
-0.000008
0.000006
0.000033
-0.000025
-0.000031
-0.000102
0.000014
0.000013
-0.000017
0.000000
-0.000014
0.000019
-0.000033
0.000009
0.000047
-0.000033
-0.000005
0.000063
-0.000003
0.000016
0.000028
0.000010
0.000035
-0.000036
-0.000011
-0.000012
0.000031
-0.000049
-0.000041
0.000029
-0.000024
0.000023
-0.000011
0.000034
-0.000005
-0.000045
-0.000002
-0.000003
0.000004
-0.000013
-0.000041
0.000007
-0.000041
-0.000036
-0.000016
-0.000074
0.000029
0.000046
-0.000024
0.000017
-0.000018
-0.000032
-0.000006
-0.000032
-0.000056
-0.000012
0.000016
-0.000047
0.000038
0.000024
0.000027
-0.000014
0.000008
-0.000003
-0.000000
-0.000002
-0.000002
-0.000030
0.000012
-0.000018
0.000048
-0.000013
-0.000023
-0.000021
0.000018
0.000019
-0.000061
0.000042
-0.000028
0.000037
0.000007
-0.000016
0.000040
-0.000006
-0.000025
-0.000010
0.000034
-0.000039
0.000038
-0.000019
-0.000036
0.000005
0.000020
-0.000007
-0.000008
-0.000022
-0.000033
0.000074
0.000011
0.000001
-0.000016
-0.000018
-0.000002
0.000006
0.000022
0.000044
-0.000021
0.000013
-0.000047
0.000013
-0.000036
-0.000034
-0.000020
-0.000039
-0.000024
-0.000009
0.000000
0.000016
0.000014
0.000011
-0.000005
0.000007
0.000012
-0.000021
-0.000006
-0.000058
0.000001
0.000010
-0.000032
-0.000026
-0.000020
-0.000016
-0.000003
-0.000009
-0.000008
-0.000054
-0.000013
0.000020
0.000062
0.000007
-0.000009
-0.000028
0.000017
-0.000000
0.000034
0.000045
-0.000034
0.000017
0.000024
0.000021
0.000042
0.000017
0.000017
0.000032
0.000019
-0.000016
0.000031
-0.000015
0.000011
-0.000020
0.000016
0.000034
0.000023
-0.000052
-0.000008
-0.000009
0.000028
0.000002
0.000012
0.000043
0.000020
0.000016
-0.000038
-0.000002
0.000013
0.000002
-0.000037
0.000057
0.000034
0.000005
0.000006
0.000046
0.000005
-0.000022
-0.000007
-0.000057
-0.000038
0.000064
-0.000015
-0.000086
0.000013
0.000024
-0.000022
-0.000019
0.000003
0.000026
-0.000007
-0.000031
0.000045
0.000030
0.000021
0.000029
-0.000008
-0.000026
0.000007
-0.000015
0.000005
0.000053
0.000084
0.000019
-0.000026
-0.000028
-0.000010
0.000077
-0.000008
-0.000014
0.000001
-0.000058
0.000004
-0.000028
-0.000010
-0.000004
-0.000026
-0.000026
0.000002
-0.000060
-0.000011
-0.000035
-0.000028
-0.000050
-0.000019
-0.000050
-0.000063
-0.000040
0.000008
0.000022
-0.000023
0.000008
0.000044
0.000013
-0.000023
0.000014
-0.000060
-0.000038
0.000017
-0.000003
0.000033
-0.000017
0.000019
0.000000
-0.000022
0.000005
0.000047
0.000007
-0.000022
-0.000001
0.000002
0.000044
0.000046
-0.000002
-0.000013
-0.000022
-0.000024
-0.000022
0.000007
0.000015
-0.000023
-0.000050
-0.000048
-0.000009
-0.000024
0.000041
0.000009
0.000007
0.000018
-0.000019
-0.000046
-0.000018
0.000062
0.000050
-0.000007
-0.000005
-0.000008
0.000003
-0.000000
0.000006
-0.000013
0.000021
0.000001
0.000017
-0.000029
-0.000012
0.000006
0.000052
0.000025
0.000004
0.000073
0.000000
-0.000028
-0.000061
0.000014
0.000029
0.000004
0.000029
-0.000007
0.000044
0.000044
-0.000011
0.000006
-0.000047
-0.000013
0.000069
0.000032
0.000007
-0.000014
-0.000027
0.000004
-0.000009
-0.000014
0.000020
-0.000026
0.000011
0.000063
0.000043
0.000058
-0.000045
0.000033
0.000015
0.000038
-0.000016
-0.000007
-0.000038
-0.000019
-0.000020
-0.000009
-0.000003
0.000016
0.000044
0.000039
-0.000005
0.000006
0.000012
-0.000022
0.000028
0.000030
-0.000062
-0.000008
0.000056
-0.000037
-0.000015
0.000024
-0.000021
-0.000004
-0.000003
0.000003
0.000016
0.000016
-0.000020
0.000009
0.000029
-0.000005
-0.000001
0.000006
0.000012
-0.000055
-0.000001
0.000037
-0.000036
0.000054
0.000014
-0.000004
0.000014
0.000013
0.000026
-0.000035
-0.000009
-0.000025
0.000012
0.000022
0.000001
0.000037
-0.000028
-0.000058
0.000046
0.000016
0.000011
0.000049
0.000008
-0.000041
-0.000002
0.000004
-0.000007
-0.000009
0.000035
-0.000010
-0.000025
-0.000011
-0.000036
-0.000024
-0.000037
0.000036
0.000026
-0.000086
0.000040
0.000071
0.000004
0.000044
-0.000063
-0.000061
0.000027
-0.000000
-0.000031
0.000036
0.000016
-0.000002
-0.000020
0.000010
0.000017
0.000010
0.000043
0.000005
-0.000028
-0.000016
0.000042
0.000053
0.000022
0.000010
-0.000039
0.000006
-0.000010
0.000013
-0.000025
-0.000031
-0.000005
-0.000042
-0.000019
-0.000040
-0.000047
-0.000016
0.000037
-0.000043
0.000064
-0.000002
-0.000011
-0.000033
0.000004
0.000015
-0.000006
0.000046
0.000008
0.000034
0.000005
-0.000005
0.000023
0.000030
-0.000008
0.000035
0.000026
0.000023
0.000026
-0.000034
-0.000032
0.000021
0.000021
0.000084
0.000019
-0.000005
-0.000019
-0.000001
0.000042
0.000033
-0.000021
-0.000040
0.000010
-0.000009
-0.000023
-0.000019
-0.000010
-0.000033
-0.000027
-0.000036
0.000005
-0.000026
0.000001
0.000069
0.000001
-0.000017
0.000002
-0.000031
-0.000003
0.000035
-0.000002
-0.000049
-0.000036
0.000007
-0.000044
-0.000022
-0.000014
0.000003
0.000024
-0.000027
-0.000026
0.000008
-0.000015
0.000020
-0.000032
-0.000016
-0.000016
-0.000020
-0.000029
0.000048
-0.000033
-0.000028
0.000034
-0.000015
-0.000022
-0.000017
0.000034
0.000008
-0.000038
0.000023
-0.000039
0.000007
-0.000074
-0.000009
0.000003
-0.000045
-0.000028
-0.000054
-0.000011
-0.000023
0.000043
0.000024
-0.000034
0.000047
0.000026
0.000011
0.000003
0.000024
0.000006
0.000004
0.000001
-0.000016
-0.000006
-0.000005
0.000018
-0.000023
-0.000005
0.000031
0.000005
-0.000027
-0.000014
-0.000011
0.000001
-0.000012
-0.000010
-0.000016
0.000028
-0.000028
-0.000031
-0.000034
0.000023
0.000005
-0.000006
-0.000042
0.000052
-0.000022
0.000045
0.000004
0.000017
-0.000035
0.000023
0.000003
-0.000024
0.000003
0.000030
0.000040
0.000058
0.000060
0.000030
0.000010
0.000014
0.000033
-0.000011
0.000035
0.000006
0.000022
-0.000031
0.000021
-0.000013
-0.000031
0.000007
-0.000014
0.000022
0.000008
-0.000022
-0.000020
-0.000048
-0.000014
0.000008
0.000013
0.000027
0.000011
0.000022
-0.000004
0.000039
0.000020
-0.000022
-0.000042
-0.000031
0.000017
-0.000014
0.000037
0.000030
0.000018
0.000015
-0.000015
0.000009
-0.000042
-0.000016
-0.000033
-0.000012
-0.000014
-0.000006
-0.000012
-0.000020
-0.000030
-0.000041
-0.000054
-0.000010
0.000041
-0.000011
0.000006
0.000016
-0.000057
0.000002
0.000034
0.000014
0.000012
-0.000028
0.000000
0.000010
0.000029
-0.000003
-0.000028
0.000042
-0.000040
-0.000012
0.000058
-0.000022
0.000025
0.000017
-0.000052
0.000022
-0.000028
-0.000035
0.000032
0.000013
-0.000014
0.000053
0.000019
-0.000067
-0.000021
0.000019
0.000035
0.000022
0.000025
0.000006
0.000024
0.000029
-0.000043
-0.000040
0.000007
0.000007
0.000044
-0.000023
-0.000003
0.000003
-0.000007
0.000035
-0.000005
0.000015
-0.000002
0.000016
-0.000042
-0.000018
0.000046
0.000010
0.000021
-0.000044
-0.000003
0.000009
-0.000046
0.000006
0.000009
0.000031
-0.000008
-0.000010
0.000072
0.000014
0.000034
0.000058
0.000018
0.000021
-0.000017
-0.000009
-0.000015
-0.000012
-0.000016
0.000045
-0.000011
-0.000021
0.000008
-0.000016
-0.000014
-0.000027
0.000014
0.000021
0.000007
0.000050
-0.000037
-0.000019
-0.000026
0.000089
0.000008
0.000014
0.000008
-0.000005
-0.000000
0.000038
-0.000004
0.000036
-0.000042
-0.000057
-0.000013
-0.000005
0.000023
-0.000012
-0.000008
0.000014
-0.000027
-0.000027
-0.000025
0.000002
-0.000027
-0.000013
0.000007
0.000037
-0.000046
-0.000000
0.000038
0.000001
-0.000072
0.000021
-0.000003
-0.000062
-0.000031
-0.000059
0.000012
0.000031
-0.000013
-0.000054
0.000020
-0.000047
-0.000007
-0.000001
-0.000076
0.000029
0.000003
-0.000028
0.000003
-0.000011
0.000013
-0.000024
0.000008
-0.000009
-0.000061
-0.000027
0.000032
0.000035
0.000011
0.000068
-0.000007
0.000018
0.000038
0.000021
-0.000007
-0.000058
0.000033
0.000014
0.000051
-0.000005
0.000058
0.000042
0.000019
-0.000046
-0.000023
0.000009
-0.000015
-0.000007
0.000008
-0.000011
-0.000009
-0.000016
-0.000033
-0.000010
-0.000011
-0.000051
-0.000017
0.000016
-0.000041
-0.000006
-0.000018
0.000029
0.000053
-0.000021
-0.000008
0.000005
-0.000002
-0.000068
-0.000008
-0.000001
0.000013
-0.000013
-0.000021
-0.000008
0.000051
0.000029
-0.000052
0.000029
0.000026
0.000024
-0.000050
0.000002
-0.000046
-0.000028
-0.000038
0.000002
0.000004
0.000047
-0.000019
0.000006
0.000023
-0.000064
-0.000018
0.000014
-0.000012
-0.000010
0.000001
-0.000033
-0.000048
-0.000008
-0.000007
0.000020
0.000044
-0.000010
-0.000026
-0.000050
-0.000048
0.000028
-0.000046
0.000059
-0.000032
0.000051
0.000036
-0.000048
0.000011
0.000025
-0.000006
0.000032
0.000016
0.000072
0.000007
-0.000035
0.000032
0.000012
0.000017
0.000014
0.000022
0.000017
0.000004
-0.000006
-0.000021
0.000007
0.000046
0.000008
0.000013
0.000026
0.000005
0.000010
-0.000009
-0.000041
0.000033
0.000064
-0.000021
0.000005
-0.000026
-0.000026
0.000017
-0.000038
-0.000030
-0.000064
-0.000010
0.000008
-0.000045
-0.000031
0.000007
-0.000027
0.000019
-0.000034
0.000017
-0.000005
-0.000019
0.000019
-0.000027
0.000019
0.000048
0.000002
-0.000003
-0.000009
0.000000
-0.000017
0.000004
0.000025
-0.000013
-0.000027
-0.000070
-0.000013
-0.000015
0.000037
-0.000006
0.000022
0.000036
0.000002
0.000004
0.000005
0.000035
-0.000001
-0.000007
-0.000003
-0.000017
-0.000020
-0.000031
0.000005
0.000038
0.000020
0.000041
-0.000012
-0.000024
0.000008
0.000010
-0.000004
0.000009
-0.000031
-0.000040
0.000014
0.000002
0.000018
-0.000000
-0.000021
-0.000014
0.000024
-0.000049
0.000035
0.000051
0.000048
-0.000022
0.000005
0.000067
-0.000040
0.000016
-0.000006
0.000007
-0.000009
0.000004
-0.000029
0.000038
-0.000005
-0.000049
-0.000007
-0.000046
-0.000050
0.000012
0.000007
-0.000001
-0.000018
0.000018
-0.000022
0.000038
-0.000008
0.000004
-0.000042
-0.000018
0.000010
0.000004
-0.000013
0.000004
-0.000025
-0.000097
0.000025
-0.000087
0.000013
0.000015
-0.000044
0.000021
-0.000071
0.000013
-0.000011
-0.000049
0.000024
-0.000043
0.000001
-0.000021
-0.000004
0.000028
-0.000019
0.000001
-0.000040
0.000018
0.000040
-0.000026
-0.000016
0.000020
-0.000028
-0.000038
0.000030
0.000035
0.000029
-0.000004
0.000029
0.000018
0.000007
-0.000015
-0.000094
0.000011
-0.000055
-0.000013
0.000049
-0.000036
0.000029
-0.000023
-0.000014
-0.000013
-0.000009
0.000056
0.000001
-0.000043
0.000062
-0.000070
-0.000014
-0.000004
-0.000057
-0.000024
0.000003
-0.000020
0.000025
-0.000019
-0.000026
0.000020
0.000019
-0.000009
0.000030
0.000017
0.000022
-0.000019
0.000014
-0.000055
-0.000047
-0.000015
0.000011
-0.000003
0.000039
0.000007
-0.000009
0.000030
0.000034
0.000042
0.000005
-0.000004
0.000024
-0.000025
0.000004
0.000001
-0.000049
-0.000013
0.000031
-0.000036
-0.000031
-0.000023
0.000016
-0.000005
0.000040
0.000018
-0.000010
0.000039
-0.000022
0.000032
-0.000032
0.000001
0.000011
-0.000002
-0.000016
0.000037
-0.000002
0.000068
0.000046
0.000010
0.000002
0.000004
-0.000013
-0.000018
0.000005
0.000054
0.000062
-0.000011
-0.000000
0.000010
-0.000009
0.000019
0.000004
0.000047
-0.000046
-0.000034
0.000004
-0.000007
-0.000005
-0.000007
-0.000027
-0.000007
0.000005
-0.000004
-0.000010
0.000038
0.000060
-0.000024
0.000002
0.000026
0.000013
0.000000
-0.000004
0.000011
0.000035
-0.000008
0.000010
0.000049
0.000023
0.000017
0.000019
0.000002
0.000027
-0.000013
-0.000043
0.000007
-0.000062
-0.000008
-0.000030
-0.000049
0.000025
0.000005
-0.000059
-0.000004
0.000020
0.000039
0.000028
-0.000027
-0.000030
-0.000049
0.000021
-0.000026
0.000022
-0.000009
-0.000004
-0.000007
0.000054
-0.000033
0.000014
-0.000014
-0.000040
0.000026
-0.000034
0.000043
-0.000027
-0.000024
-0.000017
-0.000040
-0.000016
0.000020
-0.000008
-0.000027
0.000039
-0.000006
-0.000030
-0.000041
0.000006
0.000025
0.000010
0.000020
-0.000002
0.000046
0.000019
0.000009
0.000024
0.000029
-0.000053
-0.000000
-0.000043
0.000006
0.000014
-0.000038
0.000026
-0.000014
0.000018
0.000007
-0.000020
-0.000021
0.000004
-0.000040
-0.000030
0.000017
0.000020
-0.000001
0.000025
-0.000009
0.000008
0.000028
-0.000034
0.000038
0.000025
-0.000009
0.000054
-0.000016
-0.000055
-0.000059
0.000004
-0.000039
0.000005
0.000021
0.000017
0.000032
-0.000026
0.000028
0.000015
0.000011
0.000017
0.000006
0.000026
-0.000025
0.000041
-0.000005
0.000002
0.000044
0.000016
0.000009
0.000019
0.000018
0.000018
0.000058
0.000012
0.000026
-0.000011
0.000014
0.000006
-0.000016
0.000011
-0.000048
-0.000033
-0.000064
-0.000022
0.000013
0.000006
0.000003
-0.000052
0.000019
0.000010
-0.000045
0.000007
-0.000009
-0.000041
-0.000026
0.000000
-0.000011
-0.000042
-0.000046
0.000045
0.000004
-0.000047
-0.000039
-0.000046
-0.000017
0.000040
-0.000012
0.000014
-0.000012
-0.000048
-0.000045
0.000032
-0.000028
0.000063
-0.000014
-0.000021
0.000022
0.000001
-0.000027
0.000027
0.000006
-0.000006
-0.000015
-0.000009
-0.000034
0.000003
0.000014
-0.000052
0.000005
-0.000012
0.000022
0.000001
-0.000016
-0.000003
-0.000040
0.000038
-0.000036
-0.000075
-0.000004
-0.000056
0.000007
0.000001
0.000041
0.000053
-0.000038
-0.000036
-0.000020
0.000000
0.000010
0.000017
-0.000004
0.000060
0.000016
-0.000021
-0.000038
-0.000029
-0.000003
-0.000024
0.000020
-0.000009
-0.000015
0.000066
0.000032
0.000010
-0.000003
-0.000005
0.000047
-0.000037
0.000044
-0.000033
-0.000019
-0.000003
-0.000050
0.000030
0.000014
0.000026
0.000028
0.000021
-0.000001
-0.000009
-0.000014
0.000013
-0.000043
-0.000034
0.000005
-0.000026
-0.000013
-0.000005
0.000006
0.000013
-0.000001
-0.000020
0.000013
0.000055
0.000008
0.000041
0.000025
0.000018
0.000025
-0.000006
-0.000038
0.000021
0.000001
0.000007
-0.000010
-0.000049
0.000031
0.000005
-0.000037
0.000028
0.000023
0.000004
0.000006
0.000036
0.000057
-0.000005
0.000015
0.000018
-0.000037
-0.000048
-0.000011
0.000012
-0.000018
0.000003
-0.000005
0.000030
0.000014
0.000032
0.000028
-0.000017
0.000009
-0.000041
0.000001
0.000029
0.000005
0.000044
0.000032
0.000015
0.000044
-0.000033
0.000049
0.000021
0.000023
-0.000005
0.000044
-0.000019
0.000008
0.000010
-0.000083
0.000012
0.000031
0.000041
-0.000070
-0.000039
-0.000032
-0.000090
-0.000018
0.000004
-0.000037
0.000048
-0.000001
0.000034
0.000029
0.000011
-0.000015
-0.000108
-0.000024
0.000046
-0.000048
-0.000014
0.000022
0.000033
-0.000025
0.000015
0.000025
