-0.000528
-0.000531
-0.000531
-0.000529
-0.000524
-0.000518
-0.000510
-0.000500
-0.000489
-0.000475
-0.000460
-0.000444
-0.000426
-0.000407
-0.000386
-0.000365
-0.000342
-0.000320
-0.000297
-0.000275
-0.000254
-0.000235
-0.000217
-0.000201
-0.000187
-0.000175
-0.000165
-0.000158
-0.000153
-0.000150
-0.000148
-0.000147
-0.000149
-0.000151
-0.000157
-0.000164
-0.000174
-0.000186
-0.000200
-0.000216
-0.000233
-0.000251
-0.000269
-0.000289
-0.000308
-0.000327
-0.000344
-0.000361
-0.000375
-0.000388
-0.000400
-0.000410
-0.000417
-0.000423
-0.000427
-0.000429
-0.000430
-0.000427
-0.000422
-0.000414
-0.000403
-0.000388
-0.000370
-0.000349
-0.000325
-0.000298
-0.000269
-0.000239
-0.000207
-0.000174
-0.000140
-0.000105
-0.000070
-0.000036
-0.000000
0.000035
0.000070
0.000105
0.000139
0.000172
0.000204
0.000233
0.000260
0.000284
0.000305
0.000322
0.000335
0.000346
0.000352
0.000356
0.000355
0.000351
0.000344
0.000334
0.000322
0.000306
0.000286
0.000264
0.000240
0.000213
0.000182
0.000149
0.000114
0.000077
0.000039
-0.000000
-0.000039
-0.000078
-0.000118
-0.000156
-0.000192
-0.000228
-0.000260
-0.000292
-0.000322
-0.000348
-0.000374
-0.000396
-0.000417
-0.000435
-0.000450
-0.000462
-0.000469
-0.000474
-0.000475
-0.000473
-0.000467
-0.000458
-0.000446
-0.000432
-0.000416
-0.000397
-0.000377
-0.000356
-0.000334
-0.000312
-0.000289
-0.000266
-0.000243
-0.000218
-0.000194
-0.000171
-0.000149
-0.000127
-0.000107
-0.000089
-0.000073
-0.000059
-0.000049
-0.000042
-0.000038
-0.000036
-0.000037
-0.000041
-0.000045
-0.000052
-0.000061
-0.000072
-0.000083
-0.000098
-0.000115
-0.000134
-0.000155
-0.000178
-0.000202
-0.000226
-0.000250
-0.000273
-0.000294
-0.000315
-0.000334
-0.000350
-0.000365
-0.000377
-0.000388
-0.000397
-0.000403
-0.000407
-0.000408
-0.000409
-0.000407
-0.000402
-0.000394
-0.000384
-0.000370
-0.000354
-0.000335
-0.000314
-0.000291
-0.000265
-0.000238
-0.000211
-0.000184
-0.000156
-0.000130
-0.000104
-0.000079
-0.000055
-0.000033
-0.000010
0.000010
0.000030
0.000048
0.000064
0.000077
0.000089
0.000099
0.000104
0.000106
0.000104
0.000098
0.000091
0.000080
0.000068
0.000054
0.000038
0.000022
0.000004
-0.000013
-0.000032
-0.000050
-0.000069
-0.000087
-0.000106
-0.000124
-0.000142
-0.000159
-0.000176
-0.000190
-0.000204
-0.000213
-0.000220
-0.000225
-0.000226
-0.000223
-0.000217
-0.000208
-0.000197
-0.000184
-0.000167
-0.000150
-0.000129
-0.000108
-0.000085
-0.000061
-0.000035
-0.000009
0.000020
0.000049
0.000081
0.000112
0.000143
0.000173
0.000202
0.000229
0.000255
0.000278
0.000297
0.000314
0.000327
0.000336
0.000345
0.000351
0.000352
0.000353
0.000350
0.000344
0.000336
0.000324
0.000309
0.000292
0.000270
0.000244
0.000216
0.000184
0.000150
0.000114
0.000078
0.000040
0.000001
-0.000038
-0.000077
-0.000117
-0.000155
-0.000192
-0.000229
-0.000266
-0.000302
-0.000338
-0.000371
-0.000404
-0.000434
-0.000463
-0.000490
-0.000515
-0.000536
-0.000554
-0.000570
-0.000583
-0.000593
-0.000601
-0.000608
-0.000612
-0.000614
-0.000614
-0.000613
-0.000610
-0.000604
-0.000597
-0.000587
-0.000576
-0.000563
-0.000548
-0.000532
-0.000513
-0.000494
-0.000473
-0.000453
-0.000432
-0.000412
-0.000392
-0.000373
-0.000354
-0.000335
-0.000315
-0.000296
-0.000277
-0.000259
-0.000239
-0.000219
-0.000199
-0.000180
-0.000163
-0.000147
-0.000131
-0.000117
-0.000105
-0.000093
-0.000082
-0.000071
-0.000061
-0.000051
-0.000040
-0.000031
-0.000019
-0.000008
0.000004
0.000015
0.000026
0.000036
0.000046
0.000055
0.000064
0.000071
0.000078
0.000084
0.000090
0.000097
0.000104
0.000112
0.000120
0.000128
0.000135
0.000142
0.000148
0.000153
0.000156
0.000158
0.000159
0.000159
0.000157
0.000155
0.000150
0.000147
0.000143
0.000138
0.000133
0.000128
0.000122
0.000115
0.000106
0.000094
0.000083
0.000071
0.000056
0.000042
0.000027
0.000011
-0.000004
-0.000019
-0.000035
-0.000049
-0.000062
-0.000074
-0.000086
-0.000098
-0.000109
-0.000120
-0.000130
-0.000140
-0.000151
-0.000159
-0.000166
-0.000172
-0.000177
-0.000181
-0.000183
-0.000183
-0.000181
-0.000177
-0.000172
-0.000166
-0.000160
-0.000154
-0.000149
-0.000143
-0.000139
-0.000135
-0.000130
-0.000124
-0.000119
-0.000114
-0.000108
-0.000104
-0.000099
-0.000095
-0.000091
-0.000089
-0.000088
-0.000089
-0.000092
-0.000097
-0.000103
-0.000110
-0.000117
-0.000126
-0.000133
-0.000142
-0.000149
-0.000156
-0.000164
-0.000172
-0.000178
-0.000184
-0.000190
-0.000196
-0.000202
-0.000207
-0.000212
-0.000214
-0.000215
-0.000215
-0.000212
-0.000205
-0.000197
-0.000186
-0.000173
-0.000157
-0.000139
-0.000122
-0.000101
-0.000080
-0.000056
-0.000034
-0.000008
0.000019
0.000048
0.000077
0.000108
0.000138
0.000172
0.000207
0.000241
0.000276
0.000309
0.000342
0.000374
0.000405
0.000434
0.000460
0.000485
0.000509
0.000532
0.000553
0.000572
0.000590
0.000606
0.000620
0.000632
0.000641
0.000646
0.000649
0.000648
0.000646
0.000640
0.000631
0.000620
0.000607
0.000591
0.000576
0.000558
0.000540
0.000520
0.000501
0.000479
0.000456
0.000431
0.000405
0.000378
0.000349
0.000320
0.000291
0.000262
0.000233
0.000206
0.000180
0.000155
0.000131
0.000109
0.000088
0.000068
0.000050
0.000032
0.000014
-0.000003
-0.000018
-0.000033
-0.000047
-0.000060
-0.000070
-0.000077
-0.000084
-0.000086
-0.000087
-0.000085
-0.000082
-0.000079
-0.000074
-0.000068
-0.000061
-0.000054
-0.000046
-0.000038
-0.000031
-0.000020
-0.000009
0.000002
0.000015
0.000029
0.000042
0.000057
0.000072
0.000086
0.000100
0.000115
0.000128
0.000138
0.000148
0.000157
0.000165
0.000171
0.000177
0.000182
0.000186
0.000189
0.000190
0.000190
0.000188
0.000186
0.000181
0.000173
0.000163
0.000151
0.000139
0.000124
0.000109
0.000092
0.000076
0.000058
0.000040
0.000023
0.000005
-0.000012
-0.000028
-0.000046
-0.000065
-0.000084
-0.000101
-0.000118
-0.000135
-0.000152
-0.000167
-0.000181
-0.000194
-0.000205
-0.000213
-0.000219
-0.000223
-0.000225
-0.000224
-0.000223
-0.000220
-0.000216
-0.000211
-0.000204
-0.000197
-0.000189
-0.000178
-0.000167
-0.000154
-0.000139
-0.000124
-0.000106
-0.000087
-0.000067
-0.000048
-0.000028
-0.000010
0.000008
0.000025
0.000040
0.000056
0.000069
0.000083
0.000098
0.000110
0.000122
0.000136
0.000149
0.000161
0.000172
0.000182
0.000191
0.000199
0.000206
0.000211
0.000215
0.000218
0.000222
0.000226
0.000230
0.000235
0.000239
0.000244
0.000249
0.000254
0.000260
0.000266
0.000270
0.000273
0.000275
0.000276
0.000277
0.000278
0.000279
0.000279
0.000279
0.000279
0.000280
0.000281
0.000280
0.000280
0.000279
0.000276
0.000273
0.000267
0.000260
0.000251
0.000240
0.000227
0.000214
0.000200
0.000185
0.000170
0.000155
0.000139
0.000122
0.000105
0.000087
0.000068
0.000048
0.000027
0.000007
-0.000014
-0.000036
-0.000056
-0.000076
-0.000095
-0.000112
-0.000126
-0.000138
-0.000149
-0.000157
-0.000163
-0.000168
-0.000170
-0.000172
-0.000171
-0.000170
-0.000167
-0.000161
-0.000152
-0.000141
-0.000126
-0.000108
-0.000087
-0.000063
-0.000036
-0.000008
0.000021
0.000051
0.000081
0.000112
0.000143
0.000173
0.000203
0.000236
0.000267
0.000299
0.000330
0.000361
0.000391
0.000421
0.000450
0.000479
0.000504
0.000529
0.000550
0.000569
0.000583
0.000595
0.000606
0.000614
0.000620
0.000624
0.000626
0.000627
0.000625
0.000622
0.000615
0.000607
0.000596
0.000584
0.000568
0.000550
0.000528
0.000506
0.000481
0.000455
0.000427
0.000399
0.000370
0.000342
0.000314
0.000285
0.000256
0.000227
0.000196
0.000164
0.000132
0.000099
0.000066
0.000034
0.000000
-0.000030
-0.000061
-0.000091
-0.000119
-0.000146
-0.000170
-0.000192
-0.000214
-0.000234
-0.000254
-0.000273
-0.000291
-0.000308
-0.000324
-0.000339
-0.000353
-0.000366
-0.000376
-0.000384
-0.000389
-0.000393
-0.000394
-0.000393
-0.000391
-0.000388
-0.000383
-0.000377
-0.000369
-0.000361
-0.000352
-0.000342
-0.000331
-0.000320
-0.000306
-0.000291
-0.000274
-0.000256
-0.000238
-0.000219
-0.000200
-0.000181
-0.000162
-0.000144
-0.000127
-0.000112
-0.000096
-0.000082
-0.000069
-0.000056
-0.000045
-0.000033
-0.000021
-0.000011
0.000000
0.000010
0.000018
0.000024
0.000028
0.000029
0.000031
0.000031
0.000029
0.000026
0.000024
0.000021
0.000020
0.000017
0.000016
0.000016
0.000016
0.000015
0.000016
0.000018
0.000019
0.000022
0.000025
0.000029
0.000034
0.000040
0.000047
0.000058
0.000069
0.000083
0.000099
0.000118
0.000138
0.000160
0.000183
0.000206
0.000230
0.000255
0.000278
0.000302
0.000328
0.000352
0.000376
0.000400
0.000424
0.000449
0.000472
0.000493
0.000515
0.000534
0.000552
0.000567
0.000579
0.000588
0.000594
0.000598
0.000598
0.000596
0.000591
0.000582
0.000572
0.000559
0.000545
0.000529
0.000509
0.000487
0.000461
0.000433
0.000404
0.000373
0.000339
0.000304
0.000266
0.000227
0.000189
0.000151
0.000113
0.000075
0.000040
0.000005
-0.000029
-0.000062
-0.000093
-0.000123
-0.000152
-0.000179
-0.000204
-0.000227
-0.000248
-0.000266
-0.000281
-0.000294
-0.000302
-0.000306
-0.000308
-0.000306
-0.000301
-0.000295
-0.000287
-0.000276
-0.000265
-0.000252
-0.000237
-0.000221
-0.000204
-0.000185
-0.000164
-0.000143
-0.000121
-0.000096
-0.000068
-0.000042
-0.000015
0.000010
0.000037
0.000063
0.000086
0.000109
0.000130
0.000150
0.000168
0.000185
0.000201
0.000216
0.000229
0.000241
0.000252
0.000260
0.000268
0.000274
0.000276
0.000276
0.000274
0.000269
0.000262
0.000254
0.000242
0.000230
0.000216
0.000200
0.000184
0.000167
0.000148
0.000128
0.000109
0.000085
0.000062
0.000037
0.000010
-0.000018
-0.000046
-0.000076
-0.000103
-0.000132
-0.000159
-0.000185
-0.000210
-0.000235
-0.000259
-0.000282
-0.000303
-0.000324
-0.000345
-0.000364
-0.000383
-0.000399
-0.000415
-0.000429
-0.000439
-0.000448
-0.000454
-0.000456
-0.000456
-0.000453
-0.000448
-0.000440
-0.000430
-0.000418
-0.000403
-0.000387
-0.000370
-0.000352
-0.000330
-0.000307
-0.000283
-0.000257
-0.000230
-0.000202
-0.000173
-0.000143
-0.000113
-0.000083
-0.000054
-0.000026
0.000002
0.000027
0.000051
0.000072
0.000092
0.000111
0.000127
0.000142
0.000154
0.000165
0.000174
0.000180
0.000184
0.000186
0.000183
0.000177
0.000168
0.000156
0.000141
0.000126
0.000108
0.000088
0.000066
0.000044
0.000022
-0.000001
-0.000024
-0.000047
-0.000071
-0.000095
-0.000119
-0.000144
-0.000169
-0.000195
-0.000221
-0.000244
-0.000268
-0.000290
-0.000310
-0.000328
-0.000346
-0.000361
-0.000375
-0.000387
-0.000399
-0.000409
-0.000419
-0.000427
-0.000435
-0.000442
-0.000448
-0.000454
-0.000459
-0.000464
-0.000467
-0.000470
-0.000471
-0.000472
-0.000472
-0.000470
-0.000468
-0.000466
-0.000465
-0.000462
-0.000459
-0.000456
-0.000452
-0.000447
-0.000441
-0.000432
-0.000421
-0.000408
-0.000394
-0.000377
-0.000358
-0.000336
-0.000313
-0.000288
-0.000261
-0.000232
-0.000202
-0.000172
-0.000140
-0.000106
-0.000070
-0.000033
0.000008
0.000049
0.000092
0.000136
0.000179
0.000223
0.000267
0.000309
0.000349
0.000388
0.000426
0.000460
0.000493
0.000523
0.000551
0.000576
0.000599
0.000618
0.000636
0.000649
0.000660
0.000666
0.000668
0.000667
0.000660
0.000650
0.000636
0.000619
0.000599
0.000576
0.000550
0.000522
0.000493
0.000463
0.000433
0.000400
0.000368
0.000335
0.000303
0.000270
0.000236
0.000203
0.000170
0.000138
0.000108
0.000081
0.000055
0.000034
0.000016
0.000000
-0.000012
-0.000022
-0.000029
-0.000034
-0.000036
-0.000035
-0.000032
-0.000028
-0.000023
-0.000016
-0.000007
0.000004
0.000016
0.000030
0.000045
0.000062
0.000079
0.000096
0.000115
0.000132
0.000150
0.000166
0.000181
0.000195
0.000207
0.000218
0.000228
0.000236
0.000244
0.000251
0.000260
0.000266
0.000271
0.000275
0.000279
0.000281
0.000282
0.000282
0.000281
0.000278
0.000273
0.000269
0.000263
0.000259
0.000255
0.000250
0.000246
0.000242
0.000238
0.000234
0.000228
0.000223
0.000216
0.000208
0.000198
0.000187
0.000175
0.000162
0.000149
0.000135
0.000120
0.000105
0.000090
0.000075
0.000058
0.000040
0.000021
-0.000001
-0.000024
-0.000047
-0.000073
-0.000101
-0.000129
-0.000157
-0.000185
-0.000213
-0.000239
-0.000265
-0.000288
-0.000310
-0.000331
-0.000351
-0.000369
-0.000385
-0.000400
-0.000414
-0.000426
-0.000435
-0.000443
-0.000447
-0.000448
-0.000444
-0.000436
-0.000425
-0.000412
-0.000394
-0.000372
-0.000350
-0.000323
-0.000294
-0.000266
-0.000236
-0.000206
-0.000175
-0.000143
-0.000111
-0.000079
-0.000047
-0.000015
0.000017
0.000049
0.000080
0.000108
0.000136
0.000161
0.000183
0.000202
0.000217
0.000229
0.000237
0.000243
0.000247
0.000247
0.000245
0.000242
0.000236
0.000228
0.000220
0.000209
0.000197
0.000183
0.000167
0.000152
0.000135
0.000117
0.000100
0.000082
0.000065
0.000049
0.000034
0.000022
0.000011
0.000002
-0.000005
-0.000010
-0.000013
-0.000016
-0.000016
-0.000016
-0.000016
-0.000015
-0.000013
-0.000008
-0.000003
0.000003
0.000010
0.000019
0.000029
0.000040
0.000051
0.000061
0.000070
0.000079
0.000087
0.000093
0.000098
0.000101
0.000104
0.000106
0.000107
0.000107
0.000108
0.000108
0.000108
0.000107
0.000105
0.000103
0.000099
0.000095
0.000091
0.000087
0.000081
0.000076
0.000071
0.000066
0.000063
0.000060
0.000059
0.000059
0.000059
0.000059
0.000061
0.000063
0.000065
0.000068
0.000071
0.000074
0.000078
0.000082
0.000087
0.000090
0.000095
0.000100
0.000106
0.000111
0.000117
0.000124
0.000129
0.000133
0.000136
0.000137
0.000136
0.000134
0.000129
0.000123
0.000115
0.000107
0.000098
0.000088
0.000078
0.000068
0.000058
0.000047
0.000036
0.000024
0.000012
-0.000000
-0.000014
-0.000027
-0.000039
-0.000052
-0.000063
-0.000074
-0.000082
-0.000088
-0.000092
-0.000094
-0.000092
-0.000091
-0.000086
-0.000080
-0.000072
-0.000063
-0.000052
-0.000041
-0.000028
-0.000012
0.000005
0.000025
0.000047
0.000070
0.000096
0.000123
0.000151
0.000178
0.000207
0.000234
0.000261
0.000286
0.000311
0.000335
0.000358
0.000381
0.000403
0.000423
0.000442
0.000463
0.000481
0.000498
0.000512
0.000526
0.000536
0.000544
0.000550
0.000553
0.000555
0.000554
0.000553
0.000548
0.000543
0.000538
0.000532
0.000526
0.000520
0.000513
0.000505
0.000497
0.000488
0.000479
0.000468
0.000457
0.000446
0.000435
0.000425
0.000414
0.000404
0.000396
0.000389
0.000381
0.000375
0.000370
0.000366
0.000363
0.000358
0.000355
0.000351
0.000346
0.000342
0.000336
0.000332
0.000328
0.000324
0.000322
0.000319
0.000316
0.000312
0.000309
0.000306
0.000302
0.000298
0.000292
0.000285
0.000277
0.000268
0.000259
0.000247
0.000236
0.000224
0.000213
0.000201
0.000190
0.000178
0.000166
0.000154
0.000141
0.000126
0.000111
0.000096
0.000080
0.000063
0.000046
0.000029
0.000012
-0.000004
-0.000020
-0.000036
-0.000050
-0.000063
-0.000075
-0.000086
-0.000098
-0.000109
-0.000119
-0.000130
-0.000139
-0.000148
-0.000157
-0.000164
-0.000170
-0.000175
-0.000179
-0.000180
-0.000181
-0.000181
-0.000181
-0.000181
-0.000180
-0.000180
-0.000179
-0.000180
-0.000180
-0.000180
-0.000180
-0.000179
-0.000178
-0.000176
-0.000173
-0.000170
-0.000165
-0.000162
-0.000159
-0.000156
-0.000155
-0.000154
-0.000155
-0.000157
-0.000159
-0.000163
-0.000165
-0.000169
-0.000173
-0.000175
-0.000178
-0.000181
-0.000183
-0.000184
-0.000187
-0.000190
-0.000192
-0.000196
-0.000200
-0.000205
-0.000209
-0.000213
-0.000215
-0.000218
-0.000218
-0.000216
-0.000214
-0.000210
-0.000203
-0.000196
-0.000187
-0.000178
-0.000168
-0.000157
-0.000146
-0.000136
-0.000124
-0.000111
-0.000098
-0.000084
-0.000069
-0.000053
-0.000036
-0.000018
0.000000
0.000018
0.000034
0.000050
0.000065
0.000079
0.000091
0.000100
0.000108
0.000114
0.000119
0.000122
0.000125
0.000127
0.000127
0.000125
0.000122
0.000118
0.000112
0.000102
0.000092
0.000079
0.000063
0.000048
0.000030
0.000012
-0.000007
-0.000027
-0.000046
-0.000065
-0.000083
-0.000100
-0.000117
-0.000132
-0.000148
-0.000163
-0.000177
-0.000190
-0.000202
-0.000212
-0.000221
-0.000227
-0.000230
-0.000232
-0.000230
-0.000225
-0.000218
-0.000208
-0.000195
-0.000180
-0.000162
-0.000142
-0.000120
-0.000097
-0.000073
-0.000047
-0.000018
0.000012
0.000044
0.000076
0.000111
0.000147
0.000185
0.000225
0.000265
0.000304
0.000343
0.000380
0.000415
0.000449
0.000481
0.000512
0.000540
0.000566
0.000589
0.000613
0.000635
0.000653
0.000669
0.000682
0.000692
0.000697
0.000700
0.000697
0.000692
0.000681
0.000667
0.000647
0.000626
0.000602
0.000575
0.000544
0.000512
0.000478
0.000442
0.000403
0.000363
0.000321
0.000276
0.000230
0.000181
0.000131
0.000081
0.000031
-0.000020
-0.000069
-0.000117
-0.000163
-0.000208
-0.000251
-0.000290
-0.000329
-0.000365
-0.000398
-0.000430
-0.000459
-0.000487
-0.000510
-0.000531
-0.000548
-0.000562
-0.000573
-0.000579
-0.000581
-0.000580
-0.000575
-0.000566
-0.000555
-0.000540
-0.000524
-0.000506
-0.000485
-0.000460
-0.000435
-0.000410
-0.000381
-0.000351
-0.000320
-0.000288
-0.000253
-0.000217
-0.000180
-0.000144
-0.000105
-0.000068
-0.000031
0.000004
0.000038
0.000071
0.000103
0.000135
0.000165
0.000194
0.000222
0.000249
0.000276
0.000301
0.000325
0.000346
0.000366
0.000384
0.000400
0.000413
0.000425
0.000434
0.000441
0.000444
0.000448
0.000449
0.000449
0.000448
0.000445
0.000442
0.000437
0.000431
0.000424
0.000415
0.000403
0.000391
0.000377
0.000360
0.000342
0.000324
0.000306
0.000287
0.000268
0.000248
0.000229
0.000212
0.000193
0.000177
0.000160
0.000143
0.000126
0.000108
0.000092
0.000074
0.000058
0.000043
0.000030
0.000018
0.000008
0.000000
-0.000005
-0.000010
-0.000014
-0.000016
-0.000017
-0.000017
-0.000017
-0.000016
-0.000014
-0.000012
-0.000009
-0.000005
0.000000
0.000007
0.000013
0.000021
0.000028
0.000036
0.000044
0.000050
0.000055
0.000060
0.000064
0.000066
0.000065
0.000063
0.000061
0.000057
0.000053
0.000048
0.000043
0.000037
0.000031
0.000024
0.000016
0.000006
-0.000004
-0.000015
-0.000029
-0.000043
-0.000057
-0.000069
-0.000080
-0.000091
-0.000101
-0.000109
-0.000114
-0.000118
-0.000120
-0.000120
-0.000118
-0.000113
-0.000107
-0.000098
-0.000087
-0.000075
-0.000061
-0.000044
-0.000025
-0.000003
0.000021
0.000047
0.000076
0.000106
0.000138
0.000171
0.000205
0.000238
0.000272
0.000305
0.000336
0.000365
0.000394
0.000421
0.000447
0.000471
0.000493
0.000514
0.000533
0.000549
0.000563
0.000576
0.000583
0.000587
0.000587
0.000585
0.000576
0.000564
0.000549
0.000532
0.000512
0.000488
0.000463
0.000436
0.000408
0.000377
0.000345
0.000311
0.000274
0.000237
0.000200
0.000162
0.000122
0.000082
0.000041
0.000001
-0.000038
-0.000075
-0.000110
-0.000144
-0.000176
-0.000205
-0.000232
-0.000258
-0.000283
-0.000306
-0.000327
-0.000347
-0.000365
-0.000381
-0.000398
-0.000412
-0.000424
-0.000434
-0.000442
-0.000447
-0.000450
-0.000453
-0.000455
-0.000455
-0.000456
-0.000457
-0.000457
-0.000456
-0.000456
-0.000455
-0.000453
-0.000451
-0.000449
-0.000445
-0.000441
-0.000435
-0.000428
-0.000420
-0.000412
-0.000403
-0.000394
-0.000385
-0.000376
-0.000366
-0.000355
-0.000344
-0.000332
-0.000318
-0.000304
-0.000288
-0.000268
-0.000249
-0.000228
-0.000206
-0.000183
-0.000159
-0.000136
-0.000113
-0.000088
-0.000064
-0.000039
-0.000015
0.000010
0.000034
0.000059
0.000085
0.000111
0.000135
0.000161
0.000184
0.000207
0.000228
0.000248
0.000266
0.000280
0.000293
0.000302
0.000311
0.000316
0.000320
0.000323
0.000323
0.000322
0.000320
0.000318
0.000313
0.000306
0.000297
0.000286
0.000274
0.000259
0.000244
0.000228
0.000211
0.000193
0.000176
0.000158
0.000142
0.000127
0.000112
0.000100
0.000088
0.000076
0.000066
0.000056
0.000047
0.000039
0.000032
0.000026
0.000020
0.000017
0.000015
0.000014
0.000015
0.000018
0.000020
0.000024
0.000027
0.000030
0.000032
0.000035
0.000036
0.000036
0.000034
0.000031
0.000027
0.000024
0.000018
0.000012
0.000004
-0.000005
-0.000015
-0.000027
-0.000042
-0.000058
-0.000077
-0.000099
-0.000123
-0.000149
-0.000176
-0.000205
-0.000236
-0.000267
-0.000298
-0.000330
-0.000361
-0.000391
-0.000422
-0.000451
-0.000480
-0.000509
-0.000537
-0.000564
-0.000592
-0.000618
-0.000641
-0.000663
-0.000681
-0.000697
-0.000710
-0.000719
-0.000725
-0.000725
-0.000724
-0.000719
-0.000709
-0.000698
-0.000685
-0.000669
-0.000651
-0.000632
-0.000609
-0.000584
-0.000556
-0.000526
-0.000494
-0.000459
-0.000422
-0.000384
-0.000345
-0.000306
-0.000265
-0.000227
-0.000189
-0.000152
-0.000117
-0.000083
-0.000051
-0.000020
0.000011
0.000040
0.000068
0.000093
0.000117
0.000139
0.000159
0.000177
0.000192
0.000204
0.000214
0.000220
0.000224
0.000224
0.000223
0.000220
0.000215
0.000208
0.000201
0.000194
0.000186
0.000177
0.000168
0.000157
0.000146
0.000134
0.000121
0.000108
0.000094
0.000080
0.000068
0.000056
0.000046
0.000036
0.000028
0.000022
0.000018
0.000016
0.000016
0.000017
0.000018
0.000022
0.000026
0.000033
0.000042
0.000053
0.000066
0.000080
0.000097
0.000115
0.000137
0.000161
0.000187
0.000214
0.000243
0.000272
0.000301
0.000330
0.000358
0.000387
0.000413
0.000442
0.000468
0.000494
0.000520
0.000545
0.000569
0.000591
0.000612
0.000629
0.000645
0.000657
0.000666
0.000670
0.000671
0.000667
0.000661
0.000650
0.000636
0.000619
0.000599
0.000576
0.000550
0.000521
0.000488
0.000453
0.000415
0.000373
0.000330
0.000283
0.000233
0.000182
0.000129
0.000075
0.000020
-0.000032
-0.000086
-0.000137
-0.000189
-0.000236
-0.000283
-0.000327
-0.000369
-0.000407
-0.000442
-0.000474
-0.000504
-0.000531
-0.000555
-0.000574
-0.000588
-0.000598
-0.000604
-0.000605
-0.000601
-0.000594
-0.000583
-0.000569
-0.000552
-0.000532
-0.000511
-0.000487
-0.000462
-0.000435
-0.000409
-0.000382
-0.000354
-0.000325
-0.000297
-0.000269
-0.000242
-0.000217
-0.000193
-0.000170
-0.000150
-0.000131
-0.000116
-0.000102
-0.000091
-0.000084
-0.000078
-0.000074
-0.000073
-0.000073
-0.000075
-0.000077
-0.000081
-0.000086
-0.000092
-0.000099
-0.000107
-0.000117
-0.000128
-0.000138
-0.000149
-0.000160
-0.000171
-0.000181
-0.000190
-0.000197
-0.000202
-0.000205
-0.000207
-0.000206
-0.000205
-0.000203
-0.000200
-0.000196
-0.000193
-0.000188
-0.000184
-0.000179
-0.000173
-0.000167
-0.000161
-0.000152
-0.000144
-0.000135
-0.000126
-0.000118
-0.000110
-0.000104
-0.000098
-0.000095
-0.000094
-0.000095
-0.000097
-0.000101
-0.000107
-0.000114
-0.000121
-0.000128
-0.000137
-0.000147
-0.000156
-0.000166
-0.000178
-0.000192
-0.000206
-0.000219
-0.000234
-0.000249
-0.000264
-0.000279
-0.000292
-0.000305
-0.000314
-0.000322
-0.000328
-0.000332
-0.000333
-0.000332
-0.000331
-0.000327
-0.000321
-0.000314
-0.000306
-0.000296
-0.000285
-0.000272
-0.000258
-0.000241
-0.000222
-0.000202
-0.000180
-0.000156
-0.000132
-0.000107
-0.000081
-0.000056
-0.000031
-0.000007
0.000017
0.000041
0.000064
0.000086
0.000107
0.000127
0.000148
0.000168
0.000186
0.000204
0.000220
0.000235
0.000246
0.000256
0.000263
0.000269
0.000273
0.000273
0.000273
0.000271
0.000267
0.000263
0.000258
0.000252
0.000246
0.000239
0.000230
0.000221
0.000210
0.000197
0.000183
0.000168
0.000152
0.000136
0.000119
0.000103
0.000088
0.000072
0.000057
0.000043
0.000031
0.000019
0.000005
-0.000006
-0.000019
-0.000031
-0.000045
-0.000059
-0.000071
-0.000084
-0.000094
-0.000106
-0.000114
-0.000121
-0.000128
-0.000133
-0.000138
-0.000141
-0.000142
-0.000144
-0.000145
-0.000145
-0.000145
-0.000145
-0.000144
-0.000142
-0.000138
-0.000135
-0.000130
-0.000125
-0.000118
-0.000110
-0.000100
-0.000091
-0.000080
-0.000070
-0.000060
-0.000050
-0.000040
-0.000031
-0.000021
-0.000012
-0.000002
0.000009
0.000020
0.000032
0.000044
0.000055
0.000067
0.000078
0.000089
0.000099
0.000108
0.000115
0.000120
0.000126
0.000129
0.000133
0.000135
0.000136
0.000138
0.000137
0.000137
0.000136
0.000134
0.000130
0.000124
0.000117
0.000108
0.000099
0.000088
0.000076
0.000061
0.000047
0.000031
0.000015
-0.000000
-0.000016
-0.000031
-0.000047
-0.000063
-0.000079
-0.000094
-0.000112
-0.000128
-0.000145
-0.000163
-0.000180
-0.000197
-0.000213
-0.000227
-0.000241
-0.000253
-0.000264
-0.000275
-0.000284
-0.000291
-0.000299
-0.000304
-0.000310
-0.000315
-0.000320
-0.000325
-0.000328
-0.000330
-0.000333
-0.000335
-0.000335
-0.000334
-0.000332
-0.000329
-0.000326
-0.000321
-0.000317
-0.000313
-0.000310
-0.000307
-0.000306
-0.000304
-0.000302
-0.000301
-0.000300
-0.000298
-0.000296
-0.000295
-0.000292
-0.000289
-0.000285
-0.000281
-0.000278
-0.000275
-0.000275
-0.000275
-0.000275
-0.000278
-0.000280
-0.000283
-0.000285
-0.000288
-0.000289
-0.000291
-0.000291
-0.000292
-0.000293
-0.000294
-0.000295
-0.000295
-0.000297
-0.000298
-0.000300
-0.000303
-0.000307
-0.000311
-0.000314
-0.000315
-0.000317
-0.000318
-0.000317
-0.000317
-0.000317
-0.000316
-0.000316
-0.000316
-0.000315
-0.000315
-0.000316
-0.000317
-0.000317
-0.000318
-0.000319
-0.000320
-0.000320
-0.000320
-0.000320
-0.000319
-0.000318
-0.000317
-0.000319
-0.000320
-0.000324
-0.000327
-0.000331
-0.000336
-0.000341
-0.000346
-0.000351
-0.000355
-0.000359
-0.000362
-0.000366
-0.000369
-0.000373
-0.000376
-0.000380
-0.000384
-0.000389
-0.000396
-0.000401
-0.000407
-0.000412
-0.000417
-0.000421
-0.000425
-0.000427
-0.000429
-0.000430
-0.000432
-0.000433
-0.000433
-0.000435
-0.000437
-0.000439
-0.000441
-0.000444
-0.000445
-0.000447
-0.000448
-0.000446
-0.000444
-0.000441
-0.000437
-0.000430
-0.000423
-0.000414
-0.000405
-0.000395
-0.000383
-0.000371
-0.000358
-0.000344
-0.000331
-0.000316
-0.000299
-0.000280
-0.000260
-0.000238
-0.000214
-0.000190
-0.000164
-0.000138
-0.000112
-0.000086
-0.000062
-0.000038
-0.000014
0.000011
0.000035
0.000059
0.000083
0.000107
0.000131
0.000154
0.000176
0.000197
0.000218
0.000236
0.000254
0.000268
0.000280
0.000291
0.000301
0.000308
0.000312
0.000315
0.000316
0.000318
0.000318
0.000316
0.000313
0.000310
0.000305
0.000298
0.000289
0.000280
0.000268
0.000256
0.000242
0.000229
0.000216
0.000203
0.000189
0.000178
0.000166
0.000154
0.000143
0.000134
0.000124
0.000113
0.000103
0.000092
0.000082
0.000071
0.000061
0.000051
0.000042
0.000035
0.000027
0.000020
0.000016
0.000012
0.000008
0.000004
-0.000001
-0.000004
-0.000009
-0.000013
-0.000018
-0.000022
-0.000026
-0.000031
-0.000035
-0.000039
-0.000042
-0.000044
-0.000047
-0.000048
-0.000049
-0.000049
-0.000049
-0.000050
-0.000051
-0.000052
-0.000053
-0.000053
-0.000054
-0.000054
-0.000054
-0.000054
-0.000051
-0.000048
-0.000045
-0.000040
-0.000034
-0.000028
-0.000022
-0.000016
-0.000010
-0.000004
0.000002
0.000008
0.000014
0.000021
0.000028
0.000036
0.000045
0.000054
0.000064
0.000074
0.000085
0.000096
0.000106
0.000115
0.000124
0.000132
0.000140
0.000147
0.000154
0.000160
0.000168
0.000174
0.000181
0.000188
0.000195
0.000202
0.000209
0.000215
0.000220
0.000224
0.000226
0.000227
0.000227
0.000226
0.000226
0.000225
0.000222
0.000221
0.000217
0.000214
0.000209
0.000204
0.000197
0.000190
0.000180
0.000169
0.000157
0.000144
0.000129
0.000113
0.000097
0.000079
0.000061
0.000043
0.000025
0.000008
-0.000008
-0.000026
-0.000041
-0.000059
-0.000076
-0.000094
-0.000111
-0.000129
-0.000146
-0.000162
-0.000177
-0.000190
-0.000201
-0.000209
-0.000215
-0.000219
-0.000221
-0.000223
-0.000223
-0.000221
-0.000218
-0.000216
-0.000211
-0.000207
-0.000202
-0.000196
-0.000190
-0.000181
-0.000172
-0.000162
-0.000151
-0.000141
-0.000130
-0.000119
-0.000110
-0.000102
-0.000095
-0.000091
-0.000087
-0.000084
-0.000084
-0.000083
-0.000083
-0.000085
-0.000085
-0.000088
-0.000091
-0.000095
-0.000100
-0.000104
-0.000109
-0.000115
-0.000122
-0.000130
-0.000139
-0.000147
-0.000155
-0.000163
-0.000168
-0.000172
-0.000174
-0.000175
-0.000173
-0.000169
-0.000163
-0.000156
-0.000145
-0.000133
-0.000119
-0.000105
-0.000090
-0.000074
-0.000055
-0.000035
-0.000014
0.000009
0.000034
0.000060
0.000087
0.000115
0.000144
0.000170
0.000195
0.000219
0.000241
0.000262
0.000281
0.000297
0.000312
0.000325
0.000335
0.000343
0.000349
0.000352
0.000353
0.000350
0.000344
0.000335
0.000322
0.000304
0.000283
0.000260
0.000234
0.000205
0.000174
0.000142
0.000109
0.000073
0.000038
0.000004
-0.000031
-0.000066
-0.000101
-0.000134
-0.000167
-0.000200
-0.000233
-0.000264
-0.000294
-0.000322
-0.000347
-0.000370
-0.000388
-0.000402
-0.000416
-0.000425
-0.000431
-0.000433
-0.000432
-0.000431
-0.000428
-0.000422
-0.000416
-0.000407
-0.000398
-0.000386
-0.000373
-0.000359
-0.000342
-0.000323
-0.000304
-0.000284
-0.000265
-0.000246
-0.000227
-0.000209
-0.000192
-0.000176
-0.000161
-0.000147
-0.000133
-0.000122
-0.000112
-0.000101
-0.000092
-0.000082
-0.000074
-0.000066
-0.000060
-0.000054
-0.000049
-0.000046
-0.000043
-0.000041
-0.000039
-0.000037
-0.000036
-0.000035
-0.000033
-0.000031
-0.000027
-0.000021
-0.000015
-0.000006
0.000002
0.000012
0.000022
0.000033
0.000044
0.000056
0.000067
0.000080
0.000094
0.000107
0.000121
0.000138
0.000156
0.000175
0.000194
0.000214
0.000234
0.000254
0.000273
0.000292
0.000309
0.000325
0.000340
0.000353
0.000366
0.000377
0.000389
0.000399
0.000409
0.000418
0.000425
0.000430
0.000434
0.000435
0.000436
0.000435
0.000431
0.000425
0.000416
0.000405
0.000393
0.000379
0.000366
0.000351
0.000336
0.000319
0.000302
0.000286
0.000268
0.000250
0.000231
0.000212
0.000193
0.000173
0.000154
0.000134
0.000114
0.000096
0.000079
0.000064
0.000050
0.000039
0.000028
0.000020
0.000013
0.000007
0.000003
-0.000000
-0.000002
-0.000003
-0.000001
0.000003
0.000009
0.000016
0.000026
0.000038
0.000052
0.000068
0.000084
0.000101
0.000119
0.000138
0.000154
0.000172
0.000189
0.000204
0.000219
0.000232
0.000246
0.000259
0.000270
0.000280
0.000290
0.000297
0.000303
0.000306
0.000306
0.000304
0.000300
0.000291
0.000280
0.000268
0.000252
0.000235
0.000216
0.000194
0.000172
0.000149
0.000124
0.000098
0.000073
0.000047
0.000020
-0.000007
-0.000036
-0.000065
-0.000093
-0.000121
-0.000149
-0.000175
-0.000198
-0.000219
-0.000238
-0.000256
-0.000270
-0.000281
-0.000291
-0.000300
-0.000306
-0.000311
-0.000315
-0.000318
-0.000318
-0.000318
-0.000317
-0.000313
-0.000309
-0.000302
-0.000295
-0.000287
-0.000278
-0.000269
-0.000260
-0.000251
-0.000242
-0.000235
-0.000229
-0.000225
-0.000222
-0.000221
-0.000220
-0.000221
-0.000224
-0.000227
-0.000232
-0.000237
-0.000243
-0.000250
-0.000257
-0.000267
-0.000278
-0.000290
-0.000304
-0.000318
-0.000333
-0.000347
-0.000363
-0.000378
-0.000391
-0.000405
-0.000417
-0.000429
-0.000439
-0.000448
-0.000454
-0.000461
-0.000467
-0.000472
-0.000476
-0.000478
-0.000479
-0.000476
-0.000474
-0.000468
-0.000460
-0.000451
-0.000439
-0.000425
-0.000409
-0.000392
-0.000374
-0.000355
-0.000335
-0.000316
-0.000298
-0.000281
-0.000262
-0.000243
-0.000224
-0.000206
-0.000189
-0.000171
-0.000155
-0.000139
-0.000122
-0.000109
-0.000097
-0.000088
-0.000080
-0.000075
-0.000072
-0.000070
-0.000072
-0.000075
-0.000079
-0.000084
-0.000091
-0.000097
-0.000104
-0.000113
-0.000121
-0.000129
-0.000139
-0.000149
-0.000160
-0.000171
-0.000182
-0.000194
-0.000207
-0.000218
-0.000228
-0.000237
-0.000245
-0.000252
-0.000257
-0.000260
-0.000263
-0.000264
-0.000265
-0.000264
-0.000264
-0.000265
-0.000265
-0.000264
-0.000263
-0.000261
-0.000259
-0.000256
-0.000251
-0.000245
-0.000240
-0.000233
-0.000226
-0.000221
-0.000217
-0.000212
-0.000208
-0.000205
-0.000204
-0.000202
-0.000200
-0.000200
-0.000199
-0.000198
-0.000196
-0.000194
-0.000192
-0.000189
-0.000186
-0.000182
-0.000177
-0.000172
-0.000168
-0.000164
-0.000158
-0.000152
-0.000144
-0.000135
-0.000123
-0.000109
-0.000093
-0.000076
-0.000056
-0.000033
-0.000010
0.000016
0.000041
0.000068
0.000095
0.000124
0.000154
0.000184
0.000213
0.000243
0.000275
0.000306
0.000338
0.000368
0.000398
0.000427
0.000453
0.000476
0.000498
0.000517
0.000532
0.000544
0.000552
0.000558
0.000560
0.000559
0.000555
0.000549
0.000538
0.000526
0.000510
0.000491
0.000469
0.000443
0.000414
0.000382
0.000348
0.000310
0.000271
0.000230
0.000189
0.000149
0.000109
0.000069
0.000031
-0.000007
-0.000042
-0.000075
-0.000106
-0.000135
-0.000161
-0.000185
-0.000206
-0.000225
-0.000239
-0.000250
-0.000256
-0.000258
-0.000254
-0.000246
-0.000235
-0.000219
-0.000197
-0.000172
-0.000144
-0.000112
-0.000077
-0.000041
-0.000002
0.000038
0.000080
0.000123
0.000168
0.000215
0.000262
0.000309
0.000357
0.000404
0.000450
0.000493
0.000536
0.000576
0.000612
0.000645
0.000675
0.000701
0.000723
0.000741
0.000754
0.000764
0.000771
0.000775
0.000774
0.000769
0.000760
0.000747
0.000731
0.000710
0.000685
0.000658
0.000627
0.000592
0.000555
0.000517
0.000478
0.000437
0.000397
0.000356
0.000315
0.000273
0.000233
0.000193
0.000154
0.000115
0.000077
0.000041
0.000007
-0.000025
-0.000056
-0.000083
-0.000108
-0.000130
-0.000149
-0.000165
-0.000179
-0.000190
-0.000198
-0.000205
-0.000210
-0.000213
-0.000215
-0.000214
-0.000213
-0.000211
-0.000207
-0.000203
-0.000196
-0.000189
-0.000182
-0.000174
-0.000165
-0.000158
-0.000151
-0.000144
-0.000139
-0.000137
-0.000134
-0.000134
-0.000136
-0.000139
-0.000143
-0.000148
-0.000154
-0.000160
-0.000168
-0.000176
-0.000184
-0.000195
-0.000206
-0.000218
-0.000232
-0.000247
-0.000263
-0.000281
-0.000299
-0.000316
-0.000334
-0.000350
-0.000367
-0.000381
-0.000393
-0.000405
-0.000415
-0.000424
-0.000432
-0.000440
-0.000447
-0.000453
-0.000459
-0.000463
-0.000466
-0.000469
-0.000469
-0.000467
-0.000462
-0.000456
-0.000448
-0.000438
-0.000427
-0.000414
-0.000401
-0.000387
-0.000370
-0.000354
-0.000336
-0.000317
-0.000299
-0.000279
-0.000257
-0.000235
-0.000212
-0.000189
-0.000165
-0.000140
-0.000117
-0.000093
-0.000069
-0.000048
-0.000028
-0.000010
0.000008
0.000024
0.000038
0.000051
0.000062
0.000071
0.000080
0.000089
0.000094
0.000099
0.000100
0.000098
0.000094
0.000088
0.000078
0.000066
0.000052
0.000034
0.000015
-0.000005
-0.000027
-0.000050
-0.000073
-0.000098
-0.000125
-0.000151
-0.000178
-0.000208
-0.000239
-0.000273
-0.000307
-0.000341
-0.000377
-0.000411
-0.000444
-0.000476
-0.000507
-0.000537
-0.000565
-0.000590
-0.000614
-0.000635
-0.000656
-0.000673
-0.000689
-0.000703
-0.000715
-0.000725
-0.000733
-0.000738
-0.000740
-0.000739
-0.000733
-0.000724
-0.000712
-0.000697
-0.000679
-0.000659
-0.000635
-0.000611
-0.000584
-0.000555
-0.000525
-0.000494
-0.000460
-0.000425
-0.000389
-0.000352
-0.000312
-0.000273
-0.000231
-0.000190
-0.000148
-0.000106
-0.000066
-0.000026
0.000011
0.000048
0.000082
0.000116
0.000148
0.000177
0.000206
0.000234
0.000260
0.000285
0.000307
0.000330
0.000349
0.000366
0.000380
0.000392
0.000401
0.000408
0.000413
0.000417
0.000417
0.000417
0.000416
0.000413
0.000410
0.000407
0.000403
0.000399
0.000394
0.000388
0.000381
0.000374
0.000365
0.000355
0.000344
0.000332
0.000322
0.000310
0.000297
0.000285
0.000273
0.000262
0.000251
0.000241
0.000231
0.000219
0.000207
0.000194
0.000179
0.000164
0.000148
0.000130
0.000112
0.000096
0.000079
0.000062
0.000044
0.000028
0.000010
-0.000006
-0.000024
-0.000041
-0.000058
-0.000075
-0.000094
-0.000113
-0.000131
-0.000149
-0.000165
-0.000180
-0.000194
-0.000206
-0.000215
-0.000223
-0.000228
-0.000232
-0.000233
-0.000232
-0.000231
-0.000228
-0.000223
-0.000217
-0.000209
-0.000199
-0.000189
-0.000175
-0.000161
-0.000143
-0.000125
-0.000105
-0.000083
-0.000061
-0.000039
-0.000016
0.000006
0.000027
0.000048
0.000066
0.000082
0.000099
0.000114
0.000128
0.000142
0.000155
0.000167
0.000176
0.000182
0.000186
0.000188
0.000187
0.000183
0.000177
0.000168
0.000155
0.000138
0.000120
0.000100
0.000079
0.000056
0.000032
0.000006
-0.000020
-0.000046
-0.000075
-0.000104
-0.000133
-0.000164
-0.000195
-0.000227
-0.000259
-0.000291
-0.000321
-0.000349
-0.000376
-0.000400
-0.000422
-0.000442
-0.000458
-0.000472
-0.000482
-0.000490
-0.000495
-0.000500
-0.000501
-0.000499
-0.000497
-0.000492
-0.000482
-0.000469
-0.000454
-0.000435
-0.000413
-0.000389
-0.000360
-0.000331
-0.000300
-0.000267
-0.000232
-0.000198
-0.000162
-0.000126
-0.000090
-0.000054
-0.000016
0.000021
0.000058
0.000094
0.000132
0.000168
0.000205
0.000240
0.000273
0.000305
0.000334
0.000360
0.000384
0.000406
0.000425
0.000441
0.000456
0.000467
0.000478
0.000486
0.000492
0.000497
0.000498
0.000498
0.000496
0.000490
0.000482
0.000471
0.000459
0.000444
0.000428
0.000410
0.000392
0.000371
0.000351
0.000331
0.000312
0.000291
0.000272
0.000252
0.000233
0.000212
0.000193
0.000174
0.000154
0.000136
0.000117
0.000101
0.000087
0.000073
0.000062
0.000052
0.000045
0.000040
0.000037
0.000035
0.000035
0.000035
0.000036
0.000039
0.000042
0.000046
0.000051
0.000057
0.000065
0.000075
0.000086
0.000097
0.000111
0.000124
0.000138
0.000152
0.000166
0.000178
0.000189
0.000198
0.000206
0.000213
0.000218
0.000221
0.000224
0.000226
0.000225
0.000224
0.000221
0.000216
0.000210
0.000200
0.000188
0.000173
0.000156
0.000136
0.000115
0.000091
0.000067
0.000040
0.000013
-0.000015
-0.000044
-0.000072
-0.000100
-0.000127
-0.000155
-0.000183
-0.000210
-0.000235
-0.000262
-0.000289
-0.000313
-0.000336
-0.000356
-0.000373
-0.000388
-0.000400
-0.000409
-0.000415
-0.000417
-0.000418
-0.000415
-0.000411
-0.000405
-0.000396
-0.000386
-0.000374
-0.000361
-0.000346
-0.000330
-0.000312
-0.000292
-0.000271
-0.000250
-0.000226
-0.000202
-0.000178
-0.000155
-0.000132
-0.000110
-0.000091
-0.000071
-0.000053
-0.000036
-0.000020
-0.000006
0.000008
0.000019
0.000030
0.000039
0.000049
0.000056
0.000061
0.000064
0.000067
0.000068
0.000067
0.000064
0.000059
0.000054
0.000046
0.000040
0.000032
0.000024
0.000018
0.000011
0.000005
-0.000001
-0.000007
-0.000014
-0.000021
-0.000030
-0.000039
-0.000049
-0.000058
-0.000068
-0.000077
-0.000087
-0.000096
-0.000104
-0.000111
-0.000117
-0.000123
-0.000129
-0.000136
-0.000143
-0.000152
-0.000162
-0.000174
-0.000186
-0.000199
-0.000211
-0.000225
-0.000238
-0.000253
-0.000267
-0.000283
-0.000297
-0.000312
-0.000327
-0.000342
-0.000357
-0.000373
-0.000390
-0.000407
-0.000426
-0.000442
-0.000458
-0.000473
-0.000486
-0.000499
-0.000509
-0.000519
-0.000527
-0.000533
-0.000537
-0.000541
-0.000542
-0.000542
-0.000542
-0.000540
-0.000536
-0.000531
-0.000525
-0.000516
-0.000505
-0.000492
-0.000476
-0.000458
-0.000439
-0.000417
-0.000396
-0.000373
-0.000350
-0.000327
-0.000301
-0.000276
-0.000251
-0.000226
-0.000199
-0.000171
-0.000145
-0.000117
-0.000090
-0.000063
-0.000037
-0.000010
0.000015
0.000040
0.000063
0.000084
0.000103
0.000121
0.000137
0.000153
0.000168
0.000183
0.000196
0.000208
0.000221
0.000233
0.000244
0.000254
0.000262
0.000270
0.000277
0.000282
0.000287
0.000290
0.000293
0.000296
0.000300
0.000303
0.000306
0.000309
0.000312
0.000316
0.000321
0.000324
0.000327
0.000330
0.000333
0.000333
0.000334
0.000335
0.000335
0.000337
0.000338
0.000339
0.000340
0.000342
0.000344
0.000346
0.000348
0.000348
0.000349
0.000349
0.000348
0.000345
0.000343
0.000339
0.000336
0.000331
0.000328
0.000326
0.000323
0.000321
0.000320
0.000317
0.000316
0.000315
0.000312
0.000309
0.000306
0.000304
0.000301
0.000297
0.000294
0.000292
0.000292
0.000293
0.000294
0.000296
0.000302
0.000307
0.000312
0.000318
0.000324
0.000329
0.000335
0.000341
0.000347
0.000353
0.000359
0.000367
0.000376
0.000386
0.000397
0.000407
0.000418
0.000429
0.000440
0.000449
0.000459
0.000466
0.000473
0.000479
0.000483
0.000486
0.000489
0.000492
0.000494
0.000495
0.000495
0.000494
0.000492
0.000488
0.000483
0.000476
0.000466
0.000454
0.000441
0.000425
0.000407
0.000388
0.000367
0.000345
0.000323
0.000299
0.000276
0.000250
0.000225
0.000200
0.000174
0.000146
0.000118
0.000089
0.000058
0.000029
0.000000
-0.000028
-0.000055
-0.000081
-0.000104
-0.000126
-0.000146
-0.000163
-0.000179
-0.000192
-0.000205
-0.000217
-0.000227
-0.000235
-0.000241
-0.000246
-0.000248
-0.000248
-0.000246
-0.000241
-0.000233
-0.000222
-0.000209
-0.000195
-0.000179
-0.000161
-0.000143
-0.000124
-0.000105
-0.000086
-0.000068
-0.000049
-0.000031
-0.000012
0.000007
0.000024
0.000043
0.000061
0.000077
0.000094
0.000109
0.000121
0.000132
0.000139
0.000145
0.000149
0.000150
0.000149
0.000146
0.000141
0.000135
0.000128
0.000122
0.000112
0.000104
0.000094
0.000083
0.000070
0.000056
0.000041
0.000025
0.000008
-0.000009
-0.000027
-0.000045
-0.000062
-0.000079
-0.000093
-0.000106
-0.000116
-0.000125
-0.000132
-0.000139
-0.000144
-0.000147
-0.000149
-0.000151
-0.000151
-0.000151
-0.000148
-0.000144
-0.000138
-0.000129
-0.000118
-0.000105
-0.000090
-0.000074
-0.000057
-0.000041
-0.000024
-0.000007
0.000008
0.000023
0.000038
0.000052
0.000066
0.000079
0.000092
0.000104
0.000116
0.000128
0.000139
0.000149
0.000158
0.000164
0.000169
0.000171
0.000170
0.000168
0.000165
0.000161
0.000155
0.000148
0.000140
0.000133
0.000125
0.000118
0.000110
0.000102
0.000094
0.000085
0.000076
0.000066
0.000055
0.000044
0.000033
0.000022
0.000013
0.000003
-0.000005
-0.000013
-0.000018
-0.000023
-0.000025
-0.000026
-0.000026
-0.000028
-0.000028
-0.000029
-0.000029
-0.000030
-0.000029
-0.000029
-0.000029
-0.000027
-0.000025
-0.000023
-0.000021
-0.000019
-0.000016
-0.000013
-0.000013
-0.000013
-0.000014
-0.000017
-0.000021
-0.000027
-0.000035
-0.000044
-0.000055
-0.000066
-0.000078
-0.000091
-0.000104
-0.000118
-0.000133
-0.000150
-0.000166
-0.000185
-0.000205
-0.000227
-0.000249
-0.000272
-0.000295
-0.000319
-0.000343
-0.000368
-0.000390
-0.000412
-0.000432
-0.000449
-0.000465
-0.000482
-0.000496
-0.000510
-0.000524
-0.000535
-0.000546
-0.000556
-0.000562
-0.000568
-0.000570
-0.000570
-0.000569
-0.000564
-0.000556
-0.000545
-0.000531
-0.000515
-0.000499
-0.000481
-0.000462
-0.000442
-0.000422
-0.000400
-0.000378
-0.000355
-0.000330
-0.000304
-0.000277
-0.000249
-0.000219
-0.000189
-0.000159
-0.000129
-0.000099
-0.000071
-0.000043
-0.000016
0.000010
0.000034
0.000058
0.000080
0.000102
0.000123
0.000143
0.000162
0.000179
0.000194
0.000209
0.000222
0.000232
0.000240
0.000245
0.000249
0.000249
0.000248
0.000244
0.000240
0.000235
0.000229
0.000223
0.000215
0.000207
0.000198
0.000187
0.000175
0.000162
0.000148
0.000132
0.000117
0.000101
0.000084
0.000069
0.000053
0.000038
0.000023
0.000011
-0.000003
-0.000013
-0.000023
-0.000032
-0.000040
-0.000048
-0.000055
-0.000062
-0.000066
-0.000071
-0.000075
-0.000077
-0.000077
-0.000076
-0.000073
-0.000070
-0.000065
-0.000058
-0.000050
-0.000041
-0.000031
-0.000022
-0.000013
-0.000003
0.000005
0.000012
0.000020
0.000028
0.000036
0.000044
0.000053
0.000061
0.000069
0.000075
0.000082
0.000087
0.000089
0.000090
0.000089
0.000086
0.000081
0.000076
0.000069
0.000062
0.000053
0.000044
0.000035
0.000023
0.000013
0.000000
-0.000011
-0.000025
-0.000040
-0.000057
-0.000073
-0.000091
-0.000109
-0.000128
-0.000145
-0.000163
-0.000180
-0.000196
-0.000210
-0.000222
-0.000235
-0.000247
-0.000258
-0.000269
-0.000280
-0.000292
-0.000304
-0.000316
-0.000327
-0.000338
-0.000349
-0.000359
-0.000366
-0.000373
-0.000380
-0.000387
-0.000393
-0.000399
-0.000406
-0.000413
-0.000420
-0.000427
-0.000435
-0.000441
-0.000449
-0.000456
-0.000462
-0.000466
-0.000470
-0.000472
-0.000473
-0.000473
-0.000472
-0.000469
-0.000465
-0.000460
-0.000455
-0.000447
-0.000440
-0.000431
-0.000419
-0.000406
-0.000390
-0.000372
-0.000351
-0.000328
-0.000302
-0.000277
-0.000248
-0.000219
-0.000189
-0.000159
-0.000128
-0.000098
-0.000067
-0.000037
-0.000007
0.000023
0.000054
0.000085
0.000114
0.000144
0.000171
0.000198
0.000223
0.000246
0.000266
0.000283
0.000298
0.000310
0.000318
0.000325
0.000329
0.000331
0.000331
0.000329
0.000325
0.000320
0.000314
0.000306
0.000297
0.000285
0.000273
0.000259
0.000245
0.000229
0.000212
0.000196
0.000179
0.000164
0.000150
0.000137
0.000125
0.000114
0.000105
0.000098
0.000091
0.000086
0.000080
0.000076
0.000073
0.000069
0.000067
0.000066
0.000067
0.000069
0.000071
0.000076
0.000081
0.000088
0.000094
0.000102
0.000108
0.000114
0.000119
0.000123
0.000127
0.000130
0.000131
0.000131
0.000131
0.000128
0.000127
0.000125
0.000122
0.000120
0.000116
0.000112
0.000108
0.000102
0.000096
0.000089
0.000081
0.000073
0.000065
0.000056
0.000048
0.000041
0.000034
0.000029
0.000025
0.000021
0.000018
0.000016
0.000014
0.000013
0.000010
0.000008
0.000007
0.000007
0.000007
0.000008
0.000009
0.000012
0.000015
0.000019
0.000024
0.000030
0.000035
0.000039
0.000042
0.000045
0.000047
0.000048
0.000050
0.000049
0.000047
0.000045
0.000043
0.000040
0.000038
0.000036
0.000033
0.000032
0.000028
0.000024
0.000018
0.000012
0.000005
-0.000003
-0.000011
-0.000019
-0.000027
-0.000034
-0.000041
-0.000046
-0.000052
-0.000055
-0.000059
-0.000061
-0.000063
-0.000064
-0.000067
-0.000069
-0.000072
-0.000074
-0.000077
-0.000080
-0.000083
-0.000086
-0.000088
-0.000089
-0.000092
-0.000094
-0.000095
-0.000098
-0.000100
-0.000103
-0.000108
-0.000114
-0.000121
-0.000129
-0.000139
-0.000147
-0.000157
-0.000168
-0.000178
-0.000188
-0.000199
-0.000209
-0.000220
-0.000230
-0.000240
-0.000250
-0.000259
-0.000270
-0.000281
-0.000292
-0.000302
-0.000311
-0.000321
-0.000328
-0.000335
-0.000339
-0.000342
-0.000343
-0.000344
-0.000341
-0.000339
-0.000336
-0.000333
-0.000329
-0.000326
-0.000321
-0.000315
-0.000310
-0.000303
-0.000296
-0.000286
-0.000276
-0.000264
-0.000253
-0.000242
-0.000229
-0.000217
-0.000207
-0.000196
-0.000187
-0.000178
-0.000170
-0.000162
-0.000154
-0.000146
-0.000138
-0.000131
-0.000123
-0.000113
-0.000103
-0.000093
-0.000083
-0.000072
-0.000061
-0.000051
-0.000040
-0.000028
-0.000015
-0.000002
0.000012
0.000027
0.000044
0.000061
0.000079
0.000099
0.000120
0.000143
0.000164
0.000185
0.000206
0.000227
0.000248
0.000268
0.000287
0.000306
0.000323
0.000341
0.000356
0.000372
0.000385
0.000398
0.000407
0.000415
0.000420
0.000421
0.000420
0.000414
0.000406
0.000394
0.000379
0.000362
0.000342
0.000321
0.000296
0.000269
0.000239
0.000207
0.000174
0.000139
0.000103
0.000065
0.000026
-0.000013
-0.000053
-0.000095
-0.000134
-0.000174
-0.000213
-0.000249
-0.000284
-0.000316
-0.000346
-0.000373
-0.000397
-0.000419
-0.000437
-0.000453
-0.000468
-0.000479
-0.000488
-0.000496
-0.000500
-0.000502
-0.000500
-0.000495
-0.000488
-0.000477
-0.000464
-0.000448
-0.000432
-0.000413
-0.000393
-0.000373
-0.000352
-0.000331
-0.000310
-0.000288
-0.000268
-0.000247
-0.000227
-0.000206
-0.000186
-0.000167
-0.000147
-0.000130
-0.000114
-0.000098
-0.000084
-0.000074
-0.000065
-0.000058
-0.000053
-0.000050
-0.000049
-0.000048
-0.000048
-0.000048
-0.000050
-0.000051
-0.000054
-0.000057
-0.000062
-0.000067
-0.000073
-0.000080
-0.000089
-0.000099
-0.000110
-0.000120
-0.000130
-0.000141
-0.000151
-0.000161
-0.000171
-0.000181
-0.000188
-0.000194
-0.000202
-0.000208
-0.000214
-0.000220
-0.000226
-0.000231
-0.000235
-0.000237
-0.000239
-0.000240
-0.000238
-0.000236
-0.000231
-0.000225
-0.000217
-0.000208
-0.000196
-0.000184
-0.000172
-0.000158
-0.000143
-0.000128
-0.000111
-0.000094
-0.000076
-0.000056
-0.000035
-0.000012
0.000013
0.000037
0.000062
0.000086
0.000112
0.000136
0.000160
0.000184
0.000205
0.000226
0.000245
0.000264
0.000281
0.000297
0.000312
0.000325
0.000338
0.000350
0.000360
0.000368
0.000374
0.000378
0.000380
0.000380
0.000378
0.000374
0.000368
0.000360
0.000350
0.000341
0.000330
0.000319
0.000308
0.000297
0.000285
0.000272
0.000258
0.000245
0.000230
0.000216
0.000202
0.000188
0.000173
0.000160
0.000149
0.000140
0.000131
0.000125
0.000119
0.000115
0.000113
0.000112
0.000113
0.000115
0.000117
0.000119
0.000123
0.000128
0.000134
0.000140
0.000149
0.000159
0.000170
0.000182
0.000195
0.000208
0.000223
0.000238
0.000251
0.000266
0.000280
0.000292
0.000304
0.000317
0.000328
0.000339
0.000349
0.000358
0.000367
0.000376
0.000384
0.000392
0.000398
0.000403
0.000406
0.000408
0.000409
0.000407
0.000405
0.000400
0.000396
0.000389
0.000383
0.000375
0.000368
0.000360
0.000352
0.000343
0.000334
0.000325
0.000312
0.000300
0.000285
0.000270
0.000256
0.000241
0.000226
0.000211
0.000197
0.000183
0.000172
0.000160
0.000148
0.000137
0.000126
0.000114
0.000102
0.000090
0.000079
0.000068
0.000058
0.000047
0.000037
0.000027
0.000019
0.000011
0.000005
-0.000001
-0.000006
-0.000010
-0.000013
-0.000017
-0.000021
-0.000025
-0.000030
-0.000034
-0.000039
-0.000044
-0.000050
-0.000055
-0.000059
-0.000062
-0.000064
-0.000065
-0.000067
-0.000070
-0.000073
-0.000078
-0.000083
-0.000089
-0.000095
-0.000103
-0.000111
-0.000121
-0.000130
-0.000140
-0.000149
-0.000159
-0.000168
-0.000177
-0.000186
-0.000195
-0.000205
-0.000214
-0.000222
-0.000231
-0.000240
-0.000248
-0.000257
-0.000265
-0.000272
-0.000276
-0.000281
-0.000283
-0.000284
-0.000283
-0.000282
-0.000279
-0.000276
-0.000272
-0.000268
-0.000264
-0.000257
-0.000252
-0.000243
-0.000234
-0.000225
-0.000214
-0.000202
-0.000188
-0.000174
-0.000158
-0.000142
-0.000125
-0.000109
-0.000093
-0.000077
-0.000062
-0.000047
-0.000032
-0.000018
-0.000003
0.000012
0.000027
0.000044
0.000060
0.000076
0.000093
0.000108
0.000123
0.000138
0.000151
0.000163
0.000175
0.000186
0.000197
0.000209
0.000220
0.000232
0.000245
0.000258
0.000272
0.000286
0.000302
0.000317
0.000331
0.000347
0.000361
0.000373
0.000383
0.000394
0.000405
0.000414
0.000424
0.000433
0.000441
0.000449
0.000455
0.000460
0.000464
0.000465
0.000464
0.000461
0.000454
0.000445
0.000434
0.000420
0.000403
0.000384
0.000363
0.000340
0.000314
0.000286
0.000257
0.000225
0.000192
0.000158
0.000122
0.000085
0.000045
0.000004
-0.000036
-0.000078
-0.000118
-0.000158
-0.000196
-0.000232
-0.000266
-0.000297
-0.000327
-0.000353
-0.000377
-0.000398
-0.000417
-0.000433
-0.000446
-0.000457
-0.000466
-0.000470
-0.000473
-0.000472
-0.000467
-0.000460
-0.000449
-0.000435
-0.000419
-0.000401
-0.000381
-0.000361
-0.000339
-0.000319
-0.000297
-0.000276
-0.000257
-0.000238
-0.000220
-0.000203
-0.000186
-0.000170
-0.000155
-0.000142
-0.000131
-0.000122
-0.000115
-0.000109
-0.000107
-0.000107
-0.000110
-0.000116
-0.000123
-0.000132
-0.000142
-0.000152
-0.000163
-0.000174
-0.000184
-0.000195
-0.000204
-0.000214
-0.000223
-0.000230
-0.000237
-0.000243
-0.000248
-0.000252
-0.000254
-0.000254
-0.000252
-0.000248
-0.000241
-0.000232
-0.000220
-0.000206
-0.000190
-0.000173
-0.000155
-0.000136
-0.000115
-0.000096
-0.000075
-0.000057
-0.000038
-0.000020
-0.000003
0.000014
0.000030
0.000045
0.000058
0.000068
0.000077
0.000083
0.000085
0.000083
0.000078
0.000070
0.000058
0.000043
0.000025
0.000004
-0.000019
-0.000045
-0.000072
-0.000100
-0.000129
-0.000158
-0.000188
-0.000219
-0.000251
-0.000283
-0.000314
-0.000346
-0.000376
-0.000404
-0.000430
-0.000455
-0.000476
-0.000493
-0.000506
-0.000513
-0.000517
-0.000517
-0.000514
-0.000506
-0.000496
-0.000482
-0.000465
-0.000445
-0.000422
-0.000396
-0.000367
-0.000335
-0.000301
-0.000265
-0.000226
-0.000187
-0.000146
-0.000105
-0.000063
-0.000023
0.000017
0.000054
0.000091
0.000125
0.000157
0.000187
0.000215
0.000240
0.000261
0.000282
0.000300
0.000315
0.000327
0.000337
0.000343
0.000346
0.000347
0.000344
0.000339
0.000332
0.000321
0.000309
0.000297
0.000284
0.000272
0.000260
0.000248
0.000239
0.000228
0.000219
0.000211
0.000204
0.000198
0.000192
0.000188
0.000185
0.000182
0.000182
0.000184
0.000189
0.000197
0.000207
0.000219
0.000232
0.000246
0.000261
0.000276
0.000292
0.000308
0.000323
0.000337
0.000351
0.000363
0.000375
0.000387
0.000398
0.000409
0.000419
0.000428
0.000436
0.000441
0.000446
0.000449
0.000450
0.000447
0.000443
0.000436
0.000427
0.000416
0.000404
0.000389
0.000374
0.000358
0.000341
0.000325
0.000307
0.000290
0.000272
0.000253
0.000235
0.000215
0.000194
0.000175
0.000155
0.000135
0.000116
0.000096
0.000077
0.000059
0.000043
0.000027
0.000012
-0.000004
-0.000018
-0.000032
-0.000046
-0.000061
-0.000075
-0.000089
-0.000103
-0.000117
-0.000131
-0.000144
-0.000155
-0.000166
-0.000176
-0.000186
-0.000197
-0.000204
-0.000214
-0.000221
-0.000230
-0.000238
-0.000246
-0.000252
-0.000259
-0.000265
-0.000269
-0.000271
-0.000270
-0.000267
-0.000263
-0.000256
-0.000248
-0.000239
-0.000228
-0.000216
-0.000203
-0.000190
-0.000174
-0.000156
-0.000137
-0.000116
-0.000094
-0.000069
-0.000044
-0.000018
0.000011
0.000040
0.000069
0.000099
0.000127
0.000156
0.000183
0.000208
0.000232
0.000255
0.000277
0.000297
0.000317
0.000334
0.000351
0.000366
0.000380
0.000392
0.000403
0.000411
0.000416
0.000418
0.000418
0.000414
0.000409
0.000401
0.000393
0.000383
0.000373
0.000361
0.000349
0.000337
0.000324
0.000313
0.000302
0.000292
0.000281
0.000269
0.000258
0.000247
0.000236
0.000226
0.000220
0.000213
0.000209
0.000206
0.000205
0.000206
0.000209
0.000213
0.000218
0.000225
0.000231
0.000239
0.000245
0.000251
0.000257
0.000262
0.000268
0.000272
0.000277
0.000282
0.000284
0.000286
0.000287
0.000284
0.000282
0.000276
0.000267
0.000255
0.000240
0.000223
0.000202
0.000180
0.000157
0.000131
0.000102
0.000072
0.000041
0.000009
-0.000025
-0.000059
-0.000094
-0.000132
-0.000169
-0.000207
-0.000245
-0.000282
-0.000318
-0.000353
-0.000385
-0.000414
-0.000441
-0.000463
-0.000482
-0.000497
-0.000510
-0.000519
-0.000524
-0.000527
-0.000525
-0.000521
-0.000513
-0.000502
-0.000487
-0.000468
-0.000446
-0.000419
-0.000390
-0.000357
-0.000321
-0.000283
-0.000241
-0.000199
-0.000157
-0.000113
-0.000070
-0.000026
0.000016
0.000058
0.000099
0.000137
0.000174
0.000210
0.000245
0.000277
0.000307
0.000334
0.000357
0.000376
0.000391
0.000403
0.000410
0.000414
0.000412
0.000407
0.000398
0.000386
0.000370
0.000353
0.000332
0.000310
0.000285
0.000258
0.000229
0.000198
0.000168
0.000136
0.000103
0.000071
0.000038
0.000005
-0.000027
-0.000057
-0.000086
-0.000112
-0.000135
-0.000156
-0.000175
-0.000189
-0.000201
-0.000211
-0.000217
-0.000222
-0.000224
-0.000223
-0.000220
-0.000213
-0.000204
-0.000193
-0.000180
-0.000163
-0.000145
-0.000126
-0.000105
-0.000082
-0.000060
-0.000038
-0.000017
0.000003
0.000023
0.000042
0.000059
0.000076
0.000091
0.000105
0.000118
0.000129
0.000140
0.000149
0.000155
0.000160
0.000162
0.000162
0.000159
0.000153
0.000146
0.000137
0.000127
0.000116
0.000104
0.000094
0.000083
0.000073
0.000063
0.000052
0.000044
0.000037
0.000030
0.000024
0.000018
0.000014
0.000012
0.000010
0.000010
0.000011
0.000015
0.000021
0.000030
0.000042
0.000054
0.000070
0.000086
0.000104
0.000124
0.000142
0.000161
0.000179
0.000196
0.000211
0.000226
0.000240
0.000253
0.000263
0.000274
0.000284
0.000293
0.000300
0.000305
0.000308
0.000308
0.000305
0.000299
0.000289
0.000277
0.000261
0.000242
0.000221
0.000199
0.000175
0.000152
0.000128
0.000102
0.000076
0.000048
0.000020
-0.000007
-0.000035
-0.000063
-0.000091
-0.000117
-0.000142
-0.000166
-0.000188
-0.000208
-0.000225
-0.000240
-0.000252
-0.000261
-0.000268
-0.000273
-0.000273
-0.000274
-0.000272
-0.000267
-0.000262
-0.000255
-0.000246
-0.000236
-0.000222
-0.000206
-0.000191
-0.000174
-0.000156
-0.000138
-0.000120
-0.000102
-0.000085
-0.000068
-0.000054
-0.000041
-0.000030
-0.000022
-0.000015
-0.000010
-0.000007
-0.000006
-0.000006
-0.000008
-0.000011
-0.000014
-0.000021
-0.000029
-0.000039
-0.000052
-0.000066
-0.000081
-0.000098
-0.000114
-0.000131
-0.000148
-0.000164
-0.000179
-0.000193
-0.000205
-0.000217
-0.000225
-0.000234
-0.000241
-0.000246
-0.000249
-0.000252
-0.000252
-0.000251
-0.000248
-0.000242
-0.000234
-0.000224
-0.000211
-0.000195
-0.000177
-0.000156
-0.000134
-0.000111
-0.000087
-0.000062
-0.000037
-0.000012
0.000012
0.000037
0.000060
0.000084
0.000106
0.000129
0.000151
0.000173
0.000194
0.000214
0.000232
0.000248
0.000263
0.000275
0.000285
0.000291
0.000294
0.000297
0.000297
0.000295
0.000292
0.000287
0.000280
0.000273
0.000264
0.000255
0.000244
0.000231
0.000217
0.000201
0.000184
0.000167
0.000149
0.000130
0.000111
0.000092
0.000073
0.000053
0.000035
0.000019
0.000003
-0.000012
-0.000026
-0.000039
-0.000051
-0.000063
-0.000075
-0.000086
-0.000096
-0.000105
-0.000114
-0.000121
-0.000128
-0.000133
-0.000138
-0.000142
-0.000146
-0.000149
-0.000153
-0.000154
-0.000157
-0.000159
-0.000163
-0.000168
-0.000172
-0.000177
-0.000181
-0.000186
-0.000190
-0.000195
-0.000198
-0.000201
-0.000206
-0.000209
-0.000213
-0.000220
-0.000227
-0.000234
-0.000242
-0.000251
-0.000262
-0.000272
-0.000283
-0.000294
-0.000302
-0.000311
-0.000320
-0.000327
-0.000333
-0.000338
-0.000343
-0.000349
-0.000352
-0.000356
-0.000360
-0.000364
-0.000367
-0.000370
-0.000372
-0.000372
-0.000370
-0.000366
-0.000361
-0.000353
-0.000344
-0.000333
-0.000321
-0.000307
-0.000294
-0.000279
-0.000264
-0.000248
-0.000232
-0.000216
-0.000198
-0.000179
-0.000159
-0.000137
-0.000117
-0.000095
-0.000072
-0.000049
-0.000027
-0.000006
0.000014
0.000033
0.000051
0.000068
0.000084
0.000099
0.000113
0.000126
0.000137
0.000148
0.000158
0.000166
0.000174
0.000180
0.000183
0.000185
0.000186
0.000184
0.000181
0.000175
0.000168
0.000160
0.000151
0.000142
0.000131
0.000122
0.000111
0.000101
0.000090
0.000078
0.000065
0.000052
0.000038
0.000026
0.000013
-0.000000
-0.000013
-0.000025
-0.000036
-0.000045
-0.000054
-0.000060
-0.000066
-0.000071
-0.000072
-0.000075
-0.000078
-0.000079
-0.000080
-0.000080
-0.000080
-0.000080
-0.000077
-0.000073
-0.000068
-0.000060
-0.000050
-0.000040
-0.000027
-0.000014
-0.000001
0.000013
0.000027
0.000040
0.000054
0.000067
0.000080
0.000093
0.000106
0.000119
0.000133
0.000147
0.000162
0.000178
0.000192
0.000206
0.000220
0.000232
0.000244
0.000254
0.000263
0.000270
0.000275
0.000280
0.000285
0.000288
0.000291
0.000294
0.000297
0.000299
0.000300
0.000300
0.000301
0.000300
0.000298
0.000297
0.000293
0.000289
0.000284
0.000279
0.000273
0.000268
0.000262
0.000257
0.000254
0.000252
0.000250
0.000250
0.000249
0.000249
0.000249
0.000248
0.000248
0.000247
0.000247
0.000250
0.000251
0.000254
0.000258
0.000263
0.000269
0.000276
0.000283
0.000290
0.000299
0.000307
0.000315
0.000322
0.000328
0.000335
0.000343
0.000350
0.000357
0.000364
0.000372
0.000380
0.000389
0.000398
0.000406
0.000414
0.000420
0.000425
0.000428
0.000431
0.000433
0.000434
0.000433
0.000433
0.000431
0.000429
0.000426
0.000422
0.000417
0.000413
0.000406
0.000397
0.000388
0.000377
0.000364
0.000348
0.000331
0.000311
0.000292
0.000271
0.000249
0.000228
0.000206
0.000184
0.000162
0.000139
0.000115
0.000092
0.000069
0.000044
0.000019
-0.000008
-0.000034
-0.000060
-0.000086
-0.000111
-0.000133
-0.000155
-0.000175
-0.000192
-0.000208
-0.000221
-0.000232
-0.000243
-0.000251
-0.000257
-0.000263
-0.000268
-0.000270
-0.000270
-0.000268
-0.000264
-0.000257
-0.000248
-0.000235
-0.000220
-0.000202
-0.000182
-0.000161
-0.000138
-0.000114
-0.000089
-0.000064
-0.000038
-0.000012
0.000014
0.000041
0.000069
0.000097
0.000124
0.000152
0.000180
0.000207
0.000233
0.000257
0.000279
0.000298
0.000314
0.000329
0.000341
0.000351
0.000359
0.000363
0.000367
0.000369
0.000368
0.000366
0.000361
0.000355
0.000348
0.000338
0.000325
0.000310
0.000293
0.000274
0.000252
0.000231
0.000208
0.000184
0.000159
0.000134
0.000110
0.000084
0.000059
0.000034
0.000010
-0.000016
-0.000042
-0.000067
-0.000091
-0.000115
-0.000140
-0.000162
-0.000182
-0.000201
-0.000218
-0.000233
-0.000246
-0.000257
-0.000267
-0.000276
-0.000283
-0.000289
-0.000294
-0.000298
-0.000302
-0.000306
-0.000308
-0.000308
-0.000307
-0.000304
-0.000300
-0.000293
-0.000285
-0.000276
-0.000265
-0.000254
-0.000241
-0.000229
-0.000216
-0.000205
-0.000194
-0.000184
-0.000175
-0.000165
-0.000156
-0.000145
-0.000134
-0.000124
-0.000114
-0.000104
-0.000093
-0.000082
-0.000073
-0.000065
-0.000058
-0.000050
-0.000044
-0.000038
-0.000034
-0.000029
-0.000024
-0.000019
-0.000013
-0.000007
0.000000
0.000008
0.000016
0.000025
0.000033
0.000041
0.000050
0.000057
0.000065
0.000073
0.000081
0.000090
0.000103
0.000114
0.000127
0.000141
0.000157
0.000173
0.000189
0.000205
0.000221
0.000237
0.000253
0.000268
0.000283
0.000296
0.000309
0.000321
0.000334
0.000346
0.000357
0.000366
0.000375
0.000380
0.000386
0.000388
0.000388
0.000385
0.000381
0.000372
0.000361
0.000348
0.000333
0.000317
0.000298
0.000277
0.000256
0.000233
0.000208
0.000182
0.000153
0.000123
0.000093
0.000061
0.000028
-0.000004
-0.000037
-0.000069
-0.000100
-0.000129
-0.000155
-0.000179
-0.000201
-0.000220
-0.000236
-0.000251
-0.000261
-0.000270
-0.000276
-0.000280
-0.000282
-0.000280
-0.000276
-0.000267
-0.000257
-0.000243
-0.000225
-0.000204
-0.000179
-0.000152
-0.000123
-0.000093
-0.000062
-0.000030
0.000002
0.000034
0.000065
0.000094
0.000124
0.000153
0.000180
0.000206
0.000232
0.000258
0.000282
0.000304
0.000325
0.000342
0.000357
0.000369
0.000378
0.000383
0.000383
0.000382
0.000378
0.000371
0.000362
0.000350
0.000337
0.000322
0.000305
0.000287
0.000267
0.000247
0.000224
0.000201
0.000175
0.000150
0.000122
0.000095
0.000067
0.000039
0.000012
-0.000013
-0.000037
-0.000060
-0.000082
-0.000101
-0.000121
-0.000140
-0.000157
-0.000174
-0.000190
-0.000205
-0.000218
-0.000231
-0.000242
-0.000253
-0.000260
-0.000268
-0.000273
-0.000277
-0.000279
-0.000279
-0.000280
-0.000279
-0.000277
-0.000274
-0.000272
-0.000267
-0.000264
-0.000258
-0.000250
-0.000241
-0.000229
-0.000215
-0.000200
-0.000184
-0.000165
-0.000145
-0.000123
-0.000100
-0.000076
-0.000051
-0.000026
0.000001
0.000028
0.000057
0.000086
0.000116
0.000149
0.000183
0.000217
0.000253
0.000289
0.000324
0.000360
0.000394
0.000425
0.000457
0.000485
0.000510
0.000533
0.000553
0.000573
0.000589
0.000602
0.000612
0.000619
0.000624
0.000625
0.000622
0.000615
0.000603
0.000586
0.000564
0.000538
0.000508
0.000474
0.000436
0.000394
0.000350
0.000304
0.000257
0.000208
0.000159
0.000108
0.000055
0.000003
-0.000049
-0.000102
-0.000155
-0.000205
-0.000255
-0.000303
-0.000347
-0.000390
-0.000428
-0.000462
-0.000492
-0.000518
-0.000539
-0.000556
-0.000567
-0.000575
-0.000580
-0.000580
-0.000576
-0.000569
-0.000559
-0.000544
-0.000526
-0.000506
-0.000482
-0.000456
-0.000426
-0.000395
-0.000363
-0.000330
-0.000297
-0.000263
-0.000232
-0.000203
-0.000174
-0.000148
-0.000124
-0.000102
-0.000084
-0.000068
-0.000053
-0.000043
-0.000035
-0.000030
-0.000028
-0.000030
-0.000036
-0.000044
-0.000057
-0.000074
-0.000092
-0.000114
-0.000139
-0.000164
-0.000190
-0.000218
-0.000246
-0.000271
-0.000296
-0.000320
-0.000343
-0.000363
-0.000383
-0.000400
-0.000416
-0.000429
-0.000442
-0.000450
-0.000454
-0.000455
-0.000451
-0.000443
-0.000430
-0.000414
-0.000394
-0.000370
-0.000341
-0.000311
-0.000277
-0.000243
-0.000206
-0.000169
-0.000131
-0.000093
-0.000053
-0.000014
0.000026
0.000066
0.000106
0.000144
0.000182
0.000217
0.000250
0.000279
0.000306
0.000329
0.000348
0.000363
0.000375
0.000383
0.000387
0.000388
0.000387
0.000382
0.000375
0.000366
0.000354
0.000340
0.000325
0.000308
0.000289
0.000270
0.000248
0.000227
0.000205
0.000183
0.000161
0.000141
0.000122
0.000105
0.000091
0.000079
0.000069
0.000062
0.000057
0.000054
0.000053
0.000053
0.000055
0.000059
0.000063
0.000070
0.000079
0.000090
0.000101
0.000114
0.000129
0.000145
0.000161
0.000177
0.000193
0.000208
0.000222
0.000233
0.000243
0.000251
0.000256
0.000259
0.000260
0.000259
0.000257
0.000252
0.000246
0.000239
0.000230
0.000218
0.000205
0.000190
0.000173
0.000154
0.000133
0.000112
0.000090
0.000066
0.000043
0.000019
-0.000003
-0.000024
-0.000045
-0.000063
-0.000082
-0.000099
-0.000116
-0.000131
-0.000144
-0.000157
-0.000169
-0.000178
-0.000185
-0.000190
-0.000193
-0.000194
-0.000192
-0.000186
-0.000179
-0.000170
-0.000159
-0.000148
-0.000135
-0.000121
-0.000107
-0.000093
-0.000079
-0.000065
-0.000049
-0.000035
-0.000021
-0.000008
0.000007
0.000021
0.000036
0.000051
0.000067
0.000082
0.000095
0.000107
0.000118
0.000129
0.000139
0.000147
0.000155
0.000164
0.000172
0.000180
0.000189
0.000197
0.000206
0.000214
0.000223
0.000231
0.000242
0.000250
0.000258
0.000266
0.000273
0.000281
0.000289
0.000297
0.000306
0.000316
0.000325
0.000335
0.000346
0.000357
0.000368
0.000377
0.000386
0.000393
0.000400
0.000405
0.000409
0.000412
0.000414
0.000415
0.000416
0.000415
0.000413
0.000412
0.000409
0.000407
0.000402
0.000397
0.000388
0.000379
0.000368
0.000357
0.000344
0.000330
0.000316
0.000301
0.000288
0.000276
0.000264
0.000253
0.000242
0.000232
0.000222
0.000213
0.000203
0.000193
0.000183
0.000175
0.000168
0.000162
0.000158
0.000158
0.000157
0.000160
0.000165
0.000172
0.000182
0.000194
0.000207
0.000222
0.000236
0.000253
0.000270
0.000287
0.000305
0.000325
0.000345
0.000368
0.000392
0.000417
0.000441
0.000467
0.000492
0.000518
0.000542
0.000566
0.000588
0.000608
0.000627
0.000643
0.000657
0.000670
0.000681
0.000689
0.000698
0.000705
0.000709
0.000711
0.000711
0.000708
0.000701
0.000691
0.000679
0.000663
0.000645
0.000623
0.000599
0.000572
0.000543
0.000513
0.000480
0.000447
0.000413
0.000377
0.000341
0.000304
0.000265
0.000226
0.000186
0.000147
0.000108
0.000067
0.000028
-0.000009
-0.000045
-0.000078
-0.000110
-0.000139
-0.000164
-0.000188
-0.000209
-0.000226
-0.000241
-0.000253
-0.000263
-0.000270
-0.000274
-0.000276
-0.000273
-0.000267
-0.000257
-0.000243
-0.000227
-0.000206
-0.000183
-0.000157
-0.000129
-0.000100
-0.000069
-0.000038
-0.000006
0.000027
0.000058
0.000092
0.000126
0.000158
0.000190
0.000223
0.000254
0.000284
0.000313
0.000340
0.000366
0.000387
0.000405
0.000419
0.000431
0.000438
0.000443
0.000444
0.000441
0.000436
0.000427
0.000415
0.000401
0.000383
0.000363
0.000340
0.000315
0.000286
0.000256
0.000223
0.000188
0.000151
0.000113
0.000075
0.000036
-0.000001
-0.000037
-0.000072
-0.000104
-0.000135
-0.000163
-0.000189
-0.000212
-0.000234
-0.000253
-0.000270
-0.000285
-0.000297
-0.000305
-0.000311
-0.000313
-0.000311
-0.000306
-0.000296
-0.000283
-0.000268
-0.000249
-0.000227
-0.000204
-0.000180
-0.000155
-0.000128
-0.000102
-0.000074
-0.000045
-0.000017
0.000012
0.000039
0.000067
0.000094
0.000122
0.000147
0.000170
0.000190
0.000208
0.000222
0.000234
0.000241
0.000246
0.000247
0.000245
0.000241
0.000234
0.000225
0.000214
0.000200
0.000184
0.000165
0.000144
0.000121
0.000095
0.000068
0.000039
0.000008
-0.000024
-0.000057
-0.000092
-0.000125
-0.000156
-0.000187
-0.000216
-0.000243
-0.000269
-0.000292
-0.000315
-0.000334
-0.000352
-0.000367
-0.000382
-0.000394
-0.000403
-0.000411
-0.000415
-0.000417
-0.000416
-0.000413
-0.000407
-0.000398
-0.000389
-0.000377
-0.000364
-0.000350
-0.000336
-0.000323
-0.000309
-0.000296
-0.000283
-0.000271
-0.000259
-0.000249
-0.000239
-0.000230
-0.000221
-0.000214
-0.000206
-0.000200
-0.000197
-0.000195
-0.000195
-0.000198
-0.000203
-0.000208
-0.000216
-0.000225
-0.000235
-0.000246
-0.000256
-0.000267
-0.000277
-0.000287
-0.000295
-0.000304
-0.000312
-0.000317
-0.000321
-0.000326
-0.000328
-0.000330
-0.000329
-0.000326
-0.000319
-0.000311
-0.000298
-0.000282
-0.000264
-0.000242
-0.000217
-0.000190
-0.000162
-0.000132
-0.000099
-0.000065
-0.000030
0.000005
0.000040
0.000075
0.000111
0.000147
0.000184
0.000220
0.000257
0.000292
0.000324
0.000355
0.000384
0.000409
0.000431
0.000450
0.000465
0.000476
0.000483
0.000486
0.000486
0.000483
0.000478
0.000469
0.000456
0.000442
0.000424
0.000403
0.000380
0.000353
0.000324
0.000294
0.000262
0.000229
0.000193
0.000159
0.000124
0.000089
0.000054
0.000020
-0.000012
-0.000043
-0.000073
-0.000102
-0.000130
-0.000156
-0.000181
-0.000206
-0.000227
-0.000245
-0.000263
-0.000276
-0.000288
-0.000296
-0.000303
-0.000306
-0.000307
-0.000305
-0.000302
-0.000297
-0.000293
-0.000286
-0.000279
-0.000272
-0.000264
-0.000254
-0.000244
-0.000234
-0.000223
-0.000210
-0.000197
-0.000184
-0.000172
-0.000160
-0.000150
-0.000139
-0.000130
-0.000122
-0.000115
-0.000108
-0.000102
-0.000098
-0.000095
-0.000090
-0.000086
-0.000082
-0.000076
-0.000072
-0.000067
-0.000061
-0.000056
-0.000053
-0.000048
-0.000046
-0.000044
-0.000043
-0.000042
-0.000040
-0.000038
-0.000035
-0.000032
-0.000028
-0.000024
-0.000019
-0.000015
-0.000012
-0.000007
-0.000005
-0.000004
-0.000004
-0.000006
-0.000008
-0.000010
-0.000014
-0.000019
-0.000025
-0.000031
-0.000038
-0.000046
-0.000055
-0.000065
-0.000076
-0.000089
-0.000103
-0.000118
-0.000135
-0.000152
-0.000171
-0.000192
-0.000212
-0.000234
-0.000255
-0.000275
-0.000295
-0.000313
-0.000331
-0.000348
-0.000365
-0.000380
-0.000396
-0.000409
-0.000421
-0.000433
-0.000443
-0.000452
-0.000458
-0.000461
-0.000462
-0.000461
-0.000457
-0.000449
-0.000439
-0.000425
-0.000410
-0.000394
-0.000374
-0.000353
-0.000329
-0.000306
-0.000281
-0.000253
-0.000224
-0.000193
-0.000161
-0.000128
-0.000094
-0.000059
-0.000025
0.000010
0.000043
0.000075
0.000106
0.000134
0.000160
0.000184
0.000207
0.000228
0.000247
0.000264
0.000279
0.000292
0.000304
0.000312
0.000318
0.000323
0.000325
0.000323
0.000318
0.000310
0.000300
0.000287
0.000270
0.000254
0.000234
0.000213
0.000190
0.000167
0.000143
0.000118
0.000091
0.000064
0.000035
0.000005
-0.000026
-0.000057
-0.000090
-0.000123
-0.000155
-0.000189
-0.000221
-0.000251
-0.000280
-0.000309
-0.000335
-0.000360
-0.000383
-0.000406
-0.000428
-0.000448
-0.000468
-0.000486
-0.000503
-0.000517
-0.000531
-0.000541
-0.000549
-0.000556
-0.000561
-0.000562
-0.000561
-0.000557
-0.000552
-0.000546
-0.000538
-0.000529
-0.000519
-0.000508
-0.000494
-0.000479
-0.000463
-0.000446
-0.000426
-0.000406
-0.000383
-0.000359
-0.000333
-0.000307
-0.000280
-0.000252
-0.000224
-0.000196
-0.000169
-0.000141
-0.000113
-0.000085
-0.000057
-0.000030
-0.000003
0.000025
0.000053
0.000081
0.000108
0.000133
0.000160
0.000184
0.000206
0.000226
0.000245
0.000261
0.000276
0.000290
0.000302
0.000313
0.000323
0.000332
0.000339
0.000346
0.000353
0.000358
0.000360
0.000361
0.000361
0.000358
0.000355
0.000350
0.000344
0.000337
0.000331
0.000323
0.000316
0.000308
0.000301
0.000294
0.000286
0.000279
0.000271
0.000262
0.000254
0.000246
0.000236
0.000227
0.000218
0.000210
0.000203
0.000199
0.000195
0.000193
0.000193
0.000193
0.000193
0.000194
0.000196
0.000198
0.000199
0.000200
0.000201
0.000202
0.000203
0.000203
0.000204
0.000206
0.000207
0.000209
0.000210
0.000211
0.000212
0.000211
0.000208
0.000204
0.000198
0.000189
0.000179
0.000167
0.000153
0.000139
0.000124
0.000108
0.000092
0.000076
0.000060
0.000043
0.000026
0.000009
-0.000009
-0.000026
-0.000044
-0.000061
-0.000079
-0.000094
-0.000108
-0.000121
-0.000131
-0.000139
-0.000143
-0.000147
-0.000145
-0.000143
-0.000136
-0.000127
-0.000116
-0.000103
-0.000087
-0.000070
-0.000052
-0.000031
-0.000008
0.000017
0.000044
0.000073
0.000106
0.000137
0.000171
0.000205
0.000239
0.000274
0.000308
0.000341
0.000373
0.000403
0.000432
0.000458
0.000482
0.000506
0.000527
0.000545
0.000563
0.000577
0.000588
0.000598
0.000602
0.000604
0.000604
0.000599
0.000590
0.000579
0.000566
0.000550
0.000531
0.000511
0.000490
0.000468
0.000444
0.000420
0.000395
0.000369
0.000343
0.000316
0.000288
0.000261
0.000235
0.000209
0.000182
0.000156
0.000131
0.000109
0.000088
0.000069
0.000054
0.000039
0.000027
0.000018
0.000008
0.000001
-0.000007
-0.000013
-0.000017
-0.000022
-0.000025
-0.000027
-0.000029
-0.000029
-0.000027
-0.000023
-0.000019
-0.000014
-0.000009
-0.000005
-0.000000
0.000003
0.000004
0.000004
0.000003
-0.000000
-0.000004
-0.000008
-0.000013
-0.000019
-0.000026
-0.000032
-0.000039
-0.000047
-0.000055
-0.000064
-0.000075
-0.000086
-0.000098
-0.000111
-0.000124
-0.000139
-0.000152
-0.000167
-0.000179
-0.000191
-0.000202
-0.000213
-0.000222
-0.000230
-0.000239
-0.000246
-0.000253
-0.000260
-0.000266
-0.000272
-0.000276
-0.000279
-0.000281
-0.000282
-0.000282
-0.000280
-0.000277
-0.000273
-0.000266
-0.000260
-0.000252
-0.000244
-0.000237
-0.000230
-0.000224
-0.000218
-0.000212
-0.000207
-0.000201
-0.000194
-0.000189
-0.000183
-0.000176
-0.000168
-0.000161
-0.000155
-0.000149
-0.000144
-0.000140
-0.000137
-0.000134
-0.000132
-0.000130
-0.000127
-0.000124
-0.000122
-0.000117
-0.000112
-0.000107
-0.000100
-0.000092
-0.000084
-0.000076
-0.000067
-0.000058
-0.000049
-0.000040
-0.000030
-0.000020
-0.000010
-0.000001
0.000009
0.000020
0.000030
0.000041
0.000053
0.000064
0.000074
0.000082
0.000088
0.000093
0.000095
0.000096
0.000094
0.000091
0.000084
0.000076
0.000064
0.000053
0.000038
0.000021
0.000002
-0.000019
-0.000042
-0.000067
-0.000095
-0.000126
-0.000159
-0.000194
-0.000231
-0.000268
-0.000306
-0.000344
-0.000382
-0.000419
-0.000454
-0.000488
-0.000521
-0.000552
-0.000581
-0.000608
-0.000634
-0.000656
-0.000677
-0.000695
-0.000709
-0.000720
-0.000728
-0.000730
-0.000728
-0.000722
-0.000711
-0.000696
-0.000675
-0.000652
-0.000626
-0.000596
-0.000565
-0.000530
-0.000492
-0.000453
-0.000412
-0.000369
-0.000326
-0.000281
-0.000235
-0.000187
-0.000138
-0.000090
-0.000043
0.000003
0.000048
0.000091
0.000131
0.000168
0.000203
0.000236
0.000265
0.000291
0.000316
0.000336
0.000355
0.000372
0.000386
0.000397
0.000406
0.000412
0.000414
0.000414
0.000409
0.000402
0.000392
0.000380
0.000366
0.000351
0.000334
0.000318
0.000301
0.000284
0.000267
0.000250
0.000233
0.000217
0.000201
0.000184
0.000167
0.000151
0.000136
0.000121
0.000108
0.000095
0.000085
0.000076
0.000068
0.000063
0.000058
0.000054
0.000053
0.000051
0.000048
0.000048
0.000048
0.000048
0.000047
0.000047
0.000047
0.000047
0.000047
0.000047
0.000047
0.000047
0.000047
0.000046
0.000045
0.000042
0.000038
0.000032
0.000024
0.000016
0.000005
-0.000006
-0.000018
-0.000030
-0.000043
-0.000056
-0.000069
-0.000083
-0.000097
-0.000111
-0.000125
-0.000140
-0.000156
-0.000172
-0.000189
-0.000206
-0.000223
-0.000241
-0.000256
-0.000271
-0.000285
-0.000298
-0.000310
-0.000319
-0.000329
-0.000337
-0.000345
-0.000352
-0.000358
-0.000364
-0.000370
-0.000373
-0.000378
-0.000381
-0.000382
-0.000383
-0.000381
-0.000378
-0.000374
-0.000369
-0.000363
-0.000356
-0.000349
-0.000342
-0.000336
-0.000329
-0.000324
-0.000320
-0.000315
-0.000311
-0.000304
-0.000298
-0.000291
-0.000284
-0.000276
-0.000268
-0.000261
-0.000254
-0.000247
-0.000242
-0.000236
-0.000231
-0.000227
-0.000224
-0.000223
-0.000221
-0.000220
-0.000219
-0.000216
-0.000215
-0.000212
-0.000211
-0.000210
-0.000211
-0.000212
-0.000213
-0.000216
-0.000219
-0.000224
-0.000229
-0.000234
-0.000239
-0.000243
-0.000249
-0.000252
-0.000256
-0.000260
-0.000262
-0.000266
-0.000270
-0.000273
-0.000277
-0.000282
-0.000287
-0.000291
-0.000296
-0.000301
-0.000307
-0.000310
-0.000314
-0.000318
-0.000321
-0.000323
-0.000324
-0.000327
-0.000329
-0.000330
-0.000332
-0.000336
-0.000339
-0.000341
-0.000345
-0.000347
-0.000350
-0.000352
-0.000354
-0.000355
-0.000355
-0.000355
-0.000354
-0.000354
-0.000354
-0.000355
-0.000355
-0.000356
-0.000357
-0.000357
-0.000358
-0.000357
-0.000356
-0.000354
-0.000350
-0.000345
-0.000338
-0.000331
-0.000323
-0.000314
-0.000306
-0.000296
-0.000285
-0.000273
-0.000261
-0.000248
-0.000234
-0.000220
-0.000205
-0.000188
-0.000170
-0.000150
-0.000130
-0.000108
-0.000086
-0.000063
-0.000039
-0.000016
0.000007
0.000029
0.000051
0.000073
0.000094
0.000113
0.000132
0.000152
0.000172
0.000190
0.000209
0.000227
0.000245
0.000261
0.000275
0.000287
0.000297
0.000305
0.000311
0.000315
0.000317
0.000317
0.000317
0.000314
0.000312
0.000308
0.000302
0.000296
0.000288
0.000279
0.000269
0.000257
0.000245
0.000232
0.000219
0.000205
0.000191
0.000179
0.000167
0.000155
0.000144
0.000135
0.000127
0.000121
0.000115
0.000110
0.000108
0.000105
0.000104
0.000104
0.000106
0.000111
0.000117
0.000125
0.000136
0.000149
0.000165
0.000182
0.000200
0.000220
0.000239
0.000260
0.000282
0.000303
0.000324
0.000346
0.000366
0.000385
0.000405
0.000423
0.000442
0.000460
0.000477
0.000491
0.000504
0.000516
0.000524
0.000530
0.000532
0.000531
0.000526
0.000518
0.000508
0.000495
0.000480
0.000462
0.000443
0.000422
0.000400
0.000376
0.000350
0.000323
0.000294
0.000265
0.000236
0.000205
0.000175
0.000145
0.000117
0.000091
0.000067
0.000045
0.000026
0.000012
0.000000
-0.000008
-0.000011
-0.000011
-0.000009
-0.000002
0.000007
0.000020
0.000036
0.000054
0.000076
0.000102
0.000131
0.000162
0.000197
0.000234
0.000274
0.000314
0.000355
0.000396
0.000436
0.000476
0.000516
0.000552
0.000585
0.000616
0.000643
0.000668
0.000689
0.000708
0.000722
0.000733
0.000739
0.000741
0.000736
0.000728
0.000714
0.000695
0.000672
0.000644
0.000611
0.000574
0.000534
0.000490
0.000447
0.000399
0.000352
0.000302
0.000252
0.000201
0.000151
0.000101
0.000050
0.000002
-0.000045
-0.000090
-0.000132
-0.000172
-0.000208
-0.000240
-0.000268
-0.000290
-0.000307
-0.000319
-0.000327
-0.000332
-0.000330
-0.000325
-0.000316
-0.000303
-0.000288
-0.000270
-0.000248
-0.000224
-0.000197
-0.000168
-0.000137
-0.000103
-0.000068
-0.000033
0.000003
0.000037
0.000072
0.000104
0.000135
0.000164
0.000190
0.000213
0.000234
0.000252
0.000267
0.000280
0.000290
0.000298
0.000302
0.000305
0.000304
0.000301
0.000295
0.000286
0.000274
0.000260
0.000243
0.000224
0.000204
0.000184
0.000164
0.000144
0.000124
0.000105
0.000087
0.000070
0.000054
0.000039
0.000026
0.000015
0.000006
-0.000003
-0.000009
-0.000013
-0.000014
-0.000014
-0.000010
-0.000004
0.000005
0.000016
0.000027
0.000042
0.000058
0.000075
0.000092
0.000111
0.000127
0.000144
0.000161
0.000177
0.000191
0.000206
0.000220
0.000234
0.000246
0.000257
0.000266
0.000274
0.000280
0.000282
0.000283
0.000279
0.000273
0.000265
0.000255
0.000241
0.000226
0.000210
0.000192
0.000174
0.000155
0.000136
0.000117
0.000099
0.000080
0.000062
0.000045
0.000028
0.000012
-0.000004
-0.000018
-0.000031
-0.000042
-0.000049
-0.000053
-0.000053
-0.000050
-0.000046
-0.000038
-0.000028
-0.000016
-0.000002
0.000014
0.000033
0.000053
0.000073
0.000094
0.000118
0.000143
0.000168
0.000194
0.000221
0.000248
0.000274
0.000301
0.000326
0.000349
0.000372
0.000392
0.000410
0.000424
0.000435
0.000444
0.000449
0.000451
0.000451
0.000448
0.000444
0.000437
0.000428
0.000416
0.000402
0.000385
0.000365
0.000342
0.000318
0.000292
0.000264
0.000236
0.000208
0.000180
0.000154
0.000127
0.000101
0.000077
0.000054
0.000033
0.000015
-0.000000
-0.000014
-0.000028
-0.000038
-0.000047
-0.000054
-0.000058
-0.000060
-0.000057
-0.000054
-0.000048
-0.000039
-0.000028
-0.000015
-0.000000
0.000015
0.000031
0.000047
0.000063
0.000078
0.000092
0.000106
0.000118
0.000129
0.000138
0.000147
0.000156
0.000161
0.000165
0.000166
0.000165
0.000161
0.000153
0.000144
0.000129
0.000112
0.000093
0.000073
0.000048
0.000023
-0.000004
-0.000031
-0.000060
-0.000088
-0.000117
-0.000146
-0.000175
-0.000204
-0.000233
-0.000262
-0.000290
-0.000316
-0.000340
-0.000363
-0.000384
-0.000401
-0.000417
-0.000428
-0.000435
-0.000438
-0.000439
-0.000435
-0.000428
-0.000419
-0.000406
-0.000392
-0.000376
-0.000358
-0.000339
-0.000316
-0.000292
-0.000266
-0.000240
-0.000211
-0.000180
-0.000149
-0.000118
-0.000086
-0.000056
-0.000026
0.000002
0.000029
0.000054
0.000077
0.000098
0.000117
0.000135
0.000149
0.000162
0.000173
0.000182
0.000188
0.000194
0.000198
0.000199
0.000197
0.000194
0.000188
0.000180
0.000169
0.000158
0.000145
0.000131
0.000117
0.000104
0.000090
0.000076
0.000061
0.000048
0.000034
0.000022
0.000009
-0.000004
-0.000017
-0.000030
-0.000043
-0.000054
-0.000064
-0.000074
-0.000083
-0.000090
-0.000096
-0.000102
-0.000107
-0.000109
-0.000113
-0.000115
-0.000118
-0.000121
-0.000122
-0.000124
-0.000126
-0.000128
-0.000131
-0.000131
-0.000132
-0.000130
-0.000130
-0.000129
-0.000126
-0.000126
-0.000125
-0.000123
-0.000122
-0.000122
-0.000122
-0.000122
-0.000122
-0.000123
-0.000122
-0.000120
-0.000118
-0.000114
-0.000109
-0.000105
-0.000100
-0.000095
-0.000090
-0.000084
-0.000079
-0.000075
-0.000071
-0.000068
-0.000063
-0.000060
-0.000056
-0.000051
-0.000045
-0.000038
-0.000032
-0.000025
-0.000018
-0.000012
-0.000007
-0.000002
0.000003
0.000006
0.000008
0.000009
0.000010
0.000009
0.000009
0.000009
0.000008
0.000007
0.000007
0.000007
0.000006
0.000005
0.000003
0.000001
-0.000002
-0.000008
-0.000014
-0.000021
-0.000028
-0.000036
-0.000044
-0.000052
-0.000060
-0.000067
-0.000075
-0.000082
-0.000090
-0.000098
-0.000107
-0.000117
-0.000126
-0.000137
-0.000148
-0.000160
-0.000170
-0.000182
-0.000192
-0.000203
-0.000213
-0.000224
-0.000233
-0.000243
-0.000253
-0.000262
-0.000271
-0.000281
-0.000291
-0.000300
-0.000309
-0.000317
-0.000325
-0.000331
-0.000336
-0.000340
-0.000342
-0.000343
-0.000342
-0.000341
-0.000338
-0.000334
-0.000329
-0.000324
-0.000321
-0.000314
-0.000309
-0.000302
-0.000293
-0.000285
-0.000276
-0.000264
-0.000252
-0.000241
-0.000228
-0.000215
-0.000202
-0.000190
-0.000179
-0.000167
-0.000157
-0.000149
-0.000142
-0.000136
-0.000132
-0.000129
-0.000127
-0.000125
-0.000124
-0.000125
-0.000127
-0.000129
-0.000134
-0.000140
-0.000148
-0.000158
-0.000170
-0.000184
-0.000200
-0.000218
-0.000236
-0.000255
-0.000272
-0.000290
-0.000306
-0.000323
-0.000339
-0.000356
-0.000371
-0.000386
-0.000400
-0.000415
-0.000428
-0.000441
-0.000454
-0.000464
-0.000472
-0.000478
-0.000483
-0.000485
-0.000485
-0.000482
-0.000478
-0.000473
-0.000465
-0.000455
-0.000445
-0.000433
-0.000419
-0.000404
-0.000388
-0.000369
-0.000349
-0.000327
-0.000306
-0.000282
-0.000257
-0.000231
-0.000204
-0.000176
-0.000149
-0.000124
-0.000098
-0.000073
-0.000050
-0.000028
-0.000007
0.000013
0.000033
0.000051
0.000069
0.000086
0.000101
0.000116
0.000128
0.000139
0.000148
0.000155
0.000160
0.000162
0.000164
0.000164
0.000163
0.000160
0.000158
0.000154
0.000150
0.000145
0.000140
0.000134
0.000128
0.000121
0.000114
0.000105
0.000095
0.000085
0.000074
0.000062
0.000049
0.000038
0.000028
0.000018
0.000009
0.000001
-0.000007
-0.000014
-0.000021
-0.000028
-0.000036
-0.000042
-0.000050
-0.000057
-0.000064
-0.000068
-0.000073
-0.000077
-0.000080
-0.000080
-0.000079
-0.000078
-0.000075
-0.000071
-0.000066
-0.000060
-0.000054
-0.000049
-0.000043
-0.000037
-0.000031
-0.000025
-0.000019
-0.000012
-0.000004
0.000006
0.000015
0.000025
0.000036
0.000047
0.000056
0.000066
0.000074
0.000083
0.000090
0.000097
0.000104
0.000109
0.000115
0.000121
0.000127
0.000132
0.000138
0.000142
0.000148
0.000153
0.000156
0.000158
0.000158
0.000158
0.000158
0.000156
0.000154
0.000153
0.000150
0.000148
0.000146
0.000146
0.000145
0.000144
0.000143
0.000142
0.000141
0.000139
0.000137
0.000134
0.000130
0.000126
0.000121
0.000115
0.000111
0.000107
0.000103
0.000098
0.000092
0.000088
0.000083
0.000076
0.000069
0.000061
0.000051
0.000040
0.000028
0.000015
0.000002
-0.000011
-0.000024
-0.000038
-0.000052
-0.000065
-0.000079
-0.000093
-0.000106
-0.000119
-0.000132
-0.000146
-0.000160
-0.000173
-0.000186
-0.000197
-0.000206
-0.000216
-0.000223
-0.000228
-0.000231
-0.000233
-0.000232
-0.000229
-0.000225
-0.000219
-0.000211
-0.000202
-0.000191
-0.000180
-0.000168
-0.000154
-0.000139
-0.000122
-0.000104
-0.000084
-0.000064
-0.000041
-0.000018
0.000005
0.000027
0.000049
0.000070
0.000089
0.000107
0.000123
0.000137
0.000149
0.000161
0.000170
0.000178
0.000185
0.000189
0.000193
0.000194
0.000192
0.000190
0.000184
0.000177
0.000167
0.000155
0.000140
0.000125
0.000108
0.000090
0.000071
0.000052
0.000033
0.000016
-0.000003
-0.000019
-0.000036
-0.000051
-0.000065
-0.000078
-0.000091
-0.000102
-0.000112
-0.000118
-0.000124
-0.000127
-0.000127
-0.000124
-0.000118
-0.000111
-0.000100
-0.000087
-0.000071
-0.000054
-0.000036
-0.000017
0.000004
0.000026
0.000049
0.000072
0.000096
0.000120
0.000144
0.000170
0.000195
0.000221
0.000244
0.000267
0.000288
0.000306
0.000322
0.000336
0.000347
0.000356
0.000363
0.000367
0.000369
0.000369
0.000367
0.000363
0.000359
0.000352
0.000344
0.000334
0.000323
0.000309
0.000293
0.000276
0.000259
0.000240
0.000221
0.000201
0.000181
0.000163
0.000147
0.000132
0.000117
0.000105
0.000093
0.000082
0.000072
0.000064
0.000056
0.000050
0.000044
0.000039
0.000036
0.000034
0.000033
0.000034
0.000037
0.000040
0.000046
0.000051
0.000058
0.000066
0.000073
0.000082
0.000089
0.000094
0.000100
0.000104
0.000108
0.000111
0.000114
0.000117
0.000119
0.000120
0.000121
0.000122
0.000122
0.000120
0.000117
0.000112
0.000106
0.000100
0.000093
0.000085
0.000077
0.000069
0.000061
0.000054
0.000048
0.000044
0.000041
0.000038
0.000035
0.000034
0.000034
0.000035
0.000036
0.000037
0.000040
0.000043
0.000049
0.000056
0.000063
0.000072
0.000084
0.000096
0.000110
0.000125
0.000140
0.000155
0.000170
0.000185
0.000197
0.000211
0.000222
0.000235
0.000245
0.000257
0.000266
0.000276
0.000285
0.000292
0.000299
0.000305
0.000309
0.000310
0.000310
0.000308
0.000304
0.000297
0.000290
0.000280
0.000270
0.000258
0.000245
0.000233
0.000220
0.000206
0.000193
0.000179
0.000164
0.000149
0.000133
0.000116
0.000099
0.000082
0.000064
0.000046
0.000028
0.000012
-0.000002
-0.000015
-0.000027
-0.000039
-0.000050
-0.000059
-0.000068
-0.000076
-0.000084
-0.000092
-0.000099
-0.000105
-0.000112
-0.000118
-0.000122
-0.000126
-0.000128
-0.000130
-0.000131
-0.000131
-0.000130
-0.000129
-0.000128
-0.000128
-0.000126
-0.000125
-0.000123
-0.000122
-0.000122
-0.000120
-0.000118
-0.000115
-0.000112
-0.000108
-0.000104
-0.000099
-0.000094
-0.000088
-0.000083
-0.000078
-0.000074
-0.000071
-0.000068
-0.000065
-0.000063
-0.000060
-0.000057
-0.000054
-0.000050
-0.000046
-0.000043
-0.000040
-0.000036
-0.000034
-0.000033
-0.000033
-0.000035
-0.000038
-0.000042
-0.000046
-0.000051
-0.000057
-0.000063
-0.000071
-0.000080
-0.000089
-0.000097
-0.000107
-0.000117
-0.000128
-0.000141
-0.000154
-0.000168
-0.000183
-0.000200
-0.000216
-0.000233
-0.000249
-0.000265
-0.000279
-0.000293
-0.000306
-0.000316
-0.000325
-0.000334
-0.000341
-0.000347
-0.000353
-0.000357
-0.000360
-0.000362
-0.000364
-0.000362
-0.000358
-0.000352
-0.000344
-0.000332
-0.000320
-0.000305
-0.000289
-0.000271
-0.000252
-0.000233
-0.000214
-0.000194
-0.000174
-0.000155
-0.000135
-0.000115
-0.000093
-0.000072
-0.000050
-0.000029
-0.000008
0.000013
0.000030
0.000049
0.000064
0.000077
0.000088
0.000096
0.000103
0.000109
0.000112
0.000114
0.000114
0.000113
0.000112
0.000111
0.000108
0.000106
0.000103
0.000098
0.000092
0.000086
0.000079
0.000071
0.000063
0.000054
0.000048
0.000042
0.000036
0.000032
0.000029
0.000029
0.000029
0.000032
0.000036
0.000040
0.000044
0.000049
0.000054
0.000059
0.000063
0.000069
0.000074
0.000080
0.000086
0.000094
0.000101
0.000108
0.000115
0.000120
0.000125
0.000127
0.000128
0.000127
0.000124
0.000118
0.000111
0.000100
0.000088
0.000075
0.000060
0.000044
0.000026
0.000007
-0.000013
-0.000033
-0.000054
-0.000077
-0.000101
-0.000125
-0.000150
-0.000175
-0.000201
-0.000225
-0.000249
-0.000270
-0.000289
-0.000305
-0.000320
-0.000332
-0.000342
-0.000350
-0.000355
-0.000359
-0.000359
-0.000359
-0.000356
-0.000351
-0.000343
-0.000333
-0.000320
-0.000306
-0.000288
-0.000268
-0.000245
-0.000221
-0.000195
-0.000169
-0.000142
-0.000117
-0.000091
-0.000066
-0.000041
-0.000018
0.000003
0.000025
0.000043
0.000060
0.000076
0.000089
0.000101
0.000111
0.000119
0.000124
0.000126
0.000126
0.000123
0.000117
0.000108
0.000096
0.000083
0.000066
0.000049
0.000032
0.000015
-0.000002
-0.000021
-0.000040
-0.000059
-0.000078
-0.000096
-0.000115
-0.000134
-0.000152
-0.000169
-0.000185
-0.000199
-0.000211
-0.000222
-0.000230
-0.000234
-0.000236
-0.000235
-0.000233
-0.000230
-0.000225
-0.000219
-0.000212
-0.000205
-0.000196
-0.000184
-0.000174
-0.000161
-0.000149
-0.000135
-0.000121
-0.000107
-0.000092
-0.000076
-0.000062
-0.000048
-0.000035
-0.000025
-0.000016
-0.000009
-0.000003
0.000000
0.000002
0.000002
0.000001
-0.000002
-0.000005
-0.000011
-0.000016
-0.000023
-0.000032
-0.000043
-0.000057
-0.000071
-0.000089
-0.000108
-0.000129
-0.000151
-0.000175
-0.000197
-0.000219
-0.000241
-0.000263
-0.000284
-0.000304
-0.000323
-0.000342
-0.000359
-0.000376
-0.000392
-0.000405
-0.000418
-0.000429
-0.000439
-0.000447
-0.000452
-0.000454
-0.000454
-0.000450
-0.000444
-0.000434
-0.000423
-0.000409
-0.000392
-0.000374
-0.000354
-0.000333
-0.000311
-0.000288
-0.000263
-0.000236
-0.000208
-0.000178
-0.000147
-0.000115
-0.000081
-0.000048
-0.000014
0.000019
0.000051
0.000082
0.000112
0.000140
0.000166
0.000189
0.000212
0.000233
0.000251
0.000268
0.000284
0.000296
0.000307
0.000315
0.000321
0.000324
0.000323
0.000319
0.000311
0.000300
0.000286
0.000269
0.000252
0.000232
0.000210
0.000185
0.000160
0.000134
0.000108
0.000083
0.000055
0.000027
-0.000003
-0.000031
-0.000060
-0.000089
-0.000118
-0.000146
-0.000172
-0.000196
-0.000218
-0.000238
-0.000255
-0.000270
-0.000281
-0.000291
-0.000297
-0.000302
-0.000303
-0.000304
-0.000301
-0.000297
-0.000291
-0.000282
-0.000270
-0.000256
-0.000239
-0.000221
-0.000200
-0.000177
-0.000153
-0.000127
-0.000099
-0.000072
-0.000044
-0.000016
0.000012
0.000039
0.000067
0.000094
0.000122
0.000148
0.000174
0.000199
0.000224
0.000248
0.000270
0.000293
0.000312
0.000331
0.000347
0.000361
0.000372
0.000382
0.000390
0.000396
0.000401
0.000405
0.000408
0.000409
0.000410
0.000411
0.000410
0.000407
0.000402
0.000397
0.000391
0.000383
0.000374
0.000364
0.000352
0.000342
0.000330
0.000318
0.000307
0.000296
0.000286
0.000276
0.000266
0.000256
0.000245
0.000234
0.000223
0.000212
0.000199
0.000187
0.000176
0.000166
0.000157
0.000148
0.000139
0.000133
0.000126
0.000120
0.000114
0.000109
0.000102
0.000096
0.000091
0.000086
0.000079
0.000074
0.000068
0.000061
0.000056
0.000052
0.000049
0.000048
0.000046
0.000046
0.000046
0.000045
0.000043
0.000041
0.000038
0.000035
0.000030
0.000024
0.000019
0.000013
0.000008
0.000002
-0.000005
-0.000012
-0.000018
-0.000025
-0.000033
-0.000042
-0.000051
-0.000061
-0.000072
-0.000084
-0.000095
-0.000108
-0.000121
-0.000132
-0.000144
-0.000156
-0.000166
-0.000175
-0.000185
-0.000193
-0.000202
-0.000209
-0.000217
-0.000225
-0.000232
-0.000239
-0.000244
-0.000250
-0.000254
-0.000256
-0.000258
-0.000256
-0.000252
-0.000248
-0.000242
-0.000234
-0.000226
-0.000218
-0.000209
-0.000199
-0.000191
-0.000180
-0.000171
-0.000160
-0.000149
-0.000138
-0.000126
-0.000114
-0.000102
-0.000092
-0.000081
-0.000071
-0.000062
-0.000055
-0.000050
-0.000045
-0.000043
-0.000044
-0.000045
-0.000047
-0.000050
-0.000055
-0.000060
-0.000066
-0.000073
-0.000081
-0.000091
-0.000101
-0.000112
-0.000125
-0.000138
-0.000152
-0.000166
-0.000181
-0.000196
-0.000211
-0.000225
-0.000236
-0.000247
-0.000256
-0.000263
-0.000267
-0.000270
-0.000273
-0.000272
-0.000272
-0.000269
-0.000264
-0.000257
-0.000249
-0.000239
-0.000225
-0.000210
-0.000194
-0.000174
-0.000152
-0.000129
-0.000104
-0.000077
-0.000050
-0.000023
0.000004
0.000032
0.000058
0.000085
0.000112
0.000138
0.000163
0.000187
0.000211
0.000234
0.000255
0.000276
0.000294
0.000311
0.000324
0.000335
0.000345
0.000350
0.000354
0.000354
0.000352
0.000348
0.000342
0.000334
0.000324
0.000313
0.000301
0.000287
0.000271
0.000254
0.000237
0.000217
0.000197
0.000175
0.000152
0.000130
0.000106
0.000084
0.000061
0.000039
0.000018
-0.000001
-0.000020
-0.000037
-0.000053
-0.000067
-0.000081
-0.000094
-0.000106
-0.000118
-0.000129
-0.000138
-0.000146
-0.000151
-0.000155
-0.000157
-0.000157
-0.000156
-0.000152
-0.000145
-0.000140
-0.000133
-0.000127
-0.000120
-0.000112
-0.000105
-0.000098
-0.000091
-0.000083
-0.000075
-0.000068
-0.000061
-0.000054
-0.000045
-0.000037
-0.000028
-0.000019
-0.000012
-0.000006
-0.000001
0.000001
0.000003
0.000003
0.000003
0.000003
0.000002
-0.000002
-0.000005
-0.000008
-0.000010
-0.000014
-0.000018
-0.000023
-0.000028
-0.000034
-0.000041
-0.000048
-0.000058
-0.000068
-0.000077
-0.000087
-0.000096
-0.000107
-0.000116
-0.000124
-0.000130
-0.000136
-0.000141
-0.000146
-0.000150
-0.000155
-0.000160
-0.000163
-0.000167
-0.000170
-0.000173
-0.000174
-0.000174
-0.000174
-0.000171
-0.000166
-0.000159
-0.000152
-0.000144
-0.000135
-0.000128
-0.000118
-0.000109
-0.000101
-0.000093
-0.000083
-0.000075
-0.000067
-0.000058
-0.000050
-0.000040
-0.000032
-0.000022
-0.000014
-0.000007
-0.000001
0.000003
0.000005
0.000005
0.000003
-0.000001
-0.000007
-0.000014
-0.000023
-0.000033
-0.000045
-0.000058
-0.000072
-0.000087
-0.000103
-0.000121
-0.000141
-0.000163
-0.000186
-0.000211
-0.000236
-0.000262
-0.000288
-0.000314
-0.000338
-0.000362
-0.000385
-0.000407
-0.000427
-0.000445
-0.000461
-0.000475
-0.000487
-0.000497
-0.000507
-0.000514
-0.000520
-0.000524
-0.000525
-0.000523
-0.000518
-0.000509
-0.000498
-0.000484
-0.000468
-0.000450
-0.000430
-0.000408
-0.000387
-0.000364
-0.000341
-0.000317
-0.000293
-0.000270
-0.000245
-0.000220
-0.000195
-0.000170
-0.000146
-0.000121
-0.000097
-0.000073
-0.000051
-0.000030
-0.000012
0.000004
0.000018
0.000029
0.000040
0.000047
0.000054
0.000059
0.000062
0.000065
0.000067
0.000069
0.000069
0.000069
0.000069
0.000067
0.000064
0.000061
0.000057
0.000054
0.000049
0.000046
0.000042
0.000040
0.000038
0.000039
0.000041
0.000045
0.000049
0.000055
0.000062
0.000069
0.000078
0.000089
0.000098
0.000110
0.000122
0.000135
0.000150
0.000166
0.000183
0.000202
0.000222
0.000241
0.000262
0.000283
0.000304
0.000323
0.000342
0.000360
0.000376
0.000391
0.000405
0.000418
0.000428
0.000439
0.000449
0.000458
0.000466
0.000472
0.000477
0.000479
0.000479
0.000478
0.000474
0.000467
0.000458
0.000447
0.000434
0.000421
0.000406
0.000391
0.000375
0.000357
0.000340
0.000322
0.000302
0.000282
0.000261
0.000240
0.000217
0.000195
0.000171
0.000149
0.000126
0.000105
0.000085
0.000066
0.000049
0.000033
0.000019
0.000006
-0.000005
-0.000015
-0.000024
-0.000033
-0.000040
-0.000045
-0.000050
-0.000055
-0.000057
-0.000059
-0.000059
-0.000057
-0.000052
-0.000047
-0.000040
-0.000032
-0.000024
-0.000016
-0.000007
0.000000
0.000007
0.000014
0.000020
0.000024
0.000028
0.000032
0.000035
0.000038
0.000040
0.000042
0.000041
0.000041
0.000040
0.000037
0.000033
0.000026
0.000017
0.000006
-0.000006
-0.000020
-0.000034
-0.000049
-0.000063
-0.000077
-0.000092
-0.000106
-0.000121
-0.000135
-0.000148
-0.000161
-0.000175
-0.000188
-0.000200
-0.000213
-0.000224
-0.000233
-0.000241
-0.000246
-0.000248
-0.000249
-0.000248
-0.000245
-0.000238
-0.000230
-0.000222
-0.000211
-0.000199
-0.000185
-0.000170
-0.000155
-0.000138
-0.000119
-0.000099
-0.000078
-0.000056
-0.000032
-0.000006
0.000020
0.000044
0.000069
0.000093
0.000116
0.000137
0.000157
0.000175
0.000191
0.000204
0.000216
0.000226
0.000234
0.000241
0.000247
0.000251
0.000253
0.000252
0.000249
0.000243
0.000235
0.000224
0.000209
0.000193
0.000173
0.000153
0.000131
0.000108
0.000084
0.000059
0.000035
0.000010
-0.000013
-0.000038
-0.000063
-0.000089
-0.000114
-0.000139
-0.000163
-0.000187
-0.000211
-0.000233
-0.000254
-0.000273
-0.000290
-0.000305
-0.000316
-0.000326
-0.000334
-0.000341
-0.000346
-0.000348
-0.000350
-0.000351
-0.000351
-0.000350
-0.000349
-0.000346
-0.000342
-0.000336
-0.000328
-0.000320
-0.000311
-0.000301
-0.000290
-0.000280
-0.000271
-0.000262
-0.000256
-0.000249
-0.000244
-0.000241
-0.000239
-0.000238
-0.000238
-0.000239
-0.000241
-0.000244
-0.000247
-0.000251
-0.000257
-0.000264
-0.000272
-0.000281
-0.000294
-0.000307
-0.000320
-0.000335
-0.000350
-0.000365
-0.000380
-0.000395
-0.000409
-0.000422
-0.000433
-0.000443
-0.000452
-0.000460
-0.000467
-0.000473
-0.000479
-0.000484
-0.000487
-0.000488
-0.000487
-0.000483
-0.000477
-0.000468
-0.000456
-0.000441
-0.000423
-0.000403
-0.000381
-0.000356
-0.000330
-0.000303
-0.000275
-0.000244
-0.000214
-0.000183
-0.000150
-0.000117
-0.000082
-0.000047
-0.000011
0.000024
0.000061
0.000097
0.000132
0.000165
0.000196
0.000225
0.000251
0.000276
0.000297
0.000316
0.000332
0.000346
0.000358
0.000368
0.000376
0.000381
0.000385
0.000386
0.000383
0.000378
0.000371
0.000361
0.000348
0.000333
0.000314
0.000294
0.000273
0.000251
0.000229
0.000206
0.000184
0.000162
0.000141
0.000118
0.000098
0.000076
0.000055
0.000035
0.000015
-0.000005
-0.000023
-0.000040
-0.000055
-0.000067
-0.000079
-0.000088
-0.000095
-0.000101
-0.000105
-0.000106
-0.000107
-0.000107
-0.000107
-0.000105
-0.000103
-0.000100
-0.000096
-0.000091
-0.000086
-0.000080
-0.000072
-0.000063
-0.000053
-0.000043
-0.000032
-0.000022
-0.000013
-0.000004
0.000003
0.000007
0.000011
0.000014
0.000017
0.000020
0.000022
0.000023
0.000024
0.000024
0.000024
0.000023
0.000022
0.000020
0.000017
0.000014
0.000009
0.000003
-0.000003
-0.000010
-0.000019
-0.000028
-0.000036
-0.000044
-0.000053
-0.000061
-0.000068
-0.000075
-0.000082
-0.000089
-0.000095
-0.000102
-0.000110
-0.000118
-0.000126
-0.000134
-0.000142
-0.000150
-0.000156
-0.000163
-0.000169
-0.000174
-0.000179
-0.000183
-0.000187
-0.000192
-0.000196
-0.000201
-0.000206
-0.000211
-0.000217
-0.000222
-0.000226
-0.000230
-0.000234
-0.000237
-0.000239
-0.000239
-0.000240
-0.000240
-0.000238
-0.000238
-0.000238
-0.000238
-0.000239
-0.000238
-0.000238
-0.000237
-0.000236
-0.000234
-0.000232
-0.000229
-0.000225
-0.000221
-0.000216
-0.000210
-0.000204
-0.000198
-0.000193
-0.000189
-0.000185
-0.000182
-0.000179
-0.000175
-0.000172
-0.000169
-0.000166
-0.000164
-0.000161
-0.000158
-0.000157
-0.000155
-0.000154
-0.000155
-0.000158
-0.000162
-0.000168
-0.000175
-0.000185
-0.000195
-0.000205
-0.000217
-0.000228
-0.000240
-0.000252
-0.000264
-0.000277
-0.000290
-0.000304
-0.000317
-0.000332
-0.000347
-0.000362
-0.000377
-0.000391
-0.000405
-0.000416
-0.000425
-0.000434
-0.000440
-0.000444
-0.000447
-0.000448
-0.000445
-0.000444
-0.000439
-0.000433
-0.000425
-0.000416
-0.000406
-0.000393
-0.000378
-0.000362
-0.000342
-0.000322
-0.000298
-0.000273
-0.000245
-0.000218
-0.000189
-0.000160
-0.000131
-0.000101
-0.000072
-0.000044
-0.000016
0.000012
0.000040
0.000066
0.000094
0.000121
0.000147
0.000172
0.000195
0.000217
0.000236
0.000252
0.000266
0.000277
0.000284
0.000288
0.000290
0.000289
0.000287
0.000284
0.000279
0.000272
0.000263
0.000253
0.000241
0.000226
0.000209
0.000190
0.000170
0.000148
0.000124
0.000098
0.000073
0.000046
0.000021
-0.000005
-0.000030
-0.000054
-0.000077
-0.000099
-0.000120
-0.000142
-0.000161
-0.000180
-0.000200
-0.000218
-0.000234
-0.000248
-0.000261
-0.000271
-0.000280
-0.000285
-0.000288
-0.000288
-0.000286
-0.000281
-0.000275
-0.000268
-0.000258
-0.000248
-0.000236
-0.000224
-0.000211
-0.000196
-0.000180
-0.000163
-0.000145
-0.000126
-0.000106
-0.000085
-0.000062
-0.000041
-0.000020
0.000000
0.000022
0.000040
0.000057
0.000073
0.000089
0.000103
0.000116
0.000128
0.000138
0.000149
0.000157
0.000164
0.000171
0.000176
0.000179
0.000180
0.000179
0.000176
0.000170
0.000164
0.000155
0.000145
0.000134
0.000122
0.000110
0.000097
0.000084
0.000071
0.000057
0.000042
0.000027
0.000010
-0.000006
-0.000022
-0.000041
-0.000060
-0.000077
-0.000095
-0.000111
-0.000126
-0.000140
-0.000153
-0.000165
-0.000176
-0.000185
-0.000193
-0.000200
-0.000207
-0.000214
-0.000218
-0.000223
-0.000227
-0.000230
-0.000232
-0.000231
-0.000229
-0.000226
-0.000222
-0.000214
-0.000207
-0.000199
-0.000190
-0.000180
-0.000170
-0.000161
-0.000152
-0.000142
-0.000133
-0.000125
-0.000116
-0.000108
-0.000098
-0.000091
-0.000081
-0.000073
-0.000064
-0.000058
-0.000052
-0.000048
-0.000047
-0.000045
-0.000046
-0.000048
-0.000051
-0.000054
-0.000058
-0.000064
-0.000070
-0.000076
-0.000082
-0.000089
-0.000096
-0.000103
-0.000112
-0.000121
-0.000132
-0.000144
-0.000156
-0.000170
-0.000183
-0.000196
-0.000210
-0.000220
-0.000230
-0.000240
-0.000250
-0.000256
-0.000263
-0.000268
-0.000272
-0.000276
-0.000279
-0.000281
-0.000284
-0.000285
-0.000287
-0.000286
-0.000284
-0.000281
-0.000276
-0.000268
-0.000258
-0.000248
-0.000237
-0.000223
-0.000210
-0.000197
-0.000182
-0.000169
-0.000155
-0.000143
-0.000130
-0.000115
-0.000101
-0.000088
-0.000073
-0.000058
-0.000041
-0.000026
-0.000009
0.000005
0.000021
0.000034
0.000046
0.000058
0.000069
0.000079
0.000089
0.000098
0.000106
0.000115
0.000125
0.000134
0.000143
0.000152
0.000161
0.000168
0.000175
0.000180
0.000186
0.000191
0.000193
0.000197
0.000199
0.000201
0.000203
0.000206
0.000209
0.000214
0.000218
0.000222
0.000227
0.000232
0.000238
0.000242
0.000246
0.000251
0.000255
0.000259
0.000264
0.000268
0.000275
0.000282
0.000290
0.000299
0.000308
0.000317
0.000327
0.000338
0.000346
0.000355
0.000362
0.000368
0.000373
0.000376
0.000380
0.000382
0.000383
0.000383
0.000384
0.000383
0.000381
0.000376
0.000371
0.000363
0.000351
0.000339
0.000322
0.000304
0.000282
0.000260
0.000235
0.000209
0.000182
0.000155
0.000126
0.000097
0.000067
0.000036
0.000003
-0.000030
-0.000064
-0.000100
-0.000135
-0.000170
-0.000204
-0.000238
-0.000270
-0.000301
-0.000330
-0.000356
-0.000380
-0.000401
-0.000421
-0.000437
-0.000451
-0.000464
-0.000474
-0.000480
-0.000485
-0.000486
-0.000485
-0.000481
-0.000473
-0.000462
-0.000448
-0.000431
-0.000411
-0.000389
-0.000366
-0.000341
-0.000315
-0.000288
-0.000261
-0.000233
-0.000207
-0.000181
-0.000155
-0.000128
-0.000103
-0.000078
-0.000055
-0.000033
-0.000012
0.000007
0.000024
0.000039
0.000051
0.000060
0.000066
0.000069
0.000069
0.000067
0.000062
0.000056
0.000047
0.000036
0.000023
0.000009
-0.000005
-0.000021
-0.000039
-0.000058
-0.000078
-0.000100
-0.000124
-0.000146
-0.000169
-0.000192
-0.000214
-0.000234
-0.000253
-0.000269
-0.000283
-0.000296
-0.000304
-0.000311
-0.000316
-0.000318
-0.000318
-0.000317
-0.000314
-0.000309
-0.000301
-0.000292
-0.000280
-0.000267
-0.000251
-0.000232
-0.000211
-0.000189
-0.000165
-0.000139
-0.000113
-0.000087
-0.000063
-0.000038
-0.000017
0.000005
0.000024
0.000041
0.000057
0.000071
0.000083
0.000093
0.000100
0.000105
0.000106
0.000106
0.000102
0.000096
0.000086
0.000073
0.000055
0.000034
0.000011
-0.000015
-0.000043
-0.000074
-0.000105
-0.000136
-0.000169
-0.000203
-0.000236
-0.000270
-0.000304
-0.000337
-0.000370
-0.000403
-0.000435
-0.000464
-0.000492
-0.000517
-0.000539
-0.000559
-0.000573
-0.000584
-0.000590
-0.000594
-0.000593
-0.000588
-0.000578
-0.000566
-0.000551
-0.000533
-0.000511
-0.000486
-0.000458
-0.000428
-0.000394
-0.000356
-0.000317
-0.000275
-0.000230
-0.000185
-0.000139
-0.000093
-0.000047
-0.000002
0.000042
0.000086
0.000127
0.000166
0.000203
0.000237
0.000269
0.000298
0.000325
0.000349
0.000371
0.000389
0.000403
0.000416
0.000423
0.000428
0.000428
0.000426
0.000420
0.000412
0.000403
0.000390
0.000375
0.000361
0.000346
0.000330
0.000314
0.000298
0.000281
0.000266
0.000250
0.000234
0.000219
0.000204
0.000189
0.000176
0.000166
0.000157
0.000150
0.000145
0.000142
0.000141
0.000143
0.000144
0.000147
0.000150
0.000153
0.000156
0.000158
0.000160
0.000162
0.000162
0.000162
0.000162
0.000161
0.000159
0.000156
0.000152
0.000146
0.000138
0.000127
0.000113
0.000095
0.000076
0.000053
0.000027
-0.000002
-0.000032
-0.000065
-0.000099
-0.000134
-0.000170
-0.000206
-0.000244
-0.000281
-0.000317
-0.000354
-0.000391
-0.000427
-0.000462
-0.000497
-0.000530
-0.000560
-0.000588
-0.000612
-0.000633
-0.000650
-0.000663
-0.000671
-0.000674
-0.000674
-0.000670
-0.000662
-0.000651
-0.000635
-0.000618
-0.000598
-0.000576
-0.000551
-0.000525
-0.000495
-0.000463
-0.000430
-0.000395
-0.000359
-0.000324
-0.000287
-0.000252
-0.000218
-0.000187
-0.000159
-0.000133
-0.000111
-0.000091
-0.000074
-0.000059
-0.000048
-0.000040
-0.000035
-0.000032
-0.000031
-0.000036
-0.000042
-0.000053
-0.000065
-0.000081
-0.000099
-0.000119
-0.000142
-0.000166
-0.000191
-0.000215
-0.000239
-0.000262
-0.000285
-0.000306
-0.000326
-0.000343
-0.000359
-0.000373
-0.000385
-0.000394
-0.000402
-0.000407
-0.000409
-0.000409
-0.000405
-0.000399
-0.000389
-0.000377
-0.000361
-0.000344
-0.000323
-0.000302
-0.000279
-0.000255
-0.000231
-0.000208
-0.000183
-0.000160
-0.000139
-0.000117
-0.000098
-0.000079
-0.000061
-0.000045
-0.000032
-0.000020
-0.000011
-0.000005
-0.000001
-0.000001
-0.000004
-0.000011
-0.000023
-0.000036
-0.000053
-0.000072
-0.000094
-0.000118
-0.000143
-0.000169
-0.000195
-0.000222
-0.000250
-0.000278
-0.000307
-0.000336
-0.000365
-0.000394
-0.000423
-0.000452
-0.000479
-0.000504
-0.000527
-0.000547
-0.000566
-0.000580
-0.000592
-0.000600
-0.000605
-0.000610
-0.000610
-0.000608
-0.000605
-0.000599
-0.000592
-0.000583
-0.000573
-0.000561
-0.000548
-0.000533
-0.000516
-0.000499
-0.000481
-0.000461
-0.000441
-0.000422
-0.000404
-0.000387
-0.000371
-0.000358
-0.000346
-0.000336
-0.000327
-0.000321
-0.000316
-0.000313
-0.000311
-0.000311
-0.000312
-0.000314
-0.000317
-0.000323
-0.000330
-0.000340
-0.000350
-0.000360
-0.000373
-0.000386
-0.000399
-0.000412
-0.000423
-0.000434
-0.000444
-0.000451
-0.000457
-0.000461
-0.000463
-0.000462
-0.000460
-0.000456
-0.000450
-0.000443
-0.000433
-0.000421
-0.000407
-0.000390
-0.000369
-0.000346
-0.000319
-0.000290
-0.000258
-0.000224
-0.000187
-0.000149
-0.000109
-0.000069
-0.000028
0.000013
0.000054
0.000095
0.000136
0.000177
0.000219
0.000260
0.000302
0.000343
0.000382
0.000421
0.000457
0.000491
0.000521
0.000548
0.000573
0.000596
0.000616
0.000632
0.000646
0.000657
0.000666
0.000672
0.000677
0.000680
0.000681
0.000678
0.000675
0.000668
0.000658
0.000646
0.000632
0.000615
0.000595
0.000576
0.000555
0.000534
0.000514
0.000493
0.000471
0.000452
0.000431
0.000411
0.000392
0.000372
0.000352
0.000332
0.000313
0.000292
0.000273
0.000256
0.000239
0.000224
0.000211
0.000200
0.000191
0.000183
0.000177
0.000175
0.000172
0.000171
0.000170
0.000171
0.000172
0.000174
0.000177
0.000182
0.000188
0.000195
0.000204
0.000213
0.000224
0.000236
0.000248
0.000260
0.000273
0.000286
0.000297
0.000308
0.000318
0.000327
0.000335
0.000341
0.000347
0.000353
0.000357
0.000360
0.000362
0.000364
0.000363
0.000361
0.000357
0.000349
0.000338
0.000327
0.000313
0.000297
0.000279
0.000260
0.000240
0.000218
0.000195
0.000172
0.000147
0.000121
0.000095
0.000067
0.000039
0.000008
-0.000022
-0.000053
-0.000084
-0.000114
-0.000144
-0.000172
-0.000200
-0.000227
-0.000250
-0.000271
-0.000289
-0.000305
-0.000320
-0.000332
-0.000342
-0.000350
-0.000356
-0.000360
-0.000361
-0.000360
-0.000356
-0.000349
-0.000339
-0.000326
-0.000309
-0.000288
-0.000265
-0.000239
-0.000211
-0.000183
-0.000154
-0.000124
-0.000092
-0.000061
-0.000028
0.000005
0.000039
0.000072
0.000106
0.000140
0.000175
0.000208
0.000241
0.000273
0.000305
0.000334
0.000362
0.000387
0.000410
0.000430
0.000447
0.000463
0.000478
0.000489
0.000498
0.000506
0.000511
0.000516
0.000518
0.000520
0.000518
0.000515
0.000510
0.000504
0.000494
0.000484
0.000472
0.000460
0.000448
0.000437
0.000425
0.000413
0.000401
0.000390
0.000381
0.000371
0.000363
0.000355
0.000347
0.000340
0.000334
0.000331
0.000328
0.000327
0.000326
0.000329
0.000333
0.000339
0.000347
0.000357
0.000369
0.000382
0.000395
0.000409
0.000424
0.000439
0.000454
0.000471
0.000487
0.000505
0.000522
0.000541
0.000559
0.000577
0.000594
0.000612
0.000627
0.000643
0.000657
0.000668
0.000678
0.000686
0.000692
0.000695
0.000697
0.000696
0.000694
0.000690
0.000685
0.000679
0.000670
0.000660
0.000647
0.000631
0.000614
0.000594
0.000570
0.000544
0.000516
0.000487
0.000456
0.000423
0.000391
0.000357
0.000322
0.000287
0.000252
0.000216
0.000180
0.000142
0.000104
0.000066
0.000027
-0.000013
-0.000050
-0.000088
-0.000124
-0.000161
-0.000195
-0.000226
-0.000255
-0.000283
-0.000308
-0.000332
-0.000353
-0.000372
-0.000389
-0.000406
-0.000421
-0.000435
-0.000446
-0.000456
-0.000464
-0.000468
-0.000469
-0.000469
-0.000465
-0.000460
-0.000452
-0.000441
-0.000429
-0.000415
-0.000400
-0.000384
-0.000368
-0.000351
-0.000332
-0.000311
-0.000289
-0.000266
-0.000242
-0.000215
-0.000189
-0.000162
-0.000134
-0.000107
-0.000080
-0.000054
-0.000029
-0.000006
0.000015
0.000035
0.000052
0.000070
0.000087
0.000102
0.000116
0.000128
0.000140
0.000149
0.000158
0.000165
0.000168
0.000172
0.000173
0.000172
0.000170
0.000167
0.000162
0.000156
0.000150
0.000143
0.000137
0.000132
0.000128
0.000123
0.000119
0.000114
0.000110
0.000106
0.000101
0.000097
0.000094
0.000090
0.000089
0.000089
0.000087
0.000090
0.000092
0.000096
0.000101
0.000107
0.000113
0.000119
0.000124
0.000130
0.000134
0.000136
0.000138
0.000140
0.000143
0.000144
0.000144
0.000143
0.000141
0.000138
0.000134
0.000128
0.000121
0.000110
0.000097
0.000081
0.000063
0.000042
0.000019
-0.000006
-0.000032
-0.000059
-0.000088
-0.000117
-0.000149
-0.000180
-0.000212
-0.000244
-0.000276
-0.000310
-0.000344
-0.000377
-0.000412
-0.000445
-0.000477
-0.000508
-0.000536
-0.000562
-0.000584
-0.000603
-0.000619
-0.000631
-0.000639
-0.000644
-0.000647
-0.000646
-0.000643
-0.000639
-0.000630
-0.000618
-0.000604
-0.000588
-0.000569
-0.000547
-0.000522
-0.000495
-0.000465
-0.000432
-0.000398
-0.000361
-0.000324
-0.000286
-0.000249
-0.000212
-0.000175
-0.000137
-0.000101
-0.000065
-0.000031
0.000004
0.000038
0.000071
0.000102
0.000133
0.000162
0.000190
0.000215
0.000239
0.000260
0.000278
0.000293
0.000307
0.000318
0.000327
0.000334
0.000341
0.000347
0.000352
0.000355
0.000357
0.000358
0.000356
0.000352
0.000346
0.000339
0.000332
0.000321
0.000310
0.000298
0.000285
0.000273
0.000259
0.000246
0.000234
0.000222
0.000209
0.000196
0.000183
0.000170
0.000154
0.000139
0.000122
0.000106
0.000088
0.000072
0.000055
0.000039
0.000023
0.000007
-0.000006
-0.000018
-0.000030
-0.000041
-0.000051
-0.000061
-0.000072
-0.000082
-0.000091
-0.000100
-0.000108
-0.000115
-0.000120
-0.000123
-0.000126
-0.000126
-0.000126
-0.000122
-0.000118
-0.000112
-0.000106
-0.000099
-0.000091
-0.000082
-0.000073
-0.000061
-0.000049
-0.000039
-0.000027
-0.000014
-0.000001
0.000014
0.000028
0.000042
0.000057
0.000070
0.000084
0.000096
0.000107
0.000115
0.000123
0.000130
0.000135
0.000139
0.000140
0.000143
0.000143
0.000143
0.000142
0.000139
0.000135
0.000127
0.000119
0.000109
0.000096
0.000082
0.000065
0.000047
0.000028
0.000010
-0.000010
-0.000029
-0.000049
-0.000068
-0.000087
-0.000105
-0.000123
-0.000142
-0.000157
-0.000175
-0.000192
-0.000209
-0.000224
-0.000238
-0.000250
-0.000261
-0.000268
-0.000274
-0.000277
-0.000277
-0.000274
-0.000270
-0.000264
-0.000255
-0.000246
-0.000234
-0.000223
-0.000209
-0.000194
-0.000178
-0.000161
-0.000143
-0.000123
-0.000101
-0.000077
-0.000053
-0.000030
-0.000005
0.000019
0.000043
0.000066
0.000087
0.000106
0.000125
0.000142
0.000157
0.000171
0.000184
0.000197
0.000207
0.000216
0.000223
0.000230
0.000235
0.000237
0.000235
0.000231
0.000226
0.000218
0.000207
0.000195
0.000181
0.000166
0.000148
0.000130
0.000111
0.000092
0.000072
0.000053
0.000033
0.000013
-0.000007
-0.000027
-0.000047
-0.000068
-0.000088
-0.000107
-0.000124
-0.000140
-0.000155
-0.000166
-0.000175
-0.000182
-0.000186
-0.000188
-0.000188
-0.000186
-0.000183
-0.000178
-0.000172
-0.000164
-0.000156
-0.000146
-0.000135
-0.000123
-0.000109
-0.000094
-0.000076
-0.000057
-0.000039
-0.000020
-0.000000
0.000017
0.000035
0.000051
0.000066
0.000079
0.000093
0.000105
0.000116
0.000127
0.000138
0.000148
0.000158
0.000166
0.000174
0.000179
0.000183
0.000186
0.000188
0.000188
0.000187
0.000185
0.000183
0.000181
0.000179
0.000174
0.000171
0.000168
0.000165
0.000163
0.000161
0.000159
0.000158
0.000156
0.000155
0.000152
0.000150
0.000149
0.000147
0.000145
0.000145
0.000145
0.000146
0.000149
0.000152
0.000156
0.000161
0.000167
0.000173
0.000179
0.000186
0.000191
0.000197
0.000202
0.000207
0.000211
0.000217
0.000223
0.000229
0.000235
0.000241
0.000247
0.000253
0.000258
0.000263
0.000266
0.000267
0.000269
0.000269
0.000268
0.000266
0.000263
0.000261
0.000257
0.000253
0.000249
0.000246
0.000243
0.000238
0.000231
0.000224
0.000214
0.000204
0.000193
0.000181
0.000168
0.000155
0.000142
0.000129
0.000117
0.000105
0.000093
0.000081
0.000070
0.000059
0.000049
0.000039
0.000029
0.000020
0.000010
0.000001
-0.000005
-0.000010
-0.000015
-0.000016
-0.000016
-0.000015
-0.000011
-0.000006
0.000002
0.000010
0.000020
0.000030
0.000042
0.000056
0.000070
0.000084
0.000100
0.000118
0.000138
0.000159
0.000180
0.000203
0.000226
0.000249
0.000270
0.000293
0.000314
0.000335
0.000354
0.000373
0.000389
0.000404
0.000416
0.000428
0.000438
0.000446
0.000452
0.000458
0.000462
0.000464
0.000464
0.000461
0.000455
0.000447
0.000436
0.000424
0.000408
0.000392
0.000374
0.000354
0.000332
0.000310
0.000287
0.000264
0.000240
0.000216
0.000190
0.000165
0.000138
0.000111
0.000082
0.000055
0.000028
0.000000
-0.000027
-0.000054
-0.000077
-0.000100
-0.000122
-0.000142
-0.000160
-0.000177
-0.000192
-0.000207
-0.000221
-0.000236
-0.000250
-0.000263
-0.000276
-0.000287
-0.000298
-0.000308
-0.000318
-0.000327
-0.000337
-0.000345
-0.000353
-0.000363
-0.000371
-0.000382
-0.000392
-0.000403
-0.000415
-0.000429
-0.000443
-0.000456
-0.000469
-0.000481
-0.000493
-0.000505
-0.000516
-0.000527
-0.000536
-0.000545
-0.000554
-0.000561
-0.000569
-0.000577
-0.000583
-0.000587
-0.000591
-0.000593
-0.000593
-0.000590
-0.000585
-0.000578
-0.000567
-0.000553
-0.000538
-0.000522
-0.000503
-0.000484
-0.000464
-0.000442
-0.000419
-0.000394
-0.000369
-0.000342
-0.000313
-0.000283
-0.000251
-0.000219
-0.000186
-0.000153
-0.000119
-0.000085
-0.000053
-0.000023
0.000007
0.000034
0.000060
0.000085
0.000108
0.000129
0.000149
0.000168
0.000186
0.000201
0.000216
0.000227
0.000239
0.000246
0.000253
0.000257
0.000258
0.000258
0.000256
0.000251
0.000247
0.000242
0.000236
0.000230
0.000224
0.000219
0.000216
0.000211
0.000206
0.000203
0.000199
0.000196
0.000193
0.000190
0.000187
0.000186
0.000186
0.000187
0.000191
0.000194
0.000200
0.000207
0.000214
0.000222
0.000231
0.000238
0.000246
0.000253
0.000258
0.000264
0.000268
0.000270
0.000271
0.000272
0.000272
0.000271
0.000270
0.000268
0.000264
0.000258
0.000249
0.000239
0.000225
0.000208
0.000188
0.000167
0.000143
0.000118
0.000091
0.000062
0.000033
0.000002
-0.000030
-0.000064
-0.000098
-0.000132
-0.000167
-0.000202
-0.000238
-0.000274
-0.000310
-0.000346
-0.000381
-0.000416
-0.000449
-0.000479
-0.000508
-0.000534
-0.000557
-0.000578
-0.000595
-0.000609
-0.000621
-0.000630
-0.000636
-0.000641
-0.000643
-0.000642
-0.000638
-0.000632
-0.000621
-0.000606
-0.000589
-0.000569
-0.000545
-0.000519
-0.000491
-0.000460
-0.000429
-0.000396
-0.000363
-0.000330
-0.000297
-0.000264
-0.000230
-0.000196
-0.000162
-0.000127
-0.000093
-0.000060
-0.000029
0.000003
0.000033
0.000061
0.000086
0.000108
0.000127
0.000144
0.000159
0.000170
0.000178
0.000184
0.000187
0.000190
0.000190
0.000190
0.000187
0.000182
0.000174
0.000165
0.000152
0.000140
0.000124
0.000108
0.000091
0.000072
0.000053
0.000033
0.000014
-0.000004
-0.000021
-0.000037
-0.000052
-0.000068
-0.000080
-0.000091
-0.000103
-0.000113
-0.000123
-0.000132
-0.000140
-0.000147
-0.000151
-0.000156
-0.000158
-0.000157
-0.000155
-0.000150
-0.000144
-0.000138
-0.000130
-0.000122
-0.000115
-0.000106
-0.000099
-0.000091
-0.000083
-0.000076
-0.000071
-0.000064
-0.000058
-0.000052
-0.000048
-0.000042
-0.000038
-0.000034
-0.000032
-0.000030
-0.000030
-0.000032
-0.000036
-0.000043
-0.000051
-0.000060
-0.000070
-0.000079
-0.000090
-0.000101
-0.000111
-0.000121
-0.000133
-0.000144
-0.000155
-0.000168
-0.000180
-0.000193
-0.000205
-0.000217
-0.000230
-0.000241
-0.000253
-0.000263
-0.000272
-0.000280
-0.000285
-0.000290
-0.000294
-0.000298
-0.000301
-0.000304
-0.000305
-0.000306
-0.000308
-0.000308
-0.000309
-0.000308
-0.000308
-0.000306
-0.000303
-0.000300
-0.000297
-0.000292
-0.000289
-0.000285
-0.000283
-0.000282
-0.000280
-0.000280
-0.000281
-0.000282
-0.000284
-0.000287
-0.000290
-0.000294
-0.000297
-0.000300
-0.000302
-0.000304
-0.000305
-0.000310
-0.000312
-0.000317
-0.000321
-0.000326
-0.000331
-0.000336
-0.000340
-0.000342
-0.000343
-0.000343
-0.000343
-0.000341
-0.000337
-0.000333
-0.000327
-0.000319
-0.000313
-0.000305
-0.000298
-0.000289
-0.000280
-0.000270
-0.000261
-0.000250
-0.000237
-0.000223
-0.000209
-0.000194
-0.000179
-0.000165
-0.000151
-0.000137
-0.000123
-0.000111
-0.000100
-0.000090
-0.000080
-0.000073
-0.000065
-0.000058
-0.000051
-0.000046
-0.000041
-0.000038
-0.000035
-0.000033
-0.000033
-0.000036
-0.000039
-0.000045
-0.000051
-0.000059
-0.000068
-0.000078
-0.000088
-0.000098
-0.000108
-0.000119
-0.000129
-0.000140
-0.000150
-0.000159
-0.000168
-0.000179
-0.000189
-0.000200
-0.000210
-0.000218
-0.000227
-0.000233
-0.000237
-0.000240
-0.000241
-0.000239
-0.000235
-0.000230
-0.000223
-0.000214
-0.000203
-0.000191
-0.000179
-0.000165
-0.000149
-0.000132
-0.000113
-0.000094
-0.000073
-0.000051
-0.000027
-0.000003
0.000024
0.000050
0.000078
0.000106
0.000133
0.000160
0.000187
0.000212
0.000236
0.000259
0.000281
0.000302
0.000323
0.000342
0.000361
0.000380
0.000396
0.000411
0.000424
0.000435
0.000444
0.000450
0.000454
0.000456
0.000456
0.000454
0.000450
0.000445
0.000439
0.000431
0.000424
0.000415
0.000407
0.000397
0.000388
0.000378
0.000366
0.000354
0.000342
0.000330
0.000318
0.000306
0.000295
0.000285
0.000277
0.000270
0.000262
0.000258
0.000255
0.000254
0.000255
0.000255
0.000256
0.000258
0.000261
0.000263
0.000267
0.000271
0.000278
0.000284
0.000293
0.000302
0.000312
0.000323
0.000334
0.000346
0.000356
0.000367
0.000376
0.000384
0.000391
0.000397
0.000402
0.000406
0.000410
0.000414
0.000417
0.000418
0.000418
0.000419
0.000419
0.000417
0.000414
0.000410
0.000403
0.000396
0.000387
0.000377
0.000366
0.000353
0.000341
0.000327
0.000315
0.000303
0.000291
0.000279
0.000268
0.000256
0.000244
0.000231
0.000219
0.000207
0.000195
0.000183
0.000170
0.000159
0.000150
0.000141
0.000133
0.000125
0.000120
0.000115
0.000112
0.000108
0.000106
0.000103
0.000100
0.000097
0.000095
0.000092
0.000090
0.000089
0.000089
0.000089
0.000091
0.000092
0.000095
0.000097
0.000099
0.000101
0.000102
0.000103
0.000104
0.000104
0.000103
0.000102
0.000098
0.000096
0.000093
0.000091
0.000089
0.000087
0.000085
0.000082
0.000080
0.000076
0.000072
0.000068
0.000062
0.000055
0.000048
0.000040
0.000032
0.000024
0.000017
0.000009
0.000002
-0.000006
-0.000013
-0.000021
-0.000029
-0.000036
-0.000044
-0.000053
-0.000063
-0.000073
-0.000083
-0.000094
-0.000105
-0.000115
-0.000125
-0.000134
-0.000142
-0.000150
-0.000156
-0.000163
-0.000169
-0.000175
-0.000179
-0.000184
-0.000189
-0.000194
-0.000198
-0.000202
-0.000204
-0.000205
-0.000205
-0.000203
-0.000200
-0.000196
-0.000190
-0.000185
-0.000179
-0.000170
-0.000164
-0.000155
-0.000147
-0.000139
-0.000131
-0.000122
-0.000112
-0.000102
-0.000090
-0.000078
-0.000065
-0.000052
-0.000039
-0.000026
-0.000013
-0.000001
0.000012
0.000022
0.000032
0.000042
0.000050
0.000058
0.000066
0.000074
0.000082
0.000090
0.000096
0.000103
0.000108
0.000113
0.000119
0.000123
0.000124
0.000125
0.000124
0.000122
0.000118
0.000113
0.000109
0.000104
0.000099
0.000092
0.000086
0.000079
0.000072
0.000065
0.000057
0.000047
0.000038
0.000026
0.000013
0.000001
-0.000011
-0.000025
-0.000038
-0.000050
-0.000063
-0.000075
-0.000086
-0.000097
-0.000108
-0.000119
-0.000130
-0.000141
-0.000152
-0.000163
-0.000173
-0.000184
-0.000194
-0.000203
-0.000212
-0.000220
-0.000227
-0.000233
-0.000237
-0.000239
-0.000240
-0.000241
-0.000240
-0.000240
-0.000238
-0.000234
-0.000230
-0.000224
-0.000217
-0.000208
-0.000198
-0.000186
-0.000172
-0.000156
-0.000139
-0.000121
-0.000102
-0.000081
-0.000061
-0.000040
-0.000020
0.000001
0.000021
0.000042
0.000062
0.000082
0.000101
0.000122
0.000142
0.000161
0.000181
0.000199
0.000216
0.000231
0.000245
0.000255
0.000263
0.000268
0.000273
0.000273
0.000274
0.000273
0.000269
0.000265
0.000258
0.000250
0.000240
0.000229
0.000215
0.000199
0.000181
0.000162
0.000142
0.000119
0.000095
0.000070
0.000045
0.000021
-0.000004
-0.000029
-0.000053
-0.000077
-0.000100
-0.000122
-0.000145
-0.000166
-0.000186
-0.000206
-0.000225
-0.000242
-0.000260
-0.000275
-0.000288
-0.000298
-0.000307
-0.000312
-0.000316
-0.000316
-0.000314
-0.000309
-0.000305
-0.000298
-0.000288
-0.000279
-0.000267
-0.000254
-0.000240
-0.000224
-0.000207
-0.000186
-0.000165
-0.000142
-0.000118
-0.000093
-0.000067
-0.000042
-0.000018
0.000008
0.000031
0.000054
0.000074
0.000094
0.000111
0.000128
0.000144
0.000158
0.000170
0.000182
0.000191
0.000200
0.000204
0.000207
0.000207
0.000205
0.000199
0.000190
0.000178
0.000164
0.000148
0.000129
0.000108
0.000086
0.000063
0.000038
0.000012
-0.000015
-0.000044
-0.000073
-0.000104
-0.000136
-0.000168
-0.000201
-0.000233
-0.000266
-0.000297
-0.000328
-0.000358
-0.000386
-0.000412
-0.000435
-0.000457
-0.000476
-0.000493
-0.000507
-0.000520
-0.000532
-0.000540
-0.000547
-0.000552
-0.000554
-0.000553
-0.000548
-0.000541
-0.000530
-0.000516
-0.000498
-0.000477
-0.000454
-0.000428
-0.000401
-0.000371
-0.000341
-0.000309
-0.000276
-0.000242
-0.000207
-0.000171
-0.000134
-0.000096
-0.000058
-0.000020
0.000019
0.000059
0.000098
0.000137
0.000172
0.000207
0.000239
0.000269
0.000297
0.000322
0.000344
0.000364
0.000382
0.000399
0.000412
0.000425
0.000435
0.000443
0.000449
0.000451
0.000451
0.000445
0.000437
0.000425
0.000412
0.000395
0.000375
0.000354
0.000330
0.000305
0.000279
0.000252
0.000224
0.000194
0.000164
0.000132
0.000100
0.000065
0.000030
-0.000004
-0.000040
-0.000075
-0.000110
-0.000144
-0.000176
-0.000208
-0.000238
-0.000266
-0.000292
-0.000315
-0.000337
-0.000357
-0.000374
-0.000390
-0.000404
-0.000416
-0.000425
-0.000432
-0.000438
-0.000439
-0.000439
-0.000434
-0.000428
-0.000418
-0.000407
-0.000392
-0.000376
-0.000358
-0.000340
-0.000320
-0.000300
-0.000279
-0.000257
-0.000233
-0.000208
-0.000183
-0.000156
-0.000130
-0.000104
-0.000078
-0.000050
-0.000026
-0.000001
0.000021
0.000041
0.000059
0.000076
0.000091
0.000105
0.000118
0.000128
0.000138
0.000146
0.000153
0.000159
0.000164
0.000167
0.000170
0.000169
0.000168
0.000165
0.000159
0.000152
0.000143
0.000135
0.000125
0.000115
0.000105
0.000095
0.000084
0.000075
0.000064
0.000055
0.000045
0.000035
0.000025
0.000015
0.000005
-0.000004
-0.000014
-0.000022
-0.000029
-0.000035
-0.000038
-0.000041
-0.000041
-0.000040
-0.000037
-0.000033
-0.000029
-0.000023
-0.000017
-0.000011
-0.000004
0.000003
0.000011
0.000020
0.000027
0.000037
0.000049
0.000061
0.000074
0.000087
0.000099
0.000112
0.000125
0.000138
0.000149
0.000160
0.000171
0.000181
0.000193
0.000205
0.000217
0.000229
0.000241
0.000253
0.000266
0.000280
0.000292
0.000304
0.000315
0.000324
0.000332
0.000339
0.000346
0.000352
0.000359
0.000364
0.000369
0.000373
0.000377
0.000381
0.000383
0.000385
0.000386
0.000385
0.000382
0.000379
0.000374
0.000366
0.000355
0.000343
0.000329
0.000314
0.000298
0.000280
0.000262
0.000243
0.000223
0.000202
0.000180
0.000157
0.000131
0.000104
0.000075
0.000045
0.000014
-0.000018
-0.000051
-0.000082
-0.000113
-0.000144
-0.000174
-0.000203
-0.000230
-0.000257
-0.000283
-0.000309
-0.000334
-0.000357
-0.000381
-0.000403
-0.000422
-0.000441
-0.000457
-0.000471
-0.000483
-0.000492
-0.000499
-0.000501
-0.000502
-0.000501
-0.000498
-0.000494
-0.000488
-0.000479
-0.000470
-0.000460
-0.000447
-0.000431
-0.000415
-0.000397
-0.000375
-0.000353
-0.000329
-0.000303
-0.000277
-0.000249
-0.000221
-0.000191
-0.000163
-0.000133
-0.000105
-0.000077
-0.000049
-0.000021
0.000006
0.000033
0.000060
0.000087
0.000113
0.000138
0.000163
0.000185
0.000206
0.000226
0.000241
0.000256
0.000267
0.000276
0.000282
0.000287
0.000291
0.000292
0.000292
0.000291
0.000287
0.000283
0.000277
0.000268
0.000257
0.000243
0.000227
0.000210
0.000192
0.000170
0.000147
0.000124
0.000101
0.000079
0.000055
0.000033
0.000010
-0.000013
-0.000034
-0.000056
-0.000079
-0.000101
-0.000122
-0.000144
-0.000165
-0.000186
-0.000205
-0.000225
-0.000242
-0.000257
-0.000270
-0.000280
-0.000289
-0.000295
-0.000299
-0.000303
-0.000304
-0.000304
-0.000303
-0.000302
-0.000298
-0.000294
-0.000289
-0.000282
-0.000273
-0.000262
-0.000249
-0.000235
-0.000219
-0.000203
-0.000185
-0.000167
-0.000149
-0.000132
-0.000114
-0.000096
-0.000078
-0.000062
-0.000045
-0.000028
-0.000011
0.000006
0.000023
0.000040
0.000057
0.000072
0.000086
0.000100
0.000112
0.000122
0.000132
0.000139
0.000145
0.000150
0.000153
0.000155
0.000156
0.000157
0.000156
0.000154
0.000151
0.000146
0.000140
0.000131
0.000120
0.000107
0.000092
0.000074
0.000056
0.000037
0.000015
-0.000008
-0.000030
-0.000053
-0.000076
-0.000100
-0.000124
-0.000148
-0.000171
-0.000195
-0.000221
-0.000246
-0.000271
-0.000294
-0.000318
-0.000340
-0.000361
-0.000379
-0.000396
-0.000409
-0.000421
-0.000429
-0.000434
-0.000439
-0.000440
-0.000439
-0.000436
-0.000430
-0.000424
-0.000414
-0.000403
-0.000388
-0.000372
-0.000353
-0.000331
-0.000307
-0.000280
-0.000252
-0.000222
-0.000191
-0.000160
-0.000129
-0.000098
-0.000068
-0.000039
-0.000010
0.000017
0.000044
0.000070
0.000095
0.000118
0.000139
0.000160
0.000180
0.000196
0.000211
0.000223
0.000233
0.000239
0.000243
0.000243
0.000241
0.000236
0.000230
0.000221
0.000212
0.000201
0.000189
0.000176
0.000163
0.000149
0.000134
0.000118
0.000102
0.000084
0.000066
0.000049
0.000032
0.000016
-0.000000
-0.000015
-0.000027
-0.000039
-0.000049
-0.000057
-0.000064
-0.000068
-0.000071
-0.000073
-0.000075
-0.000075
-0.000073
-0.000071
-0.000067
-0.000062
-0.000057
-0.000050
-0.000042
-0.000034
-0.000024
-0.000014
-0.000004
0.000006
0.000015
0.000025
0.000034
0.000043
0.000052
0.000059
0.000067
0.000073
0.000080
0.000087
0.000094
0.000101
0.000107
0.000113
0.000119
0.000125
0.000131
0.000135
0.000138
0.000141
0.000143
0.000145
0.000147
0.000151
0.000154
0.000159
0.000164
0.000170
0.000175
0.000181
0.000188
0.000193
0.000199
0.000202
0.000206
0.000209
0.000211
0.000214
0.000215
0.000217
0.000218
0.000219
0.000219
0.000219
0.000218
0.000217
0.000213
0.000208
0.000202
0.000193
0.000181
0.000168
0.000153
0.000136
0.000118
0.000099
0.000080
0.000060
0.000041
0.000021
0.000001
-0.000020
-0.000041
-0.000063
-0.000085
-0.000106
-0.000127
-0.000149
-0.000169
-0.000188
-0.000205
-0.000222
-0.000235
-0.000246
-0.000255
-0.000262
-0.000266
-0.000267
-0.000265
-0.000262
-0.000255
-0.000249
-0.000240
-0.000231
-0.000219
-0.000205
-0.000190
-0.000174
-0.000155
-0.000134
-0.000112
-0.000089
-0.000065
-0.000041
-0.000017
0.000006
0.000027
0.000048
0.000069
0.000088
0.000107
0.000125
0.000140
0.000155
0.000168
0.000181
0.000191
0.000200
0.000208
0.000214
0.000218
0.000218
0.000218
0.000215
0.000209
0.000203
0.000194
0.000185
0.000176
0.000166
0.000156
0.000145
0.000133
0.000122
0.000111
0.000099
0.000086
0.000074
0.000059
0.000046
0.000032
0.000018
0.000004
-0.000009
-0.000021
-0.000032
-0.000042
-0.000052
-0.000060
-0.000068
-0.000075
-0.000081
-0.000092
-0.000100
-0.000109
-0.000121
-0.000132
-0.000144
-0.000157
-0.000169
-0.000181
-0.000192
-0.000203
-0.000214
-0.000225
-0.000237
-0.000249
-0.000262
-0.000275
-0.000290
-0.000305
-0.000320
-0.000336
-0.000352
-0.000367
-0.000380
-0.000393
-0.000404
-0.000413
-0.000420
-0.000425
-0.000427
-0.000428
-0.000427
-0.000425
-0.000420
-0.000414
-0.000406
-0.000396
-0.000382
-0.000367
-0.000349
-0.000328
-0.000304
-0.000277
-0.000248
-0.000217
-0.000184
-0.000147
-0.000111
-0.000073
-0.000034
0.000005
0.000046
0.000087
0.000128
0.000168
0.000209
0.000250
0.000291
0.000331
0.000369
0.000408
0.000445
0.000480
0.000512
0.000540
0.000567
0.000590
0.000610
0.000628
0.000643
0.000655
0.000666
0.000674
0.000680
0.000684
0.000685
0.000682
0.000678
0.000670
0.000660
0.000647
0.000631
0.000613
0.000594
0.000574
0.000552
0.000529
0.000505
0.000481
0.000456
0.000433
0.000408
0.000384
0.000360
0.000335
0.000309
0.000283
0.000256
0.000229
0.000202
0.000176
0.000150
0.000127
0.000103
0.000081
0.000060
0.000040
0.000021
0.000002
-0.000017
-0.000035
-0.000054
-0.000075
-0.000094
-0.000114
-0.000133
-0.000153
-0.000172
-0.000190
-0.000208
-0.000223
-0.000238
-0.000253
-0.000266
-0.000279
-0.000291
-0.000303
-0.000316
-0.000328
-0.000341
-0.000353
-0.000363
-0.000374
-0.000385
-0.000394
-0.000402
-0.000408
-0.000413
-0.000415
-0.000417
-0.000419
-0.000419
-0.000419
-0.000418
-0.000416
-0.000413
-0.000410
-0.000406
-0.000402
-0.000396
-0.000388
-0.000379
-0.000369
-0.000357
-0.000343
-0.000330
-0.000316
-0.000302
-0.000287
-0.000273
-0.000260
-0.000246
-0.000232
-0.000218
-0.000203
-0.000187
-0.000172
-0.000157
-0.000142
-0.000127
-0.000113
-0.000098
-0.000083
-0.000071
-0.000059
-0.000048
-0.000039
-0.000030
-0.000022
-0.000016
-0.000009
-0.000003
0.000003
0.000009
0.000015
0.000019
0.000023
0.000027
0.000031
0.000033
0.000033
0.000034
0.000034
0.000032
0.000030
0.000029
0.000027
0.000026
0.000024
0.000024
0.000024
0.000023
0.000022
0.000022
0.000021
0.000019
0.000017
0.000014
0.000012
0.000008
0.000006
0.000004
0.000003
0.000002
0.000002
0.000003
0.000004
0.000006
0.000009
0.000010
0.000013
0.000014
0.000016
0.000016
0.000016
0.000017
0.000017
0.000019
0.000021
0.000022
0.000024
0.000027
0.000030
0.000034
0.000038
0.000042
0.000044
0.000046
0.000046
0.000046
0.000046
0.000045
0.000043
0.000042
0.000040
0.000040
0.000040
0.000041
0.000041
0.000041
0.000041
0.000040
0.000038
0.000036
0.000032
0.000029
0.000024
0.000018
0.000012
0.000007
-0.000000
-0.000006
-0.000011
-0.000017
-0.000024
-0.000030
-0.000037
-0.000044
-0.000054
-0.000065
-0.000076
-0.000088
-0.000100
-0.000113
-0.000127
-0.000141
-0.000154
-0.000168
-0.000180
-0.000193
-0.000205
-0.000217
-0.000229
-0.000242
-0.000254
-0.000267
-0.000280
-0.000293
-0.000306
-0.000319
-0.000329
-0.000338
-0.000344
-0.000349
-0.000350
-0.000350
-0.000347
-0.000344
-0.000338
-0.000332
-0.000324
-0.000313
-0.000302
-0.000289
-0.000274
-0.000257
-0.000238
-0.000217
-0.000194
-0.000171
-0.000145
-0.000118
-0.000089
-0.000060
-0.000031
-0.000003
0.000024
0.000051
0.000075
0.000098
0.000119
0.000137
0.000154
0.000169
0.000183
0.000193
0.000202
0.000206
0.000209
0.000208
0.000203
0.000195
0.000183
0.000167
0.000147
0.000123
0.000098
0.000068
0.000036
0.000003
-0.000033
-0.000070
-0.000107
-0.000145
-0.000184
-0.000222
-0.000261
-0.000299
-0.000338
-0.000375
-0.000411
-0.000445
-0.000477
-0.000505
-0.000531
-0.000551
-0.000568
-0.000581
-0.000589
-0.000592
-0.000591
-0.000586
-0.000576
-0.000562
-0.000546
-0.000525
-0.000500
-0.000472
-0.000439
-0.000404
-0.000365
-0.000321
-0.000275
-0.000228
-0.000179
-0.000129
-0.000079
-0.000027
0.000022
0.000071
0.000119
0.000164
0.000206
0.000245
0.000283
0.000318
0.000350
0.000380
0.000405
0.000427
0.000445
0.000458
0.000467
0.000471
0.000470
0.000462
0.000452
0.000435
0.000415
0.000391
0.000363
0.000333
0.000300
0.000264
0.000227
0.000188
0.000147
0.000105
0.000062
0.000017
-0.000028
-0.000073
-0.000119
-0.000162
-0.000205
-0.000247
-0.000285
-0.000321
-0.000354
-0.000383
-0.000409
-0.000431
-0.000449
-0.000463
-0.000476
-0.000485
-0.000491
-0.000494
-0.000495
-0.000493
-0.000489
-0.000481
-0.000472
-0.000459
-0.000445
-0.000427
-0.000407
-0.000384
-0.000360
-0.000335
-0.000309
-0.000282
-0.000256
-0.000231
-0.000207
-0.000184
-0.000162
-0.000141
-0.000120
-0.000100
-0.000082
-0.000064
-0.000047
-0.000032
-0.000020
-0.000010
-0.000003
0.000002
0.000005
0.000006
0.000005
0.000002
-0.000004
-0.000011
-0.000019
-0.000028
-0.000039
-0.000050
-0.000061
-0.000073
-0.000086
-0.000099
-0.000113
-0.000129
-0.000144
-0.000161
-0.000177
-0.000193
-0.000208
-0.000222
-0.000235
-0.000245
-0.000255
-0.000261
-0.000266
-0.000270
-0.000272
-0.000272
-0.000273
-0.000271
-0.000269
-0.000265
-0.000261
-0.000255
-0.000247
-0.000238
-0.000227
-0.000215
-0.000200
-0.000186
-0.000170
-0.000154
-0.000137
-0.000120
-0.000105
-0.000090
-0.000075
-0.000062
-0.000051
-0.000040
-0.000028
-0.000019
-0.000010
-0.000001
0.000007
0.000014
0.000021
0.000026
0.000030
0.000032
0.000032
0.000031
0.000027
0.000021
0.000014
0.000005
-0.000005
-0.000014
-0.000025
-0.000037
-0.000048
-0.000058
-0.000069
-0.000080
-0.000091
-0.000103
-0.000115
-0.000127
-0.000139
-0.000151
-0.000164
-0.000176
-0.000186
-0.000195
-0.000202
-0.000207
-0.000210
-0.000213
-0.000213
-0.000214
-0.000213
-0.000213
-0.000210
-0.000208
-0.000206
-0.000203
-0.000200
-0.000197
-0.000192
-0.000186
-0.000179
-0.000171
-0.000162
-0.000154
-0.000146
-0.000138
-0.000130
-0.000123
-0.000119
-0.000115
-0.000112
-0.000110
-0.000109
-0.000109
-0.000109
-0.000109
-0.000110
-0.000110
-0.000110
-0.000111
-0.000113
-0.000117
-0.000120
-0.000125
-0.000130
-0.000136
-0.000144
-0.000152
-0.000158
-0.000165
-0.000171
-0.000175
-0.000179
-0.000183
-0.000184
-0.000186
-0.000188
-0.000188
-0.000188
-0.000187
-0.000186
-0.000185
-0.000184
-0.000183
-0.000181
-0.000178
-0.000174
-0.000169
-0.000161
-0.000153
-0.000144
-0.000134
-0.000125
-0.000115
-0.000106
-0.000096
-0.000087
-0.000079
-0.000071
-0.000064
-0.000057
-0.000051
-0.000042
-0.000034
-0.000026
-0.000018
-0.000010
-0.000002
0.000006
0.000012
0.000017
0.000021
0.000023
0.000024
0.000024
0.000025
0.000025
0.000024
0.000024
0.000025
0.000026
0.000026
0.000028
0.000028
0.000030
0.000031
0.000032
0.000031
0.000031
0.000031
0.000032
0.000033
0.000035
0.000038
0.000042
0.000047
0.000053
0.000060
0.000069
0.000079
0.000088
0.000099
0.000110
0.000120
0.000129
0.000139
0.000150
0.000160
0.000170
0.000182
0.000193
0.000204
0.000215
0.000224
0.000234
0.000242
0.000248
0.000254
0.000256
0.000256
0.000254
0.000250
0.000243
0.000235
0.000225
0.000214
0.000199
0.000183
0.000165
0.000146
0.000124
0.000099
0.000072
0.000042
0.000011
-0.000025
-0.000061
-0.000101
-0.000140
-0.000181
-0.000223
-0.000264
-0.000305
-0.000346
-0.000388
-0.000427
-0.000466
-0.000504
-0.000540
-0.000575
-0.000609
-0.000642
-0.000673
-0.000702
-0.000729
-0.000752
-0.000771
-0.000789
-0.000802
-0.000813
-0.000818
-0.000821
-0.000820
-0.000816
-0.000811
-0.000801
-0.000790
-0.000776
-0.000762
-0.000744
-0.000724
-0.000702
-0.000679
-0.000653
-0.000625
-0.000596
-0.000564
-0.000533
-0.000501
-0.000471
-0.000441
-0.000414
-0.000388
-0.000364
-0.000341
-0.000320
-0.000301
-0.000283
-0.000267
-0.000253
-0.000240
-0.000227
-0.000218
-0.000210
-0.000204
-0.000200
-0.000197
-0.000196
-0.000199
-0.000203
-0.000208
-0.000215
-0.000222
-0.000229
-0.000237
-0.000245
-0.000252
-0.000258
-0.000265
-0.000270
-0.000275
-0.000280
-0.000285
-0.000289
-0.000292
-0.000296
-0.000298
-0.000299
-0.000298
-0.000295
-0.000289
-0.000283
-0.000275
-0.000266
-0.000256
-0.000245
-0.000234
-0.000223
-0.000212
-0.000203
-0.000194
-0.000186
-0.000178
-0.000171
-0.000165
-0.000159
-0.000154
-0.000150
-0.000148
-0.000147
-0.000146
-0.000148
-0.000152
-0.000157
-0.000165
-0.000175
-0.000187
-0.000202
-0.000216
-0.000233
-0.000251
-0.000268
-0.000286
-0.000303
-0.000320
-0.000338
-0.000356
-0.000375
-0.000393
-0.000411
-0.000430
-0.000448
-0.000466
-0.000483
-0.000498
-0.000511
-0.000522
-0.000532
-0.000539
-0.000543
-0.000545
-0.000544
-0.000543
-0.000538
-0.000532
-0.000526
-0.000518
-0.000509
-0.000498
-0.000485
-0.000471
-0.000454
-0.000436
-0.000415
-0.000392
-0.000368
-0.000343
-0.000316
-0.000290
-0.000263
-0.000236
-0.000209
-0.000182
-0.000156
-0.000129
-0.000104
-0.000079
-0.000054
-0.000029
-0.000005
0.000019
0.000042
0.000064
0.000084
0.000105
0.000124
0.000141
0.000156
0.000169
0.000181
0.000191
0.000199
0.000206
0.000212
0.000217
0.000222
0.000225
0.000227
0.000227
0.000225
0.000221
0.000216
0.000208
0.000197
0.000185
0.000170
0.000152
0.000136
0.000118
0.000097
0.000077
0.000055
0.000033
0.000012
-0.000009
-0.000032
-0.000056
-0.000079
-0.000106
-0.000133
-0.000161
-0.000189
-0.000217
-0.000245
-0.000272
-0.000298
-0.000321
-0.000344
-0.000365
-0.000385
-0.000403
-0.000418
-0.000433
-0.000448
-0.000461
-0.000475
-0.000487
-0.000498
-0.000509
-0.000518
-0.000525
-0.000530
-0.000532
-0.000533
-0.000532
-0.000530
-0.000526
-0.000521
-0.000515
-0.000509
-0.000502
-0.000496
-0.000490
-0.000484
-0.000476
-0.000471
-0.000463
-0.000455
-0.000447
-0.000437
-0.000429
-0.000421
-0.000412
-0.000405
-0.000397
-0.000391
-0.000387
-0.000383
-0.000380
-0.000378
-0.000375
-0.000373
-0.000371
-0.000369
-0.000366
-0.000362
-0.000358
-0.000353
-0.000348
-0.000343
-0.000338
-0.000332
-0.000326
-0.000320
-0.000313
-0.000305
-0.000295
-0.000283
-0.000269
-0.000253
-0.000236
-0.000217
-0.000196
-0.000172
-0.000147
-0.000120
-0.000093
-0.000064
-0.000036
-0.000006
0.000024
0.000054
0.000086
0.000118
0.000149
0.000182
0.000215
0.000247
0.000279
0.000309
0.000338
0.000365
0.000390
0.000412
0.000433
0.000449
0.000464
0.000476
0.000486
0.000493
0.000498
0.000501
0.000502
0.000500
0.000497
0.000491
0.000482
0.000471
0.000458
0.000442
0.000422
0.000400
0.000376
0.000353
0.000328
0.000304
0.000280
0.000255
0.000231
0.000209
0.000187
0.000166
0.000146
0.000126
0.000107
0.000089
0.000071
0.000055
0.000039
0.000025
0.000014
0.000005
-0.000002
-0.000007
-0.000009
-0.000011
-0.000010
-0.000009
-0.000008
-0.000006
-0.000004
-0.000001
0.000002
0.000006
0.000009
0.000013
0.000016
0.000020
0.000024
0.000030
0.000035
0.000039
0.000043
0.000046
0.000046
0.000046
0.000044
0.000038
0.000033
0.000027
0.000019
0.000011
0.000002
-0.000007
-0.000016
-0.000025
-0.000034
-0.000042
-0.000050
-0.000059
-0.000068
-0.000076
-0.000083
-0.000091
-0.000099
-0.000106
-0.000111
-0.000114
-0.000116
-0.000116
-0.000114
-0.000110
-0.000105
-0.000098
-0.000090
-0.000080
-0.000070
-0.000057
-0.000046
-0.000035
-0.000022
-0.000009
0.000004
0.000017
0.000031
0.000046
0.000061
0.000077
0.000092
0.000107
0.000121
0.000134
0.000145
0.000153
0.000158
0.000161
0.000163
0.000161
0.000158
0.000154
0.000149
0.000142
0.000133
0.000123
0.000112
0.000098
0.000082
0.000065
0.000047
0.000025
0.000002
-0.000022
-0.000048
-0.000074
-0.000100
-0.000127
-0.000153
-0.000178
-0.000201
-0.000224
-0.000246
-0.000266
-0.000285
-0.000303
-0.000319
-0.000336
-0.000349
-0.000361
-0.000370
-0.000377
-0.000381
-0.000382
-0.000380
-0.000374
-0.000365
-0.000352
-0.000337
-0.000320
-0.000300
-0.000278
-0.000256
-0.000231
-0.000206
-0.000180
-0.000152
-0.000123
-0.000094
-0.000063
-0.000031
0.000002
0.000036
0.000070
0.000102
0.000134
0.000165
0.000193
0.000219
0.000243
0.000262
0.000279
0.000294
0.000305
0.000314
0.000321
0.000326
0.000327
0.000326
0.000323
0.000317
0.000308
0.000295
0.000280
0.000261
0.000240
0.000217
0.000191
0.000162
0.000133
0.000102
0.000072
0.000042
0.000013
-0.000016
-0.000044
-0.000072
-0.000099
-0.000127
-0.000153
-0.000180
-0.000203
-0.000226
-0.000246
-0.000265
-0.000281
-0.000293
-0.000301
-0.000307
-0.000310
-0.000309
-0.000305
-0.000299
-0.000291
-0.000283
-0.000273
-0.000260
-0.000247
-0.000231
-0.000214
-0.000196
-0.000176
-0.000154
-0.000131
-0.000107
-0.000082
-0.000056
-0.000031
-0.000006
0.000018
0.000040
0.000061
0.000080
0.000098
0.000114
0.000129
0.000143
0.000156
0.000168
0.000179
0.000189
0.000198
0.000205
0.000212
0.000218
0.000223
0.000226
0.000227
0.000226
0.000225
0.000223
0.000220
0.000218
0.000215
0.000214
0.000213
0.000213
0.000214
0.000215
0.000217
0.000220
0.000221
0.000223
0.000224
0.000226
0.000228
0.000229
0.000231
0.000234
0.000237
0.000239
0.000244
0.000248
0.000253
0.000258
0.000262
0.000264
0.000265
0.000264
0.000262
0.000258
0.000251
0.000244
0.000235
0.000225
0.000214
0.000201
0.000190
0.000177
0.000163
0.000149
0.000135
0.000119
0.000103
0.000084
0.000064
0.000044
0.000024
0.000005
-0.000014
-0.000032
-0.000049
-0.000063
-0.000074
-0.000084
-0.000092
-0.000098
-0.000101
-0.000103
-0.000103
-0.000102
-0.000101
-0.000097
-0.000091
-0.000082
-0.000071
-0.000059
-0.000044
-0.000027
-0.000009
0.000012
0.000034
0.000057
0.000079
0.000102
0.000124
0.000146
0.000166
0.000185
0.000204
0.000222
0.000238
0.000255
0.000270
0.000284
0.000295
0.000305
0.000313
0.000319
0.000322
0.000323
0.000321
0.000316
0.000309
0.000299
0.000287
0.000274
0.000259
0.000244
0.000227
0.000213
0.000197
0.000181
0.000164
0.000147
0.000129
0.000112
0.000094
0.000076
0.000059
0.000043
0.000028
0.000013
0.000003
-0.000005
-0.000011
-0.000015
-0.000016
-0.000015
-0.000012
-0.000006
0.000001
0.000009
0.000016
0.000024
0.000034
0.000045
0.000057
0.000071
0.000087
0.000104
0.000123
0.000142
0.000163
0.000186
0.000207
0.000229
0.000250
0.000270
0.000288
0.000304
0.000320
0.000333
0.000347
0.000360
0.000371
0.000382
0.000392
0.000402
0.000410
0.000416
0.000422
0.000424
0.000426
0.000423
0.000419
0.000413
0.000405
0.000396
0.000385
0.000375
0.000363
0.000350
0.000337
0.000323
0.000309
0.000294
0.000277
0.000260
0.000243
0.000224
0.000203
0.000183
0.000163
0.000142
0.000122
0.000102
0.000083
0.000065
0.000049
0.000034
0.000019
0.000005
-0.000008
-0.000021
-0.000033
-0.000044
-0.000055
-0.000065
-0.000073
-0.000080
-0.000086
-0.000092
-0.000094
-0.000095
-0.000093
-0.000091
-0.000087
-0.000083
-0.000077
-0.000071
-0.000064
-0.000058
-0.000051
-0.000044
-0.000035
-0.000026
-0.000016
-0.000004
0.000010
0.000024
0.000040
0.000055
0.000070
0.000086
0.000102
0.000118
0.000131
0.000145
0.000156
0.000167
0.000178
0.000190
0.000201
0.000212
0.000223
0.000233
0.000244
0.000255
0.000265
0.000273
0.000280
0.000285
0.000288
0.000290
0.000289
0.000288
0.000286
0.000282
0.000278
0.000273
0.000268
0.000263
0.000258
0.000252
0.000247
0.000239
0.000231
0.000221
0.000211
0.000201
0.000189
0.000177
0.000166
0.000155
0.000144
0.000135
0.000126
0.000118
0.000110
0.000104
0.000097
0.000091
0.000085
0.000079
0.000075
0.000071
0.000066
0.000063
0.000060
0.000057
0.000056
0.000057
0.000058
0.000060
0.000064
0.000069
0.000072
0.000078
0.000082
0.000086
0.000090
0.000093
0.000096
0.000100
0.000103
0.000106
0.000109
0.000114
0.000119
0.000124
0.000129
0.000133
0.000137
0.000140
0.000141
0.000142
0.000141
0.000139
0.000136
0.000133
0.000131
0.000128
0.000125
0.000122
0.000119
0.000117
0.000114
0.000109
0.000104
0.000098
0.000092
0.000085
0.000076
0.000067
0.000058
0.000048
0.000038
0.000027
0.000017
0.000008
-0.000001
-0.000011
-0.000020
-0.000031
-0.000043
-0.000056
-0.000071
-0.000086
-0.000104
-0.000123
-0.000142
-0.000161
-0.000181
-0.000200
-0.000219
-0.000238
-0.000257
-0.000275
-0.000293
-0.000311
-0.000329
-0.000348
-0.000367
-0.000386
-0.000404
-0.000421
-0.000438
-0.000453
-0.000466
-0.000477
-0.000485
-0.000490
-0.000494
-0.000495
-0.000494
-0.000491
-0.000484
-0.000477
-0.000466
-0.000454
-0.000440
-0.000423
-0.000404
-0.000383
-0.000359
-0.000331
-0.000301
-0.000269
-0.000235
-0.000198
-0.000160
-0.000120
-0.000080
-0.000039
0.000002
0.000043
0.000085
0.000126
0.000166
0.000206
0.000246
0.000285
0.000324
0.000362
0.000400
0.000435
0.000469
0.000501
0.000531
0.000557
0.000581
0.000602
0.000620
0.000635
0.000649
0.000660
0.000667
0.000673
0.000678
0.000680
0.000680
0.000677
0.000672
0.000665
0.000656
0.000644
0.000630
0.000613
0.000594
0.000574
0.000553
0.000531
0.000508
0.000486
0.000462
0.000439
0.000416
0.000391
0.000365
0.000339
0.000312
0.000284
0.000256
0.000228
0.000201
0.000173
0.000146
0.000119
0.000095
0.000070
0.000048
0.000026
0.000005
-0.000016
-0.000039
-0.000060
-0.000083
-0.000105
-0.000128
-0.000151
-0.000174
-0.000196
-0.000217
-0.000237
-0.000255
-0.000273
-0.000290
-0.000305
-0.000322
-0.000339
-0.000355
-0.000371
-0.000386
-0.000403
-0.000419
-0.000435
-0.000450
-0.000465
-0.000478
-0.000491
-0.000502
-0.000514
-0.000524
-0.000532
-0.000541
-0.000549
-0.000558
-0.000565
-0.000573
-0.000582
-0.000591
-0.000600
-0.000609
-0.000618
-0.000626
-0.000632
-0.000639
-0.000643
-0.000647
-0.000650
-0.000652
-0.000655
-0.000657
-0.000660
-0.000662
-0.000665
-0.000667
-0.000668
-0.000671
-0.000672
-0.000671
-0.000668
-0.000665
-0.000660
-0.000653
-0.000646
-0.000636
-0.000626
-0.000616
-0.000604
-0.000593
-0.000582
-0.000569
-0.000554
-0.000538
-0.000522
-0.000504
-0.000484
-0.000463
-0.000441
-0.000419
-0.000396
-0.000371
-0.000346
-0.000322
-0.000299
-0.000276
-0.000253
-0.000231
-0.000207
-0.000183
-0.000159
-0.000136
-0.000112
-0.000087
-0.000061
-0.000034
-0.000008
0.000018
0.000043
0.000068
0.000091
0.000114
0.000137
0.000158
0.000181
0.000203
0.000224
0.000248
0.000272
0.000297
0.000323
0.000349
0.000374
0.000400
0.000425
0.000449
0.000472
0.000495
0.000516
0.000536
0.000555
0.000576
0.000594
0.000612
0.000631
0.000648
0.000664
0.000680
0.000695
0.000707
0.000717
0.000725
0.000730
0.000732
0.000731
0.000727
0.000722
0.000714
0.000705
0.000696
0.000683
0.000670
0.000654
0.000636
0.000616
0.000594
0.000570
0.000543
0.000515
0.000485
0.000453
0.000421
0.000389
0.000357
0.000324
0.000292
0.000260
0.000229
0.000197
0.000166
0.000135
0.000104
0.000074
0.000043
0.000014
-0.000016
-0.000043
-0.000070
-0.000094
-0.000118
-0.000138
-0.000157
-0.000172
-0.000186
-0.000199
-0.000211
-0.000220
-0.000228
-0.000234
-0.000240
-0.000246
-0.000251
-0.000254
-0.000255
-0.000254
-0.000253
-0.000249
-0.000242
-0.000234
-0.000226
-0.000216
-0.000206
-0.000195
-0.000184
-0.000172
-0.000162
-0.000150
-0.000138
-0.000127
-0.000114
-0.000101
-0.000086
-0.000070
-0.000055
-0.000039
-0.000021
-0.000004
0.000013
0.000029
0.000045
0.000058
0.000072
0.000083
0.000094
0.000105
0.000115
0.000124
0.000133
0.000141
0.000150
0.000156
0.000163
0.000168
0.000172
0.000172
0.000171
0.000167
0.000161
0.000152
0.000141
0.000128
0.000112
0.000097
0.000080
0.000060
0.000040
0.000019
-0.000002
-0.000025
-0.000049
-0.000075
-0.000103
-0.000131
-0.000160
-0.000192
-0.000222
-0.000253
-0.000282
-0.000311
-0.000337
-0.000364
-0.000387
-0.000409
-0.000429
-0.000449
-0.000465
-0.000482
-0.000496
-0.000509
-0.000519
-0.000528
-0.000535
-0.000538
-0.000538
-0.000535
-0.000530
-0.000520
-0.000508
-0.000494
-0.000478
-0.000461
-0.000442
-0.000422
-0.000401
-0.000381
-0.000360
-0.000338
-0.000316
-0.000293
-0.000270
-0.000246
-0.000220
-0.000194
-0.000168
-0.000141
-0.000115
-0.000090
-0.000066
-0.000043
-0.000021
-0.000001
0.000018
0.000036
0.000054
0.000071
0.000085
0.000101
0.000116
0.000131
0.000146
0.000159
0.000172
0.000184
0.000197
0.000208
0.000217
0.000227
0.000237
0.000246
0.000257
0.000266
0.000278
0.000290
0.000303
0.000316
0.000330
0.000345
0.000360
0.000374
0.000389
0.000403
0.000417
0.000429
0.000441
0.000453
0.000465
0.000475
0.000485
0.000494
0.000502
0.000509
0.000515
0.000519
0.000521
0.000521
0.000518
0.000512
0.000503
0.000491
0.000476
0.000460
0.000440
0.000419
0.000397
0.000374
0.000348
0.000323
0.000294
0.000265
0.000233
0.000200
0.000164
0.000128
0.000091
0.000052
0.000013
-0.000026
-0.000064
-0.000100
-0.000135
-0.000168
-0.000199
-0.000227
-0.000253
-0.000277
-0.000299
-0.000319
-0.000339
-0.000354
-0.000370
-0.000381
-0.000389
-0.000393
-0.000396
-0.000395
-0.000389
-0.000380
-0.000368
-0.000352
-0.000334
-0.000314
-0.000292
-0.000268
-0.000244
-0.000219
-0.000194
-0.000169
-0.000144
-0.000117
-0.000092
-0.000066
-0.000041
-0.000016
0.000008
0.000030
0.000049
0.000065
0.000077
0.000087
0.000092
0.000093
0.000090
0.000082
0.000071
0.000058
0.000040
0.000020
-0.000004
-0.000030
-0.000059
-0.000090
-0.000124
-0.000161
-0.000201
-0.000244
-0.000290
-0.000335
-0.000383
-0.000431
-0.000480
-0.000527
-0.000573
-0.000618
-0.000660
-0.000699
-0.000736
-0.000770
-0.000800
-0.000829
-0.000855
-0.000878
-0.000898
-0.000916
-0.000930
-0.000939
-0.000945
-0.000946
-0.000944
-0.000936
-0.000925
-0.000910
-0.000891
-0.000869
-0.000845
-0.000818
-0.000788
-0.000758
-0.000728
-0.000696
-0.000665
-0.000633
-0.000601
-0.000570
-0.000539
-0.000508
-0.000476
-0.000445
-0.000416
-0.000390
-0.000364
-0.000342
-0.000322
-0.000305
-0.000291
-0.000280
-0.000273
-0.000268
-0.000265
-0.000263
-0.000263
-0.000263
-0.000265
-0.000269
-0.000274
-0.000281
-0.000289
-0.000298
-0.000308
-0.000319
-0.000331
-0.000344
-0.000355
-0.000366
-0.000376
-0.000384
-0.000392
-0.000396
-0.000397
-0.000397
-0.000395
-0.000391
-0.000385
-0.000378
-0.000370
-0.000361
-0.000351
-0.000338
-0.000325
-0.000311
-0.000294
-0.000275
-0.000254
-0.000232
-0.000208
-0.000183
-0.000158
-0.000134
-0.000109
-0.000086
-0.000062
-0.000042
-0.000021
-0.000003
0.000015
0.000031
0.000046
0.000060
0.000072
0.000084
0.000094
0.000102
0.000107
0.000110
0.000110
0.000108
0.000104
0.000097
0.000086
0.000074
0.000060
0.000044
0.000028
0.000011
-0.000006
-0.000024
-0.000040
-0.000057
-0.000075
-0.000091
-0.000109
-0.000126
-0.000144
-0.000160
-0.000177
-0.000192
-0.000204
-0.000214
-0.000223
-0.000228
-0.000232
-0.000232
-0.000229
-0.000224
-0.000218
-0.000209
-0.000199
-0.000187
-0.000173
-0.000157
-0.000139
-0.000121
-0.000101
-0.000079
-0.000055
-0.000030
-0.000004
0.000025
0.000053
0.000081
0.000108
0.000136
0.000161
0.000187
0.000211
0.000233
0.000255
0.000275
0.000294
0.000313
0.000331
0.000349
0.000366
0.000382
0.000395
0.000407
0.000414
0.000421
0.000425
0.000427
0.000426
0.000422
0.000417
0.000411
0.000402
0.000393
0.000384
0.000375
0.000365
0.000355
0.000344
0.000332
0.000320
0.000306
0.000292
0.000277
0.000261
0.000245
0.000229
0.000213
0.000197
0.000182
0.000168
0.000155
0.000144
0.000133
0.000123
0.000113
0.000104
0.000094
0.000085
0.000077
0.000070
0.000061
0.000054
0.000047
0.000041
0.000037
0.000033
0.000032
0.000032
0.000033
0.000034
0.000037
0.000041
0.000044
0.000048
0.000051
0.000056
0.000061
0.000066
0.000072
0.000080
0.000089
0.000100
0.000113
0.000126
0.000140
0.000155
0.000169
0.000184
0.000199
0.000214
0.000229
0.000245
0.000260
0.000276
0.000291
0.000308
0.000325
0.000343
0.000360
0.000379
0.000396
0.000412
0.000428
0.000443
0.000455
0.000465
0.000474
0.000481
0.000486
0.000492
0.000494
0.000496
0.000496
0.000496
0.000494
0.000488
0.000482
0.000472
0.000460
0.000445
0.000427
0.000405
0.000380
0.000353
0.000324
0.000293
0.000262
0.000229
0.000194
0.000158
0.000123
0.000087
0.000049
0.000010
-0.000029
-0.000070
-0.000112
-0.000153
-0.000195
-0.000236
-0.000275
-0.000313
-0.000350
-0.000384
-0.000417
-0.000447
-0.000474
-0.000499
-0.000523
-0.000544
-0.000564
-0.000581
-0.000595
-0.000608
-0.000619
-0.000627
-0.000632
-0.000635
-0.000633
-0.000629
-0.000621
-0.000609
-0.000595
-0.000578
-0.000559
-0.000538
-0.000515
-0.000492
-0.000467
-0.000441
-0.000413
-0.000384
-0.000351
-0.000318
-0.000283
-0.000244
-0.000204
-0.000164
-0.000121
-0.000079
-0.000036
0.000006
0.000049
0.000090
0.000129
0.000167
0.000205
0.000242
0.000278
0.000313
0.000346
0.000380
0.000411
0.000442
0.000468
0.000493
0.000514
0.000531
0.000544
0.000554
0.000559
0.000560
0.000557
0.000551
0.000540
0.000528
0.000511
0.000491
0.000468
0.000442
0.000412
0.000379
0.000342
0.000301
0.000258
0.000212
0.000162
0.000110
0.000056
0.000000
-0.000056
-0.000112
-0.000166
-0.000220
-0.000272
-0.000323
-0.000373
-0.000420
-0.000467
-0.000511
-0.000553
-0.000594
-0.000630
-0.000662
-0.000690
-0.000714
-0.000733
-0.000746
-0.000754
-0.000756
-0.000754
-0.000747
-0.000734
-0.000716
-0.000696
-0.000671
-0.000643
-0.000611
-0.000576
-0.000538
-0.000499
-0.000456
-0.000411
-0.000364
-0.000314
-0.000262
-0.000210
-0.000157
-0.000105
-0.000054
-0.000003
0.000046
0.000092
0.000135
0.000175
0.000213
0.000248
0.000281
0.000311
0.000339
0.000365
0.000388
0.000409
0.000426
0.000440
0.000451
0.000460
0.000464
0.000465
0.000462
0.000459
0.000452
0.000444
0.000436
0.000426
0.000415
0.000403
0.000393
0.000382
0.000370
0.000359
0.000348
0.000336
0.000322
0.000310
0.000296
0.000282
0.000268
0.000253
0.000240
0.000226
0.000214
0.000202
0.000190
0.000176
0.000161
0.000147
0.000130
0.000112
0.000093
0.000074
0.000051
0.000026
0.000002
-0.000026
-0.000054
-0.000083
-0.000114
-0.000145
-0.000178
-0.000212
-0.000247
-0.000283
-0.000319
-0.000356
-0.000395
-0.000435
-0.000473
-0.000511
-0.000549
-0.000584
-0.000617
-0.000649
-0.000678
-0.000702
-0.000724
-0.000742
-0.000758
-0.000770
-0.000779
-0.000785
-0.000787
-0.000785
-0.000780
-0.000770
-0.000756
-0.000738
-0.000714
-0.000685
-0.000652
-0.000614
-0.000571
-0.000527
-0.000479
-0.000428
-0.000375
-0.000321
-0.000267
-0.000212
-0.000156
-0.000101
-0.000047
0.000007
0.000061
0.000114
0.000164
0.000213
0.000260
0.000303
0.000343
0.000381
0.000413
0.000440
0.000462
0.000478
0.000492
0.000500
0.000504
0.000504
0.000500
0.000493
0.000482
0.000467
0.000450
0.000429
0.000403
0.000375
0.000342
0.000307
0.000269
0.000228
0.000184
0.000140
0.000096
0.000050
0.000006
-0.000038
-0.000082
-0.000125
-0.000168
-0.000210
-0.000251
-0.000291
-0.000331
-0.000369
-0.000406
-0.000442
-0.000475
-0.000506
-0.000534
-0.000561
-0.000584
-0.000605
-0.000623
-0.000637
-0.000651
-0.000661
-0.000670
-0.000678
-0.000685
-0.000690
-0.000695
-0.000697
-0.000697
-0.000695
-0.000692
-0.000685
-0.000676
-0.000665
-0.000652
-0.000636
-0.000619
-0.000602
-0.000583
-0.000563
-0.000545
-0.000525
-0.000504
-0.000482
-0.000460
-0.000436
-0.000413
-0.000387
-0.000361
-0.000334
-0.000307
-0.000279
-0.000251
-0.000224
-0.000198
-0.000173
-0.000149
-0.000126
-0.000106
-0.000087
-0.000068
-0.000051
-0.000033
-0.000016
-0.000000
0.000014
0.000027
0.000039
0.000049
0.000058
0.000063
0.000067
0.000068
0.000068
0.000066
0.000063
0.000058
0.000053
0.000047
0.000041
0.000035
0.000028
0.000020
0.000013
0.000004
-0.000004
-0.000013
-0.000023
-0.000033
-0.000042
-0.000050
-0.000057
-0.000064
-0.000069
-0.000071
-0.000074
-0.000073
-0.000072
-0.000069
-0.000064
-0.000059
-0.000054
-0.000048
-0.000041
-0.000033
-0.000025
-0.000017
-0.000007
0.000004
0.000015
0.000028
0.000041
0.000054
0.000069
0.000085
0.000098
0.000112
0.000124
0.000134
0.000144
0.000152
0.000158
0.000163
0.000167
0.000169
0.000171
0.000171
0.000172
0.000169
0.000166
0.000162
0.000155
0.000146
0.000134
0.000120
0.000103
0.000086
0.000066
0.000045
0.000023
-0.000001
-0.000024
-0.000047
-0.000070
-0.000092
-0.000114
-0.000136
-0.000159
-0.000181
-0.000203
-0.000224
-0.000245
-0.000264
-0.000283
-0.000301
-0.000316
-0.000328
-0.000336
-0.000343
-0.000347
-0.000348
-0.000346
-0.000342
-0.000336
-0.000328
-0.000319
-0.000308
-0.000296
-0.000282
-0.000265
-0.000247
-0.000227
-0.000205
-0.000182
-0.000155
-0.000127
-0.000100
-0.000071
-0.000042
-0.000014
0.000014
0.000040
0.000064
0.000086
0.000108
0.000127
0.000144
0.000160
0.000174
0.000186
0.000198
0.000207
0.000215
0.000218
0.000220
0.000219
0.000214
0.000207
0.000196
0.000183
0.000166
0.000147
0.000127
0.000106
0.000083
0.000060
0.000037
0.000014
-0.000009
-0.000032
-0.000055
-0.000077
-0.000099
-0.000120
-0.000142
-0.000162
-0.000181
-0.000199
-0.000215
-0.000229
-0.000239
-0.000247
-0.000252
-0.000254
-0.000253
-0.000250
-0.000246
-0.000238
-0.000231
-0.000222
-0.000212
-0.000201
-0.000188
-0.000175
-0.000161
-0.000145
-0.000128
-0.000112
-0.000093
-0.000074
-0.000055
-0.000037
-0.000021
-0.000004
0.000011
0.000024
0.000035
0.000047
0.000054
0.000064
0.000072
0.000080
0.000087
0.000095
0.000101
0.000107
0.000113
0.000116
0.000120
0.000121
0.000121
0.000119
0.000118
0.000115
0.000113
0.000111
0.000110
0.000110
0.000111
0.000112
0.000115
0.000121
0.000127
0.000133
0.000138
0.000144
0.000149
0.000154
0.000160
0.000166
0.000174
0.000182
0.000191
0.000201
0.000214
0.000227
0.000241
0.000255
0.000270
0.000284
0.000297
0.000310
0.000321
0.000331
0.000340
0.000349
0.000357
0.000365
0.000372
0.000379
0.000387
0.000393
0.000399
0.000404
0.000410
0.000413
0.000417
0.000418
0.000418
0.000417
0.000414
0.000410
0.000405
0.000401
0.000395
0.000391
0.000387
0.000383
0.000378
0.000373
0.000368
0.000362
0.000355
0.000346
0.000337
0.000328
0.000319
0.000310
0.000300
0.000291
0.000283
0.000275
0.000268
0.000261
0.000253
0.000245
0.000237
0.000228
0.000219
0.000209
0.000197
0.000185
0.000172
0.000159
0.000144
0.000130
0.000116
0.000104
0.000090
0.000076
0.000062
0.000047
0.000032
0.000015
-0.000003
-0.000022
-0.000040
-0.000061
-0.000082
-0.000101
-0.000121
-0.000139
-0.000156
-0.000173
-0.000190
-0.000205
-0.000219
-0.000233
-0.000247
-0.000261
-0.000276
-0.000290
-0.000304
-0.000317
-0.000329
-0.000340
-0.000349
-0.000356
-0.000362
-0.000366
-0.000366
-0.000365
-0.000363
-0.000358
-0.000354
-0.000349
-0.000344
-0.000337
-0.000329
-0.000321
-0.000312
-0.000302
-0.000292
-0.000279
-0.000265
-0.000251
-0.000234
-0.000217
-0.000201
-0.000183
-0.000168
-0.000152
-0.000137
-0.000122
-0.000110
-0.000098
-0.000087
-0.000076
-0.000065
-0.000055
-0.000044
-0.000035
-0.000025
-0.000017
-0.000011
-0.000006
-0.000002
-0.000000
-0.000001
-0.000002
-0.000006
-0.000011
-0.000016
-0.000023
-0.000030
-0.000036
-0.000043
-0.000050
-0.000057
-0.000063
-0.000071
-0.000080
-0.000089
-0.000098
-0.000107
-0.000116
-0.000125
-0.000134
-0.000141
-0.000148
-0.000152
-0.000155
-0.000158
-0.000159
-0.000159
-0.000157
-0.000155
-0.000152
-0.000148
-0.000145
-0.000141
-0.000137
-0.000133
-0.000128
-0.000123
-0.000117
-0.000111
-0.000104
-0.000097
-0.000089
-0.000081
-0.000073
-0.000067
-0.000061
-0.000057
-0.000053
-0.000051
-0.000050
-0.000051
-0.000052
-0.000054
-0.000056
-0.000059
-0.000062
-0.000064
-0.000069
-0.000075
-0.000080
-0.000089
-0.000099
-0.000109
-0.000121
-0.000135
-0.000148
-0.000163
-0.000177
-0.000191
-0.000205
-0.000217
-0.000228
-0.000239
-0.000249
-0.000259
-0.000269
-0.000277
-0.000285
-0.000293
-0.000301
-0.000309
-0.000318
-0.000324
-0.000330
-0.000334
-0.000336
-0.000336
-0.000334
-0.000331
-0.000326
-0.000321
-0.000314
-0.000307
-0.000300
-0.000293
-0.000285
-0.000277
-0.000268
-0.000258
-0.000249
-0.000238
-0.000226
-0.000213
-0.000201
-0.000187
-0.000173
-0.000160
-0.000147
-0.000134
-0.000121
-0.000111
-0.000101
-0.000091
-0.000081
-0.000072
-0.000064
-0.000056
-0.000047
-0.000038
-0.000029
-0.000020
-0.000013
-0.000005
0.000001
0.000006
0.000010
0.000012
0.000014
0.000014
0.000013
0.000012
0.000011
0.000008
0.000006
0.000004
0.000001
-0.000002
-0.000006
-0.000011
-0.000018
-0.000025
-0.000036
-0.000046
-0.000058
-0.000069
-0.000082
-0.000095
-0.000107
-0.000119
-0.000131
-0.000141
-0.000151
-0.000161
-0.000171
-0.000181
-0.000191
-0.000203
-0.000213
-0.000224
-0.000234
-0.000243
-0.000253
-0.000260
-0.000269
-0.000274
-0.000279
-0.000281
-0.000284
-0.000285
-0.000286
-0.000286
-0.000286
-0.000285
-0.000284
-0.000283
-0.000281
-0.000278
-0.000274
-0.000270
-0.000263
-0.000256
-0.000247
-0.000236
-0.000226
-0.000215
-0.000204
-0.000194
-0.000184
-0.000176
-0.000168
-0.000161
-0.000154
-0.000149
-0.000143
-0.000136
-0.000129
-0.000124
-0.000118
-0.000113
-0.000108
-0.000103
-0.000099
-0.000096
-0.000095
-0.000095
-0.000096
-0.000098
-0.000101
-0.000104
-0.000106
-0.000110
-0.000112
-0.000114
-0.000115
-0.000116
-0.000116
-0.000117
-0.000117
-0.000117
-0.000118
-0.000119
-0.000120
-0.000121
-0.000122
-0.000122
-0.000120
-0.000118
-0.000115
-0.000110
-0.000104
-0.000098
-0.000091
-0.000083
-0.000075
-0.000067
-0.000060
-0.000053
-0.000046
-0.000039
-0.000032
-0.000025
-0.000016
-0.000009
-0.000002
0.000006
0.000014
0.000021
0.000029
0.000034
0.000040
0.000043
0.000045
0.000045
0.000046
0.000044
0.000041
0.000038
0.000035
0.000032
0.000031
0.000028
0.000027
0.000026
0.000024
0.000021
0.000018
0.000013
0.000009
0.000005
0.000001
-0.000004
-0.000006
-0.000008
-0.000008
-0.000006
-0.000002
0.000003
0.000013
0.000023
0.000035
0.000047
0.000062
0.000077
0.000093
0.000109
0.000126
0.000143
0.000162
0.000182
0.000202
0.000224
0.000247
0.000271
0.000295
0.000320
0.000343
0.000366
0.000387
0.000406
0.000424
0.000440
0.000453
0.000464
0.000474
0.000481
0.000487
0.000490
0.000491
0.000491
0.000489
0.000484
0.000477
0.000465
0.000451
0.000434
0.000414
0.000391
0.000365
0.000337
0.000308
0.000278
0.000247
0.000215
0.000182
0.000149
0.000117
0.000085
0.000053
0.000019
-0.000014
-0.000047
-0.000079
-0.000110
-0.000140
-0.000169
-0.000194
-0.000218
-0.000239
-0.000257
-0.000271
-0.000282
-0.000290
-0.000297
-0.000300
-0.000303
-0.000302
-0.000302
-0.000300
-0.000297
-0.000293
-0.000287
-0.000279
-0.000270
-0.000259
-0.000248
-0.000235
-0.000221
-0.000208
-0.000194
-0.000181
-0.000170
-0.000159
-0.000151
-0.000144
-0.000138
-0.000133
-0.000129
-0.000125
-0.000123
-0.000120
-0.000119
-0.000118
-0.000118
-0.000119
-0.000121
-0.000125
-0.000131
-0.000137
-0.000147
-0.000157
-0.000170
-0.000182
-0.000194
-0.000205
-0.000215
-0.000226
-0.000234
-0.000242
-0.000250
-0.000256
-0.000264
-0.000270
-0.000277
-0.000282
-0.000288
-0.000294
-0.000300
-0.000306
-0.000311
-0.000315
-0.000318
-0.000319
-0.000319
-0.000318
-0.000315
-0.000310
-0.000306
-0.000302
-0.000298
-0.000294
-0.000289
-0.000283
-0.000277
-0.000272
-0.000266
-0.000259
-0.000249
-0.000238
-0.000227
-0.000215
-0.000203
-0.000189
-0.000175
-0.000161
-0.000148
-0.000133
-0.000119
-0.000105
-0.000090
-0.000074
-0.000058
-0.000040
-0.000020
-0.000002
0.000019
0.000040
0.000061
0.000080
0.000101
0.000119
0.000136
0.000153
0.000169
0.000184
0.000198
0.000211
0.000224
0.000236
0.000248
0.000259
0.000268
0.000275
0.000282
0.000285
0.000286
0.000285
0.000279
0.000272
0.000262
0.000250
0.000234
0.000218
0.000201
0.000180
0.000160
0.000139
0.000116
0.000092
0.000067
0.000040
0.000012
-0.000017
-0.000049
-0.000080
-0.000114
-0.000148
-0.000181
-0.000214
-0.000245
-0.000273
-0.000301
-0.000326
-0.000349
-0.000370
-0.000389
-0.000405
-0.000419
-0.000430
-0.000440
-0.000446
-0.000451
-0.000450
-0.000447
-0.000440
-0.000430
-0.000416
-0.000399
-0.000378
-0.000352
-0.000324
-0.000294
-0.000262
-0.000228
-0.000193
-0.000156
-0.000119
-0.000080
-0.000040
0.000000
0.000041
0.000083
0.000124
0.000167
0.000209
0.000248
0.000287
0.000324
0.000357
0.000387
0.000415
0.000441
0.000463
0.000483
0.000499
0.000513
0.000525
0.000534
0.000542
0.000549
0.000554
0.000556
0.000556
0.000555
0.000552
0.000545
0.000538
0.000530
0.000520
0.000510
0.000500
0.000489
0.000479
0.000469
0.000461
0.000456
0.000451
0.000448
0.000444
0.000442
0.000440
0.000438
0.000435
0.000433
0.000431
0.000430
0.000431
0.000433
0.000435
0.000438
0.000441
0.000444
0.000447
0.000450
0.000450
0.000449
0.000446
0.000441
0.000434
0.000423
0.000411
0.000398
0.000381
0.000364
0.000344
0.000322
0.000299
0.000275
0.000248
0.000218
0.000186
0.000151
0.000114
0.000075
0.000034
-0.000008
-0.000050
-0.000093
-0.000134
-0.000175
-0.000216
-0.000254
-0.000291
-0.000326
-0.000360
-0.000392
-0.000421
-0.000449
-0.000475
-0.000499
-0.000520
-0.000539
-0.000556
-0.000568
-0.000578
-0.000584
-0.000586
-0.000583
-0.000578
-0.000568
-0.000557
-0.000543
-0.000527
-0.000510
-0.000492
-0.000472
-0.000451
-0.000428
-0.000404
-0.000379
-0.000352
-0.000324
-0.000296
-0.000266
-0.000235
-0.000206
-0.000176
-0.000147
-0.000120
-0.000094
-0.000069
-0.000046
-0.000025
-0.000004
0.000015
0.000033
0.000051
0.000067
0.000084
0.000099
0.000115
0.000129
0.000141
0.000152
0.000161
0.000168
0.000174
0.000178
0.000181
0.000183
0.000184
0.000185
0.000184
0.000184
0.000184
0.000182
0.000181
0.000179
0.000178
0.000173
0.000168
0.000163
0.000156
0.000148
0.000140
0.000131
0.000121
0.000113
0.000103
0.000093
0.000082
0.000072
0.000063
0.000053
0.000042
0.000032
0.000020
0.000008
-0.000004
-0.000017
-0.000029
-0.000041
-0.000051
-0.000061
-0.000070
-0.000077
-0.000083
-0.000087
-0.000091
-0.000095
-0.000099
-0.000102
-0.000105
-0.000107
-0.000110
-0.000112
-0.000114
-0.000116
-0.000117
-0.000116
-0.000114
-0.000111
-0.000107
-0.000103
-0.000099
-0.000094
-0.000089
-0.000087
-0.000084
-0.000082
-0.000080
-0.000081
-0.000082
-0.000084
-0.000087
-0.000089
-0.000091
-0.000093
-0.000096
-0.000098
-0.000100
-0.000104
-0.000107
-0.000111
-0.000116
-0.000123
-0.000129
-0.000136
-0.000144
-0.000151
-0.000157
-0.000162
-0.000166
-0.000170
-0.000173
-0.000174
-0.000175
-0.000176
-0.000177
-0.000176
-0.000177
-0.000177
-0.000177
-0.000176
-0.000175
-0.000173
-0.000169
-0.000165
-0.000160
-0.000154
-0.000148
-0.000142
-0.000135
-0.000130
-0.000126
-0.000122
-0.000120
-0.000119
-0.000118
-0.000120
-0.000122
-0.000126
-0.000129
-0.000134
-0.000139
-0.000143
-0.000150
-0.000157
-0.000165
-0.000175
-0.000186
-0.000199
-0.000213
-0.000228
-0.000244
-0.000260
-0.000276
-0.000290
-0.000305
-0.000318
-0.000331
-0.000342
-0.000351
-0.000360
-0.000369
-0.000376
-0.000383
-0.000388
-0.000394
-0.000399
-0.000402
-0.000403
-0.000403
-0.000401
-0.000398
-0.000392
-0.000384
-0.000373
-0.000361
-0.000348
-0.000334
-0.000319
-0.000303
-0.000288
-0.000274
-0.000261
-0.000247
-0.000233
-0.000219
-0.000204
-0.000189
-0.000173
-0.000159
-0.000144
-0.000131
-0.000118
-0.000106
-0.000095
-0.000086
-0.000077
-0.000070
-0.000064
-0.000061
-0.000057
-0.000055
-0.000053
-0.000051
-0.000049
-0.000045
-0.000043
-0.000042
-0.000042
-0.000042
-0.000042
-0.000043
-0.000045
-0.000047
-0.000049
-0.000053
-0.000055
-0.000056
-0.000057
-0.000056
-0.000055
-0.000052
-0.000048
-0.000044
-0.000040
-0.000036
-0.000032
-0.000028
-0.000025
-0.000020
-0.000014
-0.000009
-0.000004
0.000003
0.000010
0.000019
0.000028
0.000038
0.000049
0.000059
0.000069
0.000077
0.000087
0.000096
0.000104
0.000110
0.000117
0.000123
0.000130
0.000138
0.000146
0.000154
0.000164
0.000173
0.000184
0.000193
0.000202
0.000210
0.000217
0.000222
0.000226
0.000230
0.000232
0.000233
0.000235
0.000235
0.000234
0.000233
0.000232
0.000229
0.000225
0.000220
0.000213
0.000205
0.000194
0.000181
0.000165
0.000149
0.000130
0.000111
0.000090
0.000068
0.000047
0.000024
0.000000
-0.000024
-0.000050
-0.000076
-0.000103
-0.000130
-0.000158
-0.000187
-0.000215
-0.000244
-0.000273
-0.000300
-0.000326
-0.000351
-0.000373
-0.000394
-0.000413
-0.000432
-0.000447
-0.000462
-0.000474
-0.000486
-0.000496
-0.000504
-0.000511
-0.000514
-0.000515
-0.000513
-0.000508
-0.000500
-0.000489
-0.000476
-0.000460
-0.000442
-0.000423
-0.000402
-0.000379
-0.000357
-0.000334
-0.000309
-0.000285
-0.000261
-0.000234
-0.000208
-0.000182
-0.000154
-0.000126
-0.000096
-0.000068
-0.000040
-0.000012
0.000013
0.000036
0.000059
0.000078
0.000095
0.000111
0.000125
0.000136
0.000146
0.000156
0.000162
0.000168
0.000173
0.000177
0.000180
0.000181
0.000179
0.000175
0.000169
0.000160
0.000149
0.000137
0.000123
0.000109
0.000095
0.000079
0.000065
0.000049
0.000035
0.000021
0.000007
-0.000007
-0.000020
-0.000034
-0.000047
-0.000060
-0.000073
-0.000085
-0.000096
-0.000105
-0.000112
-0.000117
-0.000120
-0.000121
-0.000121
-0.000118
-0.000114
-0.000110
-0.000104
-0.000098
-0.000091
-0.000083
-0.000074
-0.000064
-0.000053
-0.000042
-0.000029
-0.000014
0.000002
0.000017
0.000034
0.000049
0.000065
0.000080
0.000093
0.000105
0.000116
0.000126
0.000134
0.000139
0.000144
0.000149
0.000154
0.000156
0.000158
0.000158
0.000157
0.000155
0.000152
0.000147
0.000139
0.000130
0.000119
0.000107
0.000094
0.000080
0.000065
0.000049
0.000035
0.000020
0.000006
-0.000007
-0.000022
-0.000035
-0.000048
-0.000061
-0.000073
-0.000087
-0.000100
-0.000112
-0.000124
-0.000135
-0.000144
-0.000151
-0.000155
-0.000158
-0.000158
-0.000155
-0.000152
-0.000146
-0.000141
-0.000133
-0.000125
-0.000116
-0.000108
-0.000097
-0.000087
-0.000076
-0.000065
-0.000050
-0.000036
-0.000020
-0.000003
0.000014
0.000031
0.000048
0.000066
0.000082
0.000097
0.000112
0.000125
0.000137
0.000149
0.000160
0.000170
0.000180
0.000190
0.000200
0.000207
0.000214
0.000220
0.000225
0.000227
0.000228
0.000226
0.000221
0.000214
0.000207
0.000196
0.000186
0.000173
0.000159
0.000145
0.000128
0.000110
0.000091
0.000071
0.000049
0.000025
-0.000001
-0.000030
-0.000060
-0.000092
-0.000124
-0.000158
-0.000191
-0.000224
-0.000257
-0.000289
-0.000320
-0.000352
-0.000383
-0.000414
-0.000443
-0.000471
-0.000499
-0.000526
-0.000553
-0.000577
-0.000600
-0.000622
-0.000640
-0.000655
-0.000667
-0.000675
-0.000681
-0.000683
-0.000683
-0.000680
-0.000674
-0.000665
-0.000653
-0.000639
-0.000623
-0.000605
-0.000584
-0.000560
-0.000533
-0.000503
-0.000469
-0.000433
-0.000394
-0.000353
-0.000311
-0.000266
-0.000221
-0.000175
-0.000129
-0.000084
-0.000040
0.000005
0.000049
0.000095
0.000139
0.000182
0.000225
0.000268
0.000309
0.000347
0.000383
0.000416
0.000446
0.000473
0.000495
0.000515
0.000531
0.000544
0.000553
0.000558
0.000561
0.000561
0.000558
0.000552
0.000544
0.000532
0.000517
0.000500
0.000480
0.000457
0.000431
0.000402
0.000372
0.000341
0.000307
0.000274
0.000239
0.000205
0.000171
0.000137
0.000104
0.000073
0.000041
0.000011
-0.000019
-0.000048
-0.000077
-0.000105
-0.000131
-0.000155
-0.000178
-0.000199
-0.000217
-0.000233
-0.000247
-0.000258
-0.000268
-0.000274
-0.000280
-0.000284
-0.000286
-0.000286
-0.000286
-0.000283
-0.000281
-0.000276
-0.000269
-0.000260
-0.000251
-0.000241
-0.000230
-0.000217
-0.000203
-0.000189
-0.000175
-0.000162
-0.000150
-0.000138
-0.000125
-0.000114
-0.000103
-0.000092
-0.000082
-0.000072
-0.000061
-0.000050
-0.000039
-0.000030
-0.000021
-0.000014
-0.000006
0.000001
0.000006
0.000009
0.000013
0.000016
0.000018
0.000019
0.000020
0.000022
0.000025
0.000026
0.000029
0.000032
0.000035
0.000036
0.000037
0.000035
0.000034
0.000031
0.000028
0.000025
0.000021
0.000017
0.000013
0.000009
0.000005
0.000001
-0.000005
-0.000010
-0.000018
-0.000026
-0.000035
-0.000045
-0.000057
-0.000070
-0.000084
-0.000098
-0.000113
-0.000129
-0.000145
-0.000162
-0.000177
-0.000192
-0.000206
-0.000221
-0.000235
-0.000251
-0.000266
-0.000280
-0.000295
-0.000310
-0.000324
-0.000339
-0.000351
-0.000363
-0.000372
-0.000379
-0.000384
-0.000387
-0.000388
-0.000387
-0.000384
-0.000378
-0.000372
-0.000364
-0.000356
-0.000345
-0.000335
-0.000322
-0.000309
-0.000293
-0.000275
-0.000256
-0.000236
-0.000214
-0.000192
-0.000168
-0.000145
-0.000121
-0.000099
-0.000079
-0.000059
-0.000041
-0.000024
-0.000008
0.000005
0.000018
0.000029
0.000039
0.000047
0.000053
0.000056
0.000058
0.000057
0.000053
0.000045
0.000035
0.000021
0.000007
-0.000010
-0.000027
-0.000047
-0.000067
-0.000087
-0.000108
-0.000129
-0.000150
-0.000170
-0.000192
-0.000215
-0.000236
-0.000258
-0.000280
-0.000301
-0.000321
-0.000339
-0.000355
-0.000370
-0.000380
-0.000388
-0.000394
-0.000396
-0.000396
-0.000394
-0.000388
-0.000379
-0.000371
-0.000360
-0.000347
-0.000332
-0.000316
-0.000298
-0.000279
-0.000257
-0.000234
-0.000209
-0.000183
-0.000155
-0.000128
-0.000099
-0.000070
-0.000043
-0.000017
0.000006
0.000029
0.000049
0.000068
0.000087
0.000103
0.000117
0.000131
0.000144
0.000155
0.000164
0.000172
0.000178
0.000183
0.000184
0.000183
0.000180
0.000174
0.000168
0.000160
0.000149
0.000136
0.000124
0.000111
0.000098
0.000085
0.000072
0.000059
0.000047
0.000034
0.000020
0.000006
-0.000009
-0.000023
-0.000038
-0.000053
-0.000066
-0.000079
-0.000090
-0.000100
-0.000109
-0.000116
-0.000123
-0.000129
-0.000135
-0.000140
-0.000145
-0.000150
-0.000156
-0.000160
-0.000166
-0.000171
-0.000175
-0.000178
-0.000180
-0.000182
-0.000181
-0.000182
-0.000183
-0.000182
-0.000184
-0.000185
-0.000187
-0.000189
-0.000192
-0.000195
-0.000198
-0.000201
-0.000203
-0.000205
-0.000206
-0.000206
-0.000205
-0.000203
-0.000202
-0.000200
-0.000198
-0.000197
-0.000196
-0.000194
-0.000193
-0.000193
-0.000192
-0.000190
-0.000189
-0.000186
-0.000181
-0.000176
-0.000171
-0.000163
-0.000156
-0.000148
-0.000140
-0.000132
-0.000125
-0.000119
-0.000112
-0.000105
-0.000100
-0.000094
-0.000089
-0.000083
-0.000077
-0.000070
-0.000062
-0.000055
-0.000047
-0.000040
-0.000034
-0.000029
-0.000026
-0.000025
-0.000023
-0.000025
-0.000025
-0.000026
-0.000028
-0.000029
-0.000030
-0.000031
-0.000031
-0.000031
-0.000031
-0.000032
-0.000033
-0.000034
-0.000037
-0.000039
-0.000042
-0.000045
-0.000048
-0.000050
-0.000051
-0.000051
-0.000051
-0.000049
-0.000046
-0.000043
-0.000039
-0.000035
-0.000030
-0.000025
-0.000021
-0.000016
-0.000012
-0.000008
-0.000002
0.000004
0.000010
0.000017
0.000025
0.000034
0.000043
0.000054
0.000064
0.000073
0.000084
0.000092
0.000099
0.000107
0.000114
0.000119
0.000126
0.000132
0.000139
0.000145
0.000152
0.000159
0.000165
0.000171
0.000174
0.000178
0.000181
0.000183
0.000184
0.000183
0.000181
0.000179
0.000176
0.000172
0.000168
0.000163
0.000159
0.000154
0.000149
0.000143
0.000137
0.000131
0.000122
0.000113
0.000102
0.000091
0.000079
0.000065
0.000052
0.000040
0.000028
0.000015
0.000004
-0.000007
-0.000019
-0.000031
-0.000043
-0.000055
-0.000067
-0.000078
-0.000091
-0.000103
-0.000113
-0.000124
-0.000132
-0.000139
-0.000145
-0.000148
-0.000151
-0.000152
-0.000152
-0.000150
-0.000146
-0.000142
-0.000138
-0.000133
-0.000127
-0.000119
-0.000111
-0.000101
-0.000089
-0.000075
-0.000059
-0.000043
-0.000025
-0.000005
0.000014
0.000033
0.000051
0.000069
0.000085
0.000101
0.000115
0.000128
0.000141
0.000152
0.000163
0.000173
0.000182
0.000190
0.000197
0.000203
0.000207
0.000210
0.000209
0.000206
0.000201
0.000195
0.000185
0.000175
0.000164
0.000150
0.000136
0.000122
0.000108
0.000093
0.000077
0.000062
0.000045
0.000029
0.000010
-0.000007
-0.000026
-0.000044
-0.000063
-0.000081
-0.000098
-0.000113
-0.000128
-0.000140
-0.000151
-0.000159
-0.000167
-0.000171
-0.000175
-0.000179
-0.000181
-0.000182
-0.000180
-0.000179
-0.000177
-0.000174
-0.000169
-0.000163
-0.000154
-0.000144
-0.000132
-0.000119
-0.000105
-0.000090
-0.000076
-0.000061
-0.000047
-0.000032
-0.000018
-0.000006
0.000006
0.000020
0.000032
0.000044
0.000057
0.000071
0.000084
0.000096
0.000109
0.000121
0.000133
0.000142
0.000150
0.000157
0.000162
0.000168
0.000171
0.000174
0.000177
0.000181
0.000185
0.000190
0.000195
0.000199
0.000205
0.000209
0.000211
0.000213
0.000214
0.000215
0.000215
0.000214
0.000213
0.000211
0.000211
0.000210
0.000210
0.000211
0.000211
0.000212
0.000211
0.000211
0.000210
0.000208
0.000207
0.000204
0.000200
0.000197
0.000193
0.000189
0.000185
0.000182
0.000179
0.000175
0.000173
0.000169
0.000167
0.000165
0.000162
0.000159
0.000155
0.000151
0.000148
0.000144
0.000140
0.000137
0.000135
0.000134
0.000134
0.000134
0.000137
0.000140
0.000143
0.000146
0.000150
0.000153
0.000159
0.000164
0.000169
0.000175
0.000183
0.000192
0.000202
0.000214
0.000228
0.000243
0.000259
0.000276
0.000294
0.000311
0.000330
0.000350
0.000369
0.000388
0.000408
0.000427
0.000447
0.000468
0.000489
0.000511
0.000534
0.000558
0.000580
0.000603
0.000623
0.000643
0.000661
0.000677
0.000692
0.000705
0.000716
0.000725
0.000734
0.000741
0.000746
0.000751
0.000753
0.000755
0.000755
0.000753
0.000750
0.000742
0.000733
0.000720
0.000706
0.000689
0.000669
0.000649
0.000627
0.000605
0.000581
0.000558
0.000534
0.000510
0.000485
0.000458
0.000432
0.000404
0.000375
0.000345
0.000315
0.000285
0.000256
0.000228
0.000201
0.000175
0.000151
0.000130
0.000110
0.000092
0.000075
0.000061
0.000048
0.000035
0.000024
0.000013
0.000003
-0.000005
-0.000012
-0.000017
-0.000020
-0.000022
-0.000021
-0.000018
-0.000013
-0.000007
-0.000001
0.000007
0.000016
0.000024
0.000031
0.000039
0.000046
0.000053
0.000059
0.000067
0.000075
0.000083
0.000091
0.000100
0.000109
0.000117
0.000125
0.000133
0.000139
0.000144
0.000147
0.000150
0.000152
0.000154
0.000154
0.000154
0.000156
0.000157
0.000159
0.000161
0.000163
0.000165
0.000166
0.000168
0.000169
0.000169
0.000169
0.000168
0.000167
0.000165
0.000164
0.000162
0.000161
0.000160
0.000160
0.000161
0.000162
0.000163
0.000162
0.000161
0.000160
0.000157
0.000153
0.000147
0.000141
0.000134
0.000127
0.000120
0.000112
0.000104
0.000095
0.000087
0.000079
0.000071
0.000062
0.000052
0.000041
0.000030
0.000018
0.000007
-0.000005
-0.000016
-0.000027
-0.000037
-0.000046
-0.000053
-0.000060
-0.000065
-0.000069
-0.000071
-0.000071
-0.000071
-0.000071
-0.000069
-0.000066
-0.000062
-0.000058
-0.000051
-0.000044
-0.000034
-0.000022
-0.000007
0.000008
0.000025
0.000044
0.000063
0.000082
0.000103
0.000121
0.000139
0.000157
0.000175
0.000193
0.000211
0.000227
0.000244
0.000260
0.000276
0.000291
0.000305
0.000317
0.000328
0.000337
0.000343
0.000348
0.000350
0.000350
0.000347
0.000343
0.000338
0.000331
0.000324
0.000316
0.000306
0.000295
0.000283
0.000269
0.000253
0.000234
0.000214
0.000190
0.000165
0.000138
0.000109
0.000080
0.000050
0.000020
-0.000010
-0.000039
-0.000069
-0.000098
-0.000128
-0.000157
-0.000186
-0.000214
-0.000244
-0.000273
-0.000301
-0.000329
-0.000356
-0.000381
-0.000404
-0.000424
-0.000442
-0.000456
-0.000468
-0.000478
-0.000485
-0.000490
-0.000493
-0.000493
-0.000490
-0.000486
-0.000480
-0.000471
-0.000460
-0.000445
-0.000428
-0.000407
-0.000382
-0.000354
-0.000325
-0.000293
-0.000258
-0.000220
-0.000180
-0.000140
-0.000098
-0.000056
-0.000013
0.000031
0.000076
0.000120
0.000165
0.000212
0.000259
0.000306
0.000353
0.000400
0.000444
0.000489
0.000531
0.000570
0.000608
0.000643
0.000676
0.000706
0.000732
0.000757
0.000780
0.000799
0.000816
0.000830
0.000842
0.000850
0.000854
0.000854
0.000851
0.000845
0.000836
0.000822
0.000805
0.000786
0.000765
0.000741
0.000715
0.000688
0.000659
0.000629
0.000598
0.000565
0.000531
0.000496
0.000461
0.000424
0.000386
0.000347
0.000308
0.000270
0.000233
0.000197
0.000162
0.000129
0.000099
0.000070
0.000042
0.000017
-0.000006
-0.000028
-0.000047
-0.000066
-0.000084
-0.000100
-0.000113
-0.000126
-0.000136
-0.000142
-0.000147
-0.000149
-0.000150
-0.000148
-0.000145
-0.000142
-0.000136
-0.000131
-0.000126
-0.000119
-0.000113
-0.000106
-0.000098
-0.000090
-0.000082
-0.000074
-0.000065
-0.000056
-0.000047
-0.000038
-0.000031
-0.000024
-0.000018
-0.000014
-0.000011
-0.000009
-0.000009
-0.000010
-0.000012
-0.000015
-0.000019
-0.000023
-0.000026
-0.000031
-0.000035
-0.000041
-0.000046
-0.000052
-0.000057
-0.000064
-0.000072
-0.000080
-0.000089
-0.000096
-0.000104
-0.000110
-0.000115
-0.000120
-0.000122
-0.000122
-0.000121
-0.000119
-0.000116
-0.000112
-0.000108
-0.000103
-0.000098
-0.000091
-0.000085
-0.000077
-0.000067
-0.000057
-0.000045
-0.000032
-0.000018
-0.000003
0.000012
0.000028
0.000044
0.000059
0.000073
0.000088
0.000102
0.000113
0.000124
0.000135
0.000144
0.000152
0.000160
0.000168
0.000175
0.000181
0.000185
0.000189
0.000191
0.000192
0.000190
0.000185
0.000179
0.000170
0.000160
0.000148
0.000136
0.000122
0.000108
0.000093
0.000079
0.000064
0.000047
0.000031
0.000013
-0.000006
-0.000023
-0.000041
-0.000059
-0.000076
-0.000093
-0.000109
-0.000125
-0.000137
-0.000147
-0.000157
-0.000163
-0.000168
-0.000169
-0.000169
-0.000168
-0.000166
-0.000162
-0.000157
-0.000149
-0.000140
-0.000131
-0.000119
-0.000106
-0.000091
-0.000073
-0.000053
-0.000030
-0.000006
0.000018
0.000045
0.000072
0.000098
0.000123
0.000147
0.000172
0.000195
0.000218
0.000240
0.000262
0.000283
0.000305
0.000325
0.000343
0.000359
0.000373
0.000384
0.000393
0.000397
0.000400
0.000397
0.000392
0.000384
0.000372
0.000357
0.000340
0.000320
0.000298
0.000276
0.000250
0.000223
0.000193
0.000159
0.000124
0.000088
0.000049
0.000010
-0.000031
-0.000073
-0.000114
-0.000156
-0.000195
-0.000235
-0.000273
-0.000310
-0.000345
-0.000378
-0.000410
-0.000441
-0.000470
-0.000497
-0.000522
-0.000543
-0.000562
-0.000578
-0.000591
-0.000599
-0.000604
-0.000605
-0.000604
-0.000598
-0.000590
-0.000578
-0.000565
-0.000550
-0.000532
-0.000514
-0.000496
-0.000476
-0.000457
-0.000436
-0.000416
-0.000394
-0.000370
-0.000348
-0.000325
-0.000302
-0.000281
-0.000260
-0.000240
-0.000222
-0.000206
-0.000192
-0.000181
-0.000172
-0.000166
-0.000160
-0.000155
-0.000152
-0.000151
-0.000149
-0.000148
-0.000148
-0.000148
-0.000148
-0.000149
-0.000150
-0.000153
-0.000155
-0.000158
-0.000161
-0.000163
-0.000163
-0.000161
-0.000159
-0.000155
-0.000149
-0.000140
-0.000131
-0.000120
-0.000107
-0.000094
-0.000078
-0.000063
-0.000048
-0.000033
-0.000017
-0.000003
0.000012
0.000026
0.000040
0.000053
0.000067
0.000079
0.000090
0.000098
0.000105
0.000110
0.000111
0.000110
0.000106
0.000098
0.000086
0.000073
0.000056
0.000037
0.000016
-0.000007
-0.000034
-0.000062
-0.000091
-0.000121
-0.000153
-0.000187
-0.000221
-0.000257
-0.000292
-0.000328
-0.000363
-0.000395
-0.000426
-0.000455
-0.000480
-0.000503
-0.000521
-0.000535
-0.000547
-0.000555
-0.000558
-0.000559
-0.000556
-0.000550
-0.000541
-0.000529
-0.000511
-0.000492
-0.000468
-0.000441
-0.000411
-0.000378
-0.000342
-0.000303
-0.000263
-0.000221
-0.000178
-0.000136
-0.000094
-0.000055
-0.000015
0.000022
0.000057
0.000091
0.000121
0.000150
0.000177
0.000200
0.000222
0.000240
0.000254
0.000265
0.000271
0.000273
0.000271
0.000265
0.000254
0.000240
0.000224
0.000205
0.000184
0.000162
0.000138
0.000114
0.000089
0.000065
0.000040
0.000018
-0.000006
-0.000030
-0.000054
-0.000077
-0.000100
-0.000119
-0.000137
-0.000152
-0.000164
-0.000173
-0.000178
-0.000178
-0.000177
-0.000173
-0.000165
-0.000156
-0.000144
-0.000130
-0.000115
-0.000099
-0.000080
-0.000060
-0.000038
-0.000014
0.000010
0.000037
0.000064
0.000092
0.000118
0.000146
0.000174
0.000202
0.000227
0.000251
0.000273
0.000293
0.000311
0.000328
0.000343
0.000357
0.000369
0.000380
0.000389
0.000398
0.000404
0.000408
0.000411
0.000410
0.000406
0.000398
0.000390
0.000380
0.000367
0.000351
0.000335
0.000317
0.000298
0.000278
0.000258
0.000237
0.000215
0.000193
0.000170
0.000145
0.000120
0.000095
0.000069
0.000041
0.000012
-0.000017
-0.000047
-0.000074
-0.000100
-0.000127
-0.000153
-0.000176
-0.000199
-0.000221
-0.000242
-0.000263
-0.000283
-0.000302
-0.000320
-0.000337
-0.000352
-0.000366
-0.000375
-0.000384
-0.000387
-0.000390
-0.000389
-0.000386
-0.000382
-0.000375
-0.000366
-0.000357
-0.000347
-0.000336
-0.000323
-0.000310
-0.000297
-0.000281
-0.000265
-0.000247
-0.000228
-0.000209
-0.000189
-0.000170
-0.000151
-0.000133
-0.000115
-0.000099
-0.000085
-0.000073
-0.000063
-0.000053
-0.000047
-0.000040
-0.000034
-0.000030
-0.000027
-0.000026
-0.000026
-0.000029
-0.000033
-0.000040
-0.000047
-0.000055
-0.000066
-0.000080
-0.000095
-0.000110
-0.000126
-0.000143
-0.000160
-0.000177
-0.000195
-0.000209
-0.000225
-0.000239
-0.000253
-0.000266
-0.000279
-0.000290
-0.000302
-0.000313
-0.000322
-0.000330
-0.000335
-0.000340
-0.000341
-0.000340
-0.000337
-0.000332
-0.000323
-0.000314
-0.000303
-0.000291
-0.000277
-0.000261
-0.000244
-0.000226
-0.000207
-0.000187
-0.000163
-0.000137
-0.000110
-0.000081
-0.000050
-0.000018
0.000016
0.000049
0.000084
0.000118
0.000153
0.000188
0.000222
0.000255
0.000288
0.000321
0.000354
0.000388
0.000422
0.000455
0.000489
0.000523
0.000556
0.000587
0.000618
0.000646
0.000672
0.000694
0.000715
0.000734
0.000751
0.000765
0.000779
0.000789
0.000797
0.000804
0.000810
0.000813
0.000813
0.000810
0.000805
0.000797
0.000784
0.000768
0.000750
0.000728
0.000705
0.000678
0.000650
0.000619
0.000587
0.000555
0.000520
0.000487
0.000453
0.000420
0.000384
0.000349
0.000312
0.000276
0.000240
0.000205
0.000170
0.000137
0.000106
0.000077
0.000051
0.000028
0.000007
-0.000009
-0.000022
-0.000034
-0.000043
-0.000049
-0.000053
-0.000055
-0.000055
-0.000052
-0.000046
-0.000039
-0.000029
-0.000016
-0.000001
0.000017
0.000037
0.000056
0.000076
0.000097
0.000117
0.000137
0.000155
0.000173
0.000189
0.000204
0.000218
0.000230
0.000240
0.000249
0.000257
0.000264
0.000269
0.000271
0.000271
0.000269
0.000263
0.000254
0.000242
0.000227
0.000211
0.000192
0.000170
0.000147
0.000122
0.000097
0.000071
0.000044
0.000016
-0.000012
-0.000040
-0.000068
-0.000098
-0.000128
-0.000157
-0.000186
-0.000214
-0.000240
-0.000266
-0.000289
-0.000309
-0.000327
-0.000342
-0.000354
-0.000364
-0.000373
-0.000379
-0.000383
-0.000386
-0.000388
-0.000386
-0.000384
-0.000379
-0.000372
-0.000364
-0.000353
-0.000339
-0.000323
-0.000304
-0.000285
-0.000265
-0.000242
-0.000218
-0.000195
-0.000172
-0.000148
-0.000124
-0.000100
-0.000075
-0.000051
-0.000027
-0.000002
0.000023
0.000048
0.000074
0.000100
0.000126
0.000151
0.000176
0.000199
0.000220
0.000241
0.000259
0.000277
0.000293
0.000308
0.000322
0.000337
0.000351
0.000365
0.000377
0.000389
0.000401
0.000411
0.000419
0.000426
0.000431
0.000435
0.000438
0.000439
0.000439
0.000439
0.000439
0.000437
0.000436
0.000435
0.000433
0.000431
0.000428
0.000425
0.000421
0.000414
0.000406
0.000397
0.000386
0.000375
0.000364
0.000352
0.000341
0.000329
0.000319
0.000308
0.000297
0.000287
0.000275
0.000262
0.000249
0.000236
0.000220
0.000204
0.000188
0.000171
0.000154
0.000137
0.000121
0.000105
0.000090
0.000074
0.000058
0.000043
0.000029
0.000015
-0.000000
-0.000015
-0.000030
-0.000046
-0.000061
-0.000076
-0.000090
-0.000101
-0.000112
-0.000121
-0.000128
-0.000134
-0.000138
-0.000142
-0.000144
-0.000146
-0.000147
-0.000147
-0.000146
-0.000145
-0.000142
-0.000137
-0.000133
-0.000126
-0.000119
-0.000111
-0.000102
-0.000092
-0.000082
-0.000070
-0.000058
-0.000046
-0.000034
-0.000024
-0.000014
-0.000005
0.000005
0.000016
0.000026
0.000034
0.000044
0.000053
0.000063
0.000072
0.000080
0.000087
0.000091
0.000094
0.000096
0.000097
0.000095
0.000091
0.000088
0.000084
0.000079
0.000073
0.000067
0.000061
0.000055
0.000048
0.000041
0.000033
0.000025
0.000016
0.000007
-0.000003
-0.000015
-0.000026
-0.000038
-0.000048
-0.000059
-0.000070
-0.000079
-0.000088
-0.000097
-0.000105
-0.000112
-0.000119
-0.000125
-0.000132
-0.000138
-0.000146
-0.000153
-0.000161
-0.000167
-0.000172
-0.000177
-0.000181
-0.000185
-0.000186
-0.000189
-0.000189
-0.000189
-0.000190
-0.000191
-0.000191
-0.000193
-0.000194
-0.000194
-0.000194
-0.000194
-0.000192
-0.000190
-0.000188
-0.000185
-0.000180
-0.000174
-0.000170
-0.000164
-0.000157
-0.000150
-0.000144
-0.000138
-0.000130
-0.000123
-0.000116
-0.000108
-0.000100
-0.000092
-0.000081
-0.000069
-0.000056
-0.000043
-0.000028
-0.000015
-0.000002
0.000009
0.000021
0.000033
0.000042
0.000051
0.000060
0.000068
0.000077
0.000086
0.000095
0.000105
0.000112
0.000119
0.000125
0.000130
0.000131
0.000132
0.000130
0.000125
0.000121
0.000113
0.000106
0.000098
0.000088
0.000079
0.000069
0.000056
0.000045
0.000032
0.000018
0.000005
-0.000011
-0.000026
-0.000042
-0.000059
-0.000076
-0.000091
-0.000107
-0.000122
-0.000135
-0.000147
-0.000156
-0.000165
-0.000171
-0.000176
-0.000178
-0.000180
-0.000181
-0.000181
-0.000178
-0.000175
-0.000171
-0.000165
-0.000157
-0.000148
-0.000136
-0.000121
-0.000105
-0.000087
-0.000068
-0.000048
-0.000027
-0.000005
0.000016
0.000037
0.000057
0.000079
0.000098
0.000117
0.000136
0.000153
0.000172
0.000189
0.000205
0.000222
0.000235
0.000248
0.000258
0.000267
0.000273
0.000276
0.000278
0.000277
0.000273
0.000269
0.000263
0.000255
0.000246
0.000237
0.000226
0.000215
0.000201
0.000189
0.000175
0.000159
0.000142
0.000125
0.000107
0.000090
0.000072
0.000055
0.000040
0.000026
0.000012
-0.000001
-0.000011
-0.000020
-0.000027
-0.000035
-0.000039
-0.000045
-0.000050
-0.000054
-0.000057
-0.000059
-0.000059
-0.000058
-0.000055
-0.000050
-0.000042
-0.000034
-0.000025
-0.000015
-0.000004
0.000008
0.000019
0.000030
0.000040
0.000050
0.000060
0.000070
0.000079
0.000089
0.000099
0.000109
0.000120
0.000132
0.000143
0.000154
0.000164
0.000174
0.000183
0.000191
0.000198
0.000203
0.000208
0.000213
0.000218
0.000223
0.000227
0.000231
0.000234
0.000237
0.000240
0.000241
0.000242
0.000241
0.000240
0.000238
0.000234
0.000228
0.000223
0.000216
0.000208
0.000200
0.000191
0.000184
0.000175
0.000165
0.000155
0.000146
0.000134
0.000120
0.000106
0.000091
0.000074
0.000055
0.000036
0.000016
-0.000003
-0.000022
-0.000042
-0.000061
-0.000080
-0.000098
-0.000116
-0.000134
-0.000151
-0.000168
-0.000186
-0.000204
-0.000220
-0.000237
-0.000253
-0.000268
-0.000282
-0.000296
-0.000308
-0.000318
-0.000325
-0.000332
-0.000338
-0.000342
-0.000344
-0.000346
-0.000347
-0.000347
-0.000345
-0.000342
-0.000340
-0.000336
-0.000331
-0.000326
-0.000320
-0.000312
-0.000303
-0.000291
-0.000278
-0.000266
-0.000253
-0.000241
-0.000227
-0.000213
-0.000200
-0.000189
-0.000176
-0.000162
-0.000150
-0.000136
-0.000122
-0.000106
-0.000091
-0.000076
-0.000060
-0.000045
-0.000030
-0.000015
-0.000001
0.000012
0.000025
0.000038
0.000050
0.000062
0.000074
0.000085
0.000099
0.000113
0.000127
0.000140
0.000155
0.000170
0.000184
0.000198
0.000210
0.000222
0.000234
0.000246
0.000258
0.000270
0.000281
0.000294
0.000308
0.000322
0.000337
0.000350
0.000363
0.000376
0.000388
0.000399
0.000409
0.000418
0.000427
0.000434
0.000440
0.000445
0.000450
0.000454
0.000456
0.000459
0.000461
0.000461
0.000458
0.000456
0.000450
0.000441
0.000432
0.000420
0.000405
0.000388
0.000370
0.000351
0.000329
0.000308
0.000286
0.000262
0.000237
0.000211
0.000184
0.000156
0.000125
0.000092
0.000059
0.000024
-0.000013
-0.000050
-0.000087
-0.000125
-0.000163
-0.000200
-0.000236
-0.000272
-0.000306
-0.000340
-0.000373
-0.000403
-0.000433
-0.000462
-0.000490
-0.000516
-0.000539
-0.000561
-0.000581
-0.000597
-0.000612
-0.000623
-0.000630
-0.000634
-0.000634
-0.000632
-0.000628
-0.000621
-0.000611
-0.000600
-0.000586
-0.000569
-0.000550
-0.000529
-0.000508
-0.000483
-0.000457
-0.000429
-0.000400
-0.000369
-0.000338
-0.000307
-0.000277
-0.000248
-0.000219
-0.000191
-0.000165
-0.000141
-0.000117
-0.000096
-0.000076
-0.000056
-0.000039
-0.000023
-0.000010
0.000002
0.000011
0.000018
0.000022
0.000024
0.000023
0.000018
0.000012
0.000003
-0.000008
-0.000020
-0.000033
-0.000048
-0.000063
-0.000079
-0.000096
-0.000112
-0.000130
-0.000149
-0.000168
-0.000188
-0.000207
-0.000228
-0.000247
-0.000267
-0.000286
-0.000303
-0.000320
-0.000334
-0.000347
-0.000357
-0.000366
-0.000373
-0.000379
-0.000383
-0.000387
-0.000390
-0.000391
-0.000391
-0.000389
-0.000387
-0.000384
-0.000379
-0.000372
-0.000365
-0.000355
-0.000344
-0.000331
-0.000317
-0.000302
-0.000288
-0.000271
-0.000258
-0.000241
-0.000225
-0.000208
-0.000192
-0.000174
-0.000155
-0.000135
-0.000116
-0.000095
-0.000074
-0.000052
-0.000030
-0.000008
0.000015
0.000038
0.000060
0.000081
0.000102
0.000123
0.000144
0.000166
0.000188
0.000210
0.000233
0.000255
0.000277
0.000298
0.000319
0.000338
0.000357
0.000373
0.000388
0.000400
0.000410
0.000420
0.000427
0.000432
0.000436
0.000438
0.000438
0.000437
0.000435
0.000431
0.000426
0.000419
0.000409
0.000398
0.000384
0.000369
0.000352
0.000335
0.000315
0.000297
0.000279
0.000260
0.000243
0.000225
0.000209
0.000193
0.000179
0.000164
0.000151
0.000138
0.000127
0.000116
0.000107
0.000100
0.000095
0.000094
0.000094
0.000097
0.000103
0.000112
0.000121
0.000132
0.000145
0.000159
0.000171
0.000185
0.000199
0.000212
0.000224
0.000237
0.000250
0.000261
0.000272
0.000281
0.000290
0.000297
0.000302
0.000305
0.000306
0.000303
0.000296
0.000287
0.000275
0.000259
0.000239
0.000216
0.000192
0.000165
0.000137
0.000108
0.000077
0.000047
0.000015
-0.000017
-0.000051
-0.000085
-0.000119
-0.000152
-0.000185
-0.000217
-0.000247
-0.000274
-0.000296
-0.000316
-0.000330
-0.000341
-0.000348
-0.000350
-0.000348
-0.000340
-0.000329
-0.000314
-0.000295
-0.000274
-0.000249
-0.000219
-0.000186
-0.000150
-0.000109
-0.000067
-0.000021
0.000028
0.000078
0.000129
0.000180
0.000232
0.000283
0.000334
0.000382
0.000428
0.000471
0.000513
0.000549
0.000583
0.000614
0.000641
0.000665
0.000686
0.000702
0.000714
0.000722
0.000726
0.000725
0.000719
0.000709
0.000694
0.000675
0.000652
0.000626
0.000597
0.000566
0.000532
0.000498
0.000462
0.000427
0.000391
0.000355
0.000318
0.000282
0.000246
0.000210
0.000176
0.000143
0.000111
0.000082
0.000055
0.000031
0.000011
-0.000006
-0.000021
-0.000033
-0.000042
-0.000049
-0.000055
-0.000059
-0.000062
-0.000063
-0.000063
-0.000062
-0.000060
-0.000057
-0.000051
-0.000045
-0.000036
-0.000026
-0.000016
-0.000006
0.000005
0.000014
0.000021
0.000028
0.000033
0.000037
0.000040
0.000042
0.000044
0.000044
0.000044
0.000044
0.000043
0.000044
0.000044
0.000043
0.000041
0.000038
0.000035
0.000031
0.000026
0.000020
0.000015
0.000009
0.000002
-0.000003
-0.000007
-0.000009
-0.000011
-0.000011
-0.000008
-0.000004
0.000001
0.000008
0.000015
0.000023
0.000032
0.000042
0.000052
0.000065
0.000078
0.000092
0.000108
0.000127
0.000146
0.000167
0.000188
0.000210
0.000233
0.000256
0.000278
0.000298
0.000318
0.000336
0.000356
0.000373
0.000391
0.000406
0.000419
0.000434
0.000448
0.000460
0.000472
0.000482
0.000490
0.000495
0.000499
0.000501
0.000500
0.000496
0.000490
0.000482
0.000472
0.000462
0.000449
0.000436
0.000422
0.000407
0.000391
0.000373
0.000353
0.000334
0.000313
0.000289
0.000265
0.000239
0.000213
0.000186
0.000159
0.000133
0.000106
0.000080
0.000055
0.000030
0.000006
-0.000018
-0.000041
-0.000065
-0.000088
-0.000112
-0.000135
-0.000158
-0.000179
-0.000200
-0.000218
-0.000235
-0.000249
-0.000262
-0.000273
-0.000281
-0.000289
-0.000295
-0.000299
-0.000303
-0.000307
-0.000309
-0.000310
-0.000309
-0.000307
-0.000302
-0.000296
-0.000289
-0.000279
-0.000267
-0.000254
-0.000239
-0.000224
-0.000208
-0.000193
-0.000176
-0.000160
-0.000145
-0.000129
-0.000114
-0.000098
-0.000083
-0.000068
-0.000052
-0.000037
-0.000022
-0.000006
0.000009
0.000023
0.000035
0.000046
0.000054
0.000062
0.000068
0.000072
0.000075
0.000076
0.000076
0.000076
0.000074
0.000072
0.000070
0.000067
0.000064
0.000060
0.000054
0.000047
0.000041
0.000035
0.000027
0.000019
0.000013
0.000006
0.000001
-0.000004
-0.000007
-0.000008
-0.000008
-0.000007
-0.000005
0.000000
0.000004
0.000010
0.000016
0.000024
0.000031
0.000040
0.000051
0.000063
0.000077
0.000092
0.000109
0.000126
0.000146
0.000167
0.000188
0.000207
0.000226
0.000246
0.000265
0.000283
0.000300
0.000315
0.000330
0.000345
0.000358
0.000372
0.000385
0.000397
0.000408
0.000417
0.000426
0.000431
0.000434
0.000436
0.000434
0.000430
0.000424
0.000417
0.000408
0.000399
0.000388
0.000375
0.000362
0.000347
0.000333
0.000318
0.000302
0.000286
0.000267
0.000248
0.000228
0.000209
0.000189
0.000168
0.000149
0.000129
0.000111
0.000094
0.000078
0.000064
0.000051
0.000039
0.000028
0.000017
0.000006
-0.000006
-0.000017
-0.000029
-0.000040
-0.000052
-0.000063
-0.000073
-0.000082
-0.000091
-0.000100
-0.000109
-0.000118
-0.000127
-0.000138
-0.000151
-0.000165
-0.000181
-0.000199
-0.000218
-0.000240
-0.000262
-0.000285
-0.000309
-0.000332
-0.000357
-0.000381
-0.000406
-0.000431
-0.000456
-0.000481
-0.000508
-0.000535
-0.000561
-0.000587
-0.000613
-0.000638
-0.000661
-0.000682
-0.000701
-0.000716
-0.000730
-0.000741
-0.000748
-0.000754
-0.000757
-0.000757
-0.000755
-0.000750
-0.000743
-0.000733
-0.000721
-0.000706
-0.000688
-0.000666
-0.000642
-0.000615
-0.000585
-0.000554
-0.000520
-0.000486
-0.000449
-0.000413
-0.000377
-0.000340
-0.000304
-0.000269
-0.000234
-0.000202
-0.000170
-0.000139
-0.000109
-0.000079
-0.000050
-0.000024
0.000001
0.000023
0.000043
0.000062
0.000078
0.000090
0.000101
0.000110
0.000116
0.000121
0.000125
0.000128
0.000131
0.000133
0.000136
0.000138
0.000141
0.000144
0.000145
0.000146
0.000148
0.000150
0.000152
0.000155
0.000157
0.000162
0.000167
0.000173
0.000181
0.000191
0.000201
0.000212
0.000224
0.000237
0.000250
0.000263
0.000275
0.000287
0.000299
0.000311
0.000322
0.000333
0.000344
0.000354
0.000364
0.000373
0.000382
0.000387
0.000391
0.000393
0.000391
0.000386
0.000379
0.000367
0.000354
0.000338
0.000319
0.000299
0.000275
0.000251
0.000224
0.000197
0.000168
0.000137
0.000105
0.000070
0.000034
-0.000003
-0.000042
-0.000081
-0.000121
-0.000160
-0.000197
-0.000234
-0.000270
-0.000303
-0.000334
-0.000362
-0.000387
-0.000409
-0.000429
-0.000447
-0.000464
-0.000477
-0.000489
-0.000497
-0.000502
-0.000503
-0.000503
-0.000500
-0.000494
-0.000485
-0.000473
-0.000459
-0.000444
-0.000427
-0.000409
-0.000391
-0.000372
-0.000354
-0.000336
-0.000319
-0.000303
-0.000287
-0.000273
-0.000259
-0.000247
-0.000236
-0.000227
-0.000219
-0.000212
-0.000208
-0.000207
-0.000207
-0.000211
-0.000217
-0.000225
-0.000236
-0.000246
-0.000260
-0.000273
-0.000287
-0.000299
-0.000313
-0.000325
-0.000338
-0.000349
-0.000360
-0.000370
-0.000380
-0.000388
-0.000395
-0.000401
-0.000405
-0.000406
-0.000404
-0.000400
-0.000393
-0.000383
-0.000369
-0.000351
-0.000331
-0.000308
-0.000282
-0.000256
-0.000228
-0.000198
-0.000167
-0.000137
-0.000105
-0.000072
-0.000040
-0.000007
0.000026
0.000059
0.000092
0.000124
0.000156
0.000185
0.000212
0.000236
0.000256
0.000274
0.000288
0.000299
0.000307
0.000312
0.000315
0.000315
0.000313
0.000308
0.000302
0.000293
0.000283
0.000271
0.000255
0.000238
0.000219
0.000199
0.000178
0.000155
0.000132
0.000111
0.000089
0.000069
0.000050
0.000032
0.000016
0.000003
-0.000008
-0.000019
-0.000027
-0.000035
-0.000039
-0.000044
-0.000046
-0.000046
-0.000044
-0.000042
-0.000038
-0.000032
-0.000023
-0.000013
-0.000002
0.000011
0.000025
0.000039
0.000051
0.000064
0.000074
0.000084
0.000092
0.000099
0.000104
0.000107
0.000109
0.000109
0.000108
0.000104
0.000097
0.000089
0.000076
0.000061
0.000043
0.000021
-0.000004
-0.000032
-0.000062
-0.000097
-0.000132
-0.000169
-0.000208
-0.000247
-0.000287
-0.000327
-0.000368
-0.000408
-0.000448
-0.000489
-0.000530
-0.000569
-0.000609
-0.000648
-0.000685
-0.000720
-0.000752
-0.000782
-0.000808
-0.000832
-0.000850
-0.000865
-0.000877
-0.000886
-0.000890
-0.000892
-0.000891
-0.000887
-0.000880
-0.000870
-0.000857
-0.000840
-0.000821
-0.000797
-0.000769
-0.000739
-0.000706
-0.000669
-0.000630
-0.000589
-0.000547
-0.000503
-0.000459
-0.000414
-0.000369
-0.000323
-0.000276
-0.000231
-0.000185
-0.000138
-0.000093
-0.000046
-0.000001
0.000045
0.000090
0.000133
0.000174
0.000214
0.000252
0.000288
0.000321
0.000352
0.000381
0.000409
0.000434
0.000458
0.000481
0.000500
0.000518
0.000534
0.000548
0.000561
0.000570
0.000577
0.000580
0.000580
0.000577
0.000571
0.000564
0.000554
0.000542
0.000529
0.000516
0.000502
0.000485
0.000465
0.000445
0.000423
0.000399
0.000372
0.000345
0.000315
0.000283
0.000250
0.000217
0.000183
0.000149
0.000115
0.000081
0.000048
0.000017
-0.000013
-0.000042
-0.000070
-0.000097
-0.000124
-0.000151
-0.000176
-0.000199
-0.000221
-0.000241
-0.000258
-0.000273
-0.000285
-0.000295
-0.000302
-0.000306
-0.000309
-0.000310
-0.000308
-0.000305
-0.000300
-0.000294
-0.000288
-0.000281
-0.000272
-0.000262
-0.000251
-0.000239
-0.000224
-0.000209
-0.000193
-0.000176
-0.000160
-0.000145
-0.000129
-0.000115
-0.000101
-0.000089
-0.000079
-0.000069
-0.000060
-0.000052
-0.000046
-0.000040
-0.000035
-0.000029
-0.000025
-0.000022
-0.000019
-0.000017
-0.000016
-0.000017
-0.000019
-0.000020
-0.000023
-0.000026
-0.000029
-0.000032
-0.000035
-0.000038
-0.000039
-0.000039
-0.000038
-0.000037
-0.000034
-0.000031
-0.000028
-0.000024
-0.000021
-0.000016
-0.000013
-0.000009
-0.000005
0.000001
0.000006
0.000012
0.000019
0.000027
0.000035
0.000042
0.000048
0.000055
0.000060
0.000063
0.000067
0.000069
0.000069
0.000068
0.000066
0.000062
0.000057
0.000051
0.000044
0.000036
0.000027
0.000016
0.000005
-0.000009
-0.000024
-0.000040
-0.000057
-0.000075
-0.000094
-0.000113
-0.000130
-0.000148
-0.000164
-0.000180
-0.000193
-0.000205
-0.000216
-0.000224
-0.000231
-0.000237
-0.000242
-0.000245
-0.000246
-0.000246
-0.000244
-0.000240
-0.000233
-0.000226
-0.000215
-0.000201
-0.000185
-0.000168
-0.000149
-0.000129
-0.000109
-0.000089
-0.000069
-0.000050
-0.000031
-0.000013
0.000004
0.000021
0.000037
0.000051
0.000065
0.000076
0.000086
0.000094
0.000099
0.000101
0.000101
0.000096
0.000088
0.000076
0.000061
0.000043
0.000021
-0.000003
-0.000030
-0.000059
-0.000090
-0.000123
-0.000157
-0.000192
-0.000227
-0.000265
-0.000303
-0.000342
-0.000381
-0.000420
-0.000459
-0.000498
-0.000537
-0.000572
-0.000606
-0.000636
-0.000665
-0.000691
-0.000714
-0.000733
-0.000749
-0.000762
-0.000772
-0.000780
-0.000787
-0.000790
-0.000791
-0.000788
-0.000782
-0.000774
-0.000763
-0.000749
-0.000732
-0.000713
-0.000692
-0.000668
-0.000642
-0.000616
-0.000589
-0.000563
-0.000537
-0.000510
-0.000484
-0.000457
-0.000431
-0.000405
-0.000379
-0.000353
-0.000327
-0.000301
-0.000277
-0.000253
-0.000230
-0.000210
-0.000189
-0.000172
-0.000156
-0.000142
-0.000129
-0.000117
-0.000107
-0.000097
-0.000088
-0.000078
-0.000070
-0.000061
-0.000053
-0.000044
-0.000036
-0.000027
-0.000019
-0.000012
-0.000006
0.000000
0.000006
0.000014
0.000021
0.000028
0.000037
0.000045
0.000054
0.000065
0.000076
0.000087
0.000099
0.000111
0.000122
0.000132
0.000142
0.000151
0.000160
0.000168
0.000176
0.000184
0.000193
0.000201
0.000210
0.000218
0.000227
0.000234
0.000241
0.000247
0.000252
0.000255
0.000257
0.000257
0.000256
0.000255
0.000252
0.000248
0.000245
0.000241
0.000237
0.000234
0.000229
0.000224
0.000217
0.000209
0.000200
0.000188
0.000177
0.000165
0.000152
0.000139
0.000127
0.000115
0.000103
0.000091
0.000079
0.000069
0.000059
0.000051
0.000043
0.000034
0.000026
0.000018
0.000011
0.000005
0.000001
-0.000003
-0.000005
-0.000003
-0.000001
0.000004
0.000011
0.000018
0.000028
0.000038
0.000049
0.000060
0.000072
0.000085
0.000098
0.000111
0.000125
0.000139
0.000152
0.000167
0.000183
0.000198
0.000213
0.000227
0.000240
0.000252
0.000262
0.000270
0.000276
0.000279
0.000281
0.000282
0.000280
0.000278
0.000274
0.000269
0.000263
0.000254
0.000245
0.000235
0.000224
0.000211
0.000197
0.000182
0.000167
0.000150
0.000133
0.000117
0.000101
0.000085
0.000071
0.000058
0.000049
0.000040
0.000034
0.000030
0.000028
0.000028
0.000030
0.000031
0.000036
0.000043
0.000051
0.000061
0.000073
0.000088
0.000104
0.000122
0.000143
0.000165
0.000189
0.000214
0.000240
0.000265
0.000290
0.000315
0.000338
0.000360
0.000381
0.000402
0.000420
0.000437
0.000455
0.000471
0.000484
0.000497
0.000506
0.000515
0.000521
0.000522
0.000521
0.000518
0.000512
0.000502
0.000490
0.000476
0.000462
0.000444
0.000426
0.000407
0.000389
0.000370
0.000349
0.000328
0.000306
0.000284
0.000261
0.000238
0.000216
0.000194
0.000173
0.000152
0.000133
0.000117
0.000102
0.000088
0.000076
0.000066
0.000057
0.000048
0.000040
0.000033
0.000027
0.000021
0.000016
0.000012
0.000009
0.000006
0.000005
0.000004
0.000005
0.000005
0.000006
0.000007
0.000007
0.000009
0.000009
0.000008
0.000006
0.000003
-0.000001
-0.000005
-0.000009
-0.000014
-0.000019
-0.000024
-0.000028
-0.000034
-0.000037
-0.000041
-0.000044
-0.000048
-0.000051
-0.000055
-0.000059
-0.000062
-0.000065
-0.000068
-0.000069
-0.000070
-0.000070
-0.000068
-0.000065
-0.000061
-0.000055
-0.000048
-0.000043
-0.000037
-0.000032
-0.000028
-0.000025
-0.000023
-0.000023
-0.000023
-0.000023
-0.000024
-0.000026
-0.000029
-0.000033
-0.000037
-0.000041
-0.000047
-0.000052
-0.000062
-0.000073
-0.000084
-0.000098
-0.000112
-0.000127
-0.000143
-0.000161
-0.000177
-0.000195
-0.000211
-0.000226
-0.000241
-0.000256
-0.000269
-0.000281
-0.000293
-0.000304
-0.000314
-0.000322
-0.000329
-0.000333
-0.000336
-0.000337
-0.000334
-0.000329
-0.000322
-0.000313
-0.000300
-0.000286
-0.000270
-0.000252
-0.000234
-0.000216
-0.000197
-0.000177
-0.000158
-0.000138
-0.000118
-0.000097
-0.000075
-0.000054
-0.000032
-0.000010
0.000010
0.000030
0.000049
0.000065
0.000079
0.000091
0.000099
0.000107
0.000112
0.000115
0.000116
0.000116
0.000114
0.000112
0.000110
0.000107
0.000103
0.000098
0.000092
0.000084
0.000074
0.000062
0.000051
0.000038
0.000025
0.000013
0.000001
-0.000011
-0.000021
-0.000031
-0.000039
-0.000046
-0.000053
-0.000059
-0.000065
-0.000071
-0.000077
-0.000084
-0.000091
-0.000097
-0.000103
-0.000108
-0.000114
-0.000118
-0.000122
-0.000124
-0.000125
-0.000127
-0.000127
-0.000128
-0.000128
-0.000129
-0.000131
-0.000134
-0.000136
-0.000138
-0.000140
-0.000140
-0.000141
-0.000140
-0.000139
-0.000135
-0.000131
-0.000124
-0.000118
-0.000110
-0.000101
-0.000092
-0.000084
-0.000075
-0.000065
-0.000054
-0.000044
-0.000031
-0.000017
-0.000001
0.000015
0.000032
0.000051
0.000071
0.000091
0.000111
0.000130
0.000148
0.000166
0.000183
0.000198
0.000212
0.000226
0.000239
0.000251
0.000263
0.000275
0.000286
0.000295
0.000302
0.000308
0.000313
0.000315
0.000316
0.000314
0.000311
0.000305
0.000299
0.000291
0.000281
0.000271
0.000261
0.000249
0.000237
0.000225
0.000214
0.000202
0.000190
0.000177
0.000163
0.000149
0.000134
0.000119
0.000105
0.000091
0.000079
0.000069
0.000059
0.000052
0.000046
0.000042
0.000039
0.000037
0.000035
0.000035
0.000034
0.000033
0.000034
0.000034
0.000036
0.000038
0.000041
0.000045
0.000051
0.000059
0.000069
0.000079
0.000090
0.000102
0.000112
0.000123
0.000133
0.000143
0.000153
0.000162
0.000171
0.000179
0.000188
0.000197
0.000206
0.000215
0.000224
0.000234
0.000243
0.000251
0.000258
0.000263
0.000269
0.000275
0.000278
0.000281
0.000283
0.000286
0.000287
0.000288
0.000290
0.000292
0.000293
0.000294
0.000293
0.000292
0.000290
0.000286
0.000283
0.000278
0.000272
0.000264
0.000257
0.000250
0.000242
0.000233
0.000225
0.000216
0.000208
0.000198
0.000188
0.000178
0.000168
0.000157
0.000145
0.000134
0.000121
0.000109
0.000096
0.000085
0.000075
0.000065
0.000056
0.000048
0.000041
0.000033
0.000025
0.000018
0.000010
0.000003
-0.000005
-0.000012
-0.000020
-0.000026
-0.000033
-0.000039
-0.000044
-0.000049
-0.000053
-0.000057
-0.000061
-0.000065
-0.000070
-0.000076
-0.000083
-0.000092
-0.000101
-0.000111
-0.000120
-0.000131
-0.000142
-0.000152
-0.000164
-0.000175
-0.000184
-0.000194
-0.000204
-0.000214
-0.000226
-0.000235
-0.000246
-0.000256
-0.000267
-0.000276
-0.000284
-0.000289
-0.000294
-0.000297
-0.000297
-0.000296
-0.000292
-0.000286
-0.000278
-0.000270
-0.000260
-0.000248
-0.000234
-0.000220
-0.000206
-0.000189
-0.000171
-0.000153
-0.000132
-0.000109
-0.000085
-0.000059
-0.000032
-0.000005
0.000022
0.000049
0.000077
0.000103
0.000127
0.000151
0.000174
0.000196
0.000218
0.000239
0.000258
0.000278
0.000295
0.000312
0.000328
0.000343
0.000355
0.000365
0.000373
0.000380
0.000385
0.000388
0.000389
0.000389
0.000388
0.000387
0.000386
0.000385
0.000384
0.000382
0.000379
0.000376
0.000374
0.000369
0.000365
0.000359
0.000352
0.000346
0.000338
0.000331
0.000324
0.000317
0.000312
0.000306
0.000301
0.000296
0.000291
0.000287
0.000282
0.000277
0.000271
0.000263
0.000256
0.000248
0.000240
0.000232
0.000224
0.000215
0.000206
0.000199
0.000191
0.000183
0.000174
0.000163
0.000153
0.000141
0.000129
0.000116
0.000103
0.000089
0.000076
0.000062
0.000048
0.000036
0.000024
0.000012
0.000001
-0.000010
-0.000021
-0.000031
-0.000041
-0.000051
-0.000062
-0.000073
-0.000084
-0.000094
-0.000104
-0.000113
-0.000122
-0.000130
-0.000138
-0.000143
-0.000147
-0.000151
-0.000154
-0.000156
-0.000159
-0.000161
-0.000164
-0.000166
-0.000167
-0.000169
-0.000171
-0.000171
-0.000169
-0.000167
-0.000164
-0.000161
-0.000157
-0.000153
-0.000148
-0.000143
-0.000138
-0.000134
-0.000131
-0.000127
-0.000123
-0.000119
-0.000116
-0.000111
-0.000104
-0.000098
-0.000090
-0.000082
-0.000074
-0.000067
-0.000058
-0.000050
-0.000042
-0.000035
-0.000028
-0.000022
-0.000017
-0.000012
-0.000006
-0.000002
0.000002
0.000007
0.000012
0.000016
0.000022
0.000027
0.000031
0.000034
0.000035
0.000034
0.000033
0.000032
0.000029
0.000025
0.000020
0.000015
0.000010
0.000004
-0.000001
-0.000006
-0.000012
-0.000019
-0.000027
-0.000036
-0.000046
-0.000056
-0.000069
-0.000081
-0.000093
-0.000106
-0.000117
-0.000129
-0.000139
-0.000148
-0.000155
-0.000163
-0.000170
-0.000177
-0.000184
-0.000190
-0.000198
-0.000204
-0.000211
-0.000218
-0.000225
-0.000230
-0.000236
-0.000241
-0.000244
-0.000245
-0.000244
-0.000244
-0.000242
-0.000240
-0.000239
-0.000238
-0.000237
-0.000237
-0.000237
-0.000238
-0.000239
-0.000240
-0.000241
-0.000242
-0.000243
-0.000243
-0.000243
-0.000244
-0.000246
-0.000248
-0.000252
-0.000256
-0.000261
-0.000268
-0.000275
-0.000285
-0.000294
-0.000303
-0.000312
-0.000321
-0.000330
-0.000337
-0.000344
-0.000351
-0.000358
-0.000365
-0.000370
-0.000376
-0.000381
-0.000385
-0.000390
-0.000393
-0.000395
-0.000395
-0.000394
-0.000391
-0.000387
-0.000382
-0.000374
-0.000367
-0.000356
-0.000344
-0.000332
-0.000318
-0.000304
-0.000290
-0.000276
-0.000260
-0.000244
-0.000226
-0.000208
-0.000189
-0.000169
-0.000149
-0.000128
-0.000106
-0.000085
-0.000065
-0.000046
-0.000027
-0.000008
0.000009
0.000024
0.000040
0.000054
0.000067
0.000080
0.000092
0.000105
0.000118
0.000130
0.000140
0.000149
0.000157
0.000163
0.000168
0.000171
0.000174
0.000176
0.000176
0.000177
0.000177
0.000176
0.000176
0.000177
0.000178
0.000179
0.000180
0.000180
0.000179
0.000180
0.000179
0.000178
0.000176
0.000175
0.000174
0.000173
0.000173
0.000173
0.000174
0.000174
0.000177
0.000179
0.000180
0.000182
0.000184
0.000184
0.000183
0.000181
0.000178
0.000175
0.000170
0.000165
0.000158
0.000152
0.000144
0.000136
0.000128
0.000118
0.000107
0.000095
0.000081
0.000067
0.000052
0.000035
0.000015
-0.000004
-0.000023
-0.000043
-0.000062
-0.000083
-0.000104
-0.000124
-0.000144
-0.000164
-0.000183
-0.000202
-0.000223
-0.000242
-0.000262
-0.000281
-0.000298
-0.000314
-0.000328
-0.000341
-0.000352
-0.000360
-0.000366
-0.000370
-0.000371
-0.000372
-0.000370
-0.000367
-0.000364
-0.000358
-0.000351
-0.000343
-0.000334
-0.000322
-0.000310
-0.000296
-0.000280
-0.000261
-0.000240
-0.000219
-0.000197
-0.000173
-0.000149
-0.000123
-0.000098
-0.000072
-0.000047
-0.000022
0.000003
0.000030
0.000055
0.000082
0.000109
0.000136
0.000164
0.000191
0.000220
0.000248
0.000275
0.000301
0.000327
0.000350
0.000374
0.000395
0.000417
0.000438
0.000458
0.000479
0.000501
0.000522
0.000543
0.000563
0.000584
0.000603
0.000621
0.000637
0.000653
0.000666
0.000680
0.000693
0.000705
0.000715
0.000726
0.000736
0.000744
0.000752
0.000758
0.000764
0.000769
0.000773
0.000776
0.000776
0.000774
0.000771
0.000765
0.000758
0.000750
0.000739
0.000728
0.000715
0.000700
0.000685
0.000667
0.000648
0.000626
0.000604
0.000578
0.000550
0.000520
0.000486
0.000451
0.000413
0.000375
0.000334
0.000294
0.000252
0.000211
0.000169
0.000126
0.000085
0.000042
-0.000001
-0.000045
-0.000088
-0.000130
-0.000172
-0.000215
-0.000256
-0.000297
-0.000334
-0.000369
-0.000401
-0.000430
-0.000456
-0.000480
-0.000502
-0.000519
-0.000534
-0.000545
-0.000555
-0.000561
-0.000565
-0.000566
-0.000563
-0.000556
-0.000546
-0.000534
-0.000516
-0.000496
-0.000473
-0.000447
-0.000420
-0.000390
-0.000358
-0.000326
-0.000293
-0.000259
-0.000226
-0.000192
-0.000157
-0.000122
-0.000088
-0.000054
-0.000020
0.000014
0.000047
0.000079
0.000109
0.000136
0.000161
0.000185
0.000205
0.000221
0.000236
0.000248
0.000258
0.000265
0.000270
0.000274
0.000274
0.000274
0.000271
0.000266
0.000259
0.000251
0.000240
0.000228
0.000213
0.000196
0.000177
0.000158
0.000140
0.000121
0.000101
0.000083
0.000065
0.000048
0.000032
0.000016
0.000001
-0.000014
-0.000030
-0.000044
-0.000059
-0.000073
-0.000087
-0.000100
-0.000111
-0.000123
-0.000132
-0.000140
-0.000145
-0.000150
-0.000153
-0.000154
-0.000154
-0.000156
-0.000156
-0.000156
-0.000155
-0.000154
-0.000153
-0.000151
-0.000149
-0.000146
-0.000142
-0.000137
-0.000131
-0.000124
-0.000117
-0.000110
-0.000102
-0.000096
-0.000089
-0.000083
-0.000078
-0.000072
-0.000067
-0.000060
-0.000053
-0.000045
-0.000036
-0.000027
-0.000016
-0.000005
0.000006
0.000017
0.000028
0.000040
0.000051
0.000062
0.000073
0.000083
0.000094
0.000104
0.000115
0.000128
0.000140
0.000154
0.000166
0.000179
0.000191
0.000202
0.000213
0.000224
0.000233
0.000240
0.000246
0.000252
0.000256
0.000260
0.000264
0.000267
0.000269
0.000271
0.000272
0.000274
0.000272
0.000270
0.000266
0.000261
0.000253
0.000246
0.000236
0.000226
0.000215
0.000204
0.000193
0.000182
0.000173
0.000163
0.000153
0.000144
0.000136
0.000127
0.000119
0.000110
0.000100
0.000089
0.000078
0.000069
0.000060
0.000051
0.000043
0.000035
0.000029
0.000023
0.000018
0.000012
0.000007
0.000002
-0.000005
-0.000013
-0.000020
-0.000028
-0.000037
-0.000045
-0.000055
-0.000065
-0.000075
-0.000085
-0.000095
-0.000106
-0.000115
-0.000126
-0.000137
-0.000148
-0.000160
-0.000173
-0.000186
-0.000200
-0.000213
-0.000227
-0.000239
-0.000249
-0.000259
-0.000269
-0.000276
-0.000283
-0.000290
-0.000293
-0.000297
-0.000300
-0.000302
-0.000303
-0.000303
-0.000304
-0.000302
-0.000299
-0.000295
-0.000289
-0.000282
-0.000273
-0.000262
-0.000250
-0.000238
-0.000225
-0.000213
-0.000200
-0.000188
-0.000176
-0.000166
-0.000155
-0.000144
-0.000133
-0.000123
-0.000112
-0.000103
-0.000094
-0.000085
-0.000077
-0.000070
-0.000063
-0.000058
-0.000055
-0.000052
-0.000052
-0.000052
-0.000052
-0.000053
-0.000057
-0.000060
-0.000062
-0.000064
-0.000066
-0.000067
-0.000068
-0.000068
-0.000068
-0.000068
-0.000069
-0.000070
-0.000070
-0.000069
-0.000067
-0.000065
-0.000061
-0.000055
-0.000047
-0.000038
-0.000026
-0.000012
0.000003
0.000017
0.000034
0.000051
0.000068
0.000086
0.000104
0.000122
0.000141
0.000161
0.000180
0.000200
0.000220
0.000239
0.000259
0.000277
0.000295
0.000312
0.000326
0.000338
0.000347
0.000353
0.000357
0.000356
0.000355
0.000351
0.000346
0.000338
0.000328
0.000317
0.000303
0.000288
0.000270
0.000250
0.000228
0.000203
0.000177
0.000147
0.000117
0.000083
0.000050
0.000016
-0.000018
-0.000053
-0.000087
-0.000119
-0.000152
-0.000184
-0.000214
-0.000244
-0.000274
-0.000302
-0.000331
-0.000358
-0.000384
-0.000407
-0.000429
-0.000448
-0.000464
-0.000477
-0.000487
-0.000494
-0.000497
-0.000498
-0.000495
-0.000492
-0.000486
-0.000477
-0.000466
-0.000456
-0.000442
-0.000425
-0.000407
-0.000385
-0.000364
-0.000339
-0.000313
-0.000284
-0.000254
-0.000223
-0.000192
-0.000158
-0.000126
-0.000095
-0.000063
-0.000031
-0.000000
0.000031
0.000062
0.000092
0.000123
0.000152
0.000181
0.000209
0.000236
0.000261
0.000283
0.000304
0.000322
0.000338
0.000352
0.000362
0.000371
0.000378
0.000383
0.000386
0.000387
0.000388
0.000386
0.000383
0.000376
0.000369
0.000358
0.000346
0.000329
0.000312
0.000292
0.000270
0.000245
0.000221
0.000194
0.000167
0.000140
0.000112
0.000084
0.000055
0.000025
-0.000003
-0.000032
-0.000062
-0.000093
-0.000123
-0.000151
-0.000179
-0.000205
-0.000229
-0.000252
-0.000273
-0.000292
-0.000309
-0.000322
-0.000331
-0.000339
-0.000346
-0.000352
-0.000355
-0.000356
-0.000356
-0.000354
-0.000350
-0.000344
-0.000336
-0.000326
-0.000313
-0.000298
-0.000280
-0.000261
-0.000241
-0.000218
-0.000196
-0.000174
-0.000151
-0.000129
-0.000107
-0.000085
-0.000064
-0.000043
-0.000023
-0.000003
0.000017
0.000036
0.000055
0.000073
0.000089
0.000105
0.000119
0.000130
0.000139
0.000146
0.000152
0.000155
0.000156
0.000157
0.000155
0.000151
0.000149
0.000145
0.000140
0.000136
0.000128
0.000121
0.000111
0.000101
0.000088
0.000075
0.000061
0.000046
0.000031
0.000017
0.000001
-0.000014
-0.000027
-0.000040
-0.000053
-0.000066
-0.000078
-0.000090
-0.000103
-0.000115
-0.000128
-0.000140
-0.000152
-0.000163
-0.000174
-0.000183
-0.000191
-0.000197
-0.000201
-0.000204
-0.000206
-0.000206
-0.000204
-0.000202
-0.000198
-0.000195
-0.000189
-0.000184
-0.000177
-0.000168
-0.000159
-0.000147
-0.000134
-0.000120
-0.000104
-0.000087
-0.000068
-0.000048
-0.000027
-0.000004
0.000018
0.000039
0.000062
0.000084
0.000105
0.000126
0.000148
0.000171
0.000194
0.000217
0.000239
0.000263
0.000285
0.000307
0.000327
0.000347
0.000364
0.000379
0.000392
0.000402
0.000410
0.000416
0.000418
0.000418
0.000416
0.000412
0.000406
0.000398
0.000388
0.000374
0.000357
0.000337
0.000312
0.000285
0.000255
0.000221
0.000187
0.000149
0.000108
0.000066
0.000023
-0.000021
-0.000065
-0.000111
-0.000157
-0.000202
-0.000247
-0.000292
-0.000338
-0.000382
-0.000425
-0.000466
-0.000507
-0.000545
-0.000581
-0.000613
-0.000642
-0.000668
-0.000689
-0.000707
-0.000720
-0.000730
-0.000737
-0.000739
-0.000738
-0.000734
-0.000727
-0.000715
-0.000700
-0.000681
-0.000659
-0.000634
-0.000604
-0.000572
-0.000536
-0.000497
-0.000455
-0.000412
-0.000366
-0.000320
-0.000274
-0.000227
-0.000179
-0.000131
-0.000082
-0.000033
0.000016
0.000064
0.000112
0.000160
0.000206
0.000252
0.000295
0.000337
0.000376
0.000413
0.000447
0.000477
0.000503
0.000527
0.000548
0.000568
0.000585
0.000598
0.000610
0.000620
0.000627
0.000630
0.000632
0.000629
0.000623
0.000615
0.000603
0.000588
0.000570
0.000550
0.000527
0.000503
0.000478
0.000450
0.000421
0.000391
0.000360
0.000328
0.000296
0.000262
0.000225
0.000187
0.000149
0.000109
0.000068
0.000028
-0.000013
-0.000054
-0.000093
-0.000131
-0.000168
-0.000204
-0.000238
-0.000271
-0.000302
-0.000331
-0.000359
-0.000388
-0.000414
-0.000439
-0.000462
-0.000483
-0.000502
-0.000519
-0.000533
-0.000543
-0.000552
-0.000558
-0.000562
-0.000563
-0.000561
-0.000559
-0.000555
-0.000550
-0.000543
-0.000535
-0.000527
-0.000518
-0.000507
-0.000495
-0.000482
-0.000467
-0.000452
-0.000435
-0.000418
-0.000401
-0.000384
-0.000367
-0.000353
-0.000339
-0.000326
-0.000316
-0.000305
-0.000297
-0.000289
-0.000283
-0.000276
-0.000271
-0.000267
-0.000263
-0.000260
-0.000259
-0.000259
-0.000261
-0.000264
-0.000270
-0.000277
-0.000285
-0.000294
-0.000303
-0.000313
-0.000324
-0.000333
-0.000342
-0.000350
-0.000358
-0.000367
-0.000376
-0.000384
-0.000392
-0.000399
-0.000405
-0.000412
-0.000418
-0.000422
-0.000425
-0.000426
-0.000425
-0.000423
-0.000418
-0.000411
-0.000402
-0.000392
-0.000382
-0.000370
-0.000357
-0.000344
-0.000329
-0.000313
-0.000297
-0.000280
-0.000261
-0.000243
-0.000221
-0.000199
-0.000177
-0.000154
-0.000131
-0.000108
-0.000085
-0.000064
-0.000043
-0.000023
-0.000003
0.000015
0.000030
0.000046
0.000061
0.000076
0.000091
0.000105
0.000119
0.000132
0.000145
0.000155
0.000164
0.000172
0.000177
0.000181
0.000184
0.000186
0.000185
0.000185
0.000183
0.000182
0.000179
0.000177
0.000173
0.000169
0.000165
0.000160
0.000155
0.000149
0.000142
0.000133
0.000124
0.000114
0.000104
0.000094
0.000083
0.000071
0.000060
0.000050
0.000037
0.000026
0.000014
0.000001
-0.000014
-0.000029
-0.000044
-0.000061
-0.000078
-0.000096
-0.000114
-0.000131
-0.000147
-0.000163
-0.000178
-0.000191
-0.000204
-0.000215
-0.000224
-0.000232
-0.000239
-0.000244
-0.000248
-0.000249
-0.000248
-0.000245
-0.000238
-0.000230
-0.000217
-0.000201
-0.000181
-0.000156
-0.000129
-0.000100
-0.000067
-0.000032
0.000006
0.000044
0.000085
0.000127
0.000170
0.000214
0.000258
0.000305
0.000353
0.000400
0.000448
0.000495
0.000541
0.000586
0.000627
0.000666
0.000701
0.000733
0.000760
0.000782
0.000798
0.000811
0.000819
0.000822
0.000821
0.000816
0.000806
0.000792
0.000774
0.000752
0.000724
0.000690
0.000651
0.000607
0.000558
0.000506
0.000449
0.000391
0.000330
0.000269
0.000207
0.000146
0.000084
0.000024
-0.000036
-0.000095
-0.000152
-0.000208
-0.000262
-0.000313
-0.000361
-0.000405
-0.000446
-0.000482
-0.000513
-0.000538
-0.000558
-0.000573
-0.000581
-0.000583
-0.000580
-0.000572
-0.000560
-0.000543
-0.000523
-0.000499
-0.000472
-0.000442
-0.000408
-0.000371
-0.000332
-0.000291
-0.000248
-0.000202
-0.000155
-0.000108
-0.000061
-0.000015
0.000031
0.000073
0.000114
0.000151
0.000186
0.000216
0.000245
0.000271
0.000295
0.000316
0.000333
0.000349
0.000361
0.000370
0.000376
0.000379
0.000377
0.000373
0.000365
0.000354
0.000340
0.000324
0.000306
0.000287
0.000268
0.000246
0.000225
0.000205
0.000184
0.000164
0.000143
0.000123
0.000101
0.000080
0.000059
0.000040
0.000020
0.000001
-0.000015
-0.000031
-0.000044
-0.000056
-0.000067
-0.000075
-0.000082
-0.000087
-0.000092
-0.000095
-0.000099
-0.000102
-0.000105
-0.000108
-0.000110
-0.000112
-0.000113
-0.000112
-0.000111
-0.000108
-0.000105
-0.000102
-0.000098
-0.000094
-0.000090
-0.000086
-0.000082
-0.000079
-0.000077
-0.000075
-0.000074
-0.000073
-0.000070
-0.000068
-0.000065
-0.000063
-0.000059
-0.000055
-0.000050
-0.000046
-0.000042
-0.000039
-0.000037
-0.000036
-0.000034
-0.000034
-0.000033
-0.000033
-0.000032
-0.000030
-0.000028
-0.000026
-0.000024
-0.000021
-0.000017
-0.000016
-0.000014
-0.000013
-0.000013
-0.000014
-0.000015
-0.000017
-0.000019
-0.000023
-0.000027
-0.000031
-0.000036
-0.000039
-0.000044
-0.000049
-0.000056
-0.000063
-0.000070
-0.000080
-0.000091
-0.000103
-0.000116
-0.000130
-0.000144
-0.000158
-0.000172
-0.000185
-0.000198
-0.000210
-0.000222
-0.000233
-0.000243
-0.000255
-0.000267
-0.000278
-0.000289
-0.000302
-0.000312
-0.000324
-0.000333
-0.000341
-0.000347
-0.000352
-0.000354
-0.000356
-0.000356
-0.000354
-0.000350
-0.000345
-0.000341
-0.000334
-0.000326
-0.000319
-0.000311
-0.000300
-0.000289
-0.000276
-0.000262
-0.000245
-0.000228
-0.000209
-0.000190
-0.000170
-0.000150
-0.000130
-0.000111
-0.000090
-0.000072
-0.000052
-0.000035
-0.000017
0.000000
0.000017
0.000033
0.000050
0.000065
0.000080
0.000093
0.000106
0.000117
0.000126
0.000133
0.000138
0.000140
0.000140
0.000138
0.000134
0.000129
0.000124
0.000116
0.000109
0.000101
0.000092
0.000082
0.000072
0.000061
0.000047
0.000033
0.000017
0.000001
-0.000015
-0.000032
-0.000050
-0.000067
-0.000083
-0.000099
-0.000113
-0.000128
-0.000140
-0.000151
-0.000160
-0.000170
-0.000179
-0.000186
-0.000194
-0.000201
-0.000207
-0.000213
-0.000217
-0.000221
-0.000223
-0.000223
-0.000221
-0.000219
-0.000217
-0.000214
-0.000210
-0.000206
-0.000203
-0.000199
-0.000197
-0.000195
-0.000194
-0.000192
-0.000192
-0.000190
-0.000189
-0.000188
-0.000188
-0.000186
-0.000186
-0.000187
-0.000189
-0.000192
-0.000197
-0.000203
-0.000210
-0.000218
-0.000227
-0.000236
-0.000243
-0.000253
-0.000262
-0.000270
-0.000278
-0.000286
-0.000294
-0.000302
-0.000311
-0.000320
-0.000330
-0.000339
-0.000350
-0.000360
-0.000368
-0.000376
-0.000382
-0.000388
-0.000392
-0.000396
-0.000396
-0.000395
-0.000393
-0.000389
-0.000385
-0.000381
-0.000375
-0.000369
-0.000362
-0.000354
-0.000346
-0.000336
-0.000325
-0.000312
-0.000299
-0.000284
-0.000267
-0.000250
-0.000233
-0.000216
-0.000199
-0.000181
-0.000164
-0.000148
-0.000132
-0.000115
-0.000098
-0.000081
-0.000064
-0.000045
-0.000026
-0.000008
0.000012
0.000031
0.000050
0.000066
0.000083
0.000099
0.000113
0.000126
0.000138
0.000150
0.000161
0.000173
0.000183
0.000195
0.000206
0.000216
0.000225
0.000234
0.000242
0.000248
0.000252
0.000254
0.000254
0.000253
0.000250
0.000245
0.000238
0.000230
0.000222
0.000213
0.000202
0.000192
0.000178
0.000164
0.000148
0.000130
0.000109
0.000087
0.000063
0.000037
0.000008
-0.000022
-0.000053
-0.000083
-0.000114
-0.000145
-0.000176
-0.000207
-0.000236
-0.000265
-0.000293
-0.000323
-0.000352
-0.000381
-0.000410
-0.000438
-0.000464
-0.000488
-0.000511
-0.000532
-0.000551
-0.000568
-0.000582
-0.000593
-0.000602
-0.000607
-0.000611
-0.000613
-0.000613
-0.000612
-0.000609
-0.000603
-0.000596
-0.000586
-0.000575
-0.000560
-0.000543
-0.000521
-0.000499
-0.000473
-0.000445
-0.000416
-0.000387
-0.000355
-0.000323
-0.000292
-0.000260
-0.000228
-0.000194
-0.000160
-0.000125
-0.000089
-0.000054
-0.000017
0.000019
0.000057
0.000093
0.000129
0.000164
0.000197
0.000229
0.000259
0.000287
0.000312
0.000339
0.000362
0.000384
0.000407
0.000426
0.000445
0.000463
0.000478
0.000491
0.000502
0.000511
0.000517
0.000519
0.000519
0.000517
0.000510
0.000503
0.000493
0.000482
0.000468
0.000453
0.000434
0.000415
0.000393
0.000370
0.000343
0.000314
0.000283
0.000250
0.000216
0.000179
0.000142
0.000105
0.000065
0.000028
-0.000011
-0.000047
-0.000083
-0.000119
-0.000153
-0.000186
-0.000218
-0.000250
-0.000279
-0.000308
-0.000334
-0.000359
-0.000382
-0.000401
-0.000418
-0.000432
-0.000442
-0.000449
-0.000452
-0.000451
-0.000447
-0.000441
-0.000432
-0.000422
-0.000409
-0.000394
-0.000379
-0.000361
-0.000342
-0.000322
-0.000299
-0.000276
-0.000250
-0.000223
-0.000197
-0.000169
-0.000141
-0.000114
-0.000089
-0.000064
-0.000040
-0.000018
0.000003
0.000022
0.000040
0.000057
0.000072
0.000086
0.000100
0.000111
0.000121
0.000129
0.000136
0.000141
0.000145
0.000148
0.000149
0.000148
0.000146
0.000143
0.000140
0.000136
0.000135
0.000133
0.000132
0.000133
0.000134
0.000135
0.000137
0.000139
0.000141
0.000142
0.000143
0.000143
0.000144
0.000145
0.000147
0.000149
0.000150
0.000152
0.000156
0.000158
0.000160
0.000163
0.000165
0.000165
0.000163
0.000160
0.000156
0.000150
0.000142
0.000134
0.000126
0.000116
0.000106
0.000094
0.000082
0.000070
0.000056
0.000041
0.000025
0.000009
-0.000009
-0.000029
-0.000049
-0.000068
-0.000088
-0.000107
-0.000124
-0.000141
-0.000156
-0.000169
-0.000179
-0.000188
-0.000195
-0.000199
-0.000202
-0.000204
-0.000203
-0.000204
-0.000201
-0.000197
-0.000191
-0.000182
-0.000172
-0.000160
-0.000145
-0.000129
-0.000110
-0.000090
-0.000070
-0.000050
-0.000030
-0.000010
0.000008
0.000025
0.000040
0.000054
0.000066
0.000077
0.000087
0.000094
0.000099
0.000103
0.000105
0.000105
0.000103
0.000098
0.000091
0.000080
0.000066
0.000049
0.000029
0.000008
-0.000016
-0.000042
-0.000067
-0.000095
-0.000122
-0.000150
-0.000178
-0.000205
-0.000232
-0.000259
-0.000287
-0.000313
-0.000338
-0.000363
-0.000386
-0.000407
-0.000426
-0.000441
-0.000454
-0.000463
-0.000469
-0.000471
-0.000472
-0.000468
-0.000462
-0.000454
-0.000444
-0.000430
-0.000414
-0.000396
-0.000375
-0.000353
-0.000329
-0.000302
-0.000273
-0.000242
-0.000209
-0.000175
-0.000139
-0.000103
-0.000065
-0.000029
0.000007
0.000042
0.000076
0.000108
0.000138
0.000168
0.000197
0.000224
0.000251
0.000275
0.000299
0.000321
0.000341
0.000360
0.000375
0.000389
0.000398
0.000405
0.000409
0.000411
0.000411
0.000409
0.000404
0.000399
0.000391
0.000383
0.000374
0.000364
0.000353
0.000339
0.000325
0.000309
0.000293
0.000274
0.000255
0.000235
0.000214
0.000193
0.000172
0.000151
0.000131
0.000111
0.000092
0.000073
0.000054
0.000036
0.000019
0.000002
-0.000015
-0.000032
-0.000049
-0.000065
-0.000080
-0.000094
-0.000107
-0.000119
-0.000128
-0.000135
-0.000141
-0.000145
-0.000149
-0.000151
-0.000153
-0.000154
-0.000155
-0.000156
-0.000157
-0.000157
-0.000157
-0.000155
-0.000154
-0.000152
-0.000149
-0.000146
-0.000142
-0.000138
-0.000134
-0.000131
-0.000128
-0.000126
-0.000125
-0.000126
-0.000127
-0.000129
-0.000132
-0.000135
-0.000139
-0.000142
-0.000147
-0.000150
-0.000154
-0.000157
-0.000160
-0.000164
-0.000167
-0.000170
-0.000173
-0.000175
-0.000178
-0.000179
-0.000178
-0.000175
-0.000170
-0.000163
-0.000154
-0.000141
-0.000126
-0.000109
-0.000089
-0.000070
-0.000047
-0.000023
0.000003
0.000029
0.000058
0.000087
0.000118
0.000151
0.000184
0.000217
0.000252
0.000287
0.000322
0.000357
0.000388
0.000417
0.000444
0.000467
0.000487
0.000503
0.000513
0.000520
0.000524
0.000523
0.000519
0.000510
0.000497
0.000478
0.000455
0.000428
0.000396
0.000357
0.000315
0.000268
0.000217
0.000161
0.000102
0.000040
-0.000023
-0.000087
-0.000152
-0.000216
-0.000278
-0.000341
-0.000400
-0.000457
-0.000512
-0.000561
-0.000609
-0.000654
-0.000694
-0.000729
-0.000759
-0.000782
-0.000798
-0.000807
-0.000809
-0.000804
-0.000792
-0.000771
-0.000745
-0.000714
-0.000676
-0.000634
-0.000586
-0.000534
-0.000476
-0.000416
-0.000351
-0.000284
-0.000213
-0.000142
-0.000068
0.000006
0.000082
0.000157
0.000231
0.000303
0.000371
0.000436
0.000497
0.000553
0.000604
0.000650
0.000689
0.000724
0.000753
0.000776
0.000793
0.000805
0.000811
0.000811
0.000806
0.000795
0.000778
0.000756
0.000729
0.000697
0.000661
0.000621
0.000579
0.000533
0.000487
0.000438
0.000389
0.000340
0.000289
0.000238
0.000188
0.000137
0.000087
0.000038
-0.000010
-0.000058
-0.000103
-0.000146
-0.000186
-0.000225
-0.000260
-0.000292
-0.000319
-0.000345
-0.000366
-0.000385
-0.000402
-0.000416
-0.000429
-0.000440
-0.000450
-0.000457
-0.000463
-0.000466
-0.000467
-0.000466
-0.000463
-0.000458
-0.000451
-0.000441
-0.000430
-0.000417
-0.000403
-0.000388
-0.000373
-0.000358
-0.000341
-0.000323
-0.000304
-0.000284
-0.000263
-0.000239
-0.000215
-0.000189
-0.000161
-0.000132
-0.000103
-0.000072
-0.000042
-0.000012
0.000017
0.000047
0.000078
0.000106
0.000134
0.000164
0.000192
0.000220
0.000249
0.000277
0.000304
0.000331
0.000355
0.000379
0.000402
0.000422
0.000441
0.000457
0.000470
0.000480
0.000487
0.000493
0.000497
0.000500
0.000500
0.000500
0.000497
0.000494
0.000488
0.000481
0.000471
0.000458
0.000444
0.000427
0.000409
0.000390
0.000370
0.000350
0.000330
0.000310
0.000291
0.000270
0.000252
0.000234
0.000217
0.000199
0.000181
0.000164
0.000146
0.000128
0.000111
0.000095
0.000079
0.000063
0.000048
0.000035
0.000022
0.000011
-0.000000
-0.000010
-0.000019
-0.000028
-0.000036
-0.000045
-0.000056
-0.000066
-0.000076
-0.000086
-0.000096
-0.000107
-0.000116
-0.000124
-0.000131
-0.000137
-0.000141
-0.000146
-0.000149
-0.000150
-0.000151
-0.000152
-0.000151
-0.000151
-0.000149
-0.000146
-0.000140
-0.000133
-0.000121
-0.000108
-0.000092
-0.000075
-0.000054
-0.000031
-0.000007
0.000019
0.000046
0.000076
0.000105
0.000136
0.000168
0.000202
0.000237
0.000273
0.000310
0.000348
0.000386
0.000424
0.000462
0.000500
0.000536
0.000570
0.000601
0.000630
0.000656
0.000679
0.000701
0.000719
0.000734
0.000747
0.000758
0.000766
0.000772
0.000777
0.000777
0.000776
0.000770
0.000761
0.000750
0.000735
0.000717
0.000696
0.000673
0.000649
0.000622
0.000594
0.000566
0.000537
0.000509
0.000481
0.000453
0.000424
0.000396
0.000367
0.000340
0.000313
0.000285
0.000259
0.000235
0.000211
0.000190
0.000171
0.000153
0.000140
0.000129
0.000120
0.000113
0.000107
0.000101
0.000098
0.000096
0.000095
0.000096
0.000098
0.000102
0.000107
0.000114
0.000122
0.000132
0.000142
0.000153
0.000166
0.000179
0.000192
0.000203
0.000213
0.000223
0.000232
0.000239
0.000246
0.000253
0.000258
0.000263
0.000268
0.000270
0.000272
0.000275
0.000275
0.000273
0.000271
0.000266
0.000259
0.000249
0.000237
0.000224
0.000209
0.000192
0.000175
0.000158
0.000140
0.000120
0.000101
0.000080
0.000059
0.000037
0.000014
-0.000009
-0.000033
-0.000058
-0.000084
-0.000109
-0.000135
-0.000160
-0.000185
-0.000208
-0.000229
-0.000249
-0.000267
-0.000284
-0.000299
-0.000313
-0.000327
-0.000339
-0.000350
-0.000360
-0.000369
-0.000377
-0.000382
-0.000385
-0.000384
-0.000382
-0.000376
-0.000368
-0.000358
-0.000345
-0.000331
-0.000314
-0.000298
-0.000281
-0.000262
-0.000243
-0.000224
-0.000203
-0.000181
-0.000159
-0.000137
-0.000113
-0.000090
-0.000066
-0.000043
-0.000020
0.000002
0.000024
0.000044
0.000064
0.000082
0.000097
0.000113
0.000125
0.000138
0.000149
0.000160
0.000171
0.000181
0.000190
0.000199
0.000206
0.000212
0.000218
0.000221
0.000224
0.000226
0.000227
0.000227
0.000228
0.000229
0.000229
0.000231
0.000233
0.000236
0.000240
0.000244
0.000248
0.000254
0.000260
0.000265
0.000272
0.000278
0.000284
0.000290
0.000299
0.000305
0.000312
0.000321
0.000329
0.000340
0.000349
0.000358
0.000366
0.000373
0.000379
0.000384
0.000387
0.000389
0.000389
0.000387
0.000384
0.000381
0.000375
0.000370
0.000364
0.000356
0.000348
0.000338
0.000325
0.000312
0.000297
0.000278
0.000258
0.000236
0.000214
0.000189
0.000166
0.000141
0.000117
0.000094
0.000070
0.000048
0.000026
0.000004
-0.000017
-0.000036
-0.000057
-0.000076
-0.000095
-0.000110
-0.000125
-0.000138
-0.000149
-0.000157
-0.000162
-0.000165
-0.000164
-0.000161
-0.000155
-0.000147
-0.000137
-0.000124
-0.000109
-0.000093
-0.000076
-0.000057
-0.000036
-0.000014
0.000009
0.000034
0.000061
0.000089
0.000118
0.000148
0.000178
0.000209
0.000238
0.000265
0.000291
0.000316
0.000340
0.000360
0.000380
0.000398
0.000413
0.000428
0.000442
0.000454
0.000464
0.000472
0.000478
0.000480
0.000482
0.000480
0.000476
0.000469
0.000460
0.000448
0.000435
0.000422
0.000408
0.000394
0.000379
0.000363
0.000348
0.000334
0.000319
0.000304
0.000289
0.000273
0.000258
0.000243
0.000228
0.000214
0.000201
0.000189
0.000180
0.000171
0.000164
0.000159
0.000157
0.000157
0.000157
0.000158
0.000161
0.000164
0.000168
0.000172
0.000178
0.000184
0.000192
0.000200
0.000210
0.000221
0.000233
0.000248
0.000262
0.000276
0.000289
0.000301
0.000313
0.000323
0.000332
0.000340
0.000347
0.000352
0.000356
0.000359
0.000361
0.000363
0.000362
0.000362
0.000359
0.000356
0.000350
0.000342
0.000332
0.000318
0.000302
0.000283
0.000262
0.000240
0.000215
0.000191
0.000166
0.000138
0.000111
0.000084
0.000054
0.000024
-0.000008
-0.000040
-0.000072
-0.000105
-0.000138
-0.000170
-0.000202
-0.000233
-0.000264
-0.000293
-0.000319
-0.000344
-0.000366
-0.000386
-0.000402
-0.000418
-0.000431
-0.000443
-0.000452
-0.000459
-0.000462
-0.000465
-0.000465
-0.000462
-0.000457
-0.000449
-0.000437
-0.000423
-0.000406
-0.000386
-0.000362
-0.000339
-0.000314
-0.000289
-0.000264
-0.000238
-0.000211
-0.000184
-0.000156
-0.000128
-0.000100
-0.000071
-0.000042
-0.000014
0.000015
0.000042
0.000070
0.000096
0.000119
0.000141
0.000161
0.000177
0.000190
0.000203
0.000213
0.000221
0.000227
0.000231
0.000235
0.000237
0.000237
0.000237
0.000234
0.000230
0.000224
0.000214
0.000204
0.000191
0.000178
0.000164
0.000148
0.000133
0.000118
0.000102
0.000087
0.000074
0.000060
0.000045
0.000032
0.000019
0.000007
-0.000005
-0.000015
-0.000026
-0.000035
-0.000042
-0.000049
-0.000053
-0.000057
-0.000057
-0.000056
-0.000051
-0.000046
-0.000038
-0.000029
-0.000019
-0.000008
0.000003
0.000016
0.000027
0.000039
0.000051
0.000063
0.000075
0.000087
0.000100
0.000113
0.000125
0.000136
0.000146
0.000155
0.000161
0.000165
0.000167
0.000165
0.000161
0.000154
0.000146
0.000135
0.000120
0.000104
0.000086
0.000067
0.000046
0.000023
-0.000002
-0.000029
-0.000058
-0.000089
-0.000123
-0.000160
-0.000197
-0.000235
-0.000274
-0.000313
-0.000351
-0.000387
-0.000422
-0.000457
-0.000489
-0.000520
-0.000549
-0.000575
-0.000601
-0.000624
-0.000645
-0.000663
-0.000679
-0.000691
-0.000699
-0.000703
-0.000704
-0.000701
-0.000694
-0.000684
-0.000671
-0.000653
-0.000633
-0.000611
-0.000586
-0.000560
-0.000532
-0.000504
-0.000474
-0.000444
-0.000411
-0.000377
-0.000343
-0.000309
-0.000273
-0.000239
-0.000204
-0.000170
-0.000137
-0.000105
-0.000077
-0.000050
-0.000026
-0.000005
0.000013
0.000029
0.000044
0.000056
0.000066
0.000074
0.000081
0.000084
0.000085
0.000085
0.000083
0.000078
0.000071
0.000061
0.000049
0.000035
0.000021
0.000006
-0.000009
-0.000024
-0.000039
-0.000054
-0.000068
-0.000081
-0.000094
-0.000107
-0.000118
-0.000131
-0.000142
-0.000152
-0.000162
-0.000171
-0.000180
-0.000186
-0.000191
-0.000194
-0.000196
-0.000195
-0.000194
-0.000191
-0.000187
-0.000182
-0.000176
-0.000170
-0.000164
-0.000159
-0.000152
-0.000147
-0.000140
-0.000134
-0.000126
-0.000119
-0.000111
-0.000102
-0.000093
-0.000084
-0.000076
-0.000068
-0.000062
-0.000057
-0.000053
-0.000051
-0.000050
-0.000050
-0.000049
-0.000049
-0.000049
-0.000048
-0.000047
-0.000046
-0.000044
-0.000043
-0.000042
-0.000040
-0.000040
-0.000039
-0.000040
-0.000040
-0.000041
-0.000042
-0.000041
-0.000040
-0.000039
-0.000037
-0.000033
-0.000029
-0.000025
-0.000023
-0.000020
-0.000016
-0.000012
-0.000009
-0.000008
-0.000004
-0.000002
0.000000
0.000001
0.000003
0.000005
0.000008
0.000011
0.000015
0.000019
0.000022
0.000025
0.000028
0.000030
0.000031
0.000030
0.000031
0.000032
0.000032
0.000033
0.000034
0.000036
0.000037
0.000040
0.000043
0.000047
0.000052
0.000056
0.000060
0.000065
0.000070
0.000074
0.000078
0.000080
0.000083
0.000086
0.000090
0.000094
0.000098
0.000103
0.000108
0.000112
0.000116
0.000120
0.000122
0.000124
0.000125
0.000124
0.000122
0.000119
0.000115
0.000113
0.000111
0.000108
0.000107
0.000106
0.000105
0.000104
0.000102
0.000099
0.000097
0.000094
0.000092
0.000090
0.000087
0.000086
0.000084
0.000084
0.000085
0.000088
0.000091
0.000095
0.000101
0.000107
0.000114
0.000121
0.000128
0.000135
0.000143
0.000150
0.000157
0.000164
0.000172
0.000181
0.000191
0.000201
0.000212
0.000222
0.000233
0.000242
0.000251
0.000258
0.000264
0.000267
0.000270
0.000272
0.000273
0.000271
0.000269
0.000265
0.000261
0.000256
0.000250
0.000243
0.000234
0.000226
0.000215
0.000204
0.000190
0.000175
0.000156
0.000137
0.000117
0.000097
0.000076
0.000055
0.000034
0.000013
-0.000008
-0.000028
-0.000050
-0.000071
-0.000093
-0.000114
-0.000136
-0.000158
-0.000180
-0.000200
-0.000220
-0.000240
-0.000257
-0.000274
-0.000287
-0.000298
-0.000307
-0.000315
-0.000321
-0.000326
-0.000329
-0.000332
-0.000333
-0.000334
-0.000333
-0.000331
-0.000326
-0.000319
-0.000311
-0.000300
-0.000287
-0.000272
-0.000255
-0.000237
-0.000218
-0.000196
-0.000175
-0.000154
-0.000132
-0.000111
-0.000089
-0.000066
-0.000043
-0.000021
0.000001
0.000026
0.000048
0.000071
0.000093
0.000113
0.000132
0.000149
0.000165
0.000178
0.000188
0.000197
0.000203
0.000206
0.000207
0.000206
0.000201
0.000195
0.000187
0.000179
0.000167
0.000153
0.000138
0.000118
0.000096
0.000072
0.000044
0.000015
-0.000017
-0.000048
-0.000079
-0.000110
-0.000143
-0.000173
-0.000203
-0.000231
-0.000259
-0.000285
-0.000309
-0.000332
-0.000354
-0.000373
-0.000391
-0.000407
-0.000419
-0.000426
-0.000431
-0.000432
-0.000430
-0.000423
-0.000412
-0.000395
-0.000377
-0.000355
-0.000330
-0.000302
-0.000273
-0.000242
-0.000208
-0.000172
-0.000136
-0.000098
-0.000060
-0.000020
0.000018
0.000057
0.000095
0.000133
0.000169
0.000203
0.000233
0.000260
0.000283
0.000302
0.000318
0.000329
0.000336
0.000338
0.000337
0.000331
0.000322
0.000309
0.000293
0.000273
0.000249
0.000221
0.000190
0.000157
0.000120
0.000080
0.000040
-0.000004
-0.000047
-0.000091
-0.000132
-0.000173
-0.000213
-0.000250
-0.000285
-0.000317
-0.000348
-0.000375
-0.000399
-0.000420
-0.000438
-0.000452
-0.000463
-0.000468
-0.000470
-0.000467
-0.000459
-0.000448
-0.000432
-0.000413
-0.000390
-0.000364
-0.000336
-0.000305
-0.000274
-0.000244
-0.000212
-0.000182
-0.000154
-0.000125
-0.000098
-0.000072
-0.000048
-0.000026
-0.000008
0.000009
0.000022
0.000031
0.000037
0.000039
0.000036
0.000028
0.000017
0.000001
-0.000018
-0.000041
-0.000068
-0.000097
-0.000129
-0.000162
-0.000197
-0.000232
-0.000269
-0.000306
-0.000344
-0.000381
-0.000419
-0.000456
-0.000491
-0.000523
-0.000553
-0.000581
-0.000607
-0.000629
-0.000646
-0.000659
-0.000667
-0.000670
-0.000669
-0.000664
-0.000656
-0.000644
-0.000629
-0.000611
-0.000591
-0.000569
-0.000544
-0.000517
-0.000485
-0.000454
-0.000420
-0.000384
-0.000348
-0.000312
-0.000275
-0.000239
-0.000206
-0.000173
-0.000144
-0.000116
-0.000091
-0.000070
-0.000051
-0.000034
-0.000020
-0.000009
-0.000001
0.000004
0.000007
0.000007
0.000004
-0.000003
-0.000014
-0.000027
-0.000044
-0.000062
-0.000084
-0.000107
-0.000133
-0.000159
-0.000186
-0.000213
-0.000239
-0.000265
-0.000291
-0.000315
-0.000339
-0.000361
-0.000381
-0.000402
-0.000421
-0.000439
-0.000455
-0.000470
-0.000481
-0.000490
-0.000494
-0.000496
-0.000496
-0.000491
-0.000485
-0.000476
-0.000464
-0.000450
-0.000433
-0.000415
-0.000394
-0.000372
-0.000347
-0.000323
-0.000296
-0.000269
-0.000238
-0.000206
-0.000172
-0.000138
-0.000104
-0.000068
-0.000032
0.000003
0.000037
0.000070
0.000101
0.000132
0.000159
0.000186
0.000210
0.000232
0.000253
0.000273
0.000290
0.000306
0.000319
0.000329
0.000336
0.000341
0.000343
0.000341
0.000337
0.000329
0.000318
0.000305
0.000289
0.000271
0.000252
0.000232
0.000212
0.000190
0.000167
0.000145
0.000122
0.000098
0.000073
0.000048
0.000024
0.000001
-0.000021
-0.000042
-0.000060
-0.000077
-0.000090
-0.000101
-0.000109
-0.000112
-0.000113
-0.000113
-0.000110
-0.000103
-0.000095
-0.000085
-0.000072
-0.000057
-0.000039
-0.000020
0.000002
0.000025
0.000050
0.000079
0.000106
0.000135
0.000164
0.000193
0.000221
0.000249
0.000274
0.000297
0.000318
0.000338
0.000354
0.000368
0.000380
0.000390
0.000397
0.000401
0.000404
0.000404
0.000400
0.000394
0.000384
0.000370
0.000355
0.000335
0.000312
0.000288
0.000262
0.000234
0.000206
0.000179
0.000150
0.000123
0.000096
0.000070
0.000045
0.000021
-0.000002
-0.000023
-0.000043
-0.000061
-0.000077
-0.000091
-0.000103
-0.000112
-0.000118
-0.000121
-0.000121
-0.000118
-0.000112
-0.000104
-0.000093
-0.000083
-0.000068
-0.000054
-0.000039
-0.000023
-0.000008
0.000008
0.000022
0.000036
0.000051
0.000064
0.000077
0.000090
0.000102
0.000113
0.000122
0.000127
0.000130
0.000132
0.000132
0.000128
0.000122
0.000115
0.000106
0.000095
0.000084
0.000071
0.000058
0.000044
0.000030
0.000016
0.000001
-0.000014
-0.000029
-0.000043
-0.000060
-0.000073
-0.000087
-0.000099
-0.000108
-0.000117
-0.000122
-0.000125
-0.000127
-0.000126
-0.000122
-0.000115
-0.000107
-0.000098
-0.000089
-0.000077
-0.000064
-0.000050
-0.000035
-0.000019
-0.000002
0.000017
0.000037
0.000056
0.000077
0.000098
0.000121
0.000143
0.000164
0.000184
0.000203
0.000220
0.000237
0.000253
0.000269
0.000283
0.000297
0.000311
0.000325
0.000338
0.000350
0.000363
0.000374
0.000385
0.000396
0.000406
0.000414
0.000422
0.000428
0.000434
0.000440
0.000445
0.000450
0.000456
0.000461
0.000466
0.000472
0.000478
0.000482
0.000485
0.000489
0.000491
0.000490
0.000489
0.000487
0.000483
0.000478
0.000473
0.000466
0.000459
0.000453
0.000445
0.000436
0.000427
0.000417
0.000404
0.000391
0.000379
0.000364
0.000348
0.000332
0.000316
0.000300
0.000286
0.000271
0.000258
0.000247
0.000237
0.000229
0.000224
0.000219
0.000216
0.000215
0.000215
0.000217
0.000221
0.000226
0.000233
0.000242
0.000252
0.000266
0.000281
0.000300
0.000320
0.000341
0.000366
0.000390
0.000414
0.000441
0.000467
0.000493
0.000517
0.000541
0.000565
0.000587
0.000610
0.000630
0.000651
0.000670
0.000688
0.000703
0.000717
0.000728
0.000736
0.000741
0.000743
0.000742
0.000738
0.000731
0.000724
0.000713
0.000701
0.000686
0.000671
0.000654
0.000636
0.000617
0.000598
0.000578
0.000557
0.000534
0.000511
0.000487
0.000462
0.000438
0.000414
0.000392
0.000372
0.000352
0.000333
0.000313
0.000297
0.000281
0.000267
0.000253
0.000240
0.000226
0.000213
0.000199
0.000185
0.000172
0.000161
0.000149
0.000139
0.000130
0.000121
0.000112
0.000103
0.000094
0.000084
0.000075
0.000066
0.000055
0.000043
0.000032
0.000020
0.000007
-0.000005
-0.000015
-0.000025
-0.000034
-0.000042
-0.000050
-0.000056
-0.000061
-0.000065
-0.000070
-0.000073
-0.000075
-0.000077
-0.000078
-0.000078
-0.000076
-0.000072
-0.000068
-0.000060
-0.000049
-0.000036
-0.000022
-0.000006
0.000011
0.000029
0.000047
0.000067
0.000086
0.000104
0.000124
0.000141
0.000159
0.000175
0.000192
0.000208
0.000224
0.000239
0.000251
0.000262
0.000271
0.000277
0.000280
0.000280
0.000276
0.000271
0.000261
0.000250
0.000235
0.000219
0.000200
0.000179
0.000158
0.000135
0.000111
0.000086
0.000059
0.000031
0.000002
-0.000027
-0.000057
-0.000087
-0.000117
-0.000146
-0.000172
-0.000196
-0.000217
-0.000237
-0.000255
-0.000269
-0.000281
-0.000291
-0.000298
-0.000305
-0.000310
-0.000312
-0.000314
-0.000313
-0.000312
-0.000308
-0.000302
-0.000295
-0.000287
-0.000277
-0.000266
-0.000255
-0.000242
-0.000231
-0.000219
-0.000209
-0.000200
-0.000195
-0.000192
-0.000189
-0.000189
-0.000190
-0.000194
-0.000198
-0.000204
-0.000212
-0.000220
-0.000231
-0.000242
-0.000255
-0.000269
-0.000287
-0.000306
-0.000326
-0.000345
-0.000365
-0.000385
-0.000406
-0.000426
-0.000445
-0.000462
-0.000477
-0.000488
-0.000498
-0.000504
-0.000510
-0.000513
-0.000514
-0.000514
-0.000511
-0.000507
-0.000499
-0.000489
-0.000477
-0.000463
-0.000444
-0.000423
-0.000399
-0.000373
-0.000346
-0.000317
-0.000288
-0.000259
-0.000231
-0.000202
-0.000174
-0.000147
-0.000121
-0.000097
-0.000073
-0.000051
-0.000030
-0.000010
0.000008
0.000024
0.000038
0.000050
0.000058
0.000065
0.000067
0.000068
0.000065
0.000058
0.000050
0.000038
0.000025
0.000011
-0.000004
-0.000020
-0.000036
-0.000053
-0.000070
-0.000089
-0.000108
-0.000127
-0.000147
-0.000167
-0.000187
-0.000206
-0.000224
-0.000242
-0.000258
-0.000271
-0.000283
-0.000292
-0.000298
-0.000302
-0.000303
-0.000302
-0.000301
-0.000297
-0.000290
-0.000282
-0.000271
-0.000258
-0.000242
-0.000224
-0.000205
-0.000182
-0.000158
-0.000131
-0.000102
-0.000072
-0.000039
-0.000007
0.000025
0.000057
0.000089
0.000120
0.000151
0.000181
0.000210
0.000238
0.000266
0.000291
0.000317
0.000340
0.000361
0.000381
0.000398
0.000412
0.000422
0.000429
0.000433
0.000432
0.000427
0.000420
0.000409
0.000395
0.000380
0.000361
0.000340
0.000316
0.000291
0.000262
0.000231
0.000196
0.000160
0.000119
0.000077
0.000032
-0.000014
-0.000061
-0.000110
-0.000158
-0.000205
-0.000251
-0.000297
-0.000342
-0.000384
-0.000426
-0.000464
-0.000501
-0.000537
-0.000570
-0.000601
-0.000630
-0.000655
-0.000676
-0.000693
-0.000706
-0.000714
-0.000718
-0.000717
-0.000712
-0.000703
-0.000688
-0.000670
-0.000650
-0.000626
-0.000599
-0.000569
-0.000536
-0.000500
-0.000461
-0.000420
-0.000377
-0.000332
-0.000284
-0.000235
-0.000186
-0.000135
-0.000086
-0.000037
0.000011
0.000056
0.000100
0.000140
0.000178
0.000214
0.000245
0.000273
0.000298
0.000321
0.000339
0.000354
0.000366
0.000373
0.000375
0.000374
0.000370
0.000359
0.000344
0.000324
0.000301
0.000276
0.000247
0.000216
0.000183
0.000148
0.000113
0.000076
0.000038
0.000001
-0.000038
-0.000076
-0.000116
-0.000155
-0.000194
-0.000232
-0.000268
-0.000303
-0.000334
-0.000363
-0.000388
-0.000409
-0.000428
-0.000443
-0.000456
-0.000465
-0.000471
-0.000475
-0.000477
-0.000477
-0.000474
-0.000468
-0.000460
-0.000451
-0.000438
-0.000423
-0.000405
-0.000385
-0.000362
-0.000338
-0.000316
-0.000292
-0.000267
-0.000243
-0.000219
-0.000195
-0.000172
-0.000150
-0.000128
-0.000108
-0.000088
-0.000070
-0.000052
-0.000035
-0.000019
-0.000003
0.000011
0.000023
0.000033
0.000043
0.000050
0.000056
0.000060
0.000063
0.000065
0.000066
0.000067
0.000067
0.000067
0.000067
0.000066
0.000067
0.000066
0.000065
0.000063
0.000061
0.000059
0.000057
0.000055
0.000052
0.000050
0.000048
0.000046
0.000044
0.000044
0.000043
0.000044
0.000045
0.000046
0.000046
0.000046
0.000044
0.000040
0.000038
0.000034
0.000030
0.000026
0.000021
0.000017
0.000013
0.000009
0.000005
0.000003
-0.000000
-0.000004
-0.000009
-0.000015
-0.000022
-0.000028
-0.000036
-0.000043
-0.000051
-0.000059
-0.000065
-0.000070
-0.000074
-0.000076
-0.000077
-0.000077
-0.000076
-0.000074
-0.000071
-0.000066
-0.000060
-0.000054
-0.000046
-0.000036
-0.000026
-0.000013
0.000001
0.000017
0.000036
0.000056
0.000077
0.000099
0.000123
0.000146
0.000170
0.000194
0.000217
0.000240
0.000261
0.000282
0.000302
0.000320
0.000339
0.000355
0.000371
0.000386
0.000400
0.000412
0.000422
0.000429
0.000434
0.000435
0.000434
0.000430
0.000422
0.000411
0.000400
0.000385
0.000371
0.000354
0.000337
0.000318
0.000299
0.000278
0.000257
0.000234
0.000212
0.000189
0.000165
0.000141
0.000117
0.000095
0.000074
0.000055
0.000037
0.000023
0.000010
-0.000001
-0.000010
-0.000016
-0.000021
-0.000024
-0.000027
-0.000027
-0.000026
-0.000025
-0.000022
-0.000018
-0.000013
-0.000007
0.000001
0.000010
0.000020
0.000030
0.000041
0.000051
0.000061
0.000069
0.000077
0.000083
0.000088
0.000090
0.000092
0.000092
0.000092
0.000091
0.000089
0.000085
0.000083
0.000078
0.000074
0.000069
0.000063
0.000055
0.000046
0.000037
0.000027
0.000017
0.000008
-0.000001
-0.000009
-0.000015
-0.000021
-0.000025
-0.000026
-0.000027
-0.000027
-0.000025
-0.000022
-0.000018
-0.000013
-0.000008
-0.000002
0.000006
0.000014
0.000024
0.000035
0.000048
0.000062
0.000077
0.000091
0.000107
0.000124
0.000139
0.000154
0.000166
0.000178
0.000189
0.000198
0.000206
0.000211
0.000215
0.000218
0.000220
0.000220
0.000218
0.000216
0.000210
0.000202
0.000193
0.000181
0.000167
0.000151
0.000133
0.000113
0.000091
0.000068
0.000045
0.000019
-0.000006
-0.000032
-0.000057
-0.000084
-0.000110
-0.000135
-0.000161
-0.000187
-0.000213
-0.000238
-0.000263
-0.000286
-0.000308
-0.000328
-0.000346
-0.000360
-0.000370
-0.000379
-0.000385
-0.000389
-0.000388
-0.000387
-0.000383
-0.000377
-0.000369
-0.000359
-0.000347
-0.000332
-0.000315
-0.000296
-0.000276
-0.000253
-0.000230
-0.000205
-0.000178
-0.000150
-0.000123
-0.000095
-0.000070
-0.000044
-0.000021
0.000003
0.000024
0.000044
0.000063
0.000080
0.000096
0.000109
0.000122
0.000132
0.000139
0.000144
0.000146
0.000144
0.000140
0.000133
0.000121
0.000107
0.000091
0.000072
0.000050
0.000028
0.000004
-0.000022
-0.000047
-0.000075
-0.000102
-0.000132
-0.000162
-0.000191
-0.000221
-0.000251
-0.000280
-0.000309
-0.000338
-0.000365
-0.000390
-0.000414
-0.000434
-0.000452
-0.000465
-0.000476
-0.000482
-0.000486
-0.000487
-0.000486
-0.000481
-0.000473
-0.000464
-0.000452
-0.000438
-0.000421
-0.000402
-0.000382
-0.000359
-0.000333
-0.000306
-0.000278
-0.000249
-0.000220
-0.000191
-0.000163
-0.000136
-0.000109
-0.000084
-0.000060
-0.000039
-0.000019
-0.000001
0.000016
0.000030
0.000043
0.000055
0.000065
0.000072
0.000077
0.000079
0.000078
0.000075
0.000070
0.000062
0.000053
0.000042
0.000031
0.000020
0.000009
-0.000001
-0.000013
-0.000022
-0.000030
-0.000036
-0.000044
-0.000050
-0.000054
-0.000057
-0.000058
-0.000057
-0.000054
-0.000048
-0.000040
-0.000029
-0.000014
0.000003
0.000025
0.000049
0.000074
0.000103
0.000133
0.000163
0.000196
0.000228
0.000261
0.000293
0.000325
0.000355
0.000385
0.000416
0.000445
0.000473
0.000501
0.000525
0.000547
0.000566
0.000582
0.000594
0.000603
0.000607
0.000607
0.000602
0.000594
0.000581
0.000565
0.000546
0.000524
0.000499
0.000472
0.000442
0.000410
0.000374
0.000337
0.000297
0.000257
0.000214
0.000170
0.000126
0.000082
0.000038
-0.000004
-0.000044
-0.000083
-0.000120
-0.000154
-0.000186
-0.000214
-0.000240
-0.000263
-0.000284
-0.000303
-0.000319
-0.000332
-0.000344
-0.000352
-0.000356
-0.000358
-0.000356
-0.000351
-0.000343
-0.000332
-0.000320
-0.000306
-0.000290
-0.000274
-0.000258
-0.000242
-0.000224
-0.000207
-0.000191
-0.000176
-0.000161
-0.000145
-0.000131
-0.000118
-0.000104
-0.000092
-0.000082
-0.000074
-0.000068
-0.000064
-0.000063
-0.000064
-0.000068
-0.000075
-0.000083
-0.000091
-0.000102
-0.000112
-0.000123
-0.000134
-0.000145
-0.000157
-0.000169
-0.000181
-0.000193
-0.000205
-0.000218
-0.000230
-0.000242
-0.000253
-0.000264
-0.000275
-0.000282
-0.000289
-0.000294
-0.000297
-0.000299
-0.000298
-0.000297
-0.000295
-0.000291
-0.000287
-0.000283
-0.000279
-0.000275
-0.000270
-0.000265
-0.000260
-0.000254
-0.000248
-0.000242
-0.000236
-0.000230
-0.000224
-0.000218
-0.000214
-0.000211
-0.000210
-0.000210
-0.000211
-0.000214
-0.000218
-0.000223
-0.000229
-0.000235
-0.000241
-0.000246
-0.000253
-0.000259
-0.000266
-0.000272
-0.000278
-0.000285
-0.000292
-0.000298
-0.000305
-0.000312
-0.000317
-0.000321
-0.000323
-0.000324
-0.000323
-0.000319
-0.000313
-0.000304
-0.000294
-0.000282
-0.000269
-0.000255
-0.000239
-0.000222
-0.000205
-0.000186
-0.000166
-0.000147
-0.000125
-0.000102
-0.000078
-0.000054
-0.000031
-0.000008
0.000015
0.000035
0.000053
0.000070
0.000085
0.000097
0.000105
0.000111
0.000113
0.000114
0.000112
0.000108
0.000102
0.000093
0.000084
0.000071
0.000055
0.000037
0.000016
-0.000008
-0.000034
-0.000064
-0.000094
-0.000125
-0.000157
-0.000190
-0.000223
-0.000255
-0.000287
-0.000316
-0.000346
-0.000374
-0.000399
-0.000423
-0.000445
-0.000465
-0.000485
-0.000501
-0.000514
-0.000525
-0.000534
-0.000539
-0.000541
-0.000539
-0.000533
-0.000525
-0.000513
-0.000499
-0.000483
-0.000466
-0.000446
-0.000426
-0.000403
-0.000381
-0.000357
-0.000334
-0.000309
-0.000284
-0.000258
-0.000232
-0.000205
-0.000179
-0.000154
-0.000131
-0.000109
-0.000088
-0.000070
-0.000054
-0.000041
-0.000032
-0.000023
-0.000017
-0.000013
-0.000012
-0.000012
-0.000014
-0.000016
-0.000019
-0.000025
-0.000033
-0.000042
-0.000053
-0.000066
-0.000081
-0.000096
-0.000114
-0.000132
-0.000150
-0.000168
-0.000186
-0.000203
-0.000220
-0.000236
-0.000251
-0.000267
-0.000283
-0.000297
-0.000311
-0.000326
-0.000341
-0.000356
-0.000371
-0.000383
-0.000396
-0.000407
-0.000419
-0.000430
-0.000438
-0.000447
-0.000455
-0.000464
-0.000473
-0.000483
-0.000493
-0.000504
-0.000516
-0.000530
-0.000543
-0.000558
-0.000573
-0.000588
-0.000603
-0.000619
-0.000634
-0.000649
-0.000665
-0.000681
-0.000698
-0.000715
-0.000732
-0.000752
-0.000770
-0.000789
-0.000810
-0.000828
-0.000846
-0.000863
-0.000877
-0.000891
-0.000902
-0.000912
-0.000921
-0.000927
-0.000931
-0.000935
-0.000937
-0.000938
-0.000937
-0.000934
-0.000930
-0.000922
-0.000911
-0.000898
-0.000882
-0.000861
-0.000837
-0.000811
-0.000781
-0.000749
-0.000715
-0.000679
-0.000641
-0.000602
-0.000564
-0.000525
-0.000484
-0.000442
-0.000399
-0.000354
-0.000307
-0.000261
-0.000214
-0.000167
-0.000121
-0.000075
-0.000031
0.000012
0.000052
0.000090
0.000125
0.000158
0.000190
0.000220
0.000248
0.000274
0.000297
0.000319
0.000338
0.000355
0.000368
0.000379
0.000388
0.000392
0.000395
0.000393
0.000391
0.000385
0.000378
0.000368
0.000359
0.000348
0.000335
0.000324
0.000310
0.000295
0.000280
0.000264
0.000247
0.000230
0.000213
0.000196
0.000177
0.000160
0.000145
0.000130
0.000117
0.000105
0.000095
0.000086
0.000078
0.000072
0.000067
0.000062
0.000058
0.000054
0.000053
0.000050
0.000048
0.000048
0.000048
0.000050
0.000053
0.000056
0.000060
0.000066
0.000072
0.000077
0.000084
0.000088
0.000094
0.000097
0.000099
0.000101
0.000102
0.000103
0.000103
0.000101
0.000099
0.000097
0.000095
0.000092
0.000089
0.000084
0.000078
0.000070
0.000061
0.000050
0.000038
0.000025
0.000010
-0.000006
-0.000022
-0.000038
-0.000055
-0.000072
-0.000088
-0.000106
-0.000123
-0.000140
-0.000158
-0.000176
-0.000195
-0.000214
-0.000234
-0.000253
-0.000271
-0.000290
-0.000307
-0.000323
-0.000337
-0.000349
-0.000360
-0.000370
-0.000379
-0.000386
-0.000392
-0.000398
-0.000403
-0.000406
-0.000409
-0.000410
-0.000410
-0.000408
-0.000404
-0.000398
-0.000390
-0.000381
-0.000372
-0.000359
-0.000345
-0.000332
-0.000317
-0.000302
-0.000286
-0.000271
-0.000256
-0.000241
-0.000225
-0.000208
-0.000190
-0.000172
-0.000154
-0.000136
-0.000119
-0.000102
-0.000086
-0.000071
-0.000058
-0.000047
-0.000038
-0.000030
-0.000024
-0.000019
-0.000017
-0.000017
-0.000017
-0.000019
-0.000022
-0.000025
-0.000030
-0.000037
-0.000044
-0.000053
-0.000064
-0.000078
-0.000092
-0.000107
-0.000123
-0.000139
-0.000156
-0.000173
-0.000189
-0.000203
-0.000217
-0.000229
-0.000241
-0.000250
-0.000259
-0.000265
-0.000271
-0.000275
-0.000277
-0.000278
-0.000277
-0.000273
-0.000268
-0.000260
-0.000249
-0.000236
-0.000220
-0.000202
-0.000181
-0.000158
-0.000134
-0.000108
-0.000081
-0.000055
-0.000027
0.000001
0.000028
0.000057
0.000085
0.000114
0.000143
0.000172
0.000201
0.000231
0.000258
0.000283
0.000308
0.000331
0.000352
0.000370
0.000386
0.000400
0.000412
0.000422
0.000430
0.000437
0.000442
0.000445
0.000447
0.000447
0.000446
0.000443
0.000439
0.000434
0.000425
0.000416
0.000406
0.000395
0.000383
0.000371
0.000359
0.000348
0.000336
0.000326
0.000316
0.000306
0.000297
0.000287
0.000278
0.000270
0.000261
0.000252
0.000244
0.000236
0.000231
0.000224
0.000218
0.000215
0.000212
0.000210
0.000210
0.000211
0.000214
0.000216
0.000218
0.000222
0.000224
0.000227
0.000230
0.000232
0.000238
0.000242
0.000246
0.000252
0.000260
0.000268
0.000277
0.000287
0.000297
0.000307
0.000315
0.000324
0.000334
0.000341
0.000349
0.000357
0.000363
0.000370
0.000378
0.000385
0.000393
0.000400
0.000407
0.000412
0.000418
0.000421
0.000424
0.000423
0.000421
0.000418
0.000413
0.000407
0.000399
0.000391
0.000382
0.000372
0.000360
0.000347
0.000334
0.000320
0.000305
0.000290
0.000272
0.000253
0.000232
0.000212
0.000192
0.000173
0.000153
0.000133
0.000115
0.000098
0.000082
0.000068
0.000056
0.000045
0.000035
0.000026
0.000017
0.000010
0.000004
0.000001
-0.000003
-0.000004
-0.000003
-0.000000
0.000005
0.000012
0.000021
0.000032
0.000042
0.000056
0.000069
0.000082
0.000095
0.000108
0.000121
0.000133
0.000142
0.000152
0.000161
0.000169
0.000176
0.000182
0.000186
0.000188
0.000188
0.000184
0.000178
0.000169
0.000156
0.000140
0.000121
0.000098
0.000071
0.000043
0.000012
-0.000023
-0.000060
-0.000097
-0.000136
-0.000176
-0.000218
-0.000261
-0.000305
-0.000351
-0.000396
-0.000442
-0.000489
-0.000535
-0.000579
-0.000622
-0.000662
-0.000699
-0.000732
-0.000762
-0.000789
-0.000811
-0.000829
-0.000844
-0.000855
-0.000863
-0.000866
-0.000866
-0.000861
-0.000852
-0.000840
-0.000821
-0.000799
-0.000772
-0.000740
-0.000706
-0.000667
-0.000627
-0.000584
-0.000538
-0.000492
-0.000445
-0.000399
-0.000350
-0.000303
-0.000256
-0.000210
-0.000166
-0.000122
-0.000079
-0.000038
0.000001
0.000037
0.000071
0.000101
0.000127
0.000150
0.000169
0.000184
0.000195
0.000201
0.000205
0.000205
0.000203
0.000198
0.000191
0.000181
0.000170
0.000156
0.000142
0.000124
0.000106
0.000086
0.000066
0.000045
0.000024
0.000003
-0.000017
-0.000036
-0.000054
-0.000070
-0.000084
-0.000096
-0.000106
-0.000112
-0.000117
-0.000120
-0.000122
-0.000122
-0.000120
-0.000117
-0.000112
-0.000105
-0.000096
-0.000085
-0.000072
-0.000058
-0.000042
-0.000023
-0.000003
0.000016
0.000037
0.000058
0.000077
0.000095
0.000112
0.000130
0.000146
0.000159
0.000172
0.000185
0.000197
0.000207
0.000218
0.000227
0.000235
0.000241
0.000246
0.000248
0.000250
0.000247
0.000245
0.000240
0.000234
0.000227
0.000219
0.000211
0.000204
0.000197
0.000190
0.000184
0.000178
0.000173
0.000167
0.000162
0.000157
0.000151
0.000145
0.000141
0.000136
0.000133
0.000129
0.000127
0.000127
0.000127
0.000128
0.000129
0.000131
0.000132
0.000132
0.000132
0.000131
0.000129
0.000126
0.000123
0.000118
0.000113
0.000107
0.000100
0.000093
0.000085
0.000076
0.000068
0.000059
0.000048
0.000036
0.000025
0.000011
-0.000003
-0.000019
-0.000033
-0.000049
-0.000062
-0.000075
-0.000086
-0.000098
-0.000108
-0.000116
-0.000122
-0.000126
-0.000129
-0.000129
-0.000129
-0.000126
-0.000123
-0.000117
-0.000108
-0.000097
-0.000084
-0.000069
-0.000051
-0.000029
-0.000006
0.000019
0.000047
0.000075
0.000104
0.000133
0.000161
0.000188
0.000213
0.000239
0.000262
0.000285
0.000306
0.000326
0.000345
0.000364
0.000380
0.000393
0.000403
0.000410
0.000413
0.000412
0.000408
0.000401
0.000390
0.000374
0.000358
0.000338
0.000317
0.000295
0.000271
0.000245
0.000219
0.000191
0.000164
0.000136
0.000108
0.000078
0.000049
0.000020
-0.000008
-0.000034
-0.000059
-0.000081
-0.000100
-0.000116
-0.000129
-0.000139
-0.000145
-0.000147
-0.000147
-0.000144
-0.000140
-0.000132
-0.000123
-0.000112
-0.000099
-0.000082
-0.000065
-0.000046
-0.000026
-0.000004
0.000020
0.000045
0.000070
0.000095
0.000119
0.000141
0.000164
0.000184
0.000202
0.000219
0.000235
0.000247
0.000257
0.000268
0.000275
0.000282
0.000287
0.000290
0.000292
0.000291
0.000288
0.000282
0.000274
0.000265
0.000254
0.000241
0.000227
0.000211
0.000195
0.000180
0.000164
0.000150
0.000136
0.000121
0.000109
0.000097
0.000086
0.000075
0.000065
0.000055
0.000047
0.000041
0.000035
0.000030
0.000027
0.000027
0.000029
0.000032
0.000038
0.000046
0.000056
0.000066
0.000076
0.000087
0.000099
0.000110
0.000122
0.000133
0.000145
0.000156
0.000169
0.000181
0.000194
0.000206
0.000218
0.000230
0.000241
0.000252
0.000260
0.000268
0.000273
0.000278
0.000281
0.000282
0.000282
0.000281
0.000280
0.000278
0.000275
0.000271
0.000265
0.000259
0.000254
0.000247
0.000239
0.000231
0.000220
0.000209
0.000198
0.000185
0.000172
0.000160
0.000149
0.000139
0.000129
0.000122
0.000114
0.000109
0.000104
0.000099
0.000095
0.000092
0.000089
0.000086
0.000084
0.000083
0.000084
0.000085
0.000088
0.000091
0.000096
0.000102
0.000109
0.000116
0.000123
0.000130
0.000137
0.000143
0.000148
0.000152
0.000156
0.000158
0.000161
0.000163
0.000164
0.000165
0.000165
0.000165
0.000164
0.000162
0.000159
0.000154
0.000146
0.000136
0.000125
0.000113
0.000099
0.000085
0.000068
0.000050
0.000032
0.000014
-0.000003
-0.000020
-0.000038
-0.000057
-0.000075
-0.000094
-0.000111
-0.000129
-0.000146
-0.000164
-0.000180
-0.000196
-0.000210
-0.000222
-0.000231
-0.000240
-0.000245
-0.000249
-0.000250
-0.000249
-0.000247
-0.000242
-0.000237
-0.000229
-0.000220
-0.000210
-0.000199
-0.000186
-0.000170
-0.000152
-0.000132
-0.000110
-0.000087
-0.000064
-0.000040
-0.000014
0.000010
0.000033
0.000056
0.000077
0.000098
0.000117
0.000137
0.000153
0.000169
0.000186
0.000201
0.000215
0.000226
0.000237
0.000247
0.000253
0.000259
0.000262
0.000263
0.000263
0.000260
0.000257
0.000250
0.000240
0.000231
0.000220
0.000209
0.000198
0.000187
0.000174
0.000163
0.000149
0.000135
0.000120
0.000105
0.000088
0.000071
0.000054
0.000038
0.000021
0.000005
-0.000012
-0.000026
-0.000040
-0.000052
-0.000063
-0.000071
-0.000080
-0.000087
-0.000096
-0.000104
-0.000111
-0.000118
-0.000124
-0.000129
-0.000134
-0.000139
-0.000141
-0.000144
-0.000143
-0.000142
-0.000139
-0.000137
-0.000135
-0.000131
-0.000127
-0.000123
-0.000119
-0.000113
-0.000107
-0.000100
-0.000092
-0.000082
-0.000071
-0.000060
-0.000049
-0.000037
-0.000025
-0.000013
-0.000001
0.000011
0.000022
0.000033
0.000042
0.000051
0.000060
0.000068
0.000077
0.000086
0.000094
0.000102
0.000110
0.000117
0.000124
0.000131
0.000135
0.000138
0.000141
0.000143
0.000144
0.000144
0.000143
0.000141
0.000138
0.000137
0.000135
0.000133
0.000131
0.000128
0.000125
0.000121
0.000116
0.000111
0.000106
0.000099
0.000091
0.000082
0.000075
0.000067
0.000058
0.000050
0.000043
0.000037
0.000030
0.000024
0.000018
0.000012
0.000005
-0.000001
-0.000009
-0.000017
-0.000026
-0.000036
-0.000046
-0.000057
-0.000066
-0.000075
-0.000084
-0.000093
-0.000103
-0.000112
-0.000122
-0.000131
-0.000141
-0.000152
-0.000163
-0.000176
-0.000188
-0.000202
-0.000215
-0.000227
-0.000239
-0.000249
-0.000259
-0.000267
-0.000274
-0.000281
-0.000286
-0.000291
-0.000297
-0.000300
-0.000304
-0.000305
-0.000307
-0.000308
-0.000306
-0.000304
-0.000298
-0.000292
-0.000284
-0.000275
-0.000263
-0.000250
-0.000238
-0.000224
-0.000210
-0.000195
-0.000181
-0.000167
-0.000152
-0.000137
-0.000122
-0.000106
-0.000091
-0.000076
-0.000060
-0.000045
-0.000031
-0.000018
-0.000005
0.000005
0.000013
0.000019
0.000024
0.000026
0.000027
0.000025
0.000023
0.000019
0.000013
0.000007
-0.000000
-0.000009
-0.000019
-0.000031
-0.000044
-0.000059
-0.000076
-0.000093
-0.000111
-0.000130
-0.000149
-0.000168
-0.000188
-0.000207
-0.000225
-0.000242
-0.000258
-0.000274
-0.000288
-0.000302
-0.000313
-0.000324
-0.000335
-0.000345
-0.000353
-0.000360
-0.000367
-0.000371
-0.000374
-0.000374
-0.000373
-0.000370
-0.000363
-0.000357
-0.000349
-0.000340
-0.000329
-0.000317
-0.000306
-0.000292
-0.000278
-0.000263
-0.000247
-0.000230
-0.000213
-0.000194
-0.000175
-0.000154
-0.000132
-0.000110
-0.000087
-0.000065
-0.000042
-0.000020
0.000002
0.000024
0.000045
0.000067
0.000088
0.000108
0.000130
0.000152
0.000174
0.000196
0.000217
0.000238
0.000259
0.000279
0.000298
0.000315
0.000329
0.000342
0.000352
0.000364
0.000372
0.000380
0.000386
0.000390
0.000394
0.000396
0.000396
0.000395
0.000390
0.000384
0.000375
0.000362
0.000347
0.000330
0.000311
0.000290
0.000268
0.000244
0.000218
0.000190
0.000162
0.000133
0.000103
0.000073
0.000042
0.000010
-0.000022
-0.000056
-0.000089
-0.000124
-0.000158
-0.000190
-0.000222
-0.000251
-0.000280
-0.000306
-0.000330
-0.000351
-0.000371
-0.000389
-0.000406
-0.000420
-0.000433
-0.000445
-0.000456
-0.000466
-0.000473
-0.000480
-0.000484
-0.000483
-0.000482
-0.000479
-0.000472
-0.000465
-0.000456
-0.000445
-0.000433
-0.000422
-0.000408
-0.000395
-0.000382
-0.000368
-0.000354
-0.000339
-0.000324
-0.000307
-0.000289
-0.000269
-0.000250
-0.000229
-0.000207
-0.000185
-0.000165
-0.000144
-0.000123
-0.000101
-0.000079
-0.000058
-0.000037
-0.000014
0.000009
0.000033
0.000058
0.000085
0.000113
0.000142
0.000168
0.000196
0.000225
0.000254
0.000281
0.000308
0.000333
0.000358
0.000382
0.000405
0.000427
0.000448
0.000469
0.000488
0.000505
0.000521
0.000535
0.000547
0.000554
0.000559
0.000561
0.000560
0.000556
0.000549
0.000539
0.000527
0.000513
0.000495
0.000476
0.000455
0.000431
0.000405
0.000376
0.000346
0.000313
0.000279
0.000244
0.000207
0.000169
0.000130
0.000092
0.000055
0.000020
-0.000012
-0.000044
-0.000074
-0.000103
-0.000129
-0.000151
-0.000172
-0.000190
-0.000205
-0.000217
-0.000227
-0.000234
-0.000237
-0.000236
-0.000232
-0.000223
-0.000211
-0.000195
-0.000175
-0.000153
-0.000127
-0.000100
-0.000071
-0.000041
-0.000009
0.000023
0.000056
0.000089
0.000122
0.000157
0.000191
0.000226
0.000260
0.000294
0.000327
0.000358
0.000388
0.000416
0.000440
0.000461
0.000478
0.000492
0.000504
0.000512
0.000519
0.000523
0.000523
0.000522
0.000519
0.000513
0.000505
0.000495
0.000483
0.000467
0.000448
0.000428
0.000407
0.000385
0.000360
0.000335
0.000310
0.000284
0.000259
0.000235
0.000210
0.000188
0.000166
0.000145
0.000125
0.000105
0.000086
0.000068
0.000052
0.000036
0.000022
0.000009
-0.000001
-0.000009
-0.000015
-0.000019
-0.000020
-0.000020
-0.000017
-0.000013
-0.000007
-0.000001
0.000006
0.000014
0.000023
0.000033
0.000045
0.000057
0.000071
0.000086
0.000102
0.000120
0.000138
0.000157
0.000176
0.000195
0.000214
0.000233
0.000252
0.000269
0.000287
0.000302
0.000319
0.000335
0.000350
0.000365
0.000382
0.000399
0.000417
0.000433
0.000449
0.000466
0.000479
0.000491
0.000501
0.000509
0.000515
0.000520
0.000523
0.000525
0.000527
0.000526
0.000524
0.000522
0.000519
0.000512
0.000505
0.000495
0.000482
0.000468
0.000451
0.000432
0.000411
0.000387
0.000361
0.000333
0.000304
0.000273
0.000242
0.000209
0.000175
0.000141
0.000105
0.000068
0.000030
-0.000009
-0.000050
-0.000091
-0.000131
-0.000172
-0.000212
-0.000251
-0.000289
-0.000326
-0.000360
-0.000392
-0.000423
-0.000451
-0.000477
-0.000500
-0.000520
-0.000540
-0.000557
-0.000572
-0.000583
-0.000591
-0.000596
-0.000598
-0.000597
-0.000592
-0.000582
-0.000569
-0.000554
-0.000535
-0.000516
-0.000493
-0.000468
-0.000443
-0.000418
-0.000388
-0.000359
-0.000327
-0.000296
-0.000264
-0.000231
-0.000197
-0.000165
-0.000130
-0.000098
-0.000067
-0.000038
-0.000011
0.000013
0.000035
0.000053
0.000070
0.000085
0.000099
0.000110
0.000121
0.000129
0.000136
0.000141
0.000144
0.000146
0.000144
0.000142
0.000136
0.000129
0.000121
0.000111
0.000102
0.000092
0.000082
0.000073
0.000064
0.000058
0.000051
0.000046
0.000042
0.000040
0.000039
0.000039
0.000038
0.000038
0.000040
0.000042
0.000044
0.000049
0.000055
0.000062
0.000071
0.000082
0.000093
0.000104
0.000116
0.000129
0.000140
0.000152
0.000162
0.000172
0.000179
0.000184
0.000189
0.000191
0.000194
0.000195
0.000194
0.000193
0.000191
0.000187
0.000182
0.000174
0.000164
0.000154
0.000141
0.000125
0.000108
0.000089
0.000070
0.000050
0.000030
0.000010
-0.000009
-0.000028
-0.000046
-0.000064
-0.000080
-0.000096
-0.000111
-0.000127
-0.000141
-0.000154
-0.000166
-0.000177
-0.000186
-0.000192
-0.000197
-0.000200
-0.000199
-0.000198
-0.000194
-0.000189
-0.000183
-0.000175
-0.000168
-0.000159
-0.000150
-0.000140
-0.000132
-0.000123
-0.000114
-0.000102
-0.000091
-0.000080
-0.000068
-0.000057
-0.000045
-0.000032
-0.000020
-0.000010
0.000001
0.000009
0.000016
0.000023
0.000029
0.000033
0.000038
0.000043
0.000048
0.000054
0.000061
0.000068
0.000077
0.000087
0.000096
0.000105
0.000113
0.000122
0.000131
0.000139
0.000148
0.000157
0.000167
0.000176
0.000187
0.000198
0.000210
0.000224
0.000237
0.000250
0.000263
0.000275
0.000285
0.000292
0.000298
0.000304
0.000308
0.000310
0.000311
0.000311
0.000309
0.000306
0.000302
0.000297
0.000291
0.000282
0.000273
0.000260
0.000245
0.000229
0.000212
0.000191
0.000170
0.000147
0.000125
0.000101
0.000077
0.000052
0.000029
0.000003
-0.000020
-0.000045
-0.000069
-0.000094
-0.000119
-0.000143
-0.000167
-0.000190
-0.000212
-0.000234
-0.000254
-0.000272
-0.000289
-0.000305
-0.000318
-0.000330
-0.000340
-0.000349
-0.000357
-0.000366
-0.000373
-0.000380
-0.000386
-0.000390
-0.000394
-0.000397
-0.000400
-0.000400
-0.000399
-0.000397
-0.000393
-0.000388
-0.000383
-0.000377
-0.000371
-0.000365
-0.000359
-0.000352
-0.000345
-0.000337
-0.000328
-0.000319
-0.000308
-0.000296
-0.000281
-0.000264
-0.000248
-0.000231
-0.000214
-0.000197
-0.000179
-0.000162
-0.000144
-0.000126
-0.000108
-0.000091
-0.000073
-0.000054
-0.000035
-0.000015
0.000006
0.000027
0.000048
0.000069
0.000090
0.000110
0.000128
0.000146
0.000164
0.000180
0.000194
0.000206
0.000219
0.000231
0.000242
0.000252
0.000262
0.000273
0.000281
0.000289
0.000296
0.000301
0.000305
0.000307
0.000308
0.000307
0.000305
0.000302
0.000298
0.000293
0.000289
0.000286
0.000281
0.000278
0.000274
0.000269
0.000264
0.000258
0.000250
0.000242
0.000232
0.000221
0.000211
0.000200
0.000189
0.000179
0.000169
0.000159
0.000149
0.000140
0.000130
0.000119
0.000107
0.000095
0.000084
0.000072
0.000058
0.000044
0.000030
0.000015
0.000002
-0.000012
-0.000025
-0.000038
-0.000050
-0.000062
-0.000073
-0.000085
-0.000098
-0.000109
-0.000119
-0.000131
-0.000141
-0.000152
-0.000161
-0.000171
-0.000179
-0.000187
-0.000192
-0.000197
-0.000201
-0.000204
-0.000205
-0.000205
-0.000206
-0.000205
-0.000205
-0.000202
-0.000200
-0.000199
-0.000197
-0.000193
-0.000189
-0.000184
-0.000178
-0.000171
-0.000163
-0.000155
-0.000146
-0.000138
-0.000131
-0.000123
-0.000117
-0.000111
-0.000106
-0.000103
-0.000099
-0.000095
-0.000091
-0.000089
-0.000086
-0.000083
-0.000079
-0.000076
-0.000073
-0.000070
-0.000069
-0.000069
-0.000069
-0.000072
-0.000075
-0.000077
-0.000079
-0.000083
-0.000085
-0.000087
-0.000089
-0.000091
-0.000091
-0.000093
-0.000094
-0.000095
-0.000096
-0.000097
-0.000098
-0.000099
-0.000101
-0.000101
-0.000100
-0.000101
-0.000100
-0.000099
-0.000097
-0.000094
-0.000091
-0.000089
-0.000087
-0.000084
-0.000082
-0.000081
-0.000080
-0.000079
-0.000078
-0.000079
-0.000079
-0.000078
-0.000078
-0.000078
-0.000077
-0.000076
-0.000073
-0.000070
-0.000067
-0.000064
-0.000061
-0.000058
-0.000055
-0.000052
-0.000048
-0.000043
-0.000037
-0.000031
-0.000023
-0.000015
-0.000004
0.000007
0.000021
0.000034
0.000048
0.000061
0.000076
0.000090
0.000105
0.000120
0.000133
0.000147
0.000162
0.000176
0.000191
0.000204
0.000217
0.000230
0.000242
0.000253
0.000261
0.000268
0.000272
0.000274
0.000273
0.000271
0.000267
0.000259
0.000249
0.000239
0.000228
0.000215
0.000201
0.000185
0.000166
0.000146
0.000123
0.000098
0.000071
0.000042
0.000012
-0.000019
-0.000051
-0.000085
-0.000117
-0.000150
-0.000182
-0.000214
-0.000245
-0.000275
-0.000304
-0.000331
-0.000358
-0.000384
-0.000408
-0.000432
-0.000453
-0.000474
-0.000491
-0.000505
-0.000517
-0.000526
-0.000532
-0.000535
-0.000534
-0.000530
-0.000523
-0.000515
-0.000504
-0.000491
-0.000477
-0.000459
-0.000441
-0.000422
-0.000400
-0.000378
-0.000353
-0.000326
-0.000299
-0.000270
-0.000240
-0.000209
-0.000178
-0.000148
-0.000118
-0.000087
-0.000059
-0.000031
-0.000003
0.000023
0.000048
0.000073
0.000096
0.000120
0.000141
0.000161
0.000181
0.000199
0.000213
0.000228
0.000240
0.000251
0.000259
0.000266
0.000270
0.000273
0.000274
0.000274
0.000275
0.000274
0.000272
0.000270
0.000266
0.000263
0.000258
0.000253
0.000247
0.000240
0.000232
0.000224
0.000215
0.000206
0.000198
0.000190
0.000183
0.000175
0.000169
0.000162
0.000156
0.000151
0.000144
0.000138
0.000131
0.000124
0.000117
0.000108
0.000099
0.000091
0.000083
0.000076
0.000069
0.000062
0.000057
0.000052
0.000048
0.000043
0.000039
0.000035
0.000031
0.000026
0.000022
0.000017
0.000012
0.000008
0.000006
0.000005
0.000005
0.000006
0.000008
0.000012
0.000015
0.000021
0.000027
0.000033
0.000039
0.000047
0.000054
0.000063
0.000073
0.000083
0.000093
0.000106
0.000119
0.000133
0.000147
0.000163
0.000177
0.000192
0.000207
0.000223
0.000237
0.000250
0.000260
0.000270
0.000279
0.000287
0.000293
0.000299
0.000303
0.000308
0.000311
0.000313
0.000313
0.000311
0.000308
0.000303
0.000294
0.000282
0.000269
0.000254
0.000238
0.000220
0.000202
0.000183
0.000165
0.000145
0.000124
0.000104
0.000084
0.000063
0.000043
0.000022
0.000002
-0.000019
-0.000040
-0.000059
-0.000077
-0.000092
-0.000106
-0.000118
-0.000127
-0.000135
-0.000141
-0.000145
-0.000147
-0.000148
-0.000147
-0.000146
-0.000144
-0.000140
-0.000135
-0.000129
-0.000122
-0.000114
-0.000104
-0.000093
-0.000079
-0.000066
-0.000053
-0.000039
-0.000025
-0.000012
0.000001
0.000013
0.000025
0.000036
0.000046
0.000055
0.000063
0.000071
0.000080
0.000088
0.000096
0.000104
0.000111
0.000116
0.000120
0.000125
0.000128
0.000130
0.000131
0.000130
0.000129
0.000127
0.000123
0.000120
0.000117
0.000113
0.000110
0.000107
0.000103
0.000097
0.000092
0.000087
0.000079
0.000071
0.000061
0.000051
0.000038
0.000026
0.000013
-0.000001
-0.000017
-0.000032
-0.000046
-0.000063
-0.000081
-0.000100
-0.000121
-0.000143
-0.000167
-0.000191
-0.000217
-0.000244
-0.000272
-0.000300
-0.000328
-0.000356
-0.000382
-0.000407
-0.000432
-0.000456
-0.000478
-0.000500
-0.000521
-0.000541
-0.000559
-0.000577
-0.000593
-0.000607
-0.000619
-0.000628
-0.000634
-0.000636
-0.000636
-0.000632
-0.000625
-0.000614
-0.000601
-0.000585
-0.000568
-0.000549
-0.000527
-0.000504
-0.000480
-0.000453
-0.000425
-0.000396
-0.000365
-0.000332
-0.000300
-0.000267
-0.000233
-0.000199
-0.000167
-0.000135
-0.000105
-0.000076
-0.000049
-0.000024
-0.000002
0.000019
0.000037
0.000055
0.000072
0.000087
0.000101
0.000114
0.000126
0.000136
0.000144
0.000149
0.000153
0.000156
0.000156
0.000154
0.000152
0.000150
0.000146
0.000143
0.000140
0.000137
0.000133
0.000131
0.000128
0.000125
0.000121
0.000119
0.000118
0.000115
0.000112
0.000110
0.000107
0.000106
0.000106
0.000105
0.000107
0.000109
0.000112
0.000116
0.000120
0.000125
0.000128
0.000131
0.000135
0.000137
0.000137
0.000136
0.000135
0.000132
0.000130
0.000129
0.000128
0.000127
0.000125
0.000125
0.000123
0.000121
0.000119
0.000117
0.000113
0.000111
0.000106
0.000104
0.000100
0.000098
0.000096
0.000096
0.000097
0.000100
0.000104
0.000110
0.000116
0.000123
0.000131
0.000140
0.000148
0.000158
0.000167
0.000177
0.000187
0.000198
0.000209
0.000221
0.000233
0.000245
0.000258
0.000269
0.000280
0.000291
0.000299
0.000305
0.000308
0.000310
0.000310
0.000307
0.000303
0.000297
0.000289
0.000279
0.000266
0.000253
0.000238
0.000219
0.000197
0.000173
0.000145
0.000116
0.000085
0.000050
0.000013
-0.000025
-0.000064
-0.000104
-0.000143
-0.000183
-0.000223
-0.000264
-0.000303
-0.000342
-0.000381
-0.000420
-0.000459
-0.000497
-0.000535
-0.000572
-0.000607
-0.000641
-0.000673
-0.000703
-0.000730
-0.000752
-0.000773
-0.000791
-0.000807
-0.000821
-0.000832
-0.000841
-0.000848
-0.000853
-0.000858
-0.000861
-0.000861
-0.000858
-0.000853
-0.000846
-0.000836
-0.000824
-0.000810
-0.000795
-0.000778
-0.000758
-0.000739
-0.000719
-0.000698
-0.000678
-0.000657
-0.000635
-0.000612
-0.000589
-0.000565
-0.000539
-0.000513
-0.000486
-0.000458
-0.000431
-0.000401
-0.000371
-0.000342
-0.000313
-0.000285
-0.000258
-0.000233
-0.000208
-0.000183
-0.000159
-0.000135
-0.000110
-0.000087
-0.000064
-0.000041
-0.000019
0.000002
0.000022
0.000041
0.000057
0.000073
0.000086
0.000098
0.000109
0.000118
0.000125
0.000131
0.000137
0.000143
0.000147
0.000152
0.000155
0.000157
0.000158
0.000157
0.000156
0.000152
0.000146
0.000138
0.000130
0.000120
0.000109
0.000099
0.000088
0.000077
0.000066
0.000054
0.000042
0.000029
0.000017
0.000003
-0.000012
-0.000029
-0.000046
-0.000065
-0.000084
-0.000103
-0.000121
-0.000139
-0.000156
-0.000172
-0.000187
-0.000202
-0.000216
-0.000229
-0.000242
-0.000255
-0.000269
-0.000282
-0.000294
-0.000305
-0.000316
-0.000327
-0.000336
-0.000341
-0.000347
-0.000350
-0.000350
-0.000349
-0.000349
-0.000347
-0.000343
-0.000339
-0.000335
-0.000330
-0.000325
-0.000321
-0.000316
-0.000312
-0.000305
-0.000298
-0.000291
-0.000282
-0.000274
-0.000267
-0.000260
-0.000254
-0.000250
-0.000248
-0.000247
-0.000249
-0.000254
-0.000259
-0.000266
-0.000275
-0.000286
-0.000297
-0.000309
-0.000323
-0.000338
-0.000354
-0.000372
-0.000391
-0.000413
-0.000436
-0.000460
-0.000487
-0.000515
-0.000545
-0.000573
-0.000601
-0.000629
-0.000655
-0.000681
-0.000705
-0.000726
-0.000747
-0.000766
-0.000783
-0.000797
-0.000811
-0.000823
-0.000833
-0.000840
-0.000845
-0.000845
-0.000842
-0.000836
-0.000826
-0.000811
-0.000794
-0.000773
-0.000750
-0.000725
-0.000696
-0.000666
-0.000634
-0.000601
-0.000568
-0.000532
-0.000495
-0.000458
-0.000420
-0.000380
-0.000339
-0.000299
-0.000260
-0.000220
-0.000183
-0.000145
-0.000110
-0.000078
-0.000049
-0.000022
0.000001
0.000022
0.000040
0.000055
0.000067
0.000077
0.000085
0.000089
0.000091
0.000089
0.000085
0.000078
0.000067
0.000053
0.000035
0.000014
-0.000008
-0.000031
-0.000056
-0.000083
-0.000107
-0.000133
-0.000159
-0.000184
-0.000209
-0.000235
-0.000259
-0.000283
-0.000306
-0.000327
-0.000348
-0.000366
-0.000385
-0.000401
-0.000416
-0.000426
-0.000434
-0.000438
-0.000440
-0.000439
-0.000434
-0.000428
-0.000419
-0.000409
-0.000396
-0.000383
-0.000369
-0.000352
-0.000334
-0.000314
-0.000294
-0.000272
-0.000249
-0.000223
-0.000197
-0.000170
-0.000141
-0.000114
-0.000086
-0.000059
-0.000035
-0.000011
0.000012
0.000034
0.000055
0.000076
0.000095
0.000115
0.000133
0.000151
0.000167
0.000184
0.000198
0.000211
0.000223
0.000234
0.000243
0.000250
0.000255
0.000258
0.000262
0.000264
0.000265
0.000266
0.000267
0.000268
0.000268
0.000268
0.000268
0.000266
0.000263
0.000259
0.000254
0.000248
0.000242
0.000235
0.000228
0.000220
0.000213
0.000206
0.000199
0.000192
0.000184
0.000178
0.000170
0.000163
0.000155
0.000146
0.000136
0.000126
0.000115
0.000103
0.000093
0.000082
0.000071
0.000060
0.000051
0.000043
0.000035
0.000029
0.000023
0.000016
0.000009
0.000002
-0.000005
-0.000011
-0.000017
-0.000023
-0.000027
-0.000032
-0.000033
-0.000035
-0.000033
-0.000031
-0.000026
-0.000021
-0.000014
-0.000007
-0.000000
0.000007
0.000015
0.000023
0.000030
0.000038
0.000046
0.000057
0.000067
0.000078
0.000089
0.000100
0.000111
0.000123
0.000133
0.000143
0.000150
0.000158
0.000163
0.000166
0.000167
0.000167
0.000165
0.000162
0.000158
0.000152
0.000146
0.000137
0.000128
0.000117
0.000104
0.000088
0.000073
0.000054
0.000033
0.000013
-0.000009
-0.000030
-0.000053
-0.000073
-0.000094
-0.000113
-0.000131
-0.000147
-0.000163
-0.000177
-0.000191
-0.000203
-0.000213
-0.000222
-0.000228
-0.000232
-0.000234
-0.000231
-0.000227
-0.000219
-0.000209
-0.000197
-0.000180
-0.000162
-0.000142
-0.000120
-0.000097
-0.000073
-0.000049
-0.000024
0.000001
0.000025
0.000049
0.000073
0.000096
0.000117
0.000139
0.000158
0.000176
0.000191
0.000204
0.000214
0.000222
0.000226
0.000225
0.000221
0.000213
0.000201
0.000186
0.000169
0.000149
0.000129
0.000106
0.000081
0.000055
0.000025
-0.000005
-0.000036
-0.000068
-0.000101
-0.000134
-0.000167
-0.000200
-0.000233
-0.000262
-0.000290
-0.000316
-0.000339
-0.000359
-0.000375
-0.000389
-0.000400
-0.000406
-0.000411
-0.000414
-0.000413
-0.000410
-0.000404
-0.000395
-0.000383
-0.000368
-0.000351
-0.000331
-0.000308
-0.000283
-0.000257
-0.000228
-0.000199
-0.000170
-0.000141
-0.000112
-0.000084
-0.000058
-0.000032
-0.000009
0.000013
0.000034
0.000054
0.000073
0.000090
0.000108
0.000122
0.000135
0.000145
0.000153
0.000159
0.000163
0.000165
0.000165
0.000163
0.000160
0.000155
0.000151
0.000148
0.000144
0.000141
0.000139
0.000137
0.000136
0.000137
0.000138
0.000141
0.000144
0.000148
0.000154
0.000160
0.000168
0.000178
0.000189
0.000202
0.000218
0.000235
0.000253
0.000271
0.000291
0.000312
0.000333
0.000353
0.000372
0.000391
0.000409
0.000426
0.000442
0.000457
0.000472
0.000485
0.000497
0.000507
0.000516
0.000524
0.000528
0.000532
0.000533
0.000531
0.000526
0.000519
0.000510
0.000497
0.000482
0.000466
0.000450
0.000433
0.000414
0.000395
0.000376
0.000357
0.000336
0.000315
0.000293
0.000271
0.000250
0.000228
0.000206
0.000185
0.000164
0.000144
0.000126
0.000110
0.000094
0.000081
0.000069
0.000057
0.000048
0.000039
0.000029
0.000020
0.000011
0.000004
-0.000003
-0.000012
-0.000019
-0.000025
-0.000032
-0.000037
-0.000042
-0.000048
-0.000053
-0.000057
-0.000062
-0.000068
-0.000074
-0.000082
-0.000090
-0.000099
-0.000108
-0.000118
-0.000128
-0.000138
-0.000147
-0.000155
-0.000162
-0.000169
-0.000176
-0.000182
-0.000188
-0.000193
-0.000197
-0.000201
-0.000205
-0.000208
-0.000209
-0.000209
-0.000207
-0.000203
-0.000198
-0.000189
-0.000179
-0.000166
-0.000151
-0.000136
-0.000118
-0.000100
-0.000081
-0.000062
-0.000041
-0.000020
0.000002
0.000024
0.000047
0.000072
0.000096
0.000121
0.000147
0.000173
0.000198
0.000222
0.000245
0.000267
0.000287
0.000308
0.000325
0.000342
0.000357
0.000370
0.000381
0.000392
0.000403
0.000411
0.000419
0.000425
0.000429
0.000432
0.000434
0.000432
0.000429
0.000424
0.000417
0.000409
0.000399
0.000388
0.000377
0.000367
0.000355
0.000341
0.000328
0.000314
0.000299
0.000283
0.000266
0.000247
0.000227
0.000207
0.000186
0.000165
0.000143
0.000122
0.000102
0.000081
0.000063
0.000044
0.000027
0.000012
-0.000002
-0.000016
-0.000029
-0.000042
-0.000054
-0.000065
-0.000075
-0.000083
-0.000090
-0.000094
-0.000095
-0.000095
-0.000092
-0.000087
-0.000079
-0.000070
-0.000059
-0.000046
-0.000032
-0.000018
-0.000002
0.000013
0.000029
0.000045
0.000062
0.000081
0.000099
0.000119
0.000138
0.000158
0.000177
0.000195
0.000211
0.000225
0.000238
0.000247
0.000254
0.000259
0.000260
0.000258
0.000254
0.000248
0.000241
0.000231
0.000220
0.000206
0.000189
0.000172
0.000151
0.000129
0.000104
0.000077
0.000048
0.000018
-0.000012
-0.000043
-0.000073
-0.000103
-0.000131
-0.000157
-0.000183
-0.000207
-0.000228
-0.000248
-0.000264
-0.000277
-0.000287
-0.000296
-0.000302
-0.000304
-0.000304
-0.000299
-0.000292
-0.000281
-0.000266
-0.000246
-0.000225
-0.000199
-0.000171
-0.000142
-0.000110
-0.000078
-0.000046
-0.000013
0.000019
0.000051
0.000083
0.000112
0.000142
0.000170
0.000198
0.000227
0.000252
0.000275
0.000295
0.000311
0.000324
0.000333
0.000339
0.000339
0.000336
0.000328
0.000318
0.000307
0.000292
0.000274
0.000256
0.000235
0.000214
0.000190
0.000165
0.000141
0.000115
0.000088
0.000060
0.000033
0.000005
-0.000021
-0.000046
-0.000068
-0.000088
-0.000105
-0.000120
-0.000131
-0.000139
-0.000143
-0.000146
-0.000145
-0.000143
-0.000137
-0.000128
-0.000118
-0.000106
-0.000092
-0.000075
-0.000056
-0.000035
-0.000012
0.000013
0.000040
0.000066
0.000094
0.000123
0.000150
0.000178
0.000204
0.000229
0.000254
0.000276
0.000296
0.000315
0.000333
0.000349
0.000363
0.000377
0.000389
0.000401
0.000412
0.000419
0.000425
0.000429
0.000431
0.000431
0.000429
0.000427
0.000424
0.000420
0.000417
0.000414
0.000410
0.000407
0.000405
0.000402
0.000400
0.000399
0.000397
0.000396
0.000395
0.000393
0.000392
0.000392
0.000393
0.000393
0.000395
0.000397
0.000400
0.000404
0.000409
0.000414
0.000418
0.000422
0.000425
0.000427
0.000428
0.000428
0.000427
0.000424
0.000420
0.000416
0.000411
0.000406
0.000399
0.000392
0.000383
0.000374
0.000362
0.000349
0.000334
0.000319
0.000301
0.000283
0.000263
0.000244
0.000223
0.000203
0.000183
0.000164
0.000146
0.000127
0.000110
0.000093
0.000077
0.000061
0.000046
0.000031
0.000018
0.000006
-0.000006
-0.000016
-0.000025
-0.000034
-0.000040
-0.000045
-0.000047
-0.000048
-0.000048
-0.000047
-0.000047
-0.000046
-0.000044
-0.000042
-0.000040
-0.000039
-0.000039
-0.000038
-0.000037
-0.000034
-0.000033
-0.000030
-0.000027
-0.000024
-0.000022
-0.000018
-0.000016
-0.000014
-0.000013
-0.000013
-0.000014
-0.000016
-0.000017
-0.000018
-0.000019
-0.000019
-0.000018
-0.000018
-0.000016
-0.000014
-0.000010
-0.000008
-0.000004
0.000000
0.000003
0.000007
0.000012
0.000016
0.000021
0.000026
0.000031
0.000039
0.000046
0.000054
0.000062
0.000070
0.000079
0.000087
0.000094
0.000101
0.000106
0.000111
0.000115
0.000116
0.000117
0.000116
0.000115
0.000113
0.000112
0.000108
0.000104
0.000099
0.000092
0.000083
0.000073
0.000059
0.000044
0.000029
0.000011
-0.000008
-0.000029
-0.000049
-0.000068
-0.000089
-0.000109
-0.000129
-0.000149
-0.000170
-0.000190
-0.000210
-0.000230
-0.000251
-0.000271
-0.000291
-0.000310
-0.000327
-0.000343
-0.000356
-0.000368
-0.000378
-0.000385
-0.000390
-0.000393
-0.000395
-0.000394
-0.000392
-0.000387
-0.000382
-0.000375
-0.000367
-0.000357
-0.000344
-0.000331
-0.000316
-0.000298
-0.000280
-0.000260
-0.000238
-0.000216
-0.000193
-0.000170
-0.000148
-0.000126
-0.000105
-0.000085
-0.000067
-0.000051
-0.000036
-0.000022
-0.000010
0.000001
0.000011
0.000020
0.000027
0.000032
0.000036
0.000038
0.000038
0.000034
0.000027
0.000017
0.000006
-0.000007
-0.000023
-0.000041
-0.000058
-0.000077
-0.000095
-0.000114
-0.000133
-0.000151
-0.000171
-0.000190
-0.000208
-0.000228
-0.000246
-0.000262
-0.000278
-0.000291
-0.000302
-0.000309
-0.000313
-0.000314
-0.000310
-0.000304
-0.000296
-0.000284
-0.000269
-0.000251
-0.000231
-0.000208
-0.000183
-0.000156
-0.000127
-0.000092
-0.000057
-0.000019
0.000021
0.000062
0.000105
0.000149
0.000194
0.000238
0.000281
0.000323
0.000364
0.000402
0.000438
0.000473
0.000503
0.000531
0.000556
0.000578
0.000597
0.000613
0.000626
0.000636
0.000642
0.000644
0.000642
0.000635
0.000625
0.000611
0.000592
0.000569
0.000544
0.000515
0.000484
0.000452
0.000417
0.000380
0.000343
0.000306
0.000267
0.000228
0.000188
0.000148
0.000108
0.000067
0.000027
-0.000013
-0.000052
-0.000088
-0.000122
-0.000154
-0.000183
-0.000208
-0.000230
-0.000250
-0.000267
-0.000282
-0.000296
-0.000307
-0.000316
-0.000323
-0.000329
-0.000330
-0.000331
-0.000329
-0.000324
-0.000317
-0.000307
-0.000296
-0.000284
-0.000269
-0.000254
-0.000237
-0.000220
-0.000204
-0.000187
-0.000170
-0.000154
-0.000136
-0.000121
-0.000104
-0.000088
-0.000071
-0.000053
-0.000036
-0.000017
0.000000
0.000017
0.000033
0.000048
0.000062
0.000075
0.000086
0.000098
0.000107
0.000117
0.000126
0.000136
0.000146
0.000156
0.000164
0.000172
0.000181
0.000188
0.000196
0.000202
0.000207
0.000212
0.000214
0.000214
0.000214
0.000212
0.000209
0.000207
0.000203
0.000199
0.000193
0.000186
0.000178
0.000169
0.000158
0.000145
0.000130
0.000113
0.000095
0.000073
0.000050
0.000025
-0.000000
-0.000026
-0.000052
-0.000078
-0.000105
-0.000132
-0.000161
-0.000190
-0.000219
-0.000248
-0.000277
-0.000308
-0.000339
-0.000368
-0.000397
-0.000424
-0.000448
-0.000470
-0.000491
-0.000508
-0.000523
-0.000536
-0.000546
-0.000554
-0.000561
-0.000565
-0.000567
-0.000567
-0.000564
-0.000559
-0.000550
-0.000538
-0.000524
-0.000506
-0.000485
-0.000462
-0.000436
-0.000408
-0.000377
-0.000346
-0.000313
-0.000281
-0.000248
-0.000213
-0.000180
-0.000146
-0.000112
-0.000078
-0.000045
-0.000010
0.000023
0.000056
0.000088
0.000119
0.000149
0.000177
0.000203
0.000225
0.000245
0.000263
0.000279
0.000293
0.000304
0.000315
0.000323
0.000332
0.000339
0.000343
0.000347
0.000349
0.000349
0.000347
0.000343
0.000337
0.000332
0.000324
0.000314
0.000303
0.000294
0.000283
0.000273
0.000261
0.000250
0.000239
0.000227
0.000216
0.000205
0.000191
0.000178
0.000162
0.000148
0.000134
0.000119
0.000105
0.000091
0.000077
0.000064
0.000052
0.000040
0.000027
0.000015
0.000003
-0.000009
-0.000021
-0.000034
-0.000049
-0.000062
-0.000076
-0.000089
-0.000103
-0.000116
-0.000128
-0.000139
-0.000151
-0.000162
-0.000171
-0.000182
-0.000192
-0.000202
-0.000213
-0.000223
-0.000233
-0.000242
-0.000251
-0.000260
-0.000267
-0.000274
-0.000278
-0.000281
-0.000283
-0.000282
-0.000282
-0.000279
-0.000277
-0.000274
-0.000270
-0.000267
-0.000263
-0.000259
-0.000254
-0.000249
-0.000244
-0.000236
-0.000227
-0.000219
-0.000209
-0.000201
-0.000192
-0.000185
-0.000177
-0.000170
-0.000166
-0.000164
-0.000161
-0.000161
-0.000162
-0.000163
-0.000165
-0.000167
-0.000170
-0.000174
-0.000179
-0.000185
-0.000191
-0.000198
-0.000206
-0.000215
-0.000225
-0.000237
-0.000250
-0.000264
-0.000277
-0.000291
-0.000304
-0.000317
-0.000328
-0.000338
-0.000347
-0.000356
-0.000364
-0.000370
-0.000377
-0.000383
-0.000389
-0.000395
-0.000399
-0.000402
-0.000406
-0.000406
-0.000405
-0.000402
-0.000397
-0.000391
-0.000384
-0.000376
-0.000367
-0.000359
-0.000349
-0.000341
-0.000333
-0.000325
-0.000318
-0.000311
-0.000304
-0.000296
-0.000289
-0.000283
-0.000277
-0.000270
-0.000265
-0.000261
-0.000258
-0.000257
-0.000256
-0.000257
-0.000260
-0.000265
-0.000271
-0.000278
-0.000286
-0.000295
-0.000302
-0.000312
-0.000318
-0.000326
-0.000336
-0.000345
-0.000354
-0.000363
-0.000372
-0.000382
-0.000392
-0.000400
-0.000409
-0.000416
-0.000424
-0.000429
-0.000433
-0.000435
-0.000436
-0.000435
-0.000431
-0.000424
-0.000418
-0.000409
-0.000400
-0.000390
-0.000378
-0.000366
-0.000352
-0.000337
-0.000319
-0.000301
-0.000282
-0.000260
-0.000237
-0.000213
-0.000188
-0.000163
-0.000138
-0.000113
-0.000089
-0.000066
-0.000044
-0.000022
-0.000001
0.000019
0.000039
0.000059
0.000077
0.000094
0.000110
0.000126
0.000139
0.000152
0.000160
0.000167
0.000171
0.000172
0.000169
0.000165
0.000158
0.000150
0.000138
0.000127
0.000114
0.000099
0.000081
0.000063
0.000043
0.000021
-0.000002
-0.000026
-0.000054
-0.000082
-0.000112
-0.000142
-0.000173
-0.000202
-0.000231
-0.000259
-0.000286
-0.000311
-0.000335
-0.000358
-0.000378
-0.000397
-0.000415
-0.000432
-0.000447
-0.000461
-0.000473
-0.000482
-0.000489
-0.000491
-0.000492
-0.000487
-0.000481
-0.000472
-0.000460
-0.000445
-0.000428
-0.000409
-0.000388
-0.000366
-0.000343
-0.000319
-0.000294
-0.000268
-0.000240
-0.000211
-0.000182
-0.000153
-0.000122
-0.000092
-0.000061
-0.000031
-0.000002
0.000024
0.000049
0.000072
0.000092
0.000111
0.000127
0.000141
0.000153
0.000165
0.000174
0.000183
0.000191
0.000196
0.000201
0.000203
0.000204
0.000203
0.000200
0.000195
0.000189
0.000183
0.000176
0.000169
0.000162
0.000156
0.000152
0.000148
0.000146
0.000144
0.000145
0.000146
0.000147
0.000148
0.000152
0.000156
0.000159
0.000165
0.000170
0.000176
0.000184
0.000195
0.000205
0.000217
0.000230
0.000243
0.000256
0.000269
0.000280
0.000289
0.000297
0.000305
0.000310
0.000312
0.000313
0.000311
0.000307
0.000301
0.000295
0.000287
0.000274
0.000261
0.000245
0.000228
0.000207
0.000184
0.000158
0.000129
0.000097
0.000064
0.000029
-0.000007
-0.000043
-0.000079
-0.000115
-0.000151
-0.000186
-0.000220
-0.000253
-0.000284
-0.000314
-0.000342
-0.000369
-0.000395
-0.000418
-0.000438
-0.000456
-0.000470
-0.000482
-0.000487
-0.000489
-0.000486
-0.000479
-0.000469
-0.000456
-0.000438
-0.000419
-0.000397
-0.000373
-0.000348
-0.000320
-0.000290
-0.000259
-0.000226
-0.000191
-0.000156
-0.000119
-0.000083
-0.000046
-0.000010
0.000025
0.000058
0.000088
0.000118
0.000144
0.000167
0.000189
0.000208
0.000224
0.000238
0.000250
0.000260
0.000265
0.000270
0.000271
0.000271
0.000267
0.000260
0.000249
0.000236
0.000219
0.000201
0.000181
0.000159
0.000138
0.000115
0.000093
0.000071
0.000048
0.000027
0.000007
-0.000013
-0.000031
-0.000048
-0.000065
-0.000081
-0.000096
-0.000110
-0.000122
-0.000132
-0.000140
-0.000145
-0.000148
-0.000149
-0.000147
-0.000143
-0.000138
-0.000131
-0.000123
-0.000115
-0.000106
-0.000097
-0.000086
-0.000077
-0.000067
-0.000058
-0.000047
-0.000036
-0.000026
-0.000015
-0.000005
0.000005
0.000014
0.000021
0.000028
0.000031
0.000034
0.000036
0.000035
0.000033
0.000030
0.000026
0.000022
0.000018
0.000013
0.000007
0.000002
-0.000005
-0.000013
-0.000019
-0.000026
-0.000034
-0.000043
-0.000051
-0.000059
-0.000067
-0.000074
-0.000080
-0.000083
-0.000084
-0.000085
-0.000083
-0.000077
-0.000071
-0.000064
-0.000055
-0.000046
-0.000035
-0.000025
-0.000014
-0.000001
0.000012
0.000027
0.000044
0.000062
0.000082
0.000104
0.000128
0.000153
0.000178
0.000203
0.000228
0.000252
0.000276
0.000298
0.000321
0.000342
0.000362
0.000380
0.000398
0.000417
0.000434
0.000451
0.000468
0.000483
0.000496
0.000508
0.000516
0.000524
0.000529
0.000532
0.000532
0.000530
0.000528
0.000523
0.000518
0.000511
0.000504
0.000495
0.000486
0.000473
0.000461
0.000446
0.000430
0.000412
0.000392
0.000371
0.000348
0.000324
0.000299
0.000274
0.000247
0.000220
0.000193
0.000165
0.000138
0.000110
0.000082
0.000054
0.000024
-0.000007
-0.000038
-0.000069
-0.000101
-0.000132
-0.000163
-0.000193
-0.000221
-0.000249
-0.000274
-0.000299
-0.000323
-0.000345
-0.000365
-0.000385
-0.000403
-0.000420
-0.000435
-0.000449
-0.000461
-0.000470
-0.000476
-0.000480
-0.000481
-0.000480
-0.000475
-0.000467
-0.000457
-0.000447
-0.000433
-0.000417
-0.000400
-0.000381
-0.000361
-0.000339
-0.000315
-0.000290
-0.000263
-0.000235
-0.000205
-0.000173
-0.000141
-0.000108
-0.000074
-0.000040
-0.000006
0.000027
0.000059
0.000089
0.000117
0.000146
0.000173
0.000198
0.000222
0.000245
0.000267
0.000287
0.000305
0.000322
0.000337
0.000351
0.000360
0.000368
0.000374
0.000378
0.000378
0.000377
0.000374
0.000369
0.000363
0.000357
0.000348
0.000339
0.000330
0.000320
0.000309
0.000298
0.000285
0.000271
0.000256
0.000242
0.000226
0.000210
0.000195
0.000181
0.000167
0.000155
0.000146
0.000138
0.000130
0.000124
0.000121
0.000117
0.000114
0.000111
0.000108
0.000107
0.000105
0.000103
0.000104
0.000105
0.000106
0.000109
0.000112
0.000116
0.000121
0.000125
0.000130
0.000134
0.000136
0.000138
0.000138
0.000136
0.000134
0.000130
0.000126
0.000123
0.000118
0.000112
0.000107
0.000100
0.000093
0.000085
0.000076
0.000066
0.000055
0.000043
0.000031
0.000017
0.000004
-0.000010
-0.000022
-0.000034
-0.000042
-0.000051
-0.000057
-0.000063
-0.000066
-0.000067
-0.000068
-0.000067
-0.000063
-0.000057
-0.000049
-0.000040
-0.000028
-0.000014
0.000003
0.000024
0.000047
0.000073
0.000102
0.000133
0.000167
0.000202
0.000238
0.000275
0.000313
0.000350
0.000387
0.000424
0.000462
0.000498
0.000534
0.000570
0.000604
0.000636
0.000668
0.000698
0.000726
0.000749
0.000769
0.000784
0.000794
0.000799
0.000799
0.000794
0.000786
0.000772
0.000756
0.000735
0.000711
0.000682
0.000649
0.000612
0.000573
0.000529
0.000483
0.000433
0.000380
0.000325
0.000266
0.000207
0.000147
0.000087
0.000028
-0.000029
-0.000086
-0.000141
-0.000192
-0.000241
-0.000287
-0.000330
-0.000369
-0.000405
-0.000437
-0.000464
-0.000487
-0.000507
-0.000522
-0.000532
-0.000535
-0.000534
-0.000528
-0.000514
-0.000497
-0.000475
-0.000451
-0.000421
-0.000387
-0.000351
-0.000313
-0.000273
-0.000231
-0.000189
-0.000146
-0.000102
-0.000056
-0.000010
0.000034
0.000076
0.000119
0.000158
0.000195
0.000230
0.000261
0.000287
0.000309
0.000326
0.000339
0.000348
0.000354
0.000357
0.000355
0.000351
0.000343
0.000331
0.000317
0.000298
0.000277
0.000252
0.000225
0.000197
0.000165
0.000131
0.000097
0.000061
0.000027
-0.000006
-0.000036
-0.000065
-0.000094
-0.000120
-0.000143
-0.000164
-0.000183
-0.000199
-0.000215
-0.000227
-0.000238
-0.000247
-0.000253
-0.000257
-0.000258
-0.000257
-0.000253
-0.000246
-0.000236
-0.000226
-0.000213
-0.000200
-0.000186
-0.000172
-0.000157
-0.000143
-0.000130
-0.000118
-0.000107
-0.000097
-0.000087
-0.000077
-0.000068
-0.000060
-0.000053
-0.000045
-0.000039
-0.000035
-0.000031
-0.000030
-0.000031
-0.000033
-0.000037
-0.000041
-0.000047
-0.000054
-0.000060
-0.000066
-0.000072
-0.000078
-0.000082
-0.000085
-0.000088
-0.000091
-0.000093
-0.000096
-0.000099
-0.000101
-0.000102
-0.000103
-0.000103
-0.000102
-0.000101
-0.000100
-0.000097
-0.000094
-0.000091
-0.000087
-0.000084
-0.000080
-0.000076
-0.000075
-0.000074
-0.000076
-0.000078
-0.000082
-0.000087
-0.000093
-0.000099
-0.000105
-0.000110
-0.000117
-0.000124
-0.000130
-0.000139
-0.000148
-0.000158
-0.000169
-0.000180
-0.000190
-0.000200
-0.000210
-0.000219
-0.000227
-0.000233
-0.000236
-0.000237
-0.000236
-0.000231
-0.000225
-0.000217
-0.000208
-0.000196
-0.000182
-0.000167
-0.000151
-0.000134
-0.000114
-0.000093
-0.000071
-0.000046
-0.000020
0.000007
0.000035
0.000063
0.000092
0.000119
0.000144
0.000168
0.000190
0.000210
0.000228
0.000244
0.000256
0.000266
0.000275
0.000281
0.000285
0.000286
0.000286
0.000281
0.000274
0.000263
0.000250
0.000233
0.000213
0.000191
0.000166
0.000139
0.000111
0.000083
0.000054
0.000026
-0.000000
-0.000026
-0.000051
-0.000074
-0.000097
-0.000117
-0.000137
-0.000154
-0.000168
-0.000182
-0.000193
-0.000201
-0.000205
-0.000206
-0.000203
-0.000199
-0.000190
-0.000177
-0.000161
-0.000143
-0.000123
-0.000102
-0.000079
-0.000056
-0.000032
-0.000008
0.000015
0.000038
0.000061
0.000084
0.000105
0.000126
0.000143
0.000160
0.000174
0.000186
0.000195
0.000200
0.000202
0.000201
0.000195
0.000187
0.000174
0.000159
0.000141
0.000120
0.000097
0.000072
0.000046
0.000019
-0.000009
-0.000038
-0.000067
-0.000098
-0.000129
-0.000160
-0.000191
-0.000221
-0.000249
-0.000275
-0.000301
-0.000324
-0.000344
-0.000361
-0.000374
-0.000383
-0.000390
-0.000394
-0.000396
-0.000396
-0.000393
-0.000388
-0.000380
-0.000369
-0.000356
-0.000340
-0.000321
-0.000299
-0.000277
-0.000251
-0.000222
-0.000192
-0.000161
-0.000128
-0.000097
-0.000066
-0.000035
-0.000004
0.000026
0.000055
0.000085
0.000115
0.000144
0.000174
0.000202
0.000232
0.000261
0.000290
0.000319
0.000346
0.000372
0.000397
0.000419
0.000440
0.000459
0.000477
0.000493
0.000510
0.000526
0.000542
0.000558
0.000574
0.000588
0.000601
0.000615
0.000626
0.000637
0.000646
0.000652
0.000655
0.000656
0.000655
0.000652
0.000650
0.000645
0.000640
0.000631
0.000623
0.000612
0.000601
0.000587
0.000572
0.000553
0.000531
0.000507
0.000480
0.000452
0.000422
0.000390
0.000358
0.000325
0.000292
0.000260
0.000228
0.000196
0.000163
0.000130
0.000098
0.000066
0.000035
0.000002
-0.000029
-0.000058
-0.000085
-0.000111
-0.000133
-0.000152
-0.000167
-0.000180
-0.000189
-0.000192
-0.000194
-0.000193
-0.000189
-0.000183
-0.000175
-0.000162
-0.000147
-0.000131
-0.000110
-0.000087
-0.000061
-0.000031
0.000001
0.000036
0.000074
0.000113
0.000153
0.000194
0.000237
0.000279
0.000321
0.000361
0.000402
0.000442
0.000482
0.000519
0.000558
0.000595
0.000631
0.000666
0.000701
0.000731
0.000759
0.000783
0.000805
0.000824
0.000838
0.000850
0.000859
0.000864
0.000865
0.000864
0.000861
0.000856
0.000849
0.000840
0.000828
0.000813
0.000795
0.000774
0.000752
0.000726
0.000698
0.000668
0.000635
0.000602
0.000567
0.000532
0.000497
0.000462
0.000427
0.000394
0.000360
0.000328
0.000297
0.000265
0.000234
0.000204
0.000175
0.000147
0.000122
0.000100
0.000079
0.000062
0.000048
0.000036
0.000029
0.000024
0.000023
0.000024
0.000027
0.000031
0.000038
0.000046
0.000057
0.000070
0.000083
0.000098
0.000115
0.000135
0.000155
0.000178
0.000200
0.000223
0.000248
0.000270
0.000291
0.000312
0.000331
0.000346
0.000361
0.000371
0.000380
0.000387
0.000391
0.000393
0.000392
0.000390
0.000385
0.000378
0.000368
0.000355
0.000339
0.000321
0.000299
0.000275
0.000248
0.000219
0.000188
0.000157
0.000125
0.000092
0.000060
0.000028
-0.000003
-0.000033
-0.000064
-0.000093
-0.000122
-0.000149
-0.000176
-0.000200
-0.000222
-0.000243
-0.000262
-0.000276
-0.000287
-0.000295
-0.000299
-0.000301
-0.000300
-0.000295
-0.000287
-0.000277
-0.000266
-0.000251
-0.000235
-0.000218
-0.000200
-0.000181
-0.000160
-0.000137
-0.000113
-0.000088
-0.000062
-0.000035
-0.000008
0.000019
0.000044
0.000069
0.000092
0.000113
0.000134
0.000151
0.000167
0.000181
0.000192
0.000204
0.000214
0.000224
0.000232
0.000240
0.000247
0.000253
0.000258
0.000262
0.000266
0.000267
0.000267
0.000266
0.000265
0.000264
0.000262
0.000263
0.000264
0.000267
0.000271
0.000277
0.000283
0.000288
0.000295
0.000301
0.000307
0.000314
0.000320
0.000326
0.000332
0.000338
0.000344
0.000350
0.000357
0.000365
0.000372
0.000380
0.000385
0.000390
0.000393
0.000393
0.000391
0.000386
0.000379
0.000369
0.000357
0.000342
0.000327
0.000309
0.000288
0.000266
0.000243
0.000217
0.000189
0.000158
0.000124
0.000088
0.000049
0.000008
-0.000034
-0.000078
-0.000122
-0.000166
-0.000211
-0.000255
-0.000298
-0.000340
-0.000381
-0.000420
-0.000458
-0.000495
-0.000531
-0.000564
-0.000596
-0.000626
-0.000654
-0.000678
-0.000698
-0.000716
-0.000729
-0.000738
-0.000743
-0.000744
-0.000740
-0.000735
-0.000724
-0.000711
-0.000696
-0.000678
-0.000658
-0.000637
-0.000613
-0.000587
-0.000560
-0.000528
-0.000495
-0.000461
-0.000425
-0.000388
-0.000351
-0.000313
-0.000276
-0.000239
-0.000204
-0.000171
-0.000139
-0.000111
-0.000083
-0.000057
-0.000034
-0.000011
0.000009
0.000028
0.000045
0.000061
0.000073
0.000082
0.000090
0.000094
0.000096
0.000093
0.000088
0.000080
0.000071
0.000060
0.000047
0.000034
0.000019
0.000005
-0.000012
-0.000029
-0.000048
-0.000066
-0.000087
-0.000108
-0.000131
-0.000155
-0.000180
-0.000206
-0.000232
-0.000257
-0.000281
-0.000304
-0.000325
-0.000344
-0.000362
-0.000376
-0.000390
-0.000403
-0.000414
-0.000424
-0.000434
-0.000441
-0.000448
-0.000453
-0.000456
-0.000457
-0.000457
-0.000454
-0.000448
-0.000441
-0.000430
-0.000418
-0.000404
-0.000390
-0.000374
-0.000357
-0.000339
-0.000323
-0.000306
-0.000288
-0.000272
-0.000255
-0.000236
-0.000218
-0.000198
-0.000180
-0.000162
-0.000146
-0.000131
-0.000117
-0.000106
-0.000097
-0.000089
-0.000085
-0.000084
-0.000085
-0.000087
-0.000091
-0.000097
-0.000105
-0.000115
-0.000125
-0.000138
-0.000152
-0.000169
-0.000188
-0.000209
-0.000232
-0.000257
-0.000283
-0.000311
-0.000339
-0.000367
-0.000396
-0.000424
-0.000450
-0.000474
-0.000497
-0.000519
-0.000540
-0.000559
-0.000576
-0.000592
-0.000607
-0.000619
-0.000629
-0.000638
-0.000643
-0.000645
-0.000644
-0.000638
-0.000629
-0.000617
-0.000602
-0.000584
-0.000564
-0.000542
-0.000519
-0.000495
-0.000470
-0.000444
-0.000418
-0.000392
-0.000366
-0.000338
-0.000310
-0.000281
-0.000252
-0.000224
-0.000195
-0.000169
-0.000143
-0.000120
-0.000099
-0.000080
-0.000066
-0.000054
-0.000046
-0.000040
-0.000036
-0.000035
-0.000036
-0.000039
-0.000044
-0.000050
-0.000060
-0.000071
-0.000084
-0.000100
-0.000118
-0.000137
-0.000159
-0.000183
-0.000208
-0.000233
-0.000259
-0.000284
-0.000308
-0.000331
-0.000353
-0.000373
-0.000390
-0.000406
-0.000420
-0.000434
-0.000446
-0.000458
-0.000467
-0.000476
-0.000485
-0.000490
-0.000493
-0.000493
-0.000491
-0.000486
-0.000479
-0.000470
-0.000459
-0.000448
-0.000435
-0.000422
-0.000409
-0.000395
-0.000382
-0.000369
-0.000356
-0.000342
-0.000329
-0.000314
-0.000299
-0.000285
-0.000270
-0.000256
-0.000243
-0.000230
-0.000217
-0.000207
-0.000198
-0.000191
-0.000186
-0.000182
-0.000179
-0.000176
-0.000174
-0.000171
-0.000168
-0.000167
-0.000164
-0.000160
-0.000156
-0.000154
-0.000151
-0.000149
-0.000147
-0.000146
-0.000144
-0.000144
-0.000142
-0.000139
-0.000136
-0.000131
-0.000125
-0.000117
-0.000108
-0.000099
-0.000088
-0.000077
-0.000067
-0.000055
-0.000045
-0.000035
-0.000024
-0.000012
-0.000001
0.000012
0.000025
0.000038
0.000052
0.000067
0.000083
0.000099
0.000114
0.000128
0.000141
0.000153
0.000165
0.000176
0.000185
0.000195
0.000203
0.000211
0.000218
0.000225
0.000232
0.000240
0.000245
0.000251
0.000257
0.000260
0.000262
0.000264
0.000263
0.000261
0.000257
0.000253
0.000248
0.000242
0.000236
0.000230
0.000223
0.000217
0.000209
0.000202
0.000193
0.000185
0.000175
0.000163
0.000151
0.000137
0.000123
0.000109
0.000096
0.000082
0.000069
0.000056
0.000044
0.000033
0.000023
0.000014
0.000006
-0.000003
-0.000012
-0.000022
-0.000030
-0.000039
-0.000047
-0.000054
-0.000059
-0.000061
-0.000061
-0.000059
-0.000055
-0.000049
-0.000042
-0.000034
-0.000024
-0.000013
-0.000001
0.000012
0.000024
0.000038
0.000053
0.000069
0.000085
0.000103
0.000122
0.000141
0.000162
0.000183
0.000206
0.000229
0.000250
0.000271
0.000291
0.000310
0.000329
0.000347
0.000363
0.000381
0.000398
0.000414
0.000430
0.000447
0.000463
0.000478
0.000492
0.000503
0.000514
0.000522
0.000529
0.000533
0.000536
0.000538
0.000537
0.000535
0.000533
0.000529
0.000526
0.000521
0.000515
0.000508
0.000500
0.000491
0.000480
0.000468
0.000454
0.000437
0.000419
0.000399
0.000378
0.000358
0.000336
0.000315
0.000293
0.000270
0.000248
0.000225
0.000202
0.000179
0.000157
0.000134
0.000112
0.000089
0.000065
0.000043
0.000022
0.000003
-0.000016
-0.000032
-0.000047
-0.000058
-0.000069
-0.000077
-0.000083
-0.000086
-0.000087
-0.000086
-0.000084
-0.000079
-0.000071
-0.000060
-0.000045
-0.000028
-0.000008
0.000016
0.000042
0.000071
0.000103
0.000136
0.000171
0.000208
0.000243
0.000279
0.000316
0.000352
0.000389
0.000426
0.000462
0.000498
0.000532
0.000565
0.000596
0.000627
0.000654
0.000678
0.000698
0.000716
0.000730
0.000741
0.000747
0.000749
0.000747
0.000742
0.000734
0.000723
0.000709
0.000693
0.000674
0.000652
0.000628
0.000601
0.000573
0.000542
0.000509
0.000475
0.000437
0.000400
0.000362
0.000324
0.000286
0.000250
0.000215
0.000182
0.000152
0.000124
0.000099
0.000078
0.000058
0.000041
0.000027
0.000015
0.000006
0.000000
-0.000002
-0.000000
0.000004
0.000012
0.000024
0.000038
0.000056
0.000076
0.000097
0.000120
0.000144
0.000169
0.000194
0.000219
0.000245
0.000270
0.000295
0.000318
0.000341
0.000364
0.000385
0.000406
0.000425
0.000443
0.000457
0.000470
0.000479
0.000486
0.000490
0.000492
0.000490
0.000487
0.000482
0.000474
0.000466
0.000455
0.000444
0.000431
0.000419
0.000405
0.000390
0.000374
0.000358
0.000340
0.000321
0.000303
0.000284
0.000266
0.000248
0.000232
0.000218
0.000206
0.000196
0.000187
0.000180
0.000174
0.000168
0.000162
0.000156
0.000152
0.000147
0.000143
0.000140
0.000136
0.000133
0.000131
0.000128
0.000127
0.000126
0.000126
0.000125
0.000124
0.000121
0.000118
0.000113
0.000107
0.000098
0.000089
0.000080
0.000068
0.000056
0.000044
0.000030
0.000018
0.000005
-0.000006
-0.000019
-0.000032
-0.000045
-0.000057
-0.000070
-0.000083
-0.000095
-0.000108
-0.000119
-0.000128
-0.000136
-0.000144
-0.000148
-0.000150
-0.000149
-0.000147
-0.000142
-0.000135
-0.000127
-0.000118
-0.000107
-0.000096
-0.000084
-0.000070
-0.000056
-0.000040
-0.000023
-0.000005
0.000014
0.000034
0.000054
0.000076
0.000096
0.000115
0.000133
0.000148
0.000162
0.000174
0.000184
0.000191
0.000197
0.000201
0.000202
0.000203
0.000201
0.000198
0.000193
0.000186
0.000176
0.000164
0.000149
0.000131
0.000111
0.000089
0.000065
0.000039
0.000013
-0.000015
-0.000043
-0.000071
-0.000100
-0.000128
-0.000156
-0.000182
-0.000208
-0.000234
-0.000259
-0.000284
-0.000308
-0.000333
-0.000355
-0.000376
-0.000395
-0.000411
-0.000425
-0.000437
-0.000444
-0.000449
-0.000450
-0.000448
-0.000445
-0.000439
-0.000433
-0.000423
-0.000412
-0.000400
-0.000386
-0.000372
-0.000355
-0.000336
-0.000315
-0.000291
-0.000265
-0.000238
-0.000210
-0.000181
-0.000152
-0.000122
-0.000092
-0.000063
-0.000034
-0.000006
0.000020
0.000046
0.000070
0.000095
0.000119
0.000141
0.000164
0.000185
0.000205
0.000225
0.000242
0.000255
0.000266
0.000273
0.000277
0.000278
0.000277
0.000274
0.000268
0.000261
0.000251
0.000239
0.000224
0.000207
0.000189
0.000169
0.000148
0.000124
0.000099
0.000070
0.000040
0.000009
-0.000024
-0.000055
-0.000087
-0.000119
-0.000150
-0.000179
-0.000206
-0.000232
-0.000255
-0.000277
-0.000297
-0.000316
-0.000333
-0.000348
-0.000360
-0.000370
-0.000377
-0.000381
-0.000380
-0.000378
-0.000372
-0.000361
-0.000347
-0.000328
-0.000307
-0.000284
-0.000258
-0.000231
-0.000203
-0.000173
-0.000142
-0.000111
-0.000077
-0.000045
-0.000011
0.000023
0.000059
0.000093
0.000127
0.000159
0.000189
0.000217
0.000243
0.000266
0.000287
0.000302
0.000315
0.000324
0.000329
0.000331
0.000331
0.000327
0.000319
0.000310
0.000297
0.000280
0.000262
0.000241
0.000216
0.000188
0.000158
0.000124
0.000087
0.000051
0.000013
-0.000024
-0.000061
-0.000096
-0.000130
-0.000163
-0.000194
-0.000224
-0.000251
-0.000278
-0.000303
-0.000326
-0.000347
-0.000366
-0.000382
-0.000397
-0.000406
-0.000413
-0.000417
-0.000416
-0.000412
-0.000404
-0.000392
-0.000378
-0.000361
-0.000340
-0.000318
-0.000295
-0.000271
-0.000246
-0.000219
-0.000191
-0.000164
-0.000134
-0.000103
-0.000070
-0.000038
-0.000004
0.000031
0.000065
0.000098
0.000131
0.000161
0.000190
0.000218
0.000243
0.000267
0.000290
0.000311
0.000331
0.000351
0.000368
0.000384
0.000399
0.000412
0.000423
0.000431
0.000437
0.000440
0.000442
0.000440
0.000437
0.000432
0.000425
0.000417
0.000408
0.000398
0.000386
0.000373
0.000358
0.000342
0.000325
0.000307
0.000287
0.000265
0.000243
0.000220
0.000195
0.000170
0.000144
0.000119
0.000094
0.000071
0.000049
0.000027
0.000006
-0.000014
-0.000032
-0.000050
-0.000066
-0.000082
-0.000099
-0.000114
-0.000126
-0.000137
-0.000147
-0.000153
-0.000156
-0.000158
-0.000157
-0.000153
-0.000146
-0.000138
-0.000127
-0.000116
-0.000103
-0.000090
-0.000074
-0.000058
-0.000042
-0.000024
-0.000005
0.000014
0.000034
0.000055
0.000078
0.000101
0.000123
0.000144
0.000165
0.000184
0.000202
0.000217
0.000231
0.000244
0.000254
0.000264
0.000273
0.000278
0.000284
0.000287
0.000290
0.000289
0.000289
0.000285
0.000281
0.000275
0.000267
0.000256
0.000244
0.000230
0.000215
0.000201
0.000185
0.000170
0.000154
0.000139
0.000124
0.000109
0.000093
0.000077
0.000062
0.000046
0.000031
0.000015
-0.000001
-0.000015
-0.000030
-0.000043
-0.000056
-0.000066
-0.000077
-0.000085
-0.000092
-0.000097
-0.000102
-0.000106
-0.000110
-0.000113
-0.000115
-0.000118
-0.000120
-0.000122
-0.000122
-0.000122
-0.000121
-0.000118
-0.000113
-0.000107
-0.000100
-0.000092
-0.000084
-0.000074
-0.000066
-0.000056
-0.000046
-0.000036
-0.000026
-0.000015
-0.000003
0.000011
0.000026
0.000042
0.000060
0.000079
0.000098
0.000118
0.000138
0.000159
0.000180
0.000199
0.000217
0.000235
0.000253
0.000269
0.000287
0.000304
0.000320
0.000337
0.000353
0.000369
0.000383
0.000396
0.000406
0.000415
0.000420
0.000423
0.000423
0.000422
0.000418
0.000414
0.000405
0.000396
0.000385
0.000373
0.000359
0.000345
0.000330
0.000313
0.000294
0.000272
0.000248
0.000222
0.000195
0.000166
0.000136
0.000106
0.000076
0.000045
0.000014
-0.000014
-0.000044
-0.000073
-0.000102
-0.000130
-0.000160
-0.000189
-0.000218
-0.000247
-0.000275
-0.000302
-0.000328
-0.000352
-0.000375
-0.000396
-0.000415
-0.000431
-0.000445
-0.000457
-0.000466
-0.000475
-0.000481
-0.000487
-0.000491
-0.000494
-0.000495
-0.000493
-0.000489
-0.000483
-0.000475
-0.000465
-0.000452
-0.000436
-0.000419
-0.000399
-0.000378
-0.000355
-0.000330
-0.000305
-0.000279
-0.000252
-0.000227
-0.000199
-0.000171
-0.000143
-0.000114
-0.000083
-0.000053
-0.000022
0.000010
0.000040
0.000069
0.000098
0.000124
0.000148
0.000170
0.000189
0.000205
0.000220
0.000233
0.000244
0.000254
0.000262
0.000267
0.000271
0.000272
0.000271
0.000268
0.000263
0.000255
0.000244
0.000229
0.000214
0.000195
0.000175
0.000154
0.000131
0.000109
0.000086
0.000065
0.000044
0.000022
-0.000000
-0.000023
-0.000045
-0.000067
-0.000088
-0.000111
-0.000131
-0.000150
-0.000167
-0.000183
-0.000197
-0.000207
-0.000215
-0.000220
-0.000223
-0.000224
-0.000222
-0.000219
-0.000215
-0.000210
-0.000205
-0.000197
-0.000188
-0.000179
-0.000168
-0.000156
-0.000143
-0.000129
-0.000113
-0.000098
-0.000080
-0.000064
-0.000047
-0.000030
-0.000014
0.000003
0.000018
0.000031
0.000044
0.000056
0.000066
0.000077
0.000087
0.000097
0.000106
0.000116
0.000125
0.000133
0.000141
0.000147
0.000152
0.000155
0.000157
0.000157
0.000157
0.000156
0.000153
0.000152
0.000149
0.000147
0.000147
0.000147
0.000145
0.000144
0.000143
0.000142
0.000140
0.000137
0.000132
0.000128
0.000124
0.000121
0.000117
0.000113
0.000112
0.000112
0.000112
0.000115
0.000119
0.000122
0.000125
0.000130
0.000134
0.000139
0.000143
0.000147
0.000150
0.000155
0.000160
0.000166
0.000172
0.000180
0.000190
0.000200
0.000211
0.000222
0.000233
0.000244
0.000255
0.000264
0.000272
0.000280
0.000287
0.000294
0.000301
0.000307
0.000313
0.000320
0.000326
0.000331
0.000336
0.000340
0.000342
0.000342
0.000341
0.000338
0.000332
0.000325
0.000317
0.000306
0.000295
0.000281
0.000267
0.000252
0.000237
0.000220
0.000203
0.000183
0.000164
0.000143
0.000119
0.000095
0.000070
0.000045
0.000021
-0.000004
-0.000028
-0.000051
-0.000073
-0.000093
-0.000111
-0.000127
-0.000143
-0.000158
-0.000171
-0.000183
-0.000194
-0.000204
-0.000214
-0.000220
-0.000225
-0.000228
-0.000229
-0.000227
-0.000222
-0.000215
-0.000206
-0.000196
-0.000184
-0.000170
-0.000156
-0.000143
-0.000129
-0.000115
-0.000101
-0.000086
-0.000071
-0.000056
-0.000038
-0.000021
-0.000004
0.000015
0.000032
0.000049
0.000066
0.000081
0.000096
0.000107
0.000117
0.000126
0.000134
0.000140
0.000145
0.000149
0.000153
0.000157
0.000160
0.000162
0.000162
0.000163
0.000162
0.000159
0.000156
0.000151
0.000145
0.000139
0.000130
0.000121
0.000112
0.000103
0.000095
0.000088
0.000081
0.000073
0.000066
0.000059
0.000051
0.000043
0.000034
0.000025
0.000017
0.000009
-0.000000
-0.000009
-0.000016
-0.000024
-0.000029
-0.000034
-0.000040
-0.000043
-0.000047
-0.000050
-0.000051
-0.000053
-0.000055
-0.000056
-0.000057
-0.000058
-0.000058
-0.000058
-0.000056
-0.000052
-0.000046
-0.000039
-0.000032
-0.000023
-0.000013
-0.000003
0.000009
0.000020
0.000031
0.000043
0.000056
0.000070
0.000083
0.000097
0.000112
0.000128
0.000146
0.000165
0.000185
0.000205
0.000225
0.000245
0.000265
0.000284
0.000301
0.000317
0.000332
0.000345
0.000360
0.000372
0.000383
0.000395
0.000406
0.000416
0.000426
0.000433
0.000439
0.000444
0.000446
0.000446
0.000444
0.000440
0.000433
0.000426
0.000418
0.000409
0.000399
0.000390
0.000380
0.000369
0.000360
0.000349
0.000340
0.000331
0.000320
0.000309
0.000299
0.000287
0.000278
0.000269
0.000262
0.000256
0.000252
0.000250
0.000251
0.000253
0.000257
0.000262
0.000269
0.000277
0.000286
0.000297
0.000308
0.000319
0.000332
0.000345
0.000358
0.000373
0.000389
0.000404
0.000421
0.000437
0.000453
0.000468
0.000481
0.000495
0.000504
0.000512
0.000516
0.000520
0.000520
0.000518
0.000514
0.000508
0.000500
0.000490
0.000479
0.000465
0.000450
0.000433
0.000412
0.000390
0.000364
0.000335
0.000302
0.000269
0.000236
0.000201
0.000166
0.000133
0.000099
0.000065
0.000034
0.000003
-0.000028
-0.000056
-0.000084
-0.000111
-0.000136
-0.000159
-0.000181
-0.000199
-0.000215
-0.000227
-0.000235
-0.000239
-0.000240
-0.000236
-0.000228
-0.000218
-0.000203
-0.000186
-0.000164
-0.000140
-0.000115
-0.000089
-0.000061
-0.000030
0.000004
0.000039
0.000074
0.000112
0.000150
0.000190
0.000230
0.000270
0.000308
0.000345
0.000381
0.000416
0.000447
0.000476
0.000502
0.000526
0.000548
0.000568
0.000586
0.000602
0.000617
0.000629
0.000638
0.000646
0.000649
0.000650
0.000649
0.000644
0.000637
0.000627
0.000615
0.000602
0.000588
0.000572
0.000556
0.000540
0.000523
0.000507
0.000490
0.000472
0.000454
0.000437
0.000418
0.000399
0.000379
0.000359
0.000338
0.000318
0.000299
0.000280
0.000263
0.000247
0.000232
0.000216
0.000203
0.000189
0.000176
0.000163
0.000149
0.000133
0.000117
0.000102
0.000086
0.000069
0.000053
0.000037
0.000022
0.000007
-0.000008
-0.000022
-0.000037
-0.000051
-0.000065
-0.000078
-0.000094
-0.000110
-0.000126
-0.000142
-0.000157
-0.000173
-0.000188
-0.000201
-0.000212
-0.000222
-0.000230
-0.000237
-0.000243
-0.000245
-0.000247
-0.000249
-0.000249
-0.000248
-0.000244
-0.000239
-0.000232
-0.000223
-0.000212
-0.000199
-0.000183
-0.000166
-0.000147
-0.000126
-0.000103
-0.000080
-0.000056
-0.000032
-0.000007
0.000018
0.000042
0.000068
0.000094
0.000119
0.000145
0.000172
0.000198
0.000224
0.000251
0.000276
0.000301
0.000323
0.000343
0.000362
0.000379
0.000392
0.000403
0.000414
0.000422
0.000429
0.000436
0.000441
0.000444
0.000446
0.000447
0.000446
0.000443
0.000439
0.000432
0.000422
0.000410
0.000397
0.000382
0.000366
0.000348
0.000330
0.000312
0.000294
0.000277
0.000260
0.000243
0.000226
0.000208
0.000192
0.000175
0.000157
0.000140
0.000122
0.000105
0.000089
0.000076
0.000063
0.000053
0.000044
0.000038
0.000033
0.000030
0.000029
0.000031
0.000033
0.000035
0.000039
0.000043
0.000048
0.000054
0.000060
0.000067
0.000075
0.000085
0.000095
0.000106
0.000115
0.000126
0.000135
0.000144
0.000152
0.000157
0.000162
0.000163
0.000163
0.000163
0.000161
0.000157
0.000152
0.000147
0.000140
0.000132
0.000122
0.000111
0.000098
0.000083
0.000066
0.000047
0.000028
0.000007
-0.000014
-0.000036
-0.000058
-0.000080
-0.000101
-0.000120
-0.000137
-0.000154
-0.000168
-0.000182
-0.000194
-0.000205
-0.000214
-0.000222
-0.000229
-0.000233
-0.000234
-0.000234
-0.000230
-0.000223
-0.000213
-0.000199
-0.000182
-0.000162
-0.000139
-0.000115
-0.000088
-0.000061
-0.000032
-0.000001
0.000030
0.000059
0.000091
0.000122
0.000153
0.000184
0.000216
0.000247
0.000278
0.000308
0.000337
0.000363
0.000389
0.000411
0.000430
0.000444
0.000456
0.000466
0.000472
0.000476
0.000478
0.000477
0.000475
0.000471
0.000465
0.000456
0.000446
0.000434
0.000420
0.000403
0.000385
0.000365
0.000346
0.000326
0.000305
0.000285
0.000266
0.000248
0.000231
0.000215
0.000201
0.000190
0.000179
0.000169
0.000162
0.000153
0.000146
0.000140
0.000134
0.000130
0.000127
0.000124
0.000124
0.000124
0.000125
0.000127
0.000130
0.000135
0.000138
0.000141
0.000143
0.000145
0.000144
0.000140
0.000135
0.000129
0.000122
0.000113
0.000103
0.000091
0.000081
0.000068
0.000055
0.000041
0.000024
0.000004
-0.000016
-0.000037
-0.000061
-0.000086
-0.000112
-0.000139
-0.000166
-0.000194
-0.000220
-0.000245
-0.000270
-0.000293
-0.000315
-0.000335
-0.000354
-0.000372
-0.000387
-0.000402
-0.000415
-0.000427
-0.000435
-0.000444
-0.000449
-0.000451
-0.000452
-0.000450
-0.000445
-0.000436
-0.000425
-0.000413
-0.000398
-0.000381
-0.000364
-0.000347
-0.000327
-0.000308
-0.000289
-0.000268
-0.000247
-0.000225
-0.000203
-0.000180
-0.000156
-0.000132
-0.000110
-0.000087
-0.000064
-0.000043
-0.000025
-0.000008
0.000008
0.000023
0.000036
0.000048
0.000059
0.000070
0.000078
0.000087
0.000095
0.000102
0.000109
0.000115
0.000120
0.000124
0.000124
0.000124
0.000122
0.000120
0.000117
0.000113
0.000110
0.000108
0.000105
0.000103
0.000103
0.000102
0.000101
0.000102
0.000102
0.000100
0.000098
0.000097
0.000095
0.000092
0.000089
0.000085
0.000082
0.000079
0.000077
0.000076
0.000075
0.000075
0.000076
0.000076
0.000075
0.000074
0.000072
0.000068
0.000064
0.000058
0.000053
0.000046
0.000039
0.000032
0.000025
0.000017
0.000010
0.000000
-0.000010
-0.000022
-0.000035
-0.000048
-0.000063
-0.000081
-0.000099
-0.000117
-0.000137
-0.000157
-0.000176
-0.000196
-0.000216
-0.000236
-0.000256
-0.000276
-0.000295
-0.000316
-0.000337
-0.000357
-0.000377
-0.000396
-0.000415
-0.000432
-0.000448
-0.000462
-0.000473
-0.000483
-0.000489
-0.000493
-0.000494
-0.000494
-0.000492
-0.000487
-0.000481
-0.000473
-0.000463
-0.000451
-0.000437
-0.000421
-0.000402
-0.000381
-0.000358
-0.000332
-0.000303
-0.000272
-0.000240
-0.000207
-0.000174
-0.000142
-0.000110
-0.000078
-0.000049
-0.000021
0.000006
0.000031
0.000053
0.000074
0.000094
0.000112
0.000127
0.000140
0.000151
0.000160
0.000165
0.000167
0.000164
0.000157
0.000147
0.000133
0.000116
0.000097
0.000074
0.000050
0.000024
-0.000005
-0.000035
-0.000067
-0.000099
-0.000133
-0.000166
-0.000201
-0.000236
-0.000271
-0.000306
-0.000342
-0.000375
-0.000406
-0.000435
-0.000461
-0.000483
-0.000501
-0.000517
-0.000529
-0.000538
-0.000544
-0.000545
-0.000542
-0.000538
-0.000530
-0.000519
-0.000505
-0.000486
-0.000464
-0.000439
-0.000410
-0.000378
-0.000344
-0.000306
-0.000268
-0.000228
-0.000187
-0.000148
-0.000106
-0.000066
-0.000029
0.000009
0.000044
0.000078
0.000111
0.000143
0.000172
0.000200
0.000224
0.000247
0.000265
0.000282
0.000294
0.000301
0.000305
0.000306
0.000302
0.000296
0.000285
0.000271
0.000256
0.000238
0.000219
0.000198
0.000176
0.000153
0.000129
0.000106
0.000081
0.000056
0.000029
0.000003
-0.000022
-0.000046
-0.000070
-0.000091
-0.000110
-0.000124
-0.000137
-0.000147
-0.000152
-0.000155
-0.000155
-0.000152
-0.000147
-0.000139
-0.000129
-0.000117
-0.000103
-0.000087
-0.000069
-0.000049
-0.000026
-0.000001
0.000027
0.000054
0.000082
0.000113
0.000142
0.000169
0.000196
0.000221
0.000243
0.000262
0.000278
0.000292
0.000304
0.000313
0.000318
0.000320
0.000320
0.000317
0.000311
0.000301
0.000286
0.000268
0.000245
0.000221
0.000192
0.000159
0.000124
0.000086
0.000047
0.000007
-0.000033
-0.000074
-0.000114
-0.000154
-0.000192
-0.000228
-0.000262
-0.000296
-0.000327
-0.000356
-0.000384
-0.000409
-0.000431
-0.000448
-0.000461
-0.000469
-0.000472
-0.000470
-0.000463
-0.000451
-0.000434
-0.000412
-0.000387
-0.000358
-0.000328
-0.000294
-0.000257
-0.000219
-0.000179
-0.000138
-0.000094
-0.000049
-0.000003
0.000041
0.000088
0.000132
0.000175
0.000218
0.000259
0.000297
0.000329
0.000358
0.000384
0.000406
0.000423
0.000437
0.000447
0.000454
0.000457
0.000457
0.000454
0.000447
0.000437
0.000423
0.000406
0.000386
0.000362
0.000335
0.000307
0.000277
0.000246
0.000214
0.000181
0.000151
0.000121
0.000092
0.000065
0.000039
0.000014
-0.000008
-0.000028
-0.000047
-0.000064
-0.000079
-0.000092
-0.000104
-0.000113
-0.000120
-0.000123
-0.000123
-0.000121
-0.000117
-0.000112
-0.000104
-0.000095
-0.000085
-0.000076
-0.000069
-0.000061
-0.000055
-0.000050
-0.000047
-0.000045
-0.000044
-0.000045
-0.000047
-0.000050
-0.000056
-0.000063
-0.000073
-0.000085
-0.000100
-0.000117
-0.000137
-0.000159
-0.000185
-0.000213
-0.000243
-0.000273
-0.000304
-0.000335
-0.000366
-0.000396
-0.000425
-0.000450
-0.000475
-0.000497
-0.000518
-0.000537
-0.000554
-0.000568
-0.000582
-0.000593
-0.000599
-0.000602
-0.000602
-0.000595
-0.000585
-0.000571
-0.000552
-0.000529
-0.000503
-0.000475
-0.000442
-0.000408
-0.000371
-0.000331
-0.000291
-0.000250
-0.000208
-0.000165
-0.000121
-0.000076
-0.000031
0.000013
0.000057
0.000098
0.000138
0.000174
0.000208
0.000238
0.000264
0.000285
0.000302
0.000315
0.000324
0.000328
0.000330
0.000329
0.000326
0.000317
0.000306
0.000293
0.000276
0.000253
0.000228
0.000199
0.000167
0.000133
0.000096
0.000058
0.000018
-0.000021
-0.000061
-0.000101
-0.000140
-0.000177
-0.000213
-0.000247
-0.000279
-0.000309
-0.000339
-0.000366
-0.000392
-0.000415
-0.000435
-0.000452
-0.000465
-0.000473
-0.000478
-0.000479
-0.000475
-0.000467
-0.000456
-0.000440
-0.000421
-0.000400
-0.000376
-0.000350
-0.000322
-0.000292
-0.000260
-0.000227
-0.000192
-0.000157
-0.000120
-0.000082
-0.000042
-0.000002
0.000038
0.000077
0.000115
0.000151
0.000186
0.000218
0.000247
0.000274
0.000298
0.000319
0.000338
0.000354
0.000368
0.000378
0.000386
0.000392
0.000395
0.000394
0.000390
0.000381
0.000369
0.000355
0.000336
0.000314
0.000288
0.000260
0.000229
0.000198
0.000164
0.000131
0.000096
0.000061
0.000024
-0.000012
-0.000049
-0.000085
-0.000122
-0.000159
-0.000194
-0.000227
-0.000260
-0.000290
-0.000317
-0.000342
-0.000362
-0.000380
-0.000394
-0.000405
-0.000413
-0.000419
-0.000421
-0.000421
-0.000419
-0.000415
-0.000408
-0.000397
-0.000385
-0.000369
-0.000351
-0.000328
-0.000304
-0.000277
-0.000250
-0.000220
-0.000189
-0.000159
-0.000129
-0.000100
-0.000071
-0.000045
-0.000019
0.000004
0.000028
0.000050
0.000070
0.000089
0.000106
0.000122
0.000135
0.000146
0.000155
0.000161
0.000164
0.000164
0.000162
0.000156
0.000147
0.000137
0.000125
0.000111
0.000096
0.000081
0.000066
0.000052
0.000037
0.000023
0.000009
-0.000007
-0.000022
-0.000037
-0.000051
-0.000065
-0.000077
-0.000088
-0.000096
-0.000102
-0.000106
-0.000108
-0.000107
-0.000103
-0.000097
-0.000087
-0.000077
-0.000065
-0.000053
-0.000039
-0.000023
-0.000007
0.000010
0.000028
0.000046
0.000065
0.000085
0.000106
0.000129
0.000152
0.000173
0.000194
0.000214
0.000232
0.000246
0.000259
0.000270
0.000279
0.000285
0.000289
0.000292
0.000293
0.000293
0.000290
0.000287
0.000282
0.000276
0.000267
0.000257
0.000244
0.000230
0.000215
0.000198
0.000181
0.000164
0.000146
0.000130
0.000115
0.000103
0.000091
0.000081
0.000074
0.000068
0.000065
0.000063
0.000063
0.000064
0.000068
0.000072
0.000079
0.000088
0.000100
0.000113
0.000131
0.000150
0.000172
0.000197
0.000223
0.000251
0.000278
0.000305
0.000332
0.000358
0.000382
0.000406
0.000429
0.000450
0.000470
0.000487
0.000503
0.000517
0.000529
0.000537
0.000544
0.000545
0.000542
0.000535
0.000523
0.000507
0.000486
0.000462
0.000434
0.000403
0.000370
0.000334
0.000295
0.000254
0.000211
0.000167
0.000121
0.000072
0.000020
-0.000034
-0.000088
-0.000143
-0.000199
-0.000255
-0.000310
-0.000362
-0.000413
-0.000460
-0.000504
-0.000547
-0.000584
-0.000619
-0.000649
-0.000676
-0.000701
-0.000720
-0.000737
-0.000750
-0.000760
-0.000767
-0.000768
-0.000766
-0.000760
-0.000748
-0.000732
-0.000713
-0.000689
-0.000663
-0.000634
-0.000601
-0.000567
-0.000531
-0.000494
-0.000456
-0.000418
-0.000378
-0.000339
-0.000297
-0.000256
-0.000215
-0.000174
-0.000133
-0.000094
-0.000056
-0.000018
0.000017
0.000049
0.000079
0.000106
0.000130
0.000152
0.000170
0.000187
0.000200
0.000211
0.000220
0.000228
0.000233
0.000237
0.000239
0.000238
0.000235
0.000229
0.000220
0.000210
0.000198
0.000185
0.000171
0.000156
0.000141
0.000126
0.000110
0.000094
0.000079
0.000062
0.000045
0.000028
0.000011
-0.000007
-0.000026
-0.000044
-0.000063
-0.000082
-0.000099
-0.000117
-0.000134
-0.000148
-0.000161
-0.000172
-0.000182
-0.000192
-0.000200
-0.000208
-0.000216
-0.000224
-0.000232
-0.000239
-0.000246
-0.000252
-0.000259
-0.000264
-0.000266
-0.000267
-0.000266
-0.000263
-0.000260
-0.000256
-0.000251
-0.000247
-0.000243
-0.000238
-0.000234
-0.000230
-0.000226
-0.000223
-0.000219
-0.000214
-0.000209
-0.000202
-0.000195
-0.000186
-0.000178
-0.000169
-0.000161
-0.000152
-0.000146
-0.000140
-0.000136
-0.000133
-0.000131
-0.000130
-0.000130
-0.000130
-0.000129
-0.000129
-0.000129
-0.000131
-0.000133
-0.000136
-0.000140
-0.000145
-0.000151
-0.000159
-0.000168
-0.000177
-0.000188
-0.000199
-0.000210
-0.000221
-0.000230
-0.000240
-0.000251
-0.000259
-0.000268
-0.000275
-0.000284
-0.000293
-0.000301
-0.000310
-0.000318
-0.000326
-0.000331
-0.000336
-0.000339
-0.000341
-0.000341
-0.000340
-0.000336
-0.000331
-0.000325
-0.000317
-0.000308
-0.000298
-0.000289
-0.000279
-0.000269
-0.000257
-0.000244
-0.000231
-0.000217
-0.000201
-0.000183
-0.000163
-0.000142
-0.000122
-0.000101
-0.000080
-0.000060
-0.000040
-0.000019
-0.000001
0.000019
0.000037
0.000055
0.000073
0.000091
0.000110
0.000129
0.000149
0.000167
0.000187
0.000205
0.000222
0.000238
0.000251
0.000264
0.000274
0.000284
0.000292
0.000300
0.000306
0.000312
0.000317
0.000322
0.000326
0.000329
0.000329
0.000329
0.000328
0.000325
0.000319
0.000311
0.000301
0.000290
0.000277
0.000263
0.000249
0.000234
0.000219
0.000203
0.000189
0.000174
0.000159
0.000143
0.000127
0.000113
0.000097
0.000082
0.000067
0.000053
0.000039
0.000028
0.000018
0.000010
0.000004
0.000000
-0.000001
0.000001
0.000003
0.000007
0.000013
0.000020
0.000029
0.000037
0.000048
0.000058
0.000071
0.000085
0.000099
0.000115
0.000133
0.000152
0.000170
0.000189
0.000206
0.000223
0.000239
0.000254
0.000268
0.000279
0.000289
0.000297
0.000305
0.000309
0.000313
0.000315
0.000315
0.000315
0.000313
0.000309
0.000302
0.000292
0.000280
0.000267
0.000251
0.000233
0.000215
0.000194
0.000172
0.000152
0.000129
0.000107
0.000083
0.000062
0.000040
0.000018
-0.000005
-0.000028
-0.000050
-0.000071
-0.000092
-0.000112
-0.000132
-0.000149
-0.000164
-0.000178
-0.000189
-0.000198
-0.000205
-0.000210
-0.000212
-0.000213
-0.000213
-0.000212
-0.000210
-0.000207
-0.000203
-0.000200
-0.000194
-0.000188
-0.000180
-0.000171
-0.000161
-0.000148
-0.000135
-0.000121
-0.000106
-0.000091
-0.000076
-0.000061
-0.000048
-0.000035
-0.000023
-0.000012
-0.000001
0.000010
0.000020
0.000030
0.000041
0.000050
0.000061
0.000070
0.000080
0.000088
0.000096
0.000102
0.000106
0.000109
0.000112
0.000113
0.000113
0.000113
0.000113
0.000113
0.000115
0.000115
0.000116
0.000117
0.000118
0.000117
0.000117
0.000116
0.000114
0.000111
0.000107
0.000103
0.000100
0.000096
0.000094
0.000091
0.000090
0.000089
0.000090
0.000091
0.000092
0.000095
0.000097
0.000099
0.000102
0.000104
0.000107
0.000111
0.000115
0.000122
0.000128
0.000138
0.000149
0.000161
0.000175
0.000190
0.000205
0.000221
0.000237
0.000252
0.000267
0.000283
0.000298
0.000312
0.000327
0.000342
0.000357
0.000374
0.000389
0.000404
0.000418
0.000431
0.000442
0.000451
0.000458
0.000463
0.000466
0.000465
0.000462
0.000458
0.000453
0.000446
0.000438
0.000429
0.000420
0.000410
0.000399
0.000385
0.000371
0.000356
0.000339
0.000320
0.000299
0.000278
0.000256
0.000235
0.000213
0.000193
0.000174
0.000156
0.000140
0.000126
0.000113
0.000102
0.000092
0.000082
0.000074
0.000067
0.000060
0.000055
0.000050
0.000047
0.000046
0.000046
0.000050
0.000054
0.000060
0.000068
0.000078
0.000087
0.000096
0.000105
0.000113
0.000121
0.000129
0.000136
0.000143
0.000149
0.000153
0.000158
0.000162
0.000165
0.000168
0.000170
0.000170
0.000168
0.000165
0.000159
0.000152
0.000142
0.000130
0.000116
0.000101
0.000085
0.000068
0.000051
0.000034
0.000018
0.000001
-0.000016
-0.000032
-0.000047
-0.000063
-0.000078
-0.000093
-0.000108
-0.000123
-0.000135
-0.000146
-0.000155
-0.000163
-0.000168
-0.000171
-0.000172
-0.000170
-0.000167
-0.000162
-0.000155
-0.000148
-0.000139
-0.000129
-0.000119
-0.000107
-0.000094
-0.000079
-0.000064
-0.000049
-0.000031
-0.000013
0.000006
0.000026
0.000045
0.000064
0.000082
0.000098
0.000113
0.000126
0.000138
0.000147
0.000157
0.000166
0.000173
0.000180
0.000186
0.000191
0.000195
0.000200
0.000203
0.000203
0.000201
0.000200
0.000195
0.000189
0.000181
0.000171
0.000162
0.000151
0.000141
0.000130
0.000120
0.000111
0.000101
0.000091
0.000082
0.000072
0.000062
0.000051
0.000039
0.000028
0.000015
0.000004
-0.000008
-0.000017
-0.000027
-0.000036
-0.000042
-0.000047
-0.000051
-0.000055
-0.000057
-0.000060
-0.000063
-0.000066
-0.000070
-0.000073
-0.000078
-0.000083
-0.000087
-0.000092
-0.000096
-0.000100
-0.000103
-0.000105
-0.000107
-0.000110
-0.000112
-0.000116
-0.000120
-0.000125
-0.000129
-0.000136
-0.000140
-0.000146
-0.000152
-0.000157
-0.000162
-0.000168
-0.000171
-0.000175
-0.000177
-0.000180
-0.000182
-0.000185
-0.000188
-0.000191
-0.000195
-0.000199
-0.000202
-0.000204
-0.000206
-0.000209
-0.000209
-0.000209
-0.000207
-0.000206
-0.000205
-0.000202
-0.000200
-0.000199
-0.000198
-0.000198
-0.000198
-0.000198
-0.000200
-0.000200
-0.000202
-0.000203
-0.000203
-0.000203
-0.000201
-0.000202
-0.000202
-0.000201
-0.000201
-0.000200
-0.000201
-0.000202
-0.000203
-0.000205
-0.000207
-0.000209
-0.000210
-0.000212
-0.000211
-0.000209
-0.000206
-0.000202
-0.000198
-0.000191
-0.000184
-0.000177
-0.000168
-0.000160
-0.000152
-0.000143
-0.000134
-0.000124
-0.000112
-0.000100
-0.000087
-0.000074
-0.000060
-0.000045
-0.000030
-0.000017
-0.000005
0.000006
0.000015
0.000022
0.000027
0.000031
0.000034
0.000034
0.000032
0.000029
0.000023
0.000016
0.000007
-0.000005
-0.000018
-0.000034
-0.000052
-0.000073
-0.000096
-0.000121
-0.000148
-0.000176
-0.000206
-0.000236
-0.000266
-0.000296
-0.000325
-0.000354
-0.000381
-0.000406
-0.000432
-0.000458
-0.000483
-0.000506
-0.000527
-0.000546
-0.000562
-0.000577
-0.000589
-0.000597
-0.000601
-0.000600
-0.000597
-0.000591
-0.000581
-0.000566
-0.000549
-0.000531
-0.000510
-0.000486
-0.000461
-0.000434
-0.000406
-0.000375
-0.000343
-0.000309
-0.000275
-0.000238
-0.000202
-0.000165
-0.000127
-0.000090
-0.000055
-0.000021
0.000010
0.000037
0.000063
0.000087
0.000109
0.000129
0.000145
0.000160
0.000175
0.000187
0.000199
0.000209
0.000215
0.000219
0.000222
0.000220
0.000216
0.000209
0.000202
0.000191
0.000180
0.000167
0.000155
0.000142
0.000130
0.000118
0.000107
0.000098
0.000089
0.000080
0.000072
0.000063
0.000055
0.000047
0.000040
0.000035
0.000030
0.000025
0.000023
0.000022
0.000023
0.000025
0.000029
0.000034
0.000041
0.000049
0.000056
0.000065
0.000071
0.000079
0.000086
0.000093
0.000100
0.000108
0.000117
0.000126
0.000134
0.000144
0.000152
0.000161
0.000169
0.000176
0.000183
0.000187
0.000191
0.000193
0.000194
0.000194
0.000193
0.000191
0.000188
0.000186
0.000184
0.000182
0.000179
0.000177
0.000173
0.000168
0.000162
0.000155
0.000148
0.000137
0.000127
0.000117
0.000106
0.000095
0.000085
0.000076
0.000067
0.000058
0.000050
0.000042
0.000034
0.000026
0.000017
0.000008
-0.000001
-0.000012
-0.000022
-0.000031
-0.000040
-0.000050
-0.000058
-0.000066
-0.000072
-0.000077
-0.000082
-0.000086
-0.000090
-0.000095
-0.000099
-0.000104
-0.000109
-0.000114
-0.000119
-0.000125
-0.000129
-0.000134
-0.000137
-0.000139
-0.000140
-0.000140
-0.000140
-0.000141
-0.000140
-0.000141
-0.000142
-0.000145
-0.000147
-0.000150
-0.000153
-0.000157
-0.000161
-0.000164
-0.000167
-0.000169
-0.000172
-0.000174
-0.000178
-0.000180
-0.000184
-0.000190
-0.000196
-0.000203
-0.000211
-0.000220
-0.000230
-0.000238
-0.000246
-0.000254
-0.000260
-0.000266
-0.000270
-0.000274
-0.000278
-0.000281
-0.000284
-0.000287
-0.000288
-0.000290
-0.000291
-0.000293
-0.000293
-0.000292
-0.000290
-0.000285
-0.000278
-0.000271
-0.000263
-0.000252
-0.000242
-0.000231
-0.000220
-0.000209
-0.000200
-0.000189
-0.000178
-0.000168
-0.000158
-0.000149
-0.000138
-0.000128
-0.000117
-0.000107
-0.000097
-0.000088
-0.000080
-0.000072
-0.000067
-0.000064
-0.000062
-0.000062
-0.000064
-0.000067
-0.000071
-0.000074
-0.000078
-0.000082
-0.000087
-0.000092
-0.000098
-0.000104
-0.000109
-0.000115
-0.000122
-0.000131
-0.000138
-0.000147
-0.000154
-0.000162
-0.000168
-0.000174
-0.000176
-0.000177
-0.000176
-0.000172
-0.000167
-0.000162
-0.000154
-0.000146
-0.000138
-0.000128
-0.000118
-0.000108
-0.000096
-0.000084
-0.000071
-0.000058
-0.000044
-0.000029
-0.000013
0.000003
0.000020
0.000035
0.000048
0.000060
0.000069
0.000078
0.000084
0.000087
0.000089
0.000088
0.000086
0.000082
0.000078
0.000073
0.000067
0.000059
0.000051
0.000040
0.000027
0.000013
-0.000003
-0.000021
-0.000041
-0.000062
-0.000084
-0.000106
-0.000130
-0.000153
-0.000175
-0.000197
-0.000219
-0.000242
-0.000264
-0.000287
-0.000308
-0.000331
-0.000353
-0.000375
-0.000396
-0.000417
-0.000437
-0.000457
-0.000476
-0.000493
-0.000509
-0.000525
-0.000539
-0.000553
-0.000565
-0.000577
-0.000589
-0.000601
-0.000613
-0.000625
-0.000637
-0.000648
-0.000658
-0.000668
-0.000676
-0.000683
-0.000689
-0.000692
-0.000695
-0.000695
-0.000695
-0.000694
-0.000693
-0.000690
-0.000687
-0.000684
-0.000678
-0.000671
-0.000662
-0.000651
-0.000638
-0.000623
-0.000605
-0.000585
-0.000563
-0.000541
-0.000517
-0.000492
-0.000466
-0.000438
-0.000410
-0.000382
-0.000353
-0.000324
-0.000294
-0.000263
-0.000231
-0.000197
-0.000163
-0.000128
-0.000093
-0.000060
-0.000028
0.000004
0.000032
0.000059
0.000085
0.000107
0.000128
0.000146
0.000163
0.000179
0.000193
0.000206
0.000218
0.000228
0.000235
0.000242
0.000246
0.000248
0.000246
0.000242
0.000236
0.000226
0.000216
0.000204
0.000192
0.000176
0.000162
0.000145
0.000129
0.000114
0.000098
0.000081
0.000065
0.000047
0.000030
0.000010
-0.000009
-0.000028
-0.000048
-0.000068
-0.000087
-0.000104
-0.000120
-0.000136
-0.000150
-0.000164
-0.000178
-0.000191
-0.000203
-0.000216
-0.000227
-0.000238
-0.000251
-0.000263
-0.000274
-0.000284
-0.000294
-0.000304
-0.000314
-0.000322
-0.000331
-0.000338
-0.000345
-0.000355
-0.000363
-0.000373
-0.000383
-0.000394
-0.000405
-0.000417
-0.000428
-0.000440
-0.000452
-0.000464
-0.000473
-0.000482
-0.000491
-0.000500
-0.000507
-0.000513
-0.000519
-0.000525
-0.000532
-0.000538
-0.000543
-0.000548
-0.000551
-0.000552
-0.000551
-0.000548
-0.000540
-0.000532
-0.000521
-0.000510
-0.000497
-0.000483
-0.000467
-0.000449
-0.000430
-0.000411
-0.000391
-0.000370
-0.000347
-0.000323
-0.000297
-0.000269
-0.000241
-0.000211
-0.000181
-0.000149
-0.000118
-0.000087
-0.000058
-0.000030
-0.000003
0.000023
0.000047
0.000071
0.000093
0.000114
0.000133
0.000152
0.000169
0.000184
0.000198
0.000209
0.000218
0.000224
0.000228
0.000229
0.000226
0.000221
0.000213
0.000202
0.000192
0.000177
0.000163
0.000148
0.000132
0.000113
0.000096
0.000077
0.000057
0.000037
0.000016
-0.000005
-0.000025
-0.000044
-0.000063
-0.000081
-0.000096
-0.000108
-0.000118
-0.000125
-0.000129
-0.000131
-0.000129
-0.000124
-0.000117
-0.000108
-0.000097
-0.000085
-0.000070
-0.000052
-0.000032
-0.000009
0.000016
0.000044
0.000073
0.000104
0.000137
0.000172
0.000207
0.000243
0.000277
0.000311
0.000342
0.000373
0.000401
0.000426
0.000450
0.000471
0.000490
0.000506
0.000521
0.000532
0.000541
0.000546
0.000547
0.000545
0.000540
0.000531
0.000517
0.000499
0.000477
0.000454
0.000427
0.000399
0.000368
0.000338
0.000305
0.000275
0.000243
0.000212
0.000180
0.000149
0.000118
0.000088
0.000059
0.000031
0.000006
-0.000018
-0.000037
-0.000055
-0.000067
-0.000077
-0.000082
-0.000083
-0.000082
-0.000077
-0.000069
-0.000058
-0.000044
-0.000027
-0.000011
0.000007
0.000027
0.000049
0.000071
0.000095
0.000120
0.000146
0.000173
0.000202
0.000229
0.000257
0.000284
0.000309
0.000333
0.000352
0.000370
0.000387
0.000399
0.000408
0.000414
0.000419
0.000421
0.000422
0.000422
0.000421
0.000417
0.000411
0.000402
0.000392
0.000378
0.000363
0.000347
0.000328
0.000309
0.000290
0.000270
0.000250
0.000230
0.000211
0.000194
0.000178
0.000163
0.000149
0.000135
0.000122
0.000111
0.000099
0.000089
0.000080
0.000073
0.000068
0.000065
0.000063
0.000065
0.000069
0.000074
0.000082
0.000091
0.000101
0.000113
0.000124
0.000135
0.000147
0.000158
0.000168
0.000177
0.000186
0.000196
0.000205
0.000214
0.000223
0.000231
0.000237
0.000243
0.000246
0.000246
0.000245
0.000241
0.000234
0.000225
0.000214
0.000201
0.000186
0.000171
0.000154
0.000137
0.000118
0.000100
0.000081
0.000061
0.000041
0.000021
-0.000001
-0.000022
-0.000044
-0.000067
-0.000088
-0.000108
-0.000127
-0.000143
-0.000158
-0.000169
-0.000179
-0.000185
-0.000189
-0.000192
-0.000191
-0.000189
-0.000185
-0.000179
-0.000172
-0.000163
-0.000151
-0.000139
-0.000124
-0.000108
-0.000090
-0.000071
-0.000051
-0.000030
-0.000008
0.000013
0.000034
0.000054
0.000072
0.000088
0.000101
0.000113
0.000122
0.000130
0.000135
0.000138
0.000140
0.000141
0.000139
0.000137
0.000130
0.000122
0.000112
0.000099
0.000084
0.000066
0.000047
0.000026
0.000002
-0.000022
-0.000045
-0.000069
-0.000093
-0.000114
-0.000135
-0.000155
-0.000174
-0.000193
-0.000210
-0.000228
-0.000244
-0.000258
-0.000270
-0.000282
-0.000290
-0.000295
-0.000299
-0.000300
-0.000298
-0.000294
-0.000288
-0.000279
-0.000270
-0.000258
-0.000246
-0.000235
-0.000224
-0.000213
-0.000203
-0.000192
-0.000182
-0.000173
-0.000162
-0.000153
-0.000143
-0.000134
-0.000126
-0.000119
-0.000113
-0.000109
-0.000108
-0.000109
-0.000112
-0.000117
-0.000124
-0.000132
-0.000142
-0.000154
-0.000166
-0.000178
-0.000191
-0.000204
-0.000216
-0.000229
-0.000242
-0.000256
-0.000269
-0.000282
-0.000296
-0.000310
-0.000322
-0.000331
-0.000339
-0.000345
-0.000351
-0.000352
-0.000351
-0.000347
-0.000340
-0.000332
-0.000322
-0.000311
-0.000297
-0.000282
-0.000265
-0.000248
-0.000230
-0.000210
-0.000187
-0.000163
-0.000137
-0.000111
-0.000083
-0.000055
-0.000026
0.000002
0.000030
0.000058
0.000084
0.000108
0.000130
0.000152
0.000173
0.000191
0.000208
0.000223
0.000237
0.000249
0.000260
0.000268
0.000273
0.000276
0.000277
0.000274
0.000269
0.000259
0.000247
0.000231
0.000214
0.000194
0.000172
0.000149
0.000125
0.000101
0.000074
0.000048
0.000019
-0.000010
-0.000040
-0.000072
-0.000104
-0.000138
-0.000172
-0.000206
-0.000239
-0.000272
-0.000303
-0.000333
-0.000361
-0.000387
-0.000410
-0.000432
-0.000452
-0.000470
-0.000486
-0.000501
-0.000514
-0.000526
-0.000535
-0.000543
-0.000548
-0.000550
-0.000550
-0.000546
-0.000539
-0.000530
-0.000519
-0.000505
-0.000490
-0.000472
-0.000454
-0.000435
-0.000415
-0.000395
-0.000374
-0.000353
-0.000331
-0.000310
-0.000287
-0.000264
-0.000240
-0.000216
-0.000193
-0.000172
-0.000152
-0.000135
-0.000120
-0.000107
-0.000097
-0.000088
-0.000083
-0.000082
-0.000081
-0.000082
-0.000084
-0.000087
-0.000091
-0.000098
-0.000106
-0.000117
-0.000130
-0.000143
-0.000159
-0.000175
-0.000193
-0.000213
-0.000231
-0.000252
-0.000272
-0.000291
-0.000308
-0.000324
-0.000337
-0.000347
-0.000355
-0.000363
-0.000368
-0.000372
-0.000374
-0.000374
-0.000373
-0.000369
-0.000362
-0.000355
-0.000346
-0.000333
-0.000318
-0.000301
-0.000282
-0.000262
-0.000239
-0.000215
-0.000193
-0.000170
-0.000148
-0.000127
-0.000107
-0.000090
-0.000073
-0.000056
-0.000040
-0.000026
-0.000012
-0.000000
0.000011
0.000019
0.000026
0.000032
0.000033
0.000033
0.000031
0.000025
0.000016
0.000007
-0.000004
-0.000017
-0.000030
-0.000045
-0.000059
-0.000074
-0.000088
-0.000103
-0.000117
-0.000133
-0.000147
-0.000162
-0.000177
-0.000193
-0.000208
-0.000223
-0.000237
-0.000248
-0.000257
-0.000264
-0.000270
-0.000273
-0.000275
-0.000275
-0.000275
-0.000272
-0.000269
-0.000266
-0.000262
-0.000259
-0.000255
-0.000250
-0.000243
-0.000239
-0.000233
-0.000226
-0.000218
-0.000210
-0.000201
-0.000193
-0.000185
-0.000179
-0.000174
-0.000170
-0.000168
-0.000168
-0.000168
-0.000170
-0.000172
-0.000175
-0.000178
-0.000181
-0.000184
-0.000187
-0.000191
-0.000195
-0.000200
-0.000205
-0.000212
-0.000221
-0.000228
-0.000237
-0.000245
-0.000254
-0.000263
-0.000271
-0.000277
-0.000282
-0.000285
-0.000287
-0.000287
-0.000288
-0.000287
-0.000285
-0.000282
-0.000278
-0.000273
-0.000269
-0.000263
-0.000257
-0.000249
-0.000239
-0.000228
-0.000215
-0.000202
-0.000188
-0.000172
-0.000157
-0.000142
-0.000128
-0.000115
-0.000103
-0.000090
-0.000078
-0.000067
-0.000056
-0.000046
-0.000036
-0.000025
-0.000015
-0.000004
0.000005
0.000013
0.000019
0.000023
0.000026
0.000028
0.000027
0.000024
0.000020
0.000013
0.000007
-0.000001
-0.000008
-0.000017
-0.000024
-0.000033
-0.000041
-0.000049
-0.000058
-0.000067
-0.000076
-0.000087
-0.000097
-0.000108
-0.000118
-0.000129
-0.000138
-0.000148
-0.000156
-0.000162
-0.000165
-0.000167
-0.000168
-0.000167
-0.000164
-0.000161
-0.000156
-0.000150
-0.000143
-0.000136
-0.000128
-0.000117
-0.000106
-0.000092
-0.000075
-0.000058
-0.000040
-0.000019
0.000002
0.000022
0.000044
0.000064
0.000084
0.000102
0.000119
0.000135
0.000151
0.000165
0.000178
0.000190
0.000202
0.000213
0.000222
0.000230
0.000235
0.000239
0.000239
0.000238
0.000233
0.000226
0.000214
0.000202
0.000186
0.000169
0.000151
0.000132
0.000112
0.000090
0.000068
0.000045
0.000021
-0.000003
-0.000028
-0.000054
-0.000081
-0.000109
-0.000136
-0.000162
-0.000188
-0.000212
-0.000235
-0.000256
-0.000275
-0.000291
-0.000305
-0.000317
-0.000328
-0.000337
-0.000345
-0.000351
-0.000355
-0.000358
-0.000360
-0.000360
-0.000358
-0.000354
-0.000347
-0.000339
-0.000329
-0.000316
-0.000303
-0.000288
-0.000272
-0.000256
-0.000239
-0.000225
-0.000211
-0.000197
-0.000184
-0.000173
-0.000161
-0.000150
-0.000139
-0.000128
-0.000117
-0.000108
-0.000100
-0.000093
-0.000087
-0.000083
-0.000081
-0.000081
-0.000083
-0.000087
-0.000092
-0.000098
-0.000104
-0.000111
-0.000117
-0.000123
-0.000129
-0.000136
-0.000143
-0.000148
-0.000154
-0.000161
-0.000167
-0.000175
-0.000182
-0.000189
-0.000195
-0.000201
-0.000205
-0.000206
-0.000206
-0.000204
-0.000201
-0.000195
-0.000187
-0.000179
-0.000170
-0.000160
-0.000150
-0.000139
-0.000127
-0.000116
-0.000104
-0.000091
-0.000079
-0.000064
-0.000047
-0.000031
-0.000013
0.000005
0.000023
0.000041
0.000058
0.000073
0.000087
0.000099
0.000112
0.000121
0.000130
0.000137
0.000145
0.000149
0.000154
0.000158
0.000161
0.000162
0.000163
0.000160
0.000156
0.000149
0.000141
0.000132
0.000119
0.000105
0.000091
0.000074
0.000058
0.000040
0.000023
0.000007
-0.000009
-0.000025
-0.000041
-0.000056
-0.000072
-0.000087
-0.000104
-0.000119
-0.000134
-0.000148
-0.000162
-0.000174
-0.000184
-0.000192
-0.000199
-0.000205
-0.000208
-0.000210
-0.000211
-0.000210
-0.000210
-0.000208
-0.000207
-0.000205
-0.000203
-0.000201
-0.000200
-0.000199
-0.000197
-0.000194
-0.000192
-0.000191
-0.000189
-0.000190
-0.000192
-0.000195
-0.000200
-0.000208
-0.000218
-0.000231
-0.000246
-0.000263
-0.000281
-0.000303
-0.000324
-0.000348
-0.000371
-0.000396
-0.000422
-0.000450
-0.000479
-0.000509
-0.000540
-0.000572
-0.000604
-0.000636
-0.000669
-0.000701
-0.000734
-0.000764
-0.000791
-0.000816
-0.000839
-0.000860
-0.000878
-0.000895
-0.000909
-0.000921
-0.000931
-0.000939
-0.000944
-0.000947
-0.000948
-0.000946
-0.000942
-0.000934
-0.000921
-0.000907
-0.000890
-0.000871
-0.000849
-0.000826
-0.000802
-0.000777
-0.000751
-0.000724
-0.000698
-0.000670
-0.000642
-0.000614
-0.000586
-0.000555
-0.000525
-0.000495
-0.000464
-0.000434
-0.000405
-0.000376
-0.000348
-0.000320
-0.000294
-0.000270
-0.000248
-0.000226
-0.000205
-0.000183
-0.000161
-0.000141
-0.000119
-0.000098
-0.000077
-0.000056
-0.000035
-0.000015
0.000005
0.000022
0.000040
0.000056
0.000073
0.000088
0.000104
0.000121
0.000137
0.000153
0.000170
0.000188
0.000206
0.000223
0.000239
0.000256
0.000270
0.000282
0.000293
0.000302
0.000309
0.000315
0.000321
0.000325
0.000328
0.000330
0.000332
0.000331
0.000331
0.000328
0.000323
0.000318
0.000311
0.000302
0.000291
0.000278
0.000265
0.000251
0.000238
0.000225
0.000213
0.000201
0.000191
0.000181
0.000172
0.000164
0.000156
0.000149
0.000144
0.000137
0.000131
0.000126
0.000122
0.000121
0.000120
0.000121
0.000124
0.000130
0.000138
0.000147
0.000157
0.000167
0.000178
0.000189
0.000199
0.000209
0.000217
0.000226
0.000233
0.000238
0.000243
0.000249
0.000252
0.000254
0.000256
0.000256
0.000254
0.000249
0.000244
0.000234
0.000222
0.000208
0.000192
0.000173
0.000152
0.000130
0.000107
0.000083
0.000058
0.000034
0.000010
-0.000014
-0.000039
-0.000064
-0.000088
-0.000113
-0.000137
-0.000160
-0.000181
-0.000202
-0.000220
-0.000236
-0.000250
-0.000259
-0.000266
-0.000269
-0.000269
-0.000267
-0.000260
-0.000252
-0.000241
-0.000227
-0.000212
-0.000195
-0.000177
-0.000156
-0.000134
-0.000110
-0.000084
-0.000059
-0.000031
-0.000003
0.000025
0.000053
0.000080
0.000105
0.000128
0.000149
0.000167
0.000182
0.000195
0.000204
0.000211
0.000216
0.000219
0.000219
0.000217
0.000212
0.000204
0.000193
0.000179
0.000161
0.000138
0.000113
0.000086
0.000056
0.000023
-0.000011
-0.000047
-0.000083
-0.000120
-0.000156
-0.000192
-0.000227
-0.000262
-0.000296
-0.000329
-0.000362
-0.000393
-0.000424
-0.000453
-0.000481
-0.000507
-0.000533
-0.000555
-0.000575
-0.000589
-0.000602
-0.000610
-0.000616
-0.000618
-0.000616
-0.000613
-0.000608
-0.000599
-0.000590
-0.000578
-0.000566
-0.000552
-0.000536
-0.000517
-0.000496
-0.000472
-0.000448
-0.000421
-0.000393
-0.000364
-0.000335
-0.000307
-0.000278
-0.000252
-0.000225
-0.000200
-0.000175
-0.000151
-0.000128
-0.000106
-0.000083
-0.000060
-0.000038
-0.000018
0.000002
0.000020
0.000036
0.000052
0.000065
0.000077
0.000086
0.000094
0.000100
0.000103
0.000105
0.000106
0.000107
0.000107
0.000106
0.000105
0.000102
0.000098
0.000092
0.000085
0.000076
0.000065
0.000052
0.000037
0.000021
0.000004
-0.000014
-0.000034
-0.000054
-0.000073
-0.000093
-0.000113
-0.000133
-0.000154
-0.000175
-0.000196
-0.000218
-0.000240
-0.000264
-0.000288
-0.000312
-0.000336
-0.000358
-0.000381
-0.000401
-0.000420
-0.000438
-0.000453
-0.000467
-0.000480
-0.000492
-0.000503
-0.000512
-0.000521
-0.000528
-0.000535
-0.000540
-0.000544
-0.000545
-0.000544
-0.000540
-0.000534
-0.000526
-0.000516
-0.000503
-0.000489
-0.000474
-0.000458
-0.000441
-0.000423
-0.000406
-0.000387
-0.000367
-0.000348
-0.000328
-0.000307
-0.000285
-0.000262
-0.000238
-0.000215
-0.000191
-0.000168
-0.000145
-0.000124
-0.000104
-0.000086
-0.000069
-0.000053
-0.000038
-0.000024
-0.000011
-0.000000
0.000011
0.000022
0.000031
0.000041
0.000049
0.000056
0.000063
0.000067
0.000070
0.000072
0.000073
0.000073
0.000072
0.000071
0.000070
0.000069
0.000069
0.000069
0.000070
0.000071
0.000071
0.000072
0.000073
0.000072
0.000070
0.000069
0.000068
0.000067
0.000066
0.000065
0.000064
0.000065
0.000066
0.000068
0.000070
0.000071
0.000072
0.000073
0.000074
0.000074
0.000072
0.000068
0.000065
0.000059
0.000053
0.000046
0.000038
0.000029
0.000019
0.000009
-0.000003
-0.000015
-0.000030
-0.000046
-0.000064
-0.000084
-0.000107
-0.000128
-0.000153
-0.000175
-0.000200
-0.000224
-0.000248
-0.000271
-0.000293
-0.000315
-0.000336
-0.000356
-0.000376
-0.000394
-0.000411
-0.000427
-0.000443
-0.000457
-0.000470
-0.000481
-0.000490
-0.000496
-0.000499
-0.000500
-0.000496
-0.000491
-0.000483
-0.000473
-0.000461
-0.000447
-0.000432
-0.000415
-0.000398
-0.000380
-0.000360
-0.000339
-0.000317
-0.000294
-0.000270
-0.000244
-0.000219
-0.000193
-0.000167
-0.000142
-0.000119
-0.000096
-0.000075
-0.000055
-0.000037
-0.000020
-0.000005
0.000009
0.000022
0.000033
0.000043
0.000052
0.000060
0.000067
0.000073
0.000078
0.000080
0.000082
0.000081
0.000078
0.000075
0.000071
0.000065
0.000059
0.000053
0.000049
0.000043
0.000039
0.000034
0.000032
0.000028
0.000025
0.000022
0.000019
0.000016
0.000012
0.000007
0.000004
-0.000000
-0.000003
-0.000006
-0.000009
-0.000012
-0.000015
-0.000019
-0.000023
-0.000029
-0.000035
-0.000043
-0.000052
-0.000064
-0.000077
-0.000092
-0.000110
-0.000129
-0.000150
-0.000171
-0.000194
-0.000217
-0.000242
-0.000268
-0.000295
-0.000324
-0.000353
-0.000384
-0.000415
-0.000448
-0.000482
-0.000514
-0.000547
-0.000578
-0.000607
-0.000634
-0.000658
-0.000680
-0.000699
-0.000714
-0.000726
-0.000736
-0.000742
-0.000747
-0.000747
-0.000745
-0.000738
-0.000729
-0.000715
-0.000699
-0.000677
-0.000652
-0.000622
-0.000589
-0.000551
-0.000510
-0.000466
-0.000420
-0.000372
-0.000322
-0.000271
-0.000220
-0.000168
-0.000116
-0.000065
-0.000015
0.000035
0.000085
0.000134
0.000182
0.000228
0.000272
0.000314
0.000352
0.000386
0.000416
0.000443
0.000463
0.000479
0.000492
0.000499
0.000505
0.000506
0.000504
0.000499
0.000492
0.000480
0.000465
0.000447
0.000426
0.000402
0.000376
0.000348
0.000316
0.000284
0.000250
0.000216
0.000182
0.000148
0.000115
0.000084
0.000054
0.000026
-0.000001
-0.000027
-0.000052
-0.000075
-0.000098
-0.000119
-0.000138
-0.000156
-0.000171
-0.000184
-0.000193
-0.000202
-0.000206
-0.000208
-0.000209
-0.000207
-0.000203
-0.000199
-0.000195
-0.000188
-0.000182
-0.000174
-0.000168
-0.000161
-0.000153
-0.000145
-0.000136
-0.000129
-0.000119
-0.000111
-0.000103
-0.000096
-0.000089
-0.000085
-0.000083
-0.000083
-0.000084
-0.000088
-0.000093
-0.000098
-0.000105
-0.000113
-0.000121
-0.000129
-0.000137
-0.000146
-0.000156
-0.000166
-0.000177
-0.000188
-0.000199
-0.000212
-0.000225
-0.000238
-0.000253
-0.000267
-0.000279
-0.000290
-0.000300
-0.000307
-0.000312
-0.000315
-0.000318
-0.000318
-0.000317
-0.000315
-0.000312
-0.000307
-0.000302
-0.000296
-0.000287
-0.000278
-0.000267
-0.000255
-0.000241
-0.000225
-0.000208
-0.000190
-0.000171
-0.000153
-0.000134
-0.000116
-0.000099
-0.000083
-0.000068
-0.000054
-0.000042
-0.000031
-0.000022
-0.000014
-0.000008
-0.000003
0.000001
0.000003
0.000003
-0.000000
-0.000007
-0.000017
-0.000030
-0.000046
-0.000066
-0.000088
-0.000112
-0.000138
-0.000166
-0.000195
-0.000224
-0.000254
-0.000285
-0.000316
-0.000349
-0.000380
-0.000412
-0.000444
-0.000477
-0.000508
-0.000538
-0.000565
-0.000592
-0.000614
-0.000635
-0.000651
-0.000663
-0.000672
-0.000676
-0.000676
-0.000672
-0.000666
-0.000655
-0.000640
-0.000623
-0.000602
-0.000578
-0.000550
-0.000519
-0.000483
-0.000443
-0.000400
-0.000353
-0.000304
-0.000251
-0.000197
-0.000141
-0.000083
-0.000026
0.000030
0.000087
0.000143
0.000198
0.000252
0.000305
0.000356
0.000404
0.000451
0.000496
0.000538
0.000576
0.000613
0.000645
0.000673
0.000695
0.000715
0.000731
0.000740
0.000745
0.000746
0.000742
0.000735
0.000724
0.000710
0.000693
0.000675
0.000652
0.000628
0.000600
0.000572
0.000539
0.000506
0.000470
0.000434
0.000397
0.000360
0.000323
0.000288
0.000254
0.000223
0.000192
0.000165
0.000140
0.000118
0.000096
0.000078
0.000060
0.000044
0.000029
0.000016
0.000007
0.000002
-0.000003
-0.000005
-0.000005
-0.000001
0.000005
0.000013
0.000023
0.000034
0.000045
0.000057
0.000070
0.000081
0.000092
0.000102
0.000112
0.000121
0.000131
0.000139
0.000146
0.000154
0.000160
0.000165
0.000168
0.000169
0.000168
0.000164
0.000159
0.000151
0.000140
0.000127
0.000112
0.000096
0.000078
0.000060
0.000041
0.000020
0.000001
-0.000019
-0.000039
-0.000060
-0.000082
-0.000103
-0.000126
-0.000147
-0.000168
-0.000187
-0.000206
-0.000222
-0.000236
-0.000246
-0.000255
-0.000261
-0.000263
-0.000263
-0.000260
-0.000255
-0.000248
-0.000239
-0.000229
-0.000217
-0.000204
-0.000188
-0.000170
-0.000150
-0.000127
-0.000102
-0.000077
-0.000048
-0.000020
0.000010
0.000039
0.000067
0.000095
0.000121
0.000148
0.000172
0.000195
0.000218
0.000240
0.000260
0.000280
0.000298
0.000314
0.000328
0.000342
0.000351
0.000359
0.000365
0.000367
0.000367
0.000363
0.000358
0.000348
0.000338
0.000325
0.000312
0.000298
0.000284
0.000270
0.000256
0.000241
0.000224
0.000208
0.000191
0.000174
0.000156
0.000139
0.000122
0.000106
0.000091
0.000076
0.000065
0.000056
0.000048
0.000044
0.000042
0.000042
0.000044
0.000047
0.000051
0.000056
0.000062
0.000069
0.000077
0.000084
0.000093
0.000102
0.000113
0.000125
0.000138
0.000152
0.000165
0.000178
0.000192
0.000204
0.000214
0.000224
0.000231
0.000238
0.000244
0.000248
0.000250
0.000250
0.000250
0.000249
0.000248
0.000245
0.000241
0.000235
0.000227
0.000218
0.000207
0.000194
0.000179
0.000163
0.000145
0.000127
0.000110
0.000092
0.000073
0.000056
0.000040
0.000024
0.000008
-0.000008
-0.000021
-0.000036
-0.000051
-0.000065
-0.000080
-0.000094
-0.000106
-0.000117
-0.000128
-0.000137
-0.000144
-0.000149
-0.000153
-0.000154
-0.000154
-0.000154
-0.000153
-0.000150
-0.000147
-0.000145
-0.000141
-0.000138
-0.000132
-0.000125
-0.000117
-0.000109
-0.000098
-0.000085
-0.000071
-0.000056
-0.000039
-0.000022
-0.000005
0.000012
0.000031
0.000050
0.000070
0.000089
0.000110
0.000131
0.000153
0.000177
0.000202
0.000228
0.000256
0.000284
0.000312
0.000342
0.000372
0.000401
0.000429
0.000457
0.000485
0.000512
0.000538
0.000563
0.000588
0.000613
0.000637
0.000660
0.000682
0.000704
0.000722
0.000737
0.000751
0.000763
0.000770
0.000774
0.000776
0.000773
0.000769
0.000763
0.000754
0.000743
0.000730
0.000714
0.000696
0.000676
0.000652
0.000626
0.000597
0.000566
0.000532
0.000496
0.000457
0.000419
0.000378
0.000337
0.000296
0.000254
0.000214
0.000176
0.000138
0.000102
0.000066
0.000030
-0.000006
-0.000041
-0.000075
-0.000108
-0.000140
-0.000170
-0.000199
-0.000225
-0.000248
-0.000269
-0.000287
-0.000303
-0.000316
-0.000327
-0.000336
-0.000343
-0.000351
-0.000356
-0.000362
-0.000366
-0.000370
-0.000372
-0.000374
-0.000373
-0.000372
-0.000370
-0.000368
-0.000364
-0.000358
-0.000353
-0.000348
-0.000343
-0.000338
-0.000334
-0.000329
-0.000325
-0.000321
-0.000316
-0.000311
-0.000305
-0.000298
-0.000289
-0.000280
-0.000269
-0.000257
-0.000245
-0.000234
-0.000222
-0.000210
-0.000198
-0.000186
-0.000173
-0.000161
-0.000146
-0.000133
-0.000119
-0.000103
-0.000087
-0.000070
-0.000053
-0.000036
-0.000019
-0.000001
0.000014
0.000029
0.000043
0.000055
0.000065
0.000075
0.000084
0.000093
0.000102
0.000110
0.000117
0.000124
0.000131
0.000135
0.000138
0.000138
0.000138
0.000137
0.000134
0.000129
0.000124
0.000117
0.000109
0.000101
0.000093
0.000084
0.000078
0.000070
0.000064
0.000055
0.000046
0.000036
0.000027
0.000016
0.000005
-0.000006
-0.000018
-0.000028
-0.000038
-0.000047
-0.000055
-0.000063
-0.000070
-0.000075
-0.000080
-0.000085
-0.000091
-0.000096
-0.000102
-0.000109
-0.000115
-0.000124
-0.000132
-0.000140
-0.000148
-0.000157
-0.000165
-0.000173
-0.000180
-0.000186
-0.000192
-0.000199
-0.000207
-0.000215
-0.000223
-0.000233
-0.000243
-0.000253
-0.000263
-0.000270
-0.000278
-0.000283
-0.000288
-0.000289
-0.000291
-0.000291
-0.000290
-0.000287
-0.000284
-0.000280
-0.000276
-0.000270
-0.000263
-0.000255
-0.000244
-0.000233
-0.000219
-0.000203
-0.000186
-0.000167
-0.000146
-0.000125
-0.000104
-0.000083
-0.000062
-0.000040
-0.000019
0.000000
0.000019
0.000037
0.000053
0.000070
0.000087
0.000105
0.000121
0.000136
0.000150
0.000162
0.000173
0.000182
0.000189
0.000193
0.000195
0.000196
0.000195
0.000193
0.000190
0.000186
0.000182
0.000177
0.000172
0.000167
0.000163
0.000158
0.000152
0.000147
0.000141
0.000133
0.000126
0.000119
0.000112
0.000107
0.000102
0.000096
0.000093
0.000092
0.000092
0.000093
0.000095
0.000099
0.000102
0.000106
0.000109
0.000113
0.000118
0.000123
0.000127
0.000132
0.000138
0.000144
0.000150
0.000156
0.000163
0.000171
0.000178
0.000185
0.000190
0.000194
0.000197
0.000198
0.000198
0.000198
0.000196
0.000193
0.000190
0.000185
0.000181
0.000177
0.000173
0.000168
0.000164
0.000158
0.000152
0.000144
0.000136
0.000127
0.000117
0.000106
0.000096
0.000085
0.000074
0.000064
0.000055
0.000046
0.000037
0.000029
0.000021
0.000013
0.000005
-0.000003
-0.000014
-0.000024
-0.000035
-0.000046
-0.000056
-0.000067
-0.000076
-0.000087
-0.000095
-0.000105
-0.000113
-0.000122
-0.000130
-0.000140
-0.000149
-0.000159
-0.000171
-0.000183
-0.000195
-0.000206
-0.000218
-0.000229
-0.000239
-0.000248
-0.000256
-0.000264
-0.000270
-0.000277
-0.000282
-0.000287
-0.000292
-0.000297
-0.000301
-0.000304
-0.000307
-0.000309
-0.000308
-0.000307
-0.000302
-0.000296
-0.000288
-0.000277
-0.000266
-0.000253
-0.000239
-0.000225
-0.000210
-0.000194
-0.000177
-0.000159
-0.000140
-0.000121
-0.000100
-0.000077
-0.000054
-0.000029
-0.000003
0.000024
0.000052
0.000079
0.000106
0.000133
0.000159
0.000183
0.000207
0.000228
0.000249
0.000269
0.000288
0.000307
0.000326
0.000344
0.000361
0.000378
0.000395
0.000409
0.000421
0.000432
0.000439
0.000445
0.000448
0.000449
0.000448
0.000446
0.000443
0.000439
0.000434
0.000427
0.000422
0.000414
0.000405
0.000396
0.000384
0.000371
0.000357
0.000342
0.000326
0.000308
0.000289
0.000270
0.000252
0.000234
0.000217
0.000201
0.000185
0.000170
0.000154
0.000140
0.000126
0.000112
0.000098
0.000083
0.000069
0.000054
0.000040
0.000027
0.000015
0.000005
-0.000003
-0.000010
-0.000017
-0.000022
-0.000027
-0.000031
-0.000034
-0.000036
-0.000038
-0.000040
-0.000043
-0.000044
-0.000045
-0.000046
-0.000045
-0.000044
-0.000041
-0.000037
-0.000032
-0.000027
-0.000021
-0.000015
-0.000009
-0.000003
0.000004
0.000010
0.000015
0.000021
0.000028
0.000035
0.000042
0.000050
0.000058
0.000067
0.000077
0.000087
0.000097
0.000105
0.000113
0.000120
0.000126
0.000130
0.000134
0.000137
0.000140
0.000143
0.000146
0.000148
0.000150
0.000151
0.000153
0.000154
0.000152
0.000148
0.000143
0.000138
0.000132
0.000124
0.000115
0.000106
0.000097
0.000088
0.000080
0.000071
0.000061
0.000052
0.000041
0.000030
0.000019
0.000008
-0.000005
-0.000019
-0.000033
-0.000048
-0.000062
-0.000076
-0.000089
-0.000102
-0.000114
-0.000126
-0.000137
-0.000146
-0.000155
-0.000163
-0.000171
-0.000179
-0.000186
-0.000194
-0.000202
-0.000208
-0.000214
-0.000218
-0.000222
-0.000222
-0.000222
-0.000220
-0.000217
-0.000212
-0.000206
-0.000199
-0.000191
-0.000182
-0.000174
-0.000164
-0.000154
-0.000143
-0.000131
-0.000118
-0.000105
-0.000092
-0.000076
-0.000060
-0.000044
-0.000026
-0.000009
0.000007
0.000022
0.000036
0.000049
0.000061
0.000073
0.000084
0.000093
0.000101
0.000108
0.000115
0.000123
0.000128
0.000134
0.000138
0.000140
0.000141
0.000140
0.000137
0.000134
0.000128
0.000120
0.000111
0.000101
0.000090
0.000081
0.000070
0.000060
0.000050
0.000042
0.000034
0.000025
0.000016
0.000007
-0.000002
-0.000010
-0.000017
-0.000024
-0.000030
-0.000034
-0.000035
-0.000035
-0.000031
-0.000026
-0.000018
-0.000008
0.000004
0.000017
0.000032
0.000048
0.000065
0.000081
0.000099
0.000116
0.000134
0.000155
0.000175
0.000196
0.000218
0.000241
0.000264
0.000286
0.000308
0.000329
0.000349
0.000367
0.000383
0.000396
0.000406
0.000415
0.000422
0.000426
0.000430
0.000431
0.000430
0.000429
0.000425
0.000420
0.000414
0.000406
0.000394
0.000380
0.000364
0.000348
0.000329
0.000310
0.000291
0.000271
0.000253
0.000235
0.000218
0.000203
0.000189
0.000176
0.000164
0.000153
0.000144
0.000135
0.000128
0.000121
0.000117
0.000115
0.000115
0.000118
0.000122
0.000130
0.000138
0.000150
0.000162
0.000176
0.000192
0.000207
0.000223
0.000239
0.000254
0.000268
0.000283
0.000296
0.000310
0.000323
0.000335
0.000347
0.000358
0.000367
0.000374
0.000380
0.000383
0.000384
0.000382
0.000378
0.000371
0.000361
0.000350
0.000336
0.000321
0.000304
0.000288
0.000270
0.000252
0.000233
0.000214
0.000194
0.000173
0.000153
0.000131
0.000109
0.000088
0.000067
0.000047
0.000028
0.000012
-0.000003
-0.000016
-0.000026
-0.000033
-0.000037
-0.000040
-0.000041
-0.000039
-0.000038
-0.000034
-0.000030
-0.000024
-0.000017
-0.000008
0.000003
0.000016
0.000031
0.000047
0.000065
0.000082
0.000101
0.000120
0.000140
0.000161
0.000179
0.000195
0.000212
0.000225
0.000239
0.000251
0.000263
0.000273
0.000284
0.000293
0.000302
0.000308
0.000314
0.000318
0.000320
0.000319
0.000316
0.000310
0.000301
0.000290
0.000278
0.000263
0.000247
0.000230
0.000213
0.000195
0.000177
0.000158
0.000138
0.000117
0.000096
0.000073
0.000050
0.000025
0.000000
-0.000025
-0.000050
-0.000074
-0.000099
-0.000121
-0.000143
-0.000163
-0.000182
-0.000200
-0.000218
-0.000233
-0.000248
-0.000262
-0.000275
-0.000288
-0.000300
-0.000310
-0.000318
-0.000325
-0.000330
-0.000333
-0.000333
-0.000331
-0.000326
-0.000320
-0.000313
-0.000304
-0.000294
-0.000284
-0.000272
-0.000261
-0.000249
-0.000237
-0.000223
-0.000209
-0.000192
-0.000175
-0.000158
-0.000139
-0.000120
-0.000100
-0.000081
-0.000062
-0.000042
-0.000025
-0.000008
0.000009
0.000025
0.000041
0.000056
0.000071
0.000087
0.000104
0.000121
0.000139
0.000157
0.000175
0.000191
0.000207
0.000222
0.000237
0.000251
0.000265
0.000277
0.000290
0.000301
0.000313
0.000325
0.000336
0.000348
0.000361
0.000373
0.000384
0.000393
0.000402
0.000409
0.000416
0.000418
0.000419
0.000419
0.000418
0.000414
0.000410
0.000404
0.000397
0.000389
0.000380
0.000369
0.000358
0.000343
0.000327
0.000308
0.000288
0.000265
0.000239
0.000212
0.000184
0.000156
0.000127
0.000099
0.000070
0.000041
0.000013
-0.000014
-0.000042
-0.000068
-0.000094
-0.000119
-0.000144
-0.000167
-0.000190
-0.000211
-0.000229
-0.000245
-0.000259
-0.000268
-0.000276
-0.000281
-0.000283
-0.000284
-0.000281
-0.000276
-0.000272
-0.000265
-0.000258
-0.000248
-0.000238
-0.000227
-0.000214
-0.000200
-0.000186
-0.000171
-0.000155
-0.000140
-0.000125
-0.000111
-0.000098
-0.000087
-0.000078
-0.000071
-0.000067
-0.000066
-0.000067
-0.000071
-0.000075
-0.000081
-0.000089
-0.000098
-0.000108
-0.000120
-0.000135
-0.000150
-0.000166
-0.000184
-0.000204
-0.000225
-0.000249
-0.000272
-0.000296
-0.000318
-0.000340
-0.000360
-0.000378
-0.000394
-0.000407
-0.000418
-0.000426
-0.000431
-0.000435
-0.000437
-0.000436
-0.000432
-0.000426
-0.000416
-0.000404
-0.000389
-0.000371
-0.000350
-0.000327
-0.000301
-0.000272
-0.000241
-0.000209
-0.000176
-0.000142
-0.000108
-0.000074
-0.000041
-0.000009
0.000022
0.000053
0.000083
0.000111
0.000138
0.000163
0.000186
0.000209
0.000230
0.000248
0.000264
0.000275
0.000284
0.000291
0.000293
0.000294
0.000291
0.000285
0.000278
0.000269
0.000258
0.000246
0.000232
0.000217
0.000201
0.000186
0.000169
0.000152
0.000134
0.000115
0.000097
0.000078
0.000059
0.000042
0.000026
0.000013
0.000001
-0.000007
-0.000015
-0.000019
-0.000022
-0.000023
-0.000023
-0.000021
-0.000018
-0.000015
-0.000009
-0.000004
0.000004
0.000013
0.000024
0.000036
0.000048
0.000063
0.000077
0.000092
0.000107
0.000120
0.000133
0.000145
0.000155
0.000164
0.000170
0.000176
0.000180
0.000184
0.000186
0.000186
0.000186
0.000186
0.000184
0.000182
0.000179
0.000174
0.000167
0.000158
0.000148
0.000136
0.000124
0.000110
0.000097
0.000084
0.000072
0.000061
0.000051
0.000042
0.000035
0.000028
0.000023
0.000019
0.000016
0.000014
0.000013
0.000013
0.000014
0.000017
0.000022
0.000029
0.000039
0.000050
0.000064
0.000080
0.000098
0.000117
0.000137
0.000160
0.000181
0.000202
0.000223
0.000242
0.000262
0.000281
0.000298
0.000316
0.000332
0.000348
0.000363
0.000377
0.000390
0.000400
0.000409
0.000416
0.000420
0.000421
0.000419
0.000414
0.000405
0.000394
0.000381
0.000366
0.000350
0.000332
0.000314
0.000294
0.000272
0.000249
0.000225
0.000199
0.000173
0.000147
0.000121
0.000094
0.000068
0.000042
0.000017
-0.000006
-0.000026
-0.000045
-0.000061
-0.000076
-0.000088
-0.000100
-0.000109
-0.000116
-0.000121
-0.000124
-0.000127
-0.000127
-0.000125
-0.000122
-0.000116
-0.000107
-0.000097
-0.000084
-0.000069
-0.000054
-0.000037
-0.000020
-0.000003
0.000013
0.000030
0.000046
0.000061
0.000077
0.000091
0.000104
0.000117
0.000131
0.000142
0.000154
0.000166
0.000176
0.000185
0.000191
0.000195
0.000199
0.000199
0.000197
0.000193
0.000189
0.000183
0.000174
0.000166
0.000158
0.000150
0.000142
0.000132
0.000124
0.000113
0.000102
0.000091
0.000078
0.000065
0.000051
0.000037
0.000024
0.000011
-0.000001
-0.000011
-0.000021
-0.000029
-0.000036
-0.000040
-0.000043
-0.000044
-0.000046
-0.000045
-0.000046
-0.000046
-0.000045
-0.000043
-0.000040
-0.000036
-0.000030
-0.000023
-0.000014
-0.000005
0.000005
0.000018
0.000032
0.000046
0.000059
0.000071
0.000082
0.000094
0.000105
0.000116
0.000126
0.000136
0.000146
0.000155
0.000164
0.000172
0.000179
0.000185
0.000189
0.000190
0.000192
0.000191
0.000187
0.000181
0.000173
0.000162
0.000150
0.000136
0.000121
0.000104
0.000086
0.000066
0.000046
0.000024
-0.000000
-0.000026
-0.000052
-0.000081
-0.000111
-0.000142
-0.000175
-0.000208
-0.000240
-0.000271
-0.000303
-0.000333
-0.000362
-0.000390
-0.000417
-0.000443
-0.000467
-0.000490
-0.000514
-0.000535
-0.000557
-0.000577
-0.000595
-0.000610
-0.000624
-0.000634
-0.000641
-0.000645
-0.000646
-0.000644
-0.000639
-0.000633
-0.000625
-0.000614
-0.000604
-0.000591
-0.000577
-0.000562
-0.000546
-0.000527
-0.000509
-0.000487
-0.000464
-0.000440
-0.000414
-0.000387
-0.000361
-0.000335
-0.000310
-0.000285
-0.000260
-0.000238
-0.000218
-0.000199
-0.000182
-0.000167
-0.000152
-0.000139
-0.000126
-0.000115
-0.000104
-0.000094
-0.000085
-0.000078
-0.000072
-0.000068
-0.000067
-0.000068
-0.000071
-0.000074
-0.000079
-0.000084
-0.000090
-0.000097
-0.000103
-0.000109
-0.000115
-0.000120
-0.000126
-0.000131
-0.000136
-0.000142
-0.000148
-0.000154
-0.000160
-0.000165
-0.000169
-0.000172
-0.000174
-0.000176
-0.000175
-0.000173
-0.000169
-0.000164
-0.000157
-0.000149
-0.000142
-0.000134
-0.000126
-0.000116
-0.000108
-0.000098
-0.000087
-0.000077
-0.000065
-0.000052
-0.000039
-0.000025
-0.000010
0.000003
0.000016
0.000028
0.000040
0.000050
0.000060
0.000068
0.000075
0.000080
0.000084
0.000087
0.000090
0.000093
0.000095
0.000095
0.000095
0.000093
0.000090
0.000086
0.000081
0.000073
0.000063
0.000054
0.000043
0.000032
0.000021
0.000009
-0.000002
-0.000012
-0.000022
-0.000030
-0.000038
-0.000046
-0.000052
-0.000058
-0.000065
-0.000073
-0.000078
-0.000083
-0.000089
-0.000092
-0.000095
-0.000096
-0.000094
-0.000091
-0.000086
-0.000080
-0.000071
-0.000063
-0.000056
-0.000048
-0.000040
-0.000033
-0.000026
-0.000021
-0.000015
-0.000011
-0.000005
0.000000
0.000006
0.000010
0.000014
0.000019
0.000022
0.000023
0.000024
0.000023
0.000020
0.000014
0.000008
-0.000001
-0.000011
-0.000022
-0.000033
-0.000044
-0.000054
-0.000065
-0.000075
-0.000084
-0.000092
-0.000100
-0.000108
-0.000114
-0.000121
-0.000127
-0.000132
-0.000136
-0.000137
-0.000137
-0.000133
-0.000126
-0.000118
-0.000107
-0.000092
-0.000075
-0.000056
-0.000035
-0.000013
0.000010
0.000036
0.000063
0.000090
0.000118
0.000148
0.000177
0.000207
0.000237
0.000268
0.000300
0.000330
0.000360
0.000386
0.000412
0.000435
0.000455
0.000471
0.000484
0.000494
0.000501
0.000503
0.000503
0.000500
0.000495
0.000486
0.000475
0.000459
0.000442
0.000422
0.000397
0.000370
0.000340
0.000306
0.000271
0.000234
0.000196
0.000157
0.000117
0.000077
0.000038
-0.000001
-0.000038
-0.000075
-0.000112
-0.000147
-0.000182
-0.000216
-0.000249
-0.000281
-0.000311
-0.000340
-0.000367
-0.000392
-0.000414
-0.000435
-0.000452
-0.000469
-0.000482
-0.000494
-0.000503
-0.000513
-0.000522
-0.000531
-0.000539
-0.000547
-0.000555
-0.000563
-0.000570
-0.000576
-0.000582
-0.000588
-0.000593
-0.000598
-0.000604
-0.000608
-0.000613
-0.000617
-0.000621
-0.000626
-0.000633
-0.000639
-0.000645
-0.000650
-0.000655
-0.000658
-0.000661
-0.000661
-0.000659
-0.000656
-0.000651
-0.000643
-0.000635
-0.000624
-0.000611
-0.000598
-0.000583
-0.000566
-0.000547
-0.000527
-0.000504
-0.000479
-0.000452
-0.000423
-0.000391
-0.000357
-0.000322
-0.000285
-0.000248
-0.000210
-0.000172
-0.000135
-0.000097
-0.000061
-0.000025
0.000011
0.000045
0.000078
0.000110
0.000140
0.000170
0.000196
0.000221
0.000244
0.000264
0.000280
0.000293
0.000303
0.000310
0.000312
0.000312
0.000308
0.000302
0.000292
0.000283
0.000270
0.000255
0.000239
0.000220
0.000200
0.000178
0.000154
0.000128
0.000101
0.000070
0.000039
0.000008
-0.000024
-0.000056
-0.000087
-0.000116
-0.000145
-0.000172
-0.000197
-0.000221
-0.000244
-0.000266
-0.000288
-0.000309
-0.000329
-0.000348
-0.000366
-0.000381
-0.000396
-0.000410
-0.000422
-0.000431
-0.000437
-0.000443
-0.000447
-0.000450
-0.000451
-0.000452
-0.000452
-0.000452
-0.000451
-0.000450
-0.000447
-0.000444
-0.000441
-0.000437
-0.000432
-0.000424
-0.000417
-0.000409
-0.000400
-0.000391
-0.000383
-0.000375
-0.000367
-0.000360
-0.000352
-0.000345
-0.000340
-0.000335
-0.000330
-0.000324
-0.000319
-0.000314
-0.000309
-0.000304
-0.000299
-0.000294
-0.000290
-0.000287
-0.000286
-0.000286
-0.000287
-0.000290
-0.000294
-0.000299
-0.000304
-0.000310
-0.000315
-0.000321
-0.000327
-0.000334
-0.000340
-0.000348
-0.000355
-0.000364
-0.000375
-0.000387
-0.000400
-0.000412
-0.000425
-0.000437
-0.000450
-0.000461
-0.000471
-0.000480
-0.000488
-0.000494
-0.000498
-0.000503
-0.000507
-0.000509
-0.000510
-0.000510
-0.000510
-0.000509
-0.000506
-0.000500
-0.000494
-0.000485
-0.000473
-0.000460
-0.000445
-0.000427
-0.000408
-0.000388
-0.000367
-0.000345
-0.000321
-0.000297
-0.000272
-0.000248
-0.000222
-0.000196
-0.000169
-0.000142
-0.000115
-0.000087
-0.000060
-0.000033
-0.000008
0.000015
0.000035
0.000055
0.000071
0.000085
0.000098
0.000107
0.000115
0.000120
0.000124
0.000125
0.000125
0.000123
0.000120
0.000113
0.000104
0.000091
0.000077
0.000058
0.000038
0.000016
-0.000008
-0.000034
-0.000060
-0.000087
-0.000113
-0.000140
-0.000166
-0.000192
-0.000217
-0.000242
-0.000266
-0.000290
-0.000313
-0.000336
-0.000359
-0.000380
-0.000402
-0.000420
-0.000437
-0.000453
-0.000465
-0.000475
-0.000481
-0.000486
-0.000490
-0.000491
-0.000490
-0.000488
-0.000485
-0.000481
-0.000475
-0.000470
-0.000462
-0.000453
-0.000444
-0.000432
-0.000418
-0.000404
-0.000388
-0.000371
-0.000354
-0.000335
-0.000317
-0.000300
-0.000283
-0.000266
-0.000250
-0.000233
-0.000218
-0.000203
-0.000188
-0.000173
-0.000157
-0.000141
-0.000124
-0.000109
-0.000094
-0.000079
-0.000064
-0.000051
-0.000039
-0.000028
-0.000017
-0.000007
0.000001
0.000010
0.000018
0.000027
0.000036
0.000045
0.000056
0.000067
0.000078
0.000088
0.000098
0.000108
0.000116
0.000126
0.000136
0.000145
0.000155
0.000164
0.000174
0.000185
0.000196
0.000207
0.000220
0.000234
0.000248
0.000262
0.000275
0.000288
0.000300
0.000311
0.000322
0.000332
0.000342
0.000351
0.000360
0.000369
0.000378
0.000384
0.000391
0.000397
0.000403
0.000405
0.000407
0.000407
0.000404
0.000401
0.000397
0.000391
0.000384
0.000376
0.000367
0.000358
0.000348
0.000338
0.000327
0.000316
0.000304
0.000291
0.000276
0.000260
0.000243
0.000225
0.000208
0.000191
0.000172
0.000156
0.000140
0.000125
0.000110
0.000097
0.000086
0.000075
0.000064
0.000054
0.000044
0.000036
0.000027
0.000020
0.000014
0.000010
0.000008
0.000007
0.000010
0.000013
0.000017
0.000023
0.000031
0.000040
0.000049
0.000057
0.000066
0.000074
0.000081
0.000088
0.000094
0.000101
0.000105
0.000110
0.000116
0.000120
0.000124
0.000125
0.000126
0.000125
0.000121
0.000114
0.000105
0.000093
0.000079
0.000062
0.000043
0.000023
0.000001
-0.000022
-0.000047
-0.000072
-0.000097
-0.000124
-0.000151
-0.000179
-0.000207
-0.000236
-0.000266
-0.000298
-0.000328
-0.000360
-0.000390
-0.000420
-0.000449
-0.000475
-0.000500
-0.000522
-0.000543
-0.000562
-0.000578
-0.000593
-0.000605
-0.000615
-0.000625
-0.000632
-0.000638
-0.000642
-0.000644
-0.000642
-0.000638
-0.000632
-0.000623
-0.000611
-0.000598
-0.000582
-0.000563
-0.000546
-0.000528
-0.000510
-0.000491
-0.000471
-0.000451
-0.000431
-0.000412
-0.000390
-0.000369
-0.000348
-0.000326
-0.000304
-0.000283
-0.000263
-0.000244
-0.000227
-0.000211
-0.000197
-0.000185
-0.000174
-0.000163
-0.000154
-0.000145
-0.000137
-0.000129
-0.000123
-0.000116
-0.000110
-0.000103
-0.000097
-0.000093
-0.000088
-0.000085
-0.000082
-0.000080
-0.000078
-0.000078
-0.000075
-0.000073
-0.000069
-0.000065
-0.000057
-0.000050
-0.000041
-0.000030
-0.000018
-0.000007
0.000006
0.000019
0.000032
0.000046
0.000059
0.000073
0.000088
0.000104
0.000121
0.000138
0.000157
0.000176
0.000197
0.000217
0.000237
0.000256
0.000275
0.000294
0.000311
0.000327
0.000342
0.000356
0.000369
0.000381
0.000392
0.000404
0.000414
0.000423
0.000431
0.000438
0.000443
0.000447
0.000448
0.000448
0.000446
0.000440
0.000434
0.000427
0.000417
0.000409
0.000397
0.000385
0.000373
0.000360
0.000347
0.000332
0.000318
0.000303
0.000285
0.000268
0.000249
0.000230
0.000211
0.000191
0.000174
0.000156
0.000140
0.000125
0.000111
0.000099
0.000088
0.000078
0.000070
0.000062
0.000053
0.000046
0.000039
0.000033
0.000028
0.000025
0.000023
0.000023
0.000026
0.000029
0.000034
0.000040
0.000047
0.000056
0.000066
0.000075
0.000084
0.000093
0.000102
0.000112
0.000121
0.000130
0.000141
0.000152
0.000166
0.000179
0.000193
0.000206
0.000220
0.000235
0.000249
0.000263
0.000275
0.000287
0.000299
0.000309
0.000318
0.000328
0.000339
0.000350
0.000361
0.000373
0.000385
0.000397
0.000407
0.000417
0.000425
0.000432
0.000438
0.000441
0.000443
0.000444
0.000443
0.000441
0.000439
0.000436
0.000432
0.000426
0.000420
0.000413
0.000405
0.000394
0.000380
0.000364
0.000346
0.000326
0.000304
0.000282
0.000258
0.000233
0.000208
0.000182
0.000157
0.000130
0.000104
0.000079
0.000053
0.000026
0.000001
-0.000024
-0.000049
-0.000074
-0.000097
-0.000120
-0.000141
-0.000161
-0.000179
-0.000193
-0.000204
-0.000213
-0.000220
-0.000224
-0.000227
-0.000228
-0.000227
-0.000225
-0.000221
-0.000214
-0.000208
-0.000199
-0.000188
-0.000176
-0.000161
-0.000145
-0.000127
-0.000108
-0.000086
-0.000066
-0.000046
-0.000026
-0.000008
0.000010
0.000027
0.000044
0.000058
0.000071
0.000084
0.000096
0.000106
0.000117
0.000125
0.000131
0.000137
0.000141
0.000143
0.000141
0.000138
0.000131
0.000123
0.000113
0.000102
0.000091
0.000079
0.000067
0.000055
0.000044
0.000034
0.000025
0.000014
0.000007
-0.000002
-0.000010
-0.000016
-0.000022
-0.000026
-0.000030
-0.000032
-0.000033
-0.000032
-0.000028
-0.000024
-0.000016
-0.000006
0.000005
0.000017
0.000030
0.000042
0.000056
0.000070
0.000083
0.000096
0.000108
0.000120
0.000133
0.000144
0.000156
0.000168
0.000178
0.000188
0.000196
0.000203
0.000210
0.000213
0.000214
0.000211
0.000207
0.000201
0.000191
0.000179
0.000166
0.000151
0.000135
0.000118
0.000099
0.000079
0.000059
0.000038
0.000015
-0.000010
-0.000035
-0.000061
-0.000088
-0.000115
-0.000142
-0.000169
-0.000194
-0.000217
-0.000241
-0.000262
-0.000282
-0.000299
-0.000315
-0.000330
-0.000341
-0.000352
-0.000362
-0.000369
-0.000374
-0.000377
-0.000377
-0.000376
-0.000371
-0.000365
-0.000355
-0.000343
-0.000326
-0.000309
-0.000289
-0.000267
-0.000245
-0.000222
-0.000198
-0.000174
-0.000150
-0.000125
-0.000100
-0.000074
-0.000047
-0.000019
0.000009
0.000039
0.000068
0.000098
0.000126
0.000155
0.000181
0.000207
0.000230
0.000252
0.000271
0.000290
0.000307
0.000323
0.000338
0.000351
0.000363
0.000373
0.000383
0.000391
0.000396
0.000400
0.000402
0.000402
0.000400
0.000395
0.000389
0.000380
0.000372
0.000361
0.000351
0.000340
0.000330
0.000318
0.000307
0.000294
0.000282
0.000269
0.000255
0.000241
0.000225
0.000211
0.000195
0.000181
0.000167
0.000155
0.000145
0.000136
0.000129
0.000123
0.000118
0.000114
0.000112
0.000111
0.000110
0.000109
0.000109
0.000109
0.000112
0.000114
0.000118
0.000122
0.000130
0.000138
0.000147
0.000157
0.000168
0.000179
0.000189
0.000199
0.000208
0.000216
0.000224
0.000231
0.000236
0.000241
0.000245
0.000249
0.000252
0.000255
0.000257
0.000259
0.000259
0.000257
0.000255
0.000252
0.000246
0.000238
0.000229
0.000219
0.000208
0.000197
0.000186
0.000176
0.000165
0.000154
0.000143
0.000131
0.000120
0.000108
0.000097
0.000084
0.000071
0.000057
0.000043
0.000029
0.000015
0.000001
-0.000010
-0.000022
-0.000033
-0.000042
-0.000051
-0.000059
-0.000067
-0.000076
-0.000084
-0.000093
-0.000101
-0.000110
-0.000119
-0.000128
-0.000136
-0.000144
-0.000150
-0.000157
-0.000161
-0.000166
-0.000169
-0.000171
-0.000174
-0.000176
-0.000178
-0.000181
-0.000181
-0.000183
-0.000184
-0.000183
-0.000182
-0.000178
-0.000175
-0.000169
-0.000161
-0.000151
-0.000140
-0.000127
-0.000113
-0.000098
-0.000082
-0.000064
-0.000046
-0.000028
-0.000008
0.000013
0.000035
0.000058
0.000083
0.000111
0.000139
0.000167
0.000195
0.000225
0.000253
0.000280
0.000307
0.000333
0.000358
0.000382
0.000403
0.000422
0.000441
0.000459
0.000475
0.000490
0.000503
0.000516
0.000527
0.000534
0.000538
0.000539
0.000537
0.000534
0.000528
0.000519
0.000509
0.000496
0.000482
0.000466
0.000450
0.000432
0.000414
0.000394
0.000372
0.000352
0.000329
0.000305
0.000280
0.000256
0.000231
0.000207
0.000183
0.000160
0.000136
0.000114
0.000094
0.000075
0.000059
0.000045
0.000032
0.000020
0.000010
-0.000000
-0.000009
-0.000017
-0.000024
-0.000030
-0.000035
-0.000039
-0.000040
-0.000039
-0.000037
-0.000035
-0.000031
-0.000025
-0.000019
-0.000012
-0.000006
0.000000
0.000005
0.000010
0.000015
0.000019
0.000024
0.000028
0.000032
0.000036
0.000042
0.000047
0.000053
0.000059
0.000063
0.000067
0.000070
0.000070
0.000070
0.000068
0.000066
0.000063
0.000059
0.000055
0.000051
0.000047
0.000042
0.000037
0.000033
0.000029
0.000024
0.000018
0.000011
0.000004
-0.000005
-0.000015
-0.000025
-0.000035
-0.000046
-0.000055
-0.000064
-0.000073
-0.000082
-0.000089
-0.000096
-0.000102
-0.000109
-0.000115
-0.000122
-0.000129
-0.000135
-0.000142
-0.000149
-0.000156
-0.000161
-0.000167
-0.000170
-0.000173
-0.000175
-0.000177
-0.000177
-0.000177
-0.000177
-0.000177
-0.000177
-0.000178
-0.000178
-0.000177
-0.000178
-0.000176
-0.000176
-0.000173
-0.000170
-0.000165
-0.000160
-0.000154
-0.000149
-0.000143
-0.000138
-0.000132
-0.000128
-0.000124
-0.000121
-0.000118
-0.000115
-0.000112
-0.000109
-0.000105
-0.000101
-0.000096
-0.000089
-0.000082
-0.000077
-0.000071
-0.000067
-0.000063
-0.000060
-0.000057
-0.000056
-0.000056
-0.000055
-0.000055
-0.000054
-0.000054
-0.000052
-0.000051
-0.000050
-0.000049
-0.000048
-0.000047
-0.000045
-0.000045
-0.000046
-0.000047
-0.000048
-0.000049
-0.000051
-0.000050
-0.000050
-0.000047
-0.000045
-0.000042
-0.000037
-0.000032
-0.000025
-0.000018
-0.000012
-0.000006
-0.000000
0.000006
0.000010
0.000017
0.000022
0.000029
0.000036
0.000044
0.000052
0.000060
0.000067
0.000073
0.000079
0.000083
0.000086
0.000086
0.000084
0.000080
0.000074
0.000065
0.000053
0.000042
0.000029
0.000014
-0.000002
-0.000021
-0.000040
-0.000061
-0.000086
-0.000111
-0.000137
-0.000167
-0.000198
-0.000230
-0.000264
-0.000296
-0.000327
-0.000359
-0.000388
-0.000416
-0.000443
-0.000467
-0.000488
-0.000508
-0.000524
-0.000537
-0.000546
-0.000553
-0.000557
-0.000556
-0.000551
-0.000541
-0.000526
-0.000505
-0.000478
-0.000446
-0.000409
-0.000367
-0.000320
-0.000268
-0.000212
-0.000153
-0.000092
-0.000028
0.000039
0.000107
0.000177
0.000248
0.000319
0.000390
0.000462
0.000533
0.000604
0.000672
0.000737
0.000800
0.000858
0.000911
0.000959
0.001001
0.001038
0.001068
0.001093
0.001110
0.001123
0.001129
0.001128
0.001123
0.001112
0.001096
0.001074
0.001045
0.001012
0.000974
0.000931
0.000884
0.000833
0.000779
0.000723
0.000665
0.000607
0.000550
0.000493
0.000437
0.000383
0.000330
0.000280
0.000232
0.000188
0.000146
0.000107
0.000071
0.000041
0.000013
-0.000011
-0.000030
-0.000043
-0.000052
-0.000057
-0.000058
-0.000054
-0.000046
-0.000036
-0.000023
-0.000007
0.000011
0.000031
0.000051
0.000072
0.000093
0.000114
0.000134
0.000154
0.000173
0.000194
0.000212
0.000229
0.000244
0.000256
0.000267
0.000273
0.000277
0.000278
0.000274
0.000267
0.000258
0.000245
0.000232
0.000216
0.000198
0.000179
0.000159
0.000138
0.000114
0.000090
0.000065
0.000038
0.000011
-0.000017
-0.000044
-0.000073
-0.000101
-0.000127
-0.000152
-0.000175
-0.000196
-0.000214
-0.000231
-0.000244
-0.000255
-0.000264
-0.000273
-0.000279
-0.000284
-0.000287
-0.000287
-0.000287
-0.000285
-0.000281
-0.000276
-0.000267
-0.000256
-0.000245
-0.000232
-0.000219
-0.000205
-0.000191
-0.000178
-0.000166
-0.000154
-0.000144
-0.000134
-0.000125
-0.000118
-0.000111
-0.000105
-0.000099
-0.000094
-0.000090
-0.000087
-0.000084
-0.000084
-0.000086
-0.000089
-0.000095
-0.000103
-0.000112
-0.000123
-0.000134
-0.000144
-0.000157
-0.000168
-0.000181
-0.000192
-0.000205
-0.000216
-0.000227
-0.000239
-0.000250
-0.000260
-0.000271
-0.000281
-0.000292
-0.000302
-0.000310
-0.000317
-0.000322
-0.000324
-0.000324
-0.000323
-0.000318
-0.000312
-0.000304
-0.000296
-0.000285
-0.000274
-0.000260
-0.000246
-0.000230
-0.000214
-0.000198
-0.000179
-0.000161
-0.000139
-0.000117
-0.000092
-0.000068
-0.000044
-0.000020
0.000005
0.000027
0.000049
0.000071
0.000090
0.000107
0.000125
0.000141
0.000155
0.000169
0.000182
0.000193
0.000204
0.000214
0.000222
0.000228
0.000232
0.000234
0.000235
0.000234
0.000231
0.000226
0.000221
0.000214
0.000206
0.000198
0.000189
0.000182
0.000174
0.000165
0.000158
0.000150
0.000143
0.000134
0.000124
0.000114
0.000104
0.000095
0.000085
0.000076
0.000069
0.000063
0.000058
0.000054
0.000051
0.000049
0.000047
0.000045
0.000042
0.000039
0.000035
0.000029
0.000024
0.000017
0.000010
0.000004
-0.000004
-0.000011
-0.000019
-0.000028
-0.000038
-0.000046
-0.000057
-0.000068
-0.000079
-0.000093
-0.000107
-0.000123
-0.000138
-0.000154
-0.000170
-0.000186
-0.000201
-0.000216
-0.000230
-0.000243
-0.000254
-0.000264
-0.000274
-0.000283
-0.000290
-0.000297
-0.000301
-0.000305
-0.000308
-0.000309
-0.000308
-0.000305
-0.000300
-0.000292
-0.000283
-0.000271
-0.000257
-0.000242
-0.000225
-0.000208
-0.000189
-0.000170
-0.000151
-0.000131
-0.000111
-0.000090
-0.000070
-0.000049
-0.000028
-0.000008
0.000012
0.000031
0.000050
0.000067
0.000083
0.000096
0.000106
0.000114
0.000121
0.000127
0.000129
0.000130
0.000128
0.000124
0.000120
0.000116
0.000110
0.000103
0.000094
0.000083
0.000072
0.000058
0.000043
0.000027
0.000010
-0.000008
-0.000027
-0.000045
-0.000064
-0.000081
-0.000097
-0.000112
-0.000125
-0.000136
-0.000148
-0.000159
-0.000169
-0.000179
-0.000188
-0.000197
-0.000206
-0.000213
-0.000219
-0.000224
-0.000227
-0.000227
-0.000227
-0.000225
-0.000222
-0.000216
-0.000210
-0.000203
-0.000195
-0.000189
-0.000182
-0.000175
-0.000167
-0.000159
-0.000152
-0.000143
-0.000134
-0.000124
-0.000114
-0.000103
-0.000091
-0.000078
-0.000065
-0.000053
-0.000040
-0.000028
-0.000016
-0.000005
0.000006
0.000018
0.000030
0.000041
0.000054
0.000068
0.000083
0.000099
0.000114
0.000130
0.000146
0.000161
0.000177
0.000191
0.000205
0.000218
0.000230
0.000241
0.000253
0.000265
0.000276
0.000288
0.000299
0.000310
0.000321
0.000330
0.000340
0.000348
0.000354
0.000358
0.000360
0.000361
0.000362
0.000360
0.000359
0.000358
0.000356
0.000353
0.000350
0.000348
0.000344
0.000339
0.000335
0.000328
0.000320
0.000310
0.000300
0.000289
0.000278
0.000265
0.000253
0.000241
0.000229
0.000217
0.000206
0.000194
0.000182
0.000170
0.000158
0.000144
0.000129
0.000115
0.000099
0.000083
0.000066
0.000049
0.000033
0.000018
0.000003
-0.000011
-0.000026
-0.000039
-0.000052
-0.000066
-0.000080
-0.000094
-0.000108
-0.000124
-0.000139
-0.000154
-0.000169
-0.000183
-0.000195
-0.000208
-0.000217
-0.000226
-0.000233
-0.000239
-0.000243
-0.000247
-0.000249
-0.000251
-0.000253
-0.000252
-0.000251
-0.000248
-0.000243
-0.000237
-0.000228
-0.000217
-0.000202
-0.000186
-0.000168
-0.000147
-0.000126
-0.000104
-0.000080
-0.000055
-0.000030
-0.000004
0.000021
0.000046
0.000074
0.000101
0.000130
0.000160
0.000191
0.000221
0.000252
0.000282
0.000312
0.000340
0.000367
0.000393
0.000416
0.000438
0.000458
0.000476
0.000493
0.000509
0.000524
0.000538
0.000550
0.000562
0.000572
0.000579
0.000585
0.000588
0.000587
0.000586
0.000582
0.000575
0.000566
0.000556
0.000544
0.000530
0.000517
0.000503
0.000489
0.000475
0.000459
0.000442
0.000425
0.000406
0.000387
0.000366
0.000347
0.000326
0.000306
0.000286
0.000266
0.000248
0.000232
0.000216
0.000201
0.000186
0.000172
0.000158
0.000145
0.000133
0.000120
0.000108
0.000095
0.000082
0.000071
0.000061
0.000053
0.000045
0.000039
0.000034
0.000030
0.000026
0.000026
0.000026
0.000026
0.000026
0.000027
0.000027
0.000027
0.000028
0.000030
0.000032
0.000036
0.000041
0.000047
0.000054
0.000063
0.000073
0.000084
0.000095
0.000106
0.000116
0.000127
0.000139
0.000150
0.000160
0.000171
0.000182
0.000193
0.000206
0.000219
0.000232
0.000244
0.000258
0.000270
0.000283
0.000292
0.000302
0.000310
0.000316
0.000320
0.000322
0.000323
0.000323
0.000322
0.000320
0.000317
0.000314
0.000310
0.000305
0.000299
0.000290
0.000280
0.000269
0.000255
0.000242
0.000226
0.000209
0.000191
0.000174
0.000156
0.000139
0.000123
0.000108
0.000093
0.000078
0.000064
0.000050
0.000037
0.000024
0.000012
-0.000001
-0.000011
-0.000019
-0.000027
-0.000033
-0.000037
-0.000037
-0.000036
-0.000033
-0.000029
-0.000023
-0.000016
-0.000008
0.000002
0.000010
0.000020
0.000031
0.000043
0.000056
0.000070
0.000085
0.000102
0.000119
0.000138
0.000156
0.000176
0.000195
0.000214
0.000231
0.000248
0.000264
0.000280
0.000296
0.000309
0.000322
0.000335
0.000349
0.000363
0.000377
0.000391
0.000405
0.000421
0.000434
0.000448
0.000460
0.000472
0.000482
0.000492
0.000500
0.000508
0.000516
0.000523
0.000528
0.000534
0.000541
0.000547
0.000551
0.000554
0.000557
0.000559
0.000556
0.000552
0.000545
0.000535
0.000524
0.000511
0.000495
0.000477
0.000457
0.000435
0.000412
0.000386
0.000358
0.000328
0.000295
0.000261
0.000223
0.000183
0.000141
0.000096
0.000051
0.000004
-0.000045
-0.000092
-0.000140
-0.000188
-0.000235
-0.000282
-0.000327
-0.000370
-0.000412
-0.000454
-0.000495
-0.000533
-0.000569
-0.000602
-0.000632
-0.000660
-0.000683
-0.000702
-0.000716
-0.000725
-0.000729
-0.000728
-0.000723
-0.000713
-0.000699
-0.000680
-0.000658
-0.000631
-0.000601
-0.000567
-0.000530
-0.000489
-0.000444
-0.000395
-0.000343
-0.000290
-0.000233
-0.000174
-0.000115
-0.000054
0.000005
0.000064
0.000123
0.000181
0.000237
0.000292
0.000344
0.000395
0.000444
0.000490
0.000534
0.000575
0.000613
0.000647
0.000677
0.000702
0.000723
0.000740
0.000751
0.000758
0.000760
0.000757
0.000751
0.000742
0.000729
0.000713
0.000695
0.000674
0.000650
0.000624
0.000596
0.000564
0.000531
0.000496
0.000460
0.000422
0.000385
0.000346
0.000309
0.000273
0.000238
0.000206
0.000175
0.000146
0.000121
0.000097
0.000077
0.000058
0.000042
0.000027
0.000014
0.000003
-0.000006
-0.000012
-0.000014
-0.000015
-0.000012
-0.000006
0.000002
0.000012
0.000024
0.000038
0.000053
0.000069
0.000085
0.000100
0.000117
0.000132
0.000148
0.000162
0.000176
0.000190
0.000204
0.000218
0.000231
0.000243
0.000255
0.000266
0.000276
0.000284
0.000292
0.000297
0.000301
0.000303
0.000304
0.000304
0.000303
0.000301
0.000301
0.000301
0.000300
0.000300
0.000300
0.000300
0.000301
0.000301
0.000301
0.000300
0.000298
0.000296
0.000295
0.000295
0.000294
0.000296
0.000298
0.000301
0.000304
0.000308
0.000313
0.000319
0.000323
0.000327
0.000330
0.000332
0.000332
0.000332
0.000331
0.000329
0.000326
0.000323
0.000319
0.000314
0.000307
0.000300
0.000292
0.000282
0.000271
0.000257
0.000240
0.000222
0.000201
0.000179
0.000154
0.000129
0.000102
0.000075
0.000047
0.000020
-0.000008
-0.000035
-0.000063
-0.000092
-0.000121
-0.000150
-0.000179
-0.000209
-0.000238
-0.000266
-0.000293
-0.000318
-0.000342
-0.000363
-0.000382
-0.000398
-0.000411
-0.000423
-0.000433
-0.000441
-0.000448
-0.000453
-0.000457
-0.000460
-0.000461
-0.000461
-0.000458
-0.000453
-0.000446
-0.000438
-0.000428
-0.000415
-0.000401
-0.000386
-0.000371
-0.000355
-0.000340
-0.000325
-0.000309
-0.000294
-0.000279
-0.000263
-0.000248
-0.000233
-0.000219
-0.000202
-0.000187
-0.000172
-0.000157
-0.000144
-0.000130
-0.000119
-0.000108
-0.000100
-0.000091
-0.000082
-0.000074
-0.000067
-0.000059
-0.000052
-0.000045
-0.000037
-0.000030
-0.000022
-0.000016
-0.000008
-0.000004
0.000001
0.000004
0.000007
0.000007
0.000008
0.000007
0.000007
0.000006
0.000005
0.000003
0.000001
-0.000002
-0.000006
-0.000010
-0.000016
-0.000024
-0.000034
-0.000047
-0.000061
-0.000077
-0.000093
-0.000113
-0.000134
-0.000156
-0.000178
-0.000201
-0.000223
-0.000246
-0.000271
-0.000296
-0.000320
-0.000346
-0.000371
-0.000399
-0.000426
-0.000452
-0.000479
-0.000506
-0.000531
-0.000556
-0.000577
-0.000596
-0.000612
-0.000626
-0.000638
-0.000648
-0.000656
-0.000661
-0.000664
-0.000666
-0.000666
-0.000664
-0.000660
-0.000653
-0.000644
-0.000631
-0.000615
-0.000597
-0.000576
-0.000551
-0.000524
-0.000495
-0.000464
-0.000433
-0.000401
-0.000368
-0.000335
-0.000300
-0.000264
-0.000229
-0.000194
-0.000159
-0.000123
-0.000087
-0.000050
-0.000016
0.000019
0.000054
0.000086
0.000116
0.000143
0.000170
0.000193
0.000213
0.000232
0.000250
0.000265
0.000280
0.000292
0.000300
0.000308
0.000315
0.000320
0.000322
0.000322
0.000320
0.000316
0.000311
0.000303
0.000293
0.000281
0.000271
0.000259
0.000248
0.000236
0.000225
0.000214
0.000204
0.000193
0.000184
0.000174
0.000164
0.000153
0.000143
0.000134
0.000124
0.000118
0.000112
0.000108
0.000106
0.000107
0.000108
0.000110
0.000114
0.000120
0.000124
0.000130
0.000135
0.000140
0.000145
0.000150
0.000153
0.000156
0.000159
0.000162
0.000165
0.000167
0.000169
0.000169
0.000167
0.000164
0.000159
0.000150
0.000140
0.000126
0.000111
0.000094
0.000074
0.000053
0.000031
0.000008
-0.000016
-0.000040
-0.000065
-0.000090
-0.000116
-0.000144
-0.000171
-0.000198
-0.000225
-0.000252
-0.000278
-0.000302
-0.000325
-0.000346
-0.000364
-0.000378
-0.000390
-0.000397
-0.000402
-0.000403
-0.000401
-0.000396
-0.000389
-0.000378
-0.000365
-0.000350
-0.000334
-0.000314
-0.000291
-0.000266
-0.000237
-0.000207
-0.000174
-0.000140
-0.000106
-0.000071
-0.000035
-0.000001
0.000033
0.000065
0.000094
0.000121
0.000148
0.000172
0.000195
0.000215
0.000234
0.000250
0.000264
0.000274
0.000283
0.000288
0.000289
0.000288
0.000282
0.000273
0.000261
0.000246
0.000228
0.000208
0.000185
0.000162
0.000139
0.000114
0.000091
0.000067
0.000044
0.000021
-0.000003
-0.000026
-0.000049
-0.000072
-0.000094
-0.000115
-0.000134
-0.000151
-0.000165
-0.000175
-0.000183
-0.000187
-0.000188
-0.000186
-0.000181
-0.000174
-0.000164
-0.000153
-0.000139
-0.000125
-0.000109
-0.000093
-0.000074
-0.000053
-0.000032
-0.000009
0.000016
0.000041
0.000068
0.000094
0.000119
0.000143
0.000167
0.000188
0.000206
0.000223
0.000238
0.000251
0.000262
0.000270
0.000277
0.000281
0.000284
0.000285
0.000286
0.000285
0.000280
0.000273
0.000265
0.000253
0.000239
0.000224
0.000207
0.000188
0.000167
0.000145
0.000124
0.000101
0.000079
0.000057
0.000037
0.000016
-0.000004
-0.000023
-0.000042
-0.000061
-0.000078
-0.000095
-0.000110
-0.000125
-0.000139
-0.000152
-0.000164
-0.000174
-0.000180
-0.000186
-0.000190
-0.000191
-0.000192
-0.000191
-0.000190
-0.000188
-0.000185
-0.000182
-0.000178
-0.000173
-0.000168
-0.000161
-0.000155
-0.000148
-0.000139
-0.000130
-0.000120
-0.000111
-0.000101
-0.000093
-0.000085
-0.000078
-0.000072
-0.000066
-0.000061
-0.000057
-0.000054
-0.000051
-0.000047
-0.000045
-0.000042
-0.000039
-0.000037
-0.000036
-0.000033
-0.000034
-0.000036
-0.000039
-0.000044
-0.000049
-0.000055
-0.000062
-0.000070
-0.000076
-0.000084
-0.000090
-0.000097
-0.000104
-0.000110
-0.000117
-0.000125
-0.000132
-0.000142
-0.000151
-0.000161
-0.000173
-0.000184
-0.000195
-0.000205
-0.000216
-0.000226
-0.000234
-0.000243
-0.000251
-0.000258
-0.000267
-0.000275
-0.000283
-0.000292
-0.000303
-0.000314
-0.000325
-0.000336
-0.000347
-0.000360
-0.000370
-0.000380
-0.000388
-0.000396
-0.000404
-0.000412
-0.000417
-0.000424
-0.000431
-0.000437
-0.000444
-0.000450
-0.000457
-0.000461
-0.000465
-0.000468
-0.000469
-0.000468
-0.000467
-0.000463
-0.000456
-0.000448
-0.000439
-0.000429
-0.000418
-0.000407
-0.000394
-0.000380
-0.000365
-0.000348
-0.000331
-0.000311
-0.000291
-0.000268
-0.000245
-0.000219
-0.000192
-0.000164
-0.000136
-0.000107
-0.000079
-0.000050
-0.000022
0.000007
0.000036
0.000064
0.000093
0.000122
0.000152
0.000183
0.000212
0.000241
0.000269
0.000295
0.000321
0.000345
0.000367
0.000387
0.000406
0.000422
0.000439
0.000453
0.000466
0.000477
0.000488
0.000498
0.000506
0.000512
0.000518
0.000521
0.000521
0.000521
0.000517
0.000511
0.000502
0.000492
0.000480
0.000466
0.000450
0.000433
0.000415
0.000398
0.000380
0.000359
0.000338
0.000317
0.000294
0.000271
0.000245
0.000217
0.000190
0.000162
0.000134
0.000105
0.000078
0.000051
0.000026
0.000001
-0.000022
-0.000045
-0.000065
-0.000085
-0.000104
-0.000122
-0.000139
-0.000154
-0.000168
-0.000181
-0.000190
-0.000198
-0.000202
-0.000205
-0.000205
-0.000202
-0.000197
-0.000190
-0.000181
-0.000169
-0.000157
-0.000144
-0.000129
-0.000113
-0.000096
-0.000077
-0.000059
-0.000038
-0.000017
0.000006
0.000028
0.000051
0.000075
0.000098
0.000120
0.000142
0.000163
0.000182
0.000199
0.000214
0.000227
0.000240
0.000250
0.000260
0.000268
0.000276
0.000282
0.000289
0.000291
0.000293
0.000292
0.000290
0.000287
0.000282
0.000275
0.000267
0.000257
0.000247
0.000237
0.000227
0.000216
0.000207
0.000200
0.000193
0.000186
0.000179
0.000172
0.000165
0.000157
0.000150
0.000143
0.000136
0.000129
0.000123
0.000119
0.000115
0.000112
0.000109
0.000108
0.000106
0.000105
0.000105
0.000103
0.000100
0.000098
0.000093
0.000089
0.000083
0.000077
0.000068
0.000060
0.000051
0.000041
0.000034
0.000024
0.000015
0.000003
-0.000009
-0.000022
-0.000036
-0.000051
-0.000066
-0.000082
-0.000099
-0.000115
-0.000132
-0.000146
-0.000159
-0.000172
-0.000183
-0.000191
-0.000198
-0.000203
-0.000208
-0.000210
-0.000210
-0.000210
-0.000208
-0.000205
-0.000199
-0.000192
-0.000181
-0.000169
-0.000153
-0.000134
-0.000113
-0.000091
-0.000066
-0.000041
-0.000014
0.000013
0.000040
0.000068
0.000094
0.000120
0.000145
0.000171
0.000196
0.000220
0.000245
0.000269
0.000292
0.000313
0.000333
0.000350
0.000365
0.000379
0.000389
0.000397
0.000402
0.000404
0.000405
0.000403
0.000399
0.000395
0.000389
0.000382
0.000375
0.000366
0.000357
0.000348
0.000337
0.000324
0.000310
0.000297
0.000283
0.000268
0.000256
0.000243
0.000232
0.000222
0.000215
0.000211
0.000208
0.000206
0.000206
0.000207
0.000208
0.000210
0.000211
0.000215
0.000218
0.000221
0.000226
0.000231
0.000237
0.000243
0.000250
0.000258
0.000265
0.000271
0.000277
0.000281
0.000284
0.000284
0.000282
0.000278
0.000274
0.000266
0.000257
0.000246
0.000234
0.000221
0.000206
0.000190
0.000172
0.000154
0.000134
0.000113
0.000089
0.000065
0.000040
0.000013
-0.000014
-0.000041
-0.000067
-0.000092
-0.000116
-0.000138
-0.000158
-0.000178
-0.000195
-0.000210
-0.000225
-0.000237
-0.000248
-0.000258
-0.000266
-0.000272
-0.000276
-0.000279
-0.000279
-0.000276
-0.000270
-0.000261
-0.000249
-0.000234
-0.000217
-0.000200
-0.000183
-0.000166
-0.000150
-0.000133
-0.000117
-0.000100
-0.000085
-0.000071
-0.000058
-0.000045
-0.000031
-0.000020
-0.000010
-0.000002
0.000005
0.000009
0.000012
0.000013
0.000011
0.000006
-0.000001
-0.000011
-0.000022
-0.000033
-0.000048
-0.000063
-0.000078
-0.000092
-0.000107
-0.000122
-0.000137
-0.000152
-0.000166
-0.000182
-0.000196
-0.000212
-0.000226
-0.000241
-0.000253
-0.000265
-0.000275
-0.000282
-0.000287
-0.000289
-0.000288
-0.000286
-0.000283
-0.000278
-0.000272
-0.000265
-0.000257
-0.000248
-0.000238
-0.000227
-0.000216
-0.000203
-0.000188
-0.000174
-0.000158
-0.000141
-0.000124
-0.000108
-0.000091
-0.000075
-0.000061
-0.000048
-0.000036
-0.000027
-0.000018
-0.000012
-0.000007
-0.000002
0.000002
0.000005
0.000008
0.000009
0.000010
0.000011
0.000010
0.000008
0.000005
0.000000
-0.000007
-0.000013
-0.000021
-0.000029
-0.000037
-0.000046
-0.000052
-0.000059
-0.000065
-0.000070
-0.000073
-0.000078
-0.000080
-0.000082
-0.000086
-0.000088
-0.000091
-0.000094
-0.000097
-0.000100
-0.000102
-0.000103
-0.000102
-0.000101
-0.000099
-0.000096
-0.000092
-0.000090
-0.000086
-0.000083
-0.000080
-0.000079
-0.000079
-0.000079
-0.000079
-0.000080
-0.000080
-0.000079
-0.000078
-0.000077
-0.000073
-0.000070
-0.000068
-0.000064
-0.000062
-0.000059
-0.000057
-0.000055
-0.000053
-0.000050
-0.000047
-0.000042
-0.000036
-0.000027
-0.000018
-0.000007
0.000005
0.000020
0.000035
0.000051
0.000070
0.000087
0.000104
0.000120
0.000137
0.000155
0.000172
0.000190
0.000209
0.000229
0.000248
0.000269
0.000290
0.000309
0.000327
0.000344
0.000358
0.000371
0.000381
0.000388
0.000392
0.000395
0.000395
0.000394
0.000392
0.000388
0.000381
0.000374
0.000364
0.000352
0.000338
0.000323
0.000304
0.000282
0.000258
0.000231
0.000202
0.000172
0.000142
0.000112
0.000081
0.000050
0.000020
-0.000010
-0.000039
-0.000067
-0.000095
-0.000122
-0.000148
-0.000174
-0.000199
-0.000223
-0.000245
-0.000266
-0.000284
-0.000300
-0.000313
-0.000323
-0.000331
-0.000335
-0.000337
-0.000337
-0.000335
-0.000331
-0.000325
-0.000318
-0.000310
-0.000300
-0.000290
-0.000278
-0.000265
-0.000250
-0.000234
-0.000215
-0.000195
-0.000173
-0.000151
-0.000129
-0.000106
-0.000083
-0.000062
-0.000041
-0.000020
0.000001
0.000019
0.000038
0.000056
0.000074
0.000091
0.000108
0.000125
0.000140
0.000153
0.000165
0.000175
0.000183
0.000188
0.000190
0.000191
0.000188
0.000183
0.000176
0.000167
0.000156
0.000144
0.000129
0.000113
0.000096
0.000077
0.000056
0.000033
0.000008
-0.000020
-0.000049
-0.000080
-0.000113
-0.000147
-0.000182
-0.000217
-0.000252
-0.000286
-0.000319
-0.000352
-0.000383
-0.000412
-0.000440
-0.000467
-0.000492
-0.000515
-0.000537
-0.000556
-0.000573
-0.000586
-0.000595
-0.000599
-0.000600
-0.000596
-0.000590
-0.000577
-0.000560
-0.000540
-0.000516
-0.000490
-0.000460
-0.000429
-0.000395
-0.000358
-0.000319
-0.000277
-0.000234
-0.000188
-0.000142
-0.000093
-0.000045
0.000002
0.000049
0.000094
0.000136
0.000176
0.000214
0.000249
0.000280
0.000310
0.000334
0.000355
0.000373
0.000389
0.000401
0.000411
0.000417
0.000420
0.000421
0.000417
0.000411
0.000401
0.000389
0.000372
0.000354
0.000333
0.000312
0.000289
0.000266
0.000242
0.000221
0.000199
0.000178
0.000160
0.000143
0.000126
0.000111
0.000096
0.000082
0.000070
0.000059
0.000051
0.000044
0.000040
0.000038
0.000039
0.000042
0.000048
0.000056
0.000066
0.000077
0.000087
0.000099
0.000110
0.000121
0.000131
0.000139
0.000147
0.000153
0.000160
0.000166
0.000170
0.000173
0.000176
0.000176
0.000175
0.000172
0.000168
0.000162
0.000154
0.000143
0.000130
0.000116
0.000100
0.000085
0.000071
0.000055
0.000041
0.000026
0.000012
-0.000001
-0.000012
-0.000023
-0.000034
-0.000044
-0.000052
-0.000061
-0.000068
-0.000073
-0.000077
-0.000080
-0.000080
-0.000077
-0.000072
-0.000065
-0.000056
-0.000046
-0.000034
-0.000023
-0.000011
0.000000
0.000011
0.000023
0.000032
0.000042
0.000050
0.000058
0.000065
0.000072
0.000077
0.000081
0.000085
0.000087
0.000086
0.000082
0.000078
0.000071
0.000061
0.000049
0.000035
0.000020
0.000003
-0.000015
-0.000033
-0.000052
-0.000071
-0.000089
-0.000107
-0.000125
-0.000144
-0.000162
-0.000180
-0.000198
-0.000214
-0.000230
-0.000245
-0.000257
-0.000268
-0.000277
-0.000283
-0.000286
-0.000288
-0.000287
-0.000284
-0.000280
-0.000273
-0.000265
-0.000255
-0.000247
-0.000237
-0.000226
-0.000216
-0.000203
-0.000190
-0.000177
-0.000164
-0.000151
-0.000138
-0.000124
-0.000112
-0.000100
-0.000091
-0.000084
-0.000077
-0.000073
-0.000070
-0.000069
-0.000069
-0.000071
-0.000073
-0.000076
-0.000080
-0.000085
-0.000089
-0.000093
-0.000098
-0.000103
-0.000109
-0.000116
-0.000125
-0.000133
-0.000142
-0.000149
-0.000156
-0.000163
-0.000169
-0.000174
-0.000178
-0.000180
-0.000181
-0.000179
-0.000177
-0.000174
-0.000170
-0.000165
-0.000159
-0.000153
-0.000146
-0.000140
-0.000133
-0.000123
-0.000113
-0.000102
-0.000089
-0.000075
-0.000060
-0.000045
-0.000029
-0.000013
0.000004
0.000020
0.000035
0.000049
0.000064
0.000077
0.000092
0.000107
0.000121
0.000136
0.000153
0.000171
0.000188
0.000207
0.000225
0.000244
0.000263
0.000280
0.000297
0.000314
0.000331
0.000347
0.000364
0.000383
0.000401
0.000419
0.000438
0.000458
0.000478
0.000497
0.000515
0.000531
0.000547
0.000562
0.000575
0.000586
0.000596
0.000603
0.000609
0.000614
0.000617
0.000619
0.000619
0.000618
0.000617
0.000612
0.000606
0.000597
0.000584
0.000569
0.000551
0.000533
0.000511
0.000488
0.000465
0.000440
0.000415
0.000390
0.000365
0.000340
0.000315
0.000292
0.000269
0.000245
0.000222
0.000200
0.000178
0.000157
0.000139
0.000121
0.000107
0.000095
0.000087
0.000078
0.000074
0.000072
0.000072
0.000072
0.000074
0.000078
0.000083
0.000088
0.000095
0.000102
0.000111
0.000121
0.000131
0.000140
0.000150
0.000161
0.000172
0.000182
0.000193
0.000202
0.000209
0.000215
0.000219
0.000222
0.000222
0.000222
0.000217
0.000213
0.000206
0.000198
0.000189
0.000181
0.000171
0.000160
0.000148
0.000135
0.000120
0.000104
0.000087
0.000069
0.000050
0.000031
0.000012
-0.000007
-0.000026
-0.000043
-0.000059
-0.000074
-0.000087
-0.000099
-0.000109
-0.000120
-0.000131
-0.000140
-0.000149
-0.000158
-0.000166
-0.000172
-0.000178
-0.000182
-0.000184
-0.000185
-0.000184
-0.000183
-0.000179
-0.000175
-0.000171
-0.000167
-0.000164
-0.000159
-0.000157
-0.000155
-0.000155
-0.000152
-0.000152
-0.000150
-0.000149
-0.000148
-0.000146
-0.000145
-0.000143
-0.000142
-0.000140
-0.000140
-0.000141
-0.000143
-0.000147
-0.000151
-0.000156
-0.000160
-0.000164
-0.000168
-0.000171
-0.000175
-0.000177
-0.000179
-0.000179
-0.000179
-0.000179
-0.000178
-0.000178
-0.000178
-0.000177
-0.000176
-0.000175
-0.000173
-0.000170
-0.000165
-0.000160
-0.000152
-0.000145
-0.000136
-0.000126
-0.000117
-0.000107
-0.000097
-0.000087
-0.000078
-0.000070
-0.000061
-0.000055
-0.000047
-0.000041
-0.000034
-0.000026
-0.000019
-0.000011
-0.000004
0.000002
0.000008
0.000013
0.000017
0.000020
0.000021
0.000021
0.000019
0.000016
0.000012
0.000008
0.000003
-0.000001
-0.000006
-0.000011
-0.000015
-0.000020
-0.000025
-0.000031
-0.000037
-0.000045
-0.000053
-0.000060
-0.000069
-0.000077
-0.000085
-0.000094
-0.000101
-0.000107
-0.000112
-0.000116
-0.000119
-0.000122
-0.000125
-0.000127
-0.000131
-0.000134
-0.000138
-0.000141
-0.000144
-0.000146
-0.000147
-0.000149
-0.000150
-0.000150
-0.000148
-0.000146
-0.000144
-0.000141
-0.000139
-0.000136
-0.000134
-0.000131
-0.000129
-0.000127
-0.000126
-0.000124
-0.000121
-0.000116
-0.000111
-0.000105
-0.000098
-0.000089
-0.000081
-0.000074
-0.000066
-0.000058
-0.000050
-0.000042
-0.000035
-0.000028
-0.000020
-0.000013
-0.000004
0.000006
0.000016
0.000028
0.000040
0.000053
0.000066
0.000079
0.000093
0.000106
0.000117
0.000127
0.000137
0.000145
0.000153
0.000161
0.000169
0.000174
0.000180
0.000186
0.000190
0.000194
0.000196
0.000197
0.000195
0.000191
0.000185
0.000176
0.000166
0.000154
0.000139
0.000123
0.000106
0.000088
0.000071
0.000051
0.000032
0.000011
-0.000010
-0.000032
-0.000056
-0.000079
-0.000104
-0.000128
-0.000152
-0.000176
-0.000199
-0.000220
-0.000239
-0.000259
-0.000276
-0.000289
-0.000302
-0.000311
-0.000321
-0.000327
-0.000333
-0.000336
-0.000339
-0.000340
-0.000340
-0.000339
-0.000335
-0.000329
-0.000320
-0.000308
-0.000295
-0.000279
-0.000262
-0.000244
-0.000226
-0.000207
-0.000188
-0.000168
-0.000149
-0.000130
-0.000111
-0.000093
-0.000075
-0.000057
-0.000038
-0.000019
-0.000000
0.000017
0.000035
0.000052
0.000068
0.000083
0.000094
0.000106
0.000115
0.000122
0.000130
0.000136
0.000141
0.000147
0.000152
0.000158
0.000163
0.000169
0.000175
0.000180
0.000185
0.000191
0.000197
0.000202
0.000206
0.000211
0.000215
0.000218
0.000225
0.000231
0.000238
0.000246
0.000255
0.000266
0.000277
0.000289
0.000299
0.000309
0.000320
0.000329
0.000337
0.000344
0.000351
0.000357
0.000362
0.000367
0.000373
0.000379
0.000384
0.000389
0.000392
0.000393
0.000393
0.000391
0.000387
0.000381
0.000374
0.000365
0.000356
0.000346
0.000335
0.000323
0.000312
0.000302
0.000291
0.000281
0.000271
0.000260
0.000250
0.000238
0.000227
0.000215
0.000204
0.000193
0.000184
0.000175
0.000166
0.000160
0.000155
0.000151
0.000148
0.000146
0.000143
0.000143
0.000141
0.000138
0.000135
0.000132
0.000129
0.000124
0.000121
0.000116
0.000112
0.000109
0.000105
0.000101
0.000097
0.000091
0.000084
0.000075
0.000064
0.000051
0.000036
0.000020
0.000004
-0.000013
-0.000032
-0.000052
-0.000072
-0.000091
-0.000111
-0.000129
-0.000149
-0.000167
-0.000185
-0.000203
-0.000222
-0.000240
-0.000258
-0.000276
-0.000293
-0.000309
-0.000322
-0.000333
-0.000341
-0.000346
-0.000349
-0.000349
-0.000346
-0.000342
-0.000336
-0.000327
-0.000317
-0.000307
-0.000295
-0.000281
-0.000266
-0.000250
-0.000231
-0.000210
-0.000188
-0.000165
-0.000140
-0.000115
-0.000090
-0.000066
-0.000041
-0.000019
0.000003
0.000022
0.000040
0.000056
0.000070
0.000083
0.000096
0.000107
0.000116
0.000125
0.000133
0.000139
0.000144
0.000145
0.000146
0.000143
0.000139
0.000133
0.000126
0.000116
0.000107
0.000096
0.000086
0.000075
0.000066
0.000057
0.000049
0.000041
0.000033
0.000026
0.000019
0.000011
0.000005
-0.000001
-0.000007
-0.000012
-0.000017
-0.000020
-0.000021
-0.000021
-0.000019
-0.000015
-0.000011
-0.000004
0.000004
0.000013
0.000021
0.000030
0.000038
0.000046
0.000054
0.000062
0.000072
0.000081
0.000090
0.000100
0.000109
0.000120
0.000130
0.000141
0.000149
0.000157
0.000165
0.000171
0.000176
0.000180
0.000182
0.000184
0.000188
0.000189
0.000193
0.000196
0.000200
0.000205
0.000210
0.000215
0.000220
0.000224
0.000229
0.000232
0.000236
0.000239
0.000243
0.000247
0.000252
0.000258
0.000266
0.000273
0.000284
0.000295
0.000307
0.000319
0.000331
0.000343
0.000354
0.000366
0.000377
0.000386
0.000395
0.000403
0.000412
0.000421
0.000430
0.000439
0.000448
0.000455
0.000461
0.000466
0.000469
0.000470
0.000468
0.000465
0.000458
0.000450
0.000440
0.000426
0.000411
0.000395
0.000377
0.000357
0.000337
0.000315
0.000291
0.000265
0.000236
0.000206
0.000174
0.000140
0.000104
0.000068
0.000031
-0.000007
-0.000045
-0.000081
-0.000117
-0.000152
-0.000187
-0.000221
-0.000253
-0.000285
-0.000316
-0.000344
-0.000372
-0.000398
-0.000423
-0.000444
-0.000464
-0.000480
-0.000494
-0.000505
-0.000512
-0.000517
-0.000517
-0.000516
-0.000509
-0.000502
-0.000492
-0.000479
-0.000464
-0.000449
-0.000430
-0.000409
-0.000386
-0.000360
-0.000332
-0.000301
-0.000267
-0.000232
-0.000196
-0.000157
-0.000118
-0.000078
-0.000039
0.000000
0.000038
0.000074
0.000110
0.000145
0.000180
0.000215
0.000249
0.000281
0.000313
0.000344
0.000374
0.000401
0.000425
0.000446
0.000463
0.000478
0.000489
0.000497
0.000502
0.000504
0.000504
0.000503
0.000500
0.000495
0.000489
0.000481
0.000472
0.000461
0.000449
0.000435
0.000420
0.000406
0.000389
0.000373
0.000356
0.000340
0.000324
0.000311
0.000298
0.000288
0.000281
0.000277
0.000274
0.000273
0.000273
0.000275
0.000278
0.000281
0.000287
0.000293
0.000302
0.000311
0.000322
0.000334
0.000348
0.000363
0.000377
0.000394
0.000410
0.000425
0.000439
0.000452
0.000462
0.000471
0.000478
0.000483
0.000485
0.000486
0.000486
0.000483
0.000479
0.000473
0.000463
0.000452
0.000437
0.000421
0.000401
0.000378
0.000353
0.000327
0.000299
0.000270
0.000239
0.000207
0.000176
0.000147
0.000120
0.000093
0.000068
0.000044
0.000022
0.000002
-0.000017
-0.000034
-0.000050
-0.000063
-0.000074
-0.000081
-0.000085
-0.000085
-0.000081
-0.000073
-0.000062
-0.000047
-0.000029
-0.000008
0.000015
0.000040
0.000066
0.000092
0.000118
0.000144
0.000170
0.000196
0.000219
0.000242
0.000266
0.000286
0.000306
0.000324
0.000340
0.000353
0.000363
0.000369
0.000371
0.000369
0.000362
0.000350
0.000336
0.000318
0.000297
0.000273
0.000247
0.000219
0.000189
0.000157
0.000123
0.000088
0.000052
0.000015
-0.000023
-0.000062
-0.000100
-0.000137
-0.000174
-0.000210
-0.000243
-0.000273
-0.000301
-0.000326
-0.000346
-0.000364
-0.000379
-0.000391
-0.000399
-0.000404
-0.000408
-0.000409
-0.000407
-0.000402
-0.000395
-0.000386
-0.000374
-0.000359
-0.000341
-0.000321
-0.000301
-0.000279
-0.000258
-0.000234
-0.000212
-0.000191
-0.000171
-0.000153
-0.000136
-0.000121
-0.000107
-0.000094
-0.000083
-0.000075
-0.000067
-0.000060
-0.000055
-0.000052
-0.000051
-0.000051
-0.000054
-0.000058
-0.000064
-0.000073
-0.000082
-0.000094
-0.000106
-0.000116
-0.000127
-0.000138
-0.000147
-0.000156
-0.000164
-0.000169
-0.000175
-0.000180
-0.000182
-0.000182
-0.000183
-0.000181
-0.000179
-0.000175
-0.000168
-0.000159
-0.000149
-0.000136
-0.000121
-0.000103
-0.000082
-0.000061
-0.000039
-0.000016
0.000006
0.000030
0.000053
0.000076
0.000097
0.000118
0.000139
0.000160
0.000180
0.000199
0.000219
0.000238
0.000256
0.000272
0.000287
0.000300
0.000311
0.000320
0.000326
0.000331
0.000334
0.000337
0.000338
0.000337
0.000335
0.000335
0.000333
0.000332
0.000330
0.000327
0.000323
0.000318
0.000313
0.000307
0.000301
0.000293
0.000286
0.000279
0.000271
0.000266
0.000261
0.000256
0.000254
0.000252
0.000249
0.000248
0.000247
0.000245
0.000243
0.000241
0.000238
0.000233
0.000229
0.000223
0.000217
0.000212
0.000206
0.000201
0.000196
0.000191
0.000184
0.000178
0.000170
0.000160
0.000148
0.000136
0.000121
0.000106
0.000090
0.000074
0.000057
0.000041
0.000025
0.000009
-0.000005
-0.000021
-0.000035
-0.000049
-0.000063
-0.000078
-0.000093
-0.000107
-0.000121
-0.000133
-0.000145
-0.000157
-0.000166
-0.000173
-0.000178
-0.000181
-0.000182
-0.000181
-0.000180
-0.000179
-0.000175
-0.000172
-0.000167
-0.000162
-0.000156
-0.000151
-0.000144
-0.000136
-0.000129
-0.000120
-0.000110
-0.000100
-0.000090
-0.000080
-0.000069
-0.000060
-0.000051
-0.000045
-0.000039
-0.000034
-0.000033
-0.000030
-0.000029
-0.000030
-0.000030
-0.000031
-0.000033
-0.000035
-0.000038
-0.000043
-0.000049
-0.000057
-0.000066
-0.000076
-0.000088
-0.000100
-0.000112
-0.000125
-0.000136
-0.000148
-0.000159
-0.000169
-0.000178
-0.000185
-0.000190
-0.000195
-0.000200
-0.000204
-0.000207
-0.000208
-0.000208
-0.000207
-0.000206
-0.000203
-0.000199
-0.000193
-0.000186
-0.000177
-0.000166
-0.000155
-0.000143
-0.000131
-0.000118
-0.000106
-0.000095
-0.000085
-0.000075
-0.000066
-0.000058
-0.000051
-0.000045
-0.000039
-0.000034
-0.000030
-0.000027
-0.000025
-0.000025
-0.000026
-0.000029
-0.000034
-0.000041
-0.000050
-0.000062
-0.000075
-0.000089
-0.000102
-0.000117
-0.000131
-0.000147
-0.000162
-0.000177
-0.000191
-0.000203
-0.000216
-0.000228
-0.000239
-0.000249
-0.000259
-0.000266
-0.000272
-0.000275
-0.000276
-0.000276
-0.000269
-0.000261
-0.000250
-0.000234
-0.000217
-0.000196
-0.000174
-0.000150
-0.000125
-0.000098
-0.000069
-0.000039
-0.000008
0.000026
0.000060
0.000095
0.000132
0.000167
0.000203
0.000237
0.000272
0.000304
0.000336
0.000363
0.000388
0.000409
0.000427
0.000442
0.000452
0.000458
0.000461
0.000461
0.000458
0.000450
0.000440
0.000426
0.000409
0.000389
0.000364
0.000335
0.000303
0.000267
0.000228
0.000187
0.000144
0.000100
0.000055
0.000011
-0.000034
-0.000078
-0.000122
-0.000164
-0.000204
-0.000242
-0.000278
-0.000313
-0.000346
-0.000376
-0.000404
-0.000430
-0.000451
-0.000470
-0.000485
-0.000495
-0.000500
-0.000501
-0.000497
-0.000489
-0.000478
-0.000464
-0.000447
-0.000427
-0.000408
-0.000386
-0.000361
-0.000336
-0.000309
-0.000281
-0.000252
-0.000223
-0.000192
-0.000161
-0.000129
-0.000097
-0.000067
-0.000039
-0.000014
0.000010
0.000031
0.000048
0.000063
0.000076
0.000086
0.000093
0.000099
0.000102
0.000104
0.000104
0.000102
0.000097
0.000089
0.000080
0.000068
0.000054
0.000040
0.000022
0.000005
-0.000013
-0.000031
-0.000047
-0.000065
-0.000080
-0.000094
-0.000107
-0.000119
-0.000131
-0.000141
-0.000150
-0.000159
-0.000166
-0.000173
-0.000177
-0.000180
-0.000183
-0.000184
-0.000185
-0.000183
-0.000179
-0.000174
-0.000167
-0.000159
-0.000150
-0.000141
-0.000133
-0.000124
-0.000116
-0.000108
-0.000102
-0.000096
-0.000090
-0.000084
-0.000079
-0.000073
-0.000067
-0.000060
-0.000053
-0.000047
-0.000041
-0.000036
-0.000033
-0.000030
-0.000027
-0.000025
-0.000023
-0.000021
-0.000020
-0.000018
-0.000015
-0.000011
-0.000006
0.000000
0.000007
0.000015
0.000022
0.000030
0.000037
0.000043
0.000050
0.000056
0.000061
0.000067
0.000072
0.000078
0.000083
0.000089
0.000095
0.000100
0.000105
0.000109
0.000113
0.000114
0.000114
0.000113
0.000109
0.000103
0.000095
0.000086
0.000075
0.000064
0.000051
0.000038
0.000023
0.000009
-0.000007
-0.000024
-0.000043
-0.000061
-0.000080
-0.000101
-0.000122
-0.000144
-0.000167
-0.000188
-0.000208
-0.000228
-0.000246
-0.000262
-0.000276
-0.000290
-0.000302
-0.000312
-0.000320
-0.000327
-0.000335
-0.000339
-0.000343
-0.000346
-0.000349
-0.000349
-0.000348
-0.000345
-0.000341
-0.000335
-0.000327
-0.000316
-0.000305
-0.000293
-0.000281
-0.000267
-0.000255
-0.000241
-0.000228
-0.000213
-0.000200
-0.000186
-0.000172
-0.000157
-0.000142
-0.000125
-0.000107
-0.000089
-0.000071
-0.000054
-0.000035
-0.000017
0.000001
0.000018
0.000034
0.000049
0.000065
0.000081
0.000097
0.000113
0.000130
0.000147
0.000164
0.000181
0.000197
0.000213
0.000229
0.000243
0.000256
0.000269
0.000281
0.000292
0.000302
0.000311
0.000321
0.000330
0.000338
0.000346
0.000353
0.000358
0.000362
0.000365
0.000365
0.000364
0.000360
0.000354
0.000346
0.000338
0.000328
0.000317
0.000305
0.000293
0.000280
0.000268
0.000256
0.000245
0.000233
0.000221
0.000207
0.000194
0.000178
0.000164
0.000149
0.000134
0.000120
0.000107
0.000095
0.000086
0.000078
0.000071
0.000068
0.000065
0.000064
0.000062
0.000062
0.000062
0.000063
0.000066
0.000068
0.000071
0.000075
0.000080
0.000086
0.000093
0.000101
0.000111
0.000120
0.000130
0.000140
0.000150
0.000159
0.000168
0.000174
0.000181
0.000186
0.000190
0.000195
0.000200
0.000206
0.000211
0.000215
0.000219
0.000223
0.000225
0.000227
0.000226
0.000225
0.000222
0.000218
0.000213
0.000208
0.000203
0.000198
0.000190
0.000184
0.000179
0.000173
0.000167
0.000161
0.000154
0.000145
0.000137
0.000127
0.000116
0.000105
0.000092
0.000079
0.000067
0.000054
0.000041
0.000029
0.000017
0.000004
-0.000009
-0.000023
-0.000037
-0.000053
-0.000069
-0.000086
-0.000105
-0.000124
-0.000142
-0.000160
-0.000179
-0.000196
-0.000212
-0.000226
-0.000240
-0.000252
-0.000262
-0.000271
-0.000280
-0.000286
-0.000292
-0.000296
-0.000299
-0.000300
-0.000300
-0.000298
-0.000293
-0.000285
-0.000274
-0.000261
-0.000244
-0.000223
-0.000202
-0.000177
-0.000151
-0.000122
-0.000090
-0.000059
-0.000026
0.000007
0.000041
0.000078
0.000114
0.000152
0.000189
0.000227
0.000265
0.000301
0.000338
0.000373
0.000406
0.000438
0.000467
0.000495
0.000519
0.000541
0.000559
0.000575
0.000590
0.000602
0.000611
0.000618
0.000622
0.000624
0.000622
0.000617
0.000609
0.000598
0.000584
0.000566
0.000547
0.000525
0.000504
0.000481
0.000457
0.000433
0.000409
0.000386
0.000362
0.000340
0.000316
0.000294
0.000272
0.000252
0.000232
0.000212
0.000194
0.000178
0.000163
0.000150
0.000140
0.000133
0.000129
0.000129
0.000132
0.000135
0.000142
0.000149
0.000159
0.000169
0.000180
0.000193
0.000204
0.000219
0.000236
0.000253
0.000273
0.000292
0.000314
0.000336
0.000359
0.000382
0.000405
0.000428
0.000447
0.000465
0.000481
0.000495
0.000508
0.000520
0.000529
0.000538
0.000544
0.000550
0.000555
0.000559
0.000560
0.000559
0.000556
0.000552
0.000544
0.000534
0.000521
0.000507
0.000491
0.000474
0.000457
0.000437
0.000417
0.000398
0.000379
0.000359
0.000338
0.000318
0.000298
0.000279
0.000259
0.000238
0.000219
0.000200
0.000182
0.000165
0.000151
0.000139
0.000126
0.000118
0.000111
0.000106
0.000101
0.000097
0.000094
0.000093
0.000092
0.000091
0.000092
0.000092
0.000094
0.000096
0.000100
0.000106
0.000112
0.000119
0.000128
0.000136
0.000144
0.000153
0.000160
0.000167
0.000174
0.000179
0.000184
0.000188
0.000192
0.000197
0.000201
0.000206
0.000212
0.000219
0.000226
0.000234
0.000243
0.000251
0.000259
0.000266
0.000272
0.000279
0.000286
0.000293
0.000300
0.000308
0.000318
0.000328
0.000341
0.000353
0.000365
0.000380
0.000395
0.000408
0.000422
0.000434
0.000445
0.000455
0.000465
0.000474
0.000482
0.000489
0.000497
0.000503
0.000509
0.000515
0.000519
0.000522
0.000523
0.000521
0.000518
0.000511
0.000502
0.000489
0.000475
0.000459
0.000441
0.000420
0.000400
0.000378
0.000356
0.000332
0.000307
0.000281
0.000254
0.000226
0.000196
0.000167
0.000136
0.000104
0.000074
0.000043
0.000014
-0.000014
-0.000040
-0.000065
-0.000087
-0.000108
-0.000127
-0.000143
-0.000158
-0.000172
-0.000184
-0.000196
-0.000205
-0.000211
-0.000217
-0.000219
-0.000219
-0.000215
-0.000208
-0.000199
-0.000188
-0.000174
-0.000158
-0.000141
-0.000123
-0.000103
-0.000084
-0.000063
-0.000041
-0.000018
0.000006
0.000030
0.000054
0.000079
0.000105
0.000131
0.000157
0.000182
0.000209
0.000233
0.000255
0.000277
0.000295
0.000312
0.000326
0.000339
0.000349
0.000358
0.000365
0.000370
0.000374
0.000376
0.000377
0.000374
0.000371
0.000365
0.000358
0.000347
0.000333
0.000316
0.000299
0.000279
0.000259
0.000235
0.000212
0.000189
0.000166
0.000143
0.000120
0.000098
0.000074
0.000050
0.000026
0.000002
-0.000024
-0.000048
-0.000071
-0.000095
-0.000117
-0.000138
-0.000157
-0.000174
-0.000189
-0.000201
-0.000211
-0.000222
-0.000230
-0.000236
-0.000240
-0.000241
-0.000242
-0.000242
-0.000240
-0.000234
-0.000226
-0.000217
-0.000206
-0.000191
-0.000175
-0.000156
-0.000135
-0.000113
-0.000089
-0.000066
-0.000041
-0.000017
0.000008
0.000032
0.000057
0.000081
0.000105
0.000129
0.000153
0.000176
0.000200
0.000223
0.000245
0.000266
0.000285
0.000302
0.000317
0.000330
0.000340
0.000347
0.000354
0.000359
0.000361
0.000362
0.000362
0.000361
0.000358
0.000356
0.000351
0.000345
0.000337
0.000328
0.000318
0.000306
0.000292
0.000278
0.000263
0.000249
0.000233
0.000220
0.000207
0.000196
0.000186
0.000177
0.000166
0.000157
0.000150
0.000142
0.000136
0.000130
0.000125
0.000119
0.000116
0.000117
0.000118
0.000120
0.000124
0.000130
0.000138
0.000147
0.000158
0.000168
0.000179
0.000188
0.000198
0.000207
0.000217
0.000227
0.000237
0.000247
0.000256
0.000265
0.000275
0.000285
0.000294
0.000302
0.000310
0.000317
0.000323
0.000326
0.000329
0.000329
0.000327
0.000326
0.000322
0.000317
0.000311
0.000304
0.000296
0.000287
0.000276
0.000266
0.000253
0.000240
0.000224
0.000207
0.000188
0.000166
0.000144
0.000119
0.000094
0.000068
0.000041
0.000014
-0.000014
-0.000041
-0.000069
-0.000096
-0.000123
-0.000150
-0.000178
-0.000207
-0.000235
-0.000264
-0.000292
-0.000320
-0.000346
-0.000371
-0.000393
-0.000414
-0.000433
-0.000449
-0.000463
-0.000475
-0.000485
-0.000494
-0.000502
-0.000508
-0.000512
-0.000514
-0.000515
-0.000514
-0.000511
-0.000505
-0.000496
-0.000485
-0.000470
-0.000455
-0.000438
-0.000421
-0.000404
-0.000385
-0.000367
-0.000350
-0.000332
-0.000316
-0.000300
-0.000284
-0.000269
-0.000254
-0.000240
-0.000228
-0.000217
-0.000209
-0.000201
-0.000196
-0.000194
-0.000195
-0.000198
-0.000205
-0.000214
-0.000226
-0.000240
-0.000257
-0.000277
-0.000297
-0.000318
-0.000340
-0.000363
-0.000385
-0.000409
-0.000433
-0.000459
-0.000484
-0.000510
-0.000536
-0.000562
-0.000588
-0.000610
-0.000630
-0.000648
-0.000665
-0.000677
-0.000685
-0.000690
-0.000691
-0.000690
-0.000683
-0.000673
-0.000661
-0.000646
-0.000629
-0.000607
-0.000583
-0.000555
-0.000525
-0.000491
-0.000453
-0.000412
-0.000370
-0.000325
-0.000279
-0.000231
-0.000184
-0.000138
-0.000092
-0.000047
-0.000004
0.000037
0.000076
0.000113
0.000147
0.000179
0.000208
0.000235
0.000258
0.000278
0.000294
0.000304
0.000311
0.000314
0.000311
0.000303
0.000291
0.000273
0.000252
0.000227
0.000198
0.000168
0.000136
0.000102
0.000067
0.000031
-0.000007
-0.000045
-0.000085
-0.000125
-0.000164
-0.000203
-0.000241
-0.000278
-0.000313
-0.000346
-0.000375
-0.000400
-0.000421
-0.000438
-0.000452
-0.000461
-0.000466
-0.000467
-0.000465
-0.000460
-0.000453
-0.000443
-0.000430
-0.000414
-0.000396
-0.000375
-0.000353
-0.000326
-0.000299
-0.000270
-0.000239
-0.000210
-0.000179
-0.000151
-0.000122
-0.000097
-0.000074
-0.000053
-0.000033
-0.000018
-0.000005
0.000007
0.000017
0.000025
0.000031
0.000036
0.000038
0.000038
0.000035
0.000031
0.000025
0.000018
0.000008
-0.000004
-0.000015
-0.000029
-0.000041
-0.000053
-0.000065
-0.000075
-0.000083
-0.000089
-0.000093
-0.000097
-0.000098
-0.000097
-0.000093
-0.000088
-0.000081
-0.000070
-0.000058
-0.000043
-0.000027
-0.000007
0.000015
0.000040
0.000066
0.000095
0.000125
0.000156
0.000186
0.000216
0.000245
0.000272
0.000298
0.000322
0.000344
0.000365
0.000382
0.000398
0.000412
0.000422
0.000431
0.000436
0.000438
0.000436
0.000430
0.000419
0.000405
0.000386
0.000363
0.000337
0.000308
0.000276
0.000244
0.000209
0.000173
0.000137
0.000101
0.000065
0.000028
-0.000007
-0.000042
-0.000077
-0.000110
-0.000142
-0.000172
-0.000200
-0.000225
-0.000246
-0.000263
-0.000277
-0.000285
-0.000290
-0.000290
-0.000285
-0.000277
-0.000265
-0.000250
-0.000232
-0.000211
-0.000188
-0.000162
-0.000133
-0.000102
-0.000070
-0.000034
0.000003
0.000043
0.000084
0.000127
0.000168
0.000209
0.000248
0.000285
0.000320
0.000352
0.000380
0.000404
0.000427
0.000444
0.000458
0.000470
0.000477
0.000483
0.000484
0.000482
0.000476
0.000466
0.000452
0.000434
0.000412
0.000386
0.000357
0.000324
0.000290
0.000254
0.000216
0.000177
0.000138
0.000099
0.000060
0.000022
-0.000016
-0.000053
-0.000091
-0.000128
-0.000163
-0.000197
-0.000230
-0.000261
-0.000290
-0.000316
-0.000339
-0.000359
-0.000375
-0.000390
-0.000400
-0.000408
-0.000414
-0.000418
-0.000420
-0.000420
-0.000419
-0.000416
-0.000412
-0.000406
-0.000398
-0.000389
-0.000379
-0.000366
-0.000351
-0.000336
-0.000320
-0.000303
-0.000286
-0.000269
-0.000253
-0.000237
-0.000223
-0.000209
-0.000194
-0.000180
-0.000167
-0.000154
-0.000141
-0.000128
-0.000114
-0.000101
-0.000087
-0.000074
-0.000060
-0.000049
-0.000039
-0.000030
-0.000023
-0.000017
-0.000012
-0.000009
-0.000006
-0.000004
-0.000002
0.000001
0.000004
0.000007
0.000010
0.000011
0.000010
0.000010
0.000008
0.000005
-0.000000
-0.000006
-0.000012
-0.000020
-0.000027
-0.000036
-0.000044
-0.000052
-0.000059
-0.000064
-0.000072
-0.000077
-0.000084
-0.000090
-0.000098
-0.000105
-0.000112
-0.000118
-0.000125
-0.000130
-0.000134
-0.000137
-0.000138
-0.000136
-0.000134
-0.000130
-0.000125
-0.000118
-0.000111
-0.000103
-0.000095
-0.000085
-0.000075
-0.000064
-0.000052
-0.000041
-0.000026
-0.000012
0.000005
0.000023
0.000041
0.000058
0.000076
0.000093
0.000110
0.000125
0.000138
0.000150
0.000160
0.000170
0.000177
0.000184
0.000189
0.000193
0.000197
0.000199
0.000200
0.000198
0.000195
0.000189
0.000182
0.000171
0.000158
0.000142
0.000125
0.000104
0.000084
0.000062
0.000039
0.000016
-0.000007
-0.000030
-0.000054
-0.000078
-0.000101
-0.000126
-0.000150
-0.000176
-0.000202
-0.000228
-0.000254
-0.000280
-0.000304
-0.000326
-0.000346
-0.000365
-0.000380
-0.000392
-0.000403
-0.000410
-0.000416
-0.000420
-0.000423
-0.000425
-0.000425
-0.000423
-0.000420
-0.000415
-0.000409
-0.000400
-0.000389
-0.000376
-0.000361
-0.000344
-0.000325
-0.000305
-0.000285
-0.000265
-0.000244
-0.000223
-0.000203
-0.000185
-0.000166
-0.000147
-0.000129
-0.000111
-0.000093
-0.000077
-0.000061
-0.000045
-0.000030
-0.000018
-0.000007
0.000004
0.000012
0.000018
0.000021
0.000023
0.000025
0.000024
0.000021
0.000018
0.000015
0.000010
0.000005
0.000001
-0.000005
-0.000011
-0.000019
-0.000027
-0.000036
-0.000046
-0.000056
-0.000064
-0.000072
-0.000079
-0.000084
-0.000089
-0.000092
-0.000094
-0.000093
-0.000091
-0.000088
-0.000083
-0.000076
-0.000070
-0.000063
-0.000053
-0.000044
-0.000034
-0.000023
-0.000011
0.000003
0.000018
0.000033
0.000050
0.000066
0.000083
0.000098
0.000115
0.000130
0.000143
0.000156
0.000166
0.000173
0.000180
0.000184
0.000187
0.000189
0.000188
0.000187
0.000183
0.000178
0.000172
0.000163
0.000152
0.000139
0.000124
0.000106
0.000087
0.000065
0.000044
0.000020
-0.000004
-0.000027
-0.000052
-0.000075
-0.000098
-0.000119
-0.000141
-0.000162
-0.000181
-0.000199
-0.000215
-0.000230
-0.000243
-0.000254
-0.000263
-0.000267
-0.000269
-0.000266
-0.000261
-0.000251
-0.000237
-0.000221
-0.000201
-0.000178
-0.000152
-0.000125
-0.000094
-0.000062
-0.000027
0.000008
0.000044
0.000082
0.000122
0.000162
0.000204
0.000245
0.000287
0.000328
0.000366
0.000404
0.000438
0.000469
0.000497
0.000521
0.000540
0.000555
0.000567
0.000575
0.000579
0.000580
0.000576
0.000569
0.000558
0.000544
0.000525
0.000501
0.000474
0.000444
0.000409
0.000371
0.000331
0.000288
0.000244
0.000199
0.000154
0.000110
0.000065
0.000023
-0.000017
-0.000056
-0.000092
-0.000127
-0.000160
-0.000191
-0.000218
-0.000243
-0.000263
-0.000281
-0.000294
-0.000303
-0.000308
-0.000307
-0.000301
-0.000291
-0.000277
-0.000261
-0.000241
-0.000217
-0.000191
-0.000163
-0.000134
-0.000102
-0.000069
-0.000037
-0.000004
0.000031
0.000066
0.000102
0.000137
0.000171
0.000205
0.000235
0.000262
0.000288
0.000309
0.000327
0.000341
0.000350
0.000356
0.000358
0.000356
0.000351
0.000343
0.000333
0.000319
0.000304
0.000287
0.000265
0.000242
0.000216
0.000187
0.000158
0.000126
0.000092
0.000059
0.000026
-0.000005
-0.000035
-0.000064
-0.000090
-0.000115
-0.000136
-0.000157
-0.000174
-0.000190
-0.000202
-0.000211
-0.000219
-0.000223
-0.000226
-0.000224
-0.000219
-0.000211
-0.000199
-0.000183
-0.000164
-0.000141
-0.000115
-0.000087
-0.000057
-0.000025
0.000007
0.000039
0.000072
0.000106
0.000138
0.000170
0.000202
0.000234
0.000264
0.000294
0.000322
0.000349
0.000375
0.000397
0.000418
0.000435
0.000448
0.000457
0.000462
0.000463
0.000462
0.000456
0.000448
0.000436
0.000421
0.000404
0.000386
0.000364
0.000338
0.000311
0.000282
0.000249
0.000214
0.000176
0.000136
0.000094
0.000052
0.000010
-0.000033
-0.000074
-0.000116
-0.000156
-0.000196
-0.000235
-0.000272
-0.000308
-0.000343
-0.000378
-0.000410
-0.000442
-0.000470
-0.000498
-0.000525
-0.000547
-0.000569
-0.000585
-0.000598
-0.000608
-0.000615
-0.000617
-0.000618
-0.000616
-0.000612
-0.000606
-0.000598
-0.000588
-0.000577
-0.000565
-0.000549
-0.000531
-0.000511
-0.000490
-0.000467
-0.000441
-0.000413
-0.000384
-0.000355
-0.000324
-0.000292
-0.000260
-0.000229
-0.000198
-0.000166
-0.000135
-0.000105
-0.000075
-0.000046
-0.000015
0.000014
0.000044
0.000075
0.000104
0.000131
0.000157
0.000182
0.000206
0.000226
0.000245
0.000262
0.000277
0.000290
0.000301
0.000311
0.000319
0.000327
0.000333
0.000338
0.000342
0.000344
0.000345
0.000343
0.000339
0.000333
0.000327
0.000318
0.000308
0.000298
0.000287
0.000275
0.000265
0.000254
0.000244
0.000235
0.000226
0.000217
0.000209
0.000200
0.000191
0.000181
0.000172
0.000163
0.000156
0.000151
0.000148
0.000145
0.000144
0.000145
0.000149
0.000153
0.000159
0.000167
0.000175
0.000184
0.000193
0.000203
0.000214
0.000226
0.000238
0.000250
0.000265
0.000281
0.000296
0.000315
0.000332
0.000349
0.000367
0.000385
0.000401
0.000416
0.000429
0.000441
0.000451
0.000459
0.000467
0.000472
0.000477
0.000480
0.000483
0.000484
0.000484
0.000483
0.000479
0.000473
0.000465
0.000453
0.000442
0.000427
0.000409
0.000390
0.000370
0.000350
0.000329
0.000309
0.000289
0.000268
0.000247
0.000226
0.000205
0.000184
0.000162
0.000141
0.000119
0.000097
0.000076
0.000056
0.000038
0.000020
0.000005
-0.000008
-0.000019
-0.000028
-0.000035
-0.000041
-0.000044
-0.000047
-0.000049
-0.000051
-0.000051
-0.000051
-0.000050
-0.000048
-0.000045
-0.000041
-0.000036
-0.000029
-0.000022
-0.000013
-0.000006
0.000002
0.000008
0.000013
0.000017
0.000019
0.000020
0.000019
0.000018
0.000015
0.000011
0.000007
0.000002
-0.000003
-0.000009
-0.000017
-0.000026
-0.000035
-0.000047
-0.000059
-0.000073
-0.000090
-0.000107
-0.000125
-0.000144
-0.000162
-0.000180
-0.000195
-0.000210
-0.000223
-0.000237
-0.000248
-0.000260
-0.000272
-0.000283
-0.000293
-0.000303
-0.000312
-0.000319
-0.000326
-0.000331
-0.000334
-0.000334
-0.000332
-0.000326
-0.000319
-0.000309
-0.000296
-0.000283
-0.000270
-0.000254
-0.000239
-0.000223
-0.000206
-0.000190
-0.000172
-0.000153
-0.000133
-0.000112
-0.000091
-0.000069
-0.000046
-0.000023
0.000001
0.000023
0.000045
0.000067
0.000087
0.000104
0.000121
0.000137
0.000152
0.000165
0.000177
0.000189
0.000202
0.000213
0.000223
0.000232
0.000240
0.000245
0.000248
0.000249
0.000248
0.000247
0.000242
0.000238
0.000231
0.000223
0.000215
0.000206
0.000196
0.000188
0.000181
0.000173
0.000165
0.000155
0.000145
0.000135
0.000124
0.000113
0.000103
0.000093
0.000083
0.000074
0.000067
0.000062
0.000056
0.000054
0.000051
0.000050
0.000051
0.000052
0.000054
0.000056
0.000059
0.000063
0.000068
0.000074
0.000081
0.000090
0.000100
0.000111
0.000122
0.000136
0.000151
0.000166
0.000181
0.000196
0.000210
0.000222
0.000235
0.000246
0.000256
0.000264
0.000273
0.000281
0.000289
0.000297
0.000304
0.000308
0.000312
0.000314
0.000313
0.000311
0.000305
0.000297
0.000286
0.000274
0.000259
0.000243
0.000226
0.000207
0.000187
0.000167
0.000147
0.000126
0.000104
0.000082
0.000058
0.000035
0.000010
-0.000015
-0.000042
-0.000067
-0.000093
-0.000118
-0.000142
-0.000165
-0.000186
-0.000206
-0.000223
-0.000238
-0.000252
-0.000265
-0.000275
-0.000284
-0.000293
-0.000301
-0.000306
-0.000311
-0.000314
-0.000316
-0.000315
-0.000312
-0.000306
-0.000300
-0.000290
-0.000278
-0.000265
-0.000250
-0.000237
-0.000222
-0.000208
-0.000195
-0.000181
-0.000168
-0.000156
-0.000142
-0.000129
-0.000115
-0.000103
-0.000090
-0.000077
-0.000065
-0.000054
-0.000045
-0.000038
-0.000033
-0.000030
-0.000029
-0.000029
-0.000032
-0.000037
-0.000042
-0.000047
-0.000054
-0.000062
-0.000071
-0.000079
-0.000089
-0.000100
-0.000113
-0.000128
-0.000144
-0.000160
-0.000179
-0.000198
-0.000217
-0.000238
-0.000258
-0.000278
-0.000297
-0.000315
-0.000332
-0.000348
-0.000363
-0.000377
-0.000389
-0.000402
-0.000414
-0.000426
-0.000435
-0.000444
-0.000453
-0.000458
-0.000461
-0.000463
-0.000462
-0.000459
-0.000451
-0.000443
-0.000434
-0.000423
-0.000411
-0.000399
-0.000385
-0.000371
-0.000356
-0.000342
-0.000326
-0.000310
-0.000292
-0.000274
-0.000254
-0.000234
-0.000214
-0.000195
-0.000176
-0.000159
-0.000142
-0.000127
-0.000113
-0.000101
-0.000090
-0.000079
-0.000069
-0.000059
-0.000051
-0.000044
-0.000035
-0.000027
-0.000020
-0.000013
-0.000008
-0.000003
0.000000
0.000002
0.000002
0.000000
-0.000001
-0.000002
-0.000004
-0.000006
-0.000008
-0.000008
-0.000008
-0.000007
-0.000006
-0.000004
-0.000003
-0.000001
0.000000
0.000000
0.000001
0.000000
0.000000
-0.000000
-0.000001
-0.000001
-0.000001
0.000000
0.000001
0.000003
0.000004
0.000007
0.000009
0.000010
0.000009
0.000008
0.000006
0.000003
0.000001
-0.000002
-0.000005
-0.000009
-0.000012
-0.000016
-0.000020
-0.000026
-0.000031
-0.000036
-0.000041
-0.000046
-0.000053
-0.000059
-0.000066
-0.000072
-0.000078
-0.000084
-0.000090
-0.000094
-0.000096
-0.000098
-0.000098
-0.000099
-0.000098
-0.000098
-0.000098
-0.000096
-0.000095
-0.000093
-0.000090
-0.000087
-0.000084
-0.000078
-0.000072
-0.000063
-0.000053
-0.000043
-0.000030
-0.000016
-0.000000
0.000015
0.000031
0.000048
0.000065
0.000082
0.000100
0.000118
0.000137
0.000155
0.000175
0.000197
0.000220
0.000244
0.000267
0.000292
0.000315
0.000339
0.000362
0.000384
0.000406
0.000428
0.000449
0.000466
0.000484
0.000501
0.000517
0.000532
0.000547
0.000561
0.000573
0.000584
0.000591
0.000597
0.000600
0.000600
0.000597
0.000591
0.000582
0.000569
0.000554
0.000536
0.000516
0.000495
0.000471
0.000444
0.000417
0.000388
0.000358
0.000324
0.000288
0.000249
0.000209
0.000168
0.000125
0.000081
0.000037
-0.000007
-0.000049
-0.000090
-0.000129
-0.000167
-0.000202
-0.000234
-0.000266
-0.000293
-0.000318
-0.000342
-0.000361
-0.000379
-0.000394
-0.000404
-0.000411
-0.000413
-0.000410
-0.000404
-0.000393
-0.000378
-0.000358
-0.000335
-0.000309
-0.000280
-0.000250
-0.000218
-0.000184
-0.000149
-0.000113
-0.000075
-0.000037
0.000003
0.000043
0.000082
0.000122
0.000160
0.000195
0.000229
0.000260
0.000289
0.000315
0.000336
0.000353
0.000367
0.000376
0.000381
0.000384
0.000384
0.000381
0.000374
0.000365
0.000353
0.000338
0.000320
0.000299
0.000275
0.000248
0.000219
0.000189
0.000157
0.000124
0.000091
0.000057
0.000025
-0.000006
-0.000037
-0.000065
-0.000090
-0.000115
-0.000141
-0.000163
-0.000184
-0.000203
-0.000222
-0.000238
-0.000251
-0.000262
-0.000270
-0.000274
-0.000277
-0.000277
-0.000274
-0.000267
-0.000258
-0.000248
-0.000237
-0.000224
-0.000211
-0.000199
-0.000186
-0.000173
-0.000161
-0.000149
-0.000136
-0.000122
-0.000108
-0.000096
-0.000083
-0.000071
-0.000060
-0.000049
-0.000041
-0.000033
-0.000026
-0.000021
-0.000018
-0.000017
-0.000017
-0.000020
-0.000022
-0.000025
-0.000027
-0.000030
-0.000033
-0.000037
-0.000041
-0.000046
-0.000053
-0.000060
-0.000068
-0.000077
-0.000087
-0.000097
-0.000108
-0.000119
-0.000129
-0.000139
-0.000149
-0.000158
-0.000167
-0.000174
-0.000182
-0.000188
-0.000196
-0.000203
-0.000212
-0.000219
-0.000226
-0.000233
-0.000239
-0.000243
-0.000247
-0.000248
-0.000247
-0.000246
-0.000243
-0.000240
-0.000233
-0.000226
-0.000218
-0.000208
-0.000198
-0.000186
-0.000174
-0.000159
-0.000144
-0.000127
-0.000109
-0.000090
-0.000068
-0.000045
-0.000022
0.000002
0.000026
0.000051
0.000075
0.000099
0.000122
0.000144
0.000168
0.000189
0.000210
0.000232
0.000253
0.000273
0.000294
0.000315
0.000334
0.000352
0.000367
0.000381
0.000394
0.000403
0.000410
0.000415
0.000417
0.000420
0.000420
0.000420
0.000419
0.000417
0.000416
0.000414
0.000411
0.000407
0.000402
0.000396
0.000390
0.000381
0.000372
0.000363
0.000354
0.000344
0.000333
0.000325
0.000315
0.000307
0.000300
0.000295
0.000289
0.000283
0.000278
0.000271
0.000263
0.000256
0.000248
0.000239
0.000228
0.000218
0.000207
0.000196
0.000185
0.000174
0.000162
0.000149
0.000136
0.000122
0.000106
0.000089
0.000071
0.000052
0.000031
0.000010
-0.000011
-0.000034
-0.000057
-0.000079
-0.000101
-0.000122
-0.000144
-0.000163
-0.000181
-0.000200
-0.000219
-0.000236
-0.000254
-0.000272
-0.000287
-0.000301
-0.000315
-0.000326
-0.000336
-0.000341
-0.000346
-0.000347
-0.000347
-0.000343
-0.000340
-0.000334
-0.000327
-0.000319
-0.000309
-0.000300
-0.000289
-0.000278
-0.000265
-0.000252
-0.000238
-0.000222
-0.000207
-0.000190
-0.000175
-0.000159
-0.000143
-0.000128
-0.000114
-0.000102
-0.000093
-0.000084
-0.000077
-0.000072
-0.000068
-0.000064
-0.000061
-0.000059
-0.000058
-0.000056
-0.000056
-0.000056
-0.000055
-0.000057
-0.000059
-0.000061
-0.000064
-0.000066
-0.000068
-0.000069
-0.000070
-0.000069
-0.000066
-0.000061
-0.000053
-0.000045
-0.000033
-0.000019
-0.000004
0.000012
0.000030
0.000049
0.000067
0.000088
0.000109
0.000132
0.000156
0.000182
0.000209
0.000236
0.000264
0.000293
0.000321
0.000348
0.000374
0.000397
0.000419
0.000438
0.000454
0.000468
0.000479
0.000486
0.000491
0.000494
0.000494
0.000491
0.000486
0.000479
0.000468
0.000456
0.000441
0.000422
0.000401
0.000375
0.000348
0.000318
0.000287
0.000254
0.000222
0.000189
0.000156
0.000124
0.000092
0.000061
0.000032
0.000003
-0.000026
-0.000054
-0.000080
-0.000106
-0.000129
-0.000151
-0.000171
-0.000188
-0.000204
-0.000216
-0.000225
-0.000230
-0.000233
-0.000232
-0.000229
-0.000226
-0.000220
-0.000213
-0.000205
-0.000197
-0.000188
-0.000177
-0.000166
-0.000155
-0.000141
-0.000127
-0.000113
-0.000099
-0.000084
-0.000069
-0.000056
-0.000044
-0.000033
-0.000024
-0.000017
-0.000012
-0.000008
-0.000005
-0.000002
-0.000002
-0.000002
-0.000002
-0.000003
-0.000005
-0.000006
-0.000009
-0.000012
-0.000016
-0.000023
-0.000029
-0.000037
-0.000047
-0.000057
-0.000068
-0.000076
-0.000086
-0.000094
-0.000100
-0.000105
-0.000109
-0.000113
-0.000115
-0.000116
-0.000117
-0.000117
-0.000117
-0.000117
-0.000116
-0.000114
-0.000110
-0.000106
-0.000100
-0.000093
-0.000084
-0.000073
-0.000060
-0.000048
-0.000034
-0.000020
-0.000006
0.000007
0.000021
0.000036
0.000049
0.000062
0.000076
0.000089
0.000102
0.000115
0.000130
0.000143
0.000155
0.000168
0.000181
0.000192
0.000201
0.000208
0.000214
0.000217
0.000219
0.000220
0.000219
0.000217
0.000213
0.000208
0.000203
0.000196
0.000188
0.000179
0.000170
0.000159
0.000147
0.000134
0.000121
0.000106
0.000091
0.000075
0.000059
0.000045
0.000030
0.000016
0.000002
-0.000010
-0.000020
-0.000031
-0.000041
-0.000050
-0.000059
-0.000067
-0.000074
-0.000079
-0.000084
-0.000086
-0.000088
-0.000087
-0.000085
-0.000079
-0.000072
-0.000062
-0.000051
-0.000040
-0.000027
-0.000014
0.000001
0.000015
0.000028
0.000041
0.000054
0.000067
0.000080
0.000092
0.000106
0.000117
0.000128
0.000139
0.000147
0.000153
0.000157
0.000159
0.000159
0.000155
0.000149
0.000140
0.000129
0.000115
0.000100
0.000082
0.000063
0.000043
0.000023
0.000001
-0.000022
-0.000045
-0.000069
-0.000094
-0.000120
-0.000147
-0.000174
-0.000200
-0.000224
-0.000248
-0.000269
-0.000287
-0.000302
-0.000314
-0.000323
-0.000329
-0.000331
-0.000331
-0.000329
-0.000323
-0.000315
-0.000305
-0.000291
-0.000276
-0.000257
-0.000236
-0.000212
-0.000185
-0.000155
-0.000124
-0.000092
-0.000058
-0.000025
0.000009
0.000043
0.000076
0.000107
0.000135
0.000161
0.000187
0.000209
0.000228
0.000245
0.000259
0.000270
0.000278
0.000282
0.000283
0.000281
0.000275
0.000263
0.000248
0.000228
0.000204
0.000177
0.000147
0.000114
0.000081
0.000045
0.000009
-0.000029
-0.000066
-0.000101
-0.000137
-0.000172
-0.000206
-0.000241
-0.000274
-0.000304
-0.000333
-0.000359
-0.000382
-0.000401
-0.000417
-0.000428
-0.000434
-0.000435
-0.000432
-0.000424
-0.000411
-0.000395
-0.000374
-0.000351
-0.000327
-0.000300
-0.000270
-0.000239
-0.000207
-0.000172
-0.000135
-0.000098
-0.000060
-0.000021
0.000017
0.000054
0.000090
0.000122
0.000152
0.000177
0.000201
0.000219
0.000234
0.000244
0.000251
0.000252
0.000251
0.000246
0.000237
0.000224
0.000208
0.000187
0.000164
0.000136
0.000102
0.000065
0.000026
-0.000018
-0.000063
-0.000111
-0.000161
-0.000211
-0.000262
-0.000312
-0.000362
-0.000411
-0.000459
-0.000505
-0.000550
-0.000593
-0.000634
-0.000673
-0.000709
-0.000743
-0.000774
-0.000801
-0.000824
-0.000843
-0.000857
-0.000866
-0.000870
-0.000869
-0.000864
-0.000854
-0.000842
-0.000827
-0.000807
-0.000784
-0.000759
-0.000729
-0.000697
-0.000662
-0.000624
-0.000583
-0.000539
-0.000493
-0.000445
-0.000396
-0.000344
-0.000293
-0.000241
-0.000191
-0.000141
-0.000093
-0.000045
-0.000001
0.000042
0.000084
0.000124
0.000162
0.000199
0.000234
0.000266
0.000295
0.000323
0.000346
0.000366
0.000383
0.000395
0.000404
0.000408
0.000409
0.000408
0.000404
0.000397
0.000387
0.000376
0.000362
0.000346
0.000327
0.000306
0.000282
0.000256
0.000229
0.000199
0.000167
0.000134
0.000101
0.000066
0.000030
-0.000006
-0.000041
-0.000075
-0.000108
-0.000140
-0.000171
-0.000201
-0.000231
-0.000259
-0.000286
-0.000313
-0.000338
-0.000363
-0.000386
-0.000408
-0.000427
-0.000445
-0.000459
-0.000471
-0.000481
-0.000489
-0.000494
-0.000498
-0.000500
-0.000503
-0.000503
-0.000504
-0.000503
-0.000501
-0.000498
-0.000494
-0.000488
-0.000481
-0.000474
-0.000463
-0.000451
-0.000440
-0.000427
-0.000413
-0.000399
-0.000385
-0.000371
-0.000359
-0.000346
-0.000333
-0.000320
-0.000307
-0.000292
-0.000278
-0.000263
-0.000248
-0.000232
-0.000216
-0.000200
-0.000185
-0.000171
-0.000156
-0.000142
-0.000128
-0.000116
-0.000105
-0.000095
-0.000085
-0.000075
-0.000065
-0.000055
-0.000046
-0.000037
-0.000030
-0.000024
-0.000021
-0.000020
-0.000019
-0.000022
-0.000028
-0.000036
-0.000047
-0.000059
-0.000072
-0.000087
-0.000103
-0.000121
-0.000140
-0.000160
-0.000182
-0.000206
-0.000232
-0.000260
-0.000290
-0.000322
-0.000355
-0.000389
-0.000423
-0.000457
-0.000490
-0.000523
-0.000554
-0.000583
-0.000610
-0.000635
-0.000658
-0.000678
-0.000697
-0.000713
-0.000727
-0.000739
-0.000746
-0.000751
-0.000752
-0.000749
-0.000743
-0.000733
-0.000718
-0.000699
-0.000676
-0.000650
-0.000621
-0.000588
-0.000554
-0.000517
-0.000477
-0.000436
-0.000394
-0.000349
-0.000303
-0.000257
-0.000210
-0.000160
-0.000109
-0.000059
-0.000009
0.000040
0.000088
0.000133
0.000175
0.000215
0.000252
0.000286
0.000318
0.000347
0.000374
0.000397
0.000417
0.000434
0.000449
0.000462
0.000471
0.000477
0.000481
0.000480
0.000478
0.000470
0.000460
0.000448
0.000433
0.000416
0.000398
0.000378
0.000359
0.000338
0.000318
0.000297
0.000276
0.000255
0.000233
0.000210
0.000187
0.000164
0.000141
0.000119
0.000096
0.000072
0.000052
0.000031
0.000013
-0.000004
-0.000017
-0.000030
-0.000042
-0.000053
-0.000063
-0.000074
-0.000085
-0.000097
-0.000108
-0.000117
-0.000127
-0.000137
-0.000146
-0.000153
-0.000160
-0.000166
-0.000171
-0.000175
-0.000179
-0.000183
-0.000187
-0.000191
-0.000195
-0.000199
-0.000203
-0.000208
-0.000213
-0.000216
-0.000219
-0.000220
-0.000219
-0.000218
-0.000214
-0.000209
-0.000204
-0.000197
-0.000191
-0.000183
-0.000177
-0.000169
-0.000160
-0.000152
-0.000143
-0.000133
-0.000122
-0.000109
-0.000095
-0.000081
-0.000065
-0.000049
-0.000033
-0.000016
-0.000000
0.000015
0.000028
0.000041
0.000051
0.000061
0.000070
0.000077
0.000084
0.000090
0.000095
0.000098
0.000100
0.000099
0.000097
0.000091
0.000084
0.000074
0.000060
0.000044
0.000025
0.000003
-0.000022
-0.000048
-0.000076
-0.000104
-0.000133
-0.000164
-0.000196
-0.000228
-0.000262
-0.000298
-0.000333
-0.000370
-0.000407
-0.000444
-0.000482
-0.000518
-0.000554
-0.000587
-0.000617
-0.000647
-0.000672
-0.000694
-0.000714
-0.000730
-0.000743
-0.000754
-0.000761
-0.000765
-0.000766
-0.000765
-0.000760
-0.000750
-0.000737
-0.000721
-0.000700
-0.000676
-0.000648
-0.000616
-0.000581
-0.000543
-0.000504
-0.000463
-0.000419
-0.000376
-0.000333
-0.000288
-0.000242
-0.000196
-0.000152
-0.000108
-0.000062
-0.000017
0.000027
0.000069
0.000110
0.000147
0.000181
0.000210
0.000237
0.000260
0.000280
0.000295
0.000306
0.000314
0.000319
0.000320
0.000319
0.000313
0.000306
0.000296
0.000281
0.000265
0.000246
0.000224
0.000199
0.000172
0.000142
0.000112
0.000080
0.000048
0.000016
-0.000015
-0.000045
-0.000073
-0.000100
-0.000125
-0.000149
-0.000170
-0.000190
-0.000209
-0.000226
-0.000241
-0.000252
-0.000261
-0.000267
-0.000270
-0.000270
-0.000267
-0.000261
-0.000252
-0.000241
-0.000226
-0.000209
-0.000190
-0.000170
-0.000149
-0.000126
-0.000104
-0.000081
-0.000056
-0.000032
-0.000007
0.000018
0.000044
0.000070
0.000096
0.000120
0.000146
0.000170
0.000191
0.000210
0.000228
0.000243
0.000255
0.000265
0.000274
0.000282
0.000289
0.000295
0.000300
0.000305
0.000309
0.000312
0.000314
0.000313
0.000313
0.000311
0.000308
0.000304
0.000300
0.000296
0.000292
0.000288
0.000286
0.000284
0.000282
0.000283
0.000285
0.000288
0.000292
0.000297
0.000300
0.000302
0.000306
0.000310
0.000313
0.000315
0.000317
0.000317
0.000319
0.000320
0.000321
0.000323
0.000324
0.000324
0.000322
0.000318
0.000311
0.000305
0.000294
0.000281
0.000265
0.000247
0.000226
0.000204
0.000181
0.000158
0.000133
0.000107
0.000080
0.000053
0.000023
-0.000006
-0.000036
-0.000065
-0.000094
-0.000124
-0.000152
-0.000178
-0.000202
-0.000225
-0.000245
-0.000261
-0.000273
-0.000282
-0.000287
-0.000289
-0.000286
-0.000280
-0.000272
-0.000259
-0.000244
-0.000225
-0.000203
-0.000177
-0.000146
-0.000112
-0.000075
-0.000034
0.000009
0.000055
0.000102
0.000151
0.000202
0.000252
0.000301
0.000350
0.000397
0.000444
0.000490
0.000532
0.000574
0.000614
0.000653
0.000689
0.000722
0.000753
0.000780
0.000804
0.000824
0.000839
0.000851
0.000858
0.000862
0.000861
0.000857
0.000850
0.000841
0.000830
0.000818
0.000804
0.000788
0.000771
0.000754
0.000735
0.000715
0.000695
0.000674
0.000653
0.000632
0.000610
0.000589
0.000571
0.000553
0.000536
0.000522
0.000509
0.000499
0.000490
0.000482
0.000475
0.000470
0.000464
0.000459
0.000454
0.000448
0.000443
0.000438
0.000434
0.000430
0.000425
0.000421
0.000418
0.000414
0.000410
0.000404
0.000397
0.000389
0.000378
0.000365
0.000350
0.000333
0.000315
0.000296
0.000276
0.000255
0.000234
0.000213
0.000192
0.000171
0.000149
0.000126
0.000103
0.000080
0.000057
0.000033
0.000010
-0.000012
-0.000034
-0.000055
-0.000074
-0.000089
-0.000104
-0.000115
-0.000125
-0.000133
-0.000140
-0.000145
-0.000147
-0.000149
-0.000150
-0.000149
-0.000149
-0.000148
-0.000146
-0.000142
-0.000136
-0.000131
-0.000124
-0.000118
-0.000109
-0.000102
-0.000094
-0.000088
-0.000083
-0.000079
-0.000078
-0.000077
-0.000079
-0.000081
-0.000084
-0.000088
-0.000093
-0.000099
-0.000105
-0.000111
-0.000117
-0.000123
-0.000130
-0.000137
-0.000146
-0.000153
-0.000161
-0.000170
-0.000177
-0.000183
-0.000190
-0.000196
-0.000198
-0.000199
-0.000197
-0.000193
-0.000187
-0.000180
-0.000171
-0.000159
-0.000147
-0.000134
-0.000118
-0.000102
-0.000085
-0.000066
-0.000047
-0.000026
-0.000005
0.000017
0.000040
0.000065
0.000089
0.000113
0.000136
0.000158
0.000179
0.000198
0.000215
0.000229
0.000241
0.000255
0.000265
0.000273
0.000282
0.000287
0.000293
0.000297
0.000299
0.000300
0.000299
0.000296
0.000291
0.000285
0.000278
0.000268
0.000258
0.000247
0.000235
0.000225
0.000215
0.000205
0.000197
0.000190
0.000183
0.000179
0.000173
0.000169
0.000165
0.000162
0.000158
0.000156
0.000154
0.000152
0.000151
0.000152
0.000154
0.000158
0.000163
0.000169
0.000176
0.000182
0.000190
0.000195
0.000200
0.000204
0.000208
0.000211
0.000214
0.000217
0.000220
0.000224
0.000227
0.000231
0.000234
0.000237
0.000239
0.000241
0.000241
0.000242
0.000240
0.000238
0.000236
0.000233
0.000229
0.000225
0.000222
0.000219
0.000215
0.000212
0.000212
0.000210
0.000207
0.000205
0.000203
0.000199
0.000195
0.000192
0.000187
0.000182
0.000176
0.000172
0.000166
0.000163
0.000160
0.000157
0.000154
0.000152
0.000150
0.000148
0.000145
0.000143
0.000141
0.000138
0.000136
0.000135
0.000134
0.000136
0.000138
0.000142
0.000149
0.000156
0.000166
0.000177
0.000190
0.000203
0.000218
0.000234
0.000250
0.000267
0.000285
0.000307
0.000327
0.000349
0.000373
0.000398
0.000424
0.000451
0.000479
0.000507
0.000534
0.000560
0.000585
0.000608
0.000630
0.000649
0.000668
0.000684
0.000699
0.000712
0.000721
0.000730
0.000735
0.000738
0.000738
0.000735
0.000729
0.000720
0.000706
0.000690
0.000670
0.000646
0.000620
0.000593
0.000562
0.000530
0.000497
0.000462
0.000428
0.000392
0.000357
0.000320
0.000284
0.000247
0.000210
0.000172
0.000137
0.000101
0.000068
0.000035
0.000006
-0.000020
-0.000044
-0.000064
-0.000080
-0.000094
-0.000105
-0.000113
-0.000118
-0.000121
-0.000122
-0.000121
-0.000118
-0.000113
-0.000105
-0.000096
-0.000085
-0.000072
-0.000055
-0.000038
-0.000020
-0.000002
0.000018
0.000037
0.000056
0.000074
0.000091
0.000107
0.000121
0.000134
0.000145
0.000155
0.000163
0.000170
0.000174
0.000179
0.000182
0.000183
0.000181
0.000177
0.000171
0.000163
0.000151
0.000139
0.000124
0.000109
0.000092
0.000074
0.000057
0.000039
0.000021
0.000005
-0.000011
-0.000028
-0.000043
-0.000059
-0.000074
-0.000087
-0.000100
-0.000112
-0.000124
-0.000134
-0.000142
-0.000149
-0.000153
-0.000156
-0.000156
-0.000155
-0.000153
-0.000148
-0.000144
-0.000137
-0.000131
-0.000126
-0.000121
-0.000115
-0.000111
-0.000105
-0.000100
-0.000094
-0.000089
-0.000083
-0.000078
-0.000072
-0.000066
-0.000062
-0.000059
-0.000058
-0.000058
-0.000060
-0.000063
-0.000068
-0.000075
-0.000083
-0.000093
-0.000102
-0.000113
-0.000123
-0.000133
-0.000145
-0.000157
-0.000168
-0.000181
-0.000194
-0.000207
-0.000221
-0.000236
-0.000251
-0.000265
-0.000279
-0.000293
-0.000304
-0.000314
-0.000323
-0.000331
-0.000338
-0.000343
-0.000347
-0.000352
-0.000354
-0.000356
-0.000358
-0.000360
-0.000361
-0.000361
-0.000361
-0.000358
-0.000355
-0.000350
-0.000342
-0.000336
-0.000327
-0.000319
-0.000311
-0.000303
-0.000295
-0.000288
-0.000281
-0.000276
-0.000270
-0.000264
-0.000257
-0.000252
-0.000247
-0.000241
-0.000236
-0.000230
-0.000225
-0.000220
-0.000216
-0.000212
-0.000209
-0.000209
-0.000209
-0.000211
-0.000212
-0.000213
-0.000215
-0.000218
-0.000220
-0.000221
-0.000223
-0.000225
-0.000228
-0.000230
-0.000233
-0.000237
-0.000242
-0.000248
-0.000254
-0.000261
-0.000267
-0.000274
-0.000281
-0.000287
-0.000293
-0.000296
-0.000300
-0.000302
-0.000306
-0.000310
-0.000313
-0.000317
-0.000321
-0.000325
-0.000329
-0.000333
-0.000336
-0.000338
-0.000340
-0.000340
-0.000339
-0.000338
-0.000333
-0.000328
-0.000322
-0.000315
-0.000308
-0.000300
-0.000291
-0.000282
-0.000271
-0.000260
-0.000248
-0.000236
-0.000221
-0.000204
-0.000185
-0.000165
-0.000141
-0.000117
-0.000093
-0.000067
-0.000042
-0.000015
0.000010
0.000035
0.000060
0.000084
0.000108
0.000132
0.000157
0.000182
0.000206
0.000230
0.000253
0.000275
0.000298
0.000317
0.000333
0.000349
0.000361
0.000371
0.000378
0.000383
0.000385
0.000386
0.000384
0.000379
0.000374
0.000366
0.000356
0.000345
0.000331
0.000315
0.000297
0.000276
0.000254
0.000229
0.000204
0.000177
0.000150
0.000122
0.000095
0.000067
0.000040
0.000015
-0.000011
-0.000035
-0.000059
-0.000083
-0.000106
-0.000129
-0.000153
-0.000175
-0.000196
-0.000216
-0.000234
-0.000250
-0.000265
-0.000279
-0.000290
-0.000300
-0.000308
-0.000314
-0.000320
-0.000325
-0.000330
-0.000335
-0.000340
-0.000345
-0.000350
-0.000355
-0.000359
-0.000362
-0.000365
-0.000367
-0.000368
-0.000369
-0.000368
-0.000369
-0.000370
-0.000370
-0.000371
-0.000374
-0.000376
-0.000378
-0.000381
-0.000383
-0.000384
-0.000383
-0.000381
-0.000377
-0.000372
-0.000366
-0.000360
-0.000351
-0.000342
-0.000332
-0.000322
-0.000311
-0.000299
-0.000286
-0.000271
-0.000257
-0.000239
-0.000220
-0.000198
-0.000176
-0.000152
-0.000126
-0.000099
-0.000072
-0.000045
-0.000018
0.000006
0.000031
0.000054
0.000075
0.000096
0.000116
0.000136
0.000154
0.000172
0.000188
0.000204
0.000217
0.000227
0.000236
0.000243
0.000246
0.000246
0.000243
0.000238
0.000229
0.000219
0.000205
0.000191
0.000174
0.000156
0.000137
0.000117
0.000096
0.000073
0.000049
0.000023
-0.000004
-0.000032
-0.000062
-0.000092
-0.000123
-0.000153
-0.000182
-0.000211
-0.000238
-0.000265
-0.000288
-0.000312
-0.000333
-0.000352
-0.000372
-0.000389
-0.000407
-0.000423
-0.000437
-0.000450
-0.000460
-0.000469
-0.000476
-0.000480
-0.000481
-0.000480
-0.000476
-0.000468
-0.000459
-0.000449
-0.000436
-0.000423
-0.000410
-0.000395
-0.000380
-0.000364
-0.000346
-0.000327
-0.000306
-0.000285
-0.000261
-0.000236
-0.000211
-0.000185
-0.000159
-0.000133
-0.000108
-0.000085
-0.000064
-0.000043
-0.000026
-0.000010
0.000005
0.000018
0.000029
0.000040
0.000048
0.000056
0.000061
0.000065
0.000067
0.000066
0.000062
0.000056
0.000046
0.000034
0.000020
0.000003
-0.000015
-0.000034
-0.000054
-0.000075
-0.000096
-0.000119
-0.000141
-0.000163
-0.000186
-0.000208
-0.000231
-0.000252
-0.000273
-0.000294
-0.000312
-0.000329
-0.000344
-0.000357
-0.000368
-0.000375
-0.000380
-0.000382
-0.000380
-0.000376
-0.000370
-0.000362
-0.000354
-0.000343
-0.000332
-0.000319
-0.000304
-0.000288
-0.000271
-0.000251
-0.000231
-0.000210
-0.000187
-0.000164
-0.000141
-0.000119
-0.000099
-0.000080
-0.000062
-0.000047
-0.000034
-0.000022
-0.000012
-0.000005
0.000001
0.000004
0.000008
0.000009
0.000010
0.000009
0.000006
0.000001
-0.000006
-0.000014
-0.000024
-0.000037
-0.000051
-0.000067
-0.000083
-0.000098
-0.000113
-0.000128
-0.000141
-0.000153
-0.000165
-0.000174
-0.000183
-0.000190
-0.000198
-0.000204
-0.000210
-0.000215
-0.000218
-0.000220
-0.000221
-0.000219
-0.000214
-0.000207
-0.000197
-0.000186
-0.000174
-0.000159
-0.000145
-0.000129
-0.000112
-0.000098
-0.000081
-0.000068
-0.000054
-0.000040
-0.000026
-0.000013
-0.000001
0.000012
0.000023
0.000035
0.000045
0.000054
0.000060
0.000065
0.000067
0.000067
0.000064
0.000059
0.000051
0.000041
0.000028
0.000014
-0.000002
-0.000019
-0.000036
-0.000054
-0.000073
-0.000093
-0.000113
-0.000136
-0.000161
-0.000187
-0.000214
-0.000241
-0.000270
-0.000299
-0.000328
-0.000357
-0.000384
-0.000410
-0.000437
-0.000460
-0.000483
-0.000505
-0.000527
-0.000549
-0.000568
-0.000588
-0.000608
-0.000626
-0.000641
-0.000654
-0.000666
-0.000675
-0.000681
-0.000685
-0.000687
-0.000686
-0.000682
-0.000676
-0.000669
-0.000659
-0.000648
-0.000636
-0.000622
-0.000606
-0.000587
-0.000567
-0.000545
-0.000520
-0.000493
-0.000464
-0.000431
-0.000397
-0.000362
-0.000326
-0.000289
-0.000253
-0.000216
-0.000181
-0.000146
-0.000111
-0.000077
-0.000042
-0.000009
0.000024
0.000058
0.000090
0.000121
0.000151
0.000180
0.000205
0.000229
0.000250
0.000269
0.000285
0.000298
0.000308
0.000317
0.000323
0.000328
0.000330
0.000332
0.000332
0.000331
0.000329
0.000324
0.000319
0.000310
0.000301
0.000290
0.000277
0.000265
0.000251
0.000238
0.000226
0.000213
0.000202
0.000191
0.000181
0.000173
0.000166
0.000160
0.000153
0.000148
0.000142
0.000137
0.000132
0.000129
0.000126
0.000123
0.000123
0.000123
0.000125
0.000129
0.000135
0.000141
0.000148
0.000155
0.000161
0.000167
0.000172
0.000176
0.000181
0.000185
0.000187
0.000190
0.000192
0.000194
0.000196
0.000196
0.000196
0.000196
0.000196
0.000195
0.000192
0.000186
0.000180
0.000171
0.000162
0.000152
0.000142
0.000131
0.000120
0.000110
0.000100
0.000090
0.000080
0.000070
0.000061
0.000050
0.000040
0.000028
0.000016
0.000005
-0.000007
-0.000017
-0.000028
-0.000037
-0.000046
-0.000054
-0.000060
-0.000063
-0.000066
-0.000071
-0.000074
-0.000077
-0.000079
-0.000083
-0.000084
-0.000087
-0.000090
-0.000094
-0.000096
-0.000097
-0.000097
-0.000098
-0.000097
-0.000097
-0.000096
-0.000095
-0.000095
-0.000095
-0.000096
-0.000098
-0.000101
-0.000104
-0.000109
-0.000114
-0.000120
-0.000126
-0.000130
-0.000134
-0.000138
-0.000141
-0.000145
-0.000146
-0.000149
-0.000152
-0.000156
-0.000158
-0.000162
-0.000165
-0.000166
-0.000168
-0.000169
-0.000169
-0.000166
-0.000162
-0.000156
-0.000147
-0.000139
-0.000128
-0.000118
-0.000105
-0.000093
-0.000079
-0.000064
-0.000049
-0.000033
-0.000016
0.000003
0.000022
0.000044
0.000065
0.000089
0.000114
0.000138
0.000162
0.000187
0.000211
0.000234
0.000256
0.000276
0.000297
0.000315
0.000334
0.000351
0.000368
0.000383
0.000400
0.000415
0.000428
0.000441
0.000452
0.000461
0.000469
0.000473
0.000477
0.000477
0.000476
0.000473
0.000470
0.000464
0.000459
0.000451
0.000443
0.000434
0.000426
0.000416
0.000405
0.000393
0.000380
0.000365
0.000350
0.000333
0.000316
0.000299
0.000283
0.000266
0.000250
0.000235
0.000221
0.000207
0.000193
0.000180
0.000168
0.000155
0.000142
0.000128
0.000115
0.000101
0.000089
0.000078
0.000069
0.000060
0.000053
0.000048
0.000044
0.000042
0.000040
0.000040
0.000041
0.000042
0.000044
0.000048
0.000050
0.000054
0.000059
0.000066
0.000075
0.000085
0.000097
0.000111
0.000126
0.000143
0.000160
0.000178
0.000196
0.000214
0.000232
0.000252
0.000271
0.000289
0.000306
0.000324
0.000343
0.000362
0.000381
0.000402
0.000420
0.000438
0.000454
0.000470
0.000483
0.000493
0.000502
0.000508
0.000512
0.000513
0.000512
0.000510
0.000505
0.000499
0.000492
0.000482
0.000471
0.000459
0.000444
0.000428
0.000410
0.000389
0.000366
0.000341
0.000315
0.000289
0.000262
0.000234
0.000207
0.000181
0.000158
0.000135
0.000114
0.000093
0.000074
0.000055
0.000037
0.000020
0.000004
-0.000009
-0.000023
-0.000034
-0.000043
-0.000048
-0.000053
-0.000054
-0.000053
-0.000049
-0.000045
-0.000038
-0.000029
-0.000020
-0.000009
0.000002
0.000013
0.000024
0.000035
0.000046
0.000059
0.000073
0.000086
0.000101
0.000115
0.000130
0.000144
0.000157
0.000171
0.000183
0.000193
0.000202
0.000207
0.000212
0.000216
0.000218
0.000219
0.000219
0.000219
0.000218
0.000217
0.000215
0.000213
0.000210
0.000206
0.000202
0.000197
0.000191
0.000184
0.000176
0.000170
0.000162
0.000156
0.000150
0.000144
0.000139
0.000134
0.000131
0.000127
0.000125
0.000121
0.000117
0.000114
0.000109
0.000104
0.000097
0.000090
0.000083
0.000076
0.000068
0.000060
0.000050
0.000041
0.000033
0.000023
0.000011
-0.000002
-0.000017
-0.000034
-0.000052
-0.000072
-0.000092
-0.000114
-0.000136
-0.000158
-0.000180
-0.000202
-0.000223
-0.000243
-0.000263
-0.000281
-0.000299
-0.000316
-0.000334
-0.000350
-0.000364
-0.000377
-0.000390
-0.000400
-0.000406
-0.000410
-0.000410
-0.000408
-0.000403
-0.000395
-0.000384
-0.000371
-0.000355
-0.000338
-0.000319
-0.000298
-0.000276
-0.000254
-0.000230
-0.000207
-0.000179
-0.000153
-0.000124
-0.000094
-0.000064
-0.000033
-0.000001
0.000029
0.000057
0.000085
0.000110
0.000133
0.000153
0.000171
0.000186
0.000200
0.000213
0.000223
0.000232
0.000239
0.000243
0.000245
0.000246
0.000244
0.000239
0.000232
0.000221
0.000209
0.000194
0.000177
0.000159
0.000140
0.000121
0.000101
0.000083
0.000064
0.000046
0.000028
0.000010
-0.000006
-0.000021
-0.000035
-0.000048
-0.000061
-0.000072
-0.000082
-0.000091
-0.000096
-0.000098
-0.000099
-0.000097
-0.000093
-0.000086
-0.000076
-0.000065
-0.000053
-0.000038
-0.000023
-0.000006
0.000012
0.000030
0.000050
0.000069
0.000091
0.000112
0.000136
0.000160
0.000184
0.000207
0.000231
0.000255
0.000276
0.000295
0.000310
0.000324
0.000338
0.000347
0.000355
0.000361
0.000365
0.000367
0.000369
0.000369
0.000369
0.000365
0.000361
0.000355
0.000348
0.000337
0.000325
0.000312
0.000297
0.000281
0.000265
0.000249
0.000233
0.000217
0.000202
0.000189
0.000176
0.000165
0.000154
0.000143
0.000133
0.000123
0.000113
0.000105
0.000098
0.000092
0.000088
0.000084
0.000082
0.000081
0.000082
0.000084
0.000088
0.000093
0.000098
0.000103
0.000108
0.000114
0.000119
0.000124
0.000128
0.000133
0.000138
0.000143
0.000147
0.000153
0.000157
0.000163
0.000168
0.000174
0.000178
0.000182
0.000184
0.000186
0.000187
0.000186
0.000185
0.000182
0.000180
0.000177
0.000174
0.000172
0.000170
0.000168
0.000165
0.000162
0.000157
0.000152
0.000145
0.000137
0.000127
0.000117
0.000105
0.000094
0.000084
0.000073
0.000062
0.000051
0.000041
0.000030
0.000021
0.000010
-0.000001
-0.000013
-0.000026
-0.000041
-0.000056
-0.000072
-0.000089
-0.000106
-0.000124
-0.000141
-0.000157
-0.000172
-0.000189
-0.000203
-0.000219
-0.000233
-0.000248
-0.000262
-0.000277
-0.000293
-0.000306
-0.000320
-0.000333
-0.000344
-0.000353
-0.000361
-0.000366
-0.000369
-0.000371
-0.000369
-0.000366
-0.000360
-0.000352
-0.000344
-0.000333
-0.000322
-0.000308
-0.000293
-0.000277
-0.000259
-0.000239
-0.000217
-0.000194
-0.000170
-0.000143
-0.000116
-0.000088
-0.000061
-0.000033
-0.000006
0.000020
0.000043
0.000068
0.000091
0.000113
0.000133
0.000152
0.000172
0.000191
0.000209
0.000226
0.000241
0.000255
0.000266
0.000275
0.000283
0.000288
0.000290
0.000290
0.000289
0.000287
0.000283
0.000278
0.000274
0.000269
0.000263
0.000258
0.000252
0.000246
0.000240
0.000232
0.000223
0.000213
0.000201
0.000190
0.000178
0.000167
0.000158
0.000147
0.000139
0.000131
0.000124
0.000120
0.000114
0.000109
0.000103
0.000097
0.000091
0.000084
0.000078
0.000071
0.000066
0.000060
0.000055
0.000051
0.000048
0.000047
0.000046
0.000045
0.000045
0.000046
0.000045
0.000045
0.000044
0.000043
0.000041
0.000040
0.000038
0.000038
0.000039
0.000039
0.000041
0.000044
0.000047
0.000052
0.000057
0.000061
0.000066
0.000070
0.000075
0.000079
0.000082
0.000085
0.000089
0.000093
0.000099
0.000104
0.000111
0.000117
0.000124
0.000130
0.000135
0.000139
0.000142
0.000144
0.000144
0.000143
0.000139
0.000136
0.000132
0.000126
0.000120
0.000112
0.000106
0.000097
0.000089
0.000078
0.000067
0.000054
0.000040
0.000024
0.000006
-0.000010
-0.000029
-0.000046
-0.000063
-0.000080
-0.000095
-0.000109
-0.000120
-0.000130
-0.000140
-0.000147
-0.000153
-0.000158
-0.000162
-0.000164
-0.000164
-0.000164
-0.000162
-0.000157
-0.000148
-0.000139
-0.000126
-0.000112
-0.000093
-0.000073
-0.000050
-0.000025
0.000001
0.000027
0.000054
0.000081
0.000108
0.000134
0.000160
0.000187
0.000213
0.000240
0.000266
0.000292
0.000316
0.000339
0.000359
0.000378
0.000395
0.000408
0.000417
0.000423
0.000427
0.000427
0.000423
0.000417
0.000409
0.000398
0.000385
0.000371
0.000354
0.000336
0.000315
0.000292
0.000266
0.000238
0.000207
0.000174
0.000140
0.000104
0.000067
0.000031
-0.000006
-0.000043
-0.000079
-0.000113
-0.000146
-0.000179
-0.000210
-0.000242
-0.000272
-0.000301
-0.000331
-0.000359
-0.000385
-0.000411
-0.000435
-0.000455
-0.000474
-0.000490
-0.000502
-0.000512
-0.000519
-0.000524
-0.000528
-0.000529
-0.000529
-0.000528
-0.000525
-0.000521
-0.000516
-0.000509
-0.000501
-0.000492
-0.000481
-0.000469
-0.000454
-0.000440
-0.000423
-0.000407
-0.000391
-0.000375
-0.000361
-0.000347
-0.000335
-0.000324
-0.000314
-0.000304
-0.000295
-0.000286
-0.000278
-0.000270
-0.000263
-0.000256
-0.000251
-0.000248
-0.000245
-0.000245
-0.000246
-0.000248
-0.000251
-0.000257
-0.000262
-0.000268
-0.000274
-0.000281
-0.000286
-0.000292
-0.000296
-0.000300
-0.000304
-0.000308
-0.000311
-0.000316
-0.000320
-0.000325
-0.000330
-0.000334
-0.000337
-0.000339
-0.000338
-0.000336
-0.000332
-0.000325
-0.000317
-0.000306
-0.000295
-0.000283
-0.000270
-0.000257
-0.000244
-0.000231
-0.000217
-0.000204
-0.000191
-0.000177
-0.000162
-0.000148
-0.000132
-0.000116
-0.000101
-0.000085
-0.000069
-0.000055
-0.000041
-0.000029
-0.000019
-0.000010
-0.000004
0.000003
0.000006
0.000008
0.000010
0.000013
0.000015
0.000017
0.000020
0.000022
0.000023
0.000022
0.000021
0.000019
0.000016
0.000011
0.000006
0.000001
-0.000004
-0.000010
-0.000014
-0.000018
-0.000020
-0.000023
-0.000024
-0.000024
-0.000025
-0.000025
-0.000025
-0.000027
-0.000028
-0.000031
-0.000034
-0.000036
-0.000039
-0.000042
-0.000045
-0.000049
-0.000053
-0.000058
-0.000063
-0.000069
-0.000076
-0.000085
-0.000097
-0.000111
-0.000127
-0.000146
-0.000166
-0.000188
-0.000211
-0.000236
-0.000261
-0.000288
-0.000315
-0.000342
-0.000370
-0.000400
-0.000429
-0.000459
-0.000490
-0.000521
-0.000551
-0.000583
-0.000612
-0.000639
-0.000666
-0.000690
-0.000711
-0.000729
-0.000743
-0.000754
-0.000762
-0.000768
-0.000771
-0.000771
-0.000769
-0.000763
-0.000756
-0.000746
-0.000733
-0.000716
-0.000696
-0.000673
-0.000646
-0.000616
-0.000583
-0.000547
-0.000509
-0.000470
-0.000430
-0.000388
-0.000346
-0.000304
-0.000263
-0.000221
-0.000181
-0.000138
-0.000097
-0.000054
-0.000012
0.000030
0.000071
0.000111
0.000152
0.000189
0.000227
0.000261
0.000294
0.000323
0.000352
0.000377
0.000400
0.000423
0.000442
0.000462
0.000481
0.000499
0.000514
0.000529
0.000541
0.000551
0.000560
0.000566
0.000569
0.000571
0.000570
0.000567
0.000561
0.000554
0.000547
0.000538
0.000528
0.000515
0.000502
0.000487
0.000470
0.000451
0.000430
0.000407
0.000381
0.000355
0.000325
0.000293
0.000261
0.000229
0.000195
0.000160
0.000127
0.000094
0.000061
0.000027
-0.000006
-0.000038
-0.000071
-0.000103
-0.000134
-0.000165
-0.000194
-0.000220
-0.000244
-0.000267
-0.000285
-0.000300
-0.000311
-0.000318
-0.000322
-0.000324
-0.000321
-0.000315
-0.000308
-0.000298
-0.000286
-0.000270
-0.000252
-0.000231
-0.000207
-0.000181
-0.000153
-0.000121
-0.000088
-0.000053
-0.000017
0.000019
0.000054
0.000090
0.000124
0.000156
0.000186
0.000215
0.000242
0.000267
0.000291
0.000312
0.000330
0.000347
0.000363
0.000376
0.000386
0.000392
0.000395
0.000395
0.000391
0.000385
0.000374
0.000361
0.000346
0.000329
0.000309
0.000289
0.000267
0.000247
0.000226
0.000204
0.000183
0.000162
0.000141
0.000121
0.000102
0.000081
0.000063
0.000046
0.000031
0.000017
0.000006
-0.000003
-0.000009
-0.000012
-0.000011
-0.000008
-0.000003
0.000004
0.000012
0.000022
0.000033
0.000045
0.000058
0.000071
0.000087
0.000102
0.000119
0.000136
0.000153
0.000173
0.000190
0.000208
0.000223
0.000238
0.000250
0.000260
0.000268
0.000273
0.000276
0.000276
0.000275
0.000273
0.000268
0.000263
0.000258
0.000249
0.000239
0.000228
0.000216
0.000202
0.000186
0.000168
0.000148
0.000125
0.000104
0.000082
0.000060
0.000039
0.000017
-0.000004
-0.000024
-0.000043
-0.000062
-0.000079
-0.000097
-0.000113
-0.000131
-0.000149
-0.000165
-0.000182
-0.000198
-0.000214
-0.000227
-0.000240
-0.000251
-0.000259
-0.000267
-0.000273
-0.000278
-0.000282
-0.000286
-0.000290
-0.000293
-0.000297
-0.000303
-0.000308
-0.000314
-0.000320
-0.000327
-0.000332
-0.000336
-0.000338
-0.000341
-0.000343
-0.000346
-0.000348
-0.000351
-0.000355
-0.000357
-0.000361
-0.000365
-0.000370
-0.000375
-0.000379
-0.000381
-0.000381
-0.000382
-0.000380
-0.000377
-0.000372
-0.000367
-0.000360
-0.000354
-0.000347
-0.000340
-0.000333
-0.000326
-0.000319
-0.000311
-0.000302
-0.000293
-0.000284
-0.000274
-0.000263
-0.000252
-0.000238
-0.000226
-0.000215
-0.000204
-0.000194
-0.000185
-0.000178
-0.000171
-0.000166
-0.000160
-0.000155
-0.000152
-0.000147
-0.000142
-0.000138
-0.000134
-0.000130
-0.000127
-0.000125
-0.000123
-0.000123
-0.000125
-0.000127
-0.000129
-0.000133
-0.000137
-0.000141
-0.000144
-0.000148
-0.000150
-0.000151
-0.000151
-0.000152
-0.000153
-0.000152
-0.000152
-0.000153
-0.000154
-0.000154
-0.000155
-0.000154
-0.000153
-0.000149
-0.000145
-0.000140
-0.000133
-0.000125
-0.000115
-0.000105
-0.000094
-0.000084
-0.000072
-0.000062
-0.000051
-0.000042
-0.000032
-0.000021
-0.000010
0.000002
0.000013
0.000026
0.000039
0.000053
0.000066
0.000079
0.000092
0.000102
0.000113
0.000121
0.000128
0.000134
0.000140
0.000143
0.000147
0.000150
0.000152
0.000153
0.000154
0.000153
0.000153
0.000151
0.000148
0.000143
0.000138
0.000129
0.000120
0.000109
0.000096
0.000083
0.000070
0.000057
0.000043
0.000028
0.000013
-0.000002
-0.000016
-0.000031
-0.000047
-0.000062
-0.000077
-0.000094
-0.000112
-0.000130
-0.000148
-0.000165
-0.000182
-0.000198
-0.000213
-0.000225
-0.000236
-0.000247
-0.000256
-0.000265
-0.000272
-0.000279
-0.000285
-0.000290
-0.000295
-0.000298
-0.000300
-0.000302
-0.000302
-0.000299
-0.000295
-0.000289
-0.000282
-0.000273
-0.000265
-0.000255
-0.000245
-0.000236
-0.000226
-0.000217
-0.000208
-0.000201
-0.000193
-0.000186
-0.000179
-0.000170
-0.000162
-0.000154
-0.000147
-0.000141
-0.000135
-0.000131
-0.000129
-0.000130
-0.000133
-0.000137
-0.000144
-0.000153
-0.000163
-0.000175
-0.000189
-0.000203
-0.000218
-0.000234
-0.000250
-0.000266
-0.000284
-0.000302
-0.000321
-0.000341
-0.000362
-0.000385
-0.000407
-0.000426
-0.000446
-0.000464
-0.000479
-0.000490
-0.000501
-0.000507
-0.000510
-0.000513
-0.000511
-0.000508
-0.000501
-0.000493
-0.000482
-0.000471
-0.000456
-0.000439
-0.000419
-0.000396
-0.000371
-0.000342
-0.000310
-0.000277
-0.000242
-0.000206
-0.000170
-0.000135
-0.000098
-0.000063
-0.000028
0.000003
0.000034
0.000065
0.000094
0.000121
0.000146
0.000169
0.000190
0.000208
0.000221
0.000231
0.000238
0.000240
0.000237
0.000230
0.000218
0.000202
0.000182
0.000158
0.000133
0.000103
0.000071
0.000037
-0.000001
-0.000039
-0.000080
-0.000121
-0.000165
-0.000211
-0.000259
-0.000308
-0.000356
-0.000402
-0.000447
-0.000492
-0.000534
-0.000574
-0.000610
-0.000643
-0.000672
-0.000697
-0.000718
-0.000735
-0.000749
-0.000759
-0.000764
-0.000765
-0.000763
-0.000756
-0.000744
-0.000728
-0.000706
-0.000681
-0.000650
-0.000615
-0.000577
-0.000536
-0.000492
-0.000446
-0.000398
-0.000349
-0.000300
-0.000251
-0.000202
-0.000153
-0.000104
-0.000057
-0.000009
0.000038
0.000084
0.000128
0.000170
0.000211
0.000249
0.000283
0.000312
0.000338
0.000359
0.000376
0.000389
0.000399
0.000405
0.000409
0.000410
0.000407
0.000402
0.000395
0.000385
0.000373
0.000359
0.000342
0.000322
0.000301
0.000277
0.000252
0.000226
0.000200
0.000172
0.000146
0.000122
0.000097
0.000075
0.000054
0.000036
0.000019
0.000002
-0.000013
-0.000028
-0.000042
-0.000055
-0.000066
-0.000077
-0.000086
-0.000093
-0.000098
-0.000101
-0.000102
-0.000101
-0.000099
-0.000096
-0.000090
-0.000086
-0.000081
-0.000076
-0.000072
-0.000067
-0.000063
-0.000059
-0.000056
-0.000051
-0.000047
-0.000041
-0.000036
-0.000028
-0.000021
-0.000014
-0.000007
0.000001
0.000007
0.000012
0.000015
0.000020
0.000025
0.000028
0.000032
0.000036
0.000041
0.000046
0.000053
0.000060
0.000066
0.000072
0.000077
0.000082
0.000086
0.000090
0.000092
0.000092
0.000092
0.000091
0.000090
0.000088
0.000085
0.000082
0.000078
0.000074
0.000070
0.000063
0.000054
0.000044
0.000032
0.000017
-0.000001
-0.000020
-0.000041
-0.000063
-0.000086
-0.000110
-0.000135
-0.000159
-0.000184
-0.000209
-0.000233
-0.000258
-0.000283
-0.000307
-0.000334
-0.000359
-0.000386
-0.000410
-0.000434
-0.000456
-0.000476
-0.000494
-0.000510
-0.000524
-0.000534
-0.000541
-0.000545
-0.000547
-0.000546
-0.000544
-0.000540
-0.000534
-0.000528
-0.000520
-0.000509
-0.000496
-0.000480
-0.000462
-0.000441
-0.000419
-0.000395
-0.000370
-0.000343
-0.000317
-0.000290
-0.000264
-0.000237
-0.000211
-0.000188
-0.000165
-0.000142
-0.000121
-0.000099
-0.000079
-0.000058
-0.000039
-0.000021
-0.000005
0.000009
0.000022
0.000034
0.000042
0.000048
0.000053
0.000054
0.000055
0.000055
0.000055
0.000052
0.000050
0.000046
0.000042
0.000039
0.000034
0.000029
0.000024
0.000017
0.000010
0.000003
-0.000005
-0.000012
-0.000021
-0.000027
-0.000033
-0.000037
-0.000040
-0.000040
-0.000038
-0.000034
-0.000029
-0.000024
-0.000020
-0.000014
-0.000007
0.000000
0.000006
0.000012
0.000020
0.000028
0.000036
0.000046
0.000056
0.000067
0.000079
0.000092
0.000103
0.000113
0.000124
0.000132
0.000138
0.000143
0.000146
0.000148
0.000150
0.000150
0.000151
0.000151
0.000150
0.000149
0.000148
0.000147
0.000146
0.000143
0.000139
0.000134
0.000128
0.000121
0.000113
0.000105
0.000095
0.000086
0.000076
0.000067
0.000059
0.000051
0.000043
0.000036
0.000029
0.000022
0.000014
0.000006
-0.000003
-0.000012
-0.000023
-0.000032
-0.000043
-0.000052
-0.000061
-0.000069
-0.000077
-0.000085
-0.000092
-0.000099
-0.000107
-0.000115
-0.000125
-0.000136
-0.000147
-0.000159
-0.000171
-0.000183
-0.000198
-0.000212
-0.000226
-0.000239
-0.000252
-0.000264
-0.000275
-0.000287
-0.000299
-0.000312
-0.000324
-0.000338
-0.000351
-0.000365
-0.000378
-0.000391
-0.000403
-0.000414
-0.000424
-0.000431
-0.000438
-0.000442
-0.000444
-0.000445
-0.000446
-0.000446
-0.000445
-0.000444
-0.000442
-0.000440
-0.000438
-0.000434
-0.000429
-0.000421
-0.000411
-0.000400
-0.000386
-0.000373
-0.000358
-0.000341
-0.000325
-0.000311
-0.000296
-0.000281
-0.000267
-0.000253
-0.000239
-0.000224
-0.000208
-0.000192
-0.000177
-0.000158
-0.000140
-0.000121
-0.000102
-0.000083
-0.000065
-0.000047
-0.000030
-0.000012
0.000003
0.000019
0.000035
0.000052
0.000070
0.000089
0.000108
0.000128
0.000150
0.000171
0.000194
0.000214
0.000234
0.000254
0.000273
0.000291
0.000310
0.000327
0.000344
0.000361
0.000379
0.000396
0.000411
0.000427
0.000442
0.000457
0.000470
0.000481
0.000489
0.000496
0.000500
0.000501
0.000502
0.000499
0.000495
0.000489
0.000482
0.000474
0.000464
0.000454
0.000443
0.000430
0.000414
0.000397
0.000378
0.000356
0.000333
0.000310
0.000285
0.000259
0.000233
0.000207
0.000182
0.000158
0.000135
0.000114
0.000094
0.000076
0.000058
0.000041
0.000027
0.000012
-0.000001
-0.000013
-0.000024
-0.000031
-0.000037
-0.000041
-0.000042
-0.000040
-0.000036
-0.000030
-0.000022
-0.000014
-0.000003
0.000008
0.000021
0.000033
0.000046
0.000059
0.000072
0.000086
0.000099
0.000112
0.000126
0.000138
0.000153
0.000165
0.000179
0.000192
0.000202
0.000211
0.000218
0.000221
0.000222
0.000222
0.000220
0.000216
0.000209
0.000201
0.000193
0.000184
0.000173
0.000162
0.000149
0.000134
0.000117
0.000099
0.000079
0.000056
0.000033
0.000008
-0.000018
-0.000043
-0.000069
-0.000094
-0.000120
-0.000144
-0.000167
-0.000190
-0.000212
-0.000233
-0.000255
-0.000275
-0.000297
-0.000317
-0.000337
-0.000356
-0.000374
-0.000389
-0.000402
-0.000414
-0.000424
-0.000430
-0.000435
-0.000437
-0.000439
-0.000438
-0.000434
-0.000431
-0.000426
-0.000419
-0.000412
-0.000403
-0.000392
-0.000380
-0.000366
-0.000350
-0.000331
-0.000311
-0.000289
-0.000266
-0.000243
-0.000219
-0.000195
-0.000171
-0.000148
-0.000126
-0.000104
-0.000082
-0.000062
-0.000042
-0.000022
-0.000003
0.000016
0.000034
0.000051
0.000065
0.000077
0.000087
0.000095
0.000100
0.000102
0.000103
0.000100
0.000095
0.000091
0.000084
0.000077
0.000070
0.000061
0.000052
0.000041
0.000030
0.000019
0.000006
-0.000008
-0.000023
-0.000038
-0.000053
-0.000066
-0.000079
-0.000091
-0.000100
-0.000107
-0.000113
-0.000116
-0.000116
-0.000115
-0.000111
-0.000105
-0.000098
-0.000091
-0.000082
-0.000072
-0.000060
-0.000048
-0.000034
-0.000019
-0.000001
0.000018
0.000039
0.000061
0.000084
0.000106
0.000129
0.000150
0.000170
0.000189
0.000206
0.000220
0.000233
0.000244
0.000253
0.000261
0.000269
0.000273
0.000276
0.000276
0.000276
0.000273
0.000266
0.000257
0.000247
0.000233
0.000217
0.000199
0.000179
0.000157
0.000134
0.000110
0.000085
0.000062
0.000039
0.000016
-0.000006
-0.000030
-0.000053
-0.000074
-0.000096
-0.000116
-0.000135
-0.000153
-0.000168
-0.000182
-0.000193
-0.000202
-0.000206
-0.000208
-0.000208
-0.000204
-0.000197
-0.000189
-0.000179
-0.000167
-0.000154
-0.000140
-0.000123
-0.000107
-0.000090
-0.000070
-0.000049
-0.000027
-0.000003
0.000021
0.000044
0.000068
0.000091
0.000113
0.000134
0.000153
0.000169
0.000184
0.000196
0.000207
0.000216
0.000224
0.000230
0.000234
0.000237
0.000239
0.000240
0.000239
0.000237
0.000232
0.000225
0.000219
0.000210
0.000199
0.000188
0.000175
0.000162
0.000151
0.000139
0.000127
0.000117
0.000109
0.000102
0.000097
0.000093
0.000088
0.000086
0.000085
0.000084
0.000084
0.000086
0.000088
0.000092
0.000098
0.000106
0.000116
0.000129
0.000143
0.000160
0.000177
0.000196
0.000214
0.000232
0.000250
0.000267
0.000285
0.000301
0.000317
0.000331
0.000345
0.000358
0.000369
0.000380
0.000390
0.000400
0.000406
0.000410
0.000411
0.000409
0.000405
0.000398
0.000387
0.000374
0.000359
0.000342
0.000323
0.000304
0.000281
0.000259
0.000236
0.000212
0.000186
0.000160
0.000132
0.000103
0.000074
0.000044
0.000015
-0.000014
-0.000043
-0.000069
-0.000095
-0.000118
-0.000139
-0.000158
-0.000174
-0.000188
-0.000200
-0.000210
-0.000217
-0.000223
-0.000228
-0.000231
-0.000234
-0.000233
-0.000230
-0.000225
-0.000217
-0.000207
-0.000195
-0.000181
-0.000164
-0.000147
-0.000130
-0.000113
-0.000095
-0.000079
-0.000064
-0.000050
-0.000036
-0.000023
-0.000011
0.000001
0.000012
0.000021
0.000031
0.000041
0.000048
0.000055
0.000059
0.000061
0.000062
0.000058
0.000055
0.000049
0.000041
0.000032
0.000023
0.000013
0.000002
-0.000009
-0.000019
-0.000030
-0.000039
-0.000049
-0.000059
-0.000069
-0.000079
-0.000089
-0.000100
-0.000110
-0.000119
-0.000127
-0.000134
-0.000138
-0.000141
-0.000143
-0.000141
-0.000138
-0.000134
-0.000129
-0.000122
-0.000113
-0.000105
-0.000098
-0.000091
-0.000082
-0.000074
-0.000064
-0.000055
-0.000044
-0.000033
-0.000021
-0.000009
0.000003
0.000015
0.000027
0.000038
0.000048
0.000056
0.000062
0.000067
0.000071
0.000074
0.000076
0.000076
0.000076
0.000076
0.000075
0.000075
0.000074
0.000072
0.000069
0.000065
0.000061
0.000055
0.000047
0.000040
0.000031
0.000023
0.000015
0.000008
0.000001
-0.000006
-0.000011
-0.000016
-0.000020
-0.000024
-0.000026
-0.000029
-0.000032
-0.000035
-0.000037
-0.000037
-0.000038
-0.000039
-0.000039
-0.000037
-0.000035
-0.000031
-0.000025
-0.000018
-0.000009
-0.000002
0.000008
0.000016
0.000025
0.000033
0.000040
0.000048
0.000056
0.000065
0.000073
0.000084
0.000095
0.000108
0.000120
0.000133
0.000146
0.000158
0.000170
0.000182
0.000192
0.000202
0.000210
0.000217
0.000225
0.000231
0.000239
0.000246
0.000253
0.000261
0.000270
0.000277
0.000285
0.000292
0.000298
0.000303
0.000307
0.000310
0.000312
0.000312
0.000313
0.000313
0.000314
0.000315
0.000317
0.000321
0.000325
0.000330
0.000335
0.000341
0.000346
0.000352
0.000356
0.000361
0.000366
0.000371
0.000377
0.000381
0.000388
0.000396
0.000405
0.000414
0.000425
0.000436
0.000449
0.000460
0.000472
0.000483
0.000492
0.000501
0.000510
0.000516
0.000522
0.000528
0.000533
0.000537
0.000542
0.000545
0.000548
0.000549
0.000548
0.000546
0.000541
0.000534
0.000524
0.000513
0.000498
0.000482
0.000464
0.000445
0.000424
0.000401
0.000379
0.000355
0.000331
0.000305
0.000277
0.000248
0.000218
0.000186
0.000153
0.000119
0.000085
0.000051
0.000018
-0.000012
-0.000042
-0.000072
-0.000097
-0.000121
-0.000142
-0.000163
-0.000182
-0.000199
-0.000214
-0.000226
-0.000238
-0.000246
-0.000251
-0.000253
-0.000249
-0.000243
-0.000232
-0.000218
-0.000199
-0.000177
-0.000153
-0.000125
-0.000095
-0.000064
-0.000031
0.000004
0.000038
0.000074
0.000111
0.000149
0.000186
0.000224
0.000263
0.000303
0.000344
0.000382
0.000419
0.000453
0.000486
0.000514
0.000541
0.000563
0.000582
0.000597
0.000608
0.000616
0.000621
0.000622
0.000621
0.000617
0.000612
0.000603
0.000590
0.000574
0.000555
0.000531
0.000504
0.000474
0.000442
0.000407
0.000370
0.000332
0.000295
0.000256
0.000218
0.000179
0.000142
0.000105
0.000069
0.000034
-0.000001
-0.000032
-0.000064
-0.000094
-0.000121
-0.000146
-0.000167
-0.000186
-0.000201
-0.000213
-0.000223
-0.000227
-0.000229
-0.000228
-0.000225
-0.000220
-0.000212
-0.000202
-0.000192
-0.000180
-0.000165
-0.000150
-0.000133
-0.000115
-0.000094
-0.000071
-0.000047
-0.000023
0.000001
0.000026
0.000051
0.000075
0.000097
0.000117
0.000137
0.000155
0.000170
0.000184
0.000196
0.000209
0.000220
0.000229
0.000238
0.000246
0.000252
0.000256
0.000256
0.000255
0.000250
0.000242
0.000229
0.000216
0.000199
0.000183
0.000164
0.000146
0.000125
0.000105
0.000084
0.000062
0.000040
0.000017
-0.000008
-0.000033
-0.000060
-0.000087
-0.000115
-0.000143
-0.000169
-0.000195
-0.000220
-0.000243
-0.000265
-0.000286
-0.000303
-0.000318
-0.000331
-0.000342
-0.000351
-0.000361
-0.000369
-0.000374
-0.000379
-0.000382
-0.000383
-0.000383
-0.000379
-0.000374
-0.000364
-0.000354
-0.000339
-0.000324
-0.000308
-0.000291
-0.000274
-0.000257
-0.000241
-0.000225
-0.000209
-0.000194
-0.000180
-0.000166
-0.000153
-0.000142
-0.000131
-0.000120
-0.000111
-0.000103
-0.000097
-0.000094
-0.000092
-0.000095
-0.000101
-0.000110
-0.000121
-0.000134
-0.000151
-0.000167
-0.000185
-0.000204
-0.000224
-0.000244
-0.000265
-0.000286
-0.000308
-0.000330
-0.000351
-0.000374
-0.000395
-0.000418
-0.000439
-0.000458
-0.000475
-0.000489
-0.000499
-0.000506
-0.000511
-0.000511
-0.000507
-0.000500
-0.000490
-0.000476
-0.000461
-0.000442
-0.000422
-0.000399
-0.000371
-0.000342
-0.000309
-0.000274
-0.000235
-0.000193
-0.000148
-0.000101
-0.000053
-0.000005
0.000045
0.000093
0.000141
0.000186
0.000230
0.000273
0.000312
0.000350
0.000387
0.000422
0.000455
0.000487
0.000516
0.000542
0.000567
0.000588
0.000605
0.000618
0.000627
0.000633
0.000635
0.000635
0.000632
0.000627
0.000619
0.000609
0.000598
0.000587
0.000575
0.000562
0.000548
0.000535
0.000521
0.000504
0.000488
0.000471
0.000454
0.000438
0.000420
0.000403
0.000387
0.000373
0.000359
0.000348
0.000337
0.000327
0.000318
0.000309
0.000300
0.000291
0.000282
0.000272
0.000261
0.000250
0.000239
0.000226
0.000215
0.000205
0.000195
0.000185
0.000175
0.000164
0.000153
0.000142
0.000129
0.000116
0.000102
0.000087
0.000072
0.000056
0.000041
0.000025
0.000012
-0.000001
-0.000012
-0.000022
-0.000028
-0.000034
-0.000038
-0.000041
-0.000041
-0.000040
-0.000038
-0.000035
-0.000030
-0.000021
-0.000011
0.000002
0.000017
0.000036
0.000059
0.000083
0.000110
0.000139
0.000169
0.000200
0.000233
0.000265
0.000298
0.000330
0.000363
0.000395
0.000427
0.000458
0.000488
0.000519
0.000550
0.000579
0.000605
0.000629
0.000652
0.000671
0.000687
0.000700
0.000709
0.000714
0.000716
0.000715
0.000711
0.000705
0.000698
0.000688
0.000675
0.000660
0.000643
0.000623
0.000602
0.000578
0.000552
0.000523
0.000493
0.000461
0.000430
0.000397
0.000365
0.000334
0.000303
0.000273
0.000244
0.000215
0.000189
0.000165
0.000142
0.000121
0.000100
0.000079
0.000059
0.000040
0.000022
0.000006
-0.000008
-0.000021
-0.000031
-0.000040
-0.000046
-0.000051
-0.000055
-0.000058
-0.000061
-0.000063
-0.000064
-0.000067
-0.000070
-0.000073
-0.000076
-0.000080
-0.000082
-0.000083
-0.000084
-0.000086
-0.000086
-0.000087
-0.000087
-0.000088
-0.000091
-0.000094
-0.000099
-0.000105
-0.000113
-0.000121
-0.000130
-0.000137
-0.000145
-0.000152
-0.000159
-0.000165
-0.000170
-0.000176
-0.000181
-0.000186
-0.000192
-0.000197
-0.000202
-0.000208
-0.000212
-0.000215
-0.000219
-0.000219
-0.000219
-0.000217
-0.000214
-0.000209
-0.000203
-0.000196
-0.000189
-0.000181
-0.000172
-0.000164
-0.000155
-0.000145
-0.000136
-0.000127
-0.000116
-0.000105
-0.000093
-0.000080
-0.000066
-0.000052
-0.000036
-0.000022
-0.000007
0.000008
0.000021
0.000034
0.000046
0.000057
0.000068
0.000079
0.000090
0.000102
0.000115
0.000127
0.000142
0.000154
0.000168
0.000181
0.000194
0.000206
0.000218
0.000229
0.000238
0.000248
0.000258
0.000268
0.000278
0.000288
0.000299
0.000309
0.000322
0.000334
0.000346
0.000357
0.000368
0.000377
0.000385
0.000393
0.000399
0.000404
0.000407
0.000410
0.000412
0.000414
0.000414
0.000414
0.000412
0.000411
0.000409
0.000404
0.000397
0.000387
0.000375
0.000360
0.000342
0.000323
0.000303
0.000282
0.000258
0.000235
0.000209
0.000183
0.000158
0.000132
0.000104
0.000077
0.000049
0.000019
-0.000011
-0.000040
-0.000069
-0.000097
-0.000125
-0.000151
-0.000175
-0.000198
-0.000216
-0.000233
-0.000247
-0.000259
-0.000269
-0.000276
-0.000281
-0.000284
-0.000286
-0.000286
-0.000282
-0.000277
-0.000269
-0.000257
-0.000242
-0.000226
-0.000206
-0.000184
-0.000161
-0.000136
-0.000111
-0.000085
-0.000059
-0.000034
-0.000009
0.000015
0.000038
0.000059
0.000080
0.000101
0.000120
0.000139
0.000157
0.000174
0.000190
0.000204
0.000216
0.000226
0.000233
0.000237
0.000238
0.000236
0.000232
0.000226
0.000219
0.000212
0.000204
0.000197
0.000190
0.000184
0.000177
0.000170
0.000163
0.000156
0.000149
0.000142
0.000133
0.000127
0.000121
0.000117
0.000114
0.000113
0.000113
0.000115
0.000119
0.000125
0.000131
0.000137
0.000144
0.000151
0.000157
0.000162
0.000166
0.000168
0.000170
0.000171
0.000171
0.000170
0.000168
0.000164
0.000160
0.000153
0.000144
0.000133
0.000119
0.000100
0.000079
0.000055
0.000028
-0.000001
-0.000034
-0.000067
-0.000101
-0.000137
-0.000172
-0.000208
-0.000244
-0.000280
-0.000315
-0.000350
-0.000385
-0.000419
-0.000453
-0.000486
-0.000517
-0.000547
-0.000574
-0.000598
-0.000618
-0.000635
-0.000646
-0.000654
-0.000658
-0.000658
-0.000655
-0.000649
-0.000639
-0.000628
-0.000614
-0.000598
-0.000580
-0.000561
-0.000540
-0.000518
-0.000493
-0.000468
-0.000441
-0.000413
-0.000387
-0.000360
-0.000334
-0.000310
-0.000288
-0.000270
-0.000255
-0.000243
-0.000234
-0.000228
-0.000225
-0.000226
-0.000228
-0.000233
-0.000243
-0.000253
-0.000264
-0.000279
-0.000295
-0.000314
-0.000335
-0.000358
-0.000383
-0.000409
-0.000434
-0.000460
-0.000484
-0.000505
-0.000526
-0.000544
-0.000559
-0.000570
-0.000579
-0.000584
-0.000585
-0.000584
-0.000580
-0.000573
-0.000563
-0.000550
-0.000532
-0.000510
-0.000484
-0.000454
-0.000419
-0.000382
-0.000340
-0.000297
-0.000250
-0.000203
-0.000156
-0.000108
-0.000060
-0.000013
0.000032
0.000076
0.000118
0.000157
0.000196
0.000234
0.000270
0.000303
0.000333
0.000359
0.000383
0.000404
0.000420
0.000430
0.000437
0.000439
0.000437
0.000430
0.000420
0.000407
0.000391
0.000374
0.000355
0.000334
0.000313
0.000290
0.000267
0.000243
0.000219
0.000193
0.000168
0.000142
0.000117
0.000092
0.000069
0.000046
0.000027
0.000010
-0.000005
-0.000017
-0.000027
-0.000034
-0.000039
-0.000042
-0.000043
-0.000046
-0.000047
-0.000047
-0.000047
-0.000047
-0.000045
-0.000043
-0.000039
-0.000037
-0.000034
-0.000032
-0.000030
-0.000029
-0.000030
-0.000032
-0.000037
-0.000044
-0.000051
-0.000063
-0.000077
-0.000092
-0.000109
-0.000128
-0.000149
-0.000171
-0.000192
-0.000214
-0.000236
-0.000258
-0.000281
-0.000304
-0.000328
-0.000352
-0.000375
-0.000397
-0.000420
-0.000440
-0.000459
-0.000476
-0.000489
-0.000499
-0.000505
-0.000508
-0.000508
-0.000505
-0.000499
-0.000492
-0.000481
-0.000468
-0.000452
-0.000434
-0.000414
-0.000392
-0.000368
-0.000341
-0.000312
-0.000280
-0.000246
-0.000210
-0.000172
-0.000135
-0.000097
-0.000059
-0.000023
0.000012
0.000044
0.000075
0.000105
0.000132
0.000158
0.000183
0.000206
0.000228
0.000249
0.000267
0.000283
0.000297
0.000307
0.000316
0.000322
0.000324
0.000324
0.000321
0.000317
0.000312
0.000305
0.000298
0.000291
0.000284
0.000277
0.000271
0.000266
0.000259
0.000252
0.000245
0.000238
0.000230
0.000224
0.000218
0.000214
0.000210
0.000208
0.000208
0.000208
0.000211
0.000215
0.000221
0.000228
0.000236
0.000245
0.000253
0.000261
0.000269
0.000276
0.000284
0.000291
0.000299
0.000308
0.000316
0.000324
0.000332
0.000340
0.000346
0.000352
0.000356
0.000359
0.000359
0.000357
0.000353
0.000347
0.000339
0.000330
0.000319
0.000308
0.000296
0.000281
0.000267
0.000253
0.000236
0.000219
0.000200
0.000180
0.000159
0.000135
0.000111
0.000086
0.000060
0.000035
0.000010
-0.000012
-0.000036
-0.000056
-0.000076
-0.000094
-0.000111
-0.000127
-0.000143
-0.000158
-0.000172
-0.000186
-0.000198
-0.000210
-0.000221
-0.000230
-0.000237
-0.000242
-0.000244
-0.000244
-0.000243
-0.000241
-0.000237
-0.000231
-0.000225
-0.000218
-0.000212
-0.000203
-0.000195
-0.000187
-0.000177
-0.000166
-0.000154
-0.000141
-0.000126
-0.000109
-0.000092
-0.000074
-0.000057
-0.000039
-0.000021
-0.000003
0.000013
0.000029
0.000044
0.000059
0.000072
0.000086
0.000100
0.000114
0.000127
0.000140
0.000154
0.000166
0.000177
0.000186
0.000194
0.000200
0.000202
0.000204
0.000204
0.000203
0.000199
0.000195
0.000188
0.000181
0.000172
0.000164
0.000153
0.000140
0.000126
0.000109
0.000090
0.000069
0.000044
0.000018
-0.000010
-0.000039
-0.000071
-0.000103
-0.000134
-0.000168
-0.000201
-0.000234
-0.000268
-0.000302
-0.000336
-0.000371
-0.000405
-0.000439
-0.000472
-0.000504
-0.000535
-0.000564
-0.000591
-0.000615
-0.000637
-0.000654
-0.000668
-0.000677
-0.000686
-0.000691
-0.000693
-0.000691
-0.000687
-0.000680
-0.000672
-0.000659
-0.000643
-0.000624
-0.000602
-0.000576
-0.000545
-0.000513
-0.000478
-0.000439
-0.000399
-0.000356
-0.000314
-0.000271
-0.000227
-0.000183
-0.000140
-0.000097
-0.000055
-0.000013
0.000028
0.000068
0.000109
0.000148
0.000186
0.000222
0.000255
0.000286
0.000314
0.000338
0.000359
0.000375
0.000388
0.000400
0.000407
0.000411
0.000414
0.000415
0.000413
0.000411
0.000406
0.000400
0.000391
0.000380
0.000366
0.000352
0.000335
0.000318
0.000300
0.000280
0.000262
0.000244
0.000227
0.000211
0.000195
0.000181
0.000169
0.000158
0.000148
0.000139
0.000131
0.000124
0.000118
0.000113
0.000107
0.000102
0.000101
0.000099
0.000099
0.000102
0.000106
0.000114
0.000120
0.000127
0.000135
0.000142
0.000148
0.000154
0.000160
0.000164
0.000166
0.000168
0.000169
0.000169
0.000168
0.000169
0.000167
0.000164
0.000161
0.000156
0.000149
0.000141
0.000131
0.000120
0.000107
0.000093
0.000079
0.000062
0.000046
0.000030
0.000016
0.000001
-0.000014
-0.000027
-0.000039
-0.000050
-0.000061
-0.000070
-0.000080
-0.000090
-0.000098
-0.000107
-0.000114
-0.000119
-0.000123
-0.000124
-0.000122
-0.000120
-0.000116
-0.000111
-0.000104
-0.000096
-0.000087
-0.000079
-0.000071
-0.000062
-0.000055
-0.000047
-0.000040
-0.000032
-0.000025
-0.000017
-0.000009
-0.000002
0.000004
0.000009
0.000013
0.000014
0.000014
0.000011
0.000008
0.000002
-0.000007
-0.000017
-0.000029
-0.000042
-0.000057
-0.000072
-0.000087
-0.000102
-0.000118
-0.000134
-0.000151
-0.000168
-0.000185
-0.000203
-0.000222
-0.000240
-0.000259
-0.000277
-0.000294
-0.000309
-0.000323
-0.000336
-0.000345
-0.000353
-0.000357
-0.000359
-0.000361
-0.000361
-0.000361
-0.000360
-0.000358
-0.000355
-0.000352
-0.000347
-0.000341
-0.000333
-0.000324
-0.000313
-0.000303
-0.000290
-0.000275
-0.000261
-0.000248
-0.000235
-0.000224
-0.000213
-0.000203
-0.000194
-0.000185
-0.000179
-0.000173
-0.000167
-0.000160
-0.000155
-0.000150
-0.000143
-0.000140
-0.000136
-0.000132
-0.000130
-0.000129
-0.000129
-0.000131
-0.000132
-0.000134
-0.000136
-0.000137
-0.000137
-0.000136
-0.000134
-0.000130
-0.000126
-0.000121
-0.000114
-0.000107
-0.000098
-0.000091
-0.000082
-0.000071
-0.000062
-0.000050
-0.000037
-0.000023
-0.000008
0.000009
0.000027
0.000046
0.000065
0.000085
0.000105
0.000124
0.000142
0.000159
0.000175
0.000190
0.000204
0.000217
0.000228
0.000239
0.000250
0.000259
0.000268
0.000275
0.000281
0.000286
0.000289
0.000288
0.000287
0.000284
0.000279
0.000271
0.000263
0.000252
0.000240
0.000228
0.000216
0.000203
0.000190
0.000177
0.000165
0.000153
0.000141
0.000129
0.000116
0.000104
0.000092
0.000080
0.000070
0.000060
0.000051
0.000045
0.000041
0.000040
0.000040
0.000043
0.000048
0.000055
0.000062
0.000071
0.000081
0.000091
0.000102
0.000113
0.000124
0.000136
0.000148
0.000162
0.000176
0.000191
0.000206
0.000220
0.000233
0.000244
0.000255
0.000264
0.000271
0.000276
0.000279
0.000280
0.000280
0.000278
0.000275
0.000270
0.000265
0.000259
0.000253
0.000245
0.000236
0.000226
0.000214
0.000200
0.000185
0.000169
0.000150
0.000131
0.000113
0.000094
0.000076
0.000058
0.000042
0.000027
0.000012
-0.000002
-0.000017
-0.000029
-0.000041
-0.000055
-0.000067
-0.000078
-0.000089
-0.000097
-0.000104
-0.000111
-0.000114
-0.000116
-0.000116
-0.000115
-0.000112
-0.000108
-0.000102
-0.000096
-0.000088
-0.000080
-0.000072
-0.000063
-0.000055
-0.000047
-0.000038
-0.000028
-0.000019
-0.000007
0.000004
0.000017
0.000029
0.000044
0.000057
0.000070
0.000081
0.000093
0.000102
0.000112
0.000120
0.000127
0.000135
0.000145
0.000153
0.000162
0.000172
0.000182
0.000192
0.000201
0.000210
0.000218
0.000225
0.000231
0.000236
0.000240
0.000243
0.000246
0.000249
0.000251
0.000253
0.000256
0.000260
0.000263
0.000265
0.000267
0.000268
0.000269
0.000269
0.000267
0.000263
0.000259
0.000252
0.000244
0.000235
0.000225
0.000216
0.000206
0.000195
0.000184
0.000172
0.000158
0.000144
0.000126
0.000108
0.000087
0.000063
0.000038
0.000012
-0.000014
-0.000041
-0.000068
-0.000096
-0.000123
-0.000151
-0.000178
-0.000205
-0.000232
-0.000260
-0.000288
-0.000317
-0.000346
-0.000374
-0.000402
-0.000429
-0.000453
-0.000477
-0.000499
-0.000519
-0.000537
-0.000553
-0.000566
-0.000577
-0.000587
-0.000594
-0.000600
-0.000605
-0.000608
-0.000610
-0.000610
-0.000608
-0.000604
-0.000598
-0.000589
-0.000578
-0.000565
-0.000550
-0.000534
-0.000516
-0.000498
-0.000478
-0.000459
-0.000440
-0.000423
-0.000406
-0.000389
-0.000372
-0.000357
-0.000340
-0.000324
-0.000309
-0.000293
-0.000280
-0.000266
-0.000256
-0.000247
-0.000240
-0.000235
-0.000232
-0.000231
-0.000233
-0.000234
-0.000237
-0.000241
-0.000245
-0.000250
-0.000255
-0.000260
-0.000264
-0.000268
-0.000272
-0.000277
-0.000281
-0.000285
-0.000289
-0.000292
-0.000294
-0.000296
-0.000295
-0.000292
-0.000287
-0.000278
-0.000266
-0.000252
-0.000237
-0.000219
-0.000199
-0.000177
-0.000155
-0.000130
-0.000103
-0.000076
-0.000048
-0.000019
0.000013
0.000045
0.000079
0.000114
0.000150
0.000185
0.000220
0.000256
0.000290
0.000322
0.000352
0.000379
0.000403
0.000425
0.000443
0.000460
0.000475
0.000487
0.000496
0.000504
0.000511
0.000513
0.000511
0.000508
0.000500
0.000490
0.000477
0.000459
0.000438
0.000414
0.000388
0.000361
0.000331
0.000300
0.000268
0.000235
0.000203
0.000171
0.000138
0.000104
0.000071
0.000037
0.000003
-0.000031
-0.000065
-0.000098
-0.000130
-0.000161
-0.000190
-0.000214
-0.000238
-0.000258
-0.000275
-0.000291
-0.000303
-0.000314
-0.000323
-0.000330
-0.000336
-0.000340
-0.000342
-0.000343
-0.000343
-0.000341
-0.000336
-0.000329
-0.000320
-0.000311
-0.000299
-0.000286
-0.000273
-0.000259
-0.000245
-0.000231
-0.000218
-0.000205
-0.000193
-0.000181
-0.000168
-0.000155
-0.000143
-0.000130
-0.000117
-0.000104
-0.000092
-0.000081
-0.000070
-0.000060
-0.000052
-0.000046
-0.000040
-0.000037
-0.000034
-0.000033
-0.000031
-0.000031
-0.000031
-0.000032
-0.000033
-0.000035
-0.000037
-0.000041
-0.000046
-0.000052
-0.000060
-0.000070
-0.000081
-0.000094
-0.000108
-0.000121
-0.000135
-0.000150
-0.000162
-0.000174
-0.000185
-0.000195
-0.000204
-0.000213
-0.000221
-0.000227
-0.000233
-0.000239
-0.000243
-0.000246
-0.000248
-0.000248
-0.000247
-0.000243
-0.000237
-0.000228
-0.000218
-0.000205
-0.000191
-0.000175
-0.000159
-0.000142
-0.000126
-0.000109
-0.000091
-0.000075
-0.000059
-0.000043
-0.000026
-0.000010
0.000005
0.000019
0.000031
0.000042
0.000052
0.000059
0.000063
0.000063
0.000060
0.000054
0.000044
0.000032
0.000016
-0.000003
-0.000024
-0.000047
-0.000074
-0.000101
-0.000131
-0.000162
-0.000196
-0.000231
-0.000268
-0.000307
-0.000348
-0.000388
-0.000429
-0.000470
-0.000510
-0.000549
-0.000585
-0.000619
-0.000650
-0.000676
-0.000699
-0.000719
-0.000734
-0.000746
-0.000753
-0.000757
-0.000757
-0.000755
-0.000748
-0.000736
-0.000720
-0.000699
-0.000674
-0.000643
-0.000608
-0.000570
-0.000528
-0.000484
-0.000436
-0.000388
-0.000337
-0.000285
-0.000232
-0.000181
-0.000130
-0.000079
-0.000030
0.000019
0.000066
0.000112
0.000155
0.000197
0.000236
0.000270
0.000301
0.000328
0.000351
0.000370
0.000385
0.000395
0.000400
0.000401
0.000399
0.000395
0.000387
0.000376
0.000364
0.000350
0.000334
0.000317
0.000297
0.000276
0.000252
0.000227
0.000202
0.000175
0.000149
0.000123
0.000099
0.000075
0.000054
0.000035
0.000018
0.000004
-0.000009
-0.000019
-0.000030
-0.000038
-0.000044
-0.000050
-0.000055
-0.000060
-0.000061
-0.000061
-0.000058
-0.000053
-0.000047
-0.000040
-0.000030
-0.000021
-0.000009
0.000002
0.000014
0.000025
0.000034
0.000043
0.000052
0.000058
0.000064
0.000071
0.000076
0.000081
0.000088
0.000095
0.000101
0.000108
0.000114
0.000120
0.000124
0.000127
0.000129
0.000131
0.000133
0.000134
0.000134
0.000135
0.000136
0.000138
0.000141
0.000146
0.000151
0.000154
0.000160
0.000165
0.000170
0.000173
0.000177
0.000178
0.000180
0.000181
0.000181
0.000182
0.000182
0.000181
0.000179
0.000178
0.000175
0.000171
0.000167
0.000161
0.000153
0.000144
0.000132
0.000117
0.000102
0.000087
0.000071
0.000054
0.000037
0.000020
0.000003
-0.000014
-0.000031
-0.000049
-0.000066
-0.000083
-0.000101
-0.000119
-0.000137
-0.000155
-0.000171
-0.000187
-0.000200
-0.000212
-0.000223
-0.000230
-0.000236
-0.000238
-0.000238
-0.000237
-0.000233
-0.000227
-0.000220
-0.000211
-0.000200
-0.000188
-0.000174
-0.000159
-0.000140
-0.000120
-0.000098
-0.000074
-0.000051
-0.000024
0.000003
0.000030
0.000057
0.000083
0.000108
0.000132
0.000153
0.000173
0.000189
0.000204
0.000217
0.000229
0.000240
0.000249
0.000255
0.000259
0.000261
0.000259
0.000254
0.000247
0.000235
0.000220
0.000203
0.000181
0.000158
0.000132
0.000103
0.000072
0.000041
0.000009
-0.000024
-0.000057
-0.000091
-0.000126
-0.000161
-0.000196
-0.000233
-0.000269
-0.000304
-0.000339
-0.000372
-0.000404
-0.000432
-0.000460
-0.000485
-0.000508
-0.000528
-0.000546
-0.000561
-0.000574
-0.000586
-0.000595
-0.000604
-0.000611
-0.000615
-0.000616
-0.000615
-0.000612
-0.000607
-0.000598
-0.000588
-0.000576
-0.000563
-0.000547
-0.000531
-0.000515
-0.000498
-0.000482
-0.000466
-0.000450
-0.000435
-0.000420
-0.000405
-0.000390
-0.000374
-0.000357
-0.000341
-0.000326
-0.000311
-0.000296
-0.000282
-0.000268
-0.000256
-0.000245
-0.000235
-0.000227
-0.000221
-0.000216
-0.000210
-0.000205
-0.000199
-0.000193
-0.000187
-0.000180
-0.000172
-0.000164
-0.000156
-0.000149
-0.000141
-0.000135
-0.000128
-0.000123
-0.000118
-0.000112
-0.000107
-0.000101
-0.000094
-0.000089
-0.000082
-0.000075
-0.000068
-0.000062
-0.000055
-0.000050
-0.000046
-0.000043
-0.000041
-0.000039
-0.000040
-0.000042
-0.000043
-0.000044
-0.000047
-0.000049
-0.000052
-0.000054
-0.000057
-0.000060
-0.000065
-0.000071
-0.000078
-0.000085
-0.000094
-0.000104
-0.000113
-0.000122
-0.000132
-0.000140
-0.000147
-0.000153
-0.000157
-0.000159
-0.000161
-0.000163
-0.000164
-0.000165
-0.000165
-0.000166
-0.000166
-0.000167
-0.000166
-0.000165
-0.000162
-0.000157
-0.000151
-0.000145
-0.000136
-0.000126
-0.000117
-0.000107
-0.000098
-0.000089
-0.000081
-0.000074
-0.000069
-0.000064
-0.000059
-0.000055
-0.000053
-0.000051
-0.000048
-0.000047
-0.000045
-0.000045
-0.000047
-0.000050
-0.000056
-0.000063
-0.000073
-0.000084
-0.000096
-0.000110
-0.000124
-0.000139
-0.000154
-0.000170
-0.000184
-0.000198
-0.000211
-0.000224
-0.000236
-0.000248
-0.000260
-0.000272
-0.000283
-0.000294
-0.000303
-0.000311
-0.000317
-0.000323
-0.000325
-0.000326
-0.000325
-0.000321
-0.000316
-0.000309
-0.000300
-0.000292
-0.000282
-0.000274
-0.000264
-0.000253
-0.000243
-0.000231
-0.000219
-0.000205
-0.000192
-0.000178
-0.000162
-0.000149
-0.000135
-0.000121
-0.000109
-0.000098
-0.000088
-0.000081
-0.000075
-0.000071
-0.000068
-0.000067
-0.000066
-0.000066
-0.000066
-0.000067
-0.000068
-0.000071
-0.000074
-0.000076
-0.000080
-0.000085
-0.000090
-0.000096
-0.000102
-0.000109
-0.000115
-0.000121
-0.000126
-0.000130
-0.000131
-0.000131
-0.000130
-0.000126
-0.000122
-0.000116
-0.000109
-0.000102
-0.000094
-0.000085
-0.000076
-0.000066
-0.000053
-0.000040
-0.000026
-0.000011
0.000008
0.000026
0.000045
0.000066
0.000087
0.000107
0.000126
0.000144
0.000162
0.000179
0.000196
0.000211
0.000227
0.000241
0.000255
0.000270
0.000284
0.000299
0.000313
0.000327
0.000342
0.000354
0.000366
0.000377
0.000386
0.000395
0.000402
0.000408
0.000414
0.000420
0.000427
0.000434
0.000441
0.000449
0.000457
0.000466
0.000475
0.000482
0.000490
0.000495
0.000499
0.000503
0.000506
0.000509
0.000511
0.000513
0.000516
0.000518
0.000520
0.000521
0.000521
0.000521
0.000522
0.000521
0.000517
0.000513
0.000508
0.000501
0.000493
0.000484
0.000473
0.000461
0.000450
0.000439
0.000428
0.000417
0.000405
0.000394
0.000381
0.000368
0.000354
0.000339
0.000323
0.000308
0.000293
0.000277
0.000261
0.000247
0.000232
0.000219
0.000206
0.000194
0.000182
0.000171
0.000161
0.000151
0.000140
0.000129
0.000119
0.000109
0.000099
0.000090
0.000080
0.000071
0.000064
0.000057
0.000051
0.000044
0.000038
0.000032
0.000024
0.000015
0.000006
-0.000004
-0.000016
-0.000028
-0.000041
-0.000053
-0.000066
-0.000080
-0.000093
-0.000105
-0.000118
-0.000130
-0.000142
-0.000154
-0.000167
-0.000180
-0.000195
-0.000209
-0.000224
-0.000238
-0.000252
-0.000265
-0.000275
-0.000286
-0.000294
-0.000301
-0.000306
-0.000310
-0.000313
-0.000314
-0.000314
-0.000315
-0.000315
-0.000315
-0.000314
-0.000313
-0.000310
-0.000306
-0.000301
-0.000295
-0.000287
-0.000279
-0.000267
-0.000256
-0.000244
-0.000233
-0.000221
-0.000212
-0.000202
-0.000193
-0.000186
-0.000179
-0.000174
-0.000169
-0.000162
-0.000157
-0.000152
-0.000148
-0.000143
-0.000140
-0.000137
-0.000135
-0.000135
-0.000136
-0.000138
-0.000141
-0.000145
-0.000149
-0.000154
-0.000157
-0.000161
-0.000163
-0.000165
-0.000166
-0.000167
-0.000168
-0.000168
-0.000168
-0.000166
-0.000164
-0.000161
-0.000159
-0.000155
-0.000150
-0.000142
-0.000133
-0.000122
-0.000108
-0.000092
-0.000074
-0.000053
-0.000032
-0.000010
0.000013
0.000037
0.000061
0.000086
0.000111
0.000136
0.000161
0.000186
0.000212
0.000238
0.000266
0.000295
0.000321
0.000348
0.000374
0.000398
0.000419
0.000439
0.000456
0.000469
0.000480
0.000490
0.000496
0.000501
0.000502
0.000503
0.000501
0.000499
0.000492
0.000485
0.000474
0.000460
0.000443
0.000423
0.000400
0.000374
0.000346
0.000317
0.000285
0.000252
0.000218
0.000183
0.000150
0.000116
0.000082
0.000047
0.000012
-0.000022
-0.000057
-0.000090
-0.000123
-0.000156
-0.000187
-0.000216
-0.000244
-0.000269
-0.000292
-0.000312
-0.000329
-0.000342
-0.000352
-0.000359
-0.000363
-0.000366
-0.000365
-0.000364
-0.000360
-0.000354
-0.000346
-0.000335
-0.000322
-0.000306
-0.000287
-0.000268
-0.000245
-0.000221
-0.000194
-0.000167
-0.000138
-0.000110
-0.000082
-0.000055
-0.000027
-0.000000
0.000025
0.000051
0.000076
0.000102
0.000127
0.000150
0.000173
0.000194
0.000215
0.000234
0.000251
0.000265
0.000277
0.000286
0.000292
0.000296
0.000300
0.000300
0.000300
0.000297
0.000294
0.000290
0.000282
0.000274
0.000265
0.000252
0.000237
0.000219
0.000200
0.000180
0.000157
0.000134
0.000109
0.000083
0.000057
0.000031
0.000006
-0.000021
-0.000046
-0.000071
-0.000096
-0.000121
-0.000147
-0.000174
-0.000199
-0.000225
-0.000251
-0.000277
-0.000302
-0.000326
-0.000348
-0.000369
-0.000389
-0.000405
-0.000420
-0.000434
-0.000447
-0.000459
-0.000470
-0.000480
-0.000492
-0.000501
-0.000509
-0.000517
-0.000524
-0.000529
-0.000533
-0.000534
-0.000534
-0.000532
-0.000530
-0.000525
-0.000519
-0.000513
-0.000508
-0.000503
-0.000498
-0.000493
-0.000487
-0.000482
-0.000477
-0.000471
-0.000463
-0.000455
-0.000446
-0.000436
-0.000426
-0.000416
-0.000405
-0.000393
-0.000383
-0.000373
-0.000363
-0.000352
-0.000343
-0.000334
-0.000323
-0.000312
-0.000300
-0.000287
-0.000273
-0.000259
-0.000242
-0.000226
-0.000209
-0.000193
-0.000177
-0.000162
-0.000146
-0.000130
-0.000114
-0.000098
-0.000082
-0.000066
-0.000048
-0.000030
-0.000012
0.000007
0.000025
0.000044
0.000061
0.000077
0.000094
0.000109
0.000123
0.000135
0.000145
0.000156
0.000166
0.000174
0.000183
0.000193
0.000201
0.000209
0.000216
0.000222
0.000226
0.000229
0.000230
0.000229
0.000228
0.000225
0.000222
0.000220
0.000218
0.000215
0.000213
0.000210
0.000209
0.000208
0.000207
0.000207
0.000206
0.000204
0.000203
0.000201
0.000199
0.000197
0.000196
0.000195
0.000196
0.000197
0.000198
0.000201
0.000204
0.000208
0.000211
0.000214
0.000219
0.000221
0.000223
0.000225
0.000226
0.000227
0.000229
0.000229
0.000231
0.000235
0.000237
0.000240
0.000243
0.000246
0.000249
0.000253
0.000256
0.000256
0.000256
0.000257
0.000256
0.000255
0.000254
0.000253
0.000252
0.000253
0.000255
0.000258
0.000260
0.000262
0.000266
0.000267
0.000268
0.000269
0.000267
0.000266
0.000265
0.000263
0.000262
0.000261
0.000260
0.000259
0.000258
0.000257
0.000255
0.000252
0.000247
0.000242
0.000235
0.000226
0.000217
0.000205
0.000191
0.000177
0.000162
0.000148
0.000133
0.000118
0.000104
0.000088
0.000073
0.000058
0.000042
0.000026
0.000009
-0.000007
-0.000024
-0.000041
-0.000056
-0.000070
-0.000082
-0.000093
-0.000101
-0.000107
-0.000111
-0.000113
-0.000113
-0.000111
-0.000109
-0.000105
-0.000101
-0.000097
-0.000091
-0.000086
-0.000078
-0.000071
-0.000062
-0.000052
-0.000042
-0.000030
-0.000017
-0.000006
0.000004
0.000014
0.000022
0.000029
0.000033
0.000033
0.000032
0.000028
0.000022
0.000013
0.000002
-0.000011
-0.000024
-0.000039
-0.000055
-0.000073
-0.000094
-0.000117
-0.000141
-0.000167
-0.000195
-0.000225
-0.000256
-0.000287
-0.000317
-0.000347
-0.000376
-0.000403
-0.000428
-0.000449
-0.000466
-0.000481
-0.000492
-0.000502
-0.000510
-0.000515
-0.000516
-0.000514
-0.000509
-0.000504
-0.000492
-0.000476
-0.000457
-0.000435
-0.000408
-0.000379
-0.000347
-0.000312
-0.000276
-0.000238
-0.000201
-0.000165
-0.000128
-0.000091
-0.000056
-0.000023
0.000009
0.000039
0.000067
0.000093
0.000118
0.000139
0.000157
0.000173
0.000184
0.000189
0.000192
0.000191
0.000186
0.000176
0.000162
0.000147
0.000127
0.000106
0.000083
0.000057
0.000032
0.000006
-0.000021
-0.000050
-0.000079
-0.000109
-0.000138
-0.000167
-0.000195
-0.000223
-0.000249
-0.000273
-0.000295
-0.000313
-0.000328
-0.000339
-0.000347
-0.000350
-0.000351
-0.000349
-0.000344
-0.000337
-0.000328
-0.000317
-0.000303
-0.000287
-0.000270
-0.000251
-0.000230
-0.000208
-0.000183
-0.000157
-0.000131
-0.000103
-0.000076
-0.000049
-0.000023
0.000002
0.000025
0.000046
0.000065
0.000082
0.000098
0.000112
0.000125
0.000137
0.000147
0.000156
0.000163
0.000170
0.000174
0.000176
0.000176
0.000173
0.000167
0.000160
0.000150
0.000140
0.000128
0.000115
0.000103
0.000090
0.000078
0.000066
0.000055
0.000044
0.000034
0.000021
0.000010
-0.000001
-0.000012
-0.000023
-0.000034
-0.000044
-0.000054
-0.000062
-0.000069
-0.000074
-0.000078
-0.000080
-0.000080
-0.000079
-0.000078
-0.000075
-0.000074
-0.000071
-0.000069
-0.000068
-0.000066
-0.000064
-0.000060
-0.000056
-0.000051
-0.000045
-0.000037
-0.000029
-0.000022
-0.000013
-0.000005
0.000003
0.000009
0.000015
0.000020
0.000024
0.000028
0.000033
0.000036
0.000039
0.000042
0.000045
0.000048
0.000051
0.000053
0.000054
0.000054
0.000052
0.000049
0.000045
0.000040
0.000033
0.000025
0.000016
0.000008
-0.000002
-0.000012
-0.000023
-0.000033
-0.000044
-0.000054
-0.000067
-0.000079
-0.000093
-0.000108
-0.000125
-0.000141
-0.000160
-0.000179
-0.000196
-0.000215
-0.000234
-0.000251
-0.000268
-0.000285
-0.000300
-0.000314
-0.000328
-0.000342
-0.000356
-0.000370
-0.000385
-0.000400
-0.000413
-0.000426
-0.000438
-0.000447
-0.000456
-0.000461
-0.000465
-0.000468
-0.000470
-0.000470
-0.000468
-0.000467
-0.000466
-0.000463
-0.000458
-0.000454
-0.000447
-0.000439
-0.000429
-0.000416
-0.000403
-0.000387
-0.000369
-0.000350
-0.000328
-0.000303
-0.000278
-0.000252
-0.000226
-0.000200
-0.000173
-0.000145
-0.000117
-0.000088
-0.000057
-0.000025
0.000008
0.000042
0.000077
0.000113
0.000149
0.000184
0.000219
0.000252
0.000283
0.000314
0.000343
0.000370
0.000395
0.000418
0.000441
0.000461
0.000480
0.000498
0.000514
0.000527
0.000538
0.000547
0.000551
0.000553
0.000550
0.000544
0.000536
0.000524
0.000511
0.000495
0.000477
0.000458
0.000438
0.000416
0.000393
0.000370
0.000344
0.000317
0.000288
0.000261
0.000231
0.000201
0.000172
0.000143
0.000115
0.000088
0.000063
0.000042
0.000023
0.000007
-0.000006
-0.000017
-0.000025
-0.000031
-0.000035
-0.000037
-0.000036
-0.000034
-0.000029
-0.000022
-0.000011
0.000002
0.000017
0.000036
0.000058
0.000083
0.000110
0.000136
0.000163
0.000189
0.000216
0.000240
0.000265
0.000289
0.000310
0.000330
0.000349
0.000368
0.000385
0.000401
0.000414
0.000426
0.000436
0.000444
0.000448
0.000449
0.000448
0.000442
0.000434
0.000424
0.000410
0.000393
0.000375
0.000357
0.000338
0.000319
0.000297
0.000279
0.000258
0.000239
0.000220
0.000199
0.000179
0.000159
0.000140
0.000124
0.000108
0.000094
0.000083
0.000074
0.000068
0.000065
0.000066
0.000069
0.000075
0.000083
0.000093
0.000106
0.000121
0.000136
0.000153
0.000171
0.000191
0.000212
0.000233
0.000256
0.000280
0.000305
0.000331
0.000356
0.000381
0.000405
0.000428
0.000448
0.000468
0.000483
0.000496
0.000508
0.000516
0.000523
0.000528
0.000531
0.000533
0.000535
0.000533
0.000530
0.000525
0.000518
0.000508
0.000496
0.000481
0.000464
0.000445
0.000425
0.000404
0.000383
0.000361
0.000338
0.000317
0.000296
0.000275
0.000255
0.000236
0.000216
0.000198
0.000179
0.000160
0.000143
0.000126
0.000111
0.000097
0.000085
0.000074
0.000067
0.000061
0.000056
0.000053
0.000052
0.000051
0.000052
0.000053
0.000054
0.000055
0.000055
0.000054
0.000055
0.000054
0.000053
0.000054
0.000055
0.000056
0.000056
0.000058
0.000057
0.000056
0.000053
0.000048
0.000041
0.000034
0.000023
0.000011
-0.000001
-0.000014
-0.000027
-0.000042
-0.000056
-0.000070
-0.000083
-0.000097
-0.000110
-0.000123
-0.000136
-0.000150
-0.000164
-0.000177
-0.000191
-0.000203
-0.000214
-0.000224
-0.000232
-0.000236
-0.000239
-0.000238
-0.000236
-0.000232
-0.000226
-0.000218
-0.000210
-0.000201
-0.000192
-0.000180
-0.000168
-0.000155
-0.000142
-0.000127
-0.000111
-0.000094
-0.000077
-0.000059
-0.000040
-0.000022
-0.000005
0.000012
0.000026
0.000038
0.000050
0.000059
0.000067
0.000073
0.000080
0.000084
0.000088
0.000091
0.000094
0.000095
0.000096
0.000095
0.000092
0.000088
0.000082
0.000074
0.000065
0.000053
0.000041
0.000029
0.000016
0.000004
-0.000008
-0.000019
-0.000029
-0.000039
-0.000047
-0.000055
-0.000062
-0.000069
-0.000077
-0.000084
-0.000091
-0.000098
-0.000104
-0.000109
-0.000113
-0.000115
-0.000115
-0.000115
-0.000112
-0.000108
-0.000104
-0.000099
-0.000094
-0.000092
-0.000089
-0.000086
-0.000085
-0.000084
-0.000084
-0.000084
-0.000085
-0.000086
-0.000087
-0.000089
-0.000091
-0.000092
-0.000095
-0.000099
-0.000104
-0.000110
-0.000117
-0.000125
-0.000133
-0.000143
-0.000151
-0.000161
-0.000170
-0.000177
-0.000184
-0.000190
-0.000195
-0.000198
-0.000200
-0.000202
-0.000203
-0.000203
-0.000203
-0.000202
-0.000201
-0.000198
-0.000194
-0.000187
-0.000181
-0.000172
-0.000163
-0.000152
-0.000139
-0.000125
-0.000109
-0.000093
-0.000076
-0.000060
-0.000044
-0.000028
-0.000013
0.000001
0.000015
0.000031
0.000046
0.000061
0.000076
0.000091
0.000106
0.000120
0.000132
0.000145
0.000155
0.000163
0.000171
0.000177
0.000181
0.000185
0.000188
0.000189
0.000191
0.000193
0.000195
0.000196
0.000196
0.000197
0.000197
0.000196
0.000194
0.000192
0.000188
0.000184
0.000180
0.000175
0.000171
0.000168
0.000165
0.000164
0.000164
0.000165
0.000168
0.000170
0.000172
0.000174
0.000176
0.000177
0.000178
0.000178
0.000178
0.000179
0.000179
0.000180
0.000181
0.000184
0.000186
0.000189
0.000193
0.000196
0.000199
0.000200
0.000199
0.000198
0.000195
0.000193
0.000190
0.000185
0.000180
0.000176
0.000171
0.000167
0.000162
0.000158
0.000153
0.000148
0.000142
0.000135
0.000127
0.000118
0.000107
0.000096
0.000083
0.000070
0.000057
0.000045
0.000032
0.000020
0.000008
-0.000003
-0.000015
-0.000027
-0.000040
-0.000054
-0.000069
-0.000084
-0.000102
-0.000119
-0.000136
-0.000153
-0.000170
-0.000186
-0.000201
-0.000216
-0.000230
-0.000247
-0.000261
-0.000276
-0.000292
-0.000308
-0.000324
-0.000340
-0.000356
-0.000372
-0.000386
-0.000398
-0.000410
-0.000420
-0.000428
-0.000434
-0.000438
-0.000439
-0.000438
-0.000437
-0.000435
-0.000431
-0.000428
-0.000422
-0.000415
-0.000406
-0.000395
-0.000381
-0.000367
-0.000349
-0.000331
-0.000310
-0.000287
-0.000262
-0.000237
-0.000211
-0.000186
-0.000160
-0.000136
-0.000112
-0.000088
-0.000064
-0.000039
-0.000014
0.000012
0.000038
0.000064
0.000090
0.000115
0.000140
0.000164
0.000187
0.000206
0.000224
0.000241
0.000255
0.000267
0.000279
0.000287
0.000296
0.000304
0.000311
0.000318
0.000324
0.000327
0.000330
0.000330
0.000328
0.000323
0.000318
0.000311
0.000301
0.000290
0.000277
0.000264
0.000251
0.000237
0.000223
0.000208
0.000193
0.000177
0.000161
0.000143
0.000125
0.000107
0.000087
0.000066
0.000048
0.000028
0.000009
-0.000010
-0.000026
-0.000041
-0.000055
-0.000066
-0.000076
-0.000085
-0.000091
-0.000096
-0.000101
-0.000103
-0.000103
-0.000103
-0.000102
-0.000098
-0.000092
-0.000084
-0.000074
-0.000062
-0.000049
-0.000034
-0.000018
-0.000000
0.000018
0.000036
0.000053
0.000070
0.000088
0.000103
0.000117
0.000132
0.000145
0.000159
0.000172
0.000183
0.000192
0.000200
0.000207
0.000211
0.000212
0.000211
0.000205
0.000196
0.000185
0.000171
0.000154
0.000135
0.000114
0.000091
0.000068
0.000042
0.000015
-0.000014
-0.000044
-0.000075
-0.000108
-0.000142
-0.000178
-0.000215
-0.000251
-0.000288
-0.000324
-0.000358
-0.000390
-0.000420
-0.000447
-0.000471
-0.000492
-0.000509
-0.000523
-0.000534
-0.000543
-0.000548
-0.000551
-0.000552
-0.000550
-0.000544
-0.000537
-0.000527
-0.000514
-0.000496
-0.000475
-0.000450
-0.000424
-0.000395
-0.000364
-0.000332
-0.000301
-0.000268
-0.000236
-0.000206
-0.000176
-0.000146
-0.000116
-0.000087
-0.000060
-0.000034
-0.000008
0.000016
0.000038
0.000059
0.000078
0.000094
0.000107
0.000116
0.000123
0.000126
0.000127
0.000125
0.000122
0.000117
0.000111
0.000102
0.000093
0.000084
0.000073
0.000061
0.000047
0.000033
0.000018
0.000002
-0.000016
-0.000034
-0.000052
-0.000069
-0.000087
-0.000104
-0.000118
-0.000129
-0.000139
-0.000148
-0.000154
-0.000158
-0.000162
-0.000165
-0.000167
-0.000167
-0.000166
-0.000164
-0.000159
-0.000154
-0.000146
-0.000135
-0.000122
-0.000107
-0.000091
-0.000071
-0.000051
-0.000029
-0.000008
0.000015
0.000037
0.000059
0.000082
0.000105
0.000127
0.000149
0.000173
0.000196
0.000220
0.000244
0.000268
0.000292
0.000315
0.000338
0.000359
0.000378
0.000395
0.000409
0.000423
0.000435
0.000446
0.000455
0.000462
0.000469
0.000475
0.000481
0.000486
0.000488
0.000490
0.000491
0.000490
0.000488
0.000483
0.000476
0.000468
0.000459
0.000450
0.000439
0.000429
0.000419
0.000408
0.000399
0.000390
0.000382
0.000373
0.000363
0.000354
0.000343
0.000332
0.000322
0.000310
0.000299
0.000289
0.000280
0.000273
0.000266
0.000261
0.000256
0.000253
0.000250
0.000248
0.000248
0.000246
0.000246
0.000245
0.000243
0.000241
0.000239
0.000237
0.000236
0.000236
0.000235
0.000236
0.000237
0.000237
0.000237
0.000236
0.000234
0.000230
0.000225
0.000220
0.000212
0.000205
0.000195
0.000186
0.000175
0.000165
0.000154
0.000146
0.000137
0.000130
0.000120
0.000111
0.000102
0.000091
0.000080
0.000069
0.000056
0.000046
0.000036
0.000028
0.000020
0.000012
0.000007
0.000004
0.000001
-0.000000
-0.000001
-0.000001
-0.000001
-0.000002
-0.000002
-0.000001
-0.000001
0.000000
0.000002
0.000004
0.000007
0.000011
0.000016
0.000022
0.000028
0.000034
0.000040
0.000047
0.000052
0.000057
0.000060
0.000063
0.000064
0.000064
0.000063
0.000063
0.000063
0.000064
0.000065
0.000066
0.000066
0.000065
0.000064
0.000061
0.000058
0.000053
0.000047
0.000039
0.000032
0.000024
0.000015
0.000006
-0.000003
-0.000011
-0.000019
-0.000026
-0.000033
-0.000040
-0.000047
-0.000054
-0.000063
-0.000071
-0.000080
-0.000091
-0.000103
-0.000112
-0.000122
-0.000130
-0.000137
-0.000145
-0.000151
-0.000156
-0.000160
-0.000164
-0.000169
-0.000175
-0.000182
-0.000189
-0.000196
-0.000204
-0.000214
-0.000223
-0.000231
-0.000239
-0.000247
-0.000255
-0.000263
-0.000269
-0.000275
-0.000282
-0.000289
-0.000297
-0.000305
-0.000314
-0.000324
-0.000334
-0.000345
-0.000355
-0.000364
-0.000372
-0.000379
-0.000384
-0.000390
-0.000394
-0.000397
-0.000399
-0.000401
-0.000403
-0.000402
-0.000403
-0.000402
-0.000400
-0.000397
-0.000391
-0.000384
-0.000376
-0.000365
-0.000351
-0.000336
-0.000320
-0.000302
-0.000284
-0.000264
-0.000245
-0.000226
-0.000206
-0.000185
-0.000165
-0.000143
-0.000121
-0.000098
-0.000073
-0.000048
-0.000023
0.000004
0.000030
0.000056
0.000082
0.000105
0.000126
0.000147
0.000166
0.000183
0.000200
0.000215
0.000229
0.000243
0.000255
0.000266
0.000277
0.000286
0.000294
0.000301
0.000306
0.000309
0.000308
0.000307
0.000303
0.000297
0.000291
0.000283
0.000274
0.000263
0.000253
0.000242
0.000231
0.000221
0.000208
0.000196
0.000184
0.000171
0.000158
0.000144
0.000129
0.000115
0.000102
0.000090
0.000081
0.000074
0.000069
0.000064
0.000063
0.000062
0.000063
0.000064
0.000067
0.000072
0.000078
0.000084
0.000091
0.000100
0.000110
0.000121
0.000135
0.000150
0.000167
0.000185
0.000204
0.000223
0.000241
0.000259
0.000275
0.000293
0.000309
0.000323
0.000336
0.000348
0.000359
0.000370
0.000379
0.000387
0.000394
0.000401
0.000407
0.000412
0.000415
0.000416
0.000413
0.000410
0.000402
0.000394
0.000384
0.000372
0.000358
0.000344
0.000330
0.000316
0.000301
0.000286
0.000271
0.000255
0.000240
0.000224
0.000207
0.000189
0.000170
0.000151
0.000133
0.000114
0.000094
0.000077
0.000059
0.000042
0.000028
0.000015
0.000003
-0.000009
-0.000020
-0.000030
-0.000042
-0.000052
-0.000061
-0.000070
-0.000079
-0.000085
-0.000090
-0.000093
-0.000096
-0.000098
-0.000099
-0.000099
-0.000097
-0.000096
-0.000093
-0.000091
-0.000088
-0.000086
-0.000084
-0.000082
-0.000080
-0.000078
-0.000076
-0.000073
-0.000069
-0.000066
-0.000063
-0.000060
-0.000055
-0.000051
-0.000049
-0.000047
-0.000047
-0.000049
-0.000052
-0.000057
-0.000063
-0.000069
-0.000076
-0.000083
-0.000091
-0.000098
-0.000105
-0.000114
-0.000123
-0.000135
-0.000147
-0.000161
-0.000175
-0.000189
-0.000205
-0.000222
-0.000237
-0.000253
-0.000270
-0.000286
-0.000300
-0.000312
-0.000323
-0.000333
-0.000343
-0.000352
-0.000360
-0.000366
-0.000372
-0.000378
-0.000382
-0.000383
-0.000384
-0.000383
-0.000380
-0.000374
-0.000365
-0.000354
-0.000340
-0.000325
-0.000310
-0.000293
-0.000274
-0.000255
-0.000235
-0.000214
-0.000192
-0.000170
-0.000146
-0.000122
-0.000095
-0.000069
-0.000041
-0.000014
0.000013
0.000041
0.000068
0.000094
0.000118
0.000141
0.000162
0.000182
0.000200
0.000217
0.000232
0.000246
0.000260
0.000273
0.000285
0.000297
0.000307
0.000315
0.000323
0.000329
0.000333
0.000334
0.000336
0.000334
0.000332
0.000329
0.000326
0.000321
0.000317
0.000312
0.000307
0.000301
0.000294
0.000287
0.000279
0.000271
0.000260
0.000248
0.000236
0.000223
0.000209
0.000194
0.000180
0.000165
0.000152
0.000138
0.000125
0.000112
0.000099
0.000085
0.000070
0.000054
0.000038
0.000021
0.000002
-0.000016
-0.000035
-0.000052
-0.000069
-0.000085
-0.000101
-0.000116
-0.000131
-0.000144
-0.000155
-0.000166
-0.000177
-0.000188
-0.000197
-0.000206
-0.000214
-0.000221
-0.000227
-0.000231
-0.000233
-0.000234
-0.000232
-0.000229
-0.000223
-0.000215
-0.000207
-0.000196
-0.000184
-0.000173
-0.000162
-0.000151
-0.000138
-0.000125
-0.000111
-0.000096
-0.000082
-0.000067
-0.000051
-0.000036
-0.000019
-0.000003
0.000012
0.000024
0.000035
0.000045
0.000053
0.000059
0.000063
0.000066
0.000068
0.000068
0.000068
0.000067
0.000065
0.000063
0.000059
0.000056
0.000050
0.000045
0.000039
0.000031
0.000023
0.000015
0.000006
-0.000002
-0.000010
-0.000016
-0.000022
-0.000024
-0.000024
-0.000022
-0.000019
-0.000014
-0.000008
-0.000001
0.000007
0.000017
0.000027
0.000039
0.000051
0.000065
0.000081
0.000097
0.000114
0.000132
0.000151
0.000170
0.000190
0.000208
0.000225
0.000242
0.000257
0.000269
0.000278
0.000285
0.000291
0.000294
0.000294
0.000293
0.000291
0.000286
0.000278
0.000269
0.000258
0.000245
0.000230
0.000213
0.000193
0.000171
0.000147
0.000123
0.000096
0.000071
0.000044
0.000019
-0.000005
-0.000026
-0.000047
-0.000065
-0.000081
-0.000095
-0.000108
-0.000118
-0.000125
-0.000131
-0.000134
-0.000133
-0.000129
-0.000122
-0.000111
-0.000097
-0.000080
-0.000059
-0.000035
-0.000008
0.000021
0.000051
0.000083
0.000115
0.000145
0.000176
0.000206
0.000235
0.000264
0.000292
0.000319
0.000347
0.000371
0.000395
0.000417
0.000436
0.000452
0.000464
0.000471
0.000474
0.000474
0.000470
0.000462
0.000449
0.000434
0.000416
0.000394
0.000371
0.000345
0.000317
0.000289
0.000259
0.000228
0.000194
0.000158
0.000123
0.000087
0.000050
0.000015
-0.000019
-0.000052
-0.000083
-0.000109
-0.000131
-0.000152
-0.000168
-0.000180
-0.000188
-0.000191
-0.000193
-0.000191
-0.000186
-0.000178
-0.000165
-0.000149
-0.000131
-0.000109
-0.000081
-0.000050
-0.000016
0.000022
0.000062
0.000103
0.000146
0.000188
0.000232
0.000276
0.000319
0.000362
0.000402
0.000441
0.000477
0.000513
0.000546
0.000578
0.000607
0.000636
0.000660
0.000682
0.000700
0.000714
0.000726
0.000731
0.000732
0.000729
0.000723
0.000712
0.000699
0.000681
0.000662
0.000640
0.000618
0.000594
0.000567
0.000538
0.000507
0.000476
0.000444
0.000409
0.000373
0.000335
0.000299
0.000262
0.000226
0.000190
0.000157
0.000125
0.000095
0.000067
0.000040
0.000015
-0.000007
-0.000028
-0.000047
-0.000064
-0.000080
-0.000094
-0.000105
-0.000114
-0.000119
-0.000121
-0.000122
-0.000119
-0.000113
-0.000104
-0.000094
-0.000082
-0.000069
-0.000054
-0.000039
-0.000024
-0.000008
0.000008
0.000024
0.000040
0.000056
0.000073
0.000090
0.000107
0.000124
0.000141
0.000157
0.000171
0.000185
0.000196
0.000207
0.000214
0.000219
0.000223
0.000224
0.000224
0.000223
0.000220
0.000217
0.000213
0.000207
0.000201
0.000194
0.000185
0.000174
0.000162
0.000149
0.000134
0.000118
0.000100
0.000082
0.000064
0.000046
0.000028
0.000011
-0.000006
-0.000021
-0.000035
-0.000049
-0.000063
-0.000077
-0.000091
-0.000104
-0.000118
-0.000131
-0.000143
-0.000155
-0.000166
-0.000176
-0.000184
-0.000189
-0.000194
-0.000197
-0.000199
-0.000199
-0.000201
-0.000202
-0.000204
-0.000205
-0.000205
-0.000206
-0.000205
-0.000205
-0.000205
-0.000203
-0.000201
-0.000197
-0.000192
-0.000188
-0.000182
-0.000176
-0.000171
-0.000165
-0.000159
-0.000156
-0.000152
-0.000149
-0.000145
-0.000142
-0.000138
-0.000133
-0.000128
-0.000121
-0.000114
-0.000106
-0.000098
-0.000090
-0.000083
-0.000075
-0.000069
-0.000062
-0.000056
-0.000050
-0.000044
-0.000037
-0.000030
-0.000021
-0.000012
-0.000002
0.000008
0.000019
0.000029
0.000039
0.000048
0.000058
0.000067
0.000074
0.000080
0.000088
0.000095
0.000101
0.000108
0.000115
0.000123
0.000133
0.000143
0.000152
0.000162
0.000172
0.000182
0.000191
0.000199
0.000206
0.000214
0.000221
0.000228
0.000235
0.000243
0.000252
0.000263
0.000275
0.000287
0.000300
0.000311
0.000324
0.000337
0.000348
0.000358
0.000368
0.000378
0.000386
0.000394
0.000401
0.000409
0.000416
0.000422
0.000428
0.000432
0.000437
0.000438
0.000437
0.000435
0.000429
0.000419
0.000406
0.000391
0.000373
0.000353
0.000332
0.000308
0.000282
0.000255
0.000226
0.000195
0.000163
0.000127
0.000090
0.000051
0.000011
-0.000031
-0.000074
-0.000117
-0.000161
-0.000203
-0.000243
-0.000284
-0.000321
-0.000356
-0.000389
-0.000419
-0.000446
-0.000471
-0.000494
-0.000514
-0.000531
-0.000544
-0.000554
-0.000560
-0.000563
-0.000561
-0.000553
-0.000541
-0.000524
-0.000503
-0.000478
-0.000449
-0.000418
-0.000384
-0.000346
-0.000307
-0.000266
-0.000225
-0.000184
-0.000140
-0.000096
-0.000051
-0.000005
0.000040
0.000085
0.000129
0.000171
0.000211
0.000249
0.000282
0.000312
0.000338
0.000359
0.000377
0.000391
0.000401
0.000406
0.000408
0.000408
0.000404
0.000397
0.000386
0.000371
0.000355
0.000334
0.000311
0.000286
0.000256
0.000224
0.000189
0.000153
0.000116
0.000079
0.000044
0.000009
-0.000024
-0.000056
-0.000085
-0.000112
-0.000137
-0.000161
-0.000183
-0.000202
-0.000221
-0.000236
-0.000250
-0.000261
-0.000268
-0.000272
-0.000271
-0.000268
-0.000260
-0.000250
-0.000238
-0.000223
-0.000207
-0.000190
-0.000171
-0.000152
-0.000133
-0.000112
-0.000093
-0.000075
-0.000056
-0.000038
-0.000021
-0.000003
0.000014
0.000029
0.000043
0.000055
0.000065
0.000074
0.000077
0.000078
0.000077
0.000073
0.000066
0.000057
0.000046
0.000032
0.000017
0.000001
-0.000015
-0.000032
-0.000051
-0.000070
-0.000091
-0.000112
-0.000134
-0.000157
-0.000181
-0.000203
-0.000226
-0.000247
-0.000266
-0.000284
-0.000301
-0.000314
-0.000325
-0.000333
-0.000340
-0.000345
-0.000348
-0.000351
-0.000353
-0.000353
-0.000354
-0.000355
-0.000353
-0.000350
-0.000346
-0.000340
-0.000335
-0.000328
-0.000321
-0.000314
-0.000307
-0.000301
-0.000296
-0.000293
-0.000291
-0.000292
-0.000297
-0.000302
-0.000309
-0.000316
-0.000326
-0.000336
-0.000348
-0.000359
-0.000372
-0.000386
-0.000400
-0.000416
-0.000432
-0.000449
-0.000467
-0.000486
-0.000506
-0.000524
-0.000541
-0.000556
-0.000570
-0.000581
-0.000587
-0.000592
-0.000594
-0.000593
-0.000589
-0.000582
-0.000573
-0.000559
-0.000544
-0.000525
-0.000503
-0.000478
-0.000450
-0.000418
-0.000383
-0.000344
-0.000302
-0.000256
-0.000208
-0.000157
-0.000104
-0.000052
0.000003
0.000056
0.000109
0.000162
0.000214
0.000266
0.000317
0.000367
0.000416
0.000464
0.000511
0.000554
0.000594
0.000632
0.000665
0.000695
0.000721
0.000741
0.000758
0.000769
0.000776
0.000779
0.000776
0.000771
0.000763
0.000751
0.000736
0.000716
0.000694
0.000670
0.000641
0.000609
0.000574
0.000535
0.000493
0.000449
0.000405
0.000359
0.000311
0.000262
0.000215
0.000169
0.000122
0.000077
0.000032
-0.000013
-0.000056
-0.000100
-0.000143
-0.000187
-0.000229
-0.000270
-0.000309
-0.000345
-0.000379
-0.000411
-0.000439
-0.000464
-0.000488
-0.000510
-0.000530
-0.000548
-0.000564
-0.000578
-0.000593
-0.000607
-0.000620
-0.000632
-0.000642
-0.000651
-0.000659
-0.000664
-0.000667
-0.000669
-0.000668
-0.000666
-0.000663
-0.000659
-0.000655
-0.000651
-0.000646
-0.000642
-0.000637
-0.000632
-0.000626
-0.000620
-0.000613
-0.000604
-0.000594
-0.000583
-0.000571
-0.000559
-0.000545
-0.000533
-0.000520
-0.000506
-0.000493
-0.000480
-0.000468
-0.000454
-0.000440
-0.000426
-0.000411
-0.000395
-0.000378
-0.000361
-0.000343
-0.000326
-0.000309
-0.000292
-0.000277
-0.000262
-0.000247
-0.000234
-0.000222
-0.000211
-0.000200
-0.000190
-0.000180
-0.000169
-0.000160
-0.000150
-0.000142
-0.000134
-0.000128
-0.000122
-0.000117
-0.000115
-0.000114
-0.000114
-0.000115
-0.000115
-0.000117
-0.000118
-0.000119
-0.000119
-0.000119
-0.000118
-0.000117
-0.000116
-0.000114
-0.000113
-0.000111
-0.000109
-0.000105
-0.000103
-0.000100
-0.000095
-0.000090
-0.000085
-0.000076
-0.000065
-0.000054
-0.000041
-0.000027
-0.000013
0.000002
0.000018
0.000032
0.000046
0.000060
0.000072
0.000085
0.000099
0.000114
0.000128
0.000142
0.000156
0.000170
0.000184
0.000197
0.000208
0.000219
0.000227
0.000233
0.000237
0.000239
0.000241
0.000242
0.000241
0.000239
0.000238
0.000235
0.000231
0.000228
0.000224
0.000219
0.000214
0.000207
0.000201
0.000194
0.000186
0.000176
0.000166
0.000154
0.000144
0.000135
0.000127
0.000120
0.000114
0.000110
0.000106
0.000103
0.000101
0.000100
0.000098
0.000095
0.000094
0.000092
0.000090
0.000088
0.000086
0.000084
0.000083
0.000082
0.000081
0.000080
0.000077
0.000074
0.000070
0.000064
0.000057
0.000048
0.000037
0.000026
0.000014
0.000000
-0.000014
-0.000030
-0.000045
-0.000061
-0.000076
-0.000093
-0.000110
-0.000128
-0.000145
-0.000164
-0.000183
-0.000202
-0.000223
-0.000242
-0.000260
-0.000277
-0.000290
-0.000302
-0.000311
-0.000317
-0.000320
-0.000322
-0.000320
-0.000316
-0.000310
-0.000302
-0.000292
-0.000280
-0.000265
-0.000249
-0.000229
-0.000207
-0.000183
-0.000155
-0.000125
-0.000093
-0.000059
-0.000023
0.000014
0.000050
0.000086
0.000122
0.000156
0.000188
0.000219
0.000249
0.000278
0.000306
0.000331
0.000355
0.000378
0.000398
0.000415
0.000429
0.000441
0.000448
0.000453
0.000453
0.000449
0.000442
0.000432
0.000418
0.000402
0.000383
0.000363
0.000342
0.000320
0.000297
0.000274
0.000248
0.000223
0.000196
0.000167
0.000140
0.000111
0.000083
0.000055
0.000028
0.000002
-0.000021
-0.000041
-0.000059
-0.000075
-0.000088
-0.000100
-0.000109
-0.000116
-0.000121
-0.000125
-0.000128
-0.000130
-0.000131
-0.000130
-0.000128
-0.000126
-0.000123
-0.000115
-0.000109
-0.000103
-0.000094
-0.000087
-0.000079
-0.000073
-0.000069
-0.000067
-0.000066
-0.000066
-0.000068
-0.000071
-0.000077
-0.000082
-0.000089
-0.000096
-0.000104
-0.000112
-0.000121
-0.000131
-0.000141
-0.000152
-0.000164
-0.000177
-0.000190
-0.000204
-0.000218
-0.000230
-0.000243
-0.000253
-0.000263
-0.000269
-0.000274
-0.000276
-0.000277
-0.000274
-0.000269
-0.000263
-0.000256
-0.000246
-0.000235
-0.000222
-0.000206
-0.000189
-0.000168
-0.000147
-0.000124
-0.000098
-0.000071
-0.000042
-0.000013
0.000016
0.000045
0.000073
0.000100
0.000125
0.000148
0.000168
0.000187
0.000203
0.000218
0.000229
0.000240
0.000250
0.000256
0.000259
0.000259
0.000257
0.000251
0.000242
0.000229
0.000214
0.000195
0.000174
0.000150
0.000124
0.000096
0.000068
0.000039
0.000010
-0.000017
-0.000045
-0.000072
-0.000097
-0.000123
-0.000148
-0.000173
-0.000196
-0.000218
-0.000239
-0.000257
-0.000271
-0.000283
-0.000292
-0.000297
-0.000297
-0.000295
-0.000291
-0.000283
-0.000273
-0.000262
-0.000248
-0.000233
-0.000217
-0.000200
-0.000183
-0.000163
-0.000142
-0.000119
-0.000095
-0.000071
-0.000047
-0.000023
0.000001
0.000022
0.000042
0.000060
0.000076
0.000087
0.000096
0.000103
0.000105
0.000105
0.000102
0.000098
0.000090
0.000083
0.000071
0.000058
0.000044
0.000026
0.000005
-0.000016
-0.000041
-0.000067
-0.000094
-0.000124
-0.000155
-0.000185
-0.000213
-0.000242
-0.000270
-0.000295
-0.000318
-0.000339
-0.000359
-0.000378
-0.000395
-0.000410
-0.000425
-0.000436
-0.000446
-0.000454
-0.000462
-0.000467
-0.000471
-0.000470
-0.000468
-0.000462
-0.000454
-0.000443
-0.000431
-0.000419
-0.000406
-0.000391
-0.000377
-0.000363
-0.000350
-0.000335
-0.000319
-0.000302
-0.000284
-0.000264
-0.000243
-0.000221
-0.000198
-0.000177
-0.000153
-0.000131
-0.000109
-0.000088
-0.000068
-0.000048
-0.000029
-0.000010
0.000008
0.000028
0.000046
0.000068
0.000088
0.000110
0.000133
0.000156
0.000179
0.000201
0.000223
0.000244
0.000263
0.000281
0.000298
0.000315
0.000330
0.000345
0.000359
0.000374
0.000388
0.000401
0.000412
0.000423
0.000432
0.000439
0.000443
0.000445
0.000444
0.000441
0.000436
0.000430
0.000422
0.000413
0.000403
0.000391
0.000379
0.000366
0.000350
0.000336
0.000320
0.000303
0.000286
0.000268
0.000248
0.000230
0.000211
0.000192
0.000175
0.000159
0.000145
0.000133
0.000123
0.000114
0.000107
0.000101
0.000096
0.000093
0.000091
0.000089
0.000087
0.000086
0.000087
0.000089
0.000093
0.000096
0.000100
0.000107
0.000114
0.000121
0.000128
0.000134
0.000140
0.000145
0.000149
0.000148
0.000149
0.000148
0.000143
0.000139
0.000135
0.000130
0.000124
0.000116
0.000108
0.000098
0.000088
0.000076
0.000063
0.000050
0.000034
0.000020
0.000003
-0.000014
-0.000029
-0.000044
-0.000057
-0.000069
-0.000080
-0.000088
-0.000094
-0.000098
-0.000101
-0.000100
-0.000099
-0.000095
-0.000090
-0.000084
-0.000075
-0.000064
-0.000051
-0.000035
-0.000016
0.000006
0.000031
0.000057
0.000085
0.000116
0.000147
0.000179
0.000210
0.000241
0.000271
0.000302
0.000330
0.000358
0.000383
0.000408
0.000432
0.000453
0.000472
0.000490
0.000505
0.000517
0.000526
0.000531
0.000531
0.000528
0.000519
0.000508
0.000491
0.000472
0.000450
0.000425
0.000399
0.000370
0.000338
0.000304
0.000269
0.000231
0.000193
0.000153
0.000111
0.000069
0.000026
-0.000017
-0.000060
-0.000102
-0.000144
-0.000183
-0.000219
-0.000253
-0.000284
-0.000312
-0.000337
-0.000359
-0.000379
-0.000397
-0.000414
-0.000426
-0.000437
-0.000444
-0.000448
-0.000448
-0.000445
-0.000438
-0.000428
-0.000414
-0.000395
-0.000374
-0.000350
-0.000323
-0.000295
-0.000265
-0.000235
-0.000203
-0.000170
-0.000136
-0.000103
-0.000069
-0.000034
0.000001
0.000036
0.000072
0.000108
0.000143
0.000176
0.000208
0.000237
0.000262
0.000286
0.000308
0.000327
0.000343
0.000358
0.000370
0.000380
0.000388
0.000397
0.000402
0.000407
0.000410
0.000412
0.000412
0.000409
0.000406
0.000400
0.000392
0.000383
0.000372
0.000361
0.000351
0.000340
0.000329
0.000318
0.000308
0.000299
0.000291
0.000283
0.000275
0.000268
0.000261
0.000253
0.000248
0.000243
0.000238
0.000235
0.000235
0.000237
0.000242
0.000248
0.000255
0.000265
0.000275
0.000286
0.000297
0.000309
0.000322
0.000333
0.000345
0.000356
0.000367
0.000379
0.000391
0.000403
0.000416
0.000429
0.000441
0.000452
0.000462
0.000470
0.000477
0.000482
0.000485
0.000486
0.000483
0.000478
0.000472
0.000465
0.000457
0.000447
0.000437
0.000425
0.000414
0.000400
0.000385
0.000369
0.000352
0.000333
0.000312
0.000290
0.000266
0.000241
0.000217
0.000192
0.000167
0.000142
0.000120
0.000097
0.000075
0.000053
0.000032
0.000011
-0.000011
-0.000033
-0.000054
-0.000077
-0.000099
-0.000120
-0.000140
-0.000159
-0.000177
-0.000194
-0.000208
-0.000223
-0.000236
-0.000248
-0.000260
-0.000272
-0.000284
-0.000297
-0.000309
-0.000321
-0.000333
-0.000344
-0.000354
-0.000363
-0.000369
-0.000375
-0.000380
-0.000385
-0.000389
-0.000393
-0.000395
-0.000397
-0.000400
-0.000401
-0.000403
-0.000405
-0.000406
-0.000405
-0.000403
-0.000400
-0.000395
-0.000389
-0.000381
-0.000372
-0.000362
-0.000351
-0.000338
-0.000326
-0.000312
-0.000299
-0.000285
-0.000270
-0.000253
-0.000238
-0.000220
-0.000201
-0.000181
-0.000160
-0.000138
-0.000115
-0.000093
-0.000071
-0.000049
-0.000028
-0.000007
0.000011
0.000029
0.000046
0.000062
0.000078
0.000093
0.000107
0.000122
0.000137
0.000152
0.000165
0.000177
0.000188
0.000197
0.000203
0.000208
0.000210
0.000210
0.000210
0.000208
0.000205
0.000200
0.000194
0.000187
0.000180
0.000171
0.000161
0.000151
0.000139
0.000126
0.000111
0.000095
0.000079
0.000061
0.000043
0.000026
0.000008
-0.000008
-0.000023
-0.000037
-0.000049
-0.000060
-0.000070
-0.000077
-0.000083
-0.000089
-0.000094
-0.000097
-0.000098
-0.000098
-0.000096
-0.000093
-0.000085
-0.000075
-0.000062
-0.000047
-0.000029
-0.000009
0.000014
0.000036
0.000060
0.000085
0.000110
0.000136
0.000161
0.000187
0.000211
0.000236
0.000261
0.000286
0.000310
0.000333
0.000356
0.000377
0.000395
0.000412
0.000424
0.000434
0.000440
0.000443
0.000441
0.000437
0.000429
0.000419
0.000406
0.000389
0.000369
0.000347
0.000320
0.000292
0.000261
0.000227
0.000191
0.000153
0.000112
0.000071
0.000029
-0.000014
-0.000055
-0.000096
-0.000138
-0.000178
-0.000216
-0.000254
-0.000290
-0.000325
-0.000356
-0.000387
-0.000416
-0.000442
-0.000465
-0.000485
-0.000503
-0.000517
-0.000528
-0.000537
-0.000543
-0.000546
-0.000547
-0.000545
-0.000543
-0.000540
-0.000536
-0.000532
-0.000528
-0.000522
-0.000517
-0.000511
-0.000505
-0.000499
-0.000492
-0.000485
-0.000479
-0.000473
-0.000467
-0.000460
-0.000455
-0.000450
-0.000446
-0.000444
-0.000441
-0.000439
-0.000437
-0.000434
-0.000432
-0.000428
-0.000423
-0.000416
-0.000408
-0.000398
-0.000387
-0.000375
-0.000362
-0.000347
-0.000332
-0.000315
-0.000299
-0.000280
-0.000261
-0.000241
-0.000218
-0.000194
-0.000170
-0.000142
-0.000114
-0.000085
-0.000056
-0.000026
0.000002
0.000029
0.000054
0.000078
0.000101
0.000124
0.000145
0.000166
0.000184
0.000201
0.000218
0.000232
0.000245
0.000254
0.000262
0.000268
0.000270
0.000267
0.000261
0.000256
0.000252
0.000250
0.000247
0.000245
0.000247
0.000255
0.000260
0.000261
0.000258
0.000255
0.000250
0.000229
0.000185
0.000132
0.000094
0.000042
-0.000050
-0.000139
-0.000177
-0.000221
-0.000315
-0.000361
-0.000325
-0.000305
-0.000336
-0.000264
-0.000091
0.000026
0.000122
0.000362
0.000685
0.000910
0.001151
0.001573
0.002023
0.002331
0.002703
0.003260
0.003758
0.004099
0.004558
0.005153
0.005585
0.005880
0.006339
0.006857
0.007125
0.007302
0.007675
0.008006
0.008037
0.008081
0.008329
0.008435
0.008249
0.008181
0.008299
0.008194
0.007888
0.007814
0.007867
0.007672
0.007395
0.007441
0.007528
0.007418
0.007352
0.007607
0.007846
0.007946
0.008184
0.008671
0.009133
0.009479
0.009999
0.010660
0.011262
0.011781
0.012400
0.013076
0.013666
0.014157
0.014608
0.015038
0.015365
0.015486
0.015447
0.015344
0.015095
0.014504
0.013682
0.012793
0.011686
0.010161
0.008394
0.006625
0.004541
0.002033
-0.000603
-0.003218
-0.006116
-0.009364
-0.012549
-0.015669
-0.018977
-0.022407
-0.025631
-0.028661
-0.031713
-0.034627
-0.037177
-0.039387
-0.041367
-0.043001
-0.044138
-0.044775
-0.044950
-0.044665
-0.043802
-0.042282
-0.040192
-0.037649
-0.034493
-0.030613
-0.026219
-0.021483
-0.016181
-0.010251
-0.004026
0.002324
0.009087
0.016199
0.023223
0.030114
0.037103
0.044013
0.050398
0.056291
0.061868
0.066837
0.070799
0.073886
0.076145
0.077248
0.076892
0.075234
0.072221
0.067521
0.060958
0.052636
0.042444
0.030092
0.015510
-0.001273
-0.020399
-0.042074
-0.066345
-0.093216
-0.122844
-0.155353
-0.190786
-0.229208
-0.270746
-0.315437
-0.363328
-0.414496
-0.469028
-0.526932
-0.588250
-0.653000
-0.721305
-0.793030
-0.868190
-0.946814
-1.028915
-1.114296
-1.202897
-1.294752
-1.389666
-1.487391
-1.587737
-1.690706
-1.795937
-1.903011
-2.011705
-2.121813
-2.232865
-2.344241
-2.455683
-2.566778
-2.676854
-2.785250
-2.891547
-2.995187
-3.095326
-3.191313
-3.282556
-3.368362
-3.447931
-3.520534
-3.585500
-3.642162
-3.689807
-3.727664
-3.755085
-3.771619
-3.776672
-3.769519
-3.749738
-3.717181
-3.671404
-3.611878
-3.538605
-3.451752
-3.351085
-3.236454
-3.108350
-2.967283
-2.813318
-2.646827
-2.468754
-2.279929
-2.080783
-1.872264
-1.655652
-1.432063
-1.202383
-0.967936
-0.730277
-0.490743
-0.250588
-0.011339
0.225367
0.458030
0.685224
0.905467
1.117179
1.318836
1.509114
1.686808
1.850524
1.998904
2.131049
2.246146
2.343140
2.421076
2.479675
2.518646
2.537340
2.535490
2.513474
2.471515
2.409562
2.328056
2.228036
2.110213
1.975171
1.824038
1.658310
1.479161
1.287734
1.085669
0.874695
0.656357
0.432191
0.204035
-0.026328
-0.257141
-0.486805
-0.713573
-0.935743
-1.151664
-1.359921
-1.559121
-1.747843
-1.924786
-2.089005
-2.239628
-2.375678
-2.496423
-2.601533
-2.690713
-2.763593
-2.820122
-2.860632
-2.885393
-2.894727
-2.889176
-2.869637
-2.836931
-2.791954
-2.735745
-2.669542
-2.594628
-2.512265
-2.423682
-2.330307
-2.233709
-2.135182
-2.035866
-1.937235
-1.840808
-1.747607
-1.658503
-1.574788
-1.497666
-1.427616
-1.365103
-1.311049
-1.266032
-1.229925
-1.202771
-1.184914
-1.176198
-1.175959
-1.183792
-1.199385
-1.221936
-1.250386
-1.283914
-1.321612
-1.362267
-1.404629
-1.447529
-1.489692
-1.529816
-1.566664
-1.598870
-1.625138
-1.644404
-1.655613
-1.657435
-1.648931
-1.629527
-1.598465
-1.554777
-1.498128
-1.428610
-1.345842
-1.249523
-1.140050
-1.018160
-0.884032
-0.738020
-0.581335
-0.415252
-0.240508
-0.058136
0.130092
0.322437
0.517719
0.714490
0.910558
1.103979
1.293389
1.477189
1.653094
1.819189
1.974284
2.116889
2.244926
2.356881
2.452013
2.529245
2.586924
2.624307
2.641295
2.637388
2.611714
2.564406
2.496143
2.407088
2.297304
2.167803
2.020033
1.854847
1.673202
1.476936
1.267993
1.047895
0.818283
0.581499
0.339814
0.095189
-0.150327
-0.394378
-0.634557
-0.868771
-1.095088
-1.311370
-1.515405
-1.705396
-1.879912
-2.037325
-2.175931
-2.294607
-2.392760
-2.469370
-2.523553
-2.555185
-2.564487
-2.551327
-2.515709
-2.458668
-2.381119
-2.283836
-2.167886
-2.035022
-1.886931
-1.725125
-1.551494
-1.368263
-1.177612
-0.981592
-0.782510
-0.582693
-0.384471
-0.190187
-0.001969
0.178102
0.347747
0.504923
0.648111
0.775684
0.885823
0.977250
1.049310
1.101066
1.131456
1.140269
1.127856
1.094019
1.038737
0.962977
0.867921
0.754213
0.622905
0.475928
0.315159
0.141955
-0.041764
-0.233364
-0.430669
-0.631768
-0.834248
-1.035275
-1.232648
-1.424308
-1.607776
-1.780520
-1.940634
-2.086319
-2.215501
-2.326360
-2.417633
-2.488100
-2.536525
-2.562043
-2.564276
-2.542840
-2.497622
-2.428766
-2.336859
-2.222569
-2.086782
-1.930735
-1.755908
-1.563872
-1.356410
-1.135580
-0.903601
-0.662587
-0.415004
-0.163383
0.089805
0.342085
0.590856
0.833489
1.067698
1.291117
1.501350
1.696149
1.873809
2.032530
2.170474
2.286233
2.378879
2.447511
2.491101
2.509366
2.502385
2.470131
2.412715
2.330937
2.225860
2.098360
1.949658
1.781440
1.595584
1.393815
1.178095
0.950766
0.714235
0.470787
0.222690
-0.027456
-0.276984
-0.523566
-0.765057
-0.998881
-1.222601
-1.434319
-1.632269
-1.814373
-1.978774
-2.124380
-2.250087
-2.354601
-2.436958
-2.496975
-2.534445
-2.548917
-2.540534
-2.510071
-2.458138
-2.385261
-2.292574
-2.181621
-2.053710
-1.910239
-1.753045
-1.584154
-1.405465
-1.218894
-1.026591
-0.830801
-0.633684
-0.437272
-0.243635
-0.054937
0.126737
0.299660
0.462201
0.612472
0.748901
0.870364
0.975873
1.064090
1.134133
1.185768
1.218630
1.232134
1.226280
1.201605
1.158437
1.096908
1.017936
0.922628
0.811896
0.686625
0.548266
0.398408
0.238321
0.069457
-0.106446
-0.287715
-0.472845
-0.660115
-0.847911
-1.034611
-1.218685
-1.398552
-1.572971
-1.740531
-1.899941
-2.050090
-2.190147
-2.319148
-2.436164
-2.540724
-2.632503
-2.711021
-2.775919
-2.827266
-2.865292
-2.889949
-2.901426
-2.900296
-2.887223
-2.862568
-2.826926
-2.781270
-2.726448
-2.663177
-2.592318
-2.514932
-2.432105
-2.344676
-2.253422
-2.159489
-2.064030
-1.967695
-1.871177
-1.775581
-1.681893
-1.590542
-1.501938
-1.417123
-1.336762
-1.260931
-1.189939
-1.124534
-1.064983
-1.011137
-0.963160
-0.921459
-0.885940
-0.856343
-0.832626
-0.814877
-0.802796
-0.796009
-0.794399
-0.797731
-0.805646
-0.817794
-0.833831
-0.853383
-0.876186
-0.901901
-0.930013
-0.960120
-0.992167
-1.025714
-1.060177
-1.095281
-1.131104
-1.167119
-1.202707
-1.237903
-1.272664
-1.306478
-1.338833
-1.369878
-1.399596
-1.427391
-1.452937
-1.476440
-1.497759
-1.516422
-1.532228
-1.545312
-1.555550
-1.562534
-1.566133
-1.566417
-1.563293
-1.556478
-1.545805
-1.531316
-1.513059
-1.490816
-1.464373
-1.433873
-1.399464
-1.360893
-1.318013
-1.271139
-1.220483
-1.165752
-1.106981
-1.044664
-0.978924
-0.909594
-0.836939
-0.761474
-0.683340
-0.602477
-0.519436
-0.434619
-0.348186
-0.260314
-0.171653
-0.082469
0.007039
0.096376
0.185097
0.273001
0.359744
0.444768
0.527786
0.608746
0.687099
0.762380
0.834582
0.903624
0.968918
1.030219
1.087730
1.141313
1.190492
1.235254
1.275952
1.312389
1.344334
1.371955
1.395633
1.415264
1.430811
1.442582
1.450946
1.455932
1.457632
1.456400
1.452558
1.446354
1.437881
1.427388
1.415338
1.402039
1.387449
1.371811
1.355689
1.339331
1.322552
1.305583
1.289070
1.273054
1.257235
1.241921
1.227735
1.214473
1.201804
1.190144
1.179949
1.170814
1.162491
1.155419
1.149851
1.145278
1.141570
1.139198
1.138121
1.137883
1.138496
1.140323
1.143176
1.146684
1.150986
1.156291
1.162339
1.168917
1.176193
1.184231
1.192772
1.201774
1.211303
1.221354
1.231727
1.242398
1.253393
1.264677
1.276009
1.287469
1.299026
1.310501
1.321747
1.332819
1.343579
1.353842
1.363472
1.372500
1.380809
1.388072
1.394243
1.399286
1.403128
1.405385
1.406083
1.405234
1.402638
1.398072
1.391653
1.383410
1.373123
1.360677
1.346365
1.330197
1.312047
1.292005
1.270432
1.247414
1.222975
1.197418
1.171125
1.144297
1.117139
1.090072
1.063515
1.037724
1.013154
0.990234
0.969307
0.950848
0.935322
0.923092
0.914446
0.909952
0.909985
0.914774
0.924503
0.939753
0.960702
0.987195
1.019510
1.057954
1.102425
1.152475
1.208329
1.269959
1.336798
1.408380
1.484544
1.564972
1.648769
1.735325
1.824183
1.914669
2.005778
2.096626
2.186569
2.274703
2.359972
2.441407
2.518158
2.589357
2.653991
2.711046
2.759694
2.799272
2.828909
2.847666
2.854989
2.850529
2.833642
2.803643
2.760430
2.704030
2.634081
2.550360
2.453275
2.343225
2.220205
2.084561
1.937194
1.778828
1.609940
1.431306
1.244249
1.049772
0.848716
0.642310
0.432009
0.219057
0.004570
-0.210115
-0.423464
-0.634136
-0.840996
-1.042774
-1.238039
-1.425564
-1.604447
-1.773594
-1.931912
-2.078469
-2.212719
-2.334028
-2.441641
-2.535171
-2.614553
-2.679611
-2.730097
-2.766205
-2.788410
-2.796915
-2.792093
-2.774708
-2.745543
-2.705307
-2.654889
-2.595380
-2.527791
-2.453279
-2.373049
-2.288262
-2.200077
-2.109823
-2.018743
-1.927934
-1.838489
-1.751698
-1.668620
-1.589992
-1.516739
-1.449896
-1.389976
-1.337343
-1.292605
-1.256264
-1.228246
-1.208456
-1.197101
-1.194041
-1.198600
-1.210267
-1.228777
-1.253380
-1.282919
-1.316600
-1.353717
-1.393012
-1.433194
-1.473169
-1.512008
-1.548257
-1.580564
-1.607960
-1.629378
-1.643515
-1.649189
-1.645707
-1.632182
-1.607680
-1.571506
-1.523308
-1.462777
-1.389405
-1.303166
-1.204282
-1.092953
-0.969407
-0.834197
-0.688196
-0.532174
-0.366994
-0.193844
-0.014133
0.170880
0.359828
0.551092
0.742923
0.933748
1.121977
1.305775
1.483283
1.652917
1.813104
1.962135
2.098330
2.220367
2.327035
2.417001
2.489079
2.542516
2.576643
2.590730
2.584323
2.557413
2.509987
2.442095
2.354127
2.246822
2.120928
1.977236
1.816989
1.641526
1.452252
1.250694
1.038699
0.818035
0.590514
0.358228
0.123270
-0.112491
-0.346943
-0.577807
-0.803218
-1.021383
-1.230180
-1.427659
-1.612359
-1.782945
-1.937530
-2.074840
-2.194161
-2.294596
-2.374941
-2.434809
-2.474262
-2.493026
-2.490775
-2.468046
-2.425617
-2.363928
-2.283516
-2.185709
-2.071886
-1.943116
-1.800739
-1.646546
-1.482345
-1.309719
-1.130410
-0.946412
-0.759724
-0.572194
-0.385570
-0.201755
-0.022730
0.149747
0.314291
0.469300
0.613014
0.744141
0.861891
0.965087
1.052428
1.123370
1.177751
1.214923
1.234233
1.235917
1.220413
1.187625
1.137595
1.071278
0.989567
0.892916
0.781983
0.658181
0.522775
0.376578
0.220707
0.056800
-0.113697
-0.289749
-0.470088
-0.653042
-0.837143
-1.021373
-1.204518
-1.385038
-1.561626
-1.733455
-1.899544
-2.058563
-2.209492
-2.351883
-2.484999
-2.607753
-2.719593
-2.820414
-2.909686
-2.986700
-3.051341
-3.103803
-3.143723
-3.170796
-3.185227
-3.187467
-3.177228
-3.154593
-3.120175
-3.074309
-3.016979
-2.948553
-2.869840
-2.781114
-2.682537
-2.574790
-2.458672
-2.334444
-2.202517
-2.063767
-1.918976
-1.768389
-1.612708
-1.452882
-1.289695
-1.123457
-0.955078
-0.785659
-0.615888
-0.446275
-0.277884
-0.111867
0.051124
0.210429
0.364893
0.513405
0.655282
0.789829
0.915919
1.032452
1.138884
1.234581
1.318528
1.389774
1.448054
1.492909
1.523505
1.539248
1.540226
1.526327
1.496976
1.452145
1.392373
1.317875
1.228588
1.125077
1.008370
0.879004
0.737530
0.585129
0.423172
0.252625
0.074604
-0.109200
-0.297259
-0.488219
-0.680481
-0.872167
-1.061713
-1.247507
-1.427699
-1.600552
-1.764655
-1.918268
-2.059688
-2.187662
-2.301000
-2.398149
-2.477923
-2.539713
-2.582720
-2.605849
-2.608737
-2.591482
-2.553828
-2.495384
-2.416707
-2.318629
-2.201426
-2.065606
-1.912589
-1.743774
-1.560097
-1.362806
-1.153991
-0.935508
-0.708720
-0.475538
-0.238338
0.000786
0.240190
0.477744
0.711026
0.938022
1.157077
1.366209
1.563278
1.746594
1.914872
2.066527
2.199971
2.314127
2.408291
2.481514
2.532914
2.562242
2.569473
2.554392
2.516935
2.457743
2.377431
2.276438
2.155624
2.016311
1.859598
1.686563
1.498826
1.298068
1.085707
0.863326
0.632993
0.396468
0.155190
-0.088890
-0.333722
-0.577730
-0.819598
-1.057298
-1.289128
-1.514037
-1.730802
-1.937743
-2.133761
-2.318366
-2.490582
-2.649314
-2.794227
-2.925276
-3.041897
-3.143733
-3.231110
-3.304361
-3.363400
-3.408550
-3.440642
-3.460268
-3.467794
-3.464121
-3.450269
-3.427012
-3.395088
-3.355670
-3.309798
-3.258255
-3.202075
-3.142362
-3.080009
-3.015768
-2.950754
-2.885753
-2.821381
-2.758419
-2.697666
-2.639593
-2.584522
-2.533113
-2.485839
-2.442714
-2.403935
-2.369936
-2.340795
-2.316165
-2.296166
-2.280988
-2.270279
-2.263576
-2.260936
-2.262306
-2.267068
-2.274738
-2.285444
-2.298811
-2.314118
-2.331069
-2.349774
-2.369677
-2.390073
-2.410990
-2.432379
-2.453663
-2.474355
-2.494657
-2.514470
-2.533216
-2.550761
-2.567283
-2.582729
-2.596607
-2.608976
-2.620130
-2.629871
-2.637971
-2.644539
-2.649854
-2.653788
-2.656212
-2.657288
-2.657169
-2.655875
-2.653295
-2.649511
-2.644752
-2.639101
-2.632347
-2.624531
-2.616033
-2.606877
-2.596789
-2.585791
-2.574418
-2.562610
-2.549970
-2.536747
-2.523477
-2.510008
-2.495941
-2.481679
-2.467799
-2.453982
-2.439970
-2.426310
-2.413503
-2.401221
-2.389289
-2.378408
-2.368936
-2.360560
-2.353239
-2.347643
-2.344108
-2.342258
-2.342175
-2.344438
-2.349299
-2.356391
-2.365735
-2.377889
-2.392917
-2.410402
-2.430303
-2.453041
-2.478571
-2.506271
-2.536104
-2.568310
-2.602623
-2.638314
-2.675256
-2.713529
-2.752594
-2.791702
-2.830663
-2.869320
-2.906946
-2.942864
-2.976779
-3.008317
-3.036731
-3.061417
-3.081987
-3.097953
-3.108699
-3.113662
-3.112451
-3.104531
-3.089565
-3.067045
-3.036541
-2.997838
-2.950742
-2.894845
-2.829870
-2.755899
-2.672936
-2.580647
-2.479085
-2.368641
-2.249392
-2.121243
-1.984591
-1.840085
-1.687878
-1.528092
-1.361506
-1.188853
-1.010391
-0.826515
-0.638321
-0.446465
-0.251236
-0.053463
0.145809
0.345987
0.546672
0.746803
0.945415
1.142103
1.336263
1.526840
1.713029
1.894588
2.070805
2.240697
2.403770
2.559806
2.708139
2.847935
2.978986
3.101130
3.213757
3.316309
3.408766
3.491084
3.562758
3.623471
3.673374
3.712529
3.740572
3.757385
3.763271
3.758407
3.742545
3.715740
3.678421
3.630873
3.572923
3.504762
3.427001
3.339906
3.243411
3.137866
3.023988
2.902021
2.771975
2.634436
2.490061
2.339092
2.181704
2.018604
1.850427
1.677393
1.499866
1.318628
1.134216
0.946899
0.757298
0.566096
0.373722
0.180623
-0.012466
-0.204996
-0.396573
-0.586591
-0.774277
-0.959299
-1.141220
-1.319278
-1.492841
-1.661739
-1.825487
-1.983269
-2.134680
-2.279668
-2.417695
-2.548031
-2.670529
-2.785191
-2.891495
-2.988904
-3.077515
-3.157399
-3.228113
-3.289362
-3.341413
-3.384452
-3.418145
-3.442414
-3.457742
-3.464332
-3.462062
-3.451016
-3.431802
-3.404733
-3.369760
-3.327132
-3.277528
-3.221346
-3.158552
-3.089476
-3.014901
-2.935162
-2.850209
-2.760453
-2.666697
-2.569154
-2.467658
-2.362753
-2.255126
-2.144795
-2.031517
-1.915962
-1.798640
-1.679251
-1.557710
-1.434655
-1.310349
-1.184309
-1.056577
-0.927819
-0.797955
-0.666476
-0.533691
-0.400096
-0.265401
-0.129262
0.007834
0.145468
0.284109
0.423734
0.563722
0.703785
0.844245
0.984803
1.124686
1.263707
1.401910
1.538710
1.673263
1.805361
1.934753
2.060635
2.182193
2.299079
2.410828
2.516531
2.615433
2.707079
2.790898
2.866040
2.931816
2.987764
3.033348
3.067933
3.090947
3.102067
3.101012
3.087404
3.060891
3.021425
2.969131
2.903937
2.825752
2.735040
2.632373
2.517898
2.392031
2.255716
2.109896
1.955041
1.791959
1.622125
1.446743
1.266505
1.082669
0.897032
0.710853
0.525004
0.341062
0.160921
-0.014233
-0.183548
-0.345265
-0.497685
-0.639954
-0.771274
-0.889987
-0.994855
-1.085530
-1.161303
-1.220994
-1.263992
-1.290455
-1.300041
-1.292135
-1.266924
-1.225024
-1.166567
-1.091641
-1.001154
-0.896188
-0.777387
-0.645518
-0.502044
-0.348440
-0.185793
-0.015374
0.160961
0.341519
0.524913
0.709588
0.893559
1.075073
1.252703
1.424851
1.589663
1.745525
1.891229
2.025409
2.146504
2.253298
2.344975
2.420628
2.479154
2.519899
2.542631
2.547003
2.532414
2.498892
2.446874
2.376490
2.287762
2.181447
2.058412
1.919365
1.764821
1.596100
1.414588
1.221184
1.016905
0.803469
0.582462
0.354864
0.122091
-0.114026
-0.351987
-0.590714
-0.828719
-1.064296
-1.296188
-1.523411
-1.744580
-1.958319
-2.163758
-2.360083
-2.546120
-2.721074
-2.884448
-3.035644
-3.173970
-3.299115
-3.410954
-3.509172
-3.593536
-3.664257
-3.721430
-3.765046
-3.795356
-3.812878
-3.817849
-3.810575
-3.791651
-3.761740
-3.721128
-3.670411
-3.610349
-3.541599
-3.464482
-3.379737
-3.288213
-3.190328
-3.086455
-2.977440
-2.863919
-2.746196
-2.624646
-2.500085
-2.372895
-2.243223
-2.111565
-1.978481
-1.844147
-1.708651
-1.572495
-1.436018
-1.299225
-1.162291
-1.025600
-0.889283
-0.753291
-0.617920
-0.483456
-0.349789
-0.217048
-0.085573
0.044522
0.173377
0.300689
0.426105
0.549734
0.671522
0.791074
0.908109
1.022831
1.135014
1.244158
1.350209
1.453316
1.553059
1.649031
1.741365
1.830061
1.914611
1.994842
2.070950
2.142784
2.209892
2.272369
2.330376
2.383667
2.431938
2.475552
2.514538
2.548614
2.577807
2.602509
2.622671
2.638045
2.649011
2.655862
2.658471
2.656771
2.651287
2.642222
2.629385
2.612924
2.593366
2.570799
2.545064
2.516459
2.485420
2.451940
2.415926
2.377741
2.337661
2.295688
2.251770
2.206183
2.159209
2.110836
2.061022
2.009992
1.958030
1.905151
1.851254
1.796582
1.741482
1.685960
1.629887
1.573560
1.517417
1.461438
1.405501
1.350036
1.295508
1.241892
1.189118
1.137790
1.088324
1.040668
0.994904
0.951683
0.911419
0.874037
0.839725
0.809159
0.782651
0.760153
0.741908
0.728498
0.720154
0.716808
0.718648
0.726114
0.739352
0.758201
0.782737
0.813231
0.849704
0.891822
0.939439
0.992674
1.051393
1.115018
1.183217
1.255993
1.332984
1.413321
1.496569
1.582615
1.670797
1.760033
1.849859
1.940039
2.029663
2.117621
2.203415
2.286710
2.366453
2.441515
2.511569
2.576168
2.634241
2.684838
2.727736
2.762568
2.788305
2.804248
2.810491
2.806633
2.791854
2.765853
2.728930
2.680850
2.621045
2.549663
2.467204
2.373631
2.268704
2.152991
2.027176
1.891387
1.745796
1.591285
1.428684
1.258307
1.080658
0.896865
0.707801
0.513936
0.316065
0.115372
-0.087255
-0.291206
-0.495552
-0.699170
-0.901217
-1.101043
-1.297745
-1.490317
-1.678017
-1.860232
-2.036221
-2.205110
-2.366357
-2.519524
-2.663981
-2.799145
-2.924670
-3.040315
-3.145723
-3.240438
-3.324443
-3.397735
-3.460076
-3.511293
-3.551651
-3.581238
-3.600039
-3.608139
-3.605949
-3.593796
-3.571726
-3.540019
-3.499317
-3.449932
-3.391959
-3.325990
-3.252642
-3.172196
-3.084888
-2.991424
-2.892346
-2.787918
-2.678428
-2.564625
-2.446956
-2.325549
-2.200880
-2.073590
-1.944005
-1.812185
-1.678681
-1.544017
-1.408315
-1.271739
-1.134785
-0.997852
-0.860964
-0.724318
-0.588417
-0.453485
-0.319529
-0.186819
-0.055753
0.073519
0.200971
0.326268
0.449073
0.569296
0.686846
0.801338
0.912479
1.020216
1.124316
1.224379
1.320202
1.411619
1.498371
1.580054
1.656502
1.727515
1.792691
1.851767
1.904624
1.950896
1.990279
2.022607
2.047662
2.065202
2.074970
2.076859
2.070811
2.056523
2.033900
2.003009
1.963824
1.916137
1.860066
1.795830
1.723476
1.642989
1.554703
1.458987
1.355989
1.245912
1.129189
1.006472
0.878019
0.744168
0.605611
0.463045
0.316902
0.167624
0.016067
-0.136974
-0.291013
-0.445515
-0.599553
-0.752275
-0.903238
-1.051872
-1.197228
-1.338480
-1.475335
-1.607238
-1.733237
-1.852753
-1.965616
-2.071323
-2.169082
-2.258557
-2.339830
-2.412441
-2.475843
-2.530060
-2.575315
-2.611303
-2.637823
-2.655187
-2.663738
-2.663450
-2.654387
-2.637161
-2.612196
-2.579705
-2.540097
-2.494044
-2.442118
-2.384774
-2.322585
-2.256220
-2.186373
-2.113682
-2.038732
-1.962132
-1.884681
-1.807060
-1.729678
-1.653157
-1.578293
-1.505609
-1.435347
-1.368097
-1.304547
-1.244920
-1.189285
-1.138201
-1.092104
-1.050843
-1.014436
-0.983325
-0.957509
-0.936665
-0.920716
-0.909876
-0.903843
-0.902060
-0.904549
-0.911156
-0.921314
-0.934503
-0.950753
-0.969577
-0.990293
-1.012605
-1.036366
-1.060938
-1.085674
-1.110563
-1.135291
-1.159162
-1.181819
-1.203377
-1.223462
-1.241490
-1.257436
-1.271494
-1.283301
-1.292534
-1.299458
-1.304309
-1.306826
-1.307012
-1.305268
-1.301878
-1.296745
-1.290132
-1.282529
-1.274207
-1.265328
-1.256169
-1.247234
-1.238856
-1.231232
-1.224669
-1.219582
-1.216255
-1.214904
-1.215734
-1.218967
-1.224854
-1.233452
-1.244713
-1.258790
-1.275709
-1.295335
-1.317398
-1.341867
-1.368625
-1.397174
-1.427079
-1.458160
-1.490053
-1.522076
-1.553630
-1.584414
-1.613908
-1.641287
-1.665943
-1.687483
-1.705331
-1.718673
-1.726923
-1.729763
-1.726676
-1.716953
-1.700228
-1.676336
-1.644931
-1.605606
-1.558231
-1.502872
-1.439500
-1.368006
-1.288616
-1.201783
-1.107764
-1.006809
-0.899539
-0.786774
-0.669040
-0.546878
-0.421318
-0.293422
-0.163970
-0.033713
0.096037
0.224101
0.349627
0.471754
0.589087
0.700439
0.805128
0.902301
0.990672
1.069304
1.137776
1.195483
1.241337
1.274895
1.296182
1.304835
1.300330
1.282683
1.252477
1.209722
1.154418
1.087257
1.009186
0.920724
0.822402
0.715434
0.601205
0.480526
0.354421
0.224451
0.092231
-0.041146
-0.174456
-0.305970
-0.434058
-0.557562
-0.675299
-0.785612
-0.887037
-0.978666
-1.059557
-1.128342
-1.183968
-1.225984
-1.253864
-1.266728
-1.264112
-1.246168
-1.212877
-1.163966
-1.099684
-1.020807
-0.927818
-0.821096
-0.701555
-0.570497
-0.428838
-0.277528
-0.118081
0.047920
0.219276
0.394475
0.571841
0.749713
0.926610
1.100961
1.271120
1.435528
1.592756
1.741360
1.879982
2.007441
2.122508
2.224169
2.311612
2.384062
2.440745
2.481297
2.505455
2.512973
2.503667
2.477831
2.435817
2.377905
2.304527
2.216548
2.114854
2.000151
1.873414
1.735951
1.588992
1.433594
1.271082
1.102972
0.930696
0.755466
0.578722
0.402037
0.226754
0.054103
-0.114624
-0.277975
-0.434823
-0.584161
-0.724936
-0.856016
-0.976562
-1.086004
-1.183574
-1.268479
-1.340394
-1.399073
-1.444122
-1.475176
-1.492321
-1.495734
-1.485241
-1.460998
-1.423455
-1.373047
-1.309898
-1.234470
-1.147534
-1.049710
-0.941311
-0.823065
-0.696060
-0.560824
-0.417867
-0.268200
-0.112921
0.047488
0.212329
0.380503
0.550913
0.723138
0.896379
1.069403
1.241354
1.411763
1.579792
1.744175
1.904239
2.059510
2.209029
2.351742
2.487098
2.614557
2.733202
2.842235
2.941111
3.029342
3.106201
3.171057
3.223460
3.263061
3.289431
3.302064
3.300696
3.285279
3.255611
3.211461
3.152848
3.079999
2.993083
2.892135
2.777537
2.649927
2.509771
2.357391
2.193623
2.019442
1.835598
1.642828
1.442290
1.235287
1.022745
0.805792
0.585828
0.364259
0.142292
-0.078797
-0.297542
-0.512497
-0.722347
-0.925843
-1.121666
-1.308433
-1.484907
-1.650116
-1.803013
-1.942406
-2.067399
-2.177441
-2.271833
-2.349805
-2.410913
-2.455120
-2.482187
-2.491812
-2.484224
-2.459826
-2.418817
-2.361575
-2.288802
-2.201325
-2.099939
-1.985382
-1.858873
-1.721590
-1.574639
-1.419250
-1.256742
-1.088612
-0.916258
-0.740943
-0.564026
-0.387158
-0.211787
-0.038990
0.129949
0.293396
0.450112
0.599376
0.740049
0.870696
0.990530
1.099254
1.195928
1.279488
1.349713
1.406683
1.449733
1.478289
1.492702
1.493345
1.479858
1.452222
1.411196
1.357403
1.290755
1.211757
1.121427
1.020500
0.909276
0.788465
0.659276
0.522527
0.378682
0.228682
0.073733
-0.085358
-0.248013
-0.413164
-0.579738
-0.746966
-0.914219
-1.080520
-1.244796
-1.406495
-1.564974
-1.719298
-1.868609
-2.012431
-2.150229
-2.281149
-2.404506
-2.520064
-2.627219
-2.725263
-2.813857
-2.892778
-2.961532
-3.019541
-3.066818
-3.103168
-3.128088
-3.141416
-3.143326
-3.133703
-3.112192
-3.078995
-3.034519
-2.978633
-2.911288
-2.833045
-2.744449
-2.645520
-2.536616
-2.418602
-2.292049
-2.157285
-2.015059
-1.866406
-1.711997
-1.552485
-1.388988
-1.222514
-1.053892
-0.884115
-0.714434
-0.545751
-0.379080
-0.215626
-0.056510
0.097455
0.245189
0.385424
0.517419
0.640482
0.753498
0.855532
0.946253
1.025134
1.091275
1.144240
1.184142
1.210668
1.223380
1.222430
1.208340
1.181153
1.140928
1.088447
1.024540
0.949675
0.864496
0.770152
0.667811
0.558351
0.442856
0.322692
0.199201
0.073634
-0.052751
-0.178576
-0.302354
-0.422714
-0.538525
-0.648540
-0.751259
-0.845496
-0.930469
-1.005148
-1.068258
-1.119059
-1.157259
-1.182114
-1.192805
-1.189214
-1.171523
-1.139415
-1.092659
-1.031760
-0.957365
-0.869626
-0.768935
-0.656355
-0.532888
-0.399128
-0.255999
-0.104899
0.052926
0.216500
0.384611
0.555765
0.728593
0.901929
1.074574
1.245121
1.412226
1.574843
1.732006
1.882554
2.025345
2.159715
2.285133
2.400740
2.505817
2.600275
2.684014
2.756587
2.817812
2.868243
2.908128
2.937475
2.956723
2.966885
2.968516
2.961978
2.948321
2.928792
2.904010
2.874741
2.842356
2.808025
2.772405
2.736396
2.701432
2.668347
2.637662
2.610342
2.587457
2.569416
2.556462
2.549390
2.548636
2.554106
2.565798
2.583995
2.608489
2.638694
2.674317
2.715014
2.759999
2.808331
2.859360
2.912183
2.965590
3.018533
3.070044
3.118824
3.163576
3.203251
3.236681
3.262493
3.279597
3.287123
3.283906
3.268822
3.241282
3.200700
3.146142
3.077054
2.993476
2.895224
2.781869
2.653606
2.511122
2.354692
2.184565
2.001677
1.807318
1.602220
1.387370
1.164358
0.934805
0.699941
0.461326
0.220896
-0.019535
-0.258365
-0.493815
-0.723883
-0.946724
-1.160672
-1.364043
-1.555116
-1.732182
-1.893852
-2.038912
-2.166052
-2.273989
-2.361948
-2.429334
-2.475421
-2.499608
-2.501882
-2.482419
-2.441174
-2.378254
-2.294561
-2.190943
-2.067959
-1.926654
-1.768590
-1.595135
-1.407463
-1.207294
-0.996710
-0.777327
-0.550840
-0.319412
-0.085217
0.150023
0.384340
0.615463
0.841453
1.060686
1.271172
1.470931
1.658497
1.832492
1.991231
2.133300
2.257850
2.363939
2.450376
2.516508
2.562176
2.586889
2.590191
2.572204
2.533311
2.473660
2.393454
2.293482
2.174717
2.037736
1.883359
1.712915
1.527710
1.328735
1.117202
0.894771
0.662985
0.423007
0.176269
-0.075436
-0.330552
-0.587855
-0.845949
-1.103029
-1.357652
-1.608805
-1.855111
-2.094963
-2.327218
-2.551106
-2.765404
-2.968765
-3.160458
-3.339972
-3.506245
-3.658326
-3.795911
-3.918685
-4.025815
-4.116788
-4.191701
-4.250354
-4.292181
-4.317153
-4.325619
-4.317503
-4.292571
-4.251218
-4.193987
-4.120882
-4.032090
-3.928328
-3.810245
-3.678017
-3.532215
-3.373829
-3.203573
-3.021839
-2.829552
-2.627935
-2.417716
-2.199584
-1.974716
-1.744481
-1.509671
-1.271197
-1.030498
-0.788900
-0.547376
-0.306915
-0.069079
0.164773
0.393736
0.616727
0.832250
1.038960
1.236144
1.422787
1.597428
1.759028
1.907084
2.040810
2.158915
2.260755
2.346251
2.414799
2.465499
2.498202
2.513255
2.510362
2.489072
2.449836
2.393393
2.319791
2.229119
2.122363
2.000613
1.864270
1.713918
1.550975
1.376808
1.192085
0.997788
0.795610
0.587044
0.372962
0.154514
-0.066478
-0.288514
-0.510740
-0.731960
-0.950420
-1.164805
-1.374418
-1.578191
-1.774569
-1.962608
-2.141894
-2.311560
-2.470456
-2.618079
-2.754366
-2.878730
-2.990549
-3.089739
-3.176557
-3.250806
-3.312346
-3.361523
-3.398852
-3.424517
-3.438818
-3.442367
-3.435880
-3.419911
-3.395019
-3.361946
-3.321575
-3.274722
-3.221997
-3.164160
-3.102242
-3.037123
-2.969296
-2.899520
-2.828864
-2.758066
-2.687440
-2.617698
-2.549877
-2.484376
-2.421341
-2.361532
-2.305649
-2.253805
-2.206054
-2.163060
-2.125173
-2.092200
-2.064265
-2.041759
-2.024729
-2.012818
-2.006180
-2.004936
-2.008767
-2.017401
-2.030907
-2.049117
-2.071532
-2.097996
-2.128462
-2.162436
-2.199441
-2.239432
-2.282138
-2.326849
-2.373248
-2.421319
-2.470521
-2.520094
-2.569914
-2.619874
-2.669209
-2.717222
-2.763974
-2.809200
-2.851965
-2.891794
-2.928794
-2.962548
-2.992019
-3.017027
-3.037702
-3.053376
-3.063201
-3.067189
-3.065436
-3.057173
-3.041724
-3.019401
-2.990133
-2.953161
-2.908159
-2.855556
-2.795247
-2.726539
-2.649529
-2.564675
-2.471839
-2.370614
-2.261353
-2.144588
-2.020207
-1.888139
-1.748918
-1.603143
-1.450851
-1.292181
-1.127868
-0.958555
-0.784424
-0.605812
-0.423577
-0.238423
-0.050661
0.139249
0.330383
0.521971
0.713632
0.904864
1.094703
1.282323
1.467427
1.649445
1.827407
2.000576
2.168690
2.331200
2.487175
2.635983
2.777473
2.911119
3.036119
3.151993
3.258731
3.355837
3.442676
3.518978
3.584756
3.639691
3.683335
3.715553
3.736512
3.746060
3.743886
3.730052
3.704843
3.668305
3.620257
3.560934
3.490796
3.410050
3.318663
3.216980
3.105733
2.985196
2.855421
2.716996
2.570799
2.417163
2.256232
2.088859
1.915964
1.737898
1.554968
1.368168
1.178457
0.986116
0.791656
0.596098
0.400393
0.204751
0.009792
-0.183397
-0.374086
-0.562060
-0.746671
-0.926934
-1.102264
-1.272523
-1.437088
-1.595198
-1.746418
-1.890727
-2.027660
-2.156534
-2.277282
-2.389956
-2.494200
-2.589639
-2.676431
-2.754808
-2.824486
-2.885397
-2.937924
-2.982428
-3.018744
-3.047043
-3.067968
-3.081896
-3.088799
-3.089092
-3.083568
-3.072541
-3.056122
-3.034945
-3.009816
-2.980950
-2.948606
-2.913538
-2.876418
-2.837413
-2.796839
-2.755497
-2.713920
-2.672083
-2.630474
-2.589823
-2.550366
-2.512043
-2.475387
-2.440979
-2.408777
-2.378701
-2.351323
-2.326975
-2.305404
-2.286547
-2.270929
-2.258644
-2.249201
-2.242673
-2.239466
-2.239426
-2.241941
-2.247194
-2.255481
-2.266281
-2.279087
-2.294097
-2.311419
-2.330348
-2.350413
-2.371905
-2.394602
-2.417746
-2.440982
-2.464530
-2.487960
-2.510439
-2.531806
-2.552075
-2.570691
-2.586907
-2.600599
-2.611661
-2.619399
-2.623281
-2.623117
-2.618676
-2.609363
-2.594783
-2.574676
-2.548791
-2.516730
-2.478121
-2.432742
-2.380456
-2.321059
-2.254237
-2.179878
-2.098091
-2.008803
-1.911817
-1.807227
-1.695466
-1.576583
-1.450520
-1.317729
-1.178882
-1.034089
-0.883638
-0.728383
-0.569002
-0.405841
-0.239523
-0.071140
0.098564
0.269110
0.439479
0.608536
0.775587
0.939918
1.100312
1.255739
1.405620
1.549030
1.684757
1.812070
1.930477
2.038935
2.136512
2.222873
2.297565
2.359668
2.408720
2.444745
2.467421
2.476129
2.470984
2.452306
2.419954
2.373807
2.314490
2.242521
2.158068
2.061590
1.953969
1.835996
1.708179
1.571374
1.426643
1.274919
1.117093
0.954152
0.787210
0.617332
0.445551
0.272875
0.100281
-0.071136
-0.240328
-0.406526
-0.568937
-0.726486
-0.878454
-1.024388
-1.163712
-1.295637
-1.419763
-1.536100
-1.644289
-1.743855
-1.834913
-1.917835
-1.992543
-2.058902
-2.117524
-2.169079
-2.213642
-2.251503
-2.283548
-2.310613
-2.332951
-2.351055
-2.365996
-2.378638
-2.389255
-2.398412
-2.407184
-2.416291
-2.425868
-2.436451
-2.448966
-2.463742
-2.480775
-2.500442
-2.523307
-2.549283
-2.578121
-2.609967
-2.644897
-2.682441
-2.722099
-2.763744
-2.806944
-2.850905
-2.894975
-2.938710
-2.981286
-3.021736
-3.059405
-3.093535
-3.123101
-3.147252
-3.165332
-3.176460
-3.179646
-3.174350
-3.160038
-3.135831
-3.101116
-3.055748
-2.999408
-2.931479
-2.851902
-2.761006
-2.658734
-2.544969
-2.420261
-2.285390
-2.140668
-1.986540
-1.824129
-1.654590
-1.478650
-1.297227
-1.111884
-0.924076
-0.734807
-0.545378
-0.357561
-0.172947
0.007334
0.181886
0.348934
0.506980
0.654983
0.791703
0.915625
1.025556
1.120765
1.200449
1.263471
1.309235
1.337541
1.348094
1.340405
1.314518
1.270913
1.209864
1.131640
1.037019
0.927046
0.802661
0.664778
0.514760
0.354117
0.184402
0.007058
-0.176265
-0.363639
-0.553193
-0.743267
-0.932123
-1.117664
-1.297984
-1.471558
-1.636798
-1.791720
-1.934706
-2.064663
-2.180396
-2.280291
-2.363326
-2.429121
-2.476960
-2.505844
-2.515654
-2.506695
-2.478867
-2.431994
-2.366859
-2.284441
-2.185246
-2.070028
-1.940255
-1.797473
-1.642773
-1.477609
-1.303958
-1.123648
-0.938229
-0.749582
-0.559807
-0.370794
-0.184306
-0.002233
0.173559
0.341289
0.499365
0.646272
0.780645
0.901046
1.006404
1.095941
1.168851
1.224348
1.262117
1.282172
1.284464
1.268955
1.236241
1.187065
1.122078
1.042049
0.948439
0.842526
0.725555
0.599033
0.464898
0.324815
0.180419
0.033709
-0.113286
-0.258837
-0.401105
-0.538030
-0.667887
-0.789107
-0.899979
-0.998805
-1.084441
-1.155727
-1.211414
-1.250508
-1.272630
-1.277247
-1.263762
-1.232089
-1.182718
-1.115761
-1.031465
-0.930729
-0.814706
-0.684272
-0.540402
-0.384789
-0.219186
-0.044976
0.136276
0.322363
0.511211
0.701152
0.890408
1.076559
1.257536
1.431820
1.597618
1.752745
1.895456
2.024716
2.139030
2.236734
2.316856
2.378907
2.422040
2.445348
2.448797
2.432560
2.396608
2.340965
2.266483
2.174103
2.064559
1.938785
1.798415
1.644975
1.479881
1.304788
1.121769
0.932777
0.739735
0.544608
0.349560
0.156729
-0.031886
-0.214323
-0.388683
-0.552978
-0.705453
-0.844607
-0.968988
-1.077122
-1.167819
-1.240395
-1.293968
-1.327747
-1.341500
-1.335342
-1.309128
-1.263005
-1.197643
-1.113837
-1.012418
-0.894265
-0.760821
-0.613628
-0.454135
-0.283937
-0.104930
0.080842
0.271494
0.465119
0.659645
0.852865
1.042729
1.227443
1.405083
1.573527
1.731020
1.876239
2.007602
2.123411
2.222602
2.304537
2.368113
2.412439
2.437277
2.442766
2.428511
2.394469
2.341396
2.270052
2.180870
2.074682
1.952990
1.817122
1.668257
1.507894
1.338015
1.160322
0.976503
0.788470
0.598229
0.407738
0.218868
0.033472
-0.146601
-0.319519
-0.483555
-0.637254
-0.779207
-0.907934
-1.022263
-1.121430
-1.204517
-1.270755
-1.319700
-1.351291
-1.365366
-1.361805
-1.341166
-1.303951
-1.250780
-1.182295
-1.099707
-1.004200
-0.896900
-0.779161
-0.652564
-0.518732
-0.379222
-0.235734
-0.089938
0.056336
0.201340
0.343497
0.481231
0.612785
0.736554
0.851408
0.956128
1.049233
1.129689
1.196938
1.250274
1.288776
1.312140
1.320506
1.313760
1.291668
1.254704
1.203728
1.139164
1.061473
0.971845
0.871656
0.761801
0.643329
0.517888
0.387196
0.252439
0.114973
-0.023352
-0.160723
-0.295907
-0.427565
-0.553890
-0.673310
-0.784796
-0.887279
-0.979277
-1.059654
-1.127862
-1.183303
-1.225016
-1.252476
-1.265790
-1.264899
-1.249504
-1.219783
-1.176465
-1.120045
-1.050842
-0.969781
-0.878068
-0.776667
-0.666515
-0.548965
-0.425560
-0.297585
-0.166359
-0.033423
0.099597
0.231243
0.360163
0.484875
0.603913
0.715932
0.819775
0.914345
0.998505
1.071251
1.131930
1.179938
1.214594
1.235485
1.242618
1.235908
1.215249
1.181001
1.133682
1.073721
1.001678
0.918556
0.825292
0.722835
0.612318
0.495095
0.372381
0.245501
0.115944
-0.014817
-0.145517
-0.274686
-0.400665
-0.522257
-0.638299
-0.747313
-0.847916
-0.939344
-1.020744
-1.090790
-1.148743
-1.194369
-1.227172
-1.246317
-1.251775
-1.243905
-1.222590
-1.187684
-1.139817
-1.079916
-1.008229
-0.925301
-0.832391
-0.730711
-0.620947
-0.504184
-0.382060
-0.255870
-0.126719
0.004018
0.134707
0.263947
0.390506
0.513015
0.630078
0.740324
0.842641
0.935996
1.019243
1.091341
1.151513
1.199210
1.233688
1.254305
1.260854
1.253292
1.231386
1.194933
1.144320
1.080088
1.002393
0.911588
0.808610
0.694342
0.569363
0.434451
0.290953
0.140016
-0.017533
-0.180599
-0.347680
-0.517471
-0.689085
-0.861290
-1.032621
-1.201818
-1.368067
-1.530232
-1.686997
-1.837367
-1.980733
-2.116191
-2.242694
-2.359674
-2.466796
-2.563407
-2.648950
-2.723229
-2.786269
-2.837708
-2.877414
-2.905696
-2.922747
-2.928543
-2.923400
-2.907956
-2.882495
-2.847323
-2.803176
-2.750757
-2.690377
-2.622674
-2.548594
-2.468732
-2.383423
-2.293537
-2.199990
-2.103143
-2.003384
-1.901624
-1.798583
-1.694419
-1.589494
-1.484628
-1.380204
-1.276203
-1.172876
-1.070892
-0.970290
-0.870910
-0.772984
-0.676829
-0.582263
-0.489082
-0.397373
-0.307161
-0.218206
-0.130276
-0.043296
0.042811
0.128297
0.213436
0.298383
0.383222
0.468097
0.553316
0.639049
0.725222
0.811878
0.899290
0.987530
1.076316
1.165637
1.255646
1.346158
1.436773
1.527391
1.617965
1.708087
1.797318
1.885388
1.972099
2.056872
2.139227
2.218824
2.295245
2.367965
2.436458
2.500256
2.558925
2.612014
2.659021
2.699359
2.732777
2.758959
2.777373
2.787506
2.789352
2.782731
2.767165
2.742411
2.708674
2.665933
2.613889
2.552550
2.482472
2.403702
2.316164
2.220278
2.116688
2.005664
1.887361
1.762492
1.631836
1.495759
1.354705
1.209540
1.061039
0.909774
0.756348
0.601590
0.446337
0.291252
0.136920
-0.015941
-0.166489
-0.314057
-0.458261
-0.598535
-0.734094
-0.864439
-0.989470
-1.108800
-1.221768
-1.328180
-1.428242
-1.521722
-1.608198
-1.687893
-1.761203
-1.828141
-1.888504
-1.942889
-1.991913
-2.035664
-2.074241
-2.108495
-2.139183
-2.166420
-2.190533
-2.212486
-2.233041
-2.252267
-2.270624
-2.289073
-2.308163
-2.327906
-2.348691
-2.371350
-2.396180
-2.422998
-2.452039
-2.483896
-2.518455
-2.555337
-2.594529
-2.636292
-2.680169
-2.725472
-2.772024
-2.819690
-2.867688
-2.915136
-2.961656
-3.006817
-3.049623
-3.089083
-3.124707
-3.155921
-3.181650
-3.200926
-3.213311
-3.218231
-3.214701
-3.201956
-3.179749
-3.147681
-3.104988
-3.051268
-2.986624
-2.910965
-2.823903
-2.725510
-2.616298
-2.496600
-2.366425
-2.226366
-2.077415
-1.920237
-1.755306
-1.583743
-1.406950
-1.225789
-1.041171
-0.854634
-0.667705
-0.481438
-0.297036
-0.116185
0.059603
0.229282
0.391555
0.544858
0.687867
0.819756
0.939366
1.045426
1.137122
1.213861
1.274947
1.319591
1.347533
1.358660
1.352818
1.329830
1.289967
1.233803
1.161680
1.074064
0.971833
0.856056
0.727700
0.587599
0.437216
0.278020
0.111374
-0.061540
-0.238937
-0.419018
-0.600363
-0.781584
-0.960821
-1.136149
-1.306371
-1.470114
-1.625541
-1.771040
-1.905695
-2.028402
-2.137520
-2.231990
-2.311368
-2.374895
-2.421349
-2.450344
-2.462006
-2.455864
-2.431388
-2.388850
-2.328877
-2.251379
-2.156544
-2.045273
-1.918409
-1.776434
-1.620131
-1.450769
-1.269403
-1.077018
-0.874789
-0.664108
-0.446246
-0.222465
0.005913
0.237504
0.470894
0.704762
0.937869
1.168904
1.396544
1.619537
1.836900
2.047529
2.250220
2.444034
2.628295
2.802132
2.964575
3.115165
3.253483
3.378885
3.490860
3.589323
3.674064
3.744729
3.801277
3.843874
3.872495
3.887148
3.888195
3.875908
3.850415
3.812110
3.761585
3.699102
3.624986
3.539974
3.444646
3.339273
3.224419
3.100960
2.969408
2.830031
2.683544
2.530912
2.372477
2.208510
2.039889
1.867436
1.691425
1.512136
1.330503
1.147189
0.962410
0.776468
0.590227
0.404318
0.218801
0.034029
-0.149163
-0.330244
-0.509218
-0.685748
-0.858990
-1.028478
-1.194305
-1.356107
-1.513009
-1.664677
-1.811226
-1.952253
-2.086833
-2.214773
-2.336212
-2.450626
-2.557144
-2.655704
-2.746427
-2.828661
-2.901664
-2.965507
-3.020202
-3.065118
-3.099634
-3.123930
-3.138000
-3.141227
-3.133252
-3.114285
-3.084377
-3.043013
-2.990055
-2.925900
-2.850613
-2.763937
-2.665987
-2.557305
-2.438125
-2.308447
-2.168704
-2.019616
-1.861642
-1.695050
-1.520589
-1.339213
-1.151548
-0.958213
-0.760241
-0.558790
-0.354583
-0.148600
0.057875
0.263703
0.467969
0.669428
0.866735
1.058844
1.244693
1.422917
1.592365
1.752154
1.901162
2.038124
2.162296
2.272993
2.369208
2.450031
2.515239
2.564424
2.596852
2.612219
2.610857
2.592694
2.557443
2.505541
2.437830
2.354610
2.256191
2.143712
2.018419
1.881052
1.732486
1.574425
1.408440
1.235563
1.057198
0.875346
0.691703
0.507555
0.324536
0.144688
-0.030310
-0.199194
-0.360376
-0.511999
-0.652633
-0.781317
-0.896755
-0.997496
-1.082610
-1.151616
-1.203740
-1.238093
-1.254442
-1.252979
-1.233464
-1.195757
-1.140436
-1.068298
-0.979758
-0.875373
-0.756491
-0.624471
-0.480215
-0.324953
-0.160646
0.011026
0.188821
0.370997
0.555287
0.739965
0.923622
1.104250
1.279647
1.448318
1.608884
1.759400
1.898057
2.023831
2.135568
2.231697
2.311130
2.373340
2.417648
2.443071
2.449387
2.436632
2.404645
2.353311
2.283128
2.194766
2.088550
1.965222
1.825935
1.671715
1.503502
1.322656
1.130731
0.928967
0.718778
0.501924
0.280003
0.054346
-0.173356
-0.401338
-0.628170
-0.852610
-1.072926
-1.287634
-1.495772
-1.696185
-1.887466
-2.068625
-2.239201
-2.398342
-2.545012
-2.678996
-2.800272
-2.908297
-3.002650
-3.083790
-3.152050
-3.207207
-3.249529
-3.279923
-3.299001
-3.306865
-3.304302
-3.292545
-3.272223
-3.243793
-3.208344
-3.167168
-3.120870
-3.070041
-3.015933
-2.959654
-2.901702
-2.842722
-2.783813
-2.725885
-2.669156
-2.614222
-2.561973
-2.512914
-2.467053
-2.424777
-2.386757
-2.353060
-2.323513
-2.298330
-2.277802
-2.261765
-2.249781
-2.241913
-2.238252
-2.238338
-2.241641
-2.248134
-2.257737
-2.269844
-2.283902
-2.299850
-2.317528
-2.336286
-2.355617
-2.375545
-2.395866
-2.415954
-2.435447
-2.454500
-2.472910
-2.490129
-2.505972
-2.520757
-2.534238
-2.546009
-2.556171
-2.565057
-2.572436
-2.578066
-2.582302
-2.585351
-2.587049
-2.587413
-2.586819
-2.585380
-2.582992
-2.579934
-2.576432
-2.572513
-2.568206
-2.563843
-2.559540
-2.555208
-2.551038
-2.547293
-2.543918
-2.540801
-2.538241
-2.536378
-2.534942
-2.533930
-2.533656
-2.534063
-2.534802
-2.535961
-2.537826
-2.540145
-2.542590
-2.545292
-2.548514
-2.551867
-2.555124
-2.558436
-2.562001
-2.565406
-2.568447
-2.571386
-2.574289
-2.576839
-2.578853
-2.580617
-2.582227
-2.583353
-2.583881
-2.584105
-2.584175
-2.583690
-2.582626
-2.581389
-2.580048
-2.578185
-2.575918
-2.573627
-2.571329
-2.568617
-2.565714
-2.563017
-2.560310
-2.557390
-2.554543
-2.551995
-2.549489
-2.546956
-2.544732
-2.542790
-2.540935
-2.539271
-2.537962
-2.536875
-2.535914
-2.535299
-2.534976
-2.534743
-2.534729
-2.535081
-2.535553
-2.536034
-2.536757
-2.537809
-2.538732
-2.539631
-2.540819
-2.542143
-2.543166
-2.544162
-2.545420
-2.546589
-2.547373
-2.548170
-2.549164
-2.549885
-2.550187
-2.550568
-2.551067
-2.551128
-2.550891
-2.550764
-2.550648
-2.550053
-2.549282
-2.548700
-2.548007
-2.546905
-2.545741
-2.544818
-2.543716
-2.542309
-2.541010
-2.539918
-2.538615
-2.537119
-2.535879
-2.534793
-2.533486
-2.532150
-2.531129
-2.530224
-2.529073
-2.528046
-2.527359
-2.526661
-2.525785
-2.525159
-2.524823
-2.524378
-2.523823
-2.523588
-2.523543
-2.523300
-2.523030
-2.523094
-2.523201
-2.523039
-2.522959
-2.523184
-2.523296
-2.523142
-2.523155
-2.523390
-2.523365
-2.523137
-2.523109
-2.523190
-2.522919
-2.522519
-2.522363
-2.522156
-2.521606
-2.520989
-2.520638
-2.520070
-2.519186
-2.518404
-2.517783
-2.516885
-2.515746
-2.514793
-2.513928
-2.512736
-2.511427
-2.510365
-2.509297
-2.507898
-2.506523
-2.505449
-2.504226
-2.502757
-2.501444
-2.500384
-2.499108
-2.497680
-2.496531
-2.495544
-2.494305
-2.493041
-2.492120
-2.491250
-2.490130
-2.489118
-2.488443
-2.487705
-2.486761
-2.486049
-2.485628
-2.485030
-2.484308
-2.483897
-2.483677
-2.483201
-2.482715
-2.482575
-2.482485
-2.482120
-2.481856
-2.481920
-2.481901
-2.481626
-2.481568
-2.481758
-2.481750
-2.481575
-2.481664
-2.481914
-2.481884
-2.481805
-2.482012
-2.482232
-2.482170
-2.482158
-2.482457
-2.482625
-2.482551
-2.482656
-2.482986
-2.483118
-2.483073
-2.483302
-2.483653
-2.483746
-2.483778
-2.484156
-2.484514
-2.484625
-2.484782
-2.485291
-2.485664
-2.485825
-2.486189
-2.486791
-2.487229
-2.487484
-2.488056
-2.488765
-2.489215
-2.489632
-2.490380
-2.491149
-2.491649
-2.492234
-2.493120
-2.493907
-2.494469
-2.495206
-2.496186
-2.496952
-2.497557
-2.498443
-2.499425
-2.500176
-2.500834
-2.501821
-2.502768
-2.503458
-2.504182
-2.505195
-2.506086
-2.506707
-2.507485
-2.508495
-2.509259
-2.509841
-2.510659
-2.511592
-2.512231
-2.512788
-2.513617
-2.514434
-2.514946
-2.515500
-2.516290
-2.516964
-2.517353
-2.517888
-2.518634
-2.519112
-2.519415
-2.519928
-2.520543
-2.520848
-2.521071
-2.521550
-2.522003
-2.522148
-2.522311
-2.522739
-2.523025
-2.523042
-2.523208
-2.523574
-2.523693
-2.523659
-2.523822
-2.524121
-2.524125
-2.524098
-2.524314
-2.524566
-2.524514
-2.524518
-2.524827
-2.524999
-2.524950
-2.525071
-2.525417
-2.525563
-2.525564
-2.525827
-2.526195
-2.526343
-2.526409
-2.526778
-2.527161
-2.527266
-2.527429
-2.527868
-2.528217
-2.528291
-2.528540
-2.528976
-2.529213
-2.529248
-2.529508
-2.529864
-2.529920
-2.529894
-2.530104
-2.530296
-2.530152
-2.530018
-2.530126
-2.530056
-2.529728
-2.529483
-2.529444
-2.529124
-2.528607
-2.528282
-2.528035
-2.527483
-2.526824
-2.526421
-2.525980
-2.525237
-2.524506
-2.524019
-2.523417
-2.522551
-2.521825
-2.521307
-2.520596
-2.519687
-2.519037
-2.518518
-2.517755
-2.516915
-2.516387
-2.515912
-2.515153
-2.514476
-2.514119
-2.513682
-2.513033
-2.512568
-2.512401
-2.512037
-2.511541
-2.511338
-2.511312
-2.511055
-2.510761
-2.510807
-2.510892
-2.510708
-2.510622
-2.510822
-2.510954
-2.510832
-2.510866
-2.511177
-2.511237
-2.511138
-2.511252
-2.511508
-2.511448
-2.511283
-2.511389
-2.511469
-2.511207
-2.510946
-2.510924
-2.510736
-2.510236
-2.509834
-2.509629
-2.509118
-2.508401
-2.507857
-2.507415
-2.506627
-2.505712
-2.505064
-2.504385
-2.503362
-2.502353
-2.501617
-2.500742
-2.499574
-2.498586
-2.497803
-2.496820
-2.495659
-2.494774
-2.494027
-2.493027
-2.491997
-2.491304
-2.490653
-2.489751
-2.488958
-2.488515
-2.487989
-2.487276
-2.486789
-2.486577
-2.486210
-2.485711
-2.485540
-2.485552
-2.485327
-2.485074
-2.485182
-2.485319
-2.485205
-2.485184
-2.485484
-2.485688
-2.485666
-2.485808
-2.486211
-2.486380
-2.486393
-2.486652
-2.487064
-2.487154
-2.487170
-2.487490
-2.487801
-2.487782
-2.487793
-2.488106
-2.488251
-2.488129
-2.488164
-2.488405
-2.488407
-2.488214
-2.488268
-2.488442
-2.488316
-2.488124
-2.488238
-2.488355
-2.488176
-2.488094
-2.488310
-2.488440
-2.488329
-2.488431
-2.488792
-2.488954
-2.489013
-2.489353
-2.489890
-2.490185
-2.490484
-2.491150
-2.491859
-2.492345
-2.492942
-2.493913
-2.494812
-2.495527
-2.496480
-2.497699
-2.498774
-2.499700
-2.500960
-2.502368
-2.503539
-2.504685
-2.506155
-2.507658
-2.508876
-2.510168
-2.511752
-2.513199
-2.514402
-2.515764
-2.517329
-2.518646
-2.519769
-2.521121
-2.522552
-2.523671
-2.524672
-2.525910
-2.527103
-2.527948
-2.528800
-2.529871
-2.530755
-2.531336
-2.532020
-2.532858
-2.533421
-2.533751
-2.534254
-2.534840
-2.535078
-2.535197
-2.535581
-2.535886
-2.535892
-2.535903
-2.536173
-2.536271
-2.536113
-2.536093
-2.536257
-2.536217
-2.535980
-2.535997
-2.536109
-2.535961
-2.535757
-2.535833
-2.535920
-2.535729
-2.535607
-2.535777
-2.535850
-2.535687
-2.535693
-2.535953
-2.536001
-2.535893
-2.536063
-2.536330
-2.536380
-2.536339
-2.536612
-2.536871
-2.536873
-2.536918
-2.537244
-2.537455
-2.537414
-2.537540
-2.537869
-2.537974
-2.537895
-2.538066
-2.538340
-2.538330
-2.538244
-2.538419
-2.538579
-2.538444
-2.538340
-2.538496
-2.538517
-2.538275
-2.538154
-2.538253
-2.538109
-2.537793
-2.537696
-2.537707
-2.537432
-2.537072
-2.536975
-2.536884
-2.536485
-2.536126
-2.536038
-2.535815
-2.535328
-2.534988
-2.534840
-2.534491
-2.533934
-2.533597
-2.533388
-2.532890
-2.532303
-2.531983
-2.531670
-2.531048
-2.530445
-2.530133
-2.529668
-2.528955
-2.528387
-2.528027
-2.527449
-2.526679
-2.526148
-2.525736
-2.525031
-2.524242
-2.523744
-2.523250
-2.522456
-2.521703
-2.521249
-2.520663
-2.519816
-2.519133
-2.518662
-2.517986
-2.517126
-2.516531
-2.516052
-2.515308
-2.514501
-2.513980
-2.513473
-2.512658
-2.511905
-2.511448
-2.510873
-2.510056
-2.509380
-2.508946
-2.508282
-2.507430
-2.506816
-2.506321
-2.505534
-2.504665
-2.504071
-2.503475
-2.502554
-2.501667
-2.501051
-2.500309
-2.499259
-2.498347
-2.497653
-2.496716
-2.495575
-2.494672
-2.493876
-2.492782
-2.491597
-2.490697
-2.489790
-2.488572
-2.487416
-2.486543
-2.485570
-2.484330
-2.483256
-2.482443
-2.481417
-2.480239
-2.479339
-2.478606
-2.477613
-2.476595
-2.475914
-2.475269
-2.474387
-2.473622
-2.473163
-2.472645
-2.471919
-2.471434
-2.471211
-2.470798
-2.470284
-2.470065
-2.470015
-2.469691
-2.469360
-2.469382
-2.469394
-2.469131
-2.468956
-2.469098
-2.469119
-2.468858
-2.468786
-2.468954
-2.468873
-2.468568
-2.468525
-2.468637
-2.468395
-2.468031
-2.468005
-2.467973
-2.467576
-2.467187
-2.467144
-2.466985
-2.466530
-2.466232
-2.466259
-2.466088
-2.465727
-2.465679
-2.465849
-2.465835
-2.465827
-2.466198
-2.466701
-2.467085
-2.467635
-2.468563
-2.469532
-2.470505
-2.471749
-2.473279
-2.474805
-2.476440
-2.478374
-2.480417
-2.482448
-2.484656
-2.487058
-2.489399
-2.491750
-2.494263
-2.496776
-2.499095
-2.501437
-2.503847
-2.506034
-2.507936
-2.509883
-2.511733
-2.513164
-2.514315
-2.515481
-2.516413
-2.516805
-2.517004
-2.517194
-2.517026
-2.516372
-2.515644
-2.514910
-2.513783
-2.512320
-2.510948
-2.509620
-2.508001
-2.506276
-2.504843
-2.503552
-2.502156
-2.500926
-2.500176
-2.499663
-2.499264
-2.499257
-2.499886
-2.500875
-2.502110
-2.503899
-2.506367
-2.509225
-2.512355
-2.516090
-2.520406
-2.524918
-2.529693
-2.534946
-2.540527
-2.546055
-2.551641
-2.557418
-2.563109
-2.568396
-2.573403
-2.578210
-2.582428
-2.585842
-2.588605
-2.590706
-2.591758
-2.591614
-2.590515
-2.588372
-2.584821
-2.579899
-2.573838
-2.566503
-2.557668
-2.547526
-2.536355
-2.524017
-2.510414
-2.495869
-2.480735
-2.464853
-2.448249
-2.431440
-2.414778
-2.398041
-2.381486
-2.365715
-2.350981
-2.337126
-2.324477
-2.313728
-2.304968
-2.298050
-2.293427
-2.291708
-2.292755
-2.296458
-2.303304
-2.313683
-2.327260
-2.343925
-2.364099
-2.387892
-2.414740
-2.444537
-2.477540
-2.513509
-2.551709
-2.592009
-2.634457
-2.678415
-2.723148
-2.768467
-2.814076
-2.859109
-2.902878
-2.945104
-2.985175
-3.022161
-3.055566
-3.084888
-3.109379
-3.128265
-3.141093
-3.147341
-3.146226
-3.137234
-3.120054
-3.094165
-3.058971
-3.014307
-2.960002
-2.895602
-2.820884
-2.736010
-2.641012
-2.535656
-2.420136
-2.294959
-2.160309
-2.016308
-1.863508
-1.702724
-1.534351
-1.358807
-1.177025
-0.989979
-0.798282
-0.602584
-0.404046
-0.203802
-0.002532
0.198963
0.399413
0.597638
0.793036
0.984749
1.171489
1.352225
1.526522
1.693602
1.852241
2.001770
2.141941
2.272161
2.391420
2.499436
2.596325
2.681586
2.754595
2.815582
2.864853
2.902133
2.927212
2.940804
2.943339
2.934744
2.915324
2.886047
2.847414
2.799577
2.743245
2.679513
2.608830
2.531553
2.448668
2.361139
2.269377
2.173869
2.075634
1.975449
1.873551
1.770515
1.667244
1.564107
1.461271
1.359286
1.258698
1.159563
1.061957
0.966233
0.872579
0.780807
0.690841
0.602896
0.516768
0.432058
0.348736
0.266703
0.185482
0.104708
0.024328
-0.056002
-0.136815
-0.218342
-0.300641
-0.384154
-0.469355
-0.556198
-0.644706
-0.735340
-0.828270
-0.923181
-1.020035
-1.119129
-1.220229
-1.322758
-1.426634
-1.531835
-1.637758
-1.743656
-1.849296
-1.954364
-2.057929
-2.159169
-2.257713
-2.353014
-2.444006
-2.529815
-2.610043
-2.684017
-2.750653
-2.809205
-2.859344
-2.900409
-2.931447
-2.951985
-2.961857
-2.960576
-2.947515
-2.922543
-2.885757
-2.836923
-2.775828
-2.702775
-2.618213
-2.522269
-2.415123
-2.297535
-2.170325
-2.033914
-1.888873
-1.736449
-1.577682
-1.413193
-1.243997
-1.071593
-0.897156
-0.721405
-0.545665
-0.371585
-0.200201
-0.032304
0.130635
0.287068
0.436251
0.577406
0.709068
0.830080
0.940059
1.038302
1.123634
1.195376
1.253600
1.297720
1.327008
1.341418
1.341297
1.326414
1.296535
1.252162
1.193934
1.121986
1.036589
0.938669
0.829111
0.708382
0.577155
0.436650
0.287921
0.131700
-0.031077
-0.199062
-0.371098
-0.546334
-0.723734
-0.901941
-1.079801
-1.256484
-1.430995
-1.602064
-1.768662
-1.930073
-2.085524
-2.233824
-2.374175
-2.506145
-2.629062
-2.742022
-2.844511
-2.936345
-3.017038
-3.085958
-3.142927
-3.187995
-3.220854
-3.241122
-3.249017
-3.244766
-3.228144
-3.199176
-3.158319
-3.105872
-3.041772
-2.966412
-2.880406
-2.783984
-2.677454
-2.561415
-2.436517
-2.303073
-2.161588
-2.012845
-1.857456
-1.695880
-1.528863
-1.357170
-1.181462
-1.002309
-0.820562
-0.637028
-0.452384
-0.267296
-0.082580
0.100906
0.282483
0.461436
0.636992
0.808297
0.974672
1.135509
1.290047
1.437506
1.577269
1.708872
1.831665
1.944892
2.048136
2.141133
2.223331
2.294122
2.353374
2.401015
2.436589
2.459793
2.470763
2.469663
2.456206
2.430385
2.392629
2.343312
2.282342
2.209998
2.127018
2.033928
1.930803
1.818254
1.697220
1.568299
1.431801
1.288489
1.139480
0.985361
0.826625
0.664126
0.499042
0.331941
0.163318
-0.005842
-0.174528
-0.342215
-0.508434
-0.672236
-0.832732
-0.989640
-1.142461
-1.290369
-1.432758
-1.569521
-1.700236
-1.824281
-1.941349
-2.051411
-2.154147
-2.249211
-2.336572
-2.416262
-2.488090
-2.552040
-2.608299
-2.656785
-2.697595
-2.730960
-2.757113
-2.775983
-2.787898
-2.793306
-2.792341
-2.785038
-2.771898
-2.753475
-2.729761
-2.700918
-2.667704
-2.630527
-2.589402
-2.544602
-2.496975
-2.446795
-2.394061
-2.339301
-2.283185
-2.225996
-2.167788
-2.109178
-2.050680
-1.992551
-1.935019
-1.878581
-1.823653
-1.770555
-1.719529
-1.670870
-1.625029
-1.582344
-1.542913
-1.506917
-1.474788
-1.446813
-1.422854
-1.402978
-1.387666
-1.376932
-1.370433
-1.368141
-1.370470
-1.377158
-1.387566
-1.401720
-1.419792
-1.441124
-1.465011
-1.491426
-1.520218
-1.550428
-1.581405
-1.613017
-1.644691
-1.675431
-1.704625
-1.731981
-1.756682
-1.777790
-1.794842
-1.807358
-1.814491
-1.815532
-1.810097
-1.797675
-1.777579
-1.749423
-1.712968
-1.667793
-1.613570
-1.550298
-1.477842
-1.396099
-1.305206
-1.205423
-1.096889
-0.979964
-0.855119
-0.722947
-0.583893
-0.438678
-0.288189
-0.133149
0.025692
0.187199
0.350403
0.514459
0.678293
0.840687
1.000697
1.157466
1.309745
1.456484
1.596901
1.730209
1.855253
1.971290
2.077905
2.174448
2.260109
2.334600
2.397906
2.449656
2.489524
2.517799
2.534843
2.540627
2.535427
2.520030
2.495098
2.461044
2.418667
2.369080
2.313182
2.251796
2.186055
2.117166
2.046207
1.974222
1.902431
1.831982
1.763927
1.699330
1.639207
1.584454
1.536004
1.494651
1.461014
1.435609
1.418998
1.411516
1.413273
1.424346
1.444843
1.474535
1.512907
1.559681
1.614468
1.676315
1.744384
1.817961
1.896087
1.977489
2.061006
2.145682
2.230108
2.312853
2.392757
2.468643
2.539002
2.602523
2.658238
2.704926
2.741275
2.766399
2.779596
2.779847
2.766384
2.738821
2.696900
2.640045
2.568077
2.481324
2.379902
2.263840
2.133704
1.990354
1.834388
1.666447
1.487695
1.299400
1.102651
0.898491
0.688569
0.474468
0.257458
0.038946
-0.179289
-0.395544
-0.608528
-0.816779
-1.018571
-1.212368
-1.397035
-1.571331
-1.733781
-1.883226
-2.018922
-2.139931
-2.245316
-2.334378
-2.406855
-2.462319
-2.500316
-2.520847
-2.524079
-2.510116
-2.479079
-2.431505
-2.368023
-2.289167
-2.195628
-2.088299
-1.968209
-1.836212
-1.693370
-1.540896
-1.379918
-1.211553
-1.037040
-0.857710
-0.674630
-0.489038
-0.302275
-0.115392
0.070545
0.254344
0.434876
0.611292
0.782715
0.948117
1.106668
1.257854
1.400926
1.535199
1.660154
1.775518
1.880781
1.975603
2.059794
2.133240
2.195682
2.247088
2.287589
2.317078
2.335648
2.343508
2.340825
2.327731
2.304505
2.271542
2.229048
2.177213
2.116657
2.047742
1.970749
1.886000
1.794300
1.696031
1.591423
1.481090
1.365885
1.246188
1.122261
0.994996
0.865198
0.733209
0.599524
0.465142
0.330794
0.196857
0.064045
-0.066648
-0.194587
-0.319294
-0.439933
-0.555628
-0.665849
-0.770032
-0.867342
-0.957129
-1.038952
-1.112257
-1.176384
-1.230972
-1.275681
-1.310072
-1.333857
-1.346914
-1.349158
-1.340417
-1.320722
-1.290371
-1.249493
-1.198227
-1.137081
-1.066625
-0.987228
-0.899465
-0.804187
-0.702257
-0.594305
-0.481208
-0.364101
-0.244026
-0.121823
0.001515
0.124628
0.246422
0.366063
0.482520
0.594381
0.700670
0.800749
0.893626
0.978073
1.053405
1.119299
1.174953
1.219442
1.252632
1.274477
1.284543
1.282345
1.268269
1.242688
1.205426
1.156684
1.097198
1.027745
0.948527
0.860226
0.763930
0.660663
0.551071
0.436016
0.316895
0.194901
0.070816
-0.054332
-0.179043
-0.302124
-0.422797
-0.540095
-0.652516
-0.759089
-0.859204
-0.952055
-1.036349
-1.111453
-1.177090
-1.232660
-1.277282
-1.310683
-1.332994
-1.343903
-1.342934
-1.330332
-1.306533
-1.271491
-1.225240
-1.168430
-1.101686
-1.025310
-0.939735
-0.845834
-0.744432
-0.636057
-0.521431
-0.401548
-0.277291
-0.149359
-0.018582
0.114082
0.247735
0.381598
0.514923
0.646895
0.776599
0.903387
1.026697
1.145786
1.259884
1.368563
1.471439
1.567914
1.657418
1.739780
1.814813
1.882069
1.941172
1.992255
2.035226
2.069788
2.095837
2.113684
2.123318
2.124588
2.117710
2.102998
2.080564
2.050358
2.012821
1.968296
1.916930
1.858877
1.794657
1.724609
1.648960
1.567997
1.482249
1.392120
1.297852
1.199851
1.098688
0.994719
0.888277
0.779870
0.670009
0.559049
0.447438
0.335703
0.224293
0.113592
0.004169
-0.103554
-0.209142
-0.312188
-0.412112
-0.508502
-0.601068
-0.689320
-0.772695
-0.850963
-0.923842
-0.990832
-1.051495
-1.105746
-1.153325
-1.193772
-1.226865
-1.252599
-1.270817
-1.281080
-1.283415
-1.277947
-1.264485
-1.242923
-1.213419
-1.176163
-1.131090
-1.078279
-1.018000
-0.950550
-0.876054
-0.794752
-0.706990
-0.613130
-0.513521
-0.408482
-0.298397
-0.183748
-0.065076
0.057331
0.183018
0.311353
0.441768
0.574007
0.707482
0.841502
0.975535
1.109284
1.242165
1.373359
1.502501
1.629257
1.752926
1.872866
1.988693
2.100066
2.206308
2.306915
2.401515
2.489810
2.571205
2.645277
2.711764
2.770338
2.820656
2.862355
2.895211
2.919058
2.933738
2.938968
2.934617
2.920796
2.897415
2.864334
2.821636
2.769607
2.708344
2.637822
2.558403
2.470524
2.374431
2.270303
2.158717
2.040335
1.915433
1.784479
1.648236
1.507397
1.362457
1.214003
1.062928
0.909979
0.755776
0.600998
0.446523
0.293106
0.141394
-0.007912
-0.154082
-0.296375
-0.434181
-0.566992
-0.694180
-0.815133
-0.929444
-1.036807
-1.136801
-1.228988
-1.313240
-1.389558
-1.457710
-1.517523
-1.569185
-1.612985
-1.648865
-1.677003
-1.697894
-1.712046
-1.719567
-1.720892
-1.716870
-1.708018
-1.694619
-1.677329
-1.657103
-1.634495
-1.609796
-1.583816
-1.557523
-1.531254
-1.505333
-1.480534
-1.457695
-1.436839
-1.418239
-1.402592
-1.390307
-1.381184
-1.375382
-1.373336
-1.374994
-1.379956
-1.388177
-1.399753
-1.414268
-1.431120
-1.450083
-1.470886
-1.492898
-1.515350
-1.537879
-1.559967
-1.580878
-1.599822
-1.616279
-1.629735
-1.639442
-1.644708
-1.645028
-1.640006
-1.629029
-1.611565
-1.587372
-1.556201
-1.517759
-1.471780
-1.418190
-1.357189
-1.288794
-1.212922
-1.130001
-1.040555
-0.944814
-0.843116
-0.736230
-0.624970
-0.509791
-0.391322
-0.270644
-0.148721
-0.026154
0.096224
0.217176
0.335731
0.451260
0.562846
0.669299
0.769755
0.863727
0.950347
1.028630
1.098002
1.158170
1.208489
1.248295
1.277423
1.295868
1.303219
1.299309
1.284339
1.258656
1.222209
1.175190
1.118333
1.052163
0.976976
0.893357
0.802401
0.704852
0.601194
0.492408
0.379693
0.263930
0.145772
0.026331
-0.093034
-0.211620
-0.328687
-0.443037
-0.553507
-0.659496
-0.760400
-0.855018
-0.942546
-1.022628
-1.094733
-1.157913
-1.211750
-1.256183
-1.290765
-1.314965
-1.328755
-1.332297
-1.325326
-1.307722
-1.279832
-1.241992
-1.194137
-1.136550
-1.069876
-0.994424
-0.910485
-0.818622
-0.719584
-0.613730
-0.501581
-0.383919
-0.261428
-0.134546
-0.003946
0.129500
0.265246
0.402850
0.541455
0.680311
0.819022
0.957100
1.093628
1.228069
1.360198
1.489399
1.614879
1.736328
1.853588
1.966016
2.072941
2.174304
2.269983
2.359255
2.441768
2.517553
2.586485
2.647931
2.701709
2.748045
2.786662
2.817118
2.839435
2.853891
2.860192
2.858019
2.847653
2.829317
2.802754
2.767874
2.725089
2.674613
2.616267
2.550168
2.476870
2.396569
2.309141
2.215002
2.114734
2.008492
1.896384
1.778976
1.656880
1.530245
1.399366
1.264967
1.127577
0.987410
0.844863
0.700837
0.555719
0.409655
0.263343
0.117560
-0.027447
-0.171437
-0.313675
-0.453461
-0.590790
-0.725299
-0.856284
-0.983312
-1.106419
-1.225289
-1.339245
-1.448223
-1.552281
-1.651172
-1.744408
-1.832069
-1.914417
-1.991171
-2.062097
-2.127477
-2.187646
-2.242385
-2.291662
-2.335938
-2.375545
-2.410359
-2.440510
-2.466563
-2.488821
-2.507268
-2.522089
-2.533962
-2.543088
-2.549474
-2.553432
-2.555572
-2.556039
-2.554793
-2.552279
-2.548970
-2.544891
-2.540006
-2.534809
-2.529583
-2.524222
-2.518799
-2.513699
-2.509005
-2.504576
-2.500518
-2.497124
-2.494298
-2.491865
-2.490037
-2.488901
-2.488238
-2.487966
-2.488311
-2.489172
-2.490287
-2.491718
-2.493644
-2.495815
-2.498014
-2.500399
-2.503092
-2.505727
-2.508226
-2.510837
-2.513527
-2.515985
-2.518200
-2.520523
-2.522774
-2.524649
-2.526365
-2.528145
-2.529787
-2.531049
-2.532269
-2.533592
-2.534737
-2.535625
-2.536592
-2.537760
-2.538753
-2.539639
-2.540734
-2.542047
-2.543264
-2.544456
-2.545964
-2.547649
-2.549277
-2.550950
-2.552956
-2.555076
-2.557082
-2.559201
-2.561581
-2.563998
-2.566236
-2.568569
-2.571108
-2.573541
-2.575751
-2.578006
-2.580383
-2.582482
-2.584328
-2.586210
-2.588068
-2.589564
-2.590789
-2.592033
-2.593147
-2.593830
-2.594294
-2.594805
-2.595109
-2.594972
-2.594715
-2.594524
-2.594070
-2.593247
-2.592438
-2.591717
-2.590726
-2.589520
-2.588465
-2.587472
-2.586255
-2.584992
-2.583990
-2.583007
-2.581891
-2.580906
-2.580206
-2.579496
-2.578791
-2.578302
-2.578082
-2.577803
-2.577648
-2.577740
-2.577980
-2.578213
-2.578599
-2.579243
-2.579877
-2.580519
-2.581331
-2.582310
-2.583172
-2.584038
-2.585113
-2.586132
-2.586967
-2.587903
-2.588932
-2.589732
-2.590395
-2.591185
-2.591928
-2.592381
-2.592745
-2.593236
-2.593549
-2.593549
-2.593550
-2.593671
-2.593494
-2.593062
-2.592772
-2.592511
-2.591919
-2.591194
-2.590672
-2.590120
-2.589227
-2.588356
-2.587723
-2.586979
-2.585962
-2.585111
-2.584482
-2.583660
-2.582691
-2.581991
-2.581431
-2.580666
-2.579844
-2.579382
-2.578951
-2.578300
-2.577740
-2.577520
-2.577231
-2.576735
-2.576460
-2.576476
-2.576308
-2.576015
-2.576014
-2.576166
-2.576084
-2.575947
-2.576144
-2.576343
-2.576284
-2.576274
-2.576583
-2.576762
-2.576685
-2.576745
-2.577031
-2.577081
-2.576918
-2.576978
-2.577131
-2.576971
-2.576695
-2.576656
-2.576590
-2.576160
-2.575734
-2.575512
-2.575140
-2.574429
-2.573816
-2.573359
-2.572620
-2.571634
-2.570808
-2.570066
-2.568959
-2.567726
-2.566701
-2.565656
-2.564232
-2.562793
-2.561599
-2.560232
-2.558551
-2.556980
-2.555612
-2.553997
-2.552150
-2.550560
-2.549079
-2.547290
-2.545430
-2.543869
-2.542329
-2.540480
-2.538739
-2.537302
-2.535785
-2.534035
-2.532505
-2.531270
-2.529870
-2.528334
-2.527113
-2.526115
-2.524880
-2.523664
-2.522807
-2.522056
-2.521060
-2.520210
-2.519711
-2.519191
-2.518459
-2.517974
-2.517797
-2.517446
-2.516979
-2.516840
-2.516891
-2.516690
-2.516473
-2.516592
-2.516761
-2.516649
-2.516634
-2.516903
-2.517098
-2.517011
-2.517104
-2.517441
-2.517560
-2.517457
-2.517631
-2.517934
-2.517914
-2.517824
-2.518034
-2.518208
-2.518089
-2.517997
-2.518182
-2.518235
-2.518003
-2.517952
-2.518105
-2.518034
-2.517786
-2.517787
-2.517915
-2.517750
-2.517521
-2.517578
-2.517663
-2.517437
-2.517286
-2.517437
-2.517482
-2.517263
-2.517232
-2.517452
-2.517470
-2.517318
-2.517457
-2.517734
-2.517744
-2.517722
-2.518034
-2.518366
-2.518442
-2.518597
-2.519092
-2.519475
-2.519650
-2.520013
-2.520666
-2.521118
-2.521430
-2.522024
-2.522796
-2.523305
-2.523782
-2.524603
-2.525450
-2.526028
-2.526683
-2.527662
-2.528536
-2.529185
-2.530020
-2.531088
-2.531971
-2.532667
-2.533636
-2.534712
-2.535533
-2.536259
-2.537282
-2.538295
-2.539007
-2.539742
-2.540753
-2.541604
-2.542170
-2.542883
-2.543791
-2.544437
-2.544872
-2.545524
-2.546262
-2.546679
-2.547009
-2.547574
-2.548121
-2.548323
-2.548558
-2.549035
-2.549391
-2.549441
-2.549661
-2.550068
-2.550237
-2.550220
-2.550441
-2.550786
-2.550820
-2.550836
-2.551113
-2.551430
-2.551451
-2.551551
-2.551953
-2.552236
-2.552311
-2.552564
-2.553082
-2.553399
-2.553581
-2.554054
-2.554654
-2.555041
-2.555373
-2.556033
-2.556715
-2.557144
-2.557659
-2.558465
-2.559193
-2.559681
-2.560351
-2.561256
-2.561936
-2.562455
-2.563213
-2.564083
-2.564684
-2.565204
-2.565978
-2.566736
-2.567183
-2.567635
-2.568333
-2.568878
-2.569121
-2.569477
-2.570000
-2.570271
-2.570309
-2.570526
-2.570801
-2.570741
-2.570549
-2.570592
-2.570577
-2.570215
-2.569850
-2.569719
-2.569413
-2.568797
-2.568308
-2.567986
-2.567424
-2.566641
-2.566103
-2.565639
-2.564918
-2.564104
-2.563569
-2.563056
-2.562245
-2.561507
-2.561067
-2.560544
-2.559775
-2.559195
-2.558892
-2.558375
-2.557722
-2.557345
-2.557144
-2.556694
-2.556218
-2.556053
-2.555950
-2.555571
-2.555290
-2.555321
-2.555265
-2.554975
-2.554848
-2.555009
-2.554926
-2.554696
-2.554707
-2.554861
-2.554723
-2.554494
-2.554544
-2.554585
-2.554301
-2.554035
-2.554037
-2.553875
-2.553419
-2.553071
-2.552924
-2.552489
-2.551834
-2.551361
-2.550986
-2.550277
-2.549427
-2.548858
-2.548223
-2.547262
-2.546302
-2.545596
-2.544736
-2.543580
-2.542575
-2.541771
-2.540744
-2.539521
-2.538547
-2.537701
-2.536577
-2.535386
-2.534516
-2.533672
-2.532554
-2.531503
-2.530795
-2.529977
-2.528934
-2.528098
-2.527544
-2.526808
-2.525924
-2.525356
-2.524968
-2.524337
-2.523698
-2.523394
-2.523161
-2.522669
-2.522267
-2.522217
-2.522078
-2.521726
-2.521570
-2.521699
-2.521613
-2.521376
-2.521417
-2.521610
-2.521514
-2.521366
-2.521522
-2.521707
-2.521560
-2.521488
-2.521707
-2.521779
-2.521591
-2.521562
-2.521761
-2.521712
-2.521480
-2.521502
-2.521633
-2.521466
-2.521211
-2.521266
-2.521306
-2.521041
-2.520852
-2.520936
-2.520932
-2.520668
-2.520597
-2.520790
-2.520756
-2.520574
-2.520693
-2.520982
-2.521025
-2.521039
-2.521423
-2.521850
-2.522039
-2.522338
-2.522988
-2.523586
-2.523970
-2.524611
-2.525542
-2.526316
-2.526978
-2.527964
-2.529122
-2.530036
-2.530942
-2.532201
-2.533507
-2.534532
-2.535671
-2.537096
-2.538460
-2.539544
-2.540832
-2.542349
-2.543644
-2.544758
-2.546127
-2.547620
-2.548805
-2.549900
-2.551285
-2.552634
-2.553664
-2.554699
-2.556009
-2.557161
-2.558007
-2.559009
-2.560180
-2.561104
-2.561816
-2.562740
-2.563752
-2.564449
-2.565059
-2.565934
-2.566803
-2.567351
-2.567934
-2.568796
-2.569531
-2.570001
-2.570646
-2.571513
-2.572173
-2.572660
-2.573414
-2.574299
-2.574922
-2.575505
-2.576389
-2.577278
-2.577907
-2.578575
-2.579558
-2.580409
-2.581007
-2.581763
-2.582751
-2.583484
-2.584038
-2.584811
-2.585700
-2.586262
-2.586736
-2.587448
-2.588119
-2.588430
-2.588757
-2.589294
-2.589658
-2.589691
-2.589851
-2.590152
-2.590193
-2.589967
-2.589946
-2.589970
-2.589672
-2.589231
-2.589054
-2.588806
-2.588247
-2.587685
-2.587382
-2.586909
-2.586176
-2.585591
-2.585202
-2.584593
-2.583809
-2.583281
-2.582881
-2.582220
-2.581508
-2.581107
-2.580737
-2.580099
-2.579554
-2.579329
-2.579003
-2.578464
-2.578135
-2.578060
-2.577806
-2.577428
-2.577317
-2.577371
-2.577190
-2.576973
-2.577061
-2.577195
-2.577046
-2.576974
-2.577192
-2.577304
-2.577174
-2.577215
-2.577473
-2.577512
-2.577367
-2.577463
-2.577660
-2.577575
-2.577390
-2.577469
-2.577540
-2.577287
-2.577059
-2.577071
-2.576945
-2.576517
-2.576210
-2.576106
-2.575706
-2.575117
-2.574729
-2.574413
-2.573800
-2.573059
-2.572569
-2.572054
-2.571199
-2.570346
-2.569746
-2.568995
-2.567942
-2.567009
-2.566299
-2.565338
-2.564172
-2.563227
-2.562403
-2.561286
-2.560071
-2.559170
-2.558243
-2.557051
-2.555890
-2.555056
-2.554085
-2.552874
-2.551864
-2.551065
-2.550099
-2.548971
-2.548121
-2.547423
-2.546475
-2.545490
-2.544817
-2.544185
-2.543269
-2.542435
-2.541909
-2.541283
-2.540417
-2.539724
-2.539299
-2.538638
-2.537821
-2.537246
-2.536837
-2.536131
-2.535352
-2.534867
-2.534431
-2.533665
-2.532956
-2.532528
-2.531991
-2.531184
-2.530544
-2.530158
-2.529530
-2.528743
-2.528209
-2.527834
-2.527170
-2.526477
-2.526105
-2.525745
-2.525147
-2.524644
-2.524460
-2.524177
-2.523719
-2.523477
-2.523504
-2.523349
-2.523104
-2.523167
-2.523396
-2.523402
-2.523379
-2.523740
-2.524084
-2.524181
-2.524361
-2.524872
-2.525250
-2.525351
-2.525637
-2.526156
-2.526405
-2.526388
-2.526617
-2.526951
-2.526892
-2.526633
-2.526685
-2.526662
-2.526207
-2.525677
-2.525454
-2.525023
-2.524165
-2.523414
-2.522897
-2.522116
-2.521036
-2.520197
-2.519553
-2.518612
-2.517612
-2.516927
-2.516356
-2.515598
-2.514988
-2.514731
-2.514527
-2.514346
-2.514454
-2.514866
-2.515327
-2.515998
-2.517016
-2.518212
-2.519530
-2.521180
-2.523103
-2.525057
-2.527197
-2.529684
-2.532237
-2.534720
-2.537414
-2.540350
-2.543093
-2.545707
-2.548472
-2.551255
-2.553631
-2.555786
-2.558017
-2.560064
-2.561531
-2.562757
-2.563945
-2.564754
-2.564960
-2.564871
-2.564718
-2.564119
-2.562958
-2.561595
-2.560206
-2.558465
-2.556295
-2.554075
-2.552011
-2.549750
-2.547283
-2.545025
-2.543178
-2.541343
-2.539551
-2.538314
-2.537696
-2.537270
-2.537154
-2.537868
-2.539310
-2.541041
-2.543298
-2.546502
-2.550338
-2.554436
-2.559129
-2.564601
-2.570438
-2.576323
-2.582641
-2.589305
-2.595873
-2.602176
-2.608448
-2.614473
-2.619773
-2.624368
-2.628347
-2.631341
-2.633070
-2.633646
-2.632974
-2.630683
-2.626802
-2.621423
-2.614305
-2.605325
-2.594687
-2.582467
-2.568458
-2.552779
-2.535849
-2.517631
-2.498124
-2.477642
-2.456696
-2.435291
-2.413565
-2.392132
-2.371421
-2.351467
-2.332622
-2.315577
-2.300695
-2.288005
-2.278005
-2.271362
-2.268232
-2.268684
-2.273208
-2.282291
-2.295873
-2.313931
-2.336905
-2.364934
-2.397681
-2.435042
-2.477214
-2.523925
-2.574565
-2.628898
-2.686799
-2.747537
-2.810312
-2.874723
-2.940279
-3.005896
-3.070620
-3.133953
-3.195041
-3.252574
-3.305631
-3.353617
-3.395454
-3.429827
-3.456006
-3.473380
-3.480808
-3.477213
-3.462198
-3.435236
-3.395404
-3.342032
-3.275170
-3.194523
-3.099566
-2.990238
-2.867033
-2.730069
-2.579306
-2.415400
-2.239293
-2.051555
-1.852707
-1.644075
-1.426988
-1.202422
-0.971477
-0.735917
-0.497403
-0.257164
-0.016747
0.221887
0.456969
0.687077
0.910609
1.125539
1.330252
1.523441
1.703618
1.869040
2.018431
2.150898
2.265245
2.360255
2.435288
2.489961
2.523664
2.535802
2.526502
2.496069
2.444490
2.371998
2.279425
2.167799
2.037645
1.889995
1.726435
1.548423
1.357033
1.153942
0.941248
0.720658
0.493626
0.262253
0.028803
-0.204929
-0.437430
-0.666425
-0.889756
-1.105968
-1.313565
-1.510459
-1.694961
-1.866072
-2.022618
-2.162893
-2.285980
-2.391455
-2.478529
-2.546225
-2.594411
-2.623314
-2.632586
-2.622126
-2.592568
-2.544604
-2.478493
-2.394852
-2.294990
-2.179914
-2.050404
-1.907669
-1.753390
-1.588768
-1.414868
-1.233378
-1.045949
-0.853808
-0.658217
-0.460908
-0.263358
-0.066572
0.128176
0.319364
0.505960
0.687253
0.862134
1.029545
1.188973
1.340064
1.482057
1.614406
1.737152
1.850321
1.953519
2.046757
2.130580
2.205236
2.270730
2.327558
2.376573
2.418219
2.452738
2.480965
2.503916
2.522026
2.535702
2.545949
2.553672
2.559233
2.563040
2.566107
2.569067
2.572057
2.575481
2.580113
2.586281
2.593799
2.602992
2.614355
2.627754
2.642815
2.659736
2.678669
2.699055
2.720401
2.742828
2.766068
2.789312
2.812071
2.834377
2.855649
2.874933
2.891932
2.906549
2.918010
2.925439
2.928783
2.927836
2.921761
2.909973
2.892632
2.869463
2.839711
2.803239
2.760297
2.710610
2.653704
2.589796
2.519189
2.441720
2.357281
2.266287
2.169098
2.065723
1.956373
1.841553
1.721610
1.596850
1.467658
1.334495
1.197778
1.058006
0.915658
0.770997
0.624671
0.477281
0.329093
0.180424
0.031986
-0.115576
-0.262261
-0.407690
-0.551044
-0.691900
-0.830409
-0.966057
-1.098094
-1.226333
-1.350973
-1.471438
-1.587071
-1.697936
-1.804167
-1.905205
-2.000578
-2.090513
-2.175011
-2.253662
-2.326192
-2.392811
-2.453498
-2.508021
-2.556270
-2.598336
-2.634338
-2.664216
-2.687900
-2.705433
-2.717106
-2.723064
-2.723122
-2.717412
-2.706491
-2.690503
-2.669214
-2.642957
-2.612449
-2.577779
-2.538740
-2.495927
-2.450112
-2.401248
-2.349320
-2.295127
-2.239301
-2.181800
-2.122775
-2.063135
-2.003335
-1.943374
-1.883535
-1.824673
-1.767157
-1.710927
-1.656446
-1.604402
-1.554976
-1.508234
-1.464583
-1.424471
-1.388073
-1.355462
-1.326848
-1.302563
-1.282741
-1.267345
-1.256437
-1.250275
-1.248874
-1.252032
-1.259761
-1.272214
-1.289164
-1.310430
-1.335997
-1.365796
-1.399546
-1.436918
-1.477945
-1.522441
-1.569899
-1.620145
-1.673109
-1.728463
-1.785607
-1.844504
-1.905006
-1.966527
-2.028623
-2.091263
-2.154212
-2.216711
-2.278420
-2.339412
-2.399178
-2.456969
-2.512556
-2.565975
-2.616551
-2.663555
-2.706875
-2.746434
-2.781501
-2.811389
-2.836066
-2.855324
-2.868494
-2.874948
-2.874642
-2.867438
-2.852638
-2.829718
-2.798730
-2.759600
-2.711710
-2.654635
-2.588661
-2.513801
-2.429521
-2.335659
-2.232737
-2.120933
-1.999847
-1.869684
-1.731228
-1.584831
-1.430334
-1.268347
-1.099973
-0.925632
-0.745563
-0.560780
-0.372557
-0.181467
0.011865
0.206066
0.399914
0.592572
0.783104
0.970027
1.152148
1.328478
1.497860
1.659015
1.810769
1.952105
2.081943
2.199338
2.303241
2.392720
2.467137
2.525882
2.568178
2.593443
2.601582
2.592429
2.565540
2.520920
2.459144
2.380373
2.284662
2.172689
2.045614
1.903923
1.748237
1.579957
1.400515
1.210765
1.011859
0.805683
0.593809
0.377249
0.157681
-0.062909
-0.283021
-0.501545
-0.716569
-0.926290
-1.129565
-1.325217
-1.511532
-1.687155
-1.851370
-2.003237
-2.141409
-2.265266
-2.374602
-2.468809
-2.547251
-2.610029
-2.657528
-2.689603
-2.706355
-2.708631
-2.697268
-2.672681
-2.635605
-2.587524
-2.529632
-2.462719
-2.388102
-2.307583
-2.222514
-2.133902
-2.043390
-1.952776
-1.863380
-1.776173
-1.692784
-1.614815
-1.543170
-1.478669
-1.422604
-1.376076
-1.339420
-1.313115
-1.297881
-1.294116
-1.301569
-1.320173
-1.350066
-1.390735
-1.441421
-1.501529
-1.570481
-1.647113
-1.730211
-1.818725
-1.911453
-2.006830
-2.103384
-2.199810
-2.294496
-2.385763
-2.472192
-2.552352
-2.624584
-2.687449
-2.739783
-2.780285
-2.807572
-2.820823
-2.819230
-2.801873
-2.768071
-2.717635
-2.650374
-2.565909
-2.464390
-2.346387
-2.212251
-2.062397
-1.897742
-1.719578
-1.528820
-1.326534
-1.114373
-0.894068
-0.667018
-0.434781
-0.199469
0.036940
0.272848
0.506414
0.735423
0.957909
1.172333
1.376925
1.569628
1.748847
1.913340
2.061687
2.192317
2.304213
2.396606
2.468719
2.519671
2.549109
2.557000
2.543262
2.507755
2.450891
2.373427
2.275867
2.158808
2.023426
1.871008
1.702748
1.519732
1.323650
1.116287
0.899133
0.673681
0.441821
0.205631
-0.033439
-0.273790
-0.513422
-0.750500
-0.983663
-1.211568
-1.432385
-1.644666
-1.847570
-2.039980
-2.220561
-2.388499
-2.543484
-2.684824
-2.811777
-2.924313
-3.022583
-3.106416
-3.175771
-3.231254
-3.273464
-3.302626
-3.319457
-3.324994
-3.320030
-3.305279
-3.281904
-3.251173
-3.213871
-3.171107
-3.124262
-3.074410
-3.022356
-2.969330
-2.916658
-2.864948
-2.814967
-2.767906
-2.724584
-2.685200
-2.650355
-2.620914
-2.597102
-2.578679
-2.566044
-2.559551
-2.558768
-2.563207
-2.572904
-2.587665
-2.606593
-2.628996
-2.654605
-2.682694
-2.712173
-2.742255
-2.772377
-2.801545
-2.828651
-2.852983
-2.873739
-2.889936
-2.900738
-2.905463
-2.903386
-2.893764
-2.876028
-2.849714
-2.814325
-2.769528
-2.715182
-2.651057
-2.577033
-2.493265
-2.399981
-2.297341
-2.185619
-2.065427
-1.937400
-1.801987
-1.659834
-1.512011
-1.359355
-1.202627
-1.042737
-0.880909
-0.718267
-0.555593
-0.393941
-0.234627
-0.078808
0.072841
0.219302
0.359250
0.491795
0.616435
0.732270
0.838196
0.933636
1.018506
1.092011
1.153446
1.202740
1.240076
1.264906
1.277021
1.276847
1.264715
1.240601
1.204669
1.157726
1.100299
1.032781
0.955720
0.870037
0.776578
0.675966
0.568958
0.456521
0.339648
0.219135
0.095706
-0.029715
-0.156046
-0.282589
-0.408735
-0.533675
-0.656402
-0.776441
-0.893507
-1.006805
-1.115572
-1.219717
-1.319215
-1.413423
-1.501928
-1.585060
-1.662866
-1.735048
-1.801520
-1.862946
-1.919472
-1.971091
-2.018044
-2.061052
-2.100592
-2.136687
-2.169813
-2.200744
-2.229980
-2.257636
-2.284175
-2.310392
-2.336676
-2.363114
-2.390041
-2.418151
-2.447671
-2.478442
-2.510683
-2.544883
-2.580970
-2.618563
-2.657664
-2.698575
-2.740816
-2.783777
-2.827350
-2.871514
-2.915499
-2.958472
-3.000348
-3.040731
-3.078608
-3.113225
-3.144399
-3.171520
-3.193451
-3.209726
-3.220046
-3.223724
-3.219798
-3.208056
-3.188272
-3.159739
-3.121968
-3.074973
-3.018664
-2.952582
-2.876680
-2.791350
-2.696625
-2.592451
-2.479271
-2.357767
-2.228211
-2.090944
-1.946871
-1.796907
-1.641537
-1.481486
-1.318021
-1.152156
-0.984521
-0.816168
-0.648528
-0.482574
-0.319009
-0.159042
-0.004091
0.145068
0.287745
0.422752
0.548899
0.665749
0.772736
0.868843
0.953336
1.026133
1.086904
1.134906
1.170032
1.192532
1.202355
1.199282
1.183693
1.156259
1.117116
1.066649
1.005673
0.935066
0.855323
0.767254
0.672001
0.570531
0.463633
0.352427
0.238176
0.121822
0.004376
-0.112930
-0.228972
-0.342852
-0.453513
-0.559825
-0.660925
-0.756068
-0.844238
-0.924717
-0.996890
-1.060222
-1.113964
-1.157767
-1.191472
-1.214708
-1.227169
-1.228936
-1.220114
-1.200643
-1.170666
-1.130552
-1.080710
-1.021366
-0.952986
-0.876231
-0.791645
-0.699764
-0.601256
-0.496886
-0.387341
-0.273316
-0.155540
-0.034775
0.088209
0.212716
0.338076
0.463594
0.588496
0.712241
0.834314
0.954124
1.071000
1.184606
1.294659
1.400682
1.502196
1.599112
1.691384
1.778571
1.860477
1.937344
2.009132
2.075618
2.136781
2.193128
2.244650
2.291220
2.333099
2.370844
2.404483
2.433922
2.459681
2.482289
2.501686
2.517916
2.531573
2.543114
2.552370
2.559465
2.565099
2.569464
2.572366
2.574030
2.575138
2.575572
2.575147
2.574258
2.573329
2.572099
2.570452
2.568829
2.567427
2.565841
2.564138
2.562751
2.561594
2.560304
2.559064
2.558267
2.557566
2.556748
2.556133
2.555921
2.555710
2.555411
2.555456
2.555798
2.556079
2.556374
2.557061
2.557996
2.558838
2.559830
2.561293
2.562902
2.564470
2.566320
2.568565
2.570928
2.573275
2.575880
2.578845
2.581794
2.584665
2.587727
2.590926
2.593941
2.596697
2.599421
2.601979
2.604065
2.605588
2.606721
2.607322
2.607023
2.605804
2.603793
2.600755
2.596331
2.590574
2.583555
2.575053
2.564686
2.552600
2.538853
2.523119
2.505170
2.485247
2.463305
2.439023
2.412319
2.383510
2.352450
2.318873
2.282945
2.244889
2.204491
2.161580
2.116568
2.069507
2.020145
1.968528
1.915112
1.859774
1.802288
1.742953
1.682095
1.619515
1.555071
1.489221
1.422083
1.353422
1.283248
1.211973
1.139580
1.065883
0.990988
0.915197
0.838440
0.760506
0.681615
0.601918
0.521316
0.439698
0.357248
0.274042
0.189977
0.105053
0.019351
-0.067064
-0.154165
-0.241956
-0.330434
-0.419425
-0.508806
-0.598609
-0.688871
-0.779235
-0.869518
-0.959843
-1.050087
-1.139819
-1.228879
-1.317410
-1.405090
-1.491430
-1.576316
-1.659872
-1.741646
-1.821061
-1.898215
-1.973007
-2.044959
-2.113559
-2.179027
-2.241165
-2.299285
-2.353247
-2.403209
-2.448881
-2.489649
-2.525652
-2.557024
-2.583350
-2.604320
-2.620205
-2.631137
-2.636686
-2.636857
-2.632077
-2.622363
-2.607481
-2.587669
-2.563465
-2.534837
-2.501701
-2.464618
-2.424071
-2.380056
-2.332648
-2.282603
-2.230402
-2.175957
-2.119630
-2.062239
-2.004143
-1.945256
-1.886116
-1.827584
-1.769811
-1.712750
-1.657071
-1.603546
-1.552121
-1.502813
-1.456380
-1.413341
-1.373523
-1.336976
-1.304496
-1.276289
-1.252087
-1.232059
-1.216831
-1.206369
-1.200326
-1.199031
-1.202782
-1.211376
-1.224553
-1.242603
-1.265554
-1.293066
-1.325056
-1.361635
-1.402563
-1.447549
-1.496599
-1.549579
-1.606084
-1.665966
-1.729174
-1.795312
-1.863942
-1.935042
-2.008461
-2.083517
-2.159893
-2.237607
-2.316286
-2.395115
-2.473876
-2.552593
-2.630609
-2.707153
-2.782104
-2.855281
-2.925954
-2.993371
-3.057426
-3.117833
-3.173782
-3.224627
-3.270203
-3.310181
-3.343789
-3.370419
-3.389912
-3.401996
-3.405929
-3.401217
-3.387775
-3.365421
-3.333544
-3.291746
-3.240170
-3.178782
-3.107113
-3.024979
-2.932799
-2.830739
-2.718460
-2.596195
-2.464597
-2.323971
-2.174271
-2.016073
-1.850273
-1.677316
-1.497514
-1.311703
-1.120964
-0.925873
-0.727096
-0.525665
-0.322647
-0.118850
0.084905
0.287547
0.488031
0.685441
0.878940
1.067614
1.250461
1.426618
1.595446
1.756269
1.908228
2.050698
2.183384
2.305896
2.417617
2.518317
2.608179
2.687110
2.754763
2.811467
2.857851
2.893990
2.919980
2.936711
2.945059
2.945305
2.937947
2.924366
2.905488
2.881722
2.853938
2.823712
2.791823
2.758715
2.725553
2.693775
2.663809
2.636156
2.611953
2.592229
2.576991
2.566635
2.562105
2.563686
2.571086
2.584441
2.604192
2.629930
2.661038
2.697342
2.738621
2.783916
2.832385
2.883421
2.936244
2.989559
3.042350
3.093681
3.142338
3.187012
3.226634
3.260048
3.285963
3.303304
3.311077
3.308143
3.293478
3.266445
3.226271
3.172113
3.103532
3.020434
2.922433
2.809253
2.681182
2.538714
2.381949
2.211326
2.027874
1.832646
1.626278
1.409990
1.185326
0.953790
0.716650
0.475463
0.232288
-0.011127
-0.253219
-0.492145
-0.725788
-0.952289
-1.170084
-1.377420
-1.572336
-1.753171
-1.918692
-2.067547
-2.198109
-2.309247
-2.400358
-2.470649
-2.519058
-2.545252
-2.549406
-2.531335
-2.490735
-2.428216
-2.344718
-2.240619
-2.116455
-1.973764
-1.814028
-1.638213
-1.447634
-1.244504
-1.030661
-0.807432
-0.576813
-0.341315
-0.102841
0.137100
0.376064
0.611683
0.842242
1.066174
1.281084
1.484986
1.676656
1.854589
2.016868
2.162120
2.289666
2.398385
2.486967
2.554878
2.601982
2.627711
2.631527
2.613658
2.574564
2.514252
2.432927
2.331516
2.210966
2.071815
1.914916
1.741695
1.553466
1.351200
1.136163
0.910088
0.674514
0.430629
0.179905
-0.075788
-0.334885
-0.596180
-0.858162
-1.119012
-1.377305
-1.631986
-1.881652
-2.124650
-2.359857
-2.586496
-2.803286
-3.008882
-3.202579
-3.383810
-3.551576
-3.704832
-3.843391
-3.966872
-4.074452
-4.165659
-4.240535
-4.298980
-4.340353
-4.364686
-4.372353
-4.363267
-4.337196
-4.294570
-4.235976
-4.161374
-4.070971
-3.965549
-3.845739
-3.711713
-3.564039
-3.403803
-3.231647
-3.048014
-2.853816
-2.650309
-2.438222
-2.218216
-1.991541
-1.759526
-1.522988
-1.282845
-1.040516
-0.797401
-0.554397
-0.312551
-0.073388
0.161715
0.391838
0.615926
0.832422
1.040048
1.238021
1.425390
1.600654
1.762790
1.911305
2.045388
2.163785
2.265836
2.351449
2.420065
2.470716
2.503346
2.518221
2.515142
2.493561
2.454022
2.397240
2.323272
2.232196
2.125009
2.002840
1.866052
1.715238
1.551846
1.377226
1.192089
0.997351
0.794764
0.585831
0.371387
0.152603
-0.068688
-0.290969
-0.513441
-0.734890
-0.953489
-1.168004
-1.377707
-1.581543
-1.777951
-1.965979
-2.145264
-2.314922
-2.473803
-2.621383
-2.757638
-2.881998
-2.993775
-3.092975
-3.179835
-3.254184
-3.315835
-3.365194
-3.402748
-3.428713
-3.443359
-3.447334
-3.441343
-3.425949
-3.401715
-3.369374
-3.329834
-3.283885
-3.232166
-3.175419
-3.114683
-3.050827
-2.984344
-2.915992
-2.846833
-2.777626
-2.708622
-2.640603
-2.574565
-2.510898
-2.449774
-2.391865
-2.337986
-2.288130
-2.242402
-2.201436
-2.165616
-2.134740
-2.108880
-2.088480
-2.073524
-2.063700
-2.059111
-2.059924
-2.065774
-2.076423
-2.091926
-2.112105
-2.136473
-2.164856
-2.197237
-2.233078
-2.271942
-2.313755
-2.358270
-2.404776
-2.452944
-2.502758
-2.553679
-2.604958
-2.656444
-2.708054
-2.759013
-2.808646
-2.856961
-2.903722
-2.947971
-2.989238
-3.027652
-3.062702
-3.093422
-3.119596
-3.141387
-3.158065
-3.168772
-3.173574
-3.172488
-3.164729
-3.149634
-3.127517
-3.098242
-3.061076
-3.015673
-2.962468
-2.901254
-2.831409
-2.752979
-2.666407
-2.571551
-2.467983
-2.356057
-2.236297
-2.108588
-1.972835
-1.829574
-1.679445
-1.522437
-1.358696
-1.188995
-1.014004
-0.833874
-0.648936
-0.460144
-0.268230
-0.073436
0.123752
0.322267
0.521321
0.720662
0.919678
1.117226
1.312571
1.505456
1.695186
1.880634
2.061155
2.236564
2.406112
2.568742
2.723998
2.871727
3.011163
3.141468
3.262350
3.373713
3.474860
3.565220
3.644639
3.713065
3.770020
3.815128
3.848406
3.869861
3.879307
3.876533
3.861675
3.834904
3.796292
3.745771
3.683565
3.610138
3.525711
3.430305
3.324327
3.208467
3.083070
2.948237
2.804573
2.653009
2.493815
2.327287
2.154238
1.975676
1.791855
1.603174
1.410700
1.215318
1.017318
0.817260
0.616265
0.415122
0.214073
0.013814
-0.184575
-0.380493
-0.573705
-0.763426
-0.948761
-1.129308
-1.304806
-1.474530
-1.637778
-1.794380
-1.944093
-2.086335
-2.220649
-2.347025
-2.465323
-2.575091
-2.676156
-2.768661
-2.852576
-2.927679
-2.994005
-3.051912
-3.101404
-3.142466
-3.175364
-3.200548
-3.218142
-3.228240
-3.231415
-3.228106
-3.218489
-3.202845
-3.181878
-3.156004
-3.125388
-3.090558
-3.052199
-3.010672
-2.966195
-2.919445
-2.871047
-2.821226
-2.770324
-2.719023
-2.667829
-2.616908
-2.566631
-2.517687
-2.470389
-2.424880
-2.381582
-2.341074
-2.303523
-2.268912
-2.237823
-2.210638
-2.187304
-2.167887
-2.152878
-2.142489
-2.136469
-2.134927
-2.138226
-2.146351
-2.158937
-2.176100
-2.198074
-2.224524
-2.255045
-2.289728
-2.328545
-2.371023
-2.416589
-2.465319
-2.516930
-2.570724
-2.626159
-2.683157
-2.741201
-2.799461
-2.857443
-2.914829
-2.970960
-3.025011
-3.076408
-3.124724
-3.169238
-3.209155
-3.243875
-3.272940
-3.295709
-3.311417
-3.319542
-3.319697
-3.311380
-3.293942
-3.266994
-3.230384
-3.183809
-3.126758
-3.059106
-2.981036
-2.892425
-2.793000
-2.683018
-2.562969
-2.432940
-2.292931
-2.143641
-1.985866
-1.819798
-1.645858
-1.465094
-1.278501
-1.086377
-0.889489
-0.689244
-0.486574
-0.281969
-0.076435
0.128441
0.331901
0.533395
0.731661
0.925285
1.113674
1.296312
1.471829
1.639158
1.798029
1.947870
2.087543
2.216427
2.334504
2.441322
2.536116
2.618729
2.689391
2.747858
2.793827
2.827590
2.849547
2.859784
2.858450
2.846141
2.823444
2.790764
2.748621
2.697761
2.638965
2.572904
2.500276
2.421896
2.338682
2.251463
2.160936
2.067899
1.973360
1.878133
1.782755
1.687988
1.594825
1.503899
1.415513
1.330401
1.249399
1.172850
1.100833
1.034000
0.972948
0.917665
0.868056
0.824675
0.787821
0.757103
0.732402
0.714112
0.702156
0.695922
0.695308
0.700494
0.711119
0.726437
0.746417
0.771038
0.799639
0.831600
0.866843
0.905204
0.945860
0.988331
1.032566
1.078219
1.124476
1.171021
1.217793
1.264307
1.309865
1.354275
1.397478
1.438907
1.478039
1.514776
1.549050
1.580255
1.608030
1.632429
1.653244
1.669974
1.682384
1.690598
1.694370
1.693255
1.687185
1.676301
1.660312
1.638890
1.612091
1.580059
1.542496
1.499184
1.450351
1.396018
1.335988
1.270185
1.198904
1.122187
1.039840
0.951970
0.858977
0.760862
0.657541
0.549299
0.436613
0.319413
0.197804
0.072263
-0.056780
-0.189376
-0.325221
-0.463639
-0.604310
-0.747182
-0.891769
-1.037304
-1.183536
-1.330329
-1.476965
-1.622712
-1.767404
-1.910704
-2.051785
-2.190033
-2.325319
-2.457131
-2.584599
-2.707329
-2.825132
-2.937350
-3.043214
-3.142558
-3.235082
-3.320045
-3.397014
-3.465897
-3.526276
-3.577521
-3.619506
-3.652142
-3.674994
-3.687639
-3.690293
-3.682778
-3.664712
-3.636061
-3.597167
-3.547854
-3.487836
-3.417594
-3.337429
-3.247153
-3.146860
-3.037257
-2.918653
-2.790925
-2.654587
-2.510463
-2.358770
-2.199671
-2.033933
-1.862414
-1.685305
-1.503065
-1.316627
-1.126732
-0.933678
-0.738155
-0.541142
-0.343209
-0.144827
0.053186
0.250004
0.445139
0.637974
0.827703
1.013728
1.195609
1.372609
1.544131
1.709816
1.869173
2.021549
2.166612
2.304206
2.433788
2.554909
2.667566
2.771683
2.866731
2.952626
3.029613
3.097626
3.156345
3.205916
3.246855
3.279061
3.302408
3.317406
3.324555
3.323875
3.315453
3.300009
3.278030
3.249550
3.214959
3.174967
3.130079
3.080376
3.026380
2.968843
2.908156
2.844480
2.778396
2.710612
2.641362
2.570859
2.499717
2.428496
2.357300
2.286362
2.216305
2.147462
2.079862
2.013777
1.949639
1.887706
1.827891
1.770465
1.715765
1.663872
1.614681
1.568408
1.525318
1.485313
1.448292
1.414456
1.383997
1.356739
1.332572
1.311719
1.294236
1.279907
1.268772
1.260894
1.256354
1.254960
1.256708
1.261767
1.270086
1.281568
1.296199
1.314155
1.335331
1.359633
1.387176
1.417951
1.451919
1.489042
1.529299
1.572662
1.619110
1.668572
1.720884
1.776041
1.833992
1.894517
1.957376
2.022525
2.089866
2.158998
2.229587
2.301582
2.374743
2.448509
2.522511
2.596630
2.670458
2.743331
2.814850
2.884856
2.952791
3.017819
3.079681
3.138142
3.192472
3.241843
3.286113
3.324961
3.357556
3.383242
3.401981
3.413413
3.416686
3.411410
3.397665
3.375051
3.342913
3.301143
3.249937
3.188974
3.117846
3.036780
2.946042
2.845466
2.734995
2.615140
2.486258
2.348423
2.201946
2.047520
1.885647
1.716617
1.541093
1.359852
1.173480
0.982598
0.788041
0.590577
0.390921
0.189907
-0.011589
-0.212863
-0.413067
-0.611302
-0.806846
-0.999045
-1.186981
-1.369847
-1.547157
-1.718329
-1.882509
-2.039122
-2.187979
-2.328509
-2.460073
-2.582523
-2.695779
-2.799458
-2.893200
-2.977236
-3.051604
-3.116120
-3.170840
-3.216201
-3.252386
-3.279380
-3.297683
-3.307842
-3.310044
-3.304617
-3.292323
-3.273639
-3.248824
-3.218503
-3.183514
-3.144186
-3.100815
-3.054296
-3.005258
-2.953873
-2.900587
-2.846238
-2.791255
-2.735639
-2.679866
-2.624673
-2.570125
-2.516152
-2.463185
-2.411676
-2.361463
-2.312362
-2.264730
-2.218684
-2.173904
-2.130120
-2.087491
-2.045964
-2.005083
-1.964503
-1.924221
-1.884098
-1.843627
-1.802368
-1.760280
-1.717258
-1.672721
-1.626247
-1.577870
-1.527544
-1.474700
-1.418969
-1.360660
-1.299651
-1.235502
-1.168129
-1.097918
-1.024867
-0.948634
-0.869430
-0.787778
-0.703726
-0.617192
-0.528631
-0.438600
-0.347197
-0.254668
-0.161586
-0.068437
0.024552
0.116882
0.208015
0.297571
0.385126
0.470140
0.552247
0.631126
0.706240
0.777177
0.843847
0.905945
0.962921
1.014694
1.061411
1.102807
1.138498
1.168727
1.193900
1.213777
1.228264
1.237964
1.243391
1.244455
1.241285
1.234863
1.225687
1.213780
1.199606
1.184202
1.168075
1.151352
1.134625
1.118967
1.104744
1.092116
1.081699
1.074377
1.070376
1.069669
1.072891
1.080553
1.092626
1.108924
1.129838
1.155540
1.185578
1.219679
1.257834
1.299768
1.344811
1.392402
1.442233
1.493617
1.545674
1.597674
1.648968
1.698614
1.745660
1.789278
1.828574
1.862570
1.890427
1.911251
1.924105
1.928243
1.923034
1.907626
1.881346
1.843891
1.794841
1.733650
1.660143
1.574491
1.476625
1.366445
1.244425
1.111216
0.967127
0.812681
0.648978
0.477045
0.297638
0.111882
-0.078624
-0.272585
-0.468880
-0.665850
-0.861664
-1.054999
-1.244403
-1.427939
-1.603932
-1.771118
-1.927905
-2.072447
-2.203543
-2.320071
-2.420585
-2.503809
-2.569042
-2.615582
-2.642396
-2.648983
-2.635374
-2.601320
-2.546497
-2.471318
-2.376466
-2.262339
-2.129403
-1.978925
-1.812230
-1.630280
-1.434378
-1.226430
-1.008242
-0.781296
-0.547487
-0.309099
-0.068179
0.173450
0.413658
0.650073
0.880660
1.103601
1.316853
1.518321
1.706202
1.879051
2.035219
2.173114
2.291533
2.389661
2.466453
2.521057
2.553103
2.562449
2.548920
2.512412
2.453448
2.372649
2.270697
2.148228
2.006544
1.847124
1.671116
1.479907
1.275434
1.059578
0.833934
0.600326
0.361011
0.118066
-0.126809
-0.371649
-0.614189
-0.852527
-1.085130
-1.310201
-1.525813
-1.730505
-1.923179
-2.102432
-2.266946
-2.415956
-2.548975
-2.665120
-2.763871
-2.845281
-2.909407
-2.956113
-2.985665
-2.998792
-2.996128
-2.978230
-2.946004
-2.900729
-2.843464
-2.775231
-2.697440
-2.611613
-2.519063
-2.421029
-2.319142
-2.214896
-2.109559
-2.004390
-1.900877
-1.800298
-1.703570
-1.611792
-1.526067
-1.447141
-1.375567
-1.311976
-1.256925
-1.210606
-1.173056
-1.144395
-1.124528
-1.113145
-1.109769
-1.113949
-1.125144
-1.142507
-1.165132
-1.192260
-1.222920
-1.255958
-1.290279
-1.324898
-1.358723
-1.390459
-1.419006
-1.443486
-1.462757
-1.475738
-1.481572
-1.479569
-1.468889
-1.448745
-1.418693
-1.378438
-1.327491
-1.265630
-1.192912
-1.109401
-1.015141
-0.910484
-0.795959
-0.671999
-0.539264
-0.398539
-0.250671
-0.096546
0.062753
0.226070
0.392432
0.560644
0.729292
0.897187
1.063328
1.226317
1.384653
1.537372
1.683581
1.821804
1.950739
2.069876
2.178403
2.275000
2.358876
2.429924
2.487568
2.530826
2.559505
2.573917
2.573725
2.558486
2.528571
2.484597
2.426545
2.354550
2.269462
2.172029
2.062659
1.941984
1.811008
1.670679
1.521783
1.365201
1.201946
1.033146
0.859849
0.682882
0.503212
0.322096
0.140629
-0.040627
-0.220761
-0.398468
-0.572867
-0.743749
-0.910233
-1.071106
-1.225973
-1.374777
-1.516784
-1.651067
-1.777645
-1.896670
-2.007494
-2.109671
-2.203485
-2.289211
-2.366443
-2.435141
-2.495806
-2.548669
-2.593706
-2.631133
-2.661453
-2.685072
-2.702164
-2.713080
-2.718230
-2.718185
-2.713285
-2.703733
-2.690015
-2.672783
-2.652300
-2.628650
-2.602334
-2.574032
-2.543796
-2.511606
-2.478018
-2.443550
-2.408013
-2.371419
-2.334301
-2.296855
-2.258841
-2.220225
-2.181487
-2.142492
-2.102988
-2.063115
-2.022992
-1.982404
-1.941209
-1.899548
-1.857310
-1.814266
-1.770545
-1.726132
-1.680806
-1.634582
-1.587653
-1.539990
-1.491351
-1.442036
-1.392327
-1.342125
-1.291408
-1.240672
-1.190261
-1.140093
-1.090381
-1.041811
-0.994692
-0.949089
-0.905450
-0.864427
-0.826403
-0.791584
-0.760452
-0.733658
-0.711604
-0.694545
-0.682870
-0.677194
-0.677881
-0.685055
-0.698936
-0.720047
-0.748575
-0.784392
-0.827516
-0.878259
-0.936567
-1.001936
-1.074158
-1.153295
-1.238897
-1.330087
-1.426430
-1.527653
-1.632964
-1.741077
-1.851420
-1.963442
-2.075877
-2.187349
-2.297076
-2.404366
-2.507634
-2.605515
-2.697206
-2.781876
-2.857954
-2.924179
-2.979921
-3.024405
-3.056227
-3.074460
-3.078833
-3.068774
-3.043259
-3.001924
-2.944920
-2.872075
-2.782926
-2.677705
-2.557106
-2.421465
-2.270930
-2.106407
-1.929125
-1.739889
-1.539510
-1.329460
-1.111400
-0.886557
-0.656266
-0.422359
-0.186769
0.048991
0.283328
0.514274
0.739863
0.958517
1.168701
1.368615
1.556450
1.730889
1.890773
2.034668
2.161186
2.269595
2.359312
2.429492
2.479356
2.508985
2.518489
2.507615
2.476519
2.426025
2.356920
2.269730
2.165394
2.045377
1.911168
1.763920
1.605110
1.436798
1.260882
1.078889
0.892693
0.704588
0.516624
0.330443
0.147910
-0.028700
-0.197500
-0.357113
-0.505936
-0.642035
-0.763989
-0.870970
-0.961895
-1.035372
-1.090785
-1.128000
-1.146592
-1.145824
-1.126081
-1.087947
-1.031606
-0.957242
-0.865999
-0.759222
-0.637536
-0.502012
-0.354478
-0.196662
-0.029647
0.144914
0.324744
0.508080
0.693509
0.879082
1.062488
1.242104
1.416497
1.583670
1.741693
1.889268
2.025156
2.147676
2.255433
2.347723
2.423600
2.481984
2.522175
2.544038
2.547178
2.531094
2.495941
2.442030
2.369575
2.278710
2.170195
2.044948
1.903520
1.746659
1.575648
1.391673
1.195668
0.988780
0.772600
0.548468
0.317427
0.080895
-0.159419
-0.402285
-0.646584
-0.890788
-1.133356
-1.373230
-1.609357
-1.840303
-2.064809
-2.282087
-2.491199
-2.690858
-2.880226
-3.058830
-3.225778
-3.380134
-3.521499
-3.649559
-3.763588
-3.863032
-3.947858
-4.017893
-4.072535
-4.111683
-4.135575
-4.144125
-4.136947
-4.114330
-4.076742
-4.024065
-3.956255
-3.873977
-3.777802
-3.667643
-3.543855
-3.407419
-3.258915
-3.098418
-2.926688
-2.744925
-2.553730
-2.353420
-2.145150
-1.930260
-1.709389
-1.483163
-1.253012
-1.020332
-0.785842
-0.550484
-0.315783
-0.083182
0.146536
0.372267
0.592450
0.805746
1.011295
1.208057
1.394535
1.569556
1.732403
1.882175
2.017630
2.137802
2.242329
2.330585
2.401623
2.454928
2.490572
2.508283
2.507495
2.488327
2.451268
2.396387
2.323702
2.233889
2.127868
2.006011
1.868982
1.717952
1.554069
1.378100
1.191223
0.994982
0.790504
0.578924
0.361850
0.140777
-0.083110
-0.308493
-0.533586
-0.757233
-0.978289
-1.195326
-1.406843
-1.611962
-1.809777
-1.998922
-2.178425
-2.347834
-2.506450
-2.653293
-2.787966
-2.910428
-3.020267
-3.117066
-3.200915
-3.272175
-3.330802
-3.376887
-3.411000
-3.433705
-3.445445
-3.446672
-3.438166
-3.420782
-3.395272
-3.362263
-3.322627
-3.277416
-3.227541
-3.173545
-3.116325
-3.057056
-2.996481
-2.935040
-2.873503
-2.813061
-2.754142
-2.696908
-2.642121
-2.590714
-2.542763
-2.498194
-2.457683
-2.421785
-2.390237
-2.362806
-2.340010
-2.322042
-2.308391
-2.298711
-2.293376
-2.292257
-2.294701
-2.300299
-2.309300
-2.321412
-2.335855
-2.352313
-2.370901
-2.391256
-2.412613
-2.434728
-2.457699
-2.481164
-2.504430
-2.527366
-2.550098
-2.572306
-2.593358
-2.613295
-2.632337
-2.650129
-2.666234
-2.680759
-2.694021
-2.705677
-2.715358
-2.723378
-2.730016
-2.734987
-2.737941
-2.739388
-2.739559
-2.738103
-2.734843
-2.730320
-2.724719
-2.717664
-2.709090
-2.699588
-2.689257
-2.677682
-2.664950
-2.651676
-2.637813
-2.623013
-2.607464
-2.591770
-2.575825
-2.559314
-2.542566
-2.526127
-2.509876
-2.493515
-2.477552
-2.462464
-2.448043
-2.434129
-2.421311
-2.409973
-2.399912
-2.391022
-2.383929
-2.378965
-2.375839
-2.374508
-2.375583
-2.379269
-2.385214
-2.393416
-2.404404
-2.418243
-2.434464
-2.453041
-2.474420
-2.498433
-2.524535
-2.552662
-2.583066
-2.615401
-2.648997
-2.683760
-2.719766
-2.756408
-2.793031
-2.829426
-2.865435
-2.900396
-2.933601
-2.964750
-2.993542
-3.019320
-3.041361
-3.059287
-3.072778
-3.081236
-3.083972
-3.080578
-3.070842
-3.054304
-3.030277
-2.998475
-2.958891
-2.911193
-2.854771
-2.789585
-2.715889
-2.633421
-2.541765
-2.441185
-2.332169
-2.214565
-2.088184
-1.953662
-1.811596
-1.662031
-1.505007
-1.341468
-1.172104
-0.997055
-0.816693
-0.632081
-0.444019
-0.252729
-0.058845
0.136510
0.332539
0.528952
0.724992
0.919523
1.111820
1.301529
1.487910
1.669858
1.846813
2.018471
2.184051
2.342659
2.493858
2.637496
2.772780
2.899076
3.016227
3.124035
3.221929
3.309546
3.386961
3.453945
3.510178
3.555591
3.590365
3.614408
3.627561
3.630077
3.622163
3.603781
3.575077
3.536512
3.488208
3.430268
3.363107
3.287249
3.202711
3.109758
3.009077
2.901005
2.785592
2.663286
2.534842
2.400418
2.260082
2.114479
1.964285
1.809472
1.650259
1.487370
1.321325
1.151991
0.979703
0.805252
0.628914
0.450576
0.270706
0.090046
-0.091270
-0.273294
-0.455394
-0.636948
-0.817937
-0.998217
-1.177087
-1.354007
-1.528950
-1.701609
-1.871199
-2.037271
-2.199713
-2.358070
-2.511471
-2.659555
-2.802138
-2.938524
-3.067914
-3.189951
-3.304365
-3.410329
-3.507108
-3.594475
-3.672000
-3.738854
-3.794445
-3.838688
-3.871051
-3.890794
-3.897648
-3.891564
-3.872102
-3.838751
-3.791583
-3.730692
-3.655780
-3.566734
-3.463932
-3.347697
-3.218043
-3.075253
-2.920081
-2.753116
-2.574717
-2.385604
-2.186892
-1.979446
-1.763941
-1.541527
-1.313606
-1.081283
-0.845476
-0.607659
-0.369448
-0.132029
0.103486
0.335483
0.562278
0.782729
0.995806
1.199797
1.393174
1.575122
1.744709
1.900342
2.040974
2.166138
2.275201
2.366954
2.440895
2.497131
2.535297
2.554810
2.555818
2.538988
2.504375
2.452040
2.382866
2.297934
2.197815
2.083178
1.955520
1.816279
1.666430
1.507208
1.340423
1.167805
0.990568
0.810275
0.628882
0.448142
0.269402
0.094225
-0.075533
-0.238258
-0.392800
-0.537774
-0.671605
-0.793113
-0.901435
-0.995687
-1.074717
-1.137884
-1.184913
-1.215416
-1.228810
-1.225052
-1.204529
-1.167362
-1.113569
-1.043783
-0.958947
-0.859634
-0.746386
-0.620404
-0.483089
-0.335234
-0.177889
-0.012595
0.159033
0.336073
0.517277
0.700844
0.885344
1.069829
1.253009
1.433175
1.609193
1.780318
1.945354
2.103023
2.252557
2.393507
2.525045
2.646274
2.757033
2.857227
2.946333
3.024109
3.090778
3.146617
3.191591
3.225905
3.250163
3.264931
3.270530
3.267497
3.256710
3.238900
3.214621
3.184553
3.149700
3.110825
3.068535
3.023500
2.976650
2.928662
2.880031
2.831227
2.783055
2.735995
2.690210
2.645979
2.603868
2.564024
2.526270
2.490687
2.457554
2.426658
2.397502
2.370040
2.344263
2.319565
2.295303
2.271387
2.247482
2.222835
2.196735
2.169071
2.139393
2.106810
2.070780
2.031230
1.987618
1.939143
1.885573
1.826912
1.762628
1.692225
1.615746
1.533319
1.444538
1.349312
1.247935
1.140662
1.027349
0.908258
0.783928
0.654673
0.520716
0.382568
0.240917
0.096174
-0.051172
-0.200392
-0.350850
-0.501977
-0.653038
-0.803374
-0.952410
-1.099413
-1.243618
-1.384594
-1.521693
-1.654192
-1.781428
-1.903176
-2.018912
-2.127871
-2.229743
-2.324413
-2.411457
-2.490243
-2.560790
-2.623196
-2.676971
-2.721848
-2.758074
-2.785862
-2.804833
-2.815052
-2.816905
-2.810618
-2.796082
-2.773540
-2.743490
-2.706135
-2.661638
-2.610382
-2.552781
-2.489161
-2.419827
-2.345206
-2.265662
-2.181616
-2.093494
-2.001567
-1.906241
-1.808036
-1.707286
-1.604232
-1.499325
-1.393094
-1.285735
-1.177490
-1.068801
-0.960090
-0.851532
-0.743271
-0.635767
-0.529389
-0.424219
-0.320407
-0.218271
-0.118187
-0.020136
0.075763
0.169198
0.259957
0.347987
0.433264
0.515571
0.594699
0.670604
0.743366
0.812829
0.878781
0.941213
1.000354
1.056042
1.107969
1.156363
1.201468
1.243078
1.280927
1.315448
1.346851
1.374786
1.399192
1.420565
1.439095
1.454357
1.466450
1.475977
1.482946
1.487006
1.488414
1.487733
1.484907
1.479594
1.472277
1.463411
1.452799
1.440311
1.426500
1.411687
1.395616
1.378358
1.360459
1.342097
1.323029
1.303477
1.283966
1.264535
1.244956
1.225596
1.206932
1.188849
1.171221
1.154489
1.139025
1.124609
1.111166
1.099256
1.089110
1.080341
1.073079
1.067847
1.064709
1.063172
1.063544
1.066301
1.071186
1.077847
1.086597
1.097802
1.110965
1.125833
1.142727
1.161740
1.182337
1.204279
1.227805
1.252805
1.278680
1.305252
1.332606
1.360456
1.388220
1.415684
1.442780
1.469142
1.494226
1.517753
1.539530
1.559221
1.576329
1.590464
1.601429
1.609022
1.612695
1.612019
1.606977
1.597416
1.582785
1.562766
1.537527
1.507021
1.470708
1.428471
1.380751
1.327502
1.268337
1.203451
1.133479
1.058389
0.978039
0.893004
0.803948
0.710938
0.614176
0.514457
0.412466
0.308378
0.202757
0.096503
-0.009791
-0.115737
-0.220524
-0.323349
-0.423684
-0.520901
-0.614200
-0.702962
-0.786670
-0.864601
-0.936090
-1.000830
-1.058312
-1.107811
-1.149082
-1.182008
-1.206109
-1.220950
-1.226650
-1.223266
-1.210491
-1.188264
-1.157086
-1.117098
-1.068274
-1.010927
-0.945826
-0.873226
-0.793405
-0.707063
-0.614948
-0.517567
-0.415403
-0.309356
-0.200150
-0.088390
0.025205
0.139854
0.254832
0.369514
0.483195
0.595249
0.705097
0.812135
0.915873
1.015908
1.111862
1.203267
1.289930
1.371793
1.448588
1.520129
1.586702
1.648370
1.705114
1.757083
1.804809
1.848537
1.888454
1.925052
1.959034
1.990702
2.020380
2.048770
2.076610
2.104145
2.131739
2.160214
2.190074
2.221431
2.254651
2.290421
2.328880
2.369967
2.413929
2.461067
2.511188
2.563967
2.619419
2.677445
2.737435
2.798818
2.861336
2.924440
2.987249
3.048968
3.109047
3.166669
3.220749
3.270374
3.314831
3.353134
3.384191
3.407143
3.421244
3.425578
3.419255
3.401521
3.371877
3.329717
3.274370
3.205543
3.123077
3.026792
2.916452
2.792261
2.654610
2.503722
2.340006
2.164148
1.977097
1.779573
1.572469
1.357101
1.134772
0.906698
0.674111
0.438738
0.202266
-0.034043
-0.268468
-0.499150
-0.724468
-0.943033
-1.153049
-1.352776
-1.540895
-1.715955
-1.876580
-2.021307
-2.149253
-2.259367
-2.350632
-2.422337
-2.473968
-2.505203
-2.515525
-2.504917
-2.473613
-2.421787
-2.349766
-2.258176
-2.147923
-2.019781
-1.874697
-1.713989
-1.539007
-1.351093
-1.151719
-0.942588
-0.725422
-0.501930
-0.273865
-0.043053
0.188605
0.419271
0.647223
0.870713
1.087890
1.297059
1.496821
1.685655
1.862026
2.024672
2.172604
2.304726
2.420032
2.517841
2.597651
2.658993
2.701369
2.724730
2.729230
2.714842
2.681698
2.630402
2.561538
2.475596
2.373247
2.255585
2.123514
1.977947
1.819940
1.650818
1.471801
1.283978
1.088621
0.887189
0.680924
0.471010
0.258761
0.045490
-0.167549
-0.379296
-0.588621
-0.794336
-0.995414
-1.191057
-1.380329
-1.562284
-1.736290
-1.901789
-2.058028
-2.204452
-2.340738
-2.466659
-2.581642
-2.685473
-2.778220
-2.859751
-2.929806
-2.988452
-3.036017
-3.072485
-3.097785
-3.112313
-3.116510
-3.110385
-3.094100
-3.068270
-3.033329
-2.989300
-2.936555
-2.875834
-2.807480
-2.731523
-2.648539
-2.559265
-2.463907
-2.362604
-2.255988
-2.144787
-2.029106
-1.909122
-1.785578
-1.659078
-1.529693
-1.397620
-1.263659
-1.128357
-0.991694
-0.853991
-0.715998
-0.578244
-0.440632
-0.303534
-0.167807
-0.033746
0.098666
0.229054
0.356526
0.480946
0.602304
0.720123
0.833720
0.942931
1.047831
1.147912
1.242550
1.331757
1.415545
1.493447
1.564960
1.630229
1.689267
1.741589
1.786968
1.825530
1.857333
1.882051
1.899571
1.910065
1.913637
1.910194
1.899604
1.882147
1.858067
1.827339
1.789928
1.746218
1.696629
1.641118
1.579772
1.513139
1.441660
1.365342
1.284426
1.199569
1.111233
1.019438
0.924625
0.827481
0.728423
0.627563
0.525494
0.422870
0.320027
0.217243
0.115156
0.014274
-0.085081
-0.182457
-0.277349
-0.369419
-0.458285
-0.543445
-0.624629
-0.701667
-0.774070
-0.841483
-0.903922
-0.961302
-1.013121
-1.059280
-1.100125
-1.135545
-1.165167
-1.189243
-1.208361
-1.222386
-1.231163
-1.235330
-1.235565
-1.231736
-1.224017
-1.213287
-1.200270
-1.184862
-1.167511
-1.149301
-1.130779
-1.112014
-1.093586
-1.076589
-1.061426
-1.048206
-1.037607
-1.030499
-1.027176
-1.027676
-1.032586
-1.042591
-1.057697
-1.077821
-1.103382
-1.134711
-1.171557
-1.213667
-1.261146
-1.314011
-1.371715
-1.433773
-1.500025
-1.570186
-1.643445
-1.719044
-1.796664
-1.875731
-1.955215
-2.034279
-2.112430
-2.188983
-2.262729
-2.332906
-2.398964
-2.460195
-2.515409
-2.563967
-2.605485
-2.639284
-2.664395
-2.680404
-2.687174
-2.684211
-2.670805
-2.646981
-2.612855
-2.568172
-2.512664
-2.446695
-2.370750
-2.284806
-2.189001
-2.084154
-1.970924
-1.849578
-1.720690
-1.585284
-1.444245
-1.298048
-1.147522
-0.993875
-0.838019
-0.680563
-0.522465
-0.364958
-0.208865
-0.054828
0.096262
0.243302
0.385620
0.522786
0.653967
0.778350
0.895557
1.005376
1.107221
1.200564
1.285473
1.361924
1.429577
1.488368
1.538659
1.580664
1.614300
1.639906
1.658062
1.669211
1.673528
1.671581
1.664263
1.651943
1.634992
1.614272
1.590690
1.564497
1.536273
1.507007
1.477346
1.447564
1.418259
1.390360
1.364244
1.340136
1.318672
1.300460
1.285692
1.274486
1.267288
1.264499
1.266079
1.272048
1.282653
1.298055
1.318043
1.342491
1.371526
1.405007
1.442656
1.484270
1.529729
1.578816
1.631193
1.686554
1.744631
1.805179
1.867862
1.932245
1.998027
2.064997
2.132807
2.200908
2.269073
2.337167
2.404703
2.471166
2.536469
2.600451
2.662566
2.722377
2.779899
2.834930
2.886870
2.935403
2.980631
3.022272
3.059687
3.092800
3.121644
3.145867
3.164873
3.178818
3.187637
3.190853
3.188176
3.179699
3.165429
3.144839
3.117784
3.084555
3.044990
2.998697
2.945767
2.886536
2.820781
2.748338
2.669529
2.584629
2.493588
2.396376
2.293521
2.185338
2.071884
1.953360
1.830374
1.703390
1.572547
1.438224
1.301073
1.161714
1.020328
0.877368
0.733635
0.589699
0.445791
0.302409
0.160353
0.020158
-0.118085
-0.253819
-0.386264
-0.515093
-0.640298
-0.761382
-0.877714
-0.989120
-1.095774
-1.197260
-1.293154
-1.383632
-1.468844
-1.548609
-1.622819
-1.691902
-1.756055
-1.815281
-1.869862
-1.920330
-1.966911
-2.009762
-2.049369
-2.086249
-2.120666
-2.152906
-2.183429
-2.212679
-2.241006
-2.268647
-2.295983
-2.323356
-2.351080
-2.379294
-2.408206
-2.438013
-2.468882
-2.500835
-2.533792
-2.567857
-2.603008
-2.638981
-2.675559
-2.712672
-2.750103
-2.787333
-2.824069
-2.860088
-2.894883
-2.927899
-2.958723
-2.987022
-3.012163
-3.033572
-3.050832
-3.063491
-3.070986
-3.072716
-3.068367
-3.057482
-3.039553
-3.014188
-2.981131
-2.940089
-2.890665
-2.832699
-2.766120
-2.690720
-2.606392
-2.513208
-2.411266
-2.300565
-2.181247
-2.053642
-1.917981
-1.774514
-1.623600
-1.465800
-1.301526
-1.131154
-0.955321
-0.774722
-0.589850
-0.401266
-0.209777
-0.016147
0.179097
0.375275
0.571450
0.766890
0.961095
1.153265
1.342474
1.528080
1.709631
1.886284
2.057178
2.221887
2.379953
2.530580
2.673062
2.807210
2.932586
3.048470
3.154461
3.250512
3.336266
3.411156
3.475069
3.528149
3.570086
3.600534
3.619738
3.627917
3.624857
3.610535
3.585441
3.549883
3.503769
3.447420
3.381503
3.306376
3.222148
3.129400
3.028964
2.921206
2.806436
2.685484
2.559204
2.427968
2.292335
2.153224
2.011463
1.867457
1.721909
1.575756
1.429703
1.284235
1.140039
0.998026
0.858738
0.722655
0.590441
0.462761
0.340096
0.222783
0.111387
0.006337
-0.092050
-0.183565
-0.267884
-0.344799
-0.414153
-0.475922
-0.530069
-0.576567
-0.615430
-0.646903
-0.671127
-0.688253
-0.698474
-0.702231
-0.699886
-0.691625
-0.677870
-0.659224
-0.636076
-0.608711
-0.577719
-0.543712
-0.507112
-0.468207
-0.427673
-0.386121
-0.343824
-0.301124
-0.258674
-0.216950
-0.176083
-0.136412
-0.098503
-0.062596
-0.028710
0.002861
0.031718
0.057843
0.081342
0.101956
0.119522
0.134215
0.146233
0.155357
0.161627
0.165445
0.166936
0.165990
0.162851
0.157984
0.151460
0.143267
0.133770
0.123438
0.112254
0.100261
0.087918
0.075587
0.063136
0.050643
0.038651
0.027284
0.016353
0.005994
-0.003326
-0.011665
-0.019283
-0.025965
-0.031408
-0.035838
-0.039488
-0.042125
-0.043623
-0.044300
-0.044325
-0.043513
-0.041877
-0.039751
-0.037242
-0.034217
-0.030786
-0.027221
-0.023579
-0.019803
-0.016006
-0.012359
-0.008918
-0.005669
-0.002649
0.000042
0.002328
0.004232
0.005832
0.007035
0.007748
0.008067
0.008155
0.007886
0.007139
0.006157
0.005105
0.003769
0.002097
0.000427
-0.001152
-0.002902
-0.004792
-0.006430
-0.007854
-0.009376
-0.010828
-0.011846
-0.012634
-0.013444
-0.014031
-0.014108
-0.014038
-0.013973
-0.013564
-0.012756
-0.011885
-0.011056
-0.009880
-0.008442
-0.007123
-0.005825
-0.004278
-0.002639
-0.001267
0.000070
0.001550
0.002918
0.003993
0.004999
0.006067
0.006874
0.007409
0.007889
0.008325
0.008505
0.008457
0.008377
0.008216
0.007890
0.007391
0.006889
0.006350
0.005706
0.004997
0.004293
0.003617
0.002938
0.002244
0.001644
0.001158
0.000719
0.000310
0.000029
-0.000078
-0.000084
-0.000123
-0.000062
0.000178
0.000411
0.000584
0.000752
0.000994
0.001177
0.001275
0.001306
0.001333
0.001348
0.001331
0.001285
0.001234
0.001206
0.001202
0.001202
0.001206
0.001219
0.001244
0.001277
0.001305
0.001324
0.001337
0.001347
0.001355
0.001360
0.001358
0.001354
0.001353
0.001352
0.001350
0.001344
0.001337
0.001327
0.001314
0.001299
0.001279
0.001255
0.001228
0.001198
0.001165
0.001131
0.001094
0.001055
0.001015
0.000973
0.000930
0.000886
0.000839
0.000791
0.000741
0.000689
0.000636
0.000582
0.000528
0.000473
0.000418
0.000364
0.000311
0.000260
0.000210
0.000162
0.000117
0.000074
0.000033
-0.000005
-0.000040
-0.000074
-0.000105
-0.000134
-0.000159
-0.000183
-0.000204
-0.000225
-0.000242
-0.000257
-0.000269
-0.000279
-0.000286
-0.000294
-0.000297
-0.000300
-0.000301
-0.000300
-0.000300
-0.000298
-0.000296
-0.000295
-0.000293
-0.000293
-0.000293
-0.000294
-0.000297
-0.000302
-0.000307
-0.000314
-0.000323
-0.000333
-0.000344
-0.000355
-0.000369
-0.000383
-0.000399
-0.000417
-0.000435
-0.000456
-0.000479
-0.000504
-0.000530
-0.000559
-0.000591
-0.000622
-0.000655
-0.000690
-0.000726
-0.000763
-0.000800
-0.000837
-0.000874
-0.000911
-0.000947
-0.000983
-0.001018
-0.001054
-0.001089
-0.001125
-0.001161
-0.001195
-0.001228
-0.001263
-0.001296
-0.001327
-0.001359
-0.001387
-0.001416
-0.001441
-0.001465
-0.001487
-0.001507
-0.001527
-0.001544
-0.001560
-0.001576
-0.001590
-0.001601
-0.001613
-0.001625
-0.001636
-0.001646
-0.001656
-0.001664
-0.001671
-0.001678
-0.001685
-0.001690
-0.001693
-0.001697
-0.001700
-0.001703
-0.001705
-0.001708
-0.001711
-0.001716
-0.001722
-0.001728
-0.001736
-0.001746
-0.001756
-0.001768
-0.001781
-0.001795
-0.001810
-0.001826
-0.001844
-0.001862
-0.001880
-0.001899
-0.001919
-0.001940
-0.001963
-0.001986
-0.002009
-0.002034
-0.002060
-0.002085
-0.002113
-0.002140
-0.002168
-0.002195
-0.002221
-0.002245
-0.002269
-0.002290
-0.002311
-0.002329
-0.002346
-0.002360
-0.002373
-0.002384
-0.002393
-0.002402
-0.002408
-0.002414
-0.002418
-0.002421
-0.002423
-0.002424
-0.002423
-0.002420
-0.002416
-0.002412
-0.002407
-0.002402
-0.002396
-0.002390
-0.002384
-0.002379
-0.002374
-0.002372
-0.002371
-0.002371
-0.002374
-0.002379
-0.002387
-0.002398
-0.002411
-0.002427
-0.002446
-0.002466
-0.002489
-0.002514
-0.002540
-0.002566
-0.002595
-0.002626
-0.002659
-0.002695
-0.002732
-0.002772
-0.002814
-0.002856
-0.002900
-0.002944
-0.002989
-0.003033
-0.003078
-0.003123
-0.003166
-0.003209
-0.003250
-0.003291
-0.003330
-0.003367
-0.003403
-0.003437
-0.003470
-0.003503
-0.003534
-0.003564
-0.003594
-0.003623
-0.003651
-0.003677
-0.003701
-0.003725
-0.003748
-0.003769
-0.003789
-0.003806
-0.003821
-0.003836
-0.003849
-0.003862
-0.003873
-0.003883
-0.003893
-0.003904
-0.003913
-0.003923
-0.003931
-0.003940
-0.003948
-0.003955
-0.003961
-0.003965
-0.003968
-0.003969
-0.003969
-0.003967
-0.003964
-0.003960
-0.003955
-0.003948
-0.003941
-0.003932
-0.003925
-0.003916
-0.003907
-0.003898
-0.003888
-0.003878
-0.003869
-0.003858
-0.003847
-0.003836
-0.003824
-0.003813
-0.003803
-0.003792
-0.003784
-0.003776
-0.003770
-0.003767
-0.003767
-0.003767
-0.003773
-0.003780
-0.003791
-0.003805
-0.003822
-0.003842
-0.003863
-0.003887
-0.003914
-0.003942
-0.003972
-0.004003
-0.004035
-0.004070
-0.004106
-0.004144
-0.004182
-0.004221
-0.004261
-0.004301
-0.004341
-0.004380
-0.004418
-0.004452
-0.004485
-0.004515
-0.004541
-0.004562
-0.004580
-0.004594
-0.004602
-0.004607
-0.004608
-0.004603
-0.004593
-0.004580
-0.004561
-0.004538
-0.004510
-0.004477
-0.004441
-0.004401
-0.004356
-0.004308
-0.004256
-0.004201
-0.004141
-0.004079
-0.004016
-0.003951
-0.003884
-0.003816
-0.003751
-0.003686
-0.003622
-0.003561
-0.003502
-0.003445
-0.003392
-0.003341
-0.003295
-0.003252
-0.003213
-0.003177
-0.003145
-0.003117
-0.003094
-0.003074
-0.003058
-0.003046
-0.003038
-0.003034
-0.003033
-0.003035
-0.003043
-0.003053
-0.003067
-0.003083
-0.003101
-0.003121
-0.003143
-0.003164
-0.003184
-0.003203
-0.003222
-0.003240
-0.003256
-0.003271
-0.003284
-0.003295
-0.003306
-0.003314
-0.003321
-0.003325
-0.003328
-0.003328
-0.003326
-0.003322
-0.003316
-0.003307
-0.003295
-0.003281
-0.003265
-0.003244
-0.003221
-0.003199
-0.003173
-0.003147
-0.003119
-0.003090
-0.003062
-0.003033
-0.003005
-0.002978
-0.002952
-0.002926
-0.002899
-0.002875
-0.002850
-0.002827
-0.002804
-0.002782
-0.002761
-0.002742
-0.002723
-0.002705
-0.002688
-0.002672
-0.002658
-0.002645
-0.002635
-0.002624
-0.002616
-0.002608
-0.002601
-0.002595
-0.002589
-0.002582
-0.002576
-0.002568
-0.002562
-0.002554
-0.002546
-0.002535
-0.002526
-0.002516
-0.002505
-0.002493
-0.002481
-0.002467
-0.002455
-0.002442
-0.002427
-0.002412
-0.002396
-0.002378
-0.002359
-0.002339
-0.002316
-0.002291
-0.002266
-0.002238
-0.002209
-0.002180
-0.002149
-0.002117
-0.002085
-0.002052
-0.002019
-0.001986
-0.001953
-0.001919
-0.001885
-0.001849
-0.001812
-0.001775
-0.001738
-0.001697
-0.001657
-0.001615
-0.001573
-0.001529
-0.001487
-0.001444
-0.001399
-0.001355
-0.001311
-0.001267
-0.001222
-0.001177
-0.001132
-0.001085
-0.001038
-0.000992
-0.000944
-0.000896
-0.000847
-0.000796
-0.000744
-0.000694
-0.000643
-0.000592
-0.000541
-0.000491
-0.000442
-0.000394
-0.000346
-0.000300
-0.000255
-0.000212
-0.000169
-0.000127
-0.000087
-0.000048
-0.000010
0.000027
0.000064
0.000097
0.000130
0.000160
0.000187
0.000213
0.000237
0.000259
0.000278
0.000296
0.000313
0.000327
0.000340
0.000351
0.000360
0.000368
0.000376
0.000384
0.000391
0.000398
0.000404
0.000411
0.000417
0.000422
0.000427
0.000432
0.000436
0.000441
0.000446
0.000452
0.000458
0.000465
0.000473
0.000482
0.000493
0.000505
0.000519
0.000536
0.000554
0.000573
0.000594
0.000616
0.000640
0.000665
0.000691
0.000718
0.000747
0.000775
0.000805
0.000834
0.000867
0.000899
0.000932
0.000967
0.001001
0.001036
0.001072
0.001110
0.001147
0.001184
0.001222
0.001260
0.001296
0.001334
0.001369
0.001405
0.001439
0.001473
0.001507
0.001540
0.001573
0.001606
0.001639
0.001671
0.001705
0.001736
0.001768
0.001801
0.001832
0.001862
0.001891
0.001919
0.001946
0.001972
0.001997
0.002022
0.002046
0.002070
0.002094
0.002118
0.002143
0.002168
0.002193
0.002220
0.002247
0.002274
0.002300
0.002328
0.002355
0.002381
0.002407
0.002433
0.002459
0.002486
0.002513
0.002540
0.002567
0.002594
0.002622
0.002651
0.002681
0.002711
0.002742
0.002774
0.002806
0.002838
0.002872
0.002905
0.002939
0.002971
0.003004
0.003036
0.003069
0.003100
0.003131
0.003162
0.003194
0.003225
0.003257
0.003288
0.003319
0.003350
0.003380
0.003410
0.003439
0.003467
0.003494
0.003520
0.003545
0.003568
0.003591
0.003610
0.003629
0.003646
0.003661
0.003675
0.003687
0.003697
0.003706
0.003713
0.003720
0.003725
0.003728
0.003731
0.003731
0.003729
0.003726
0.003721
0.003715
0.003707
0.003698
0.003686
0.003674
0.003661
0.003650
0.003638
0.003626
0.003614
0.003602
0.003591
0.003582
0.003574
0.003567
0.003560
0.003554
0.003550
0.003547
0.003544
0.003544
0.003546
0.003549
0.003554
0.003562
0.003573
0.003587
0.003603
0.003622
0.003644
0.003669
0.003696
0.003726
0.003757
0.003791
0.003824
0.003859
0.003894
0.003930
0.003967
0.004004
0.004041
0.004080
0.004118
0.004155
0.004192
0.004229
0.004265
0.004300
0.004335
0.004369
0.004400
0.004428
0.004454
0.004478
0.004500
0.004518
0.004534
0.004546
0.004555
0.004561
0.004566
0.004568
0.004569
0.004566
0.004563
0.004558
0.004553
0.004547
0.004539
0.004529
0.004521
0.004510
0.004500
0.004488
0.004478
0.004468
0.004457
0.004448
0.004439
0.004433
0.004428
0.004425
0.004425
0.004428
0.004433
0.004441
0.004451
0.004464
0.004479
0.004496
0.004514
0.004535
0.004558
0.004582
0.004607
0.004634
0.004662
0.004691
0.004722
0.004754
0.004786
0.004821
0.004856
0.004891
0.004927
0.004962
0.004997
0.005031
0.005065
0.005098
0.005127
0.005154
0.005181
0.005203
0.005224
0.005243
0.005258
0.005271
0.005281
0.005290
0.005296
0.005299
0.005300
0.005298
0.005293
0.005287
0.005278
0.005266
0.005250
0.005232
0.005213
0.005191
0.005166
0.005138
0.005109
0.005077
0.005045
0.005010
0.004977
0.004944
0.004910
0.004874
0.004839
0.004805
0.004770
0.004736
0.004702
0.004668
0.004635
0.004601
0.004570
0.004538
0.004507
0.004478
0.004450
0.004423
0.004399
0.004377
0.004357
0.004339
0.004324
0.004311
0.004301
0.004292
0.004285
0.004280
0.004277
0.004273
0.004272
0.004272
0.004274
0.004278
0.004282
0.004289
0.004296
0.004305
0.004315
0.004327
0.004339
0.004353
0.004366
0.004380
0.004392
0.004406
0.004416
0.004424
0.004431
0.004436
0.004439
0.004440
0.004438
0.004435
0.004429
0.004420
0.004411
0.004399
0.004385
0.004369
0.004351
0.004330
0.004307
0.004281
0.004252
0.004222
0.004190
0.004155
0.004118
0.004080
0.004040
0.003999
0.003957
0.003915
0.003873
0.003831
0.003791
0.003751
0.003711
0.003673
0.003637
0.003603
0.003569
0.003537
0.003506
0.003478
0.003452
0.003427
0.003404
0.003384
0.003366
0.003350
0.003337
0.003325
0.003317
0.003311
0.003307
0.003305
0.003304
0.003305
0.003306
0.003308
0.003311
0.003315
0.003318
0.003322
0.003325
0.003326
0.003326
0.003326
0.003325
0.003323
0.003320
0.003315
0.003309
0.003302
0.003293
0.003283
0.003272
0.003258
0.003242
0.003225
0.003204
0.003181
0.003156
0.003128
0.003099
0.003068
0.003036
0.003003
0.002967
0.002930
0.002894
0.002857
0.002819
0.002781
0.002742
0.002703
0.002664
0.002623
0.002583
0.002541
0.002500
0.002457
0.002414
0.002372
0.002328
0.002284
0.002241
0.002198
0.002156
0.002115
0.002074
0.002035
0.001996
0.001957
0.001919
0.001881
0.001843
0.001806
0.001768
0.001728
0.001690
0.001651
0.001612
0.001574
0.001537
0.001500
0.001463
0.001428
0.001393
0.001359
0.001326
0.001294
0.001262
0.001230
0.001198
0.001167
0.001136
0.001107
0.001077
0.001048
0.001018
0.000990
0.000962
0.000935
0.000908
0.000883
0.000857
0.000833
0.000811
0.000789
0.000767
0.000745
0.000723
0.000702
0.000679
0.000657
0.000635
0.000612
0.000588
0.000564
0.000538
0.000512
0.000485
0.000457
0.000429
0.000400
0.000371
0.000342
0.000312
0.000281
0.000248
0.000216
0.000182
0.000147
0.000109
0.000071
0.000031
-0.000009
-0.000052
-0.000093
-0.000136
-0.000181
-0.000226
-0.000272
-0.000318
-0.000364
-0.000410
-0.000458
-0.000506
-0.000554
-0.000603
-0.000653
-0.000703
-0.000753
-0.000804
-0.000857
-0.000910
-0.000963
-0.001016
-0.001067
-0.001119
-0.001172
-0.001223
-0.001273
-0.001324
-0.001372
-0.001420
-0.001468
-0.001515
-0.001561
-0.001606
-0.001650
-0.001694
-0.001737
-0.001779
-0.001820
-0.001860
-0.001897
-0.001933
-0.001967
-0.001999
-0.002030
-0.002057
-0.002083
-0.002106
-0.002129
-0.002149
-0.002167
-0.002184
-0.002199
-0.002211
-0.002223
-0.002233
-0.002242
-0.002249
-0.002256
-0.002260
-0.002264
-0.002266
-0.002267
-0.002267
-0.002266
-0.002265
-0.002264
-0.002262
-0.002260
-0.002259
-0.002259
-0.002259
-0.002261
-0.002264
-0.002269
-0.002276
-0.002285
-0.002296
-0.002308
-0.002321
-0.002335
-0.002352
-0.002369
-0.002389
-0.002410
-0.002432
-0.002456
-0.002482
-0.002509
-0.002538
-0.002569
-0.002600
-0.002634
-0.002667
-0.002704
-0.002740
-0.002778
-0.002816
-0.002853
-0.002890
-0.002926
-0.002962
-0.002997
-0.003033
-0.003067
-0.003102
-0.003136
-0.003170
-0.003203
-0.003235
-0.003267
-0.003298
-0.003328
-0.003358
-0.003387
-0.003414
-0.003440
-0.003466
-0.003490
-0.003511
-0.003532
-0.003551
-0.003570
-0.003587
-0.003602
-0.003618
-0.003633
-0.003648
-0.003661
-0.003674
-0.003687
-0.003700
-0.003711
-0.003723
-0.003734
-0.003745
-0.003755
-0.003763
-0.003771
-0.003779
-0.003785
-0.003792
-0.003799
-0.003805
-0.003810
-0.003815
-0.003820
-0.003826
-0.003832
-0.003840
-0.003847
-0.003855
-0.003863
-0.003871
-0.003878
-0.003887
-0.003896
-0.003904
-0.003913
-0.003921
-0.003928
-0.003936
-0.003945
-0.003955
-0.003965
-0.003976
-0.003988
-0.004002
-0.004014
-0.004028
-0.004042
-0.004056
-0.004070
-0.004085
-0.004100
-0.004114
-0.004129
-0.004145
-0.004161
-0.004178
-0.004194
-0.004211
-0.004229
-0.004248
-0.004267
-0.004286
-0.004307
-0.004328
-0.004351
-0.004373
-0.004396
-0.004417
-0.004439
-0.004461
-0.004483
-0.004503
-0.004524
-0.004544
-0.004565
-0.004587
-0.004607
-0.004627
-0.004648
-0.004670
-0.004691
-0.004712
-0.004732
-0.004752
-0.004771
-0.004790
-0.004808
-0.004825
-0.004840
-0.004853
-0.004867
-0.004879
-0.004889
-0.004899
-0.004907
-0.004915
-0.004921
-0.004925
-0.004928
-0.004932
-0.004933
-0.004933
-0.004930
-0.004926
-0.004919
-0.004912
-0.004901
-0.004888
-0.004872
-0.004854
-0.004834
-0.004813
-0.004789
-0.004764
-0.004736
-0.004708
-0.004679
-0.004649
-0.004618
-0.004586
-0.004553
-0.004521
-0.004487
-0.004453
-0.004420
-0.004385
-0.004351
-0.004318
-0.004285
-0.004252
-0.004220
-0.004191
-0.004163
-0.004137
-0.004112
-0.004091
-0.004073
-0.004059
-0.004047
-0.004037
-0.004031
-0.004028
-0.004028
-0.004030
-0.004036
-0.004043
-0.004052
-0.004064
-0.004080
-0.004097
-0.004118
-0.004141
-0.004165
-0.004192
-0.004221
-0.004252
-0.004284
-0.004316
-0.004349
-0.004381
-0.004412
-0.004444
-0.004473
-0.004500
-0.004525
-0.004547
-0.004566
-0.004584
-0.004598
-0.004610
-0.004618
-0.004625
-0.004627
-0.004628
-0.004624
-0.004617
-0.004607
-0.004592
-0.004575
-0.004554
-0.004531
-0.004503
-0.004473
-0.004439
-0.004403
-0.004365
-0.004324
-0.004282
-0.004238
-0.004193
-0.004148
-0.004103
-0.004058
-0.004014
-0.003969
-0.003926
-0.003883
-0.003842
-0.003801
-0.003763
-0.003725
-0.003689
-0.003653
-0.003619
-0.003587
-0.003558
-0.003530
-0.003504
-0.003481
-0.003459
-0.003439
-0.003423
-0.003408
-0.003395
-0.003383
-0.003373
-0.003364
-0.003356
-0.003347
-0.003340
-0.003333
-0.003325
-0.003318
-0.003311
-0.003303
-0.003296
-0.003287
-0.003278
-0.003270
-0.003261
-0.003252
-0.003243
-0.003234
-0.003225
-0.003214
-0.003202
-0.003191
-0.003177
-0.003162
-0.003147
-0.003131
-0.003114
-0.003096
-0.003078
-0.003058
-0.003039
-0.003018
-0.002998
-0.002978
-0.002957
-0.002937
-0.002917
-0.002896
-0.002874
-0.002852
-0.002831
-0.002808
-0.002784
-0.002760
-0.002734
-0.002707
-0.002680
-0.002653
-0.002625
-0.002597
-0.002569
-0.002542
-0.002514
-0.002487
-0.002460
-0.002434
-0.002406
-0.002379
-0.002352
-0.002324
-0.002297
-0.002270
-0.002243
-0.002217
-0.002190
-0.002163
-0.002138
-0.002113
-0.002090
-0.002068
-0.002046
-0.002026
-0.002008
-0.001992
-0.001975
-0.001960
-0.001947
-0.001934
-0.001923
-0.001912
-0.001902
-0.001894
-0.001884
-0.001877
-0.001871
-0.001866
-0.001861
-0.001858
-0.001855
-0.001852
-0.001850
-0.001848
-0.001847
-0.001846
-0.001843
-0.001840
-0.001837
-0.001832
-0.001826
-0.001820
-0.001812
-0.001802
-0.001790
-0.001777
-0.001762
-0.001747
-0.001730
-0.001713
-0.001694
-0.001674
-0.001651
-0.001627
-0.001603
-0.001576
-0.001546
-0.001515
-0.001484
-0.001450
-0.001415
-0.001379
-0.001342
-0.001304
-0.001266
-0.001228
-0.001190
-0.001152
-0.001115
-0.001077
-0.001040
-0.001003
-0.000968
-0.000933
-0.000899
-0.000866
-0.000833
-0.000802
-0.000771
-0.000740
-0.000710
-0.000679
-0.000650
-0.000621
-0.000593
-0.000566
-0.000539
-0.000512
-0.000486
-0.000462
-0.000436
-0.000411
-0.000386
-0.000361
-0.000335
-0.000309
-0.000283
-0.000256
-0.000227
-0.000198
-0.000167
-0.000137
-0.000105
-0.000073
-0.000040
-0.000008
0.000026
0.000060
0.000094
0.000128
0.000163
0.000198
0.000233
0.000269
0.000304
0.000339
0.000376
0.000411
0.000448
0.000483
0.000518
0.000554
0.000589
0.000622
0.000655
0.000686
0.000717
0.000747
0.000776
0.000804
0.000830
0.000856
0.000882
0.000907
0.000931
0.000953
0.000976
0.000998
0.001021
0.001043
0.001064
0.001085
0.001105
0.001124
0.001143
0.001162
0.001180
0.001199
0.001218
0.001236
0.001254
0.001274
0.001295
0.001315
0.001336
0.001357
0.001380
0.001403
0.001426
0.001449
0.001473
0.001496
0.001519
0.001542
0.001566
0.001590
0.001614
0.001637
0.001660
0.001685
0.001709
0.001734
0.001758
0.001782
0.001806
0.001830
0.001854
0.001878
0.001901
0.001923
0.001945
0.001967
0.001988
0.002010
0.002031
0.002051
0.002072
0.002091
0.002112
0.002133
0.002154
0.002175
0.002197
0.002219
0.002241
0.002265
0.002289
0.002313
0.002338
0.002365
0.002392
0.002420
0.002450
0.002482
0.002514
0.002547
0.002582
0.002618
0.002658
0.002699
0.002742
0.002787
0.002833
0.002881
0.002931
0.002981
0.003033
0.003086
0.003139
0.003194
0.003250
0.003305
0.003361
0.003417
0.003473
0.003530
0.003586
0.003641
0.003696
0.003751
0.003804
0.003855
0.003906
0.003955
0.004001
0.004044
0.004085
0.004122
0.004155
0.004187
0.004215
0.004239
0.004259
0.004276
0.004291
0.004302
0.004310
0.004315
0.004317
0.004317
0.004316
0.004312
0.004306
0.004298
0.004287
0.004274
0.004259
0.004243
0.004226
0.004207
0.004190
0.004173
0.004154
0.004136
0.004119
0.004103
0.004088
0.004075
0.004063
0.004053
0.004045
0.004039
0.004035
0.004032
0.004031
0.004032
0.004034
0.004037
0.004043
0.004052
0.004062
0.004074
0.004089
0.004106
0.004124
0.004144
0.004165
0.004188
0.004212
0.004236
0.004261
0.004285
0.004310
0.004334
0.004358
0.004381
0.004403
0.004425
0.004446
0.004465
0.004484
0.004501
0.004517
0.004531
0.004543
0.004554
0.004564
0.004571
0.004575
0.004579
0.004581
0.004580
0.004578
0.004573
0.004567
0.004558
0.004548
0.004535
0.004521
0.004506
0.004490
0.004473
0.004457
0.004439
0.004422
0.004401
0.004381
0.004361
0.004341
0.004321
0.004301
0.004279
0.004257
0.004235
0.004214
0.004193
0.004172
0.004152
0.004132
0.004114
0.004095
0.004077
0.004061
0.004045
0.004029
0.004014
0.003998
0.003982
0.003968
0.003952
0.003938
0.003923
0.003909
0.003893
0.003878
0.003862
0.003846
0.003830
0.003815
0.003800
0.003785
0.003770
0.003756
0.003742
0.003728
0.003716
0.003702
0.003689
0.003678
0.003665
0.003651
0.003640
0.003629
0.003618
0.003608
0.003598
0.003591
0.003586
0.003581
0.003578
0.003577
0.003576
0.003577
0.003580
0.003582
0.003585
0.003590
0.003595
0.003601
0.003607
0.003614
0.003620
0.003628
0.003637
0.003646
0.003656
0.003665
0.003675
0.003684
0.003693
0.003702
0.003711
0.003718
0.003724
0.003728
0.003731
0.003732
0.003731
0.003729
0.003725
0.003718
0.003710
0.003700
0.003689
0.003674
0.003659
0.003643
0.003624
0.003605
0.003585
0.003564
0.003540
0.003516
0.003490
0.003464
0.003437
0.003410
0.003383
0.003358
0.003331
0.003305
0.003279
0.003255
0.003233
0.003212
0.003194
0.003179
0.003164
0.003151
0.003141
0.003132
0.003125
0.003120
0.003116
0.003115
0.003116
0.003119
0.003123
0.003128
0.003135
0.003143
0.003154
0.003166
0.003178
0.003192
0.003207
0.003223
0.003238
0.003253
0.003267
0.003281
0.003294
0.003306
0.003317
0.003325
0.003333
0.003339
0.003342
0.003344
0.003344
0.003341
0.003336
0.003329
0.003320
0.003308
0.003295
0.003278
0.003259
0.003236
0.003212
0.003184
0.003154
0.003121
0.003086
0.003048
0.003007
0.002965
0.002922
0.002877
0.002831
0.002784
0.002737
0.002690
0.002643
0.002594
0.002546
0.002498
0.002451
0.002404
0.002357
0.002312
0.002267
0.002223
0.002178
0.002134
0.002092
0.002050
0.002010
0.001972
0.001936
0.001900
0.001867
0.001835
0.001805
0.001778
0.001751
0.001726
0.001702
0.001680
0.001658
0.001637
0.001618
0.001599
0.001583
0.001566
0.001552
0.001538
0.001525
0.001514
0.001503
0.001493
0.001482
0.001472
0.001461
0.001450
0.001438
0.001426
0.001411
0.001398
0.001383
0.001366
0.001349
0.001330
0.001310
0.001290
0.001268
0.001246
0.001222
0.001198
0.001173
0.001146
0.001117
0.001086
0.001055
0.001022
0.000988
0.000952
0.000916
0.000879
0.000840
0.000800
0.000758
0.000717
0.000676
0.000634
0.000593
0.000553
0.000515
0.000476
0.000438
0.000401
0.000366
0.000331
0.000297
0.000265
0.000234
0.000203
0.000175
0.000148
0.000122
0.000098
0.000076
0.000057
0.000039
0.000022
0.000009
-0.000004
-0.000014
-0.000023
-0.000031
-0.000038
-0.000044
-0.000050
-0.000055
-0.000061
-0.000066
-0.000072
-0.000075
-0.000081
-0.000087
-0.000092
-0.000098
-0.000105
-0.000112
-0.000120
-0.000128
-0.000138
-0.000149
-0.000160
-0.000174
-0.000190
-0.000208
-0.000228
-0.000250
-0.000276
-0.000303
-0.000334
-0.000365
-0.000398
-0.000432
-0.000468
-0.000506
-0.000546
-0.000588
-0.000630
-0.000676
-0.000721
-0.000768
-0.000817
-0.000867
-0.000920
-0.000973
-0.001028
-0.001084
-0.001140
-0.001197
-0.001253
-0.001309
-0.001365
-0.001421
-0.001478
-0.001532
-0.001585
-0.001637
-0.001688
-0.001737
-0.001786
-0.001834
-0.001880
-0.001923
-0.001966
-0.002007
-0.002045
-0.002083
-0.002118
-0.002149
-0.002178
-0.002204
-0.002228
-0.002249
-0.002267
-0.002282
-0.002296
-0.002307
-0.002316
-0.002324
-0.002331
-0.002336
-0.002340
-0.002344
-0.002347
-0.002348
-0.002349
-0.002349
-0.002349
-0.002348
-0.002348
-0.002347
-0.002346
-0.002346
-0.002348
-0.002350
-0.002353
-0.002358
-0.002364
-0.002373
-0.002382
-0.002395
-0.002409
-0.002426
-0.002444
-0.002464
-0.002486
-0.002510
-0.002537
-0.002565
-0.002594
-0.002625
-0.002656
-0.002688
-0.002722
-0.002758
-0.002796
-0.002835
-0.002876
-0.002916
-0.002956
-0.002999
-0.003041
-0.003085
-0.003127
-0.003171
-0.003214
-0.003257
-0.003299
-0.003338
-0.003377
-0.003414
-0.003451
-0.003486
-0.003521
-0.003555
-0.003588
-0.003620
-0.003650
-0.003679
-0.003708
-0.003736
-0.003763
-0.003790
-0.003816
-0.003840
-0.003862
-0.003884
-0.003905
-0.003925
-0.003943
-0.003963
-0.003980
-0.003995
-0.004010
-0.004026
-0.004041
-0.004055
-0.004070
-0.004083
-0.004097
-0.004110
-0.004122
-0.004134
-0.004144
-0.004154
-0.004163
-0.004170
-0.004177
-0.004183
-0.004188
-0.004191
-0.004194
-0.004196
-0.004197
-0.004197
-0.004197
-0.004196
-0.004193
-0.004191
-0.004186
-0.004181
-0.004175
-0.004167
-0.004158
-0.004147
-0.004136
-0.004123
-0.004108
-0.004092
-0.004076
-0.004059
-0.004042
-0.004024
-0.004008
-0.003990
-0.003973
-0.003955
-0.003938
-0.003921
-0.003904
-0.003887
-0.003871
-0.003855
-0.003839
-0.003824
-0.003808
-0.003796
-0.003784
-0.003773
-0.003764
-0.003756
-0.003749
-0.003747
-0.003745
-0.003747
-0.003751
-0.003756
-0.003762
-0.003771
-0.003782
-0.003794
-0.003807
-0.003821
-0.003836
-0.003851
-0.003868
-0.003886
-0.003906
-0.003926
-0.003947
-0.003969
-0.003992
-0.004015
-0.004038
-0.004061
-0.004085
-0.004108
-0.004132
-0.004155
-0.004176
-0.004196
-0.004216
-0.004235
-0.004254
-0.004271
-0.004286
-0.004301
-0.004315
-0.004327
-0.004338
-0.004348
-0.004357
-0.004365
-0.004371
-0.004376
-0.004380
-0.004383
-0.004384
-0.004384
-0.004382
-0.004378
-0.004373
-0.004367
-0.004359
-0.004350
-0.004342
-0.004332
-0.004322
-0.004311
-0.004302
-0.004292
-0.004282
-0.004273
-0.004263
-0.004253
-0.004245
-0.004235
-0.004227
-0.004218
-0.004211
-0.004203
-0.004198
-0.004192
-0.004187
-0.004183
-0.004181
-0.004181
-0.004183
-0.004186
-0.004190
-0.004194
-0.004200
-0.004207
-0.004213
-0.004222
-0.004229
-0.004238
-0.004247
-0.004254
-0.004263
-0.004271
-0.004279
-0.004286
-0.004293
-0.004300
-0.004306
-0.004311
-0.004315
-0.004317
-0.004319
-0.004319
-0.004319
-0.004315
-0.004310
-0.004304
-0.004296
-0.004285
-0.004274
-0.004260
-0.004246
-0.004229
-0.004212
-0.004194
-0.004174
-0.004154
-0.004134
-0.004113
-0.004092
-0.004070
-0.004048
-0.004025
-0.004003
-0.003982
-0.003962
-0.003941
-0.003921
-0.003902
-0.003883
-0.003865
-0.003849
-0.003835
-0.003822
-0.003812
-0.003804
-0.003797
-0.003792
-0.003790
-0.003788
-0.003790
-0.003793
-0.003797
-0.003803
-0.003810
-0.003817
-0.003824
-0.003833
-0.003842
-0.003851
-0.003860
-0.003870
-0.003879
-0.003887
-0.003895
-0.003903
-0.003909
-0.003913
-0.003916
-0.003916
-0.003914
-0.003909
-0.003900
-0.003889
-0.003874
-0.003855
-0.003832
-0.003807
-0.003777
-0.003744
-0.003708
-0.003668
-0.003624
-0.003577
-0.003526
-0.003473
-0.003417
-0.003357
-0.003295
-0.003231
-0.003165
-0.003096
-0.003025
-0.002954
-0.002882
-0.002809
-0.002737
-0.002664
-0.002591
-0.002521
-0.002453
-0.002386
-0.002322
-0.002259
-0.002199
-0.002143
-0.002090
-0.002040
-0.001993
-0.001950
-0.001910
-0.001873
-0.001842
-0.001815
-0.001792
-0.001773
-0.001758
-0.001747
-0.001740
-0.001736
-0.001735
-0.001738
-0.001745
-0.001754
-0.001764
-0.001777
-0.001792
-0.001806
-0.001820
-0.001835
-0.001850
-0.001864
-0.001877
-0.001889
-0.001899
-0.001907
-0.001914
-0.001919
-0.001922
-0.001924
-0.001922
-0.001918
-0.001911
-0.001901
-0.001889
-0.001873
-0.001855
-0.001834
-0.001810
-0.001785
-0.001757
-0.001726
-0.001695
-0.001661
-0.001627
-0.001593
-0.001559
-0.001524
-0.001492
-0.001458
-0.001426
-0.001396
-0.001367
-0.001340
-0.001315
-0.001292
-0.001270
-0.001250
-0.001233
-0.001217
-0.001204
-0.001193
-0.001185
-0.001178
-0.001174
-0.001172
-0.001172
-0.001173
-0.001176
-0.001180
-0.001184
-0.001188
-0.001191
-0.001195
-0.001196
-0.001197
-0.001196
-0.001193
-0.001189
-0.001181
-0.001171
-0.001159
-0.001144
-0.001126
-0.001103
-0.001078
-0.001048
-0.001015
-0.000976
-0.000935
-0.000889
-0.000839
-0.000785
-0.000727
-0.000666
-0.000600
-0.000532
-0.000460
-0.000386
-0.000309
-0.000231
-0.000152
-0.000071
0.000009
0.000089
0.000170
0.000250
0.000330
0.000408
0.000485
0.000561
0.000635
0.000708
0.000778
0.000847
0.000912
0.000974
0.001033
0.001088
0.001139
0.001188
0.001233
0.001275
0.001314
0.001349
0.001381
0.001410
0.001437
0.001462
0.001486
0.001507
0.001527
0.001545
0.001563
0.001579
0.001595
0.001610
0.001624
0.001639
0.001654
0.001669
0.001684
0.001699
0.001715
0.001732
0.001750
0.001769
0.001789
0.001812
0.001835
0.001862
0.001890
0.001918
0.001948
0.001978
0.002012
0.002045
0.002079
0.002114
0.002149
0.002184
0.002218
0.002253
0.002289
0.002324
0.002358
0.002393
0.002428
0.002463
0.002497
0.002530
0.002563
0.002594
0.002626
0.002656
0.002685
0.002712
0.002738
0.002762
0.002785
0.002807
0.002827
0.002845
0.002862
0.002879
0.002894
0.002908
0.002921
0.002934
0.002946
0.002959
0.002970
0.002981
0.002992
0.003002
0.003012
0.003021
0.003030
0.003040
0.003049
0.003059
0.003069
0.003080
0.003091
0.003103
0.003116
0.003132
0.003148
0.003165
0.003184
0.003205
0.003227
0.003251
0.003276
0.003300
0.003328
0.003356
0.003385
0.003416
0.003448
0.003480
0.003513
0.003548
0.003583
0.003620
0.003659
0.003698
0.003737
0.003776
0.003817
0.003857
0.003895
0.003934
0.003972
0.004010
0.004046
0.004081
0.004115
0.004148
0.004180
0.004210
0.004240
0.004268
0.004294
0.004320
0.004343
0.004364
0.004384
0.004402
0.004418
0.004433
0.004445
0.004455
0.004464
0.004472
0.004478
0.004484
0.004487
0.004488
0.004489
0.004489
0.004490
0.004490
0.004490
0.004490
0.004491
0.004491
0.004490
0.004491
0.004491
0.004491
0.004492
0.004493
0.004494
0.004496
0.004497
0.004501
0.004503
0.004508
0.004512
0.004518
0.004524
0.004532
0.004539
0.004546
0.004556
0.004564
0.004573
0.004583
0.004592
0.004601
0.004610
0.004620
0.004629
0.004638
0.004645
0.004653
0.004661
0.004669
0.004676
0.004683
0.004691
0.004699
0.004707
0.004714
0.004723
0.004731
0.004739
0.004747
0.004756
0.004765
0.004773
0.004783
0.004792
0.004802
0.004812
0.004823
0.004834
0.004846
0.004857
0.004870
0.004883
0.004895
0.004908
0.004919
0.004930
0.004941
0.004951
0.004960
0.004969
0.004977
0.004984
0.004988
0.004991
0.004994
0.004995
0.004995
0.004992
0.004988
0.004983
0.004976
0.004967
0.004957
0.004943
0.004929
0.004911
0.004893
0.004872
0.004850
0.004825
0.004798
0.004770
0.004742
0.004711
0.004682
0.004651
0.004620
0.004588
0.004557
0.004527
0.004496
0.004465
0.004435
0.004407
0.004379
0.004351
0.004325
0.004300
0.004276
0.004254
0.004235
0.004216
0.004199
0.004184
0.004171
0.004158
0.004149
0.004141
0.004135
0.004131
0.004128
0.004127
0.004126
0.004127
0.004129
0.004130
0.004132
0.004134
0.004136
0.004138
0.004140
0.004141
0.004141
0.004141
0.004141
0.004139
0.004136
0.004132
0.004127
0.004120
0.004111
0.004101
0.004089
0.004075
0.004060
0.004042
0.004022
0.004001
0.003978
0.003953
0.003927
0.003899
0.003870
0.003840
0.003808
0.003775
0.003741
0.003705
0.003669
0.003633
0.003596
0.003557
0.003518
0.003478
0.003437
0.003396
0.003355
0.003314
0.003274
0.003232
0.003190
0.003150
0.003109
0.003068
0.003027
0.002988
0.002949
0.002911
0.002875
0.002839
0.002805
0.002772
0.002740
0.002711
0.002682
0.002656
0.002631
0.002608
0.002587
0.002569
0.002554
0.002540
0.002529
0.002520
0.002514
0.002510
0.002506
0.002505
0.002506
0.002509
0.002515
0.002522
0.002532
0.002543
0.002554
0.002567
0.002582
0.002599
0.002617
0.002634
0.002653
0.002672
0.002692
0.002713
0.002733
0.002752
0.002770
0.002787
0.002801
0.002816
0.002828
0.002839
0.002849
0.002857
0.002862
0.002867
0.002867
0.002867
0.002865
0.002860
0.002853
0.002843
0.002831
0.002816
0.002800
0.002781
0.002758
0.002735
0.002711
0.002683
0.002654
0.002622
0.002588
0.002555
0.002520
0.002484
0.002446
0.002407
0.002368
0.002329
0.002289
0.002247
0.002206
0.002165
0.002123
0.002080
0.002037
0.001994
0.001951
0.001908
0.001864
0.001821
0.001777
0.001734
0.001692
0.001648
0.001605
0.001562
0.001519
0.001476
0.001432
0.001389
0.001345
0.001301
0.001256
0.001210
0.001165
0.001118
0.001072
0.001024
0.000976
0.000928
0.000880
0.000832
0.000786
0.000738
0.000691
0.000644
0.000597
0.000550
0.000504
0.000457
0.000411
0.000366
0.000321
0.000277
0.000234
0.000193
0.000153
0.000115
0.000078
0.000043
0.000011
-0.000020
-0.000050
-0.000078
-0.000105
-0.000129
-0.000151
-0.000171
-0.000189
-0.000205
-0.000220
-0.000234
-0.000246
-0.000255
-0.000263
-0.000271
-0.000277
-0.000282
-0.000284
-0.000287
-0.000287
-0.000287
-0.000287
-0.000284
-0.000283
-0.000281
-0.000279
-0.000278
-0.000278
-0.000278
-0.000280
-0.000284
-0.000288
-0.000294
-0.000301
-0.000309
-0.000319
-0.000331
-0.000344
-0.000360
-0.000377
-0.000396
-0.000418
-0.000441
-0.000468
-0.000497
-0.000529
-0.000563
-0.000602
-0.000642
-0.000684
-0.000730
-0.000778
-0.000828
-0.000879
-0.000934
-0.000990
-0.001047
-0.001105
-0.001165
-0.001226
-0.001288
-0.001350
-0.001413
-0.001476
-0.001539
-0.001602
-0.001664
-0.001726
-0.001787
-0.001848
-0.001906
-0.001962
-0.002016
-0.002069
-0.002119
-0.002165
-0.002208
-0.002248
-0.002285
-0.002319
-0.002351
-0.002379
-0.002404
-0.002425
-0.002445
-0.002460
-0.002474
-0.002484
-0.002492
-0.002497
-0.002500
-0.002499
-0.002497
-0.002493
-0.002487
-0.002482
-0.002475
-0.002468
-0.002461
-0.002453
-0.002447
-0.002442
-0.002439
-0.002436
-0.002435
-0.002437
-0.002441
-0.002447
-0.002457
-0.002469
-0.002483
-0.002501
-0.002522
-0.002544
-0.002570
-0.002599
-0.002631
-0.002665
-0.002702
-0.002741
-0.002782
-0.002825
-0.002871
-0.002917
-0.002965
-0.003014
-0.003064
-0.003113
-0.003162
-0.003210
-0.003258
-0.003304
-0.003348
-0.003391
-0.003431
-0.003469
-0.003506
-0.003540
-0.003571
-0.003599
-0.003625
-0.003648
-0.003669
-0.003686
-0.003700
-0.003711
-0.003721
-0.003728
-0.003733
-0.003736
-0.003736
-0.003734
-0.003729
-0.003724
-0.003717
-0.003709
-0.003701
-0.003692
-0.003683
-0.003674
-0.003666
-0.003658
-0.003650
-0.003644
-0.003637
-0.003633
-0.003630
-0.003626
-0.003624
-0.003622
-0.003620
-0.003620
-0.003621
-0.003622
-0.003624
-0.003627
-0.003631
-0.003635
-0.003641
-0.003648
-0.003655
-0.003664
-0.003672
-0.003682
-0.003690
-0.003698
-0.003705
-0.003713
-0.003721
-0.003727
-0.003733
-0.003739
-0.003744
-0.003749
-0.003754
-0.003759
-0.003763
-0.003767
-0.003770
-0.003773
-0.003776
-0.003779
-0.003781
-0.003781
-0.003783
-0.003786
-0.003789
-0.003791
-0.003794
-0.003797
-0.003801
-0.003808
-0.003814
-0.003822
-0.003831
-0.003841
-0.003852
-0.003864
-0.003878
-0.003892
-0.003907
-0.003923
-0.003940
-0.003956
-0.003974
-0.003991
-0.004009
-0.004025
-0.004041
-0.004057
-0.004073
-0.004087
-0.004101
-0.004114
-0.004126
-0.004137
-0.004147
-0.004155
-0.004160
-0.004164
-0.004166
-0.004166
-0.004161
-0.004155
-0.004146
-0.004134
-0.004121
-0.004104
-0.004088
-0.004068
-0.004046
-0.004024
-0.004000
-0.003975
-0.003949
-0.003922
-0.003894
-0.003866
-0.003837
-0.003809
-0.003781
-0.003754
-0.003729
-0.003704
-0.003682
-0.003662
-0.003644
-0.003629
-0.003617
-0.003608
-0.003602
-0.003600
-0.003601
-0.003607
-0.003617
-0.003630
-0.003648
-0.003668
-0.003693
-0.003719
-0.003750
-0.003785
-0.003822
-0.003862
-0.003905
-0.003951
-0.003998
-0.004047
-0.004096
-0.004146
-0.004197
-0.004248
-0.004297
-0.004346
-0.004395
-0.004443
-0.004489
-0.004533
-0.004574
-0.004613
-0.004648
-0.004680
-0.004708
-0.004733
-0.004753
-0.004770
-0.004782
-0.004790
-0.004793
-0.004793
-0.004787
-0.004777
-0.004763
-0.004746
-0.004725
-0.004699
-0.004667
-0.004633
-0.004595
-0.004553
-0.004508
-0.004463
-0.004414
-0.004363
-0.004311
-0.004258
-0.004205
-0.004150
-0.004097
-0.004043
-0.003991
-0.003939
-0.003886
-0.003837
-0.003787
-0.003741
-0.003696
-0.003653
-0.003613
-0.003575
-0.003540
-0.003509
-0.003480
-0.003456
-0.003435
-0.003418
-0.003404
-0.003394
-0.003387
-0.003383
-0.003383
-0.003386
-0.003390
-0.003397
-0.003406
-0.003417
-0.003429
-0.003443
-0.003458
-0.003473
-0.003489
-0.003505
-0.003521
-0.003536
-0.003551
-0.003565
-0.003578
-0.003591
-0.003601
-0.003609
-0.003614
-0.003617
-0.003616
-0.003612
-0.003604
-0.003593
-0.003579
-0.003561
-0.003539
-0.003514
-0.003486
-0.003453
-0.003418
-0.003379
-0.003336
-0.003291
-0.003243
-0.003192
-0.003137
-0.003079
-0.003019
-0.002957
-0.002894
-0.002829
-0.002762
-0.002695
-0.002626
-0.002557
-0.002489
-0.002421
-0.002355
-0.002290
-0.002226
-0.002164
-0.002104
-0.002047
-0.001993
-0.001942
-0.001894
-0.001848
-0.001806
-0.001768
-0.001733
-0.001701
-0.001673
-0.001649
-0.001628
-0.001612
-0.001600
-0.001592
-0.001589
-0.001589
-0.001592
-0.001600
-0.001611
-0.001624
-0.001640
-0.001659
-0.001678
-0.001701
-0.001725
-0.001749
-0.001775
-0.001801
-0.001828
-0.001855
-0.001882
-0.001908
-0.001933
-0.001958
-0.001982
-0.002004
-0.002024
-0.002042
-0.002057
-0.002070
-0.002081
-0.002087
-0.002089
-0.002089
-0.002085
-0.002078
-0.002067
-0.002053
-0.002036
-0.002015
-0.001991
-0.001964
-0.001933
-0.001899
-0.001863
-0.001824
-0.001781
-0.001736
-0.001688
-0.001638
-0.001585
-0.001530
-0.001473
-0.001415
-0.001356
-0.001296
-0.001235
-0.001173
-0.001111
-0.001050
-0.000989
-0.000928
-0.000867
-0.000808
-0.000748
-0.000690
-0.000631
-0.000574
-0.000516
-0.000460
-0.000404
-0.000350
-0.000297
-0.000244
-0.000193
-0.000145
-0.000098
-0.000052
-0.000008
0.000035
0.000077
0.000116
0.000155
0.000191
0.000226
0.000259
0.000290
0.000321
0.000348
0.000375
0.000402
0.000427
0.000450
0.000471
0.000491
0.000510
0.000528
0.000544
0.000561
0.000577
0.000591
0.000604
0.000617
0.000629
0.000642
0.000655
0.000667
0.000679
0.000691
0.000703
0.000716
0.000729
0.000743
0.000755
0.000768
0.000782
0.000795
0.000809
0.000825
0.000840
0.000855
0.000872
0.000889
0.000906
0.000924
0.000942
0.000960
0.000977
0.000994
0.001010
0.001026
0.001042
0.001058
0.001075
0.001090
0.001103
0.001116
0.001128
0.001140
0.001150
0.001161
0.001169
0.001177
0.001183
0.001189
0.001194
0.001200
0.001206
0.001212
0.001218
0.001225
0.001232
0.001241
0.001248
0.001257
0.001266
0.001276
0.001289
0.001303
0.001320
0.001338
0.001359
0.001383
0.001408
0.001437
0.001468
0.001502
0.001540
0.001581
0.001623
0.001670
0.001718
0.001770
0.001822
0.001877
0.001934
0.001991
0.002048
0.002108
0.002168
0.002230
0.002292
0.002354
0.002416
0.002477
0.002537
0.002597
0.002655
0.002712
0.002767
0.002820
0.002869
0.002917
0.002961
0.003002
0.003038
0.003072
0.003103
0.003130
0.003154
0.003174
0.003190
0.003205
0.003215
0.003222
0.003225
0.003225
0.003223
0.003217
0.003208
0.003198
0.003184
0.003168
0.003151
0.003132
0.003113
0.003093
0.003071
0.003049
0.003027
0.003007
0.002988
0.002969
0.002950
0.002933
0.002918
0.002902
0.002889
0.002877
0.002868
0.002859
0.002853
0.002849
0.002848
0.002849
0.002852
0.002857
0.002863
0.002870
0.002880
0.002892
0.002905
0.002919
0.002935
0.002951
0.002968
0.002986
0.003003
0.003020
0.003038
0.003056
0.003074
0.003092
0.003109
0.003127
0.003144
0.003161
0.003177
0.003192
0.003208
0.003223
0.003237
0.003251
0.003267
0.003281
0.003296
0.003309
0.003323
0.003337
0.003351
0.003365
0.003379
0.003394
0.003409
0.003424
0.003439
0.003456
0.003472
0.003492
0.003510
0.003531
0.003552
0.003573
0.003596
0.003620
0.003643
0.003668
0.003693
0.003718
0.003744
0.003770
0.003798
0.003827
0.003856
0.003885
0.003916
0.003948
0.003979
0.004010
0.004041
0.004073
0.004103
0.004134
0.004164
0.004195
0.004224
0.004252
0.004279
0.004307
0.004334
0.004361
0.004386
0.004411
0.004434
0.004457
0.004480
0.004501
0.004522
0.004541
0.004559
0.004576
0.004592
0.004606
0.004618
0.004631
0.004641
0.004649
0.004655
0.004660
0.004664
0.004665
0.004666
0.004664
0.004662
0.004658
0.004654
0.004648
0.004640
0.004630
0.004621
0.004609
0.004596
0.004581
0.004564
0.004546
0.004526
0.004506
0.004485
0.004464
0.004442
0.004420
0.004398
0.004377
0.004356
0.004335
0.004315
0.004297
0.004278
0.004261
0.004246
0.004232
0.004219
0.004208
0.004198
0.004191
0.004185
0.004181
0.004178
0.004178
0.004180
0.004184
0.004190
0.004197
0.004206
0.004215
0.004226
0.004239
0.004253
0.004268
0.004283
0.004299
0.004315
0.004330
0.004345
0.004360
0.004375
0.004390
0.004404
0.004416
0.004427
0.004437
0.004445
0.004452
0.004457
0.004460
0.004460
0.004459
0.004455
0.004449
0.004441
0.004429
0.004416
0.004401
0.004383
0.004363
0.004340
0.004315
0.004288
0.004259
0.004229
0.004197
0.004164
0.004129
0.004092
0.004056
0.004018
0.003979
0.003940
0.003900
0.003858
0.003817
0.003776
0.003736
0.003695
0.003656
0.003618
0.003580
0.003543
0.003508
0.003475
0.003445
0.003414
0.003385
0.003357
0.003329
0.003304
0.003281
0.003258
0.003238
0.003218
0.003200
0.003183
0.003168
0.003154
0.003142
0.003131
0.003123
0.003114
0.003107
0.003099
0.003093
0.003088
0.003083
0.003078
0.003074
0.003070
0.003066
0.003063
0.003059
0.003054
0.003050
0.003045
0.003041
0.003036
0.003032
0.003027
0.003021
0.003016
0.003008
0.003000
0.002992
0.002982
0.002971
0.002959
0.002946
0.002932
0.002917
0.002900
0.002883
0.002864
0.002844
0.002824
0.002801
0.002777
0.002752
0.002727
0.002702
0.002674
0.002645
0.002615
0.002584
0.002552
0.002519
0.002485
0.002451
0.002416
0.002382
0.002345
0.002310
0.002274
0.002238
0.002203
0.002167
0.002131
0.002095
0.002060
0.002024
0.001989
0.001954
0.001919
0.001886
0.001851
0.001818
0.001785
0.001753
0.001722
0.001691
0.001661
0.001632
0.001603
0.001574
0.001546
0.001518
0.001489
0.001461
0.001432
0.001403
0.001374
0.001345
0.001315
0.001284
0.001254
0.001223
0.001191
0.001158
0.001123
0.001089
0.001053
0.001018
0.000982
0.000945
0.000908
0.000870
0.000832
0.000793
0.000753
0.000713
0.000672
0.000630
0.000588
0.000546
0.000503
0.000460
0.000418
0.000376
0.000335
0.000294
0.000254
0.000216
0.000178
0.000141
0.000106
0.000072
0.000038
0.000006
-0.000025
-0.000056
-0.000085
-0.000113
-0.000140
-0.000166
-0.000189
-0.000211
-0.000231
-0.000250
-0.000267
-0.000282
-0.000295
-0.000306
-0.000318
-0.000327
-0.000334
-0.000342
-0.000347
-0.000352
-0.000356
-0.000357
-0.000358
-0.000357
-0.000355
-0.000352
-0.000349
-0.000345
-0.000341
-0.000334
-0.000328
-0.000323
-0.000317
-0.000311
-0.000304
-0.000298
-0.000293
-0.000287
-0.000283
-0.000279
-0.000277
-0.000274
-0.000273
-0.000274
-0.000275
-0.000279
-0.000282
-0.000287
-0.000293
-0.000301
-0.000310
-0.000321
-0.000333
-0.000347
-0.000361
-0.000378
-0.000397
-0.000417
-0.000435
-0.000456
-0.000479
-0.000502
-0.000527
-0.000551
-0.000576
-0.000602
-0.000628
-0.000654
-0.000680
-0.000708
-0.000735
-0.000762
-0.000789
-0.000816
-0.000843
-0.000870
-0.000897
-0.000923
-0.000950
-0.000977
-0.001002
-0.001027
-0.001050
-0.001075
-0.001097
-0.001120
-0.001143
-0.001164
-0.001186
-0.001207
-0.001228
-0.001249
-0.001272
-0.001294
-0.001317
-0.001341
-0.001365
-0.001390
-0.001416
-0.001442
-0.001470
-0.001499
-0.001528
-0.001559
-0.001590
-0.001624
-0.001658
-0.001693
-0.001731
-0.001768
-0.001807
-0.001847
-0.001889
-0.001932
-0.001974
-0.002018
-0.002062
-0.002107
-0.002152
-0.002197
-0.002241
-0.002285
-0.002329
-0.002372
-0.002414
-0.002455
-0.002496
-0.002534
-0.002572
-0.002608
-0.002642
-0.002674
-0.002704
-0.002734
-0.002760
-0.002786
-0.002810
-0.002833
-0.002855
-0.002873
-0.002891
-0.002906
-0.002921
-0.002933
-0.002945
-0.002956
-0.002966
-0.002977
-0.002987
-0.002996
-0.003006
-0.003016
-0.003027
-0.003037
-0.003048
-0.003060
-0.003073
-0.003087
-0.003101
-0.003118
-0.003135
-0.003154
-0.003173
-0.003195
-0.003217
-0.003243
-0.003269
-0.003297
-0.003326
-0.003357
-0.003388
-0.003421
-0.003454
-0.003487
-0.003521
-0.003555
-0.003589
-0.003622
-0.003653
-0.003684
-0.003715
-0.003744
-0.003773
-0.003801
-0.003826
-0.003850
-0.003872
-0.003892
-0.003911
-0.003929
-0.003945
-0.003959
-0.003972
-0.003984
-0.003994
-0.004002
-0.004008
-0.004013
-0.004018
-0.004023
-0.004026
-0.004030
-0.004034
-0.004038
-0.004043
-0.004048
-0.004053
-0.004061
-0.004069
-0.004078
-0.004089
-0.004101
-0.004114
-0.004128
-0.004143
-0.004161
-0.004179
-0.004198
-0.004217
-0.004238
-0.004260
-0.004283
-0.004306
-0.004329
-0.004352
-0.004375
-0.004399
-0.004422
-0.004443
-0.004467
-0.004488
-0.004508
-0.004528
-0.004546
-0.004562
-0.004577
-0.004591
-0.004603
-0.004613
-0.004622
-0.004629
-0.004634
-0.004637
-0.004639
-0.004639
-0.004637
-0.004634
-0.004629
-0.004623
-0.004616
-0.004609
-0.004600
-0.004592
-0.004581
-0.004571
-0.004560
-0.004549
-0.004538
-0.004528
-0.004519
-0.004510
-0.004502
-0.004495
-0.004488
-0.004484
-0.004479
-0.004477
-0.004476
-0.004477
-0.004478
-0.004481
-0.004486
-0.004491
-0.004497
-0.004505
-0.004514
-0.004524
-0.004535
-0.004548
-0.004562
-0.004576
-0.004590
-0.004605
-0.004621
-0.004636
-0.004653
-0.004668
-0.004684
-0.004700
-0.004715
-0.004729
-0.004744
-0.004757
-0.004770
-0.004783
-0.004795
-0.004807
-0.004818
-0.004830
-0.004841
-0.004852
-0.004862
-0.004873
-0.004883
-0.004895
-0.004905
-0.004916
-0.004926
-0.004934
-0.004945
-0.004955
-0.004964
-0.004973
-0.004982
-0.004992
-0.005001
-0.005009
-0.005017
-0.005025
-0.005032
-0.005038
-0.005043
-0.005048
-0.005052
-0.005056
-0.005057
-0.005058
-0.005056
-0.005053
-0.005048
-0.005041
-0.005032
-0.005021
-0.005007
-0.004991
-0.004972
-0.004950
-0.004927
-0.004902
-0.004874
-0.004842
-0.004810
-0.004776
-0.004739
-0.004701
-0.004661
-0.004620
-0.004578
-0.004533
-0.004489
-0.004443
-0.004397
-0.004350
-0.004304
-0.004260
-0.004215
-0.004172
-0.004130
-0.004091
-0.004054
-0.004020
-0.003988
-0.003958
-0.003929
-0.003905
-0.003883
-0.003864
-0.003846
-0.003831
-0.003818
-0.003807
-0.003798
-0.003790
-0.003787
-0.003783
-0.003781
-0.003781
-0.003781
-0.003781
-0.003781
-0.003779
-0.003777
-0.003774
-0.003769
-0.003762
-0.003754
-0.003744
-0.003731
-0.003715
-0.003698
-0.003678
-0.003657
-0.003633
-0.003607
-0.003578
-0.003547
-0.003514
-0.003478
-0.003441
-0.003404
-0.003364
-0.003323
-0.003281
-0.003237
-0.003193
-0.003149
-0.003104
-0.003060
-0.003016
-0.002972
-0.002929
-0.002887
-0.002846
-0.002807
-0.002768
-0.002732
-0.002698
-0.002665
-0.002634
-0.002604
-0.002575
-0.002547
-0.002521
-0.002495
-0.002472
-0.002448
-0.002426
-0.002402
-0.002379
-0.002356
-0.002332
-0.002308
-0.002285
-0.002260
-0.002232
-0.002205
-0.002176
-0.002145
-0.002111
-0.002074
-0.002036
-0.001995
-0.001952
-0.001908
-0.001861
-0.001812
-0.001761
-0.001708
-0.001653
-0.001596
-0.001540
-0.001483
-0.001424
-0.001366
-0.001309
-0.001252
-0.001195
-0.001141
-0.001087
-0.001036
-0.000987
-0.000942
-0.000900
-0.000861
-0.000825
-0.000793
-0.000764
-0.000742
-0.000722
-0.000706
-0.000695
-0.000688
-0.000685
-0.000686
-0.000691
-0.000698
-0.000709
-0.000722
-0.000737
-0.000756
-0.000776
-0.000796
-0.000817
-0.000837
-0.000857
-0.000877
-0.000895
-0.000912
-0.000926
-0.000938
-0.000947
-0.000951
-0.000950
-0.000946
-0.000936
-0.000920
-0.000899
-0.000872
-0.000841
-0.000803
-0.000760
-0.000712
-0.000659
-0.000600
-0.000538
-0.000470
-0.000398
-0.000324
-0.000246
-0.000164
-0.000081
0.000004
0.000090
0.000175
0.000261
0.000347
0.000433
0.000516
0.000597
0.000675
0.000750
0.000822
0.000889
0.000952
0.001010
0.001063
0.001111
0.001153
0.001189
0.001221
0.001247
0.001267
0.001283
0.001293
0.001301
0.001302
0.001300
0.001294
0.001284
0.001273
0.001258
0.001241
0.001223
0.001203
0.001183
0.001163
0.001143
0.001124
0.001106
0.001089
0.001075
0.001064
0.001056
0.001051
0.001049
0.001049
0.001055
0.001062
0.001073
0.001088
0.001107
0.001128
0.001152
0.001179
0.001209
0.001241
0.001276
0.001313
0.001351
0.001391
0.001432
0.001475
0.001518
0.001560
0.001602
0.001643
0.001684
0.001724
0.001762
0.001798
0.001832
0.001863
0.001893
0.001920
0.001945
0.001969
0.001990
0.002007
0.002023
0.002036
0.002048
0.002058
0.002066
0.002072
0.002077
0.002081
0.002084
0.002087
0.002089
0.002091
0.002093
0.002096
0.002100
0.002105
0.002111
0.002120
0.002130
0.002143
0.002157
0.002174
0.002193
0.002216
0.002240
0.002267
0.002297
0.002329
0.002364
0.002401
0.002439
0.002480
0.002521
0.002564
0.002609
0.002656
0.002703
0.002752
0.002800
0.002849
0.002899
0.002948
0.002999
0.003047
0.003095
0.003143
0.003189
0.003234
0.003277
0.003317
0.003356
0.003394
0.003429
0.003461
0.003492
0.003522
0.003549
0.003575
0.003600
0.003623
0.003645
0.003665
0.003685
0.003703
0.003720
0.003735
0.003750
0.003765
0.003778
0.003790
0.003802
0.003815
0.003827
0.003840
0.003853
0.003866
0.003878
0.003892
0.003906
0.003920
0.003933
0.003947
0.003962
0.003976
0.003989
0.004003
0.004017
0.004030
0.004043
0.004056
0.004067
0.004078
0.004089
0.004099
0.004107
0.004117
0.004124
0.004130
0.004136
0.004142
0.004147
0.004151
0.004155
0.004157
0.004160
0.004164
0.004166
0.004169
0.004172
0.004175
0.004179
0.004184
0.004190
0.004197
0.004203
0.004212
0.004223
0.004235
0.004248
0.004262
0.004277
0.004294
0.004311
0.004329
0.004349
0.004369
0.004389
0.004410
0.004432
0.004453
0.004476
0.004498
0.004520
0.004542
0.004561
0.004581
0.004600
0.004618
0.004635
0.004652
0.004666
0.004679
0.004690
0.004699
0.004707
0.004714
0.004719
0.004722
0.004723
0.004724
0.004723
0.004721
0.004717
0.004715
0.004709
0.004704
0.004699
0.004694
0.004688
0.004682
0.004676
0.004671
0.004667
0.004665
0.004664
0.004663
0.004664
0.004667
0.004671
0.004677
0.004685
0.004693
0.004706
0.004720
0.004736
0.004754
0.004774
0.004794
0.004817
0.004841
0.004866
0.004892
0.004918
0.004945
0.004972
0.004999
0.005026
0.005051
0.005075
0.005099
0.005122
0.005141
0.005159
0.005176
0.005191
0.005203
0.005211
0.005218
0.005223
0.005224
0.005222
0.005219
0.005212
0.005203
0.005191
0.005177
0.005161
0.005142
0.005120
0.005097
0.005072
0.005044
0.005016
0.004987
0.004958
0.004929
0.004900
0.004870
0.004840
0.004812
0.004786
0.004760
0.004735
0.004713
0.004693
0.004675
0.004659
0.004645
0.004633
0.004623
0.004616
0.004611
0.004608
0.004607
0.004608
0.004612
0.004617
0.004624
0.004632
0.004640
0.004650
0.004661
0.004671
0.004681
0.004691
0.004700
0.004708
0.004714
0.004719
0.004722
0.004723
0.004723
0.004718
0.004710
0.004700
0.004687
0.004671
0.004651
0.004628
0.004603
0.004573
0.004539
0.004502
0.004463
0.004420
0.004374
0.004326
0.004275
0.004223
0.004168
0.004112
0.004055
0.003997
0.003937
0.003878
0.003817
0.003758
0.003699
0.003640
0.003583
0.003527
0.003474
0.003423
0.003373
0.003326
0.003282
0.003241
0.003202
0.003167
0.003136
0.003106
0.003080
0.003057
0.003039
0.003022
0.003008
0.002996
0.002986
0.002979
0.002974
0.002971
0.002969
0.002970
0.002970
0.002972
0.002975
0.002977
0.002979
0.002980
0.002980
0.002978
0.002974
0.002970
0.002963
0.002955
0.002943
0.002929
0.002913
0.002894
0.002874
0.002851
0.002825
0.002796
0.002765
0.002730
0.002694
0.002656
0.002616
0.002573
0.002529
0.002484
0.002437
0.002391
0.002344
0.002297
0.002250
0.002203
0.002157
0.002111
0.002067
0.002024
0.001982
0.001944
0.001907
0.001874
0.001842
0.001813
0.001786
0.001761
0.001739
0.001721
0.001703
0.001689
0.001678
0.001670
0.001664
0.001659
0.001656
0.001656
0.001657
0.001661
0.001665
0.001670
0.001675
0.001681
0.001687
0.001693
0.001698
0.001704
0.001708
0.001712
0.001716
0.001717
0.001718
0.001716
0.001713
0.001708
0.001702
0.001693
0.001683
0.001670
0.001656
0.001640
0.001621
0.001600
0.001578
0.001553
0.001526
0.001497
0.001466
0.001433
0.001399
0.001363
0.001325
0.001287
0.001246
0.001204
0.001163
0.001120
0.001076
0.001031
0.000984
0.000937
0.000890
0.000843
0.000795
0.000746
0.000697
0.000647
0.000598
0.000549
0.000499
0.000450
0.000403
0.000355
0.000308
0.000262
0.000216
0.000172
0.000127
0.000085
0.000045
0.000007
-0.000031
-0.000067
-0.000102
-0.000135
-0.000165
-0.000194
-0.000222
-0.000247
-0.000269
-0.000291
-0.000310
-0.000328
-0.000342
-0.000356
-0.000369
-0.000381
-0.000391
-0.000400
-0.000407
-0.000415
-0.000422
-0.000429
-0.000435
-0.000443
-0.000451
-0.000460
-0.000469
-0.000479
-0.000490
-0.000504
-0.000519
-0.000537
-0.000556
-0.000577
-0.000602
-0.000628
-0.000655
-0.000686
-0.000719
-0.000754
-0.000793
-0.000833
-0.000877
-0.000921
-0.000968
-0.001017
-0.001067
-0.001119
-0.001172
-0.001226
-0.001281
-0.001337
-0.001392
-0.001448
-0.001503
-0.001557
-0.001613
-0.001668
-0.001721
-0.001774
-0.001825
-0.001875
-0.001921
-0.001966
-0.002009
-0.002048
-0.002086
-0.002121
-0.002155
-0.002184
-0.002210
-0.002234
-0.002256
-0.002275
-0.002291
-0.002306
-0.002319
-0.002329
-0.002339
-0.002348
-0.002355
-0.002361
-0.002366
-0.002371
-0.002376
-0.002382
-0.002387
-0.002392
-0.002398
-0.002404
-0.002411
-0.002420
-0.002431
-0.002443
-0.002455
-0.002470
-0.002486
-0.002505
-0.002525
-0.002548
-0.002572
-0.002599
-0.002628
-0.002657
-0.002689
-0.002722
-0.002755
-0.002789
-0.002824
-0.002860
-0.002897
-0.002934
-0.002970
-0.003008
-0.003045
-0.003082
-0.003118
-0.003153
-0.003187
-0.003221
-0.003252
-0.003282
-0.003311
-0.003336
-0.003359
-0.003381
-0.003401
-0.003419
-0.003433
-0.003447
-0.003458
-0.003467
-0.003473
-0.003479
-0.003482
-0.003485
-0.003486
-0.003487
-0.003486
-0.003484
-0.003481
-0.003479
-0.003476
-0.003474
-0.003472
-0.003469
-0.003468
-0.003468
-0.003471
-0.003474
-0.003479
-0.003486
-0.003495
-0.003505
-0.003517
-0.003531
-0.003546
-0.003563
-0.003582
-0.003603
-0.003626
-0.003650
-0.003677
-0.003706
-0.003735
-0.003765
-0.003797
-0.003829
-0.003863
-0.003897
-0.003932
-0.003968
-0.004003
-0.004038
-0.004073
-0.004107
-0.004142
-0.004175
-0.004207
-0.004237
-0.004267
-0.004296
-0.004323
-0.004350
-0.004374
-0.004397
-0.004419
-0.004437
-0.004454
-0.004469
-0.004482
-0.004493
-0.004502
-0.004509
-0.004513
-0.004516
-0.004517
-0.004517
-0.004515
-0.004510
-0.004504
-0.004496
-0.004487
-0.004476
-0.004463
-0.004450
-0.004436
-0.004420
-0.004403
-0.004385
-0.004366
-0.004347
-0.004328
-0.004308
-0.004287
-0.004265
-0.004243
-0.004221
-0.004197
-0.004175
-0.004153
-0.004132
-0.004110
-0.004090
-0.004070
-0.004051
-0.004033
-0.004016
-0.004001
-0.003987
-0.003975
-0.003964
-0.003956
-0.003948
-0.003942
-0.003938
-0.003937
-0.003939
-0.003942
-0.003948
-0.003957
-0.003968
-0.003982
-0.003999
-0.004018
-0.004040
-0.004064
-0.004090
-0.004120
-0.004152
-0.004186
-0.004222
-0.004260
-0.004299
-0.004340
-0.004384
-0.004429
-0.004474
-0.004520
-0.004568
-0.004616
-0.004665
-0.004715
-0.004764
-0.004815
-0.004866
-0.004916
-0.004965
-0.005014
-0.005061
-0.005107
-0.005151
-0.005194
-0.005236
-0.005275
-0.005312
-0.005349
-0.005384
-0.005415
-0.005443
-0.005468
-0.005491
-0.005513
-0.005530
-0.005546
-0.005558
-0.005566
-0.005572
-0.005575
-0.005574
-0.005569
-0.005563
-0.005552
-0.005539
-0.005521
-0.005502
-0.005481
-0.005455
-0.005426
-0.005395
-0.005363
-0.005328
-0.005290
-0.005252
-0.005210
-0.005167
-0.005121
-0.005074
-0.005026
-0.004978
-0.004926
-0.004874
-0.004820
-0.004766
-0.004712
-0.004655
-0.004598
-0.004541
-0.004484
-0.004428
-0.004372
-0.004317
-0.004263
-0.004211
-0.004158
-0.004107
-0.004056
-0.004008
-0.003962
-0.003918
-0.003875
-0.003834
-0.003794
-0.003757
-0.003722
-0.003689
-0.003659
-0.003633
-0.003608
-0.003586
-0.003568
-0.003552
-0.003538
-0.003528
-0.003519
-0.003512
-0.003507
-0.003504
-0.003503
-0.003503
-0.003505
-0.003508
-0.003511
-0.003517
-0.003522
-0.003529
-0.003537
-0.003544
-0.003551
-0.003557
-0.003563
-0.003569
-0.003574
-0.003579
-0.003582
-0.003585
-0.003586
-0.003584
-0.003580
-0.003575
-0.003568
-0.003560
-0.003550
-0.003540
-0.003528
-0.003514
-0.003498
-0.003483
-0.003466
-0.003448
-0.003428
-0.003408
-0.003388
-0.003367
-0.003345
-0.003321
-0.003296
-0.003272
-0.003248
-0.003223
-0.003198
-0.003173
-0.003148
-0.003122
-0.003098
-0.003075
-0.003053
-0.003031
-0.003008
-0.002986
-0.002965
-0.002943
-0.002922
-0.002901
-0.002880
-0.002857
-0.002835
-0.002814
-0.002792
-0.002769
-0.002745
-0.002721
-0.002697
-0.002671
-0.002646
-0.002619
-0.002591
-0.002561
-0.002531
-0.002499
-0.002465
-0.002430
-0.002393
-0.002355
-0.002317
-0.002277
-0.002235
-0.002193
-0.002148
-0.002104
-0.002059
-0.002012
-0.001965
-0.001918
-0.001869
-0.001823
-0.001775
-0.001726
-0.001678
-0.001629
-0.001581
-0.001533
-0.001486
-0.001439
-0.001392
-0.001347
-0.001303
-0.001261
-0.001220
-0.001179
-0.001140
-0.001102
-0.001065
-0.001031
-0.000997
-0.000966
-0.000937
-0.000908
-0.000882
-0.000858
-0.000834
-0.000812
-0.000792
-0.000771
-0.000752
-0.000733
-0.000717
-0.000700
-0.000685
-0.000669
-0.000655
-0.000639
-0.000623
-0.000607
-0.000591
-0.000574
-0.000556
-0.000537
-0.000517
-0.000495
-0.000473
-0.000449
-0.000423
-0.000396
-0.000366
-0.000336
-0.000304
-0.000270
-0.000235
-0.000198
-0.000161
-0.000121
-0.000080
-0.000038
0.000005
0.000048
0.000092
0.000137
0.000182
0.000226
0.000270
0.000315
0.000358
0.000402
0.000445
0.000486
0.000526
0.000565
0.000602
0.000637
0.000670
0.000701
0.000731
0.000758
0.000784
0.000808
0.000830
0.000850
0.000868
0.000885
0.000900
0.000914
0.000926
0.000936
0.000946
0.000954
0.000961
0.000967
0.000974
0.000980
0.000986
0.000993
0.001000
0.001009
0.001020
0.001032
0.001044
0.001059
0.001077
0.001095
0.001115
0.001140
0.001165
0.001194
0.001226
0.001259
0.001295
0.001332
0.001372
0.001414
0.001457
0.001501
0.001547
0.001594
0.001642
0.001690
0.001739
0.001787
0.001834
0.001881
0.001926
0.001970
0.002012
0.002051
0.002089
0.002124
0.002157
0.002187
0.002215
0.002239
0.002260
0.002277
0.002291
0.002302
0.002310
0.002313
0.002314
0.002313
0.002310
0.002302
0.002292
0.002279
0.002265
0.002249
0.002232
0.002215
0.002196
0.002177
0.002160
0.002143
0.002128
0.002113
0.002101
0.002091
0.002083
0.002079
0.002078
0.002082
0.002088
0.002100
0.002115
0.002135
0.002161
0.002192
0.002229
0.002271
0.002316
0.002366
0.002422
0.002483
0.002548
0.002616
0.002688
0.002764
0.002842
0.002923
0.003005
0.003088
0.003172
0.003256
0.003341
0.003425
0.003509
0.003592
0.003672
0.003750
0.003825
0.003896
0.003964
0.004028
0.004086
0.004141
0.004190
0.004234
0.004272
0.004304
0.004331
0.004352
0.004367
0.004378
0.004383
0.004384
0.004378
0.004369
0.004356
0.004338
0.004317
0.004291
0.004264
0.004235
0.004203
0.004170
0.004137
0.004102
0.004066
0.004031
0.003996
0.003963
0.003931
0.003899
0.003871
0.003844
0.003820
0.003800
0.003783
0.003769
0.003758
0.003751
0.003746
0.003744
0.003745
0.003750
0.003756
0.003766
0.003780
0.003795
0.003813
0.003832
0.003855
0.003878
0.003903
0.003928
0.003955
0.003983
0.004012
0.004040
0.004069
0.004098
0.004125
0.004154
0.004180
0.004205
0.004229
0.004252
0.004271
0.004291
0.004309
0.004327
0.004342
0.004356
0.004368
0.004380
0.004388
0.004395
0.004402
0.004408
0.004412
0.004415
0.004417
0.004418
0.004417
0.004415
0.004413
0.004410
0.004407
0.004403
0.004398
0.004394
0.004388
0.004382
0.004375
0.004369
0.004363
0.004356
0.004349
0.004342
0.004336
0.004328
0.004321
0.004313
0.004305
0.004297
0.004288
0.004280
0.004271
0.004262
0.004254
0.004245
0.004236
0.004228
0.004219
0.004211
0.004204
0.004196
0.004190
0.004184
0.004178
0.004173
0.004168
0.004165
0.004161
0.004158
0.004156
0.004154
0.004155
0.004156
0.004159
0.004162
0.004166
0.004172
0.004180
0.004187
0.004197
0.004209
0.004221
0.004234
0.004248
0.004264
0.004280
0.004297
0.004314
0.004332
0.004349
0.004368
0.004387
0.004406
0.004425
0.004443
0.004461
0.004478
0.004495
0.004511
0.004525
0.004539
0.004551
0.004561
0.004570
0.004576
0.004580
0.004582
0.004583
0.004581
0.004577
0.004570
0.004561
0.004549
0.004536
0.004520
0.004502
0.004482
0.004460
0.004436
0.004409
0.004381
0.004349
0.004317
0.004282
0.004247
0.004210
0.004171
0.004132
0.004092
0.004051
0.004009
0.003969
0.003929
0.003888
0.003847
0.003807
0.003768
0.003730
0.003693
0.003658
0.003624
0.003592
0.003563
0.003534
0.003508
0.003484
0.003462
0.003443
0.003426
0.003411
0.003398
0.003388
0.003380
0.003374
0.003370
0.003368
0.003368
0.003369
0.003371
0.003374
0.003378
0.003383
0.003386
0.003390
0.003396
0.003400
0.003404
0.003407
0.003409
0.003410
0.003410
0.003408
0.003406
0.003401
0.003394
0.003386
0.003375
0.003362
0.003348
0.003331
0.003312
0.003291
0.003267
0.003243
0.003215
0.003186
0.003155
0.003121
0.003088
0.003052
0.003016
0.002978
0.002940
0.002902
0.002864
0.002825
0.002785
0.002746
0.002707
0.002669
0.002630
0.002593
0.002556
0.002521
0.002486
0.002454
0.002421
0.002389
0.002358
0.002328
0.002300
0.002271
0.002245
0.002217
0.002192
0.002165
0.002139
0.002114
0.002089
0.002064
0.002038
0.002011
0.001984
0.001957
0.001930
0.001902
0.001873
0.001844
0.001814
0.001784
0.001753
0.001721
0.001689
0.001656
0.001623
0.001591
0.001557
0.001523
0.001489
0.001454
0.001419
0.001385
0.001351
0.001317
0.001283
0.001250
0.001217
0.001184
0.001153
0.001122
0.001092
0.001063
0.001034
0.001008
0.000982
0.000956
0.000933
0.000910
0.000887
0.000866
0.000845
0.000824
0.000804
0.000786
0.000768
0.000750
0.000733
0.000716
0.000700
0.000684
0.000667
0.000651
0.000635
0.000619
0.000603
0.000586
0.000570
0.000554
0.000538
0.000522
0.000506
0.000489
0.000473
0.000456
0.000440
0.000423
0.000407
0.000391
0.000374
0.000358
0.000342
0.000326
0.000310
0.000293
0.000275
0.000257
0.000239
0.000221
0.000203
0.000186
0.000167
0.000148
0.000129
0.000109
0.000087
0.000065
0.000043
0.000018
-0.000008
-0.000033
-0.000061
-0.000091
-0.000122
-0.000153
-0.000187
-0.000223
-0.000259
-0.000297
-0.000336
-0.000376
-0.000416
-0.000457
-0.000501
-0.000545
-0.000589
-0.000634
-0.000679
-0.000723
-0.000769
-0.000813
-0.000858
-0.000903
-0.000946
-0.000988
-0.001028
-0.001067
-0.001104
-0.001138
-0.001171
-0.001201
-0.001231
-0.001257
-0.001282
-0.001304
-0.001324
-0.001342
-0.001357
-0.001370
-0.001382
-0.001391
-0.001400
-0.001406
-0.001412
-0.001415
-0.001419
-0.001421
-0.001422
-0.001423
-0.001424
-0.001424
-0.001426
-0.001430
-0.001435
-0.001442
-0.001450
-0.001460
-0.001471
-0.001484
-0.001499
-0.001517
-0.001537
-0.001559
-0.001582
-0.001607
-0.001634
-0.001664
-0.001694
-0.001726
-0.001759
-0.001792
-0.001826
-0.001861
-0.001895
-0.001931
-0.001965
-0.002000
-0.002035
-0.002068
-0.002100
-0.002130
-0.002158
-0.002185
-0.002211
-0.002236
-0.002258
-0.002276
-0.002294
-0.002309
-0.002321
-0.002332
-0.002340
-0.002347
-0.002352
-0.002354
-0.002356
-0.002356
-0.002354
-0.002353
-0.002351
-0.002348
-0.002346
-0.002343
-0.002342
-0.002341
-0.002342
-0.002343
-0.002346
-0.002352
-0.002359
-0.002368
-0.002380
-0.002395
-0.002411
-0.002429
-0.002451
-0.002476
-0.002503
-0.002532
-0.002564
-0.002597
-0.002632
-0.002670
-0.002710
-0.002750
-0.002791
-0.002834
-0.002877
-0.002921
-0.002964
-0.003007
-0.003048
-0.003090
-0.003130
-0.003169
-0.003205
-0.003240
-0.003273
-0.003304
-0.003332
-0.003358
-0.003381
-0.003401
-0.003418
-0.003433
-0.003444
-0.003452
-0.003458
-0.003462
-0.003463
-0.003462
-0.003461
-0.003456
-0.003450
-0.003442
-0.003433
-0.003426
-0.003417
-0.003408
-0.003399
-0.003391
-0.003382
-0.003374
-0.003368
-0.003363
-0.003358
-0.003356
-0.003356
-0.003355
-0.003358
-0.003364
-0.003372
-0.003381
-0.003393
-0.003408
-0.003424
-0.003442
-0.003462
-0.003483
-0.003506
-0.003532
-0.003559
-0.003586
-0.003614
-0.003643
-0.003673
-0.003703
-0.003734
-0.003765
-0.003795
-0.003826
-0.003856
-0.003885
-0.003914
-0.003942
-0.003969
-0.003995
-0.004020
-0.004044
-0.004065
-0.004085
-0.004103
-0.004121
-0.004136
-0.004151
-0.004163
-0.004175
-0.004183
-0.004190
-0.004197
-0.004201
-0.004206
-0.004208
-0.004209
-0.004210
-0.004209
-0.004209
-0.004208
-0.004205
-0.004202
-0.004200
-0.004197
-0.004194
-0.004191
-0.004188
-0.004186
-0.004186
-0.004186
-0.004185
-0.004185
-0.004186
-0.004187
-0.004191
-0.004194
-0.004199
-0.004206
-0.004212
-0.004220
-0.004227
-0.004236
-0.004245
-0.004255
-0.004265
-0.004276
-0.004287
-0.004299
-0.004311
-0.004324
-0.004336
-0.004348
-0.004361
-0.004374
-0.004386
-0.004397
-0.004409
-0.004419
-0.004430
-0.004439
-0.004447
-0.004454
-0.004462
-0.004469
-0.004474
-0.004478
-0.004482
-0.004484
-0.004485
-0.004485
-0.004484
-0.004481
-0.004477
-0.004472
-0.004465
-0.004457
-0.004449
-0.004438
-0.004427
-0.004414
-0.004401
-0.004386
-0.004370
-0.004354
-0.004336
-0.004318
-0.004299
-0.004279
-0.004259
-0.004237
-0.004216
-0.004195
-0.004174
-0.004152
-0.004131
-0.004110
-0.004090
-0.004070
-0.004050
-0.004031
-0.004012
-0.003996
-0.003980
-0.003965
-0.003950
-0.003937
-0.003925
-0.003915
-0.003905
-0.003896
-0.003889
-0.003883
-0.003878
-0.003874
-0.003871
-0.003869
-0.003868
-0.003867
-0.003869
-0.003870
-0.003872
-0.003873
-0.003876
-0.003877
-0.003879
-0.003880
-0.003881
-0.003882
-0.003883
-0.003883
-0.003881
-0.003880
-0.003877
-0.003873
-0.003868
-0.003860
-0.003852
-0.003842
-0.003830
-0.003818
-0.003806
-0.003792
-0.003776
-0.003760
-0.003742
-0.003723
-0.003705
-0.003686
-0.003666
-0.003645
-0.003624
-0.003602
-0.003580
-0.003558
-0.003536
-0.003512
-0.003488
-0.003464
-0.003439
-0.003415
-0.003391
-0.003368
-0.003343
-0.003319
-0.003294
-0.003268
-0.003244
-0.003219
-0.003194
-0.003168
-0.003143
-0.003118
-0.003093
-0.003067
-0.003041
-0.003015
-0.002989
-0.002963
-0.002935
-0.002909
-0.002881
-0.002852
-0.002824
-0.002795
-0.002767
-0.002738
-0.002709
-0.002680
-0.002649
-0.002620
-0.002590
-0.002560
-0.002532
-0.002504
-0.002477
-0.002452
-0.002426
-0.002404
-0.002382
-0.002362
-0.002344
-0.002325
-0.002310
-0.002297
-0.002284
-0.002274
-0.002265
-0.002257
-0.002251
-0.002247
-0.002245
-0.002244
-0.002245
-0.002248
-0.002250
-0.002254
-0.002259
-0.002264
-0.002269
-0.002275
-0.002280
-0.002285
-0.002291
-0.002295
-0.002298
-0.002299
-0.002299
-0.002297
-0.002294
-0.002287
-0.002278
-0.002267
-0.002254
-0.002238
-0.002220
-0.002198
-0.002174
-0.002148
-0.002119
-0.002087
-0.002052
-0.002014
-0.001973
-0.001930
-0.001884
-0.001835
-0.001785
-0.001733
-0.001680
-0.001626
-0.001572
-0.001516
-0.001460
-0.001405
-0.001347
-0.001292
-0.001236
-0.001180
-0.001125
-0.001071
-0.001018
-0.000967
-0.000916
-0.000866
-0.000818
-0.000773
-0.000729
-0.000688
-0.000648
-0.000609
-0.000572
-0.000539
-0.000507
-0.000475
-0.000446
-0.000419
-0.000391
-0.000367
-0.000343
-0.000321
-0.000298
-0.000277
-0.000256
-0.000234
-0.000213
-0.000192
-0.000172
-0.000151
-0.000131
-0.000111
-0.000089
-0.000067
-0.000044
-0.000021
0.000003
0.000028
0.000054
0.000081
0.000109
0.000138
0.000166
0.000195
0.000225
0.000256
0.000286
0.000318
0.000350
0.000383
0.000416
0.000449
0.000481
0.000514
0.000545
0.000577
0.000608
0.000638
0.000669
0.000698
0.000726
0.000754
0.000780
0.000806
0.000830
0.000854
0.000876
0.000897
0.000917
0.000935
0.000953
0.000970
0.000986
0.001001
0.001014
0.001027
0.001039
0.001052
0.001063
0.001076
0.001087
0.001100
0.001114
0.001127
0.001140
0.001155
0.001171
0.001187
0.001205
0.001224
0.001245
0.001268
0.001292
0.001316
0.001342
0.001370
0.001400
0.001432
0.001466
0.001502
0.001540
0.001579
0.001619
0.001661
0.001704
0.001749
0.001795
0.001843
0.001892
0.001943
0.001994
0.002045
0.002097
0.002150
0.002202
0.002255
0.002308
0.002360
0.002412
0.002463
0.002514
0.002563
0.002612
0.002659
0.002704
0.002746
0.002788
0.002825
0.002862
0.002896
0.002928
0.002958
0.002984
0.003008
0.003030
0.003050
0.003067
0.003080
0.003092
0.003103
0.003110
0.003114
0.003117
0.003117
0.003117
0.003114
0.003109
0.003102
0.003095
0.003087
0.003079
0.003071
0.003060
0.003050
0.003041
0.003033
0.003025
0.003017
0.003009
0.003004
0.003000
0.002998
0.002997
0.002998
0.003000
0.003003
0.003008
0.003015
0.003024
0.003036
0.003050
0.003065
0.003082
0.003101
0.003121
0.003142
0.003165
0.003188
0.003212
0.003237
0.003263
0.003289
0.003316
0.003344
0.003372
0.003399
0.003428
0.003457
0.003487
0.003517
0.003547
0.003579
0.003609
0.003640
0.003671
0.003701
0.003731
0.003762
0.003793
0.003823
0.003854
0.003884
0.003916
0.003947
0.003978
0.004010
0.004043
0.004076
0.004108
0.004140
0.004173
0.004206
0.004238
0.004271
0.004305
0.004339
0.004371
0.004404
0.004436
0.004468
0.004498
0.004528
0.004556
0.004582
0.004606
0.004629
0.004650
0.004669
0.004687
0.004700
0.004713
0.004722
0.004728
0.004732
0.004732
0.004731
0.004727
0.004721
0.004713
0.004701
0.004689
0.004674
0.004659
0.004642
0.004623
0.004603
0.004583
0.004562
0.004541
0.004521
0.004501
0.004482
0.004465
0.004450
0.004437
0.004426
0.004418
0.004412
0.004409
0.004410
0.004413
0.004419
0.004429
0.004441
0.004457
0.004477
0.004498
0.004523
0.004550
0.004579
0.004611
0.004645
0.004681
0.004719
0.004756
0.004795
0.004834
0.004872
0.004909
0.004946
0.004982
0.005016
0.005047
0.005074
0.005099
0.005120
0.005137
0.005152
0.005161
0.005165
0.005165
0.005159
0.005149
0.005135
0.005116
0.005092
0.005064
0.005030
0.004993
0.004952
0.004908
0.004859
0.004808
0.004755
0.004700
0.004644
0.004586
0.004528
0.004471
0.004415
0.004360
0.004306
0.004254
0.004205
0.004159
0.004117
0.004078
0.004044
0.004014
0.003988
0.003966
0.003951
0.003942
0.003935
0.003936
0.003940
0.003948
0.003961
0.003980
0.004002
0.004027
0.004056
0.004088
0.004122
0.004158
0.004193
0.004229
0.004267
0.004303
0.004338
0.004372
0.004404
0.004434
0.004461
0.004485
0.004505
0.004522
0.004536
0.004544
0.004547
0.004545
0.004540
0.004528
0.004512
0.004492
0.004467
0.004437
0.004404
0.004367
0.004325
0.004281
0.004235
0.004186
0.004134
0.004081
0.004027
0.003972
0.003917
0.003863
0.003809
0.003756
0.003704
0.003654
0.003605
0.003560
0.003517
0.003477
0.003441
0.003407
0.003376
0.003348
0.003325
0.003304
0.003288
0.003274
0.003263
0.003255
0.003249
0.003246
0.003245
0.003245
0.003247
0.003249
0.003255
0.003261
0.003267
0.003274
0.003281
0.003288
0.003294
0.003298
0.003302
0.003305
0.003307
0.003306
0.003305
0.003303
0.003298
0.003291
0.003282
0.003270
0.003258
0.003244
0.003229
0.003213
0.003195
0.003175
0.003154
0.003132
0.003109
0.003085
0.003060
0.003035
0.003009
0.002983
0.002956
0.002931
0.002904
0.002879
0.002853
0.002828
0.002805
0.002782
0.002760
0.002738
0.002717
0.002696
0.002677
0.002657
0.002639
0.002622
0.002606
0.002589
0.002573
0.002556
0.002539
0.002524
0.002507
0.002491
0.002474
0.002456
0.002438
0.002419
0.002399
0.002378
0.002356
0.002332
0.002307
0.002281
0.002254
0.002225
0.002194
0.002161
0.002126
0.002091
0.002055
0.002017
0.001978
0.001937
0.001894
0.001850
0.001806
0.001760
0.001713
0.001667
0.001620
0.001574
0.001527
0.001481
0.001435
0.001390
0.001343
0.001297
0.001253
0.001209
0.001165
0.001122
0.001080
0.001038
0.000997
0.000956
0.000918
0.000878
0.000841
0.000804
0.000768
0.000734
0.000699
0.000666
0.000634
0.000601
0.000569
0.000538
0.000507
0.000477
0.000446
0.000417
0.000387
0.000357
0.000329
0.000301
0.000272
0.000245
0.000217
0.000189
0.000161
0.000134
0.000106
0.000078
0.000049
0.000021
-0.000008
-0.000036
-0.000063
-0.000091
-0.000118
-0.000145
-0.000171
-0.000196
-0.000222
-0.000246
-0.000271
-0.000296
-0.000319
-0.000343
-0.000366
-0.000388
-0.000409
-0.000430
-0.000450
-0.000469
-0.000489
-0.000509
-0.000529
-0.000548
-0.000568
-0.000586
-0.000603
-0.000620
-0.000637
-0.000655
-0.000672
-0.000689
-0.000706
-0.000724
-0.000742
-0.000761
-0.000779
-0.000799
-0.000819
-0.000842
-0.000862
-0.000884
-0.000907
-0.000930
-0.000953
-0.000977
-0.001002
-0.001027
-0.001052
-0.001077
-0.001102
-0.001129
-0.001155
-0.001182
-0.001208
-0.001236
-0.001262
-0.001288
-0.001315
-0.001340
-0.001367
-0.001392
-0.001417
-0.001441
-0.001465
-0.001488
-0.001511
-0.001535
-0.001558
-0.001580
-0.001602
-0.001624
-0.001645
-0.001666
-0.001687
-0.001707
-0.001727
-0.001746
-0.001764
-0.001783
-0.001800
-0.001819
-0.001835
-0.001852
-0.001869
-0.001886
-0.001902
-0.001919
-0.001937
-0.001954
-0.001972
-0.001990
-0.002010
-0.002030
-0.002049
-0.002069
-0.002090
-0.002110
-0.002131
-0.002154
-0.002175
-0.002198
-0.002222
-0.002247
-0.002272
-0.002299
-0.002327
-0.002356
-0.002384
-0.002414
-0.002443
-0.002474
-0.002505
-0.002536
-0.002566
-0.002595
-0.002625
-0.002655
-0.002685
-0.002714
-0.002742
-0.002769
-0.002795
-0.002820
-0.002844
-0.002866
-0.002887
-0.002907
-0.002925
-0.002942
-0.002956
-0.002970
-0.002982
-0.002991
-0.002998
-0.003004
-0.003007
-0.003010
-0.003011
-0.003010
-0.003009
-0.003005
-0.003001
-0.002995
-0.002988
-0.002981
-0.002974
-0.002966
-0.002958
-0.002949
-0.002939
-0.002930
-0.002921
-0.002912
-0.002904
-0.002896
-0.002889
-0.002883
-0.002877
-0.002871
-0.002868
-0.002866
-0.002867
-0.002870
-0.002873
-0.002877
-0.002883
-0.002891
-0.002901
-0.002913
-0.002926
-0.002941
-0.002958
-0.002976
-0.002997
-0.003019
-0.003044
-0.003069
-0.003096
-0.003125
-0.003154
-0.003185
-0.003215
-0.003247
-0.003279
-0.003312
-0.003346
-0.003380
-0.003412
-0.003445
-0.003477
-0.003509
-0.003542
-0.003573
-0.003604
-0.003634
-0.003664
-0.003691
-0.003717
-0.003742
-0.003765
-0.003787
-0.003806
-0.003824
-0.003840
-0.003854
-0.003867
-0.003878
-0.003887
-0.003895
-0.003900
-0.003904
-0.003907
-0.003908
-0.003908
-0.003906
-0.003904
-0.003901
-0.003896
-0.003891
-0.003885
-0.003879
-0.003874
-0.003868
-0.003860
-0.003855
-0.003849
-0.003843
-0.003838
-0.003833
-0.003829
-0.003826
-0.003822
-0.003820
-0.003817
-0.003816
-0.003814
-0.003813
-0.003814
-0.003815
-0.003815
-0.003817
-0.003817
-0.003818
-0.003820
-0.003822
-0.003824
-0.003826
-0.003828
-0.003828
-0.003829
-0.003829
-0.003829
-0.003829
-0.003828
-0.003826
-0.003825
-0.003825
-0.003823
-0.003821
-0.003819
-0.003816
-0.003813
-0.003812
-0.003809
-0.003808
-0.003805
-0.003803
-0.003802
-0.003800
-0.003798
-0.003798
-0.003798
-0.003799
-0.003799
-0.003802
-0.003804
-0.003806
-0.003810
-0.003815
-0.003821
-0.003826
-0.003833
-0.003840
-0.003848
-0.003856
-0.003863
-0.003871
-0.003879
-0.003887
-0.003896
-0.003904
-0.003913
-0.003920
-0.003927
-0.003933
-0.003939
-0.003944
-0.003948
-0.003949
-0.003950
-0.003949
-0.003947
-0.003945
-0.003942
-0.003936
-0.003930
-0.003924
-0.003916
-0.003907
-0.003896
-0.003885
-0.003872
-0.003859
-0.003845
-0.003831
-0.003817
-0.003804
-0.003791
-0.003778
-0.003765
-0.003752
-0.003739
-0.003727
-0.003716
-0.003706
-0.003697
-0.003689
-0.003684
-0.003679
-0.003676
-0.003672
-0.003671
-0.003671
-0.003672
-0.003672
-0.003674
-0.003677
-0.003681
-0.003683
-0.003686
-0.003689
-0.003692
-0.003695
-0.003696
-0.003697
-0.003696
-0.003693
-0.003689
-0.003682
-0.003675
-0.003665
-0.003653
-0.003639
-0.003623
-0.003605
-0.003583
-0.003558
-0.003533
-0.003504
-0.003474
-0.003440
-0.003406
-0.003369
-0.003330
-0.003291
-0.003249
-0.003207
-0.003163
-0.003119
-0.003074
-0.003030
-0.002985
-0.002941
-0.002897
-0.002854
-0.002812
-0.002770
-0.002732
-0.002694
-0.002659
-0.002626
-0.002593
-0.002564
-0.002537
-0.002513
-0.002492
-0.002473
-0.002456
-0.002443
-0.002432
-0.002422
-0.002415
-0.002410
-0.002406
-0.002405
-0.002405
-0.002406
-0.002410
-0.002415
-0.002420
-0.002426
-0.002433
-0.002440
-0.002447
-0.002455
-0.002462
-0.002467
-0.002471
-0.002475
-0.002479
-0.002481
-0.002481
-0.002480
-0.002478
-0.002475
-0.002469
-0.002462
-0.002453
-0.002443
-0.002430
-0.002415
-0.002400
-0.002383
-0.002364
-0.002344
-0.002323
-0.002299
-0.002276
-0.002252
-0.002226
-0.002199
-0.002171
-0.002142
-0.002114
-0.002086
-0.002058
-0.002029
-0.002000
-0.001972
-0.001944
-0.001915
-0.001887
-0.001860
-0.001834
-0.001808
-0.001782
-0.001756
-0.001731
-0.001706
-0.001682
-0.001659
-0.001636
-0.001613
-0.001590
-0.001567
-0.001545
-0.001523
-0.001501
-0.001480
-0.001459
-0.001437
-0.001416
-0.001393
-0.001371
-0.001349
-0.001326
-0.001305
-0.001284
-0.001262
-0.001241
-0.001220
-0.001200
-0.001179
-0.001159
-0.001139
-0.001119
-0.001099
-0.001080
-0.001060
-0.001040
-0.001022
-0.001003
-0.000984
-0.000967
-0.000950
-0.000933
-0.000916
-0.000900
-0.000884
-0.000869
-0.000853
-0.000838
-0.000822
-0.000806
-0.000790
-0.000775
-0.000759
-0.000742
-0.000725
-0.000708
-0.000691
-0.000671
-0.000654
-0.000635
-0.000616
-0.000596
-0.000575
-0.000553
-0.000532
-0.000508
-0.000485
-0.000461
-0.000436
-0.000410
-0.000383
-0.000357
-0.000330
-0.000302
-0.000274
-0.000246
-0.000218
-0.000190
-0.000160
-0.000131
-0.000102
-0.000072
-0.000042
-0.000011
0.000019
0.000050
0.000081
0.000113
0.000144
0.000176
0.000209
0.000242
0.000275
0.000308
0.000342
0.000377
0.000411
0.000447
0.000483
0.000519
0.000556
0.000594
0.000633
0.000673
0.000712
0.000754
0.000795
0.000837
0.000880
0.000924
0.000970
0.001016
0.001063
0.001111
0.001157
0.001205
0.001253
0.001300
0.001350
0.001397
0.001446
0.001494
0.001541
0.001588
0.001633
0.001677
0.001720
0.001761
0.001802
0.001841
0.001877
0.001912
0.001943
0.001973
0.002001
0.002027
0.002049
0.002070
0.002087
0.002103
0.002115
0.002125
0.002132
0.002136
0.002138
0.002138
0.002136
0.002132
0.002127
0.002120
0.002111
0.002101
0.002089
0.002077
0.002064
0.002051
0.002038
0.002026
0.002013
0.002001
0.001989
0.001979
0.001969
0.001962
0.001955
0.001949
0.001946
0.001944
0.001944
0.001945
0.001949
0.001954
0.001961
0.001970
0.001981
0.001993
0.002007
0.002021
0.002036
0.002052
0.002069
0.002087
0.002105
0.002125
0.002145
0.002164
0.002183
0.002202
0.002220
0.002239
0.002256
0.002272
0.002289
0.002305
0.002320
0.002334
0.002347
0.002361
0.002373
0.002385
0.002396
0.002406
0.002415
0.002424
0.002435
0.002444
0.002454
0.002465
0.002475
0.002486
0.002499
0.002511
0.002523
0.002536
0.002552
0.002569
0.002585
0.002602
0.002620
0.002640
0.002660
0.002682
0.002705
0.002730
0.002753
0.002780
0.002808
0.002837
0.002866
0.002896
0.002927
0.002958
0.002988
0.003018
0.003049
0.003080
0.003111
0.003141
0.003170
0.003199
0.003228
0.003256
0.003282
0.003309
0.003334
0.003358
0.003382
0.003404
0.003426
0.003446
0.003465
0.003483
0.003500
0.003515
0.003531
0.003544
0.003558
0.003571
0.003583
0.003594
0.003604
0.003614
0.003623
0.003633
0.003641
0.003650
0.003659
0.003667
0.003676
0.003686
0.003696
0.003706
0.003716
0.003727
0.003736
0.003748
0.003759
0.003771
0.003784
0.003796
0.003809
0.003823
0.003836
0.003849
0.003865
0.003881
0.003896
0.003912
0.003928
0.003943
0.003959
0.003976
0.003992
0.004008
0.004024
0.004039
0.004054
0.004068
0.004083
0.004096
0.004109
0.004121
0.004132
0.004142
0.004151
0.004158
0.004164
0.004169
0.004172
0.004173
0.004172
0.004169
0.004163
0.004155
0.004144
0.004131
0.004114
0.004094
0.004072
0.004047
0.004019
0.003989
0.003955
0.003920
0.003882
0.003841
0.003800
0.003756
0.003712
0.003665
0.003618
0.003571
0.003523
0.003475
0.003428
0.003382
0.003336
0.003293
0.003250
0.003209
0.003171
0.003136
0.003103
0.003074
0.003050
0.003029
0.003013
0.003000
0.002992
0.002988
0.002989
0.002995
0.003006
0.003022
0.003041
0.003065
0.003093
0.003125
0.003160
0.003199
0.003241
0.003285
0.003333
0.003382
0.003433
0.003485
0.003538
0.003592
0.003644
0.003696
0.003746
0.003796
0.003844
0.003890
0.003934
0.003975
0.004013
0.004048
0.004081
0.004109
0.004135
0.004156
0.004173
0.004187
0.004198
0.004204
0.004207
0.004209
0.004204
0.004198
0.004188
0.004176
0.004161
0.004144
0.004125
0.004106
0.004085
0.004063
0.004041
0.004017
0.003994
0.003971
0.003948
0.003925
0.003903
0.003882
0.003860
0.003839
0.003820
0.003802
0.003782
0.003763
0.003744
0.003726
0.003707
0.003689
0.003670
0.003650
0.003630
0.003608
0.003587
0.003564
0.003539
0.003512
0.003483
0.003454
0.003423
0.003389
0.003354
0.003316
0.003277
0.003236
0.003193
0.003149
0.003102
0.003054
0.003005
0.002955
0.002904
0.002854
0.002802
0.002751
0.002700
0.002650
0.002601
0.002553
0.002507
0.002463
0.002420
0.002380
0.002343
0.002308
0.002277
0.002250
0.002225
0.002204
0.002187
0.002173
0.002161
0.002154
0.002150
0.002148
0.002150
0.002155
0.002161
0.002171
0.002183
0.002196
0.002210
0.002223
0.002239
0.002255
0.002270
0.002286
0.002301
0.002313
0.002325
0.002334
0.002342
0.002347
0.002351
0.002352
0.002349
0.002343
0.002333
0.002320
0.002304
0.002285
0.002262
0.002236
0.002206
0.002174
0.002139
0.002100
0.002059
0.002015
0.001970
0.001921
0.001870
0.001817
0.001763
0.001709
0.001653
0.001596
0.001539
0.001481
0.001423
0.001365
0.001307
0.001251
0.001196
0.001141
0.001088
0.001037
0.000987
0.000938
0.000891
0.000847
0.000804
0.000764
0.000726
0.000690
0.000656
0.000626
0.000598
0.000572
0.000547
0.000525
0.000507
0.000489
0.000475
0.000462
0.000452
0.000444
0.000437
0.000434
0.000432
0.000432
0.000434
0.000436
0.000440
0.000444
0.000450
0.000457
0.000464
0.000473
0.000481
0.000491
0.000499
0.000507
0.000516
0.000523
0.000529
0.000536
0.000541
0.000545
0.000549
0.000550
0.000550
0.000548
0.000545
0.000540
0.000535
0.000527
0.000519
0.000508
0.000496
0.000483
0.000467
0.000450
0.000431
0.000409
0.000386
0.000360
0.000334
0.000306
0.000277
0.000245
0.000213
0.000179
0.000144
0.000108
0.000070
0.000034
-0.000004
-0.000042
-0.000082
-0.000122
-0.000162
-0.000201
-0.000241
-0.000281
-0.000321
-0.000361
-0.000401
-0.000440
-0.000479
-0.000517
-0.000555
-0.000593
-0.000630
-0.000666
-0.000702
-0.000739
-0.000773
-0.000807
-0.000840
-0.000872
-0.000904
-0.000935
-0.000965
-0.000994
-0.001022
-0.001048
-0.001076
-0.001100
-0.001124
-0.001147
-0.001168
-0.001189
-0.001208
-0.001226
-0.001243
-0.001260
-0.001275
-0.001288
-0.001300
-0.001312
-0.001323
-0.001332
-0.001340
-0.001348
-0.001354
-0.001360
-0.001366
-0.001371
-0.001376
-0.001381
-0.001384
-0.001389
-0.001394
-0.001399
-0.001404
-0.001410
-0.001418
-0.001427
-0.001437
-0.001449
-0.001462
-0.001476
-0.001493
-0.001511
-0.001531
-0.001554
-0.001577
-0.001603
-0.001632
-0.001661
-0.001693
-0.001727
-0.001763
-0.001798
-0.001836
-0.001875
-0.001916
-0.001957
-0.001998
-0.002040
-0.002083
-0.002125
-0.002166
-0.002206
-0.002246
-0.002285
-0.002323
-0.002360
-0.002395
-0.002428
-0.002458
-0.002486
-0.002512
-0.002537
-0.002558
-0.002577
-0.002595
-0.002610
-0.002621
-0.002632
-0.002641
-0.002646
-0.002649
-0.002650
-0.002650
-0.002648
-0.002645
-0.002641
-0.002635
-0.002631
-0.002626
-0.002622
-0.002617
-0.002613
-0.002609
-0.002607
-0.002607
-0.002609
-0.002612
-0.002617
-0.002623
-0.002632
-0.002641
-0.002653
-0.002667
-0.002682
-0.002697
-0.002715
-0.002734
-0.002756
-0.002777
-0.002799
-0.002824
-0.002847
-0.002873
-0.002898
-0.002922
-0.002945
-0.002969
-0.002991
-0.003012
-0.003033
-0.003051
-0.003068
-0.003083
-0.003095
-0.003106
-0.003115
-0.003122
-0.003128
-0.003131
-0.003133
-0.003131
-0.003130
-0.003126
-0.003121
-0.003115
-0.003108
-0.003100
-0.003090
-0.003081
-0.003070
-0.003061
-0.003052
-0.003044
-0.003036
-0.003030
-0.003024
-0.003021
-0.003021
-0.003023
-0.003026
-0.003032
-0.003040
-0.003050
-0.003063
-0.003078
-0.003096
-0.003116
-0.003139
-0.003163
-0.003188
-0.003215
-0.003243
-0.003275
-0.003306
-0.003338
-0.003371
-0.003404
-0.003438
-0.003471
-0.003504
-0.003535
-0.003568
-0.003599
-0.003628
-0.003655
-0.003681
-0.003706
-0.003730
-0.003750
-0.003769
-0.003786
-0.003800
-0.003813
-0.003823
-0.003832
-0.003839
-0.003843
-0.003846
-0.003847
-0.003847
-0.003845
-0.003842
-0.003838
-0.003833
-0.003826
-0.003819
-0.003811
-0.003803
-0.003795
-0.003787
-0.003777
-0.003769
-0.003760
-0.003752
-0.003744
-0.003737
-0.003731
-0.003726
-0.003720
-0.003715
-0.003710
-0.003706
-0.003702
-0.003699
-0.003697
-0.003695
-0.003693
-0.003692
-0.003691
-0.003692
-0.003692
-0.003694
-0.003695
-0.003696
-0.003698
-0.003700
-0.003703
-0.003707
-0.003711
-0.003716
-0.003721
-0.003725
-0.003730
-0.003736
-0.003742
-0.003748
-0.003754
-0.003761
-0.003768
-0.003773
-0.003779
-0.003785
-0.003790
-0.003794
-0.003800
-0.003804
-0.003807
-0.003810
-0.003811
-0.003811
-0.003810
-0.003808
-0.003805
-0.003800
-0.003794
-0.003787
-0.003778
-0.003768
-0.003758
-0.003745
-0.003733
-0.003719
-0.003702
-0.003685
-0.003667
-0.003647
-0.003625
-0.003604
-0.003581
-0.003557
-0.003532
-0.003508
-0.003484
-0.003460
-0.003436
-0.003413
-0.003390
-0.003368
-0.003347
-0.003329
-0.003312
-0.003296
-0.003281
-0.003268
-0.003257
-0.003248
-0.003241
-0.003235
-0.003231
-0.003228
-0.003228
-0.003228
-0.003230
-0.003234
-0.003238
-0.003243
-0.003249
-0.003254
-0.003260
-0.003268
-0.003273
-0.003280
-0.003285
-0.003289
-0.003293
-0.003294
-0.003295
-0.003294
-0.003291
-0.003285
-0.003278
-0.003268
-0.003257
-0.003242
-0.003225
-0.003205
-0.003184
-0.003161
-0.003137
-0.003109
-0.003081
-0.003052
-0.003021
-0.002990
-0.002959
-0.002927
-0.002895
-0.002864
-0.002832
-0.002802
-0.002773
-0.002746
-0.002720
-0.002696
-0.002674
-0.002654
-0.002636
-0.002620
-0.002607
-0.002595
-0.002586
-0.002579
-0.002574
-0.002570
-0.002568
-0.002568
-0.002570
-0.002574
-0.002579
-0.002584
-0.002590
-0.002596
-0.002603
-0.002609
-0.002614
-0.002619
-0.002622
-0.002624
-0.002624
-0.002622
-0.002618
-0.002612
-0.002604
-0.002594
-0.002580
-0.002564
-0.002546
-0.002525
-0.002501
-0.002477
-0.002450
-0.002421
-0.002390
-0.002358
-0.002324
-0.002289
-0.002252
-0.002215
-0.002175
-0.002136
-0.002097
-0.002057
-0.002017
-0.001978
-0.001941
-0.001903
-0.001867
-0.001832
-0.001798
-0.001764
-0.001733
-0.001702
-0.001673
-0.001646
-0.001619
-0.001592
-0.001566
-0.001540
-0.001517
-0.001493
-0.001469
-0.001446
-0.001424
-0.001403
-0.001382
-0.001364
-0.001345
-0.001325
-0.001306
-0.001287
-0.001270
-0.001250
-0.001232
-0.001213
-0.001193
-0.001173
-0.001153
-0.001133
-0.001112
-0.001091
-0.001070
-0.001049
-0.001028
-0.001006
-0.000986
-0.000968
-0.000949
-0.000932
-0.000914
-0.000897
-0.000881
-0.000867
-0.000852
-0.000840
-0.000826
-0.000813
-0.000801
-0.000789
-0.000779
-0.000769
-0.000761
-0.000751
-0.000741
-0.000731
-0.000721
-0.000711
-0.000700
-0.000688
-0.000674
-0.000660
-0.000644
-0.000627
-0.000608
-0.000588
-0.000565
-0.000542
-0.000515
-0.000487
-0.000457
-0.000425
-0.000390
-0.000355
-0.000318
-0.000278
-0.000237
-0.000196
-0.000153
-0.000109
-0.000063
-0.000017
0.000029
0.000075
0.000122
0.000168
0.000214
0.000259
0.000304
0.000348
0.000391
0.000434
0.000475
0.000514
0.000553
0.000590
0.000625
0.000660
0.000694
0.000725
0.000755
0.000783
0.000810
0.000836
0.000860
0.000883
0.000904
0.000924
0.000942
0.000958
0.000974
0.000989
0.001004
0.001015
0.001024
0.001033
0.001041
0.001049
0.001054
0.001061
0.001068
0.001072
0.001076
0.001080
0.001083
0.001086
0.001089
0.001093
0.001095
0.001098
0.001102
0.001107
0.001112
0.001118
0.001124
0.001131
0.001139
0.001148
0.001158
0.001171
0.001186
0.001204
0.001225
0.001247
0.001272
0.001299
0.001331
0.001364
0.001402
0.001441
0.001484
0.001529
0.001577
0.001628
0.001681
0.001737
0.001796
0.001856
0.001919
0.001983
0.002050
0.002118
0.002186
0.002255
0.002323
0.002392
0.002459
0.002525
0.002589
0.002651
0.002712
0.002770
0.002824
0.002876
0.002925
0.002969
0.003009
0.003046
0.003079
0.003105
0.003128
0.003147
0.003160
0.003170
0.003175
0.003175
0.003172
0.003163
0.003153
0.003139
0.003122
0.003103
0.003083
0.003060
0.003036
0.003011
0.002986
0.002959
0.002934
0.002910
0.002887
0.002864
0.002844
0.002826
0.002810
0.002796
0.002786
0.002779
0.002775
0.002774
0.002775
0.002780
0.002788
0.002798
0.002812
0.002828
0.002846
0.002867
0.002891
0.002915
0.002943
0.002971
0.003000
0.003029
0.003059
0.003088
0.003116
0.003145
0.003171
0.003197
0.003221
0.003243
0.003263
0.003281
0.003297
0.003309
0.003319
0.003327
0.003332
0.003334
0.003333
0.003329
0.003323
0.003313
0.003302
0.003287
0.003272
0.003254
0.003235
0.003214
0.003192
0.003170
0.003147
0.003124
0.003100
0.003078
0.003054
0.003032
0.003012
0.002992
0.002974
0.002958
0.002944
0.002932
0.002922
0.002913
0.002909
0.002906
0.002905
0.002907
0.002911
0.002917
0.002926
0.002937
0.002950
0.002965
0.002982
0.003000
0.003020
0.003043
0.003067
0.003092
0.003119
0.003147
0.003176
0.003206
0.003237
0.003268
0.003299
0.003330
0.003361
0.003392
0.003422
0.003453
0.003483
0.003511
0.003539
0.003566
0.003593
0.003619
0.003644
0.003668
0.003691
0.003712
0.003732
0.003750
0.003769
0.003784
0.003798
0.003811
0.003822
0.003832
0.003838
0.003845
0.003849
0.003852
0.003854
0.003854
0.003854
0.003853
0.003851
0.003849
0.003845
0.003843
0.003838
0.003835
0.003832
0.003828
0.003824
0.003820
0.003817
0.003814
0.003810
0.003805
0.003800
0.003797
0.003793
0.003788
0.003785
0.003782
0.003779
0.003776
0.003773
0.003769
0.003766
0.003762
0.003758
0.003752
0.003747
0.003739
0.003731
0.003722
0.003714
0.003704
0.003692
0.003679
0.003665
0.003649
0.003633
0.003614
0.003595
0.003574
0.003554
0.003531
0.003509
0.003487
0.003465
0.003441
0.003418
0.003394
0.003370
0.003347
0.003325
0.003302
0.003281
0.003260
0.003241
0.003224
0.003209
0.003195
0.003184
0.003174
0.003166
0.003161
0.003158
0.003158
0.003159
0.003163
0.003171
0.003180
0.003193
0.003206
0.003222
0.003239
0.003259
0.003278
0.003299
0.003321
0.003342
0.003363
0.003383
0.003404
0.003423
0.003441
0.003458
0.003474
0.003487
0.003497
0.003504
0.003510
0.003514
0.003513
0.003509
0.003503
0.003493
0.003480
0.003465
0.003445
0.003422
0.003396
0.003367
0.003334
0.003301
0.003265
0.003226
0.003184
0.003141
0.003096
0.003051
0.003004
0.002955
0.002906
0.002855
0.002806
0.002756
0.002708
0.002660
0.002614
0.002568
0.002524
0.002481
0.002441
0.002402
0.002365
0.002330
0.002297
0.002267
0.002240
0.002214
0.002192
0.002171
0.002153
0.002137
0.002124
0.002113
0.002104
0.002097
0.002092
0.002090
0.002088
0.002086
0.002086
0.002085
0.002085
0.002085
0.002086
0.002086
0.002085
0.002084
0.002083
0.002079
0.002074
0.002069
0.002062
0.002053
0.002043
0.002030
0.002017
0.002000
0.001982
0.001963
0.001941
0.001918
0.001892
0.001864
0.001834
0.001802
0.001769
0.001736
0.001700
0.001662
0.001623
0.001583
0.001541
0.001500
0.001458
0.001416
0.001375
0.001333
0.001293
0.001252
0.001211
0.001172
0.001133
0.001095
0.001058
0.001023
0.000989
0.000956
0.000925
0.000896
0.000869
0.000845
0.000822
0.000801
0.000784
0.000768
0.000756
0.000746
0.000737
0.000732
0.000729
0.000728
0.000729
0.000731
0.000734
0.000740
0.000747
0.000755
0.000764
0.000773
0.000783
0.000794
0.000804
0.000815
0.000825
0.000835
0.000845
0.000854
0.000861
0.000868
0.000873
0.000877
0.000879
0.000879
0.000876
0.000871
0.000865
0.000857
0.000846
0.000832
0.000815
0.000796
0.000774
0.000750
0.000723
0.000693
0.000660
0.000624
0.000584
0.000542
0.000498
0.000450
0.000401
0.000349
0.000295
0.000238
0.000179
0.000118
0.000056
-0.000008
-0.000073
-0.000139
-0.000204
-0.000271
-0.000337
-0.000404
-0.000470
-0.000535
-0.000598
-0.000660
-0.000722
-0.000782
-0.000839
-0.000894
-0.000945
-0.000994
-0.001038
-0.001079
-0.001117
-0.001151
-0.001180
-0.001205
-0.001226
-0.001243
-0.001257
-0.001266
-0.001272
-0.001275
-0.001274
-0.001270
-0.001263
-0.001253
-0.001241
-0.001225
-0.001208
-0.001189
-0.001170
-0.001149
-0.001128
-0.001107
-0.001086
-0.001066
-0.001046
-0.001028
-0.001011
-0.000998
-0.000986
-0.000977
-0.000971
-0.000969
-0.000971
-0.000976
-0.000985
-0.000998
-0.001014
-0.001036
-0.001061
-0.001090
-0.001124
-0.001161
-0.001202
-0.001248
-0.001296
-0.001346
-0.001399
-0.001455
-0.001513
-0.001572
-0.001633
-0.001694
-0.001756
-0.001816
-0.001877
-0.001936
-0.001994
-0.002049
-0.002101
-0.002151
-0.002198
-0.002240
-0.002279
-0.002313
-0.002344
-0.002370
-0.002391
-0.002407
-0.002419
-0.002425
-0.002428
-0.002426
-0.002421
-0.002410
-0.002397
-0.002380
-0.002361
-0.002341
-0.002318
-0.002293
-0.002267
-0.002240
-0.002212
-0.002185
-0.002158
-0.002133
-0.002109
-0.002088
-0.002069
-0.002052
-0.002038
-0.002028
-0.002022
-0.002019
-0.002020
-0.002025
-0.002033
-0.002045
-0.002062
-0.002082
-0.002106
-0.002132
-0.002164
-0.002198
-0.002237
-0.002277
-0.002321
-0.002366
-0.002414
-0.002463
-0.002513
-0.002563
-0.002615
-0.002666
-0.002717
-0.002767
-0.002816
-0.002865
-0.002912
-0.002957
-0.002999
-0.003040
-0.003078
-0.003115
-0.003148
-0.003181
-0.003210
-0.003236
-0.003260
-0.003281
-0.003298
-0.003314
-0.003328
-0.003339
-0.003350
-0.003358
-0.003365
-0.003372
-0.003377
-0.003381
-0.003384
-0.003387
-0.003389
-0.003390
-0.003392
-0.003394
-0.003398
-0.003402
-0.003408
-0.003413
-0.003419
-0.003426
-0.003433
-0.003442
-0.003451
-0.003462
-0.003473
-0.003484
-0.003496
-0.003510
-0.003523
-0.003538
-0.003554
-0.003570
-0.003584
-0.003601
-0.003617
-0.003632
-0.003648
-0.003664
-0.003679
-0.003694
-0.003707
-0.003720
-0.003730
-0.003739
-0.003747
-0.003754
-0.003760
-0.003763
-0.003766
-0.003766
-0.003764
-0.003761
-0.003756
-0.003749
-0.003740
-0.003731
-0.003718
-0.003705
-0.003692
-0.003677
-0.003661
-0.003644
-0.003626
-0.003609
-0.003591
-0.003573
-0.003554
-0.003535
-0.003519
-0.003501
-0.003484
-0.003469
-0.003454
-0.003440
-0.003426
-0.003415
-0.003406
-0.003398
-0.003393
-0.003389
-0.003387
-0.003387
-0.003390
-0.003395
-0.003401
-0.003409
-0.003420
-0.003433
-0.003448
-0.003465
-0.003482
-0.003502
-0.003523
-0.003544
-0.003566
-0.003589
-0.003613
-0.003638
-0.003662
-0.003686
-0.003711
-0.003736
-0.003760
-0.003782
-0.003804
-0.003824
-0.003843
-0.003860
-0.003876
-0.003890
-0.003900
-0.003910
-0.003916
-0.003919
-0.003920
-0.003918
-0.003913
-0.003906
-0.003896
-0.003884
-0.003870
-0.003854
-0.003835
-0.003815
-0.003793
-0.003770
-0.003744
-0.003719
-0.003693
-0.003667
-0.003641
-0.003614
-0.003589
-0.003564
-0.003540
-0.003517
-0.003496
-0.003476
-0.003458
-0.003443
-0.003429
-0.003418
-0.003408
-0.003403
-0.003398
-0.003397
-0.003397
-0.003399
-0.003404
-0.003410
-0.003419
-0.003430
-0.003442
-0.003456
-0.003470
-0.003487
-0.003504
-0.003520
-0.003537
-0.003554
-0.003571
-0.003586
-0.003600
-0.003613
-0.003624
-0.003635
-0.003643
-0.003651
-0.003656
-0.003659
-0.003660
-0.003659
-0.003655
-0.003650
-0.003641
-0.003630
-0.003617
-0.003601
-0.003581
-0.003560
-0.003537
-0.003510
-0.003483
-0.003453
-0.003422
-0.003389
-0.003355
-0.003320
-0.003284
-0.003247
-0.003210
-0.003172
-0.003135
-0.003097
-0.003060
-0.003024
-0.002987
-0.002952
-0.002917
-0.002884
-0.002851
-0.002819
-0.002789
-0.002760
-0.002732
-0.002705
-0.002679
-0.002655
-0.002631
-0.002610
-0.002589
-0.002570
-0.002551
-0.002533
-0.002517
-0.002501
-0.002486
-0.002470
-0.002457
-0.002443
-0.002429
-0.002415
-0.002402
-0.002388
-0.002375
-0.002361
-0.002347
-0.002333
-0.002319
-0.002304
-0.002289
-0.002273
-0.002255
-0.002239
-0.002221
-0.002201
-0.002182
-0.002161
-0.002141
-0.002119
-0.002097
-0.002072
-0.002048
-0.002024
-0.001998
-0.001971
-0.001943
-0.001915
-0.001887
-0.001857
-0.001826
-0.001796
-0.001764
-0.001733
-0.001701
-0.001669
-0.001635
-0.001601
-0.001568
-0.001535
-0.001501
-0.001467
-0.001434
-0.001401
-0.001368
-0.001335
-0.001303
-0.001272
-0.001241
-0.001211
-0.001184
-0.001158
-0.001133
-0.001109
-0.001086
-0.001064
-0.001044
-0.001025
-0.001009
-0.000993
-0.000980
-0.000967
-0.000956
-0.000946
-0.000937
-0.000931
-0.000925
-0.000921
-0.000919
-0.000918
-0.000918
-0.000918
-0.000920
-0.000922
-0.000923
-0.000926
-0.000929
-0.000931
-0.000932
-0.000935
-0.000936
-0.000936
-0.000935
-0.000933
-0.000930
-0.000926
-0.000922
-0.000915
-0.000908
-0.000898
-0.000887
-0.000876
-0.000861
-0.000845
-0.000827
-0.000806
-0.000784
-0.000760
-0.000734
-0.000706
-0.000678
-0.000647
-0.000616
-0.000584
-0.000551
-0.000518
-0.000483
-0.000449
-0.000413
-0.000378
-0.000342
-0.000305
-0.000268
-0.000232
-0.000196
-0.000161
-0.000127
-0.000092
-0.000057
-0.000024
0.000007
0.000038
0.000068
0.000096
0.000123
0.000148
0.000172
0.000194
0.000215
0.000235
0.000254
0.000271
0.000286
0.000300
0.000313
0.000323
0.000333
0.000342
0.000350
0.000357
0.000362
0.000368
0.000372
0.000376
0.000378
0.000380
0.000381
0.000383
0.000385
0.000387
0.000389
0.000392
0.000396
0.000401
0.000407
0.000415
0.000423
0.000433
0.000446
0.000461
0.000476
0.000493
0.000513
0.000535
0.000560
0.000585
0.000615
0.000646
0.000681
0.000718
0.000758
0.000799
0.000844
0.000890
0.000938
0.000987
0.001038
0.001091
0.001145
0.001200
0.001256
0.001312
0.001370
0.001427
0.001485
0.001544
0.001600
0.001657
0.001712
0.001767
0.001820
0.001873
0.001922
0.001970
0.002014
0.002056
0.002097
0.002135
0.002171
0.002203
0.002233
0.002260
0.002284
0.002305
0.002323
0.002340
0.002354
0.002365
0.002374
0.002381
0.002387
0.002391
0.002394
0.002395
0.002395
0.002393
0.002391
0.002388
0.002385
0.002381
0.002377
0.002373
0.002369
0.002366
0.002362
0.002360
0.002359
0.002358
0.002358
0.002359
0.002360
0.002362
0.002364
0.002368
0.002373
0.002378
0.002384
0.002390
0.002397
0.002403
0.002412
0.002421
0.002429
0.002438
0.002446
0.002455
0.002462
0.002471
0.002479
0.002487
0.002497
0.002505
0.002514
0.002522
0.002530
0.002539
0.002548
0.002557
0.002568
0.002578
0.002589
0.002600
0.002613
0.002625
0.002638
0.002652
0.002667
0.002683
0.002700
0.002718
0.002737
0.002757
0.002778
0.002800
0.002821
0.002845
0.002868
0.002893
0.002918
0.002944
0.002973
0.003001
0.003028
0.003057
0.003085
0.003112
0.003141
0.003168
0.003195
0.003221
0.003247
0.003273
0.003298
0.003321
0.003345
0.003367
0.003389
0.003410
0.003429
0.003448
0.003466
0.003483
0.003499
0.003513
0.003527
0.003540
0.003552
0.003563
0.003574
0.003583
0.003593
0.003602
0.003610
0.003616
0.003623
0.003630
0.003636
0.003642
0.003647
0.003651
0.003655
0.003659
0.003660
0.003661
0.003663
0.003665
0.003665
0.003665
0.003663
0.003662
0.003661
0.003658
0.003654
0.003651
0.003646
0.003641
0.003635
0.003629
0.003623
0.003616
0.003610
0.003604
0.003598
0.003592
0.003588
0.003584
0.003583
0.003583
0.003583
0.003585
0.003590
0.003596
0.003605
0.003617
0.003632
0.003649
0.003669
0.003692
0.003718
0.003748
0.003779
0.003815
0.003853
0.003893
0.003935
0.003980
0.004026
0.004075
0.004124
0.004174
0.004225
0.004276
0.004327
0.004377
0.004425
0.004471
0.004517
0.004558
0.004597
0.004631
0.004662
0.004689
0.004710
0.004725
0.004736
0.004741
0.004741
0.004735
0.004724
0.004706
0.004683
0.004654
0.004622
0.004582
0.004537
0.004488
0.004433
0.004376
0.004315
0.004252
0.004187
0.004120
0.004052
0.003984
0.003916
0.003848
0.003782
0.003718
0.003657
0.003599
0.003544
0.003493
0.003447
0.003405
0.003368
0.003336
0.003311
0.003290
0.003275
0.003265
0.003260
0.003262
0.003267
0.003277
0.003292
0.003313
0.003337
0.003364
0.003394
0.003427
0.003460
0.003496
0.003532
0.003569
0.003605
0.003641
0.003676
0.003710
0.003741
0.003770
0.003797
0.003820
0.003839
0.003855
0.003869
0.003877
0.003883
0.003884
0.003882
0.003876
0.003865
0.003851
0.003834
0.003814
0.003790
0.003764
0.003734
0.003702
0.003669
0.003632
0.003595
0.003557
0.003518
0.003478
0.003436
0.003395
0.003354
0.003314
0.003273
0.003234
0.003195
0.003157
0.003121
0.003085
0.003052
0.003019
0.002988
0.002959
0.002931
0.002903
0.002878
0.002854
0.002831
0.002809
0.002788
0.002769
0.002751
0.002733
0.002716
0.002700
0.002683
0.002668
0.002652
0.002638
0.002624
0.002613
0.002601
0.002587
0.002575
0.002562
0.002550
0.002539
0.002528
0.002518
0.002506
0.002496
0.002486
0.002476
0.002468
0.002460
0.002451
0.002443
0.002435
0.002428
0.002420
0.002413
0.002406
0.002398
0.002390
0.002381
0.002372
0.002361
0.002351
0.002339
0.002327
0.002314
0.002298
0.002281
0.002263
0.002243
0.002220
0.002195
0.002169
0.002141
0.002111
0.002079
0.002045
0.002010
0.001973
0.001934
0.001894
0.001851
0.001807
0.001762
0.001716
0.001670
0.001623
0.001576
0.001527
0.001480
0.001432
0.001384
0.001337
0.001290
0.001244
0.001201
0.001159
0.001118
0.001079
0.001041
0.001004
0.000970
0.000938
0.000907
0.000878
0.000850
0.000824
0.000800
0.000778
0.000758
0.000739
0.000722
0.000705
0.000690
0.000676
0.000664
0.000651
0.000640
0.000629
0.000619
0.000608
0.000596
0.000584
0.000572
0.000560
0.000547
0.000533
0.000518
0.000502
0.000485
0.000468
0.000448
0.000429
0.000407
0.000385
0.000360
0.000335
0.000310
0.000283
0.000254
0.000225
0.000195
0.000164
0.000131
0.000098
0.000065
0.000032
-0.000002
-0.000036
-0.000072
-0.000107
-0.000141
-0.000176
-0.000211
-0.000246
-0.000280
-0.000314
-0.000349
-0.000383
-0.000417
-0.000450
-0.000484
-0.000518
-0.000550
-0.000581
-0.000613
-0.000645
-0.000675
-0.000705
-0.000734
-0.000764
-0.000794
-0.000822
-0.000850
-0.000878
-0.000904
-0.000929
-0.000954
-0.000978
-0.001001
-0.001024
-0.001045
-0.001066
-0.001085
-0.001104
-0.001122
-0.001139
-0.001155
-0.001170
-0.001185
-0.001199
-0.001212
-0.001224
-0.001235
-0.001247
-0.001258
-0.001267
-0.001278
-0.001288
-0.001297
-0.001307
-0.001317
-0.001328
-0.001339
-0.001349
-0.001361
-0.001372
-0.001384
-0.001397
-0.001411
-0.001425
-0.001440
-0.001455
-0.001471
-0.001487
-0.001503
-0.001520
-0.001537
-0.001554
-0.001572
-0.001590
-0.001607
-0.001626
-0.001645
-0.001664
-0.001682
-0.001700
-0.001719
-0.001737
-0.001756
-0.001773
-0.001791
-0.001809
-0.001826
-0.001843
-0.001859
-0.001875
-0.001891
-0.001906
-0.001923
-0.001940
-0.001956
-0.001973
-0.001991
-0.002009
-0.002028
-0.002047
-0.002067
-0.002088
-0.002110
-0.002134
-0.002158
-0.002183
-0.002209
-0.002235
-0.002264
-0.002292
-0.002321
-0.002352
-0.002383
-0.002416
-0.002449
-0.002483
-0.002516
-0.002549
-0.002583
-0.002616
-0.002649
-0.002681
-0.002714
-0.002744
-0.002772
-0.002799
-0.002824
-0.002847
-0.002868
-0.002886
-0.002901
-0.002914
-0.002923
-0.002930
-0.002935
-0.002936
-0.002935
-0.002931
-0.002925
-0.002915
-0.002902
-0.002886
-0.002869
-0.002850
-0.002829
-0.002807
-0.002783
-0.002759
-0.002735
-0.002711
-0.002687
-0.002664
-0.002642
-0.002622
-0.002604
-0.002589
-0.002576
-0.002565
-0.002558
-0.002553
-0.002553
-0.002557
-0.002563
-0.002574
-0.002589
-0.002608
-0.002631
-0.002658
-0.002690
-0.002725
-0.002764
-0.002806
-0.002851
-0.002900
-0.002952
-0.003005
-0.003061
-0.003118
-0.003176
-0.003236
-0.003296
-0.003356
-0.003416
-0.003476
-0.003533
-0.003591
-0.003646
-0.003699
-0.003749
-0.003798
-0.003843
-0.003884
-0.003922
-0.003957
-0.003987
-0.004013
-0.004037
-0.004056
-0.004070
-0.004081
-0.004089
-0.004092
-0.004092
-0.004090
-0.004086
-0.004078
-0.004069
-0.004056
-0.004042
-0.004026
-0.004011
-0.003994
-0.003976
-0.003957
-0.003939
-0.003921
-0.003905
-0.003889
-0.003875
-0.003862
-0.003850
-0.003839
-0.003831
-0.003827
-0.003824
-0.003823
-0.003824
-0.003828
-0.003835
-0.003843
-0.003855
-0.003869
-0.003886
-0.003904
-0.003924
-0.003946
-0.003969
-0.003993
-0.004019
-0.004045
-0.004073
-0.004101
-0.004128
-0.004157
-0.004185
-0.004213
-0.004240
-0.004265
-0.004289
-0.004313
-0.004335
-0.004357
-0.004377
-0.004396
-0.004413
-0.004429
-0.004442
-0.004454
-0.004464
-0.004472
-0.004479
-0.004483
-0.004486
-0.004488
-0.004488
-0.004487
-0.004484
-0.004480
-0.004474
-0.004468
-0.004461
-0.004452
-0.004443
-0.004433
-0.004423
-0.004410
-0.004398
-0.004386
-0.004372
-0.004358
-0.004343
-0.004328
-0.004312
-0.004295
-0.004278
-0.004260
-0.004242
-0.004223
-0.004204
-0.004184
-0.004163
-0.004143
-0.004122
-0.004101
-0.004079
-0.004055
-0.004032
-0.004008
-0.003984
-0.003959
-0.003934
-0.003909
-0.003885
-0.003859
-0.003833
-0.003807
-0.003781
-0.003755
-0.003730
-0.003704
-0.003679
-0.003654
-0.003629
-0.003607
-0.003584
-0.003562
-0.003540
-0.003520
-0.003503
-0.003485
-0.003468
-0.003454
-0.003440
-0.003427
-0.003416
-0.003404
-0.003395
-0.003386
-0.003379
-0.003374
-0.003370
-0.003365
-0.003362
-0.003361
-0.003360
-0.003359
-0.003359
-0.003359
-0.003360
-0.003361
-0.003362
-0.003364
-0.003366
-0.003368
-0.003369
-0.003371
-0.003371
-0.003373
-0.003372
-0.003371
-0.003370
-0.003367
-0.003363
-0.003358
-0.003353
-0.003345
-0.003336
-0.003327
-0.003316
-0.003302
-0.003288
-0.003272
-0.003254
-0.003235
-0.003214
-0.003192
-0.003170
-0.003146
-0.003120
-0.003093
-0.003066
-0.003037
-0.003007
-0.002977
-0.002946
-0.002916
-0.002885
-0.002852
-0.002819
-0.002786
-0.002752
-0.002719
-0.002686
-0.002652
-0.002619
-0.002586
-0.002553
-0.002522
-0.002491
-0.002460
-0.002429
-0.002399
-0.002370
-0.002340
-0.002311
-0.002282
-0.002254
-0.002226
-0.002197
-0.002169
-0.002141
-0.002112
-0.002083
-0.002055
-0.002027
-0.001997
-0.001969
-0.001941
-0.001913
-0.001885
-0.001857
-0.001830
-0.001801
-0.001773
-0.001745
-0.001718
-0.001690
-0.001663
-0.001637
-0.001610
-0.001583
-0.001558
-0.001531
-0.001505
-0.001480
-0.001455
-0.001433
-0.001410
-0.001387
-0.001365
-0.001343
-0.001323
-0.001303
-0.001285
-0.001267
-0.001250
-0.001232
-0.001216
-0.001199
-0.001183
-0.001168
-0.001154
-0.001139
-0.001126
-0.001112
-0.001099
-0.001086
-0.001073
-0.001060
-0.001047
-0.001033
-0.001018
-0.001004
-0.000989
-0.000973
-0.000955
-0.000938
-0.000920
-0.000901
-0.000881
-0.000859
-0.000836
-0.000812
-0.000788
-0.000762
-0.000736
-0.000709
-0.000680
-0.000651
-0.000622
-0.000592
-0.000561
-0.000529
-0.000497
-0.000464
-0.000430
-0.000398
-0.000364
-0.000330
-0.000297
-0.000264
-0.000231
-0.000198
-0.000168
-0.000136
-0.000107
-0.000076
-0.000047
-0.000018
0.000009
0.000036
0.000062
0.000087
0.000111
0.000134
0.000156
0.000176
0.000196
0.000215
0.000233
0.000249
0.000265
0.000278
0.000291
0.000303
0.000314
0.000324
0.000333
0.000341
0.000349
0.000356
0.000362
0.000368
0.000372
0.000377
0.000381
0.000385
0.000389
0.000392
0.000395
0.000399
0.000404
0.000408
0.000412
0.000417
0.000422
0.000428
0.000435
0.000443
0.000451
0.000460
0.000470
0.000481
0.000493
0.000508
0.000523
0.000539
0.000557
0.000576
0.000597
0.000618
0.000640
0.000664
0.000688
0.000713
0.000739
0.000765
0.000791
0.000818
0.000845
0.000871
0.000898
0.000925
0.000951
0.000977
0.001003
0.001029
0.001054
0.001078
0.001102
0.001125
0.001148
0.001168
0.001188
0.001207
0.001225
0.001244
0.001260
0.001277
0.001293
0.001308
0.001324
0.001339
0.001354
0.001370
0.001385
0.001401
0.001417
0.001434
0.001451
0.001469
0.001489
0.001511
0.001532
0.001555
0.001580
0.001607
0.001633
0.001662
0.001693
0.001726
0.001760
0.001796
0.001832
0.001872
0.001913
0.001954
0.001997
0.002040
0.002084
0.002129
0.002174
0.002219
0.002264
0.002309
0.002353
0.002396
0.002439
0.002480
0.002520
0.002559
0.002594
0.002627
0.002658
0.002687
0.002712
0.002735
0.002755
0.002773
0.002788
0.002800
0.002807
0.002813
0.002815
0.002815
0.002813
0.002807
0.002800
0.002790
0.002779
0.002768
0.002754
0.002738
0.002722
0.002706
0.002689
0.002672
0.002657
0.002641
0.002626
0.002613
0.002601
0.002591
0.002583
0.002576
0.002572
0.002570
0.002571
0.002575
0.002581
0.002591
0.002604
0.002619
0.002636
0.002657
0.002681
0.002706
0.002734
0.002764
0.002797
0.002831
0.002866
0.002903
0.002940
0.002979
0.003018
0.003056
0.003095
0.003134
0.003172
0.003209
0.003245
0.003279
0.003312
0.003343
0.003371
0.003399
0.003422
0.003443
0.003462
0.003477
0.003489
0.003497
0.003504
0.003507
0.003508
0.003506
0.003502
0.003496
0.003488
0.003478
0.003467
0.003455
0.003442
0.003427
0.003411
0.003395
0.003378
0.003363
0.003346
0.003330
0.003316
0.003302
0.003290
0.003280
0.003271
0.003264
0.003260
0.003258
0.003259
0.003261
0.003268
0.003276
0.003287
0.003300
0.003316
0.003335
0.003357
0.003381
0.003407
0.003435
0.003466
0.003498
0.003531
0.003565
0.003602
0.003638
0.003676
0.003713
0.003750
0.003787
0.003824
0.003858
0.003891
0.003924
0.003954
0.003982
0.004007
0.004031
0.004051
0.004070
0.004085
0.004097
0.004106
0.004114
0.004117
0.004118
0.004118
0.004114
0.004109
0.004101
0.004091
0.004079
0.004065
0.004051
0.004035
0.004017
0.003999
0.003982
0.003964
0.003947
0.003930
0.003913
0.003896
0.003882
0.003868
0.003856
0.003846
0.003837
0.003829
0.003823
0.003820
0.003816
0.003815
0.003815
0.003816
0.003819
0.003823
0.003827
0.003832
0.003838
0.003845
0.003851
0.003857
0.003863
0.003868
0.003873
0.003877
0.003880
0.003879
0.003879
0.003876
0.003872
0.003864
0.003856
0.003845
0.003832
0.003816
0.003799
0.003778
0.003756
0.003733
0.003708
0.003682
0.003654
0.003626
0.003597
0.003567
0.003537
0.003506
0.003475
0.003444
0.003415
0.003387
0.003360
0.003333
0.003307
0.003285
0.003264
0.003245
0.003228
0.003212
0.003197
0.003183
0.003172
0.003163
0.003156
0.003149
0.003144
0.003139
0.003137
0.003135
0.003132
0.003129
0.003126
0.003122
0.003118
0.003111
0.003104
0.003094
0.003081
0.003065
0.003048
0.003028
0.003004
0.002979
0.002950
0.002919
0.002885
0.002848
0.002809
0.002767
0.002723
0.002676
0.002629
0.002580
0.002529
0.002478
0.002426
0.002375
0.002323
0.002273
0.002224
0.002178
0.002133
0.002092
0.002053
0.002018
0.001987
0.001960
0.001936
0.001919
0.001905
0.001895
0.001890
0.001891
0.001897
0.001908
0.001922
0.001941
0.001964
0.001991
0.002020
0.002054
0.002090
0.002128
0.002168
0.002209
0.002253
0.002295
0.002338
0.002380
0.002421
0.002460
0.002496
0.002529
0.002559
0.002584
0.002605
0.002622
0.002636
0.002643
0.002645
0.002642
0.002633
0.002618
0.002599
0.002573
0.002543
0.002508
0.002466
0.002419
0.002369
0.002316
0.002258
0.002197
0.002133
0.002066
0.001997
0.001927
0.001856
0.001784
0.001713
0.001643
0.001573
0.001504
0.001436
0.001372
0.001310
0.001250
0.001194
0.001141
0.001093
0.001047
0.001005
0.000966
0.000932
0.000901
0.000874
0.000851
0.000832
0.000816
0.000804
0.000794
0.000789
0.000787
0.000786
0.000789
0.000794
0.000800
0.000807
0.000816
0.000826
0.000836
0.000846
0.000856
0.000866
0.000877
0.000886
0.000895
0.000902
0.000909
0.000914
0.000918
0.000920
0.000918
0.000917
0.000913
0.000907
0.000899
0.000889
0.000877
0.000862
0.000845
0.000826
0.000805
0.000782
0.000757
0.000730
0.000701
0.000671
0.000639
0.000606
0.000572
0.000536
0.000498
0.000459
0.000420
0.000379
0.000338
0.000295
0.000252
0.000208
0.000163
0.000117
0.000073
0.000027
-0.000018
-0.000063
-0.000108
-0.000152
-0.000195
-0.000238
-0.000280
-0.000322
-0.000362
-0.000401
-0.000439
-0.000477
-0.000513
-0.000548
-0.000581
-0.000612
-0.000643
-0.000672
-0.000697
-0.000723
-0.000748
-0.000770
-0.000791
-0.000810
-0.000829
-0.000845
-0.000861
-0.000876
-0.000891
-0.000906
-0.000919
-0.000933
-0.000946
-0.000960
-0.000974
-0.000988
-0.001003
-0.001018
-0.001034
-0.001051
-0.001070
-0.001088
-0.001108
-0.001129
-0.001152
-0.001175
-0.001201
-0.001228
-0.001256
-0.001286
-0.001318
-0.001351
-0.001384
-0.001421
-0.001457
-0.001494
-0.001532
-0.001571
-0.001610
-0.001650
-0.001688
-0.001726
-0.001764
-0.001801
-0.001837
-0.001873
-0.001908
-0.001941
-0.001972
-0.002002
-0.002030
-0.002057
-0.002081
-0.002103
-0.002123
-0.002142
-0.002158
-0.002173
-0.002185
-0.002195
-0.002205
-0.002213
-0.002218
-0.002223
-0.002227
-0.002232
-0.002235
-0.002238
-0.002241
-0.002245
-0.002249
-0.002254
-0.002260
-0.002267
-0.002277
-0.002288
-0.002301
-0.002316
-0.002333
-0.002353
-0.002375
-0.002400
-0.002427
-0.002456
-0.002487
-0.002522
-0.002558
-0.002597
-0.002638
-0.002681
-0.002725
-0.002769
-0.002814
-0.002860
-0.002908
-0.002955
-0.003002
-0.003048
-0.003094
-0.003139
-0.003182
-0.003223
-0.003263
-0.003301
-0.003336
-0.003369
-0.003398
-0.003425
-0.003449
-0.003471
-0.003491
-0.003507
-0.003521
-0.003532
-0.003542
-0.003550
-0.003555
-0.003558
-0.003560
-0.003561
-0.003562
-0.003560
-0.003560
-0.003557
-0.003556
-0.003554
-0.003552
-0.003551
-0.003552
-0.003554
-0.003557
-0.003563
-0.003569
-0.003579
-0.003591
-0.003604
-0.003619
-0.003636
-0.003656
-0.003678
-0.003701
-0.003726
-0.003753
-0.003780
-0.003809
-0.003839
-0.003869
-0.003901
-0.003932
-0.003963
-0.003995
-0.004025
-0.004055
-0.004084
-0.004112
-0.004139
-0.004162
-0.004184
-0.004204
-0.004222
-0.004238
-0.004252
-0.004262
-0.004270
-0.004276
-0.004279
-0.004281
-0.004280
-0.004278
-0.004273
-0.004267
-0.004259
-0.004250
-0.004238
-0.004225
-0.004212
-0.004198
-0.004184
-0.004167
-0.004151
-0.004135
-0.004120
-0.004104
-0.004088
-0.004073
-0.004058
-0.004045
-0.004032
-0.004021
-0.004009
-0.003999
-0.003990
-0.003983
-0.003978
-0.003973
-0.003968
-0.003965
-0.003964
-0.003963
-0.003963
-0.003964
-0.003965
-0.003967
-0.003970
-0.003974
-0.003978
-0.003982
-0.003987
-0.003990
-0.003993
-0.003997
-0.004000
-0.004003
-0.004006
-0.004009
-0.004012
-0.004015
-0.004016
-0.004018
-0.004020
-0.004021
-0.004021
-0.004022
-0.004022
-0.004022
-0.004021
-0.004019
-0.004018
-0.004016
-0.004014
-0.004012
-0.004009
-0.004006
-0.004004
-0.004000
-0.003997
-0.003994
-0.003990
-0.003985
-0.003981
-0.003977
-0.003972
-0.003967
-0.003961
-0.003956
-0.003949
-0.003943
-0.003937
-0.003929
-0.003920
-0.003912
-0.003902
-0.003892
-0.003883
-0.003873
-0.003863
-0.003852
-0.003841
-0.003829
-0.003816
-0.003802
-0.003789
-0.003776
-0.003762
-0.003750
-0.003737
-0.003724
-0.003712
-0.003700
-0.003687
-0.003674
-0.003662
-0.003651
-0.003639
-0.003628
-0.003618
-0.003608
-0.003600
-0.003591
-0.003585
-0.003579
-0.003573
-0.003570
-0.003566
-0.003564
-0.003564
-0.003563
-0.003564
-0.003566
-0.003568
-0.003573
-0.003577
-0.003581
-0.003585
-0.003591
-0.003595
-0.003601
-0.003604
-0.003609
-0.003613
-0.003616
-0.003618
-0.003619
-0.003620
-0.003619
-0.003617
-0.003614
-0.003608
-0.003601
-0.003592
-0.003580
-0.003566
-0.003551
-0.003532
-0.003510
-0.003487
-0.003461
-0.003433
-0.003404
-0.003372
-0.003338
-0.003303
-0.003267
-0.003230
-0.003190
-0.003150
-0.003108
-0.003065
-0.003022
-0.002978
-0.002935
-0.002892
-0.002848
-0.002805
-0.002762
-0.002720
-0.002680
-0.002639
-0.002600
-0.002563
-0.002527
-0.002494
-0.002462
-0.002433
-0.002407
-0.002383
-0.002360
-0.002339
-0.002322
-0.002307
-0.002295
-0.002285
-0.002278
-0.002273
-0.002270
-0.002268
-0.002268
-0.002270
-0.002273
-0.002278
-0.002284
-0.002291
-0.002300
-0.002309
-0.002318
-0.002328
-0.002336
-0.002345
-0.002354
-0.002361
-0.002367
-0.002373
-0.002376
-0.002380
-0.002381
-0.002379
-0.002375
-0.002369
-0.002361
-0.002351
-0.002338
-0.002322
-0.002305
-0.002284
-0.002261
-0.002237
-0.002209
-0.002179
-0.002147
-0.002114
-0.002077
-0.002039
-0.002000
-0.001959
-0.001918
-0.001874
-0.001829
-0.001785
-0.001741
-0.001695
-0.001651
-0.001606
-0.001562
-0.001518
-0.001474
-0.001432
-0.001392
-0.001351
-0.001312
-0.001274
-0.001236
-0.001199
-0.001164
-0.001130
-0.001097
-0.001066
-0.001035
-0.001005
-0.000976
-0.000948
-0.000920
-0.000892
-0.000866
-0.000840
-0.000815
-0.000790
-0.000766
-0.000742
-0.000720
-0.000697
-0.000675
-0.000654
-0.000633
-0.000613
-0.000593
-0.000575
-0.000558
-0.000542
-0.000526
-0.000511
-0.000498
-0.000485
-0.000474
-0.000464
-0.000455
-0.000448
-0.000444
-0.000440
-0.000437
-0.000437
-0.000438
-0.000440
-0.000443
-0.000447
-0.000453
-0.000459
-0.000466
-0.000475
-0.000483
-0.000492
-0.000500
-0.000509
-0.000518
-0.000526
-0.000533
-0.000540
-0.000545
-0.000549
-0.000551
-0.000550
-0.000549
-0.000543
-0.000534
-0.000522
-0.000508
-0.000492
-0.000471
-0.000447
-0.000420
-0.000391
-0.000359
-0.000323
-0.000284
-0.000243
-0.000200
-0.000153
-0.000105
-0.000055
-0.000002
0.000052
0.000107
0.000164
0.000222
0.000281
0.000340
0.000400
0.000459
0.000518
0.000575
0.000633
0.000689
0.000744
0.000800
0.000852
0.000902
0.000953
0.001001
0.001047
0.001092
0.001135
0.001176
0.001217
0.001254
0.001291
0.001327
0.001362
0.001396
0.001429
0.001461
0.001493
0.001526
0.001557
0.001590
0.001623
0.001657
0.001692
0.001727
0.001762
0.001798
0.001835
0.001875
0.001915
0.001956
0.001998
0.002042
0.002086
0.002131
0.002177
0.002224
0.002271
0.002318
0.002366
0.002413
0.002460
0.002507
0.002552
0.002597
0.002640
0.002682
0.002721
0.002758
0.002793
0.002825
0.002856
0.002885
0.002910
0.002934
0.002955
0.002972
0.002988
0.002999
0.003007
0.003013
0.003015
0.003016
0.003015
0.003011
0.003004
0.002996
0.002987
0.002975
0.002962
0.002947
0.002932
0.002914
0.002896
0.002878
0.002858
0.002838
0.002817
0.002797
0.002777
0.002757
0.002739
0.002720
0.002702
0.002685
0.002669
0.002655
0.002641
0.002629
0.002618
0.002609
0.002601
0.002595
0.002590
0.002586
0.002584
0.002583
0.002584
0.002586
0.002589
0.002595
0.002602
0.002609
0.002619
0.002629
0.002641
0.002654
0.002668
0.002684
0.002702
0.002720
0.002738
0.002758
0.002778
0.002800
0.002824
0.002847
0.002872
0.002897
0.002923
0.002952
0.002982
0.003013
0.003045
0.003077
0.003110
0.003144
0.003180
0.003215
0.003251
0.003289
0.003327
0.003365
0.003403
0.003442
0.003481
0.003519
0.003557
0.003595
0.003632
0.003668
0.003703
0.003736
0.003769
0.003801
0.003829
0.003856
0.003883
0.003906
0.003926
0.003946
0.003963
0.003976
0.003988
0.003996
0.004000
0.004003
0.004001
0.003997
0.003991
0.003983
0.003972
0.003959
0.003943
0.003927
0.003907
0.003886
0.003863
0.003839
0.003813
0.003787
0.003760
0.003732
0.003704
0.003677
0.003650
0.003622
0.003596
0.003570
0.003545
0.003523
0.003502
0.003483
0.003466
0.003451
0.003439
0.003428
0.003422
0.003418
0.003417
0.003417
0.003420
0.003426
0.003433
0.003443
0.003456
0.003471
0.003490
0.003511
0.003534
0.003560
0.003587
0.003616
0.003645
0.003676
0.003709
0.003743
0.003776
0.003809
0.003842
0.003874
0.003906
0.003938
0.003969
0.003999
0.004028
0.004054
0.004078
0.004102
0.004122
0.004139
0.004155
0.004168
0.004177
0.004183
0.004187
0.004188
0.004185
0.004179
0.004170
0.004159
0.004144
0.004127
0.004107
0.004086
0.004064
0.004039
0.004012
0.003983
0.003954
0.003924
0.003892
0.003860
0.003827
0.003793
0.003761
0.003728
0.003695
0.003663
0.003632
0.003603
0.003573
0.003546
0.003520
0.003496
0.003472
0.003449
0.003428
0.003408
0.003388
0.003372
0.003357
0.003343
0.003329
0.003317
0.003305
0.003296
0.003287
0.003278
0.003272
0.003265
0.003259
0.003252
0.003247
0.003243
0.003237
0.003232
0.003229
0.003224
0.003221
0.003216
0.003213
0.003210
0.003208
0.003205
0.003203
0.003202
0.003199
0.003199
0.003199
0.003200
0.003202
0.003203
0.003204
0.003207
0.003210
0.003215
0.003221
0.003228
0.003235
0.003244
0.003252
0.003263
0.003274
0.003286
0.003298
0.003312
0.003325
0.003339
0.003351
0.003365
0.003378
0.003391
0.003403
0.003415
0.003426
0.003435
0.003441
0.003448
0.003453
0.003456
0.003457
0.003455
0.003451
0.003443
0.003433
0.003420
0.003404
0.003385
0.003362
0.003336
0.003307
0.003274
0.003237
0.003198
0.003155
0.003110
0.003061
0.003009
0.002954
0.002897
0.002838
0.002776
0.002711
0.002646
0.002578
0.002510
0.002442
0.002373
0.002304
0.002235
0.002167
0.002101
0.002036
0.001972
0.001910
0.001850
0.001792
0.001737
0.001684
0.001636
0.001589
0.001546
0.001506
0.001469
0.001438
0.001408
0.001382
0.001361
0.001343
0.001330
0.001319
0.001312
0.001309
0.001309
0.001312
0.001319
0.001329
0.001341
0.001357
0.001373
0.001392
0.001412
0.001436
0.001459
0.001484
0.001509
0.001535
0.001560
0.001585
0.001610
0.001634
0.001657
0.001678
0.001698
0.001715
0.001729
0.001742
0.001751
0.001756
0.001759
0.001758
0.001755
0.001747
0.001738
0.001724
0.001707
0.001686
0.001663
0.001635
0.001603
0.001567
0.001531
0.001490
0.001447
0.001400
0.001351
0.001301
0.001250
0.001196
0.001141
0.001085
0.001029
0.000971
0.000913
0.000855
0.000798
0.000741
0.000686
0.000631
0.000578
0.000525
0.000474
0.000427
0.000379
0.000335
0.000292
0.000252
0.000214
0.000177
0.000145
0.000113
0.000085
0.000059
0.000035
0.000014
-0.000005
-0.000024
-0.000041
-0.000055
-0.000067
-0.000079
-0.000091
-0.000101
-0.000112
-0.000122
-0.000132
-0.000142
-0.000152
-0.000162
-0.000173
-0.000184
-0.000196
-0.000211
-0.000226
-0.000243
-0.000261
-0.000279
-0.000300
-0.000322
-0.000345
-0.000370
-0.000397
-0.000424
-0.000452
-0.000482
-0.000513
-0.000545
-0.000578
-0.000611
-0.000646
-0.000680
-0.000715
-0.000749
-0.000783
-0.000817
-0.000850
-0.000882
-0.000914
-0.000945
-0.000975
-0.001003
-0.001029
-0.001054
-0.001076
-0.001097
-0.001116
-0.001133
-0.001149
-0.001164
-0.001176
-0.001186
-0.001194
-0.001201
-0.001207
-0.001211
-0.001213
-0.001214
-0.001215
-0.001214
-0.001214
-0.001213
-0.001211
-0.001211
-0.001210
-0.001211
-0.001212
-0.001215
-0.001219
-0.001224
-0.001231
-0.001240
-0.001252
-0.001267
-0.001283
-0.001303
-0.001324
-0.001347
-0.001374
-0.001403
-0.001434
-0.001468
-0.001504
-0.001543
-0.001584
-0.001626
-0.001671
-0.001717
-0.001765
-0.001815
-0.001865
-0.001916
-0.001968
-0.002020
-0.002074
-0.002127
-0.002180
-0.002232
-0.002284
-0.002334
-0.002383
-0.002431
-0.002478
-0.002524
-0.002567
-0.002609
-0.002648
-0.002683
-0.002717
-0.002748
-0.002776
-0.002801
-0.002825
-0.002846
-0.002863
-0.002878
-0.002890
-0.002899
-0.002905
-0.002909
-0.002910
-0.002907
-0.002903
-0.002896
-0.002887
-0.002877
-0.002865
-0.002851
-0.002837
-0.002821
-0.002804
-0.002786
-0.002768
-0.002749
-0.002731
-0.002712
-0.002695
-0.002678
-0.002661
-0.002646
-0.002632
-0.002621
-0.002613
-0.002605
-0.002599
-0.002595
-0.002595
-0.002596
-0.002600
-0.002606
-0.002616
-0.002628
-0.002642
-0.002659
-0.002678
-0.002700
-0.002724
-0.002751
-0.002778
-0.002808
-0.002840
-0.002873
-0.002908
-0.002944
-0.002982
-0.003020
-0.003059
-0.003098
-0.003138
-0.003179
-0.003218
-0.003258
-0.003297
-0.003334
-0.003372
-0.003407
-0.003442
-0.003474
-0.003505
-0.003533
-0.003561
-0.003586
-0.003609
-0.003630
-0.003649
-0.003665
-0.003679
-0.003690
-0.003700
-0.003708
-0.003712
-0.003714
-0.003715
-0.003713
-0.003708
-0.003703
-0.003696
-0.003688
-0.003678
-0.003667
-0.003655
-0.003643
-0.003630
-0.003617
-0.003606
-0.003595
-0.003584
-0.003575
-0.003566
-0.003558
-0.003552
-0.003548
-0.003545
-0.003544
-0.003546
-0.003550
-0.003557
-0.003564
-0.003573
-0.003587
-0.003602
-0.003619
-0.003638
-0.003660
-0.003683
-0.003708
-0.003736
-0.003765
-0.003794
-0.003826
-0.003859
-0.003891
-0.003924
-0.003958
-0.003992
-0.004025
-0.004058
-0.004091
-0.004122
-0.004150
-0.004177
-0.004202
-0.004225
-0.004245
-0.004263
-0.004278
-0.004288
-0.004295
-0.004300
-0.004300
-0.004296
-0.004289
-0.004277
-0.004263
-0.004244
-0.004222
-0.004197
-0.004168
-0.004135
-0.004101
-0.004063
-0.004022
-0.003979
-0.003934
-0.003888
-0.003839
-0.003788
-0.003738
-0.003687
-0.003636
-0.003586
-0.003536
-0.003487
-0.003440
-0.003394
-0.003349
-0.003306
-0.003266
-0.003228
-0.003194
-0.003161
-0.003132
-0.003106
-0.003083
-0.003063
-0.003046
-0.003033
-0.003022
-0.003015
-0.003010
-0.003008
-0.003011
-0.003015
-0.003023
-0.003034
-0.003046
-0.003060
-0.003078
-0.003096
-0.003116
-0.003137
-0.003160
-0.003184
-0.003208
-0.003232
-0.003257
-0.003280
-0.003304
-0.003327
-0.003351
-0.003373
-0.003397
-0.003420
-0.003443
-0.003463
-0.003484
-0.003503
-0.003521
-0.003538
-0.003554
-0.003569
-0.003583
-0.003596
-0.003607
-0.003620
-0.003630
-0.003639
-0.003647
-0.003655
-0.003661
-0.003665
-0.003668
-0.003670
-0.003670
-0.003670
-0.003669
-0.003664
-0.003660
-0.003654
-0.003647
-0.003637
-0.003626
-0.003613
-0.003600
-0.003584
-0.003568
-0.003549
-0.003530
-0.003507
-0.003484
-0.003460
-0.003433
-0.003407
-0.003379
-0.003350
-0.003321
-0.003290
-0.003259
-0.003229
-0.003197
-0.003166
-0.003134
-0.003104
-0.003075
-0.003045
-0.003017
-0.002990
-0.002963
-0.002939
-0.002917
-0.002895
-0.002876
-0.002857
-0.002841
-0.002825
-0.002812
-0.002799
-0.002787
-0.002777
-0.002768
-0.002759
-0.002753
-0.002746
-0.002742
-0.002737
-0.002733
-0.002731
-0.002728
-0.002724
-0.002719
-0.002713
-0.002707
-0.002700
-0.002691
-0.002682
-0.002671
-0.002657
-0.002642
-0.002626
-0.002608
-0.002587
-0.002566
-0.002541
-0.002514
-0.002485
-0.002455
-0.002423
-0.002389
-0.002355
-0.002319
-0.002282
-0.002245
-0.002208
-0.002169
-0.002131
-0.002095
-0.002059
-0.002025
-0.001990
-0.001958
-0.001927
-0.001898
-0.001873
-0.001848
-0.001826
-0.001807
-0.001790
-0.001775
-0.001764
-0.001755
-0.001749
-0.001746
-0.001746
-0.001747
-0.001752
-0.001759
-0.001768
-0.001778
-0.001790
-0.001805
-0.001821
-0.001837
-0.001854
-0.001871
-0.001887
-0.001902
-0.001918
-0.001930
-0.001942
-0.001953
-0.001962
-0.001968
-0.001972
-0.001974
-0.001973
-0.001970
-0.001964
-0.001955
-0.001943
-0.001930
-0.001913
-0.001893
-0.001869
-0.001843
-0.001814
-0.001783
-0.001751
-0.001715
-0.001677
-0.001638
-0.001598
-0.001558
-0.001515
-0.001472
-0.001429
-0.001386
-0.001343
-0.001300
-0.001259
-0.001219
-0.001179
-0.001140
-0.001102
-0.001064
-0.001029
-0.000995
-0.000964
-0.000933
-0.000904
-0.000876
-0.000850
-0.000827
-0.000805
-0.000785
-0.000767
-0.000750
-0.000735
-0.000719
-0.000706
-0.000694
-0.000682
-0.000671
-0.000661
-0.000652
-0.000643
-0.000635
-0.000627
-0.000619
-0.000610
-0.000601
-0.000593
-0.000585
-0.000577
-0.000567
-0.000558
-0.000548
-0.000538
-0.000528
-0.000518
-0.000508
-0.000496
-0.000485
-0.000474
-0.000462
-0.000450
-0.000437
-0.000425
-0.000413
-0.000400
-0.000387
-0.000372
-0.000357
-0.000342
-0.000327
-0.000310
-0.000293
-0.000275
-0.000254
-0.000233
-0.000212
-0.000188
-0.000164
-0.000138
-0.000111
-0.000081
-0.000050
-0.000018
0.000017
0.000052
0.000089
0.000128
0.000168
0.000211
0.000254
0.000298
0.000344
0.000390
0.000437
0.000486
0.000534
0.000581
0.000631
0.000680
0.000729
0.000779
0.000827
0.000874
0.000920
0.000964
0.001008
0.001051
0.001092
0.001131
0.001170
0.001206
0.001241
0.001274
0.001305
0.001334
0.001360
0.001385
0.001407
0.001428
0.001449
0.001467
0.001483
0.001498
0.001512
0.001524
0.001535
0.001546
0.001557
0.001569
0.001580
0.001592
0.001603
0.001615
0.001627
0.001641
0.001657
0.001673
0.001691
0.001711
0.001734
0.001756
0.001781
0.001808
0.001837
0.001868
0.001900
0.001935
0.001973
0.002012
0.002053
0.002097
0.002142
0.002189
0.002237
0.002288
0.002338
0.002390
0.002443
0.002496
0.002550
0.002602
0.002657
0.002710
0.002763
0.002816
0.002869
0.002919
0.002969
0.003016
0.003062
0.003106
0.003148
0.003189
0.003225
0.003258
0.003290
0.003319
0.003345
0.003369
0.003388
0.003407
0.003423
0.003435
0.003446
0.003454
0.003459
0.003464
0.003466
0.003465
0.003463
0.003459
0.003453
0.003448
0.003441
0.003434
0.003426
0.003418
0.003408
0.003399
0.003392
0.003385
0.003379
0.003374
0.003370
0.003367
0.003366
0.003366
0.003367
0.003370
0.003374
0.003380
0.003388
0.003397
0.003406
0.003417
0.003429
0.003442
0.003455
0.003470
0.003484
0.003500
0.003518
0.003537
0.003557
0.003577
0.003596
0.003615
0.003635
0.003654
0.003672
0.003690
0.003708
0.003726
0.003743
0.003759
0.003775
0.003791
0.003806
0.003822
0.003838
0.003852
0.003865
0.003879
0.003894
0.003908
0.003921
0.003934
0.003946
0.003959
0.003970
0.003982
0.003995
0.004008
0.004021
0.004036
0.004050
0.004065
0.004079
0.004095
0.004111
0.004126
0.004141
0.004157
0.004171
0.004185
0.004199
0.004212
0.004223
0.004233
0.004243
0.004252
0.004260
0.004266
0.004271
0.004274
0.004277
0.004278
0.004278
0.004277
0.004275
0.004271
0.004266
0.004258
0.004250
0.004239
0.004228
0.004217
0.004204
0.004191
0.004176
0.004161
0.004146
0.004130
0.004114
0.004100
0.004086
0.004072
0.004060
0.004048
0.004036
0.004026
0.004018
0.004012
0.004007
0.004005
0.004003
0.004004
0.004008
0.004013
0.004019
0.004028
0.004038
0.004050
0.004066
0.004081
0.004099
0.004119
0.004139
0.004161
0.004182
0.004204
0.004227
0.004249
0.004272
0.004293
0.004314
0.004334
0.004353
0.004370
0.004385
0.004399
0.004412
0.004423
0.004431
0.004437
0.004440
0.004441
0.004439
0.004435
0.004429
0.004419
0.004408
0.004395
0.004380
0.004364
0.004345
0.004324
0.004302
0.004279
0.004255
0.004230
0.004204
0.004178
0.004154
0.004128
0.004104
0.004081
0.004059
0.004038
0.004018
0.003999
0.003981
0.003966
0.003951
0.003939
0.003929
0.003919
0.003912
0.003906
0.003902
0.003898
0.003897
0.003896
0.003896
0.003896
0.003896
0.003898
0.003900
0.003900
0.003901
0.003901
0.003898
0.003894
0.003891
0.003884
0.003876
0.003867
0.003856
0.003843
0.003827
0.003811
0.003792
0.003772
0.003750
0.003726
0.003701
0.003674
0.003647
0.003619
0.003588
0.003557
0.003525
0.003492
0.003460
0.003427
0.003395
0.003363
0.003330
0.003299
0.003267
0.003235
0.003205
0.003175
0.003145
0.003118
0.003090
0.003063
0.003037
0.003012
0.002988
0.002964
0.002941
0.002918
0.002896
0.002874
0.002854
0.002833
0.002811
0.002789
0.002767
0.002744
0.002721
0.002698
0.002674
0.002651
0.002625
0.002600
0.002575
0.002548
0.002521
0.002493
0.002466
0.002439
0.002409
0.002380
0.002351
0.002322
0.002293
0.002264
0.002235
0.002206
0.002178
0.002150
0.002124
0.002097
0.002071
0.002046
0.002022
0.001999
0.001977
0.001956
0.001937
0.001918
0.001899
0.001882
0.001866
0.001849
0.001834
0.001819
0.001805
0.001792
0.001778
0.001765
0.001751
0.001738
0.001726
0.001713
0.001700
0.001686
0.001671
0.001657
0.001641
0.001624
0.001606
0.001587
0.001567
0.001547
0.001525
0.001502
0.001478
0.001454
0.001430
0.001405
0.001379
0.001354
0.001328
0.001302
0.001276
0.001251
0.001226
0.001202
0.001179
0.001155
0.001133
0.001112
0.001091
0.001072
0.001053
0.001036
0.001021
0.001007
0.000994
0.000982
0.000971
0.000963
0.000956
0.000948
0.000942
0.000939
0.000936
0.000933
0.000932
0.000930
0.000927
0.000925
0.000921
0.000918
0.000915
0.000910
0.000903
0.000896
0.000886
0.000876
0.000862
0.000847
0.000830
0.000810
0.000787
0.000764
0.000736
0.000706
0.000674
0.000640
0.000604
0.000566
0.000524
0.000481
0.000437
0.000391
0.000343
0.000295
0.000246
0.000197
0.000147
0.000099
0.000051
0.000003
-0.000044
-0.000090
-0.000135
-0.000178
-0.000219
-0.000257
-0.000293
-0.000327
-0.000358
-0.000387
-0.000414
-0.000436
-0.000456
-0.000473
-0.000490
-0.000503
-0.000515
-0.000525
-0.000531
-0.000537
-0.000542
-0.000545
-0.000549
-0.000552
-0.000555
-0.000559
-0.000563
-0.000567
-0.000573
-0.000581
-0.000591
-0.000603
-0.000619
-0.000637
-0.000656
-0.000680
-0.000706
-0.000735
-0.000770
-0.000807
-0.000848
-0.000892
-0.000940
-0.000991
-0.001046
-0.001103
-0.001164
-0.001228
-0.001295
-0.001364
-0.001434
-0.001506
-0.001578
-0.001652
-0.001725
-0.001798
-0.001870
-0.001942
-0.002011
-0.002079
-0.002145
-0.002208
-0.002269
-0.002327
-0.002380
-0.002430
-0.002476
-0.002518
-0.002555
-0.002588
-0.002617
-0.002641
-0.002660
-0.002674
-0.002684
-0.002690
-0.002693
-0.002691
-0.002685
-0.002676
-0.002664
-0.002648
-0.002631
-0.002613
-0.002591
-0.002569
-0.002546
-0.002522
-0.002497
-0.002473
-0.002450
-0.002428
-0.002408
-0.002389
-0.002372
-0.002357
-0.002345
-0.002336
-0.002331
-0.002329
-0.002331
-0.002337
-0.002347
-0.002359
-0.002376
-0.002395
-0.002419
-0.002445
-0.002476
-0.002508
-0.002545
-0.002583
-0.002624
-0.002667
-0.002710
-0.002756
-0.002802
-0.002850
-0.002897
-0.002944
-0.002991
-0.003038
-0.003083
-0.003127
-0.003171
-0.003211
-0.003248
-0.003286
-0.003321
-0.003353
-0.003384
-0.003413
-0.003439
-0.003461
-0.003482
-0.003500
-0.003517
-0.003533
-0.003546
-0.003558
-0.003567
-0.003575
-0.003583
-0.003589
-0.003594
-0.003600
-0.003604
-0.003609
-0.003616
-0.003622
-0.003628
-0.003635
-0.003643
-0.003652
-0.003662
-0.003672
-0.003684
-0.003697
-0.003711
-0.003726
-0.003741
-0.003758
-0.003775
-0.003792
-0.003810
-0.003829
-0.003848
-0.003867
-0.003887
-0.003907
-0.003928
-0.003949
-0.003970
-0.003991
-0.004013
-0.004033
-0.004053
-0.004072
-0.004092
-0.004110
-0.004128
-0.004147
-0.004163
-0.004180
-0.004197
-0.004212
-0.004229
-0.004243
-0.004259
-0.004272
-0.004286
-0.004300
-0.004312
-0.004325
-0.004338
-0.004350
-0.004362
-0.004375
-0.004386
-0.004396
-0.004406
-0.004413
-0.004422
-0.004431
-0.004438
-0.004445
-0.004450
-0.004454
-0.004457
-0.004460
-0.004462
-0.004462
-0.004460
-0.004458
-0.004454
-0.004447
-0.004440
-0.004430
-0.004419
-0.004407
-0.004393
-0.004378
-0.004361
-0.004342
-0.004322
-0.004300
-0.004277
-0.004254
-0.004230
-0.004204
-0.004179
-0.004153
-0.004128
-0.004102
-0.004078
-0.004055
-0.004032
-0.004011
-0.003991
-0.003974
-0.003958
-0.003945
-0.003933
-0.003924
-0.003919
-0.003916
-0.003916
-0.003919
-0.003926
-0.003937
-0.003950
-0.003966
-0.003985
-0.004009
-0.004034
-0.004062
-0.004093
-0.004126
-0.004161
-0.004198
-0.004235
-0.004275
-0.004314
-0.004355
-0.004395
-0.004435
-0.004474
-0.004512
-0.004547
-0.004582
-0.004614
-0.004645
-0.004673
-0.004696
-0.004718
-0.004735
-0.004750
-0.004760
-0.004765
-0.004768
-0.004765
-0.004757
-0.004745
-0.004729
-0.004708
-0.004685
-0.004657
-0.004626
-0.004592
-0.004555
-0.004514
-0.004471
-0.004425
-0.004377
-0.004327
-0.004277
-0.004225
-0.004174
-0.004123
-0.004073
-0.004024
-0.003976
-0.003929
-0.003884
-0.003842
-0.003804
-0.003769
-0.003737
-0.003709
-0.003684
-0.003663
-0.003644
-0.003630
-0.003621
-0.003615
-0.003613
-0.003614
-0.003619
-0.003626
-0.003637
-0.003651
-0.003668
-0.003686
-0.003707
-0.003729
-0.003752
-0.003777
-0.003801
-0.003826
-0.003850
-0.003872
-0.003896
-0.003916
-0.003935
-0.003951
-0.003966
-0.003979
-0.003989
-0.003995
-0.003998
-0.003998
-0.003994
-0.003987
-0.003977
-0.003964
-0.003947
-0.003927
-0.003903
-0.003878
-0.003849
-0.003818
-0.003784
-0.003749
-0.003713
-0.003675
-0.003636
-0.003596
-0.003556
-0.003516
-0.003478
-0.003440
-0.003402
-0.003366
-0.003330
-0.003295
-0.003263
-0.003235
-0.003208
-0.003183
-0.003160
-0.003140
-0.003122
-0.003107
-0.003094
-0.003082
-0.003073
-0.003064
-0.003057
-0.003052
-0.003048
-0.003043
-0.003039
-0.003036
-0.003032
-0.003026
-0.003020
-0.003014
-0.003007
-0.003000
-0.002991
-0.002979
-0.002965
-0.002951
-0.002932
-0.002913
-0.002892
-0.002868
-0.002842
-0.002813
-0.002781
-0.002746
-0.002710
-0.002670
-0.002629
-0.002585
-0.002540
-0.002494
-0.002445
-0.002396
-0.002345
-0.002294
-0.002241
-0.002188
-0.002135
-0.002082
-0.002030
-0.001978
-0.001927
-0.001877
-0.001828
-0.001779
-0.001732
-0.001688
-0.001644
-0.001602
-0.001562
-0.001525
-0.001489
-0.001454
-0.001422
-0.001391
-0.001363
-0.001334
-0.001309
-0.001287
-0.001266
-0.001247
-0.001229
-0.001212
-0.001197
-0.001183
-0.001170
-0.001160
-0.001149
-0.001141
-0.001133
-0.001125
-0.001118
-0.001113
-0.001107
-0.001102
-0.001096
-0.001092
-0.001087
-0.001083
-0.001079
-0.001075
-0.001071
-0.001067
-0.001064
-0.001060
-0.001057
-0.001054
-0.001050
-0.001047
-0.001044
-0.001041
-0.001038
-0.001034
-0.001031
-0.001027
-0.001022
-0.001016
-0.001010
-0.001003
-0.000995
-0.000986
-0.000977
-0.000966
-0.000955
-0.000942
-0.000927
-0.000910
-0.000892
-0.000872
-0.000851
-0.000828
-0.000804
-0.000778
-0.000750
-0.000720
-0.000689
-0.000657
-0.000623
-0.000588
-0.000551
-0.000513
-0.000473
-0.000431
-0.000388
-0.000343
-0.000298
-0.000253
-0.000206
-0.000158
-0.000111
-0.000062
-0.000013
0.000037
0.000087
0.000136
0.000187
0.000237
0.000288
0.000339
0.000389
0.000439
0.000489
0.000538
0.000589
0.000638
0.000688
0.000737
0.000785
0.000834
0.000881
0.000928
0.000975
0.001022
0.001069
0.001115
0.001159
0.001204
0.001249
0.001294
0.001338
0.001380
0.001423
0.001464
0.001505
0.001545
0.001584
0.001623
0.001660
0.001695
0.001730
0.001763
0.001794
0.001824
0.001853
0.001880
0.001905
0.001929
0.001953
0.001975
0.001995
0.002014
0.002033
0.002051
0.002067
0.002083
0.002097
0.002112
0.002125
0.002137
0.002150
0.002161
0.002172
0.002182
0.002191
0.002200
0.002208
0.002216
0.002225
0.002233
0.002242
0.002251
0.002260
0.002270
0.002279
0.002291
0.002301
0.002312
0.002323
0.002333
0.002343
0.002355
0.002365
0.002376
0.002389
0.002400
0.002412
0.002424
0.002435
0.002446
0.002456
0.002468
0.002479
0.002490
0.002500
0.002512
0.002523
0.002534
0.002545
0.002555
0.002566
0.002577
0.002589
0.002603
0.002616
0.002630
0.002644
0.002660
0.002675
0.002693
0.002712
0.002734
0.002756
0.002780
0.002805
0.002832
0.002862
0.002893
0.002926
0.002962
0.002998
0.003037
0.003077
0.003119
0.003163
0.003208
0.003254
0.003301
0.003348
0.003397
0.003446
0.003494
0.003543
0.003592
0.003641
0.003687
0.003733
0.003778
0.003820
0.003860
0.003899
0.003936
0.003970
0.004002
0.004032
0.004060
0.004085
0.004109
0.004129
0.004146
0.004161
0.004174
0.004185
0.004193
0.004199
0.004204
0.004207
0.004209
0.004209
0.004207
0.004204
0.004202
0.004199
0.004197
0.004194
0.004191
0.004189
0.004187
0.004189
0.004189
0.004191
0.004195
0.004199
0.004206
0.004213
0.004223
0.004234
0.004247
0.004259
0.004274
0.004289
0.004304
0.004322
0.004342
0.004362
0.004382
0.004401
0.004421
0.004441
0.004460
0.004480
0.004498
0.004516
0.004533
0.004549
0.004564
0.004576
0.004587
0.004596
0.004604
0.004610
0.004615
0.004617
0.004618
0.004617
0.004615
0.004611
0.004606
0.004600
0.004592
0.004584
0.004575
0.004565
0.004554
0.004544
0.004533
0.004521
0.004510
0.004501
0.004492
0.004484
0.004477
0.004470
0.004466
0.004461
0.004459
0.004458
0.004458
0.004458
0.004460
0.004463
0.004468
0.004475
0.004482
0.004491
0.004501
0.004512
0.004523
0.004536
0.004548
0.004562
0.004575
0.004588
0.004600
0.004613
0.004623
0.004632
0.004641
0.004648
0.004654
0.004658
0.004660
0.004660
0.004659
0.004655
0.004649
0.004642
0.004632
0.004622
0.004609
0.004593
0.004574
0.004555
0.004533
0.004509
0.004485
0.004458
0.004431
0.004402
0.004373
0.004344
0.004314
0.004283
0.004252
0.004223
0.004194
0.004167
0.004140
0.004114
0.004088
0.004065
0.004043
0.004021
0.004002
0.003985
0.003970
0.003956
0.003944
0.003934
0.003926
0.003920
0.003915
0.003913
0.003912
0.003912
0.003913
0.003914
0.003916
0.003919
0.003923
0.003926
0.003930
0.003933
0.003935
0.003937
0.003938
0.003937
0.003936
0.003934
0.003930
0.003924
0.003918
0.003910
0.003901
0.003891
0.003879
0.003866
0.003851
0.003836
0.003819
0.003800
0.003782
0.003763
0.003742
0.003722
0.003700
0.003679
0.003657
0.003636
0.003614
0.003593
0.003572
0.003554
0.003535
0.003518
0.003503
0.003486
0.003472
0.003457
0.003443
0.003431
0.003420
0.003409
0.003399
0.003390
0.003383
0.003376
0.003370
0.003363
0.003357
0.003352
0.003347
0.003341
0.003334
0.003326
0.003317
0.003306
0.003295
0.003282
0.003268
0.003252
0.003235
0.003215
0.003194
0.003170
0.003146
0.003120
0.003094
0.003066
0.003035
0.003004
0.002971
0.002936
0.002901
0.002865
0.002828
0.002789
0.002751
0.002713
0.002675
0.002638
0.002601
0.002565
0.002530
0.002497
0.002465
0.002436
0.002407
0.002382
0.002358
0.002336
0.002317
0.002300
0.002285
0.002273
0.002265
0.002257
0.002252
0.002249
0.002248
0.002250
0.002254
0.002260
0.002267
0.002273
0.002282
0.002292
0.002303
0.002312
0.002323
0.002332
0.002342
0.002350
0.002355
0.002360
0.002363
0.002364
0.002362
0.002358
0.002351
0.002339
0.002326
0.002310
0.002289
0.002265
0.002238
0.002206
0.002170
0.002132
0.002091
0.002045
0.001997
0.001946
0.001892
0.001836
0.001777
0.001717
0.001654
0.001591
0.001526
0.001462
0.001396
0.001331
0.001266
0.001202
0.001139
0.001077
0.001018
0.000959
0.000904
0.000853
0.000804
0.000757
0.000712
0.000672
0.000634
0.000600
0.000570
0.000543
0.000520
0.000499
0.000482
0.000467
0.000455
0.000446
0.000439
0.000435
0.000432
0.000431
0.000431
0.000434
0.000437
0.000440
0.000444
0.000447
0.000450
0.000453
0.000454
0.000453
0.000453
0.000450
0.000445
0.000438
0.000430
0.000418
0.000404
0.000388
0.000369
0.000348
0.000324
0.000299
0.000271
0.000241
0.000208
0.000173
0.000137
0.000098
0.000058
0.000016
-0.000027
-0.000071
-0.000115
-0.000161
-0.000206
-0.000253
-0.000298
-0.000344
-0.000389
-0.000434
-0.000480
-0.000525
-0.000568
-0.000612
-0.000653
-0.000696
-0.000737
-0.000776
-0.000814
-0.000852
-0.000889
-0.000926
-0.000960
-0.000995
-0.001029
-0.001063
-0.001096
-0.001129
-0.001161
-0.001193
-0.001225
-0.001256
-0.001288
-0.001320
-0.001352
-0.001384
-0.001417
-0.001450
-0.001483
-0.001518
-0.001553
-0.001588
-0.001625
-0.001662
-0.001700
-0.001739
-0.001778
-0.001817
-0.001857
-0.001896
-0.001935
-0.001974
-0.002013
-0.002052
-0.002091
-0.002129
-0.002165
-0.002201
-0.002237
-0.002272
-0.002306
-0.002339
-0.002370
-0.002399
-0.002426
-0.002452
-0.002477
-0.002500
-0.002521
-0.002540
-0.002558
-0.002574
-0.002590
-0.002604
-0.002617
-0.002627
-0.002637
-0.002646
-0.002654
-0.002663
-0.002671
-0.002678
-0.002685
-0.002693
-0.002699
-0.002707
-0.002716
-0.002725
-0.002734
-0.002744
-0.002755
-0.002768
-0.002781
-0.002796
-0.002812
-0.002830
-0.002850
-0.002870
-0.002892
-0.002914
-0.002939
-0.002965
-0.002991
-0.003019
-0.003046
-0.003075
-0.003104
-0.003134
-0.003164
-0.003195
-0.003226
-0.003257
-0.003289
-0.003321
-0.003352
-0.003383
-0.003414
-0.003444
-0.003474
-0.003503
-0.003532
-0.003559
-0.003586
-0.003611
-0.003637
-0.003661
-0.003685
-0.003707
-0.003727
-0.003748
-0.003767
-0.003785
-0.003803
-0.003821
-0.003839
-0.003856
-0.003871
-0.003887
-0.003900
-0.003914
-0.003927
-0.003939
-0.003950
-0.003962
-0.003972
-0.003981
-0.003990
-0.003998
-0.004006
-0.004013
-0.004019
-0.004024
-0.004029
-0.004034
-0.004038
-0.004040
-0.004042
-0.004043
-0.004044
-0.004044
-0.004042
-0.004040
-0.004036
-0.004033
-0.004028
-0.004022
-0.004016
-0.004009
-0.004003
-0.003996
-0.003987
-0.003978
-0.003969
-0.003960
-0.003950
-0.003941
-0.003931
-0.003921
-0.003911
-0.003902
-0.003894
-0.003886
-0.003880
-0.003874
-0.003869
-0.003865
-0.003863
-0.003864
-0.003866
-0.003869
-0.003874
-0.003881
-0.003889
-0.003898
-0.003910
-0.003924
-0.003940
-0.003957
-0.003977
-0.003999
-0.004022
-0.004046
-0.004071
-0.004098
-0.004126
-0.004155
-0.004184
-0.004214
-0.004244
-0.004274
-0.004305
-0.004335
-0.004364
-0.004393
-0.004422
-0.004448
-0.004475
-0.004498
-0.004521
-0.004542
-0.004562
-0.004580
-0.004596
-0.004611
-0.004624
-0.004635
-0.004643
-0.004649
-0.004652
-0.004654
-0.004652
-0.004649
-0.004643
-0.004635
-0.004626
-0.004613
-0.004599
-0.004583
-0.004565
-0.004545
-0.004523
-0.004500
-0.004477
-0.004449
-0.004421
-0.004391
-0.004360
-0.004329
-0.004296
-0.004262
-0.004228
-0.004194
-0.004159
-0.004123
-0.004088
-0.004052
-0.004017
-0.003981
-0.003947
-0.003914
-0.003881
-0.003849
-0.003818
-0.003789
-0.003762
-0.003736
-0.003711
-0.003687
-0.003666
-0.003648
-0.003631
-0.003616
-0.003604
-0.003595
-0.003589
-0.003585
-0.003583
-0.003585
-0.003589
-0.003595
-0.003604
-0.003616
-0.003631
-0.003648
-0.003666
-0.003686
-0.003708
-0.003732
-0.003757
-0.003782
-0.003809
-0.003838
-0.003868
-0.003896
-0.003924
-0.003952
-0.003979
-0.004005
-0.004029
-0.004052
-0.004073
-0.004092
-0.004107
-0.004121
-0.004132
-0.004140
-0.004143
-0.004145
-0.004143
-0.004138
-0.004129
-0.004117
-0.004101
-0.004083
-0.004060
-0.004036
-0.004009
-0.003978
-0.003946
-0.003911
-0.003875
-0.003837
-0.003797
-0.003758
-0.003718
-0.003677
-0.003637
-0.003597
-0.003557
-0.003519
-0.003481
-0.003446
-0.003412
-0.003379
-0.003348
-0.003320
-0.003292
-0.003268
-0.003246
-0.003227
-0.003208
-0.003191
-0.003177
-0.003163
-0.003151
-0.003139
-0.003129
-0.003121
-0.003112
-0.003104
-0.003095
-0.003086
-0.003078
-0.003069
-0.003058
-0.003047
-0.003033
-0.003018
-0.003002
-0.002984
-0.002964
-0.002943
-0.002919
-0.002892
-0.002864
-0.002835
-0.002803
-0.002769
-0.002734
-0.002698
-0.002661
-0.002624
-0.002585
-0.002547
-0.002509
-0.002471
-0.002434
-0.002398
-0.002363
-0.002329
-0.002297
-0.002268
-0.002242
-0.002217
-0.002194
-0.002177
-0.002160
-0.002147
-0.002137
-0.002130
-0.002127
-0.002125
-0.002128
-0.002133
-0.002140
-0.002149
-0.002159
-0.002169
-0.002183
-0.002196
-0.002210
-0.002223
-0.002236
-0.002249
-0.002261
-0.002271
-0.002280
-0.002287
-0.002290
-0.002292
-0.002289
-0.002282
-0.002271
-0.002255
-0.002235
-0.002212
-0.002183
-0.002150
-0.002112
-0.002071
-0.002023
-0.001973
-0.001918
-0.001859
-0.001797
-0.001732
-0.001663
-0.001593
-0.001520
-0.001444
-0.001368
-0.001291
-0.001212
-0.001134
-0.001055
-0.000976
-0.000898
-0.000823
-0.000748
-0.000676
-0.000606
-0.000538
-0.000474
-0.000413
-0.000355
-0.000301
-0.000251
-0.000204
-0.000161
-0.000121
-0.000085
-0.000054
-0.000026
-0.000000
0.000021
0.000040
0.000057
0.000071
0.000083
0.000093
0.000101
0.000109
0.000115
0.000120
0.000125
0.000130
0.000134
0.000140
0.000145
0.000153
0.000162
0.000171
0.000182
0.000194
0.000207
0.000224
0.000241
0.000260
0.000281
0.000302
0.000326
0.000350
0.000376
0.000403
0.000432
0.000461
0.000492
0.000522
0.000554
0.000587
0.000619
0.000651
0.000684
0.000715
0.000746
0.000777
0.000807
0.000835
0.000863
0.000890
0.000916
0.000941
0.000965
0.000987
0.001007
0.001027
0.001046
0.001064
0.001081
0.001098
0.001114
0.001130
0.001145
0.001160
0.001176
0.001191
0.001208
0.001226
0.001244
0.001263
0.001284
0.001306
0.001330
0.001356
0.001384
0.001415
0.001447
0.001482
0.001519
0.001558
0.001600
0.001645
0.001692
0.001741
0.001792
0.001846
0.001902
0.001958
0.002015
0.002074
0.002135
0.002197
0.002258
0.002320
0.002382
0.002443
0.002504
0.002564
0.002621
0.002678
0.002731
0.002783
0.002832
0.002877
0.002919
0.002958
0.002994
0.003025
0.003053
0.003076
0.003095
0.003110
0.003121
0.003128
0.003131
0.003130
0.003125
0.003115
0.003102
0.003086
0.003068
0.003047
0.003023
0.002998
0.002970
0.002941
0.002909
0.002879
0.002848
0.002816
0.002785
0.002756
0.002727
0.002700
0.002675
0.002651
0.002628
0.002609
0.002592
0.002578
0.002567
0.002558
0.002554
0.002553
0.002554
0.002560
0.002568
0.002579
0.002593
0.002610
0.002631
0.002654
0.002679
0.002706
0.002734
0.002764
0.002796
0.002829
0.002863
0.002897
0.002930
0.002963
0.002996
0.003029
0.003060
0.003090
0.003119
0.003147
0.003174
0.003199
0.003221
0.003243
0.003262
0.003279
0.003294
0.003307
0.003319
0.003329
0.003337
0.003343
0.003349
0.003353
0.003359
0.003361
0.003364
0.003368
0.003371
0.003374
0.003378
0.003383
0.003390
0.003398
0.003407
0.003417
0.003430
0.003444
0.003460
0.003479
0.003500
0.003522
0.003548
0.003576
0.003605
0.003637
0.003672
0.003710
0.003749
0.003790
0.003832
0.003876
0.003920
0.003966
0.004013
0.004059
0.004106
0.004152
0.004197
0.004241
0.004284
0.004325
0.004364
0.004402
0.004437
0.004470
0.004499
0.004527
0.004551
0.004574
0.004593
0.004607
0.004619
0.004629
0.004636
0.004639
0.004640
0.004640
0.004636
0.004631
0.004623
0.004614
0.004604
0.004592
0.004579
0.004568
0.004555
0.004542
0.004531
0.004519
0.004507
0.004498
0.004490
0.004482
0.004476
0.004471
0.004469
0.004468
0.004468
0.004470
0.004475
0.004482
0.004490
0.004501
0.004512
0.004525
0.004539
0.004555
0.004570
0.004587
0.004603
0.004620
0.004637
0.004653
0.004667
0.004681
0.004695
0.004706
0.004716
0.004723
0.004729
0.004733
0.004735
0.004733
0.004731
0.004726
0.004719
0.004709
0.004695
0.004680
0.004663
0.004643
0.004622
0.004599
0.004574
0.004548
0.004522
0.004495
0.004469
0.004442
0.004416
0.004390
0.004365
0.004341
0.004321
0.004300
0.004282
0.004266
0.004254
0.004243
0.004234
0.004227
0.004224
0.004224
0.004224
0.004229
0.004237
0.004245
0.004256
0.004270
0.004285
0.004301
0.004319
0.004338
0.004356
0.004375
0.004394
0.004412
0.004429
0.004445
0.004459
0.004471
0.004482
0.004488
0.004493
0.004495
0.004495
0.004489
0.004481
0.004468
0.004452
0.004432
0.004409
0.004381
0.004351
0.004317
0.004281
0.004239
0.004195
0.004148
0.004099
0.004046
0.003994
0.003939
0.003882
0.003825
0.003769
0.003713
0.003657
0.003601
0.003548
0.003495
0.003443
0.003394
0.003347
0.003304
0.003263
0.003227
0.003193
0.003163
0.003135
0.003112
0.003091
0.003074
0.003060
0.003049
0.003044
0.003040
0.003040
0.003042
0.003047
0.003053
0.003062
0.003073
0.003085
0.003097
0.003108
0.003119
0.003129
0.003139
0.003149
0.003157
0.003163
0.003166
0.003166
0.003165
0.003161
0.003152
0.003141
0.003125
0.003107
0.003086
0.003060
0.003032
0.003001
0.002968
0.002931
0.002891
0.002847
0.002802
0.002755
0.002708
0.002659
0.002610
0.002560
0.002511
0.002461
0.002412
0.002366
0.002321
0.002278
0.002238
0.002202
0.002167
0.002137
0.002111
0.002087
0.002068
0.002054
0.002044
0.002037
0.002034
0.002035
0.002041
0.002051
0.002064
0.002082
0.002103
0.002126
0.002153
0.002181
0.002213
0.002245
0.002278
0.002312
0.002347
0.002381
0.002414
0.002447
0.002477
0.002505
0.002531
0.002554
0.002573
0.002590
0.002602
0.002612
0.002618
0.002620
0.002617
0.002609
0.002596
0.002579
0.002558
0.002534
0.002504
0.002470
0.002432
0.002390
0.002345
0.002296
0.002243
0.002188
0.002131
0.002073
0.002012
0.001952
0.001891
0.001829
0.001767
0.001705
0.001643
0.001583
0.001524
0.001465
0.001407
0.001353
0.001299
0.001247
0.001197
0.001149
0.001102
0.001056
0.001013
0.000971
0.000931
0.000894
0.000857
0.000820
0.000786
0.000752
0.000719
0.000687
0.000656
0.000624
0.000591
0.000559
0.000526
0.000492
0.000457
0.000420
0.000382
0.000343
0.000302
0.000260
0.000217
0.000172
0.000126
0.000079
0.000030
-0.000021
-0.000072
-0.000125
-0.000177
-0.000230
-0.000285
-0.000340
-0.000394
-0.000448
-0.000502
-0.000556
-0.000609
-0.000659
-0.000708
-0.000755
-0.000801
-0.000843
-0.000885
-0.000924
-0.000958
-0.000991
-0.001021
-0.001048
-0.001071
-0.001092
-0.001111
-0.001126
-0.001138
-0.001147
-0.001155
-0.001160
-0.001163
-0.001163
-0.001161
-0.001157
-0.001152
-0.001145
-0.001137
-0.001130
-0.001120
-0.001111
-0.001103
-0.001094
-0.001086
-0.001081
-0.001075
-0.001071
-0.001069
-0.001069
-0.001070
-0.001075
-0.001080
-0.001088
-0.001098
-0.001112
-0.001126
-0.001144
-0.001165
-0.001187
-0.001213
-0.001240
-0.001270
-0.001302
-0.001337
-0.001372
-0.001410
-0.001451
-0.001491
-0.001533
-0.001575
-0.001618
-0.001663
-0.001707
-0.001751
-0.001795
-0.001838
-0.001881
-0.001924
-0.001967
-0.002009
-0.002050
-0.002090
-0.002129
-0.002167
-0.002204
-0.002238
-0.002272
-0.002304
-0.002336
-0.002366
-0.002394
-0.002422
-0.002449
-0.002474
-0.002500
-0.002525
-0.002550
-0.002574
-0.002598
-0.002621
-0.002644
-0.002667
-0.002690
-0.002714
-0.002738
-0.002763
-0.002788
-0.002814
-0.002841
-0.002869
-0.002897
-0.002927
-0.002958
-0.002990
-0.003022
-0.003057
-0.003092
-0.003128
-0.003164
-0.003200
-0.003238
-0.003276
-0.003315
-0.003354
-0.003392
-0.003432
-0.003471
-0.003510
-0.003548
-0.003586
-0.003623
-0.003660
-0.003695
-0.003731
-0.003766
-0.003797
-0.003828
-0.003857
-0.003885
-0.003911
-0.003935
-0.003957
-0.003978
-0.003995
-0.004011
-0.004024
-0.004035
-0.004045
-0.004052
-0.004058
-0.004062
-0.004063
-0.004064
-0.004063
-0.004059
-0.004055
-0.004049
-0.004043
-0.004035
-0.004027
-0.004018
-0.004010
-0.003999
-0.003990
-0.003981
-0.003973
-0.003966
-0.003958
-0.003950
-0.003944
-0.003939
-0.003935
-0.003934
-0.003933
-0.003933
-0.003935
-0.003938
-0.003943
-0.003948
-0.003956
-0.003965
-0.003974
-0.003984
-0.003994
-0.004006
-0.004020
-0.004035
-0.004049
-0.004065
-0.004081
-0.004097
-0.004113
-0.004131
-0.004148
-0.004165
-0.004182
-0.004198
-0.004214
-0.004228
-0.004242
-0.004256
-0.004268
-0.004281
-0.004293
-0.004303
-0.004314
-0.004324
-0.004332
-0.004340
-0.004347
-0.004354
-0.004359
-0.004364
-0.004368
-0.004372
-0.004376
-0.004379
-0.004382
-0.004386
-0.004388
-0.004392
-0.004395
-0.004398
-0.004403
-0.004408
-0.004414
-0.004420
-0.004429
-0.004436
-0.004445
-0.004455
-0.004467
-0.004479
-0.004492
-0.004505
-0.004521
-0.004538
-0.004554
-0.004572
-0.004590
-0.004607
-0.004626
-0.004646
-0.004664
-0.004685
-0.004706
-0.004726
-0.004747
-0.004767
-0.004786
-0.004806
-0.004822
-0.004838
-0.004852
-0.004865
-0.004876
-0.004885
-0.004894
-0.004901
-0.004907
-0.004910
-0.004913
-0.004913
-0.004911
-0.004908
-0.004903
-0.004896
-0.004886
-0.004875
-0.004862
-0.004847
-0.004831
-0.004812
-0.004789
-0.004766
-0.004741
-0.004714
-0.004688
-0.004660
-0.004629
-0.004598
-0.004567
-0.004534
-0.004501
-0.004468
-0.004434
-0.004400
-0.004366
-0.004333
-0.004301
-0.004270
-0.004239
-0.004210
-0.004182
-0.004155
-0.004131
-0.004109
-0.004089
-0.004072
-0.004059
-0.004049
-0.004041
-0.004034
-0.004032
-0.004033
-0.004038
-0.004045
-0.004054
-0.004068
-0.004084
-0.004103
-0.004125
-0.004149
-0.004175
-0.004204
-0.004235
-0.004268
-0.004301
-0.004334
-0.004368
-0.004403
-0.004437
-0.004471
-0.004504
-0.004536
-0.004567
-0.004594
-0.004620
-0.004642
-0.004662
-0.004677
-0.004689
-0.004697
-0.004701
-0.004702
-0.004698
-0.004690
-0.004678
-0.004660
-0.004637
-0.004611
-0.004580
-0.004544
-0.004506
-0.004463
-0.004416
-0.004367
-0.004315
-0.004262
-0.004205
-0.004147
-0.004088
-0.004027
-0.003966
-0.003906
-0.003846
-0.003786
-0.003728
-0.003672
-0.003617
-0.003564
-0.003514
-0.003468
-0.003425
-0.003385
-0.003346
-0.003311
-0.003279
-0.003250
-0.003224
-0.003201
-0.003180
-0.003162
-0.003146
-0.003133
-0.003121
-0.003112
-0.003103
-0.003093
-0.003086
-0.003077
-0.003068
-0.003059
-0.003048
-0.003036
-0.003022
-0.003006
-0.002988
-0.002966
-0.002943
-0.002916
-0.002887
-0.002855
-0.002820
-0.002782
-0.002741
-0.002697
-0.002650
-0.002603
-0.002551
-0.002499
-0.002446
-0.002392
-0.002338
-0.002284
-0.002230
-0.002178
-0.002127
-0.002077
-0.002030
-0.001985
-0.001944
-0.001906
-0.001872
-0.001842
-0.001815
-0.001792
-0.001774
-0.001761
-0.001753
-0.001750
-0.001750
-0.001755
-0.001763
-0.001776
-0.001793
-0.001814
-0.001838
-0.001865
-0.001893
-0.001924
-0.001956
-0.001988
-0.002020
-0.002051
-0.002081
-0.002111
-0.002139
-0.002164
-0.002186
-0.002206
-0.002221
-0.002233
-0.002239
-0.002241
-0.002238
-0.002230
-0.002218
-0.002201
-0.002178
-0.002151
-0.002119
-0.002081
-0.002039
-0.001993
-0.001942
-0.001888
-0.001829
-0.001768
-0.001704
-0.001637
-0.001569
-0.001497
-0.001427
-0.001356
-0.001284
-0.001212
-0.001142
-0.001072
-0.001005
-0.000939
-0.000875
-0.000813
-0.000755
-0.000698
-0.000646
-0.000595
-0.000549
-0.000505
-0.000466
-0.000430
-0.000397
-0.000369
-0.000344
-0.000324
-0.000306
-0.000290
-0.000278
-0.000268
-0.000260
-0.000254
-0.000248
-0.000245
-0.000243
-0.000242
-0.000242
-0.000242
-0.000241
-0.000241
-0.000241
-0.000240
-0.000239
-0.000237
-0.000234
-0.000230
-0.000225
-0.000220
-0.000213
-0.000204
-0.000193
-0.000181
-0.000167
-0.000152
-0.000135
-0.000116
-0.000096
-0.000074
-0.000052
-0.000028
-0.000003
0.000023
0.000051
0.000079
0.000107
0.000137
0.000167
0.000198
0.000227
0.000258
0.000289
0.000319
0.000349
0.000382
0.000413
0.000444
0.000475
0.000507
0.000538
0.000569
0.000598
0.000628
0.000656
0.000683
0.000711
0.000738
0.000763
0.000790
0.000817
0.000843
0.000870
0.000897
0.000924
0.000950
0.000978
0.001005
0.001032
0.001060
0.001087
0.001114
0.001142
0.001171
0.001201
0.001231
0.001263
0.001293
0.001326
0.001361
0.001397
0.001432
0.001469
0.001506
0.001546
0.001586
0.001626
0.001668
0.001710
0.001752
0.001797
0.001844
0.001890
0.001937
0.001985
0.002034
0.002084
0.002132
0.002182
0.002231
0.002281
0.002329
0.002379
0.002428
0.002477
0.002524
0.002571
0.002617
0.002660
0.002703
0.002744
0.002784
0.002823
0.002861
0.002897
0.002931
0.002964
0.002995
0.003023
0.003051
0.003076
0.003100
0.003122
0.003144
0.003164
0.003182
0.003198
0.003214
0.003228
0.003242
0.003256
0.003268
0.003279
0.003289
0.003299
0.003308
0.003317
0.003325
0.003334
0.003342
0.003350
0.003357
0.003365
0.003373
0.003379
0.003387
0.003394
0.003401
0.003408
0.003415
0.003422
0.003430
0.003438
0.003445
0.003452
0.003459
0.003465
0.003471
0.003477
0.003483
0.003488
0.003493
0.003498
0.003503
0.003507
0.003512
0.003516
0.003519
0.003522
0.003525
0.003528
0.003532
0.003536
0.003540
0.003545
0.003550
0.003558
0.003567
0.003579
0.003591
0.003605
0.003621
0.003639
0.003658
0.003679
0.003702
0.003727
0.003756
0.003786
0.003818
0.003854
0.003891
0.003930
0.003972
0.004015
0.004061
0.004109
0.004158
0.004208
0.004259
0.004312
0.004365
0.004417
0.004470
0.004523
0.004574
0.004624
0.004674
0.004722
0.004768
0.004811
0.004852
0.004890
0.004925
0.004955
0.004983
0.005007
0.005027
0.005042
0.005053
0.005060
0.005065
0.005063
0.005057
0.005048
0.005035
0.005018
0.004997
0.004973
0.004946
0.004916
0.004883
0.004847
0.004810
0.004772
0.004733
0.004693
0.004653
0.004612
0.004572
0.004531
0.004493
0.004456
0.004422
0.004390
0.004359
0.004332
0.004307
0.004285
0.004267
0.004253
0.004242
0.004235
0.004231
0.004233
0.004237
0.004245
0.004258
0.004274
0.004293
0.004315
0.004342
0.004371
0.004403
0.004438
0.004475
0.004515
0.004556
0.004598
0.004640
0.004685
0.004729
0.004773
0.004818
0.004862
0.004905
0.004946
0.004988
0.005028
0.005066
0.005102
0.005137
0.005169
0.005200
0.005230
0.005257
0.005282
0.005304
0.005325
0.005343
0.005359
0.005373
0.005384
0.005391
0.005398
0.005403
0.005405
0.005405
0.005404
0.005400
0.005395
0.005387
0.005378
0.005367
0.005355
0.005338
0.005321
0.005302
0.005281
0.005258
0.005234
0.005207
0.005179
0.005149
0.005116
0.005082
0.005047
0.005010
0.004972
0.004932
0.004892
0.004850
0.004807
0.004763
0.004719
0.004674
0.004629
0.004584
0.004539
0.004495
0.004451
0.004409
0.004367
0.004326
0.004286
0.004248
0.004212
0.004179
0.004146
0.004117
0.004090
0.004066
0.004045
0.004027
0.004010
0.003998
0.003986
0.003978
0.003973
0.003969
0.003968
0.003968
0.003971
0.003975
0.003980
0.003987
0.003994
0.004001
0.004007
0.004016
0.004022
0.004028
0.004033
0.004036
0.004038
0.004037
0.004035
0.004029
0.004022
0.004011
0.003998
0.003983
0.003965
0.003944
0.003920
0.003893
0.003864
0.003832
0.003798
0.003762
0.003723
0.003683
0.003641
0.003599
0.003556
0.003511
0.003468
0.003424
0.003380
0.003338
0.003297
0.003257
0.003217
0.003181
0.003147
0.003114
0.003083
0.003055
0.003029
0.003006
0.002986
0.002968
0.002952
0.002939
0.002927
0.002918
0.002910
0.002905
0.002902
0.002901
0.002901
0.002902
0.002904
0.002906
0.002909
0.002912
0.002915
0.002917
0.002917
0.002918
0.002918
0.002916
0.002912
0.002906
0.002899
0.002889
0.002878
0.002864
0.002848
0.002829
0.002807
0.002783
0.002756
0.002726
0.002695
0.002661
0.002624
0.002585
0.002542
0.002499
0.002454
0.002407
0.002358
0.002308
0.002256
0.002203
0.002149
0.002095
0.002041
0.001986
0.001932
0.001878
0.001824
0.001769
0.001715
0.001662
0.001609
0.001558
0.001507
0.001458
0.001410
0.001365
0.001321
0.001279
0.001238
0.001197
0.001158
0.001123
0.001089
0.001058
0.001028
0.001000
0.000974
0.000950
0.000927
0.000906
0.000887
0.000869
0.000852
0.000835
0.000820
0.000805
0.000791
0.000778
0.000765
0.000753
0.000742
0.000731
0.000720
0.000708
0.000697
0.000684
0.000671
0.000658
0.000644
0.000628
0.000611
0.000593
0.000574
0.000554
0.000532
0.000509
0.000484
0.000458
0.000429
0.000400
0.000369
0.000336
0.000302
0.000265
0.000226
0.000188
0.000147
0.000104
0.000060
0.000015
-0.000032
-0.000080
-0.000127
-0.000176
-0.000225
-0.000274
-0.000325
-0.000375
-0.000425
-0.000474
-0.000523
-0.000572
-0.000619
-0.000668
-0.000715
-0.000762
-0.000808
-0.000853
-0.000897
-0.000940
-0.000982
-0.001024
-0.001065
-0.001105
-0.001144
-0.001182
-0.001218
-0.001255
-0.001292
-0.001327
-0.001362
-0.001398
-0.001433
-0.001469
-0.001503
-0.001537
-0.001571
-0.001605
-0.001639
-0.001673
-0.001706
-0.001740
-0.001774
-0.001809
-0.001843
-0.001877
-0.001912
-0.001945
-0.001979
-0.002012
-0.002046
-0.002080
-0.002113
-0.002145
-0.002176
-0.002207
-0.002237
-0.002266
-0.002296
-0.002325
-0.002350
-0.002376
-0.002403
-0.002428
-0.002451
-0.002475
-0.002497
-0.002519
-0.002540
-0.002562
-0.002583
-0.002603
-0.002622
-0.002641
-0.002661
-0.002681
-0.002701
-0.002721
-0.002741
-0.002762
-0.002783
-0.002806
-0.002830
-0.002852
-0.002876
-0.002901
-0.002926
-0.002951
-0.002976
-0.003003
-0.003029
-0.003054
-0.003080
-0.003105
-0.003130
-0.003154
-0.003178
-0.003202
-0.003224
-0.003244
-0.003263
-0.003281
-0.003296
-0.003311
-0.003322
-0.003331
-0.003338
-0.003343
-0.003344
-0.003344
-0.003342
-0.003339
-0.003331
-0.003323
-0.003313
-0.003302
-0.003289
-0.003276
-0.003260
-0.003244
-0.003227
-0.003212
-0.003195
-0.003179
-0.003163
-0.003149
-0.003136
-0.003124
-0.003115
-0.003108
-0.003103
-0.003101
-0.003102
-0.003106
-0.003113
-0.003123
-0.003138
-0.003155
-0.003177
-0.003200
-0.003227
-0.003258
-0.003291
-0.003326
-0.003364
-0.003404
-0.003447
-0.003492
-0.003537
-0.003585
-0.003634
-0.003683
-0.003732
-0.003781
-0.003830
-0.003879
-0.003926
-0.003974
-0.004020
-0.004064
-0.004107
-0.004148
-0.004186
-0.004221
-0.004254
-0.004286
-0.004315
-0.004341
-0.004364
-0.004385
-0.004403
-0.004420
-0.004432
-0.004442
-0.004450
-0.004455
-0.004459
-0.004459
-0.004460
-0.004458
-0.004454
-0.004448
-0.004443
-0.004435
-0.004426
-0.004418
-0.004409
-0.004398
-0.004389
-0.004378
-0.004367
-0.004356
-0.004348
-0.004337
-0.004328
-0.004321
-0.004314
-0.004306
-0.004299
-0.004295
-0.004290
-0.004285
-0.004282
-0.004280
-0.004279
-0.004279
-0.004281
-0.004283
-0.004286
-0.004290
-0.004294
-0.004300
-0.004306
-0.004313
-0.004320
-0.004328
-0.004337
-0.004347
-0.004356
-0.004367
-0.004378
-0.004387
-0.004398
-0.004409
-0.004421
-0.004431
-0.004442
-0.004451
-0.004459
-0.004467
-0.004473
-0.004479
-0.004483
-0.004486
-0.004489
-0.004491
-0.004491
-0.004491
-0.004489
-0.004485
-0.004481
-0.004476
-0.004469
-0.004461
-0.004452
-0.004441
-0.004431
-0.004420
-0.004406
-0.004392
-0.004376
-0.004360
-0.004344
-0.004328
-0.004312
-0.004295
-0.004278
-0.004262
-0.004245
-0.004228
-0.004212
-0.004195
-0.004179
-0.004163
-0.004148
-0.004134
-0.004119
-0.004107
-0.004096
-0.004086
-0.004076
-0.004068
-0.004061
-0.004055
-0.004050
-0.004046
-0.004043
-0.004041
-0.004039
-0.004037
-0.004037
-0.004037
-0.004038
-0.004039
-0.004040
-0.004042
-0.004045
-0.004047
-0.004049
-0.004051
-0.004054
-0.004057
-0.004059
-0.004062
-0.004063
-0.004063
-0.004064
-0.004063
-0.004062
-0.004059
-0.004056
-0.004051
-0.004045
-0.004039
-0.004032
-0.004025
-0.004016
-0.004007
-0.003997
-0.003987
-0.003977
-0.003965
-0.003954
-0.003942
-0.003929
-0.003916
-0.003902
-0.003887
-0.003872
-0.003857
-0.003841
-0.003826
-0.003810
-0.003794
-0.003778
-0.003762
-0.003746
-0.003730
-0.003714
-0.003698
-0.003682
-0.003665
-0.003648
-0.003631
-0.003613
-0.003596
-0.003578
-0.003560
-0.003543
-0.003525
-0.003509
-0.003491
-0.003474
-0.003457
-0.003441
-0.003425
-0.003409
-0.003392
-0.003378
-0.003364
-0.003351
-0.003338
-0.003327
-0.003316
-0.003306
-0.003297
-0.003288
-0.003281
-0.003274
-0.003268
-0.003262
-0.003259
-0.003256
-0.003253
-0.003250
-0.003248
-0.003247
-0.003245
-0.003244
-0.003243
-0.003243
-0.003241
-0.003238
-0.003237
-0.003235
-0.003230
-0.003226
-0.003222
-0.003216
-0.003208
-0.003198
-0.003186
-0.003172
-0.003156
-0.003139
-0.003120
-0.003098
-0.003074
-0.003049
-0.003022
-0.002993
-0.002963
-0.002932
-0.002898
-0.002863
-0.002826
-0.002789
-0.002749
-0.002710
-0.002668
-0.002627
-0.002585
-0.002544
-0.002503
-0.002462
-0.002421
-0.002383
-0.002343
-0.002305
-0.002268
-0.002232
-0.002196
-0.002162
-0.002130
-0.002098
-0.002068
-0.002039
-0.002011
-0.001984
-0.001960
-0.001936
-0.001914
-0.001892
-0.001871
-0.001852
-0.001833
-0.001814
-0.001797
-0.001779
-0.001761
-0.001744
-0.001725
-0.001706
-0.001685
-0.001664
-0.001641
-0.001618
-0.001593
-0.001565
-0.001537
-0.001506
-0.001474
-0.001441
-0.001405
-0.001368
-0.001330
-0.001290
-0.001249
-0.001206
-0.001163
-0.001117
-0.001072
-0.001026
-0.000978
-0.000931
-0.000883
-0.000835
-0.000788
-0.000742
-0.000696
-0.000652
-0.000608
-0.000564
-0.000522
-0.000483
-0.000446
-0.000409
-0.000375
-0.000344
-0.000313
-0.000283
-0.000256
-0.000232
-0.000208
-0.000186
-0.000166
-0.000148
-0.000131
-0.000117
-0.000103
-0.000090
-0.000079
-0.000070
-0.000060
-0.000053
-0.000045
-0.000037
-0.000029
-0.000024
-0.000018
-0.000012
-0.000006
0.000001
0.000008
0.000015
0.000022
0.000031
0.000040
0.000048
0.000058
0.000067
0.000078
0.000088
0.000100
0.000113
0.000127
0.000142
0.000158
0.000176
0.000196
0.000215
0.000236
0.000259
0.000282
0.000308
0.000335
0.000363
0.000393
0.000426
0.000461
0.000497
0.000534
0.000574
0.000617
0.000663
0.000711
0.000761
0.000812
0.000865
0.000919
0.000977
0.001035
0.001095
0.001155
0.001217
0.001279
0.001343
0.001407
0.001471
0.001536
0.001600
0.001663
0.001727
0.001789
0.001849
0.001908
0.001965
0.002020
0.002073
0.002121
0.002168
0.002210
0.002249
0.002284
0.002315
0.002342
0.002366
0.002385
0.002399
0.002409
0.002415
0.002414
0.002411
0.002404
0.002392
0.002376
0.002358
0.002337
0.002314
0.002289
0.002261
0.002233
0.002204
0.002174
0.002145
0.002116
0.002089
0.002064
0.002039
0.002017
0.001996
0.001980
0.001968
0.001960
0.001955
0.001956
0.001962
0.001973
0.001990
0.002013
0.002042
0.002076
0.002117
0.002163
0.002214
0.002271
0.002333
0.002400
0.002471
0.002546
0.002623
0.002704
0.002786
0.002870
0.002955
0.003040
0.003125
0.003209
0.003291
0.003373
0.003452
0.003528
0.003601
0.003671
0.003736
0.003796
0.003852
0.003902
0.003948
0.003987
0.004020
0.004047
0.004068
0.004085
0.004095
0.004101
0.004101
0.004097
0.004088
0.004075
0.004059
0.004038
0.004016
0.003992
0.003967
0.003940
0.003914
0.003887
0.003860
0.003835
0.003810
0.003789
0.003769
0.003754
0.003741
0.003733
0.003728
0.003728
0.003730
0.003738
0.003750
0.003767
0.003789
0.003815
0.003845
0.003880
0.003918
0.003960
0.004004
0.004051
0.004101
0.004152
0.004205
0.004259
0.004313
0.004366
0.004420
0.004473
0.004525
0.004573
0.004620
0.004664
0.004705
0.004741
0.004774
0.004802
0.004826
0.004845
0.004860
0.004871
0.004876
0.004876
0.004872
0.004863
0.004849
0.004832
0.004810
0.004784
0.004754
0.004721
0.004686
0.004647
0.004607
0.004565
0.004521
0.004475
0.004430
0.004385
0.004339
0.004294
0.004250
0.004207
0.004166
0.004127
0.004090
0.004057
0.004027
0.004000
0.003975
0.003954
0.003936
0.003922
0.003911
0.003903
0.003899
0.003898
0.003901
0.003905
0.003914
0.003924
0.003937
0.003952
0.003970
0.003989
0.004010
0.004031
0.004052
0.004075
0.004099
0.004122
0.004144
0.004167
0.004189
0.004211
0.004230
0.004248
0.004265
0.004280
0.004294
0.004305
0.004314
0.004323
0.004328
0.004332
0.004335
0.004334
0.004332
0.004326
0.004320
0.004312
0.004303
0.004292
0.004280
0.004268
0.004254
0.004239
0.004224
0.004209
0.004193
0.004177
0.004163
0.004149
0.004135
0.004121
0.004108
0.004097
0.004087
0.004079
0.004073
0.004069
0.004066
0.004065
0.004066
0.004069
0.004072
0.004077
0.004083
0.004092
0.004101
0.004112
0.004123
0.004136
0.004149
0.004164
0.004179
0.004195
0.004210
0.004225
0.004240
0.004255
0.004269
0.004284
0.004296
0.004307
0.004317
0.004327
0.004335
0.004341
0.004346
0.004348
0.004351
0.004351
0.004349
0.004345
0.004340
0.004332
0.004323
0.004313
0.004301
0.004286
0.004269
0.004252
0.004233
0.004213
0.004191
0.004168
0.004144
0.004119
0.004093
0.004065
0.004038
0.004008
0.003978
0.003949
0.003917
0.003887
0.003855
0.003825
0.003793
0.003762
0.003732
0.003701
0.003670
0.003641
0.003610
0.003581
0.003552
0.003523
0.003494
0.003467
0.003439
0.003410
0.003382
0.003354
0.003327
0.003300
0.003274
0.003246
0.003220
0.003193
0.003167
0.003140
0.003114
0.003088
0.003063
0.003038
0.003013
0.002987
0.002962
0.002937
0.002914
0.002891
0.002869
0.002847
0.002825
0.002805
0.002784
0.002765
0.002747
0.002729
0.002713
0.002697
0.002682
0.002668
0.002655
0.002641
0.002629
0.002617
0.002606
0.002595
0.002585
0.002576
0.002568
0.002558
0.002549
0.002540
0.002531
0.002522
0.002512
0.002500
0.002488
0.002475
0.002460
0.002445
0.002427
0.002409
0.002388
0.002364
0.002339
0.002312
0.002282
0.002251
0.002217
0.002181
0.002142
0.002102
0.002061
0.002018
0.001974
0.001930
0.001883
0.001835
0.001788
0.001740
0.001691
0.001641
0.001592
0.001543
0.001495
0.001448
0.001402
0.001356
0.001313
0.001270
0.001230
0.001193
0.001156
0.001122
0.001090
0.001059
0.001032
0.001007
0.000984
0.000964
0.000946
0.000929
0.000914
0.000900
0.000888
0.000878
0.000868
0.000861
0.000853
0.000847
0.000839
0.000832
0.000825
0.000816
0.000806
0.000796
0.000784
0.000771
0.000756
0.000738
0.000720
0.000699
0.000676
0.000650
0.000622
0.000593
0.000560
0.000525
0.000487
0.000448
0.000406
0.000362
0.000315
0.000265
0.000214
0.000160
0.000106
0.000051
-0.000007
-0.000065
-0.000122
-0.000181
-0.000240
-0.000298
-0.000356
-0.000413
-0.000472
-0.000528
-0.000584
-0.000638
-0.000691
-0.000743
-0.000793
-0.000842
-0.000888
-0.000933
-0.000975
-0.001015
-0.001053
-0.001089
-0.001122
-0.001152
-0.001179
-0.001205
-0.001226
-0.001247
-0.001264
-0.001279
-0.001290
-0.001300
-0.001307
-0.001313
-0.001317
-0.001318
-0.001318
-0.001316
-0.001313
-0.001308
-0.001302
-0.001296
-0.001290
-0.001282
-0.001274
-0.001266
-0.001257
-0.001250
-0.001243
-0.001235
-0.001228
-0.001222
-0.001217
-0.001215
-0.001212
-0.001211
-0.001211
-0.001214
-0.001217
-0.001222
-0.001230
-0.001240
-0.001252
-0.001266
-0.001282
-0.001300
-0.001321
-0.001344
-0.001369
-0.001396
-0.001426
-0.001458
-0.001492
-0.001530
-0.001568
-0.001609
-0.001650
-0.001693
-0.001737
-0.001783
-0.001829
-0.001876
-0.001923
-0.001971
-0.002018
-0.002066
-0.002114
-0.002162
-0.002208
-0.002254
-0.002299
-0.002343
-0.002386
-0.002427
-0.002465
-0.002503
-0.002539
-0.002573
-0.002606
-0.002637
-0.002667
-0.002695
-0.002722
-0.002748
-0.002771
-0.002793
-0.002816
-0.002836
-0.002855
-0.002872
-0.002890
-0.002907
-0.002924
-0.002941
-0.002956
-0.002970
-0.002985
-0.003000
-0.003016
-0.003032
-0.003048
-0.003064
-0.003082
-0.003099
-0.003118
-0.003138
-0.003159
-0.003180
-0.003202
-0.003224
-0.003248
-0.003270
-0.003294
-0.003319
-0.003343
-0.003366
-0.003391
-0.003416
-0.003439
-0.003465
-0.003488
-0.003512
-0.003534
-0.003556
-0.003579
-0.003601
-0.003623
-0.003643
-0.003662
-0.003681
-0.003699
-0.003714
-0.003729
-0.003743
-0.003757
-0.003770
-0.003783
-0.003796
-0.003809
-0.003821
-0.003833
-0.003844
-0.003858
-0.003870
-0.003884
-0.003896
-0.003908
-0.003922
-0.003936
-0.003950
-0.003964
-0.003977
-0.003993
-0.004008
-0.004023
-0.004041
-0.004056
-0.004072
-0.004088
-0.004104
-0.004120
-0.004136
-0.004153
-0.004169
-0.004184
-0.004199
-0.004212
-0.004224
-0.004236
-0.004246
-0.004255
-0.004262
-0.004269
-0.004275
-0.004278
-0.004279
-0.004279
-0.004279
-0.004277
-0.004275
-0.004270
-0.004265
-0.004259
-0.004251
-0.004242
-0.004232
-0.004220
-0.004209
-0.004196
-0.004184
-0.004171
-0.004158
-0.004145
-0.004132
-0.004119
-0.004107
-0.004096
-0.004085
-0.004075
-0.004066
-0.004058
-0.004052
-0.004047
-0.004042
-0.004038
-0.004037
-0.004036
-0.004036
-0.004039
-0.004042
-0.004046
-0.004053
-0.004059
-0.004068
-0.004077
-0.004087
-0.004100
-0.004113
-0.004126
-0.004141
-0.004155
-0.004171
-0.004187
-0.004203
-0.004219
-0.004234
-0.004250
-0.004265
-0.004280
-0.004295
-0.004309
-0.004321
-0.004333
-0.004344
-0.004354
-0.004363
-0.004371
-0.004378
-0.004384
-0.004388
-0.004391
-0.004393
-0.004394
-0.004393
-0.004391
-0.004387
-0.004382
-0.004377
-0.004369
-0.004361
-0.004352
-0.004342
-0.004332
-0.004321
-0.004309
-0.004297
-0.004284
-0.004269
-0.004254
-0.004239
-0.004224
-0.004208
-0.004192
-0.004177
-0.004162
-0.004149
-0.004136
-0.004124
-0.004113
-0.004102
-0.004093
-0.004085
-0.004078
-0.004073
-0.004068
-0.004063
-0.004059
-0.004056
-0.004054
-0.004053
-0.004052
-0.004053
-0.004054
-0.004056
-0.004057
-0.004058
-0.004061
-0.004064
-0.004066
-0.004067
-0.004068
-0.004067
-0.004067
-0.004065
-0.004062
-0.004058
-0.004052
-0.004045
-0.004037
-0.004026
-0.004014
-0.003998
-0.003982
-0.003964
-0.003944
-0.003922
-0.003898
-0.003873
-0.003846
-0.003818
-0.003788
-0.003758
-0.003726
-0.003693
-0.003659
-0.003624
-0.003590
-0.003555
-0.003519
-0.003484
-0.003450
-0.003417
-0.003384
-0.003353
-0.003322
-0.003293
-0.003266
-0.003241
-0.003217
-0.003195
-0.003176
-0.003159
-0.003143
-0.003131
-0.003119
-0.003109
-0.003101
-0.003095
-0.003091
-0.003090
-0.003090
-0.003090
-0.003092
-0.003095
-0.003098
-0.003103
-0.003107
-0.003112
-0.003117
-0.003121
-0.003124
-0.003127
-0.003129
-0.003129
-0.003127
-0.003125
-0.003120
-0.003114
-0.003105
-0.003094
-0.003082
-0.003068
-0.003051
-0.003032
-0.003012
-0.002989
-0.002965
-0.002938
-0.002909
-0.002879
-0.002847
-0.002814
-0.002780
-0.002745
-0.002709
-0.002673
-0.002636
-0.002601
-0.002566
-0.002531
-0.002496
-0.002462
-0.002429
-0.002397
-0.002365
-0.002336
-0.002308
-0.002281
-0.002255
-0.002231
-0.002209
-0.002188
-0.002168
-0.002148
-0.002131
-0.002114
-0.002100
-0.002086
-0.002075
-0.002063
-0.002051
-0.002040
-0.002029
-0.002019
-0.002009
-0.001999
-0.001988
-0.001977
-0.001965
-0.001951
-0.001937
-0.001923
-0.001907
-0.001888
-0.001868
-0.001847
-0.001826
-0.001801
-0.001776
-0.001749
-0.001719
-0.001689
-0.001658
-0.001625
-0.001592
-0.001556
-0.001518
-0.001480
-0.001440
-0.001400
-0.001359
-0.001318
-0.001278
-0.001237
-0.001197
-0.001157
-0.001119
-0.001079
-0.001042
-0.001005
-0.000969
-0.000936
-0.000903
-0.000871
-0.000841
-0.000812
-0.000785
-0.000760
-0.000737
-0.000715
-0.000695
-0.000677
-0.000661
-0.000646
-0.000634
-0.000622
-0.000613
-0.000606
-0.000602
-0.000598
-0.000597
-0.000596
-0.000596
-0.000596
-0.000599
-0.000601
-0.000605
-0.000609
-0.000613
-0.000619
-0.000624
-0.000629
-0.000636
-0.000641
-0.000645
-0.000649
-0.000653
-0.000655
-0.000655
-0.000655
-0.000653
-0.000650
-0.000644
-0.000637
-0.000628
-0.000617
-0.000606
-0.000591
-0.000574
-0.000554
-0.000531
-0.000506
-0.000479
-0.000449
-0.000416
-0.000382
-0.000344
-0.000305
-0.000262
-0.000217
-0.000169
-0.000120
-0.000067
-0.000013
0.000043
0.000101
0.000159
0.000220
0.000281
0.000343
0.000406
0.000471
0.000536
0.000600
0.000666
0.000732
0.000797
0.000863
0.000928
0.000990
0.001054
0.001115
0.001175
0.001234
0.001292
0.001350
0.001405
0.001459
0.001510
0.001560
0.001607
0.001652
0.001695
0.001736
0.001774
0.001810
0.001843
0.001874
0.001903
0.001929
0.001953
0.001975
0.001994
0.002010
0.002024
0.002037
0.002047
0.002055
0.002061
0.002065
0.002066
0.002066
0.002065
0.002063
0.002059
0.002053
0.002047
0.002040
0.002031
0.002023
0.002013
0.002002
0.001992
0.001982
0.001972
0.001964
0.001955
0.001949
0.001942
0.001937
0.001934
0.001932
0.001932
0.001935
0.001938
0.001945
0.001952
0.001963
0.001975
0.001990
0.002008
0.002027
0.002049
0.002072
0.002100
0.002128
0.002159
0.002191
0.002226
0.002263
0.002301
0.002339
0.002378
0.002418
0.002459
0.002500
0.002541
0.002583
0.002625
0.002665
0.002705
0.002744
0.002780
0.002815
0.002849
0.002881
0.002911
0.002938
0.002964
0.002986
0.003006
0.003023
0.003038
0.003048
0.003055
0.003058
0.003059
0.003056
0.003051
0.003041
0.003029
0.003014
0.002997
0.002977
0.002957
0.002933
0.002908
0.002881
0.002852
0.002824
0.002795
0.002766
0.002737
0.002709
0.002682
0.002655
0.002630
0.002605
0.002583
0.002564
0.002547
0.002533
0.002522
0.002514
0.002510
0.002509
0.002512
0.002518
0.002528
0.002541
0.002559
0.002579
0.002604
0.002632
0.002664
0.002697
0.002735
0.002775
0.002817
0.002862
0.002908
0.002957
0.003008
0.003058
0.003110
0.003163
0.003215
0.003266
0.003318
0.003369
0.003419
0.003468
0.003514
0.003561
0.003604
0.003646
0.003685
0.003722
0.003756
0.003787
0.003816
0.003843
0.003867
0.003889
0.003909
0.003926
0.003940
0.003954
0.003965
0.003974
0.003981
0.003987
0.003989
0.003991
0.003992
0.003992
0.003990
0.003988
0.003984
0.003979
0.003975
0.003970
0.003964
0.003959
0.003952
0.003947
0.003942
0.003937
0.003932
0.003926
0.003921
0.003917
0.003913
0.003909
0.003906
0.003901
0.003898
0.003894
0.003891
0.003888
0.003883
0.003879
0.003875
0.003870
0.003866
0.003860
0.003855
0.003850
0.003844
0.003839
0.003834
0.003829
0.003825
0.003821
0.003818
0.003814
0.003812
0.003810
0.003809
0.003811
0.003812
0.003816
0.003821
0.003828
0.003837
0.003848
0.003860
0.003874
0.003891
0.003909
0.003929
0.003950
0.003972
0.003998
0.004025
0.004054
0.004083
0.004114
0.004146
0.004180
0.004214
0.004248
0.004282
0.004315
0.004347
0.004380
0.004410
0.004440
0.004467
0.004493
0.004516
0.004538
0.004556
0.004573
0.004587
0.004598
0.004605
0.004609
0.004609
0.004605
0.004599
0.004589
0.004577
0.004560
0.004541
0.004517
0.004492
0.004466
0.004435
0.004404
0.004370
0.004335
0.004297
0.004259
0.004221
0.004181
0.004142
0.004103
0.004066
0.004027
0.003990
0.003955
0.003921
0.003888
0.003856
0.003826
0.003799
0.003775
0.003752
0.003731
0.003713
0.003697
0.003683
0.003672
0.003662
0.003654
0.003647
0.003642
0.003639
0.003636
0.003636
0.003637
0.003638
0.003640
0.003642
0.003644
0.003644
0.003644
0.003643
0.003641
0.003638
0.003635
0.003629
0.003623
0.003613
0.003601
0.003587
0.003572
0.003554
0.003534
0.003511
0.003487
0.003461
0.003434
0.003405
0.003375
0.003343
0.003310
0.003277
0.003243
0.003208
0.003172
0.003135
0.003097
0.003060
0.003023
0.002989
0.002954
0.002920
0.002886
0.002854
0.002823
0.002793
0.002764
0.002736
0.002709
0.002683
0.002659
0.002636
0.002615
0.002594
0.002574
0.002556
0.002539
0.002522
0.002507
0.002492
0.002479
0.002465
0.002451
0.002438
0.002425
0.002413
0.002400
0.002388
0.002375
0.002362
0.002349
0.002337
0.002324
0.002310
0.002297
0.002285
0.002273
0.002261
0.002249
0.002238
0.002227
0.002215
0.002204
0.002193
0.002183
0.002172
0.002162
0.002151
0.002140
0.002129
0.002117
0.002105
0.002092
0.002078
0.002064
0.002049
0.002032
0.002014
0.001995
0.001975
0.001952
0.001928
0.001902
0.001875
0.001845
0.001814
0.001780
0.001744
0.001705
0.001664
0.001621
0.001575
0.001529
0.001479
0.001428
0.001376
0.001323
0.001267
0.001210
0.001153
0.001096
0.001038
0.000980
0.000921
0.000864
0.000807
0.000751
0.000697
0.000643
0.000591
0.000540
0.000494
0.000448
0.000407
0.000366
0.000329
0.000294
0.000262
0.000233
0.000207
0.000184
0.000163
0.000145
0.000129
0.000117
0.000107
0.000098
0.000092
0.000087
0.000085
0.000083
0.000083
0.000082
0.000083
0.000084
0.000086
0.000088
0.000089
0.000090
0.000091
0.000090
0.000088
0.000086
0.000084
0.000079
0.000072
0.000064
0.000055
0.000043
0.000030
0.000016
0.000001
-0.000016
-0.000033
-0.000052
-0.000072
-0.000092
-0.000112
-0.000134
-0.000157
-0.000180
-0.000203
-0.000224
-0.000246
-0.000268
-0.000289
-0.000310
-0.000331
-0.000350
-0.000370
-0.000390
-0.000410
-0.000430
-0.000449
-0.000468
-0.000487
-0.000507
-0.000526
-0.000547
-0.000567
-0.000588
-0.000610
-0.000634
-0.000659
-0.000685
-0.000712
-0.000740
-0.000769
-0.000801
-0.000834
-0.000868
-0.000904
-0.000941
-0.000980
-0.001021
-0.001063
-0.001106
-0.001151
-0.001195
-0.001241
-0.001286
-0.001332
-0.001378
-0.001424
-0.001470
-0.001516
-0.001561
-0.001605
-0.001648
-0.001689
-0.001730
-0.001767
-0.001804
-0.001838
-0.001869
-0.001898
-0.001924
-0.001947
-0.001969
-0.001989
-0.002005
-0.002021
-0.002033
-0.002044
-0.002053
-0.002059
-0.002064
-0.002068
-0.002071
-0.002073
-0.002074
-0.002075
-0.002077
-0.002078
-0.002078
-0.002078
-0.002080
-0.002083
-0.002088
-0.002094
-0.002102
-0.002111
-0.002122
-0.002135
-0.002151
-0.002169
-0.002189
-0.002212
-0.002235
-0.002260
-0.002288
-0.002319
-0.002350
-0.002383
-0.002419
-0.002455
-0.002491
-0.002529
-0.002569
-0.002609
-0.002649
-0.002689
-0.002730
-0.002770
-0.002810
-0.002850
-0.002887
-0.002925
-0.002960
-0.002995
-0.003027
-0.003059
-0.003088
-0.003116
-0.003143
-0.003167
-0.003189
-0.003211
-0.003230
-0.003248
-0.003264
-0.003279
-0.003292
-0.003304
-0.003315
-0.003326
-0.003336
-0.003344
-0.003352
-0.003358
-0.003364
-0.003371
-0.003376
-0.003383
-0.003389
-0.003396
-0.003404
-0.003413
-0.003423
-0.003432
-0.003442
-0.003454
-0.003465
-0.003478
-0.003491
-0.003505
-0.003520
-0.003535
-0.003551
-0.003568
-0.003586
-0.003605
-0.003625
-0.003644
-0.003664
-0.003684
-0.003704
-0.003724
-0.003744
-0.003764
-0.003784
-0.003803
-0.003822
-0.003840
-0.003858
-0.003874
-0.003890
-0.003905
-0.003919
-0.003930
-0.003941
-0.003949
-0.003958
-0.003964
-0.003968
-0.003971
-0.003973
-0.003974
-0.003973
-0.003971
-0.003968
-0.003964
-0.003960
-0.003954
-0.003947
-0.003937
-0.003928
-0.003917
-0.003906
-0.003896
-0.003884
-0.003872
-0.003859
-0.003847
-0.003837
-0.003827
-0.003818
-0.003811
-0.003803
-0.003799
-0.003795
-0.003794
-0.003795
-0.003798
-0.003803
-0.003811
-0.003822
-0.003834
-0.003850
-0.003868
-0.003890
-0.003913
-0.003939
-0.003968
-0.003999
-0.004033
-0.004071
-0.004109
-0.004151
-0.004194
-0.004239
-0.004284
-0.004331
-0.004378
-0.004427
-0.004478
-0.004528
-0.004578
-0.004628
-0.004677
-0.004725
-0.004771
-0.004816
-0.004859
-0.004900
-0.004938
-0.004975
-0.005008
-0.005038
-0.005064
-0.005088
-0.005108
-0.005123
-0.005134
-0.005140
-0.005143
-0.005141
-0.005135
-0.005125
-0.005110
-0.005091
-0.005067
-0.005040
-0.005008
-0.004974
-0.004937
-0.004894
-0.004849
-0.004802
-0.004752
-0.004699
-0.004645
-0.004588
-0.004531
-0.004472
-0.004412
-0.004351
-0.004291
-0.004230
-0.004170
-0.004111
-0.004051
-0.003995
-0.003939
-0.003886
-0.003834
-0.003786
-0.003739
-0.003696
-0.003655
-0.003618
-0.003584
-0.003554
-0.003527
-0.003504
-0.003484
-0.003468
-0.003454
-0.003445
-0.003438
-0.003434
-0.003432
-0.003434
-0.003439
-0.003446
-0.003456
-0.003466
-0.003480
-0.003494
-0.003509
-0.003524
-0.003539
-0.003555
-0.003571
-0.003586
-0.003601
-0.003617
-0.003629
-0.003641
-0.003651
-0.003657
-0.003662
-0.003665
-0.003665
-0.003661
-0.003655
-0.003645
-0.003634
-0.003619
-0.003602
-0.003582
-0.003560
-0.003534
-0.003508
-0.003478
-0.003447
-0.003413
-0.003378
-0.003343
-0.003305
-0.003268
-0.003231
-0.003193
-0.003156
-0.003119
-0.003083
-0.003049
-0.003015
-0.002984
-0.002955
-0.002928
-0.002903
-0.002881
-0.002861
-0.002845
-0.002830
-0.002816
-0.002806
-0.002799
-0.002793
-0.002791
-0.002790
-0.002791
-0.002793
-0.002797
-0.002803
-0.002810
-0.002819
-0.002828
-0.002838
-0.002847
-0.002856
-0.002863
-0.002869
-0.002874
-0.002877
-0.002878
-0.002879
-0.002875
-0.002868
-0.002859
-0.002847
-0.002831
-0.002811
-0.002788
-0.002762
-0.002733
-0.002700
-0.002666
-0.002628
-0.002587
-0.002545
-0.002500
-0.002454
-0.002405
-0.002355
-0.002304
-0.002253
-0.002200
-0.002149
-0.002098
-0.002048
-0.001999
-0.001952
-0.001907
-0.001864
-0.001823
-0.001787
-0.001752
-0.001722
-0.001693
-0.001668
-0.001647
-0.001627
-0.001612
-0.001601
-0.001592
-0.001588
-0.001584
-0.001584
-0.001586
-0.001591
-0.001598
-0.001604
-0.001611
-0.001621
-0.001630
-0.001640
-0.001649
-0.001658
-0.001664
-0.001669
-0.001673
-0.001675
-0.001675
-0.001672
-0.001666
-0.001656
-0.001645
-0.001630
-0.001614
-0.001594
-0.001569
-0.001543
-0.001515
-0.001483
-0.001448
-0.001411
-0.001372
-0.001329
-0.001284
-0.001239
-0.001191
-0.001142
-0.001094
-0.001044
-0.000994
-0.000944
-0.000895
-0.000846
-0.000798
-0.000752
-0.000706
-0.000662
-0.000620
-0.000579
-0.000540
-0.000503
-0.000467
-0.000433
-0.000401
-0.000371
-0.000342
-0.000315
-0.000289
-0.000264
-0.000241
-0.000217
-0.000194
-0.000172
-0.000151
-0.000130
-0.000109
-0.000088
-0.000067
-0.000045
-0.000024
-0.000001
0.000022
0.000047
0.000072
0.000098
0.000126
0.000155
0.000186
0.000217
0.000248
0.000282
0.000317
0.000350
0.000385
0.000421
0.000456
0.000491
0.000526
0.000562
0.000598
0.000632
0.000668
0.000701
0.000735
0.000767
0.000799
0.000829
0.000858
0.000886
0.000913
0.000939
0.000962
0.000986
0.001008
0.001030
0.001051
0.001070
0.001089
0.001108
0.001126
0.001145
0.001163
0.001182
0.001202
0.001223
0.001243
0.001265
0.001288
0.001311
0.001337
0.001364
0.001393
0.001423
0.001455
0.001488
0.001523
0.001560
0.001598
0.001639
0.001681
0.001725
0.001770
0.001816
0.001862
0.001911
0.001960
0.002009
0.002057
0.002105
0.002155
0.002204
0.002252
0.002298
0.002344
0.002388
0.002431
0.002473
0.002513
0.002552
0.002589
0.002621
0.002652
0.002681
0.002708
0.002734
0.002757
0.002778
0.002799
0.002816
0.002830
0.002843
0.002855
0.002866
0.002874
0.002881
0.002888
0.002894
0.002898
0.002903
0.002906
0.002911
0.002915
0.002919
0.002922
0.002927
0.002933
0.002938
0.002945
0.002953
0.002961
0.002971
0.002982
0.002994
0.003008
0.003022
0.003038
0.003055
0.003072
0.003091
0.003109
0.003128
0.003149
0.003168
0.003189
0.003210
0.003230
0.003250
0.003270
0.003290
0.003309
0.003328
0.003347
0.003366
0.003383
0.003399
0.003414
0.003429
0.003442
0.003455
0.003465
0.003474
0.003482
0.003488
0.003493
0.003497
0.003499
0.003501
0.003503
0.003503
0.003502
0.003502
0.003501
0.003500
0.003500
0.003498
0.003498
0.003498
0.003499
0.003499
0.003501
0.003503
0.003507
0.003512
0.003518
0.003525
0.003534
0.003544
0.003556
0.003570
0.003584
0.003599
0.003617
0.003637
0.003657
0.003678
0.003702
0.003726
0.003751
0.003777
0.003803
0.003831
0.003860
0.003888
0.003919
0.003949
0.003979
0.004009
0.004038
0.004067
0.004097
0.004125
0.004154
0.004180
0.004206
0.004231
0.004254
0.004276
0.004296
0.004315
0.004332
0.004349
0.004363
0.004376
0.004386
0.004395
0.004403
0.004410
0.004415
0.004419
0.004421
0.004422
0.004422
0.004421
0.004420
0.004417
0.004414
0.004409
0.004405
0.004400
0.004396
0.004392
0.004388
0.004382
0.004380
0.004377
0.004376
0.004373
0.004372
0.004371
0.004373
0.004375
0.004379
0.004383
0.004388
0.004395
0.004402
0.004412
0.004421
0.004431
0.004444
0.004457
0.004471
0.004486
0.004502
0.004517
0.004534
0.004551
0.004569
0.004588
0.004606
0.004623
0.004641
0.004658
0.004675
0.004692
0.004708
0.004723
0.004737
0.004752
0.004764
0.004776
0.004787
0.004797
0.004806
0.004813
0.004819
0.004822
0.004825
0.004826
0.004825
0.004822
0.004817
0.004810
0.004802
0.004792
0.004781
0.004767
0.004751
0.004734
0.004714
0.004692
0.004669
0.004644
0.004616
0.004588
0.004558
0.004526
0.004492
0.004456
0.004420
0.004382
0.004341
0.004299
0.004257
0.004213
0.004168
0.004122
0.004076
0.004030
0.003982
0.003935
0.003887
0.003839
0.003791
0.003745
0.003700
0.003655
0.003611
0.003569
0.003528
0.003488
0.003449
0.003413
0.003380
0.003349
0.003320
0.003294
0.003270
0.003249
0.003229
0.003214
0.003202
0.003192
0.003184
0.003179
0.003178
0.003178
0.003183
0.003190
0.003199
0.003211
0.003224
0.003240
0.003257
0.003275
0.003294
0.003314
0.003335
0.003357
0.003378
0.003399
0.003420
0.003441
0.003460
0.003477
0.003491
0.003504
0.003517
0.003527
0.003534
0.003539
0.003542
0.003542
0.003538
0.003532
0.003525
0.003515
0.003503
0.003487
0.003468
0.003447
0.003423
0.003397
0.003368
0.003338
0.003306
0.003272
0.003235
0.003199
0.003161
0.003121
0.003081
0.003039
0.002998
0.002955
0.002913
0.002868
0.002824
0.002780
0.002735
0.002691
0.002649
0.002606
0.002564
0.002522
0.002480
0.002440
0.002398
0.002358
0.002317
0.002278
0.002240
0.002203
0.002165
0.002128
0.002092
0.002057
0.002023
0.001990
0.001957
0.001926
0.001895
0.001865
0.001835
0.001807
0.001780
0.001753
0.001727
0.001702
0.001678
0.001654
0.001633
0.001614
0.001595
0.001577
0.001561
0.001545
0.001530
0.001517
0.001505
0.001496
0.001488
0.001481
0.001475
0.001470
0.001466
0.001464
0.001463
0.001462
0.001463
0.001464
0.001467
0.001469
0.001472
0.001474
0.001477
0.001480
0.001481
0.001483
0.001483
0.001483
0.001480
0.001476
0.001472
0.001467
0.001458
0.001448
0.001436
0.001422
0.001405
0.001387
0.001366
0.001342
0.001316
0.001286
0.001256
0.001221
0.001186
0.001148
0.001107
0.001065
0.001021
0.000976
0.000928
0.000880
0.000830
0.000779
0.000726
0.000673
0.000619
0.000564
0.000510
0.000455
0.000400
0.000346
0.000294
0.000241
0.000188
0.000136
0.000086
0.000038
-0.000008
-0.000054
-0.000098
-0.000139
-0.000180
-0.000218
-0.000256
-0.000291
-0.000324
-0.000356
-0.000385
-0.000413
-0.000439
-0.000463
-0.000485
-0.000507
-0.000527
-0.000545
-0.000561
-0.000576
-0.000591
-0.000605
-0.000618
-0.000630
-0.000640
-0.000651
-0.000662
-0.000672
-0.000681
-0.000692
-0.000703
-0.000714
-0.000726
-0.000738
-0.000751
-0.000766
-0.000781
-0.000797
-0.000815
-0.000835
-0.000855
-0.000876
-0.000898
-0.000922
-0.000948
-0.000975
-0.001002
-0.001031
-0.001059
-0.001090
-0.001122
-0.001155
-0.001189
-0.001223
-0.001258
-0.001291
-0.001327
-0.001363
-0.001400
-0.001437
-0.001473
-0.001509
-0.001545
-0.001581
-0.001617
-0.001652
-0.001686
-0.001719
-0.001753
-0.001785
-0.001816
-0.001848
-0.001878
-0.001907
-0.001936
-0.001964
-0.001991
-0.002017
-0.002043
-0.002069
-0.002095
-0.002120
-0.002145
-0.002170
-0.002195
-0.002220
-0.002246
-0.002273
-0.002299
-0.002327
-0.002356
-0.002385
-0.002415
-0.002446
-0.002478
-0.002511
-0.002546
-0.002580
-0.002616
-0.002653
-0.002690
-0.002727
-0.002766
-0.002805
-0.002844
-0.002883
-0.002923
-0.002962
-0.003002
-0.003041
-0.003080
-0.003116
-0.003153
-0.003190
-0.003223
-0.003256
-0.003286
-0.003316
-0.003343
-0.003368
-0.003392
-0.003412
-0.003431
-0.003448
-0.003462
-0.003475
-0.003486
-0.003494
-0.003500
-0.003504
-0.003506
-0.003507
-0.003506
-0.003505
-0.003502
-0.003498
-0.003494
-0.003488
-0.003480
-0.003473
-0.003467
-0.003460
-0.003453
-0.003447
-0.003441
-0.003437
-0.003433
-0.003431
-0.003431
-0.003433
-0.003436
-0.003441
-0.003448
-0.003457
-0.003468
-0.003481
-0.003495
-0.003512
-0.003530
-0.003550
-0.003571
-0.003594
-0.003619
-0.003643
-0.003668
-0.003693
-0.003718
-0.003746
-0.003773
-0.003800
-0.003826
-0.003852
-0.003878
-0.003900
-0.003924
-0.003946
-0.003967
-0.003987
-0.004005
-0.004022
-0.004037
-0.004051
-0.004063
-0.004073
-0.004081
-0.004088
-0.004094
-0.004097
-0.004100
-0.004102
-0.004102
-0.004100
-0.004097
-0.004093
-0.004087
-0.004081
-0.004074
-0.004066
-0.004058
-0.004049
-0.004041
-0.004032
-0.004023
-0.004013
-0.004005
-0.003995
-0.003986
-0.003976
-0.003966
-0.003956
-0.003947
-0.003938
-0.003929
-0.003920
-0.003912
-0.003904
-0.003896
-0.003889
-0.003884
-0.003877
-0.003871
-0.003866
-0.003860
-0.003856
-0.003852
-0.003848
-0.003843
-0.003838
-0.003833
-0.003827
-0.003822
-0.003817
-0.003813
-0.003808
-0.003804
-0.003800
-0.003796
-0.003792
-0.003788
-0.003784
-0.003781
-0.003778
-0.003775
-0.003771
-0.003768
-0.003764
-0.003760
-0.003757
-0.003753
-0.003750
-0.003746
-0.003743
-0.003739
-0.003736
-0.003733
-0.003729
-0.003727
-0.003724
-0.003722
-0.003720
-0.003717
-0.003715
-0.003712
-0.003710
-0.003707
-0.003704
-0.003701
-0.003699
-0.003696
-0.003695
-0.003692
-0.003691
-0.003690
-0.003689
-0.003688
-0.003689
-0.003689
-0.003691
-0.003693
-0.003696
-0.003699
-0.003704
-0.003708
-0.003713
-0.003718
-0.003725
-0.003732
-0.003739
-0.003747
-0.003757
-0.003766
-0.003776
-0.003786
-0.003797
-0.003809
-0.003821
-0.003833
-0.003844
-0.003856
-0.003869
-0.003879
-0.003891
-0.003901
-0.003911
-0.003920
-0.003929
-0.003936
-0.003942
-0.003947
-0.003951
-0.003953
-0.003955
-0.003954
-0.003953
-0.003950
-0.003946
-0.003939
-0.003930
-0.003920
-0.003907
-0.003894
-0.003877
-0.003858
-0.003838
-0.003815
-0.003791
-0.003763
-0.003734
-0.003705
-0.003673
-0.003639
-0.003603
-0.003565
-0.003527
-0.003487
-0.003447
-0.003406
-0.003363
-0.003320
-0.003276
-0.003231
-0.003186
-0.003140
-0.003095
-0.003050
-0.003006
-0.002962
-0.002919
-0.002878
-0.002837
-0.002798
-0.002759
-0.002723
-0.002688
-0.002652
-0.002620
-0.002588
-0.002558
-0.002529
-0.002501
-0.002476
-0.002452
-0.002429
-0.002408
-0.002388
-0.002368
-0.002349
-0.002332
-0.002317
-0.002302
-0.002288
-0.002273
-0.002259
-0.002245
-0.002232
-0.002218
-0.002205
-0.002191
-0.002177
-0.002163
-0.002149
-0.002134
-0.002119
-0.002103
-0.002089
-0.002073
-0.002058
-0.002043
-0.002027
-0.002012
-0.001996
-0.001980
-0.001964
-0.001948
-0.001932
-0.001915
-0.001900
-0.001884
-0.001869
-0.001854
-0.001840
-0.001825
-0.001811
-0.001797
-0.001784
-0.001773
-0.001762
-0.001751
-0.001741
-0.001731
-0.001723
-0.001714
-0.001705
-0.001698
-0.001690
-0.001683
-0.001676
-0.001670
-0.001663
-0.001659
-0.001654
-0.001648
-0.001643
-0.001637
-0.001630
-0.001623
-0.001616
-0.001609
-0.001602
-0.001593
-0.001584
-0.001575
-0.001564
-0.001554
-0.001541
-0.001529
-0.001515
-0.001501
-0.001486
-0.001472
-0.001456
-0.001439
-0.001422
-0.001404
-0.001386
-0.001368
-0.001350
-0.001330
-0.001311
-0.001292
-0.001272
-0.001252
-0.001231
-0.001210
-0.001189
-0.001167
-0.001145
-0.001123
-0.001100
-0.001078
-0.001054
-0.001031
-0.001008
-0.000984
-0.000960
-0.000936
-0.000911
-0.000888
-0.000863
-0.000837
-0.000809
-0.000782
-0.000755
-0.000726
-0.000698
-0.000668
-0.000637
-0.000606
-0.000575
-0.000542
-0.000508
-0.000473
-0.000438
-0.000401
-0.000365
-0.000328
-0.000290
-0.000253
-0.000213
-0.000173
-0.000133
-0.000092
-0.000053
-0.000013
0.000027
0.000066
0.000104
0.000143
0.000181
0.000218
0.000256
0.000292
0.000326
0.000361
0.000394
0.000426
0.000455
0.000483
0.000510
0.000535
0.000558
0.000580
0.000601
0.000620
0.000637
0.000652
0.000667
0.000680
0.000692
0.000703
0.000713
0.000721
0.000730
0.000737
0.000745
0.000752
0.000758
0.000764
0.000768
0.000773
0.000777
0.000782
0.000786
0.000793
0.000799
0.000805
0.000813
0.000822
0.000831
0.000842
0.000854
0.000868
0.000882
0.000897
0.000912
0.000929
0.000948
0.000967
0.000988
0.001010
0.001033
0.001056
0.001080
0.001104
0.001129
0.001155
0.001180
0.001206
0.001234
0.001261
0.001289
0.001316
0.001343
0.001370
0.001397
0.001423
0.001447
0.001472
0.001497
0.001521
0.001545
0.001568
0.001591
0.001613
0.001634
0.001655
0.001677
0.001697
0.001719
0.001741
0.001762
0.001783
0.001805
0.001826
0.001848
0.001870
0.001892
0.001915
0.001939
0.001964
0.001990
0.002018
0.002045
0.002073
0.002103
0.002133
0.002165
0.002197
0.002230
0.002264
0.002301
0.002337
0.002375
0.002413
0.002452
0.002491
0.002531
0.002571
0.002611
0.002651
0.002691
0.002731
0.002771
0.002810
0.002849
0.002888
0.002925
0.002962
0.002998
0.003032
0.003067
0.003098
0.003129
0.003158
0.003183
0.003207
0.003230
0.003250
0.003267
0.003284
0.003298
0.003310
0.003319
0.003326
0.003330
0.003333
0.003335
0.003336
0.003335
0.003333
0.003330
0.003325
0.003319
0.003312
0.003304
0.003295
0.003287
0.003278
0.003268
0.003260
0.003251
0.003242
0.003233
0.003226
0.003220
0.003214
0.003210
0.003205
0.003201
0.003198
0.003197
0.003197
0.003197
0.003198
0.003200
0.003203
0.003206
0.003209
0.003214
0.003220
0.003227
0.003234
0.003243
0.003253
0.003263
0.003274
0.003286
0.003298
0.003310
0.003323
0.003337
0.003350
0.003365
0.003381
0.003398
0.003415
0.003433
0.003452
0.003473
0.003495
0.003519
0.003545
0.003572
0.003600
0.003631
0.003662
0.003695
0.003730
0.003766
0.003803
0.003842
0.003881
0.003922
0.003963
0.004005
0.004047
0.004091
0.004135
0.004178
0.004221
0.004264
0.004307
0.004349
0.004391
0.004430
0.004468
0.004503
0.004538
0.004570
0.004600
0.004628
0.004655
0.004678
0.004698
0.004715
0.004729
0.004740
0.004749
0.004754
0.004758
0.004758
0.004756
0.004750
0.004741
0.004731
0.004718
0.004703
0.004686
0.004668
0.004646
0.004624
0.004600
0.004575
0.004548
0.004520
0.004492
0.004463
0.004434
0.004403
0.004373
0.004344
0.004314
0.004284
0.004253
0.004223
0.004194
0.004164
0.004135
0.004107
0.004079
0.004051
0.004024
0.003998
0.003972
0.003947
0.003923
0.003900
0.003877
0.003856
0.003836
0.003816
0.003798
0.003781
0.003766
0.003753
0.003740
0.003729
0.003719
0.003713
0.003706
0.003703
0.003701
0.003700
0.003702
0.003704
0.003710
0.003717
0.003728
0.003740
0.003754
0.003770
0.003788
0.003807
0.003828
0.003850
0.003873
0.003898
0.003925
0.003951
0.003978
0.004005
0.004033
0.004058
0.004084
0.004110
0.004134
0.004157
0.004179
0.004199
0.004217
0.004234
0.004247
0.004259
0.004267
0.004273
0.004276
0.004276
0.004273
0.004266
0.004256
0.004242
0.004225
0.004205
0.004182
0.004156
0.004126
0.004094
0.004059
0.004022
0.003982
0.003942
0.003900
0.003856
0.003811
0.003765
0.003718
0.003671
0.003624
0.003577
0.003531
0.003484
0.003438
0.003393
0.003348
0.003305
0.003263
0.003223
0.003184
0.003146
0.003108
0.003071
0.003035
0.002999
0.002965
0.002932
0.002899
0.002867
0.002835
0.002803
0.002770
0.002738
0.002704
0.002670
0.002635
0.002600
0.002564
0.002528
0.002490
0.002451
0.002412
0.002371
0.002330
0.002288
0.002246
0.002205
0.002163
0.002123
0.002083
0.002044
0.002005
0.001968
0.001932
0.001900
0.001869
0.001840
0.001816
0.001793
0.001773
0.001756
0.001744
0.001735
0.001730
0.001728
0.001731
0.001737
0.001747
0.001762
0.001780
0.001801
0.001825
0.001854
0.001884
0.001917
0.001951
0.001987
0.002024
0.002062
0.002101
0.002139
0.002177
0.002215
0.002250
0.002284
0.002316
0.002346
0.002373
0.002395
0.002416
0.002431
0.002443
0.002451
0.002452
0.002450
0.002443
0.002432
0.002418
0.002400
0.002377
0.002349
0.002318
0.002284
0.002247
0.002206
0.002164
0.002120
0.002075
0.002029
0.001982
0.001934
0.001887
0.001839
0.001792
0.001747
0.001703
0.001662
0.001623
0.001586
0.001552
0.001521
0.001493
0.001468
0.001445
0.001425
0.001409
0.001396
0.001385
0.001378
0.001371
0.001369
0.001368
0.001368
0.001371
0.001374
0.001378
0.001384
0.001390
0.001396
0.001402
0.001408
0.001413
0.001418
0.001422
0.001424
0.001424
0.001421
0.001418
0.001409
0.001399
0.001387
0.001372
0.001355
0.001335
0.001311
0.001285
0.001255
0.001223
0.001189
0.001152
0.001112
0.001071
0.001029
0.000983
0.000934
0.000885
0.000835
0.000782
0.000729
0.000674
0.000619
0.000563
0.000508
0.000451
0.000395
0.000338
0.000282
0.000226
0.000171
0.000116
0.000063
0.000009
-0.000044
-0.000094
-0.000145
-0.000194
-0.000242
-0.000289
-0.000334
-0.000377
-0.000418
-0.000458
-0.000497
-0.000534
-0.000569
-0.000604
-0.000636
-0.000668
-0.000698
-0.000726
-0.000753
-0.000778
-0.000803
-0.000826
-0.000848
-0.000868
-0.000887
-0.000906
-0.000923
-0.000940
-0.000955
-0.000971
-0.000985
-0.000999
-0.001011
-0.001023
-0.001035
-0.001047
-0.001058
-0.001069
-0.001079
-0.001089
-0.001101
-0.001111
-0.001122
-0.001133
-0.001144
-0.001155
-0.001167
-0.001178
-0.001190
-0.001202
-0.001214
-0.001227
-0.001239
-0.001252
-0.001264
-0.001278
-0.001291
-0.001305
-0.001319
-0.001333
-0.001348
-0.001362
-0.001378
-0.001395
-0.001412
-0.001429
-0.001446
-0.001463
-0.001481
-0.001502
-0.001521
-0.001542
-0.001565
-0.001587
-0.001610
-0.001636
-0.001663
-0.001690
-0.001719
-0.001750
-0.001783
-0.001816
-0.001852
-0.001889
-0.001928
-0.001967
-0.002008
-0.002051
-0.002095
-0.002141
-0.002188
-0.002235
-0.002284
-0.002333
-0.002382
-0.002433
-0.002484
-0.002536
-0.002587
-0.002638
-0.002688
-0.002738
-0.002786
-0.002834
-0.002880
-0.002925
-0.002969
-0.003009
-0.003048
-0.003084
-0.003117
-0.003147
-0.003175
-0.003198
-0.003219
-0.003236
-0.003251
-0.003263
-0.003269
-0.003273
-0.003274
-0.003272
-0.003267
-0.003259
-0.003249
-0.003235
-0.003219
-0.003201
-0.003181
-0.003162
-0.003141
-0.003119
-0.003096
-0.003075
-0.003054
-0.003035
-0.003016
-0.003001
-0.002988
-0.002977
-0.002969
-0.002964
-0.002962
-0.002963
-0.002969
-0.002978
-0.002991
-0.003008
-0.003030
-0.003055
-0.003084
-0.003117
-0.003155
-0.003196
-0.003241
-0.003288
-0.003339
-0.003392
-0.003447
-0.003504
-0.003562
-0.003621
-0.003680
-0.003740
-0.003799
-0.003858
-0.003915
-0.003971
-0.004025
-0.004076
-0.004126
-0.004173
-0.004216
-0.004256
-0.004292
-0.004324
-0.004353
-0.004377
-0.004395
-0.004409
-0.004419
-0.004425
-0.004425
-0.004421
-0.004413
-0.004400
-0.004382
-0.004361
-0.004337
-0.004310
-0.004278
-0.004245
-0.004209
-0.004170
-0.004129
-0.004088
-0.004044
-0.004000
-0.003955
-0.003909
-0.003864
-0.003819
-0.003775
-0.003732
-0.003690
-0.003649
-0.003611
-0.003573
-0.003538
-0.003505
-0.003474
-0.003445
-0.003418
-0.003394
-0.003372
-0.003354
-0.003338
-0.003324
-0.003314
-0.003304
-0.003297
-0.003293
-0.003292
-0.003294
-0.003297
-0.003302
-0.003310
-0.003321
-0.003332
-0.003346
-0.003363
-0.003380
-0.003399
-0.003419
-0.003440
-0.003463
-0.003486
-0.003510
-0.003535
-0.003560
-0.003586
-0.003612
-0.003639
-0.003665
-0.003690
-0.003714
-0.003737
-0.003761
-0.003782
-0.003803
-0.003823
-0.003841
-0.003858
-0.003874
-0.003888
-0.003901
-0.003912
-0.003920
-0.003927
-0.003933
-0.003938
-0.003941
-0.003943
-0.003943
-0.003943
-0.003940
-0.003938
-0.003933
-0.003927
-0.003921
-0.003914
-0.003907
-0.003899
-0.003892
-0.003885
-0.003876
-0.003868
-0.003860
-0.003852
-0.003845
-0.003840
-0.003835
-0.003830
-0.003826
-0.003822
-0.003821
-0.003820
-0.003821
-0.003822
-0.003825
-0.003829
-0.003834
-0.003840
-0.003846
-0.003854
-0.003862
-0.003869
-0.003879
-0.003888
-0.003898
-0.003907
-0.003915
-0.003925
-0.003934
-0.003941
-0.003948
-0.003956
-0.003961
-0.003966
-0.003970
-0.003974
-0.003977
-0.003978
-0.003980
-0.003979
-0.003977
-0.003974
-0.003970
-0.003965
-0.003959
-0.003953
-0.003946
-0.003938
-0.003929
-0.003920
-0.003910
-0.003899
-0.003889
-0.003877
-0.003866
-0.003854
-0.003842
-0.003830
-0.003819
-0.003808
-0.003796
-0.003784
-0.003772
-0.003760
-0.003748
-0.003736
-0.003723
-0.003710
-0.003696
-0.003683
-0.003668
-0.003652
-0.003635
-0.003617
-0.003598
-0.003578
-0.003556
-0.003534
-0.003510
-0.003485
-0.003458
-0.003430
-0.003400
-0.003370
-0.003338
-0.003304
-0.003269
-0.003232
-0.003194
-0.003154
-0.003113
-0.003072
-0.003030
-0.002988
-0.002946
-0.002903
-0.002861
-0.002819
-0.002777
-0.002738
-0.002699
-0.002661
-0.002622
-0.002588
-0.002553
-0.002520
-0.002489
-0.002460
-0.002433
-0.002406
-0.002382
-0.002359
-0.002338
-0.002319
-0.002301
-0.002283
-0.002267
-0.002252
-0.002238
-0.002225
-0.002213
-0.002200
-0.002186
-0.002172
-0.002158
-0.002143
-0.002126
-0.002108
-0.002090
-0.002070
-0.002048
-0.002024
-0.001998
-0.001972
-0.001943
-0.001914
-0.001883
-0.001849
-0.001814
-0.001779
-0.001741
-0.001703
-0.001662
-0.001623
-0.001582
-0.001542
-0.001502
-0.001463
-0.001423
-0.001384
-0.001347
-0.001312
-0.001279
-0.001250
-0.001223
-0.001198
-0.001176
-0.001158
-0.001143
-0.001132
-0.001124
-0.001119
-0.001118
-0.001120
-0.001126
-0.001134
-0.001146
-0.001161
-0.001179
-0.001199
-0.001222
-0.001246
-0.001272
-0.001300
-0.001329
-0.001357
-0.001386
-0.001416
-0.001443
-0.001470
-0.001494
-0.001518
-0.001540
-0.001558
-0.001575
-0.001588
-0.001597
-0.001603
-0.001605
-0.001603
-0.001596
-0.001585
-0.001568
-0.001549
-0.001525
-0.001496
-0.001464
-0.001428
-0.001387
-0.001342
-0.001295
-0.001242
-0.001187
-0.001129
-0.001068
-0.001004
-0.000938
-0.000870
-0.000802
-0.000733
-0.000662
-0.000592
-0.000521
-0.000451
-0.000380
-0.000310
-0.000241
-0.000173
-0.000107
-0.000043
0.000019
0.000079
0.000137
0.000191
0.000243
0.000293
0.000339
0.000382
0.000422
0.000460
0.000494
0.000526
0.000554
0.000580
0.000603
0.000624
0.000641
0.000656
0.000669
0.000681
0.000690
0.000698
0.000704
0.000708
0.000711
0.000714
0.000715
0.000715
0.000715
0.000715
0.000716
0.000715
0.000715
0.000715
0.000716
0.000718
0.000721
0.000725
0.000730
0.000736
0.000744
0.000753
0.000762
0.000774
0.000787
0.000800
0.000817
0.000835
0.000856
0.000878
0.000901
0.000924
0.000948
0.000975
0.001004
0.001032
0.001063
0.001094
0.001127
0.001161
0.001195
0.001231
0.001269
0.001307
0.001345
0.001384
0.001424
0.001465
0.001506
0.001547
0.001590
0.001633
0.001677
0.001720
0.001763
0.001807
0.001850
0.001893
0.001936
0.001980
0.002023
0.002065
0.002106
0.002147
0.002187
0.002227
0.002267
0.002306
0.002344
0.002381
0.002417
0.002454
0.002489
0.002524
0.002557
0.002590
0.002623
0.002654
0.002684
0.002712
0.002739
0.002764
0.002789
0.002812
0.002833
0.002854
0.002873
0.002890
0.002907
0.002922
0.002936
0.002949
0.002961
0.002971
0.002980
0.002988
0.002996
0.003002
0.003007
0.003013
0.003017
0.003021
0.003025
0.003028
0.003031
0.003034
0.003038
0.003043
0.003047
0.003052
0.003057
0.003063
0.003069
0.003076
0.003084
0.003093
0.003103
0.003113
0.003126
0.003138
0.003153
0.003169
0.003184
0.003202
0.003219
0.003238
0.003258
0.003280
0.003300
0.003322
0.003343
0.003364
0.003385
0.003405
0.003426
0.003445
0.003465
0.003483
0.003501
0.003520
0.003537
0.003552
0.003566
0.003579
0.003592
0.003604
0.003615
0.003625
0.003634
0.003641
0.003648
0.003654
0.003658
0.003662
0.003666
0.003669
0.003673
0.003676
0.003680
0.003684
0.003689
0.003695
0.003702
0.003709
0.003718
0.003728
0.003740
0.003755
0.003771
0.003789
0.003807
0.003828
0.003851
0.003876
0.003902
0.003929
0.003956
0.003986
0.004017
0.004050
0.004083
0.004117
0.004151
0.004185
0.004219
0.004253
0.004285
0.004319
0.004350
0.004379
0.004406
0.004432
0.004454
0.004476
0.004495
0.004512
0.004526
0.004537
0.004545
0.004550
0.004553
0.004553
0.004549
0.004541
0.004533
0.004520
0.004506
0.004489
0.004469
0.004448
0.004423
0.004397
0.004369
0.004340
0.004310
0.004278
0.004247
0.004215
0.004183
0.004151
0.004121
0.004092
0.004061
0.004033
0.004006
0.003980
0.003956
0.003932
0.003911
0.003892
0.003874
0.003858
0.003845
0.003834
0.003825
0.003819
0.003813
0.003809
0.003807
0.003807
0.003808
0.003811
0.003815
0.003821
0.003827
0.003835
0.003842
0.003850
0.003859
0.003868
0.003877
0.003885
0.003892
0.003899
0.003905
0.003910
0.003914
0.003916
0.003918
0.003917
0.003915
0.003911
0.003905
0.003897
0.003888
0.003876
0.003862
0.003846
0.003828
0.003808
0.003788
0.003765
0.003740
0.003714
0.003687
0.003658
0.003629
0.003598
0.003566
0.003532
0.003499
0.003465
0.003433
0.003399
0.003366
0.003334
0.003301
0.003271
0.003243
0.003216
0.003190
0.003168
0.003147
0.003128
0.003112
0.003099
0.003089
0.003082
0.003078
0.003077
0.003079
0.003084
0.003093
0.003103
0.003118
0.003135
0.003154
0.003176
0.003201
0.003228
0.003258
0.003288
0.003322
0.003356
0.003392
0.003429
0.003466
0.003502
0.003538
0.003574
0.003607
0.003639
0.003671
0.003699
0.003727
0.003751
0.003772
0.003790
0.003804
0.003815
0.003821
0.003822
0.003820
0.003815
0.003803
0.003786
0.003765
0.003739
0.003710
0.003675
0.003637
0.003594
0.003547
0.003496
0.003441
0.003384
0.003323
0.003260
0.003195
0.003128
0.003060
0.002990
0.002920
0.002848
0.002778
0.002708
0.002639
0.002571
0.002506
0.002442
0.002381
0.002323
0.002268
0.002217
0.002169
0.002125
0.002085
0.002049
0.002017
0.001989
0.001966
0.001946
0.001931
0.001918
0.001909
0.001903
0.001900
0.001899
0.001901
0.001905
0.001912
0.001920
0.001930
0.001941
0.001952
0.001964
0.001975
0.001987
0.001998
0.002008
0.002017
0.002025
0.002031
0.002035
0.002038
0.002039
0.002038
0.002034
0.002029
0.002021
0.002011
0.001998
0.001983
0.001967
0.001949
0.001928
0.001906
0.001882
0.001855
0.001828
0.001801
0.001772
0.001742
0.001711
0.001680
0.001648
0.001616
0.001584
0.001553
0.001521
0.001489
0.001458
0.001426
0.001396
0.001365
0.001336
0.001306
0.001276
0.001245
0.001216
0.001186
0.001158
0.001130
0.001101
0.001074
0.001045
0.001017
0.000989
0.000961
0.000933
0.000903
0.000874
0.000844
0.000814
0.000783
0.000753
0.000721
0.000689
0.000656
0.000623
0.000590
0.000556
0.000522
0.000489
0.000454
0.000421
0.000387
0.000354
0.000321
0.000289
0.000257
0.000226
0.000196
0.000167
0.000139
0.000112
0.000086
0.000062
0.000039
0.000018
-0.000002
-0.000021
-0.000038
-0.000052
-0.000067
-0.000078
-0.000088
-0.000096
-0.000102
-0.000107
-0.000111
-0.000113
