0.000037
0.000038
-0.000029
0.000011
-0.000014
0.000010
0.000033
0.000049
0.000027
-0.000027
0.000050
-0.000010
0.000007
0.000041
0.000006
0.000033
0.000008
0.000003
0.000009
-0.000001
0.000003
0.000019
-0.000030
0.000032
0.000015
0.000023
-0.000045
-0.000043
-0.000033
-0.000031
0.000017
0.000017
-0.000023
-0.000010
0.000010
-0.000055
0.000005
0.000023
0.000023
0.000000
0.000004
0.000041
0.000060
-0.000017
-0.000001
-0.000001
0.000034
-0.000006
0.000008
-0.000011
0.000054
-0.000024
0.000001
0.000029
-0.000038
0.000058
0.000008
0.000007
0.000022
-0.000016
0.000024
0.000010
0.000024
0.000056
-0.000003
0.000010
0.000029
-0.000042
0.000042
-0.000001
-0.000046
-0.000018
-0.000040
0.000029
0.000062
0.000019
0.000012
0.000041
-0.000003
0.000041
0.000003
-0.000058
-0.000022
-0.000062
0.000024
-0.000002
-0.000017
-0.000044
0.000029
-0.000002
-0.000035
0.000029
0.000010
0.000031
-0.000075
0.000061
-0.000001
0.000001
0.000032
0.000020
0.000016
-0.000036
-0.000005
0.000012
0.000029
0.000005
-0.000019
0.000005
-0.000013
0.000004
-0.000027
-0.000003
-0.000021
-0.000006
0.000014
-0.000014
-0.000012
0.000030
-0.000015
0.000027
0.000003
-0.000068
0.000027
0.000019
0.000008
-0.000005
-0.000006
-0.000001
-0.000043
-0.000055
0.000027
0.000011
0.000001
0.000009
-0.000014
0.000055
0.000046
-0.000014
-0.000010
0.000015
0.000014
0.000009
-0.000062
-0.000027
-0.000023
-0.000034
-0.000034
0.000024
0.000029
-0.000015
0.000013
0.000048
0.000010
-0.000015
0.000022
0.000007
-0.000012
0.000009
-0.000047
0.000008
0.000014
0.000012
-0.000041
-0.000040
0.000019
-0.000023
0.000032
-0.000031
0.000001
-0.000033
0.000036
-0.000044
-0.000027
0.000017
0.000032
-0.000041
-0.000028
-0.000015
0.000007
-0.000015
0.000015
0.000024
0.000051
0.000026
-0.000045
-0.000002
-0.000026
-0.000069
-0.000001
-0.000057
-0.000029
0.000016
-0.000014
-0.000001
0.000022
0.000048
0.000005
0.000027
0.000029
0.000003
-0.000012
-0.000042
-0.000035
0.000037
-0.000028
-0.000023
0.000013
0.000049
-0.000042
-0.000045
0.000048
0.000012
0.000003
0.000024
-0.000001
-0.000031
0.000011
0.000032
-0.000021
-0.000001
0.000047
0.000037
0.000029
-0.000003
-0.000017
-0.000014
0.000013
0.000015
-0.000002
-0.000012
0.000036
0.000017
0.000010
0.000011
0.000021
0.000002
-0.000028
0.000022
0.000033
-0.000014
-0.000025
0.000016
-0.000052
-0.000012
-0.000016
-0.000022
-0.000036
0.000058
-0.000025
0.000017
-0.000003
0.000036
-0.000024
0.000003
0.000043
-0.000014
0.000009
-0.000038
0.000021
-0.000052
0.000024
-0.000021
0.000018
-0.000025
-0.000005
-0.000017
-0.000042
0.000077
0.000019
-0.000014
-0.000036
0.000003
0.000024
-0.000025
0.000000
0.000028
-0.000009
0.000010
-0.000003
-0.000015
0.000009
-0.000024
-0.000048
0.000039
-0.000027
0.000006
0.000018
0.000024
-0.000047
0.000028
-0.000011
0.000001
0.000021
-0.000000
0.000009
-0.000012
0.000067
-0.000003
0.000033
0.000085
-0.000046
-0.000002
0.000015
0.000043
0.000019
0.000011
-0.000056
0.000014
-0.000018
0.000009
0.000023
0.000032
0.000001
0.000037
0.000040
-0.000049
0.000005
-0.000032
0.000002
-0.000055
-0.000034
-0.000020
-0.000019
0.000016
0.000054
-0.000056
-0.000042
-0.000046
0.000014
0.000000
0.000002
-0.000024
-0.000016
0.000004
-0.000002
-0.000003
-0.000014
-0.000006
-0.000017
-0.000042
-0.000040
-0.000008
-0.000010
0.000015
-0.000020
0.000013
0.000018
-0.000017
0.000020
0.000008
-0.000006
0.000030
0.000062
-0.000012
0.000022
-0.000020
0.000004
0.000034
-0.000014
0.000056
0.000050
0.000006
-0.000022
0.000023
0.000016
-0.000033
-0.000016
0.000008
0.000006
-0.000023
0.000012
-0.000009
-0.000051
0.000013
-0.000026
-0.000048
-0.000005
-0.000008
0.000012
0.000029
-0.000042
-0.000026
0.000006
-0.000008
-0.000028
-0.000001
-0.000014
-0.000022
-0.000005
-0.000015
0.000030
0.000000
0.000000
-0.000017
0.000007
-0.000022
-0.000031
-0.000015
-0.000051
-0.000063
-0.000016
0.000034
0.000062
-0.000004
-0.000014
-0.000010
-0.000007
-0.000069
-0.000031
-0.000027
0.000016
-0.000027
-0.000046
0.000051
0.000090
0.000036
-0.000043
-0.000009
0.000014
-0.000008
-0.000030
-0.000028
-0.000022
0.000026
0.000028
-0.000019
-0.000006
0.000003
0.000010
0.000029
0.000021
-0.000015
-0.000000
0.000021
-0.000036
-0.000033
0.000022
-0.000009
0.000026
-0.000024
0.000037
-0.000011
-0.000053
-0.000035
0.000030
0.000018
-0.000040
0.000051
0.000009
0.000025
-0.000007
0.000030
-0.000005
-0.000018
-0.000022
0.000009
0.000040
-0.000018
-0.000005
-0.000020
0.000013
-0.000015
0.000019
-0.000028
-0.000022
-0.000031
-0.000036
0.000029
-0.000037
-0.000031
-0.000021
0.000010
0.000012
-0.000033
0.000004
-0.000008
0.000002
-0.000046
0.000007
-0.000019
0.000020
0.000004
-0.000027
-0.000030
0.000005
-0.000020
0.000015
-0.000059
0.000001
-0.000004
-0.000015
0.000017
-0.000038
0.000004
0.000021
0.000035
-0.000049
0.000024
-0.000028
0.000003
0.000002
0.000035
-0.000022
-0.000006
0.000059
-0.000048
-0.000018
-0.000014
0.000024
-0.000006
-0.000019
-0.000017
-0.000011
-0.000005
0.000061
0.000053
0.000004
-0.000014
-0.000033
0.000047
-0.000001
-0.000023
0.000038
0.000009
0.000045
0.000074
-0.000055
-0.000033
-0.000033
-0.000009
-0.000039
-0.000002
-0.000057
-0.000029
0.000010
-0.000042
-0.000023
0.000015
0.000022
0.000009
0.000012
-0.000019
-0.000046
0.000009
0.000023
-0.000006
-0.000003
0.000004
0.000013
-0.000013
0.000046
0.000012
0.000005
-0.000005
0.000007
-0.000015
0.000022
0.000038
0.000019
-0.000001
0.000068
0.000005
-0.000031
0.000020
-0.000001
0.000024
0.000002
0.000042
-0.000018
0.000027
0.000003
-0.000035
0.000000
0.000045
-0.000001
0.000069
0.000060
0.000023
0.000040
0.000018
-0.000004
-0.000023
-0.000029
-0.000011
0.000012
0.000014
-0.000038
-0.000004
-0.000039
0.000017
0.000050
0.000040
0.000030
-0.000010
-0.000013
-0.000072
-0.000004
0.000041
-0.000001
-0.000032
-0.000016
-0.000010
-0.000013
0.000032
-0.000031
-0.000033
-0.000022
-0.000007
0.000015
0.000034
-0.000016
-0.000019
-0.000017
-0.000003
-0.000045
0.000024
-0.000010
-0.000020
-0.000002
-0.000007
0.000026
0.000029
0.000029
0.000030
-0.000027
-0.000037
0.000006
0.000009
0.000024
-0.000017
-0.000025
0.000037
-0.000007
-0.000026
-0.000029
-0.000010
0.000012
-0.000020
-0.000008
-0.000028
-0.000017
0.000014
0.000001
0.000027
0.000017
0.000001
-0.000020
0.000022
-0.000037
-0.000052
-0.000039
0.000013
-0.000029
0.000006
0.000010
0.000045
0.000019
-0.000022
-0.000010
-0.000029
-0.000006
-0.000020
0.000044
-0.000031
-0.000022
-0.000002
-0.000042
0.000002
0.000003
0.000029
-0.000019
0.000003
-0.000023
0.000003
-0.000019
-0.000025
0.000018
0.000047
-0.000001
-0.000016
0.000005
-0.000010
-0.000005
0.000023
-0.000026
-0.000033
0.000021
-0.000012
-0.000000
0.000019
0.000019
-0.000047
-0.000042
0.000049
0.000040
0.000031
0.000010
-0.000004
0.000003
0.000010
-0.000022
-0.000034
-0.000018
-0.000040
0.000013
0.000032
0.000027
0.000080
-0.000007
0.000021
0.000038
-0.000027
-0.000000
0.000015
0.000009
-0.000056
-0.000002
0.000050
-0.000006
-0.000014
-0.000034
-0.000012
0.000030
0.000005
0.000004
0.000026
0.000004
0.000032
0.000004
0.000015
0.000008
-0.000036
-0.000016
0.000041
-0.000034
0.000028
0.000039
-0.000002
0.000014
0.000006
0.000044
-0.000019
-0.000043
0.000054
0.000034
-0.000018
0.000012
-0.000001
-0.000008
-0.000004
-0.000011
-0.000006
0.000042
0.000046
-0.000026
-0.000003
0.000033
0.000038
-0.000013
0.000046
-0.000028
-0.000004
-0.000030
-0.000021
-0.000038
0.000031
0.000041
-0.000032
-0.000043
-0.000022
0.000012
0.000002
0.000007
0.000028
-0.000011
-0.000035
0.000025
0.000032
-0.000012
-0.000007
0.000023
-0.000005
-0.000002
0.000018
-0.000023
-0.000010
-0.000010
-0.000026
0.000010
0.000005
0.000006
-0.000006
-0.000019
0.000026
0.000061
-0.000039
-0.000003
-0.000029
-0.000038
-0.000036
-0.000022
-0.000022
-0.000045
-0.000018
-0.000033
0.000013
0.000021
-0.000025
-0.000002
-0.000043
-0.000019
-0.000017
-0.000013
0.000014
-0.000049
-0.000011
-0.000015
-0.000016
0.000039
-0.000007
0.000007
0.000018
-0.000045
-0.000025
0.000017
0.000017
0.000028
0.000006
-0.000026
0.000032
0.000009
0.000030
-0.000024
0.000035
-0.000024
-0.000037
-0.000033
0.000047
0.000009
-0.000033
-0.000047
-0.000007
0.000001
-0.000002
-0.000015
0.000006
0.000029
-0.000001
0.000007
-0.000047
-0.000013
-0.000038
-0.000031
0.000022
-0.000012
0.000016
0.000035
0.000036
-0.000024
-0.000008
-0.000065
-0.000048
-0.000016
-0.000031
0.000041
-0.000055
0.000013
0.000002
-0.000049
-0.000019
0.000011
0.000006
0.000067
0.000026
0.000003
0.000005
0.000048
0.000034
0.000022
0.000000
0.000009
-0.000048
-0.000023
-0.000024
0.000017
-0.000008
-0.000001
-0.000020
-0.000002
-0.000046
-0.000022
0.000021
0.000053
-0.000007
-0.000009
-0.000042
0.000018
-0.000002
0.000006
0.000003
-0.000042
0.000033
-0.000006
0.000031
-0.000008
-0.000037
0.000006
0.000021
0.000041
-0.000013
0.000007
0.000014
0.000021
0.000020
-0.000006
0.000021
-0.000014
0.000011
0.000018
0.000018
-0.000030
0.000006
-0.000056
0.000058
-0.000024
-0.000000
0.000067
-0.000057
-0.000035
-0.000013
-0.000027
-0.000011
-0.000015
-0.000026
-0.000040
0.000062
-0.000016
0.000032
0.000015
0.000022
-0.000004
0.000005
-0.000026
-0.000052
-0.000005
0.000019
0.000002
0.000017
0.000019
-0.000021
0.000000
-0.000008
0.000040
0.000026
0.000002
0.000021
-0.000029
0.000036
0.000035
-0.000032
-0.000030
-0.000025
-0.000008
0.000015
-0.000035
-0.000027
0.000073
0.000043
-0.000022
-0.000049
0.000036
0.000048
-0.000001
-0.000040
-0.000045
0.000002
0.000016
0.000046
0.000034
-0.000050
-0.000025
0.000058
0.000020
0.000008
0.000037
-0.000012
0.000043
-0.000003
0.000031
0.000057
0.000029
-0.000004
0.000015
-0.000036
-0.000019
0.000026
0.000040
0.000033
-0.000046
-0.000022
-0.000009
0.000004
-0.000032
0.000062
0.000046
-0.000006
-0.000020
-0.000017
-0.000005
-0.000014
-0.000034
-0.000007
0.000019
-0.000001
0.000030
-0.000017
0.000020
0.000040
-0.000032
0.000046
-0.000008
0.000046
-0.000010
-0.000042
-0.000023
-0.000005
-0.000033
0.000043
-0.000038
-0.000008
0.000020
0.000020
0.000031
0.000001
0.000034
-0.000029
0.000032
0.000036
0.000054
-0.000010
-0.000007
-0.000006
0.000045
-0.000001
-0.000022
0.000029
-0.000028
-0.000009
-0.000009
-0.000012
-0.000010
-0.000026
-0.000026
-0.000004
-0.000007
-0.000003
-0.000022
0.000010
-0.000011
0.000005
0.000046
0.000062
-0.000003
0.000010
0.000030
-0.000044
-0.000028
0.000057
-0.000012
-0.000028
0.000049
0.000003
0.000027
-0.000032
-0.000008
0.000021
0.000005
-0.000035
-0.000036
0.000010
-0.000006
-0.000028
0.000028
-0.000022
-0.000012
0.000003
-0.000005
-0.000017
-0.000016
0.000020
0.000003
-0.000040
-0.000016
-0.000007
0.000036
0.000016
-0.000031
0.000037
0.000015
0.000007
-0.000057
-0.000049
0.000020
-0.000009
-0.000006
0.000025
0.000011
0.000013
0.000044
-0.000007
-0.000040
-0.000012
0.000015
-0.000011
-0.000046
0.000023
0.000042
0.000021
-0.000008
0.000032
0.000021
-0.000042
-0.000050
0.000018
-0.000024
-0.000034
-0.000002
-0.000003
0.000028
0.000030
0.000015
0.000002
-0.000005
0.000039
0.000017
-0.000054
-0.000022
0.000035
-0.000007
-0.000013
0.000011
-0.000048
-0.000011
-0.000005
-0.000028
-0.000005
-0.000001
0.000013
-0.000036
0.000013
-0.000036
0.000007
-0.000052
-0.000018
0.000015
0.000003
0.000014
0.000051
-0.000006
0.000054
-0.000036
-0.000007
0.000048
-0.000029
0.000007
-0.000009
0.000007
0.000026
0.000024
-0.000020
-0.000040
-0.000015
0.000015
-0.000022
0.000001
-0.000017
0.000007
0.000018
-0.000029
0.000019
0.000033
-0.000006
0.000026
-0.000005
-0.000050
0.000026
0.000029
-0.000032
-0.000007
-0.000005
-0.000011
0.000006
0.000009
0.000016
-0.000021
-0.000001
0.000006
-0.000007
-0.000023
-0.000031
-0.000009
-0.000070
0.000014
-0.000077
0.000020
-0.000009
-0.000039
-0.000032
-0.000026
0.000042
-0.000032
-0.000072
0.000010
0.000027
0.000008
-0.000022
0.000020
0.000011
0.000024
0.000008
-0.000009
0.000009
-0.000047
0.000008
0.000016
0.000034
0.000025
-0.000028
0.000006
0.000016
-0.000025
-0.000034
0.000009
-0.000047
0.000021
-0.000022
0.000004
0.000019
-0.000002
0.000012
0.000040
-0.000022
0.000028
0.000078
-0.000031
0.000049
0.000021
0.000007
-0.000007
0.000011
0.000024
-0.000047
-0.000003
-0.000002
-0.000014
0.000023
-0.000040
0.000040
0.000074
-0.000018
0.000024
0.000023
0.000017
-0.000033
0.000035
0.000007
-0.000022
0.000013
-0.000069
-0.000077
-0.000024
0.000026
-0.000006
0.000004
0.000014
-0.000056
0.000006
-0.000005
-0.000001
0.000042
0.000046
-0.000022
-0.000002
-0.000011
-0.000054
-0.000019
0.000010
-0.000010
-0.000007
0.000008
0.000003
0.000030
-0.000019
0.000010
0.000014
0.000059
0.000032
0.000037
-0.000007
0.000038
0.000038
-0.000045
-0.000024
0.000009
0.000030
0.000013
0.000052
-0.000001
-0.000036
-0.000006
-0.000011
-0.000018
-0.000025
0.000024
0.000024
0.000014
0.000007
0.000024
0.000027
0.000019
0.000006
0.000009
-0.000053
-0.000012
0.000021
0.000052
0.000031
-0.000030
0.000023
0.000023
0.000034
0.000010
-0.000050
0.000018
0.000071
-0.000025
-0.000036
-0.000036
-0.000012
-0.000003
0.000037
-0.000006
0.000008
0.000053
0.000032
0.000020
-0.000024
0.000023
-0.000020
-0.000030
0.000000
-0.000028
0.000029
-0.000014
-0.000002
0.000002
-0.000004
0.000073
0.000029
-0.000010
-0.000074
0.000014
0.000009
-0.000036
-0.000055
-0.000039
0.000007
-0.000009
-0.000009
0.000006
-0.000004
0.000026
0.000047
-0.000065
-0.000057
0.000052
0.000031
0.000018
0.000005
-0.000029
-0.000001
0.000024
-0.000054
-0.000009
0.000008
0.000017
-0.000004
-0.000001
0.000019
0.000028
-0.000043
-0.000017
0.000010
-0.000036
-0.000023
-0.000022
-0.000017
0.000005
0.000021
0.000018
-0.000029
-0.000003
0.000005
-0.000063
-0.000015
0.000023
0.000044
-0.000005
-0.000023
0.000005
0.000054
-0.000016
-0.000030
-0.000020
-0.000064
-0.000003
0.000031
0.000039
0.000008
0.000011
0.000003
0.000002
-0.000013
-0.000072
-0.000024
-0.000049
0.000054
-0.000031
-0.000011
0.000018
0.000004
0.000007
-0.000005
0.000007
0.000016
0.000027
0.000006
-0.000026
0.000028
-0.000009
0.000053
0.000047
0.000004
-0.000001
-0.000000
-0.000013
-0.000031
-0.000020
-0.000011
-0.000006
0.000036
0.000008
0.000009
-0.000049
-0.000000
0.000020
-0.000039
-0.000011
0.000036
0.000064
-0.000026
0.000017
0.000014
-0.000031
0.000027
0.000027
-0.000001
0.000029
-0.000005
-0.000034
0.000040
0.000060
-0.000021
0.000039
0.000001
0.000069
0.000040
-0.000071
-0.000004
-0.000029
0.000017
0.000002
-0.000006
0.000006
0.000010
0.000019
0.000007
-0.000015
0.000022
0.000041
-0.000040
-0.000002
0.000015
0.000009
0.000038
-0.000005
0.000017
-0.000037
-0.000031
-0.000000
-0.000015
-0.000013
-0.000033
-0.000033
-0.000032
-0.000007
0.000031
0.000016
-0.000068
0.000014
-0.000028
-0.000017
-0.000030
0.000007
-0.000003
-0.000039
-0.000005
0.000006
0.000028
-0.000044
-0.000033
0.000019
0.000004
0.000004
-0.000025
0.000009
-0.000048
-0.000032
-0.000017
0.000019
-0.000016
-0.000040
0.000013
0.000001
0.000009
0.000026
-0.000016
-0.000038
-0.000031
0.000019
-0.000018
-0.000020
0.000005
-0.000029
0.000003
0.000014
-0.000010
-0.000022
-0.000024
-0.000038
0.000005
-0.000008
0.000012
0.000001
0.000010
-0.000010
0.000032
0.000004
-0.000036
0.000004
0.000057
-0.000039
-0.000043
-0.000029
0.000046
0.000029
-0.000004
0.000024
-0.000010
0.000010
-0.000005
0.000013
-0.000012
0.000002
-0.000040
-0.000017
-0.000004
-0.000004
0.000009
-0.000034
0.000001
0.000027
0.000035
0.000031
0.000011
-0.000004
-0.000033
0.000053
-0.000042
0.000032
0.000039
0.000010
0.000008
-0.000002
-0.000014
0.000015
-0.000020
0.000006
0.000017
-0.000020
-0.000031
-0.000011
-0.000000
0.000025
0.000018
-0.000025
-0.000042
-0.000003
0.000024
0.000025
0.000060
0.000028
0.000075
-0.000024
0.000008
-0.000015
-0.000007
0.000015
0.000002
0.000009
-0.000021
0.000040
-0.000020
0.000015
0.000051
0.000031
-0.000006
0.000040
0.000003
-0.000016
-0.000011
-0.000048
-0.000011
-0.000021
0.000000
0.000013
0.000050
-0.000036
-0.000052
0.000000
0.000036
0.000030
0.000030
-0.000023
-0.000038
0.000006
-0.000010
0.000020
-0.000074
0.000022
0.000024
-0.000028
-0.000038
0.000020
-0.000001
0.000016
0.000017
0.000059
0.000056
0.000008
-0.000024
0.000053
0.000036
0.000062
-0.000004
-0.000050
-0.000035
-0.000001
-0.000027
0.000011
0.000074
-0.000003
-0.000017
0.000046
0.000036
0.000032
0.000051
-0.000027
-0.000031
-0.000032
0.000012
-0.000018
0.000032
0.000015
-0.000027
0.000054
0.000041
-0.000047
-0.000045
-0.000052
-0.000038
-0.000010
-0.000028
-0.000027
0.000034
-0.000020
-0.000022
0.000029
-0.000003
-0.000009
0.000035
-0.000030
-0.000048
0.000023
-0.000008
-0.000028
-0.000025
0.000019
-0.000028
-0.000018
-0.000005
-0.000015
0.000044
-0.000038
-0.000063
-0.000006
0.000026
0.000009
-0.000025
-0.000001
-0.000045
-0.000019
-0.000007
-0.000003
-0.000006
-0.000010
0.000010
0.000006
0.000020
-0.000001
0.000057
0.000036
-0.000020
-0.000017
0.000018
-0.000021
-0.000012
-0.000025
0.000055
0.000013
0.000031
0.000001
-0.000011
-0.000014
-0.000016
-0.000007
0.000018
-0.000030
0.000017
0.000017
-0.000004
0.000011
-0.000062
-0.000035
0.000028
-0.000004
0.000017
-0.000016
0.000045
0.000015
0.000055
0.000010
0.000001
0.000021
0.000051
0.000053
-0.000007
0.000001
0.000040
0.000014
0.000012
-0.000002
-0.000008
0.000057
0.000005
-0.000008
0.000021
0.000028
-0.000022
-0.000022
0.000034
0.000003
0.000039
-0.000019
0.000011
0.000004
-0.000049
0.000013
-0.000004
0.000093
-0.000023
0.000002
0.000008
0.000006
-0.000010
-0.000044
0.000020
0.000004
-0.000023
-0.000050
-0.000035
-0.000019
-0.000001
-0.000036
0.000031
0.000024
0.000007
0.000011
0.000010
0.000010
0.000031
0.000017
-0.000015
-0.000052
0.000039
0.000024
-0.000021
0.000028
0.000023
-0.000010
0.000031
-0.000032
-0.000002
-0.000008
0.000018
0.000006
-0.000025
-0.000024
-0.000040
0.000010
0.000022
-0.000000
-0.000020
0.000030
0.000002
0.000017
0.000034
0.000029
0.000056
-0.000057
-0.000026
-0.000001
-0.000044
-0.000005
0.000026
-0.000057
-0.000048
-0.000005
0.000022
-0.000019
0.000008
0.000014
-0.000038
-0.000025
-0.000015
0.000023
0.000039
0.000003
0.000019
-0.000013
0.000027
-0.000012
0.000047
0.000014
0.000016
-0.000023
0.000023
-0.000004
-0.000027
0.000075
0.000041
0.000005
-0.000021
0.000027
-0.000000
0.000001
0.000028
0.000025
0.000003
0.000057
-0.000008
-0.000012
-0.000013
0.000044
0.000013
-0.000030
0.000040
0.000027
-0.000024
0.000050
-0.000011
0.000041
0.000055
-0.000009
-0.000023
0.000030
-0.000009
0.000015
0.000050
0.000073
0.000008
0.000019
0.000002
0.000001
0.000000
0.000018
0.000063
0.000044
-0.000087
0.000016
0.000041
0.000011
-0.000004
-0.000003
0.000019
-0.000026
0.000015
0.000001
-0.000043
0.000016
-0.000038
-0.000015
0.000059
-0.000001
0.000046
0.000015
-0.000024
0.000024
0.000009
-0.000045
0.000043
-0.000021
-0.000011
-0.000008
-0.000006
-0.000029
-0.000040
-0.000021
0.000005
0.000037
0.000028
0.000018
-0.000022
-0.000021
-0.000077
0.000003
-0.000019
0.000026
0.000030
-0.000008
0.000018
0.000013
0.000040
-0.000008
-0.000018
0.000063
0.000025
-0.000017
-0.000003
0.000001
0.000023
-0.000019
0.000025
0.000009
0.000010
0.000015
0.000003
-0.000010
0.000033
0.000017
0.000060
0.000004
0.000033
0.000008
-0.000032
0.000022
0.000001
0.000004
0.000004
-0.000004
0.000001
-0.000019
0.000027
-0.000004
0.000030
0.000003
0.000018
-0.000044
0.000021
-0.000034
-0.000006
0.000003
0.000015
0.000012
-0.000035
0.000027
-0.000010
-0.000013
-0.000012
-0.000004
0.000028
-0.000011
-0.000000
0.000025
0.000015
0.000038
-0.000031
-0.000015
0.000022
0.000008
0.000007
-0.000032
0.000009
0.000019
0.000022
-0.000030
0.000018
-0.000034
0.000035
0.000015
-0.000015
-0.000041
0.000010
0.000001
0.000038
-0.000005
0.000016
0.000032
-0.000004
-0.000048
0.000041
-0.000035
-0.000010
-0.000006
-0.000043
-0.000053
0.000026
-0.000016
-0.000016
-0.000048
-0.000000
0.000051
0.000012
0.000037
-0.000057
0.000020
0.000034
-0.000018
0.000034
0.000005
0.000009
0.000027
-0.000010
0.000010
0.000013
-0.000033
0.000007
0.000003
0.000039
0.000053
-0.000028
0.000005
-0.000008
0.000028
-0.000017
-0.000066
-0.000008
0.000030
0.000017
-0.000023
0.000033
0.000029
0.000034
-0.000007
0.000028
0.000016
-0.000035
-0.000002
-0.000065
-0.000037
0.000001
-0.000006
-0.000016
-0.000013
-0.000001
-0.000021
-0.000030
-0.000007
0.000013
-0.000025
-0.000026
-0.000034
-0.000049
0.000036
0.000055
-0.000057
-0.000043
-0.000017
-0.000045
0.000001
-0.000006
-0.000002
-0.000015
0.000031
-0.000033
0.000031
0.000023
-0.000026
-0.000016
0.000029
0.000015
-0.000058
0.000014
-0.000052
0.000005
0.000023
-0.000012
0.000013
-0.000023
0.000010
-0.000029
-0.000001
0.000015
0.000003
-0.000014
-0.000002
-0.000021
0.000002
-0.000017
0.000037
-0.000067
-0.000028
-0.000039
0.000018
-0.000011
-0.000055
-0.000036
0.000015
0.000036
-0.000005
0.000024
-0.000016
-0.000014
-0.000039
0.000031
0.000029
0.000040
0.000013
-0.000014
0.000041
0.000011
0.000012
0.000004
0.000004
-0.000028
-0.000010
-0.000021
-0.000042
-0.000006
0.000020
-0.000023
-0.000007
-0.000021
-0.000025
-0.000034
-0.000082
0.000052
-0.000007
-0.000059
0.000021
-0.000066
0.000023
-0.000013
-0.000046
-0.000031
-0.000036
0.000035
-0.000016
0.000023
0.000026
-0.000018
-0.000016
0.000028
0.000001
0.000050
-0.000037
-0.000032
0.000036
0.000054
0.000019
-0.000028
-0.000017
-0.000044
0.000007
0.000004
-0.000005
0.000032
-0.000012
0.000011
0.000035
-0.000020
-0.000006
-0.000023
-0.000044
0.000026
-0.000028
-0.000046
-0.000030
-0.000041
-0.000030
0.000005
-0.000074
0.000012
-0.000030
0.000017
-0.000021
-0.000008
0.000007
-0.000006
0.000026
0.000030
0.000013
-0.000039
0.000027
-0.000023
-0.000037
0.000035
0.000019
-0.000019
-0.000000
0.000042
0.000055
-0.000003
0.000007
-0.000020
0.000034
-0.000016
0.000019
-0.000017
-0.000035
0.000018
-0.000016
0.000019
-0.000008
-0.000013
-0.000006
-0.000003
-0.000023
0.000028
0.000037
-0.000004
-0.000003
0.000013
-0.000009
-0.000018
-0.000032
-0.000004
0.000035
-0.000012
0.000020
-0.000027
-0.000022
-0.000014
0.000060
0.000010
0.000016
0.000056
-0.000001
0.000006
0.000044
-0.000044
0.000045
-0.000052
-0.000018
0.000012
0.000007
0.000016
-0.000003
-0.000025
-0.000063
-0.000019
-0.000027
0.000022
0.000016
-0.000017
-0.000038
0.000052
0.000008
-0.000034
0.000040
-0.000011
-0.000007
-0.000018
0.000018
0.000021
0.000038
-0.000013
-0.000035
0.000010
-0.000040
0.000007
0.000038
0.000039
0.000027
0.000009
-0.000064
0.000006
-0.000059
-0.000012
-0.000054
0.000008
-0.000014
-0.000024
0.000053
-0.000022
0.000021
0.000021
0.000011
0.000003
-0.000035
-0.000006
-0.000010
0.000029
0.000006
0.000016
-0.000026
0.000016
-0.000018
-0.000018
-0.000039
-0.000055
0.000017
0.000032
-0.000015
0.000045
-0.000009
0.000020
0.000032
0.000002
-0.000003
-0.000007
-0.000024
-0.000011
0.000014
0.000021
0.000063
-0.000005
-0.000008
0.000076
0.000001
-0.000007
-0.000008
0.000018
-0.000010
0.000033
0.000018
-0.000000
-0.000036
-0.000029
-0.000009
0.000006
0.000020
-0.000011
-0.000011
0.000003
-0.000016
-0.000018
0.000013
-0.000035
-0.000035
-0.000022
-0.000026
-0.000002
-0.000010
-0.000027
0.000010
-0.000004
0.000008
0.000018
0.000005
-0.000017
0.000012
0.000008
-0.000018
0.000030
0.000034
-0.000019
-0.000003
0.000035
0.000014
-0.000026
0.000025
0.000004
0.000007
-0.000022
0.000033
-0.000022
0.000066
0.000021
-0.000015
0.000001
-0.000028
0.000029
0.000030
-0.000006
0.000010
0.000041
0.000006
-0.000023
-0.000016
0.000022
-0.000027
-0.000015
-0.000019
0.000004
-0.000011
-0.000041
-0.000023
-0.000010
0.000005
-0.000008
0.000007
0.000028
0.000008
0.000013
-0.000015
-0.000003
-0.000023
0.000011
0.000029
0.000010
0.000007
0.000036
0.000016
0.000019
-0.000013
0.000039
-0.000003
-0.000003
0.000065
-0.000010
-0.000000
0.000002
0.000011
0.000014
-0.000021
0.000034
0.000023
0.000038
-0.000012
0.000011
0.000009
0.000030
0.000003
-0.000025
0.000021
0.000020
0.000015
0.000050
0.000018
-0.000043
0.000013
-0.000021
0.000040
-0.000023
0.000006
-0.000007
0.000001
-0.000031
0.000021
0.000031
0.000030
0.000056
0.000019
0.000040
-0.000019
-0.000001
0.000019
0.000024
0.000008
-0.000019
-0.000009
-0.000004
0.000017
0.000009
-0.000052
0.000014
0.000001
-0.000003
-0.000072
0.000012
0.000022
0.000004
0.000027
-0.000007
-0.000032
0.000062
0.000023
-0.000023
0.000010
-0.000010
-0.000008
-0.000002
0.000050
-0.000019
-0.000028
-0.000052
0.000011
0.000024
-0.000028
0.000030
-0.000007
-0.000001
-0.000004
-0.000025
-0.000031
-0.000011
0.000016
-0.000038
0.000033
0.000005
0.000001
-0.000037
0.000007
0.000004
-0.000005
0.000018
-0.000026
-0.000028
-0.000020
-0.000011
-0.000028
-0.000016
0.000055
0.000007
0.000042
0.000017
0.000001
0.000012
0.000011
-0.000011
-0.000042
0.000008
-0.000014
-0.000030
-0.000005
-0.000038
-0.000030
0.000016
-0.000027
0.000016
0.000013
-0.000001
-0.000024
-0.000040
-0.000032
-0.000026
-0.000002
0.000029
0.000058
0.000010
-0.000014
-0.000020
0.000045
0.000028
-0.000001
-0.000013
-0.000076
-0.000001
0.000019
-0.000014
0.000048
0.000033
0.000000
0.000020
-0.000008
-0.000041
-0.000040
-0.000011
0.000008
-0.000012
0.000004
-0.000020
0.000008
0.000044
0.000012
0.000067
-0.000013
-0.000032
-0.000018
0.000008
0.000009
-0.000052
0.000034
-0.000048
-0.000026
0.000011
0.000068
-0.000037
-0.000052
0.000042
0.000017
-0.000028
-0.000007
-0.000005
0.000029
-0.000026
-0.000060
0.000037
0.000064
-0.000011
-0.000004
-0.000004
-0.000022
-0.000016
-0.000010
-0.000019
0.000020
-0.000072
-0.000014
-0.000041
0.000019
0.000030
-0.000014
0.000047
0.000004
-0.000031
0.000006
-0.000072
-0.000006
0.000022
0.000022
0.000035
-0.000027
0.000005
0.000012
0.000047
0.000016
-0.000008
0.000032
0.000034
0.000028
0.000026
-0.000008
-0.000019
0.000042
0.000014
0.000017
-0.000048
-0.000024
-0.000006
0.000052
-0.000011
-0.000023
0.000030
0.000018
-0.000023
0.000019
-0.000009
-0.000001
-0.000013
-0.000030
0.000000
0.000000
-0.000016
-0.000013
-0.000007
0.000033
0.000016
0.000088
-0.000016
0.000023
0.000015
-0.000042
-0.000066
-0.000086
0.000028
-0.000018
-0.000004
0.000060
-0.000059
0.000018
-0.000018
0.000043
-0.000000
-0.000019
-0.000071
-0.000006
-0.000016
0.000034
-0.000017
-0.000019
0.000012
-0.000027
-0.000010
0.000051
0.000022
-0.000001
0.000043
0.000018
-0.000023
-0.000066
-0.000003
0.000001
-0.000009
0.000034
0.000026
-0.000014
-0.000014
0.000007
-0.000014
-0.000000
0.000035
-0.000041
0.000048
0.000035
0.000014
-0.000067
-0.000004
-0.000002
-0.000038
0.000046
-0.000022
-0.000044
0.000018
-0.000008
0.000022
-0.000019
-0.000006
-0.000010
0.000027
0.000037
0.000022
-0.000001
-0.000062
0.000012
-0.000006
-0.000082
-0.000014
0.000002
-0.000013
0.000015
0.000011
0.000009
0.000034
0.000024
0.000013
-0.000027
-0.000044
0.000023
-0.000007
0.000023
0.000007
0.000058
0.000009
0.000038
-0.000026
-0.000006
-0.000016
0.000020
0.000018
-0.000049
0.000012
-0.000008
-0.000009
0.000019
0.000032
0.000008
-0.000027
-0.000005
0.000033
-0.000038
0.000018
0.000023
0.000008
0.000042
-0.000026
0.000057
-0.000024
0.000025
0.000018
0.000045
-0.000021
-0.000042
0.000006
-0.000064
-0.000011
0.000013
0.000020
-0.000007
-0.000051
0.000004
0.000033
0.000007
-0.000070
-0.000000
0.000037
-0.000051
0.000030
0.000024
0.000001
0.000018
-0.000003
0.000017
0.000014
-0.000034
-0.000007
-0.000052
0.000007
0.000022
0.000019
0.000014
0.000021
-0.000046
0.000011
-0.000025
-0.000037
0.000007
0.000003
-0.000047
0.000039
-0.000018
-0.000032
0.000010
-0.000021
-0.000015
0.000025
0.000047
-0.000032
-0.000011
-0.000005
-0.000019
-0.000010
-0.000015
-0.000043
0.000044
0.000045
-0.000023
0.000057
-0.000020
0.000040
0.000024
0.000009
-0.000034
-0.000024
0.000031
0.000007
0.000007
0.000020
0.000042
-0.000012
0.000005
0.000001
-0.000032
-0.000014
0.000009
0.000012
0.000018
0.000005
0.000035
-0.000000
0.000019
0.000008
0.000007
0.000006
0.000058
0.000021
0.000011
-0.000016
-0.000051
-0.000014
0.000044
0.000024
0.000027
-0.000006
0.000003
0.000034
-0.000039
-0.000034
0.000030
0.000022
0.000056
-0.000029
0.000010
0.000005
0.000007
-0.000010
0.000014
-0.000005
0.000012
0.000020
0.000050
-0.000018
-0.000013
0.000007
-0.000005
0.000003
0.000017
-0.000015
-0.000039
0.000015
-0.000033
-0.000024
0.000051
-0.000017
0.000021
0.000031
-0.000044
-0.000046
0.000033
0.000004
0.000031
0.000043
0.000064
-0.000004
0.000020
0.000023
0.000016
-0.000016
0.000009
-0.000024
0.000031
-0.000011
-0.000040
-0.000019
-0.000035
0.000001
-0.000050
0.000010
0.000023
0.000009
0.000049
-0.000025
-0.000017
0.000050
-0.000017
0.000035
-0.000030
-0.000059
0.000008
-0.000050
0.000014
-0.000061
0.000030
0.000027
-0.000047
-0.000024
-0.000029
0.000041
-0.000062
-0.000006
-0.000002
0.000029
0.000073
0.000036
-0.000009
-0.000026
0.000019
-0.000012
0.000018
0.000046
-0.000000
0.000012
-0.000032
0.000022
0.000029
0.000014
0.000037
-0.000010
0.000004
0.000031
0.000049
0.000026
0.000012
-0.000031
-0.000014
0.000020
0.000028
0.000026
-0.000019
-0.000034
-0.000060
-0.000002
0.000010
0.000055
-0.000047
-0.000014
-0.000044
-0.000034
0.000012
-0.000016
0.000022
-0.000002
-0.000015
-0.000002
-0.000007
-0.000066
-0.000042
0.000049
0.000033
0.000013
-0.000015
0.000034
0.000006
-0.000008
0.000052
-0.000008
-0.000063
-0.000010
-0.000037
0.000015
0.000043
-0.000012
0.000003
0.000043
0.000025
-0.000019
0.000014
-0.000043
0.000021
-0.000016
-0.000025
-0.000031
-0.000031
-0.000044
-0.000010
0.000047
-0.000050
-0.000039
0.000004
0.000007
-0.000052
-0.000021
0.000033
-0.000022
-0.000023
-0.000001
-0.000006
-0.000024
0.000019
0.000003
0.000045
-0.000008
-0.000029
0.000054
0.000022
0.000033
-0.000026
0.000013
-0.000004
-0.000043
0.000014
-0.000046
-0.000022
-0.000027
-0.000031
-0.000015
0.000006
0.000029
0.000048
-0.000003
-0.000006
0.000027
-0.000066
-0.000032
0.000022
-0.000040
-0.000002
-0.000001
0.000006
-0.000000
-0.000048
-0.000039
-0.000014
0.000055
0.000018
-0.000085
0.000002
0.000011
-0.000004
-0.000003
-0.000049
-0.000049
-0.000014
-0.000050
-0.000054
-0.000018
0.000012
0.000013
-0.000010
-0.000027
0.000023
0.000017
-0.000055
-0.000034
-0.000034
-0.000006
0.000049
-0.000004
-0.000024
-0.000005
0.000017
-0.000021
0.000038
0.000028
-0.000013
-0.000007
0.000036
-0.000044
0.000001
-0.000023
0.000001
0.000010
-0.000010
0.000068
-0.000002
0.000031
0.000051
-0.000031
0.000018
0.000002
0.000010
-0.000019
-0.000024
0.000034
-0.000017
-0.000029
-0.000025
0.000030
-0.000043
0.000063
0.000076
0.000032
0.000002
0.000000
-0.000009
-0.000020
0.000041
0.000021
0.000018
-0.000052
-0.000046
0.000004
-0.000014
-0.000030
0.000037
0.000032
0.000010
-0.000024
-0.000072
0.000026
0.000037
0.000032
-0.000015
-0.000006
-0.000062
0.000045
0.000032
0.000073
0.000035
-0.000043
0.000029
-0.000045
-0.000001
0.000040
-0.000024
-0.000013
-0.000014
0.000022
0.000039
0.000068
0.000013
0.000004
0.000012
0.000045
-0.000057
-0.000018
-0.000034
0.000022
0.000066
-0.000031
-0.000004
0.000019
-0.000017
0.000024
0.000006
0.000006
0.000003
-0.000005
-0.000034
-0.000019
-0.000030
0.000038
-0.000026
-0.000027
0.000000
0.000034
0.000008
0.000046
0.000031
-0.000025
-0.000004
-0.000024
0.000023
0.000012
0.000070
0.000004
-0.000001
0.000019
-0.000018
-0.000002
0.000008
0.000024
0.000002
-0.000007
0.000029
-0.000014
-0.000055
0.000016
-0.000008
0.000017
0.000040
0.000003
0.000003
0.000051
-0.000024
0.000033
-0.000019
-0.000006
-0.000037
-0.000015
0.000021
-0.000023
0.000001
-0.000019
-0.000045
0.000002
-0.000038
0.000019
-0.000040
0.000024
-0.000002
0.000006
0.000025
0.000010
0.000035
0.000025
-0.000004
-0.000026
0.000042
-0.000029
-0.000035
-0.000042
-0.000006
0.000037
-0.000002
-0.000009
-0.000004
0.000019
-0.000026
-0.000010
-0.000028
-0.000005
-0.000008
0.000035
0.000044
-0.000005
0.000019
-0.000057
-0.000024
0.000099
-0.000021
-0.000016
-0.000002
-0.000033
-0.000015
-0.000005
-0.000033
-0.000004
-0.000006
-0.000024
0.000010
-0.000007
-0.000004
-0.000029
0.000036
-0.000016
-0.000020
0.000034
0.000033
0.000009
0.000025
0.000011
0.000001
0.000022
0.000037
-0.000023
-0.000026
0.000014
-0.000047
-0.000009
0.000050
0.000034
-0.000019
0.000036
0.000009
0.000017
0.000026
-0.000043
-0.000032
-0.000005
0.000013
-0.000002
0.000032
0.000009
-0.000027
0.000026
-0.000033
-0.000037
-0.000060
-0.000063
0.000012
-0.000077
0.000004
0.000026
0.000031
-0.000010
-0.000010
0.000013
-0.000014
0.000023
-0.000000
-0.000023
0.000013
-0.000021
0.000006
-0.000055
0.000022
0.000001
-0.000012
-0.000061
0.000008
0.000010
0.000018
0.000056
0.000014
0.000007
0.000012
0.000010
-0.000017
-0.000004
0.000015
-0.000027
-0.000038
-0.000046
0.000040
0.000041
0.000019
-0.000006
0.000036
-0.000038
0.000024
0.000011
-0.000051
-0.000000
-0.000001
0.000038
-0.000037
0.000002
0.000057
-0.000078
-0.000017
-0.000007
-0.000016
-0.000022
-0.000026
-0.000005
-0.000029
0.000016
-0.000015
0.000006
-0.000004
0.000027
-0.000004
-0.000029
0.000031
-0.000039
-0.000001
0.000015
-0.000061
-0.000011
-0.000009
-0.000006
-0.000001
-0.000009
-0.000001
0.000026
-0.000016
0.000033
-0.000028
0.000004
0.000026
-0.000012
-0.000053
-0.000015
-0.000019
-0.000040
-0.000033
-0.000019
-0.000058
-0.000017
0.000018
-0.000014
-0.000030
0.000008
-0.000026
-0.000056
-0.000023
-0.000012
-0.000002
-0.000050
0.000001
0.000005
0.000010
0.000028
0.000002
0.000010
-0.000001
-0.000006
-0.000016
-0.000029
0.000053
0.000022
-0.000021
-0.000040
0.000037
0.000006
-0.000051
0.000033
-0.000005
0.000016
0.000003
0.000002
-0.000005
-0.000013
-0.000049
0.000035
-0.000030
-0.000019
-0.000037
0.000003
0.000045
0.000018
0.000011
-0.000025
-0.000017
-0.000004
0.000020
-0.000030
0.000005
0.000019
-0.000028
-0.000042
0.000009
-0.000001
-0.000000
-0.000022
-0.000020
-0.000005
-0.000006
0.000017
-0.000042
-0.000020
-0.000045
-0.000001
0.000007
-0.000001
0.000037
-0.000050
-0.000059
-0.000054
-0.000026
0.000006
-0.000048
-0.000014
-0.000012
-0.000021
-0.000032
0.000017
0.000024
0.000003
-0.000032
-0.000013
0.000025
-0.000027
-0.000003
-0.000031
0.000049
0.000006
0.000023
-0.000003
0.000033
-0.000017
-0.000048
0.000056
0.000000
-0.000040
-0.000003
-0.000016
0.000014
0.000006
0.000019
-0.000069
0.000007
-0.000002
0.000016
0.000019
0.000015
0.000013
-0.000005
0.000027
0.000032
-0.000066
0.000003
0.000052
0.000050
0.000022
0.000057
0.000009
-0.000003
0.000036
-0.000003
0.000027
0.000004
-0.000030
0.000002
-0.000030
0.000029
-0.000012
0.000018
0.000023
-0.000124
-0.000008
0.000055
0.000000
-0.000015
-0.000012
-0.000102
-0.000032
0.000031
-0.000022
-0.000007
-0.000034
-0.000050
-0.000008
0.000015
-0.000007
-0.000004
0.000006
-0.000024
-0.000017
0.000036
0.000019
-0.000018
0.000010
0.000021
-0.000008
0.000015
0.000050
0.000004
0.000014
0.000003
0.000029
-0.000018
-0.000013
-0.000019
0.000003
0.000016
-0.000001
0.000007
-0.000025
0.000021
-0.000020
-0.000019
-0.000021
0.000034
0.000007
-0.000019
0.000017
-0.000003
0.000006
-0.000004
-0.000030
-0.000021
0.000033
0.000021
-0.000028
-0.000035
-0.000004
-0.000017
-0.000020
0.000002
-0.000030
0.000052
-0.000002
-0.000008
-0.000030
-0.000056
-0.000004
0.000019
0.000032
0.000007
-0.000028
0.000017
0.000013
0.000015
-0.000014
-0.000028
0.000022
-0.000032
-0.000015
0.000016
0.000007
-0.000023
0.000022
0.000041
0.000017
0.000005
0.000020
0.000024
0.000059
-0.000025
-0.000001
0.000010
0.000007
0.000022
0.000003
0.000036
0.000048
-0.000038
-0.000057
0.000031
-0.000020
-0.000004
0.000014
-0.000007
0.000018
-0.000049
0.000036
-0.000041
-0.000010
0.000011
0.000003
0.000020
0.000049
0.000004
-0.000013
0.000052
0.000031
-0.000003
-0.000020
-0.000000
-0.000019
0.000015
-0.000010
0.000016
-0.000002
0.000001
-0.000009
0.000040
0.000003
0.000015
0.000027
-0.000012
-0.000010
-0.000004
0.000035
0.000037
0.000026
0.000008
0.000045
0.000041
-0.000005
0.000053
0.000013
0.000033
-0.000010
0.000015
-0.000011
0.000002
0.000005
0.000008
-0.000014
-0.000027
0.000027
0.000025
0.000008
0.000003
0.000028
-0.000037
-0.000047
-0.000020
0.000028
0.000001
-0.000015
-0.000037
-0.000008
-0.000009
-0.000015
0.000025
-0.000012
0.000023
0.000034
-0.000011
-0.000007
0.000017
0.000041
-0.000058
-0.000041
0.000026
-0.000032
0.000040
-0.000010
0.000008
-0.000029
-0.000050
0.000017
0.000027
-0.000009
-0.000021
-0.000008
0.000035
0.000028
-0.000006
-0.000040
-0.000061
-0.000052
-0.000007
0.000023
-0.000023
-0.000001
0.000041
0.000011
-0.000012
0.000011
0.000004
0.000034
0.000043
0.000020
0.000030
-0.000001
-0.000014
-0.000007
-0.000013
-0.000005
0.000006
0.000045
0.000039
0.000007
-0.000033
0.000009
0.000006
0.000002
-0.000046
-0.000011
-0.000009
-0.000018
-0.000039
0.000030
0.000018
-0.000009
0.000048
-0.000020
-0.000070
-0.000017
0.000057
-0.000015
-0.000000
-0.000007
0.000035
0.000002
0.000016
0.000035
-0.000034
0.000000
-0.000008
-0.000011
0.000028
-0.000033
-0.000031
0.000008
0.000004
-0.000000
0.000021
0.000042
0.000022
0.000005
-0.000019
-0.000041
-0.000047
0.000002
0.000010
-0.000011
-0.000018
0.000007
-0.000001
0.000003
0.000009
-0.000040
-0.000015
-0.000029
-0.000001
0.000015
-0.000051
0.000023
-0.000016
-0.000047
-0.000018
-0.000019
-0.000047
-0.000001
0.000031
0.000009
0.000053
0.000008
-0.000003
-0.000002
-0.000026
-0.000001
0.000018
-0.000022
-0.000021
0.000004
-0.000016
-0.000024
0.000011
-0.000039
-0.000010
-0.000020
0.000009
-0.000013
0.000028
0.000007
-0.000027
0.000035
0.000036
-0.000008
-0.000016
0.000011
-0.000012
0.000022
-0.000024
0.000015
-0.000031
0.000014
0.000007
-0.000036
0.000023
-0.000047
-0.000030
0.000045
0.000011
-0.000006
0.000085
-0.000002
-0.000002
-0.000043
0.000056
-0.000028
-0.000025
-0.000052
-0.000019
0.000017
-0.000057
-0.000074
-0.000021
-0.000048
0.000035
0.000035
-0.000005
0.000024
0.000022
-0.000037
-0.000081
0.000004
0.000007
0.000013
0.000025
0.000048
0.000044
-0.000024
0.000033
-0.000013
-0.000009
0.000048
-0.000030
-0.000009
0.000033
-0.000035
0.000020
-0.000027
-0.000039
0.000013
0.000012
0.000015
0.000063
0.000009
-0.000035
0.000002
-0.000018
-0.000036
0.000036
0.000018
-0.000051
0.000016
-0.000028
0.000034
-0.000002
0.000017
0.000045
-0.000051
0.000007
-0.000023
0.000040
0.000014
-0.000039
-0.000034
-0.000003
0.000010
0.000018
-0.000006
0.000014
-0.000012
0.000005
-0.000031
0.000027
-0.000025
0.000011
0.000044
0.000028
-0.000013
0.000006
0.000020
-0.000031
0.000029
0.000015
0.000026
-0.000010
0.000008
0.000019
-0.000042
0.000021
0.000043
0.000057
0.000023
-0.000043
-0.000005
0.000035
0.000035
-0.000022
0.000008
0.000044
0.000014
-0.000039
0.000045
-0.000021
0.000009
0.000032
0.000020
-0.000014
0.000036
-0.000033
-0.000043
-0.000016
-0.000007
-0.000030
-0.000004
-0.000028
0.000006
-0.000025
-0.000009
0.000026
0.000005
0.000007
-0.000005
-0.000002
0.000028
0.000006
-0.000001
-0.000002
-0.000010
-0.000012
-0.000065
0.000015
-0.000042
0.000015
0.000003
-0.000051
0.000037
-0.000037
0.000016
0.000058
-0.000002
0.000025
-0.000025
-0.000054
-0.000006
-0.000010
0.000018
0.000063
-0.000004
-0.000041
0.000036
-0.000022
0.000041
-0.000009
-0.000010
-0.000007
0.000015
-0.000003
0.000029
0.000003
0.000011
0.000012
-0.000041
0.000045
-0.000000
0.000008
0.000039
-0.000015
-0.000036
0.000016
0.000016
0.000023
0.000024
-0.000014
-0.000019
0.000030
0.000095
-0.000002
0.000005
0.000004
-0.000008
-0.000016
-0.000008
0.000029
-0.000028
-0.000041
-0.000030
0.000037
0.000022
0.000005
-0.000053
-0.000001
0.000025
0.000025
0.000009
0.000009
0.000014
-0.000039
-0.000024
-0.000056
0.000075
0.000037
0.000018
-0.000045
0.000006
0.000021
0.000015
0.000033
0.000020
0.000022
0.000053
-0.000008
0.000016
0.000049
-0.000006
0.000029
0.000016
0.000001
-0.000007
-0.000035
-0.000015
-0.000057
-0.000043
-0.000015
0.000017
-0.000002
-0.000024
-0.000021
-0.000058
0.000013
-0.000031
-0.000032
-0.000007
0.000038
-0.000066
0.000039
0.000011
-0.000027
-0.000029
-0.000010
-0.000040
-0.000035
-0.000026
0.000039
-0.000021
-0.000017
-0.000015
0.000031
-0.000022
-0.000002
0.000044
0.000001
-0.000009
-0.000043
0.000035
0.000024
-0.000016
-0.000001
-0.000030
-0.000008
-0.000059
-0.000016
-0.000034
0.000056
0.000004
-0.000031
-0.000017
0.000067
-0.000027
-0.000000
-0.000013
0.000045
-0.000007
0.000015
-0.000001
0.000002
0.000029
-0.000003
-0.000001
-0.000015
0.000003
0.000038
0.000046
0.000005
0.000027
0.000017
-0.000022
0.000023
0.000035
0.000034
0.000055
-0.000003
-0.000003
0.000026
-0.000038
-0.000016
-0.000025
0.000029
-0.000014
-0.000015
-0.000020
0.000006
-0.000004
-0.000031
0.000072
-0.000021
-0.000050
-0.000001
0.000022
-0.000020
-0.000054
-0.000009
-0.000062
0.000007
-0.000001
0.000005
0.000013
0.000013
0.000037
-0.000006
-0.000060
-0.000005
-0.000034
0.000041
-0.000053
-0.000048
-0.000003
-0.000044
-0.000044
-0.000000
-0.000002
0.000058
0.000024
-0.000006
0.000031
0.000035
-0.000048
-0.000017
0.000010
-0.000010
-0.000052
0.000000
-0.000057
-0.000042
0.000044
0.000013
0.000004
-0.000026
0.000007
0.000009
0.000015
0.000045
0.000013
-0.000064
-0.000012
-0.000002
-0.000023
-0.000018
0.000023
-0.000022
-0.000007
0.000005
-0.000078
-0.000028
-0.000005
-0.000011
0.000009
-0.000034
-0.000029
0.000043
0.000020
-0.000001
-0.000048
-0.000013
0.000034
0.000026
-0.000041
-0.000051
-0.000035
-0.000011
0.000005
0.000016
0.000004
0.000001
-0.000022
0.000006
-0.000025
0.000030
0.000017
-0.000067
-0.000042
0.000015
0.000023
-0.000004
-0.000012
-0.000013
-0.000020
0.000021
0.000004
0.000001
0.000011
-0.000003
0.000031
0.000022
0.000009
0.000022
0.000024
-0.000041
0.000013
0.000009
0.000057
0.000045
0.000008
0.000033
0.000009
0.000006
-0.000027
-0.000000
-0.000024
-0.000045
-0.000009
0.000069
0.000023
-0.000036
-0.000004
0.000052
0.000020
-0.000007
0.000001
-0.000034
-0.000055
-0.000018
-0.000031
-0.000018
-0.000045
0.000010
-0.000026
0.000086
-0.000036
-0.000053
0.000023
-0.000029
-0.000021
-0.000011
0.000003
-0.000006
0.000041
0.000037
0.000008
0.000038
0.000014
0.000032
0.000026
-0.000018
-0.000024
-0.000028
0.000015
-0.000033
0.000058
0.000029
-0.000013
-0.000006
0.000021
0.000022
0.000026
-0.000033
-0.000014
-0.000016
-0.000006
-0.000022
-0.000017
-0.000011
0.000018
-0.000091
-0.000024
-0.000008
-0.000031
-0.000010
-0.000036
-0.000002
0.000007
-0.000067
-0.000019
0.000036
0.000003
-0.000002
-0.000005
-0.000033
0.000042
0.000016
-0.000013
0.000027
-0.000003
0.000022
0.000016
0.000021
-0.000016
-0.000014
0.000021
0.000014
0.000020
0.000009
-0.000028
-0.000002
0.000054
-0.000022
0.000020
-0.000029
-0.000000
0.000039
0.000031
-0.000045
-0.000038
0.000044
-0.000017
-0.000028
-0.000030
0.000010
0.000006
0.000054
0.000007
-0.000006
-0.000019
-0.000040
-0.000004
0.000014
-0.000060
-0.000059
0.000004
0.000040
-0.000008
0.000019
-0.000005
0.000005
-0.000012
0.000024
0.000047
-0.000010
-0.000016
0.000018
-0.000031
-0.000038
-0.000003
-0.000039
0.000012
0.000053
-0.000044
0.000015
0.000016
-0.000020
-0.000005
0.000000
-0.000009
-0.000001
0.000025
-0.000031
0.000030
-0.000023
0.000011
-0.000008
-0.000011
-0.000012
0.000048
0.000017
0.000010
-0.000043
0.000047
0.000062
0.000006
-0.000011
0.000008
-0.000024
0.000025
0.000011
-0.000026
0.000006
0.000014
0.000008
0.000013
0.000057
0.000008
-0.000045
0.000017
0.000030
-0.000023
0.000034
-0.000011
0.000024
0.000041
-0.000019
0.000014
0.000034
-0.000032
0.000029
0.000000
0.000039
0.000032
-0.000027
0.000037
-0.000026
0.000025
-0.000031
0.000022
0.000000
-0.000020
0.000006
-0.000008
-0.000000
0.000018
-0.000057
-0.000002
-0.000010
0.000015
0.000021
0.000017
0.000010
-0.000051
0.000004
-0.000041
0.000041
-0.000038
-0.000013
0.000023
-0.000023
0.000013
-0.000009
0.000028
-0.000011
0.000007
-0.000062
-0.000006
0.000011
-0.000020
-0.000008
0.000028
-0.000033
0.000000
0.000004
-0.000014
-0.000015
-0.000028
0.000014
-0.000036
0.000039
0.000034
-0.000006
0.000024
-0.000001
-0.000009
0.000020
0.000031
0.000019
0.000043
0.000021
0.000010
-0.000002
0.000012
0.000008
-0.000016
-0.000022
0.000026
0.000099
-0.000007
0.000017
-0.000025
-0.000023
-0.000035
-0.000008
0.000013
0.000008
0.000010
-0.000020
-0.000041
0.000036
0.000016
0.000005
-0.000016
0.000010
-0.000017
0.000022
-0.000008
-0.000038
-0.000058
0.000016
-0.000009
-0.000063
-0.000012
-0.000028
0.000018
0.000013
-0.000026
-0.000000
0.000014
0.000040
-0.000008
0.000041
-0.000017
-0.000043
0.000019
-0.000004
0.000017
0.000046
0.000046
0.000001
0.000023
-0.000011
0.000032
-0.000029
-0.000005
-0.000044
-0.000009
0.000054
-0.000021
0.000034
0.000003
0.000051
0.000003
-0.000014
0.000032
0.000070
-0.000005
-0.000005
-0.000044
0.000079
0.000008
-0.000010
-0.000021
0.000008
0.000032
-0.000016
-0.000024
-0.000012
0.000033
0.000014
0.000029
0.000039
-0.000026
-0.000038
0.000020
0.000014
-0.000017
0.000014
0.000015
0.000024
-0.000007
0.000011
0.000021
0.000046
-0.000078
-0.000004
0.000017
0.000002
0.000003
0.000000
-0.000065
-0.000001
-0.000028
-0.000011
0.000066
-0.000035
-0.000053
-0.000006
0.000006
0.000043
0.000014
-0.000045
0.000010
-0.000036
0.000029
0.000033
0.000063
-0.000045
0.000002
0.000052
-0.000004
-0.000072
-0.000020
0.000021
0.000009
-0.000005
-0.000021
0.000038
0.000012
-0.000003
0.000016
0.000018
-0.000008
0.000024
0.000011
-0.000019
-0.000037
-0.000032
0.000004
-0.000018
0.000047
0.000005
0.000001
-0.000028
-0.000040
0.000014
-0.000040
-0.000035
-0.000071
-0.000004
0.000033
0.000014
0.000048
-0.000006
0.000064
0.000074
-0.000032
0.000004
-0.000001
0.000028
-0.000038
0.000097
-0.000002
-0.000027
0.000028
-0.000005
0.000008
-0.000024
-0.000011
0.000003
0.000047
-0.000004
-0.000048
0.000034
0.000026
0.000004
-0.000006
-0.000007
-0.000033
-0.000013
-0.000009
0.000010
-0.000047
-0.000015
-0.000007
0.000003
-0.000017
0.000053
0.000034
-0.000005
-0.000008
0.000016
0.000029
-0.000035
-0.000035
0.000068
0.000006
0.000039
0.000014
0.000015
0.000024
0.000017
-0.000011
-0.000026
0.000017
0.000008
0.000001
0.000058
-0.000004
-0.000036
-0.000046
0.000024
0.000001
-0.000028
-0.000046
-0.000040
-0.000029
0.000042
0.000060
-0.000016
-0.000020
-0.000008
0.000015
-0.000054
-0.000035
0.000019
-0.000033
0.000038
-0.000031
-0.000030
0.000026
0.000019
-0.000010
0.000005
-0.000001
-0.000034
0.000040
0.000013
-0.000057
-0.000025
0.000024
0.000009
0.000002
0.000002
0.000028
0.000004
-0.000050
0.000040
0.000019
-0.000018
-0.000014
0.000039
-0.000017
0.000047
0.000008
-0.000006
0.000017
0.000005
-0.000014
0.000039
0.000019
-0.000012
0.000060
-0.000018
0.000026
0.000022
-0.000021
-0.000000
0.000009
0.000011
-0.000056
-0.000001
0.000032
-0.000044
0.000010
-0.000016
0.000035
0.000004
0.000044
0.000008
-0.000037
0.000022
-0.000023
0.000015
-0.000009
-0.000035
-0.000008
0.000020
0.000019
0.000048
0.000026
-0.000066
-0.000005
-0.000005
0.000026
-0.000003
-0.000023
0.000012
0.000061
-0.000003
0.000004
0.000008
0.000041
-0.000010
-0.000031
0.000009
-0.000010
-0.000031
0.000005
-0.000017
0.000023
0.000010
0.000003
-0.000005
-0.000017
-0.000030
-0.000066
0.000006
0.000039
-0.000021
0.000004
0.000037
0.000059
0.000017
0.000024
-0.000033
-0.000008
-0.000002
0.000000
0.000004
-0.000019
-0.000020
-0.000076
-0.000017
0.000017
0.000014
0.000013
0.000035
0.000039
-0.000000
0.000027
0.000054
-0.000008
-0.000022
-0.000010
0.000018
0.000061
-0.000002
-0.000039
0.000008
-0.000013
0.000031
0.000019
0.000016
0.000008
-0.000013
-0.000025
-0.000002
-0.000002
-0.000049
-0.000014
0.000019
-0.000020
0.000022
-0.000003
0.000016
-0.000026
0.000030
0.000009
0.000010
-0.000026
-0.000027
0.000010
-0.000023
-0.000043
0.000022
-0.000070
0.000028
0.000005
-0.000028
-0.000015
-0.000003
0.000004
-0.000027
-0.000049
0.000012
-0.000088
-0.000020
0.000023
0.000003
-0.000041
-0.000012
0.000021
-0.000030
0.000004
0.000003
-0.000020
-0.000025
-0.000002
0.000034
-0.000029
-0.000044
0.000039
0.000020
-0.000026
0.000007
0.000049
-0.000027
-0.000021
0.000010
-0.000039
-0.000002
0.000023
0.000012
0.000057
-0.000035
-0.000020
-0.000023
0.000011
0.000005
-0.000000
0.000006
-0.000020
-0.000020
0.000005
-0.000013
-0.000001
0.000016
-0.000007
0.000020
0.000047
0.000021
0.000027
-0.000051
-0.000037
0.000051
0.000021
0.000071
0.000045
0.000060
-0.000015
-0.000013
0.000014
0.000039
0.000022
-0.000016
-0.000004
-0.000066
0.000021
0.000043
0.000033
-0.000009
-0.000003
-0.000021
-0.000048
-0.000021
0.000013
-0.000024
0.000017
0.000031
0.000085
0.000029
-0.000049
0.000057
0.000002
0.000024
0.000027
0.000010
-0.000043
-0.000006
0.000020
-0.000026
-0.000039
-0.000036
-0.000000
-0.000012
-0.000022
0.000002
-0.000089
-0.000013
0.000026
0.000002
0.000039
0.000038
-0.000035
-0.000018
-0.000003
0.000016
0.000010
0.000019
-0.000037
-0.000034
-0.000002
0.000063
0.000003
-0.000000
0.000013
-0.000047
-0.000040
0.000007
-0.000015
0.000039
-0.000010
-0.000007
0.000056
-0.000011
0.000020
-0.000044
-0.000005
-0.000016
-0.000041
0.000005
-0.000030
0.000030
-0.000015
0.000014
0.000021
0.000029
0.000067
0.000030
0.000016
0.000025
-0.000041
0.000029
0.000001
0.000020
0.000016
0.000011
0.000041
-0.000037
0.000005
0.000026
-0.000027
0.000030
-0.000043
0.000031
-0.000011
-0.000068
0.000013
0.000032
-0.000017
-0.000062
-0.000002
-0.000006
-0.000007
0.000001
0.000011
0.000011
0.000011
-0.000073
-0.000027
0.000003
-0.000010
-0.000002
0.000019
0.000001
0.000020
0.000053
0.000021
-0.000016
0.000006
0.000034
0.000023
0.000033
-0.000005
-0.000008
-0.000009
-0.000020
-0.000034
0.000015
-0.000013
0.000078
0.000039
0.000027
0.000022
0.000024
-0.000063
0.000052
-0.000004
0.000032
-0.000012
0.000007
0.000040
-0.000019
0.000001
-0.000032
0.000043
-0.000041
0.000031
0.000076
-0.000045
-0.000038
0.000012
-0.000006
0.000033
-0.000000
-0.000020
-0.000019
-0.000021
-0.000039
-0.000004
0.000036
0.000003
0.000002
0.000028
0.000019
-0.000019
0.000016
-0.000029
0.000043
-0.000005
-0.000031
-0.000055
0.000063
0.000054
-0.000009
0.000042
-0.000029
-0.000037
-0.000026
0.000007
-0.000024
0.000027
0.000008
0.000018
-0.000059
-0.000034
0.000010
-0.000001
-0.000024
-0.000025
0.000037
0.000018
0.000026
0.000018
0.000015
0.000012
0.000004
0.000044
-0.000004
-0.000046
0.000021
-0.000058
-0.000014
0.000004
0.000032
-0.000002
-0.000017
0.000031
-0.000018
0.000006
0.000038
-0.000044
-0.000010
0.000021
0.000021
-0.000034
0.000015
-0.000048
-0.000015
-0.000032
0.000029
-0.000009
-0.000005
0.000021
-0.000010
-0.000038
0.000037
-0.000020
0.000012
0.000006
0.000001
-0.000012
0.000014
0.000025
0.000033
-0.000096
0.000031
-0.000008
0.000006
0.000052
0.000005
0.000065
-0.000016
-0.000046
0.000001
-0.000014
0.000021
0.000017
-0.000005
0.000020
-0.000023
-0.000012
0.000001
-0.000046
0.000030
-0.000014
0.000057
0.000024
0.000016
0.000016
0.000030
0.000025
0.000038
0.000025
0.000033
0.000009
-0.000017
0.000014
-0.000041
-0.000002
0.000021
-0.000001
-0.000011
-0.000003
-0.000002
-0.000004
-0.000002
0.000020
-0.000015
-0.000019
-0.000006
-0.000037
0.000028
0.000053
-0.000019
0.000009
0.000016
-0.000005
0.000029
0.000017
0.000023
-0.000023
-0.000035
-0.000018
0.000008
0.000036
0.000007
0.000047
0.000032
-0.000028
-0.000021
-0.000036
0.000007
-0.000045
0.000019
-0.000015
-0.000015
0.000027
-0.000034
-0.000006
0.000028
0.000030
0.000052
-0.000019
0.000053
-0.000004
0.000005
-0.000042
0.000005
0.000022
0.000023
-0.000005
-0.000022
0.000038
-0.000015
0.000052
0.000025
0.000001
0.000015
-0.000012
-0.000023
0.000029
-0.000007
0.000037
-0.000029
-0.000015
0.000003
0.000046
0.000006
0.000068
-0.000018
-0.000027
0.000022
0.000002
0.000015
-0.000022
-0.000051
0.000005
0.000024
0.000005
0.000031
0.000026
-0.000041
-0.000041
-0.000016
0.000019
0.000028
-0.000030
0.000011
-0.000019
-0.000019
-0.000037
0.000023
-0.000004
-0.000002
-0.000015
-0.000058
0.000018
0.000004
-0.000012
0.000030
0.000048
0.000021
-0.000003
-0.000013
-0.000007
-0.000029
-0.000064
-0.000038
-0.000021
-0.000017
0.000002
-0.000004
0.000016
0.000008
-0.000091
-0.000007
-0.000022
-0.000002
-0.000051
-0.000011
-0.000007
-0.000020
-0.000008
0.000013
-0.000067
0.000008
0.000026
0.000022
0.000001
0.000042
0.000033
0.000035
-0.000032
-0.000024
-0.000028
0.000020
0.000016
-0.000005
-0.000021
-0.000087
0.000029
0.000010
-0.000002
0.000034
-0.000009
0.000021
0.000047
-0.000001
-0.000026
0.000027
-0.000019
0.000053
0.000038
-0.000001
-0.000038
0.000033
0.000006
-0.000042
-0.000007
-0.000033
-0.000008
-0.000039
-0.000047
-0.000021
0.000001
0.000087
0.000038
-0.000005
-0.000012
-0.000013
0.000023
0.000043
-0.000038
0.000016
0.000053
-0.000050
-0.000013
0.000031
0.000031
0.000033
-0.000021
-0.000017
0.000010
-0.000005
0.000011
-0.000018
0.000072
0.000050
-0.000020
-0.000021
-0.000003
-0.000020
-0.000022
-0.000004
-0.000036
-0.000039
0.000043
-0.000013
-0.000009
0.000020
0.000038
-0.000048
0.000031
-0.000006
-0.000060
0.000027
-0.000001
-0.000010
0.000009
0.000027
-0.000004
-0.000011
0.000001
-0.000027
-0.000004
0.000007
0.000017
0.000022
0.000001
0.000020
0.000035
0.000039
0.000019
0.000009
0.000019
0.000036
0.000018
0.000015
0.000028
-0.000027
0.000011
0.000025
0.000020
-0.000006
-0.000022
0.000001
0.000046
0.000001
-0.000019
-0.000047
0.000097
0.000012
-0.000042
-0.000024
-0.000036
0.000018
-0.000027
-0.000018
0.000024
0.000003
-0.000018
-0.000034
-0.000019
-0.000006
-0.000034
0.000035
0.000027
0.000002
0.000020
-0.000010
0.000011
-0.000006
-0.000035
-0.000014
-0.000022
0.000041
0.000014
0.000014
0.000012
-0.000014
0.000035
-0.000022
-0.000005
0.000014
-0.000023
0.000008
0.000006
-0.000009
-0.000074
-0.000029
-0.000048
-0.000014
-0.000035
-0.000001
0.000066
0.000007
0.000058
-0.000024
-0.000030
0.000026
-0.000033
0.000005
-0.000004
-0.000015
0.000005
-0.000008
0.000015
0.000038
0.000016
0.000041
-0.000024
-0.000014
0.000023
0.000026
-0.000005
-0.000009
-0.000020
0.000039
-0.000001
-0.000014
-0.000029
-0.000073
0.000009
0.000012
0.000042
-0.000000
0.000012
-0.000097
-0.000004
-0.000005
0.000006
0.000012
-0.000016
0.000027
-0.000003
0.000033
-0.000008
-0.000000
0.000019
-0.000006
0.000024
0.000034
0.000030
-0.000026
0.000000
0.000011
0.000015
-0.000020
-0.000021
-0.000010
0.000019
0.000024
-0.000002
-0.000007
0.000028
0.000015
-0.000009
0.000066
0.000025
0.000047
-0.000010
-0.000066
0.000011
0.000020
0.000039
0.000052
-0.000022
-0.000009
0.000019
-0.000028
-0.000002
-0.000032
0.000026
0.000055
0.000017
0.000004
-0.000034
-0.000023
0.000007
-0.000030
-0.000026
0.000040
0.000001
-0.000029
0.000031
0.000002
0.000050
-0.000033
-0.000002
0.000061
-0.000006
0.000017
-0.000021
0.000024
0.000032
0.000039
0.000019
0.000070
0.000006
0.000025
0.000059
-0.000001
-0.000047
-0.000001
0.000000
-0.000032
-0.000004
-0.000033
-0.000026
-0.000008
-0.000030
0.000000
0.000058
-0.000006
-0.000032
0.000016
0.000029
0.000019
-0.000041
-0.000021
0.000007
0.000031
0.000026
0.000032
-0.000004
-0.000000
-0.000021
0.000035
0.000021
-0.000037
0.000005
0.000004
-0.000001
0.000015
0.000010
0.000003
0.000001
-0.000007
-0.000037
-0.000045
0.000010
-0.000008
-0.000029
0.000015
-0.000016
0.000018
-0.000001
0.000072
0.000060
-0.000014
-0.000042
-0.000022
-0.000005
0.000010
0.000064
0.000007
-0.000047
0.000008
0.000006
0.000001
0.000001
-0.000049
-0.000000
0.000010
-0.000032
-0.000009
0.000002
-0.000019
-0.000027
-0.000027
-0.000051
-0.000021
-0.000018
0.000009
0.000031
-0.000027
-0.000032
0.000036
0.000008
0.000010
0.000015
0.000063
0.000024
-0.000040
-0.000007
0.000007
-0.000037
-0.000010
0.000007
0.000004
0.000004
-0.000063
-0.000057
-0.000005
-0.000041
0.000030
-0.000004
-0.000033
0.000001
-0.000004
0.000005
0.000028
0.000025
-0.000011
-0.000022
0.000008
0.000007
-0.000039
-0.000055
0.000004
0.000017
0.000014
0.000009
0.000024
0.000012
-0.000001
0.000003
0.000041
-0.000027
-0.000010
0.000024
0.000034
-0.000015
-0.000001
0.000044
0.000000
0.000013
0.000030
-0.000034
0.000053
-0.000001
-0.000013
-0.000023
-0.000001
0.000029
-0.000078
0.000004
-0.000048
-0.000002
0.000028
-0.000020
0.000048
0.000028
-0.000024
0.000031
0.000022
-0.000033
0.000006
0.000029
-0.000013
0.000005
-0.000017
-0.000028
-0.000039
-0.000003
0.000046
-0.000026
0.000027
0.000013
0.000002
-0.000012
-0.000008
-0.000024
0.000033
-0.000018
0.000024
-0.000029
0.000022
0.000036
0.000059
0.000073
-0.000012
0.000073
-0.000012
-0.000004
0.000000
-0.000054
-0.000009
0.000034
-0.000012
0.000026
0.000037
0.000016
0.000015
-0.000007
-0.000006
-0.000061
0.000005
-0.000012
0.000019
0.000006
-0.000025
0.000033
-0.000031
-0.000030
-0.000031
-0.000036
-0.000043
0.000044
0.000001
0.000005
0.000022
0.000022
-0.000031
-0.000062
0.000017
-0.000003
-0.000003
0.000033
0.000017
0.000038
-0.000021
-0.000019
0.000002
-0.000012
0.000040
-0.000015
-0.000019
-0.000023
-0.000037
0.000037
0.000009
0.000039
0.000022
0.000002
-0.000006
0.000019
0.000040
0.000023
0.000057
0.000012
-0.000012
-0.000007
-0.000013
0.000048
-0.000041
-0.000026
-0.000034
0.000019
-0.000014
0.000030
-0.000036
0.000045
0.000020
0.000009
0.000008
0.000024
0.000001
-0.000029
0.000006
0.000067
-0.000000
0.000032
0.000054
-0.000016
0.000032
-0.000075
0.000028
0.000041
0.000034
0.000007
0.000039
-0.000002
0.000021
0.000018
-0.000008
-0.000040
-0.000022
-0.000013
-0.000026
-0.000017
-0.000008
-0.000023
-0.000065
-0.000008
0.000018
0.000031
0.000057
-0.000013
-0.000050
-0.000017
-0.000029
0.000028
-0.000001
0.000010
0.000044
0.000018
-0.000016
-0.000042
0.000028
0.000023
-0.000010
-0.000040
0.000001
0.000008
0.000018
0.000045
-0.000004
0.000006
0.000007
-0.000002
0.000030
0.000028
-0.000022
-0.000031
0.000001
-0.000046
-0.000009
0.000001
0.000032
0.000002
-0.000038
-0.000004
0.000013
0.000027
-0.000004
-0.000002
-0.000013
-0.000005
0.000051
-0.000030
-0.000002
0.000036
-0.000014
-0.000007
-0.000049
-0.000005
-0.000008
-0.000005
-0.000028
-0.000045
-0.000055
0.000010
-0.000048
0.000000
-0.000008
-0.000026
0.000007
0.000005
0.000022
0.000025
-0.000001
0.000021
0.000004
-0.000006
0.000039
-0.000008
-0.000006
0.000027
0.000013
0.000024
0.000017
-0.000019
0.000029
-0.000082
-0.000023
0.000018
0.000002
-0.000005
-0.000033
0.000029
-0.000001
0.000004
0.000041
-0.000030
0.000032
0.000041
-0.000004
0.000041
-0.000031
0.000036
-0.000036
-0.000027
0.000026
0.000020
-0.000066
-0.000053
0.000012
-0.000010
0.000010
-0.000007
-0.000009
-0.000010
-0.000013
-0.000001
0.000057
0.000008
0.000012
-0.000017
0.000008
0.000017
0.000034
0.000000
0.000023
0.000038
-0.000005
-0.000015
0.000017
0.000036
0.000017
0.000053
0.000049
-0.000061
-0.000014
-0.000040
-0.000021
0.000001
0.000019
0.000024
-0.000006
0.000036
-0.000024
-0.000036
0.000053
-0.000005
-0.000014
0.000020
-0.000026
-0.000047
0.000016
0.000018
0.000005
0.000037
0.000003
0.000030
-0.000024
-0.000012
-0.000006
-0.000022
-0.000042
0.000008
-0.000043
0.000001
-0.000041
-0.000017
0.000029
-0.000005
0.000046
0.000010
-0.000016
0.000042
0.000013
-0.000015
-0.000012
0.000017
-0.000005
-0.000060
-0.000033
0.000067
0.000007
-0.000070
0.000012
0.000014
-0.000024
-0.000002
0.000008
-0.000006
0.000027
-0.000024
-0.000004
-0.000021
-0.000016
-0.000015
-0.000009
-0.000000
-0.000021
0.000023
0.000006
0.000003
-0.000030
0.000025
0.000016
-0.000047
0.000002
0.000015
-0.000056
0.000020
0.000031
-0.000017
0.000023
-0.000019
-0.000013
-0.000033
-0.000023
0.000017
-0.000011
0.000004
-0.000014
0.000022
-0.000020
-0.000004
-0.000035
0.000034
-0.000029
-0.000007
0.000019
0.000012
0.000011
-0.000014
-0.000006
0.000030
0.000032
-0.000070
0.000008
0.000013
-0.000020
0.000020
-0.000007
-0.000020
0.000028
0.000021
0.000020
0.000024
-0.000022
-0.000007
0.000005
0.000024
-0.000032
-0.000008
0.000015
-0.000039
0.000014
-0.000005
0.000036
-0.000001
-0.000029
-0.000068
-0.000043
0.000019
-0.000020
0.000003
-0.000016
0.000040
-0.000041
0.000027
0.000029
-0.000013
-0.000017
0.000077
0.000044
-0.000014
-0.000004
0.000001
0.000004
-0.000028
-0.000089
0.000046
-0.000028
0.000052
0.000001
0.000007
0.000045
0.000016
-0.000014
-0.000018
0.000057
-0.000011
-0.000006
0.000028
-0.000032
0.000015
-0.000008
-0.000005
0.000034
-0.000033
-0.000005
0.000039
0.000031
0.000021
0.000009
-0.000021
0.000006
0.000024
0.000020
-0.000006
0.000001
-0.000007
-0.000007
0.000016
0.000081
0.000013
-0.000051
0.000040
0.000038
0.000034
0.000000
0.000009
0.000045
0.000028
0.000032
-0.000037
-0.000020
-0.000017
-0.000001
0.000034
-0.000051
0.000007
0.000031
-0.000022
-0.000050
-0.000026
-0.000002
0.000023
-0.000019
0.000019
-0.000007
0.000002
0.000014
0.000011
0.000048
0.000050
-0.000020
-0.000008
-0.000014
-0.000005
0.000051
0.000017
-0.000010
0.000022
-0.000008
-0.000032
0.000024
-0.000013
0.000007
-0.000013
0.000018
-0.000019
-0.000025
-0.000008
0.000035
0.000011
0.000037
0.000009
-0.000093
0.000033
-0.000019
0.000034
-0.000035
-0.000029
0.000065
0.000014
-0.000006
-0.000026
-0.000046
0.000024
-0.000019
0.000039
-0.000031
0.000012
0.000015
-0.000014
-0.000002
0.000039
0.000011
-0.000007
0.000024
-0.000004
0.000013
0.000034
0.000013
0.000022
0.000011
-0.000043
0.000042
0.000013
0.000001
0.000012
-0.000019
-0.000032
0.000012
0.000077
-0.000027
0.000017
-0.000004
-0.000007
0.000047
-0.000057
0.000014
0.000017
-0.000052
-0.000023
0.000007
-0.000003
-0.000032
-0.000018
-0.000005
-0.000012
-0.000003
-0.000023
0.000028
-0.000031
-0.000041
0.000006
-0.000034
0.000045
-0.000023
-0.000011
0.000040
0.000037
-0.000017
-0.000001
-0.000017
0.000054
0.000031
0.000003
0.000020
0.000004
-0.000031
-0.000011
0.000005
0.000052
-0.000024
-0.000029
-0.000032
-0.000011
0.000038
0.000001
-0.000029
0.000006
-0.000030
0.000015
-0.000019
0.000050
0.000077
0.000002
-0.000005
-0.000063
0.000018
-0.000021
-0.000011
-0.000012
0.000054
-0.000017
0.000006
0.000011
0.000020
-0.000039
-0.000009
0.000001
0.000027
-0.000008
-0.000002
0.000069
0.000010
-0.000020
0.000003
0.000027
0.000036
0.000011
-0.000012
-0.000035
0.000001
-0.000025
-0.000000
-0.000028
0.000029
0.000129
0.000029
-0.000045
-0.000020
-0.000016
-0.000011
-0.000011
0.000004
-0.000013
0.000065
0.000009
-0.000024
-0.000032
0.000002
0.000025
-0.000060
-0.000008
0.000040
-0.000012
-0.000030
-0.000014
-0.000018
-0.000019
0.000051
-0.000005
-0.000024
0.000056
-0.000024
-0.000036
-0.000009
0.000027
-0.000026
-0.000030
0.000045
-0.000043
0.000037
-0.000003
0.000022
0.000028
0.000027
0.000056
0.000018
0.000009
-0.000010
0.000047
-0.000003
-0.000035
0.000040
-0.000007
0.000012
0.000008
0.000028
0.000015
-0.000001
0.000008
-0.000029
-0.000046
0.000037
-0.000008
-0.000030
0.000031
0.000004
-0.000005
-0.000051
-0.000003
0.000030
-0.000040
-0.000045
-0.000045
-0.000005
-0.000030
-0.000050
0.000020
-0.000000
-0.000000
0.000046
0.000015
-0.000018
0.000026
-0.000043
-0.000030
0.000007
0.000018
0.000002
0.000006
-0.000010
-0.000041
0.000079
0.000012
-0.000021
-0.000026
-0.000024
-0.000001
-0.000038
0.000023
-0.000027
-0.000002
0.000012
-0.000004
-0.000015
0.000011
-0.000015
0.000035
-0.000001
-0.000067
0.000047
0.000005
0.000007
0.000036
-0.000006
-0.000002
0.000025
-0.000012
-0.000016
-0.000010
0.000061
-0.000013
0.000013
0.000027
-0.000001
-0.000023
-0.000002
0.000023
-0.000036
0.000027
-0.000034
0.000028
-0.000012
0.000033
0.000035
-0.000042
0.000005
-0.000028
-0.000013
-0.000028
-0.000001
0.000010
-0.000035
-0.000009
-0.000018
-0.000055
0.000007
-0.000001
-0.000009
0.000033
-0.000012
0.000018
0.000054
0.000025
0.000026
0.000015
0.000012
0.000004
-0.000009
0.000037
-0.000028
-0.000045
0.000029
0.000027
0.000006
0.000045
-0.000005
0.000031
0.000003
0.000001
0.000027
-0.000001
-0.000048
0.000029
0.000026
-0.000005
-0.000020
0.000011
0.000025
0.000002
0.000022
-0.000038
0.000022
0.000039
0.000010
-0.000032
0.000056
0.000017
-0.000008
0.000018
0.000014
0.000006
-0.000020
0.000011
-0.000009
-0.000023
-0.000002
-0.000050
-0.000000
-0.000057
-0.000026
-0.000046
-0.000009
0.000018
-0.000036
0.000025
-0.000000
0.000026
0.000040
0.000016
0.000016
-0.000044
-0.000067
-0.000050
-0.000006
0.000031
-0.000009
0.000012
0.000009
-0.000012
0.000020
0.000010
0.000035
0.000006
0.000023
-0.000004
-0.000061
-0.000036
-0.000054
0.000000
-0.000027
0.000041
0.000012
0.000026
0.000032
0.000043
-0.000047
-0.000016
0.000007
-0.000056
0.000003
-0.000006
-0.000007
-0.000028
-0.000009
-0.000026
-0.000016
0.000016
0.000028
0.000004
0.000005
0.000019
0.000023
-0.000046
0.000010
0.000007
0.000012
0.000018
0.000012
0.000005
0.000031
-0.000079
0.000008
-0.000023
-0.000017
0.000014
-0.000034
-0.000013
-0.000001
-0.000031
0.000048
-0.000010
-0.000060
-0.000000
0.000020
-0.000023
0.000043
-0.000020
-0.000013
0.000046
-0.000014
0.000007
0.000032
0.000001
-0.000005
-0.000004
-0.000025
-0.000039
0.000008
0.000002
0.000020
0.000001
-0.000012
-0.000008
-0.000009
-0.000011
-0.000010
0.000046
0.000005
-0.000032
0.000006
-0.000037
-0.000025
0.000009
0.000038
0.000006
-0.000044
0.000015
-0.000009
-0.000017
0.000027
0.000045
-0.000010
-0.000007
-0.000001
0.000012
-0.000014
-0.000028
0.000066
-0.000044
0.000047
-0.000004
0.000005
-0.000007
0.000007
0.000005
0.000023
-0.000013
-0.000046
0.000047
-0.000022
-0.000042
0.000006
0.000004
-0.000038
0.000012
-0.000052
-0.000044
0.000001
-0.000052
-0.000034
-0.000034
-0.000029
0.000049
0.000021
-0.000013
-0.000036
-0.000030
0.000033
-0.000017
0.000061
0.000005
-0.000026
0.000052
0.000014
0.000015
-0.000011
-0.000045
-0.000007
0.000030
0.000059
0.000022
-0.000015
0.000033
-0.000010
-0.000014
0.000035
-0.000007
-0.000000
-0.000042
-0.000003
0.000009
-0.000016
0.000050
0.000017
0.000037
0.000035
-0.000034
0.000051
0.000036
-0.000026
-0.000043
-0.000006
-0.000017
-0.000031
0.000021
-0.000010
-0.000013
-0.000033
-0.000015
0.000027
0.000015
-0.000001
0.000011
-0.000016
0.000024
0.000005
0.000020
-0.000024
0.000102
-0.000042
0.000018
-0.000006
-0.000045
-0.000049
-0.000018
0.000048
-0.000019
0.000040
0.000029
-0.000021
-0.000021
-0.000053
0.000003
0.000016
-0.000028
0.000013
0.000044
0.000063
0.000049
-0.000014
-0.000034
-0.000005
0.000006
0.000048
0.000026
0.000000
0.000009
0.000042
-0.000022
0.000020
-0.000036
-0.000052
0.000022
-0.000010
0.000002
0.000011
0.000059
0.000007
-0.000038
-0.000016
0.000002
0.000026
0.000019
-0.000013
-0.000041
-0.000035
-0.000037
0.000009
0.000007
-0.000012
-0.000003
-0.000019
0.000030
0.000023
-0.000003
-0.000005
-0.000061
0.000004
0.000039
-0.000024
0.000003
0.000025
0.000006
-0.000004
-0.000017
0.000012
0.000050
0.000002
-0.000069
0.000008
0.000014
-0.000030
-0.000006
0.000006
-0.000002
-0.000010
0.000006
0.000010
-0.000020
-0.000042
0.000001
0.000009
0.000002
-0.000002
0.000075
0.000017
0.000011
0.000014
-0.000053
-0.000030
-0.000002
-0.000010
-0.000005
-0.000013
-0.000040
0.000031
0.000005
-0.000022
-0.000009
-0.000043
-0.000019
-0.000049
-0.000013
0.000017
-0.000016
-0.000033
-0.000025
-0.000004
0.000023
0.000028
0.000012
-0.000006
0.000012
-0.000017
-0.000013
0.000027
-0.000029
0.000004
0.000053
0.000028
0.000012
-0.000034
-0.000008
0.000004
-0.000027
-0.000035
0.000006
0.000038
-0.000037
0.000057
0.000010
0.000028
0.000009
-0.000029
0.000027
0.000016
0.000042
0.000038
-0.000031
-0.000009
0.000041
0.000009
0.000009
0.000021
-0.000007
0.000041
-0.000031
0.000007
-0.000005
0.000019
0.000020
-0.000030
0.000051
0.000029
-0.000046
-0.000040
-0.000030
-0.000020
0.000025
-0.000019
-0.000022
-0.000017
0.000044
0.000010
-0.000010
-0.000030
-0.000044
0.000022
0.000023
0.000008
-0.000026
0.000002
0.000020
-0.000031
-0.000030
-0.000005
0.000017
-0.000043
-0.000023
0.000020
0.000042
-0.000014
-0.000006
0.000046
-0.000054
-0.000025
0.000009
-0.000003
-0.000021
-0.000005
0.000013
-0.000004
0.000016
-0.000029
-0.000029
-0.000026
-0.000012
-0.000052
-0.000017
0.000050
-0.000007
-0.000006
-0.000050
0.000007
0.000079
0.000016
0.000022
0.000015
0.000053
0.000003
-0.000062
0.000028
0.000027
0.000071
-0.000003
0.000056
-0.000002
-0.000010
0.000019
0.000031
0.000009
-0.000016
-0.000038
-0.000014
0.000016
-0.000038
0.000029
-0.000025
0.000013
-0.000027
-0.000004
-0.000007
-0.000031
0.000019
-0.000007
0.000024
0.000052
-0.000021
0.000044
-0.000037
-0.000064
0.000020
0.000008
0.000009
-0.000024
-0.000057
0.000003
-0.000009
-0.000040
0.000069
0.000021
0.000017
-0.000002
-0.000013
0.000003
0.000002
-0.000023
-0.000048
-0.000049
-0.000010
0.000006
-0.000020
-0.000048
-0.000014
-0.000002
0.000032
0.000014
0.000011
0.000031
-0.000073
0.000025
0.000030
-0.000033
-0.000023
0.000039
-0.000004
0.000003
-0.000056
-0.000048
-0.000024
0.000035
-0.000020
-0.000028
-0.000036
-0.000005
-0.000011
-0.000004
-0.000035
-0.000033
0.000043
0.000001
0.000020
-0.000035
0.000000
-0.000048
0.000017
0.000017
0.000026
-0.000024
-0.000016
0.000029
0.000013
0.000031
-0.000022
0.000020
-0.000015
-0.000020
-0.000029
0.000039
-0.000038
-0.000036
0.000001
-0.000001
0.000005
-0.000012
0.000011
0.000015
-0.000051
0.000016
-0.000010
-0.000005
-0.000013
-0.000033
-0.000021
-0.000055
0.000017
0.000025
0.000010
0.000031
0.000002
0.000015
0.000021
-0.000053
-0.000023
0.000004
0.000031
0.000031
-0.000077
-0.000029
0.000003
0.000017
-0.000026
0.000025
-0.000000
0.000021
0.000022
-0.000025
-0.000002
0.000000
0.000004
0.000052
0.000033
0.000044
-0.000018
0.000007
-0.000014
0.000042
-0.000043
0.000004
-0.000039
-0.000008
0.000026
0.000042
0.000032
0.000026
0.000044
-0.000016
-0.000021
-0.000040
-0.000036
0.000006
0.000021
-0.000033
-0.000009
-0.000022
-0.000008
-0.000042
0.000039
0.000021
0.000007
0.000006
0.000014
-0.000038
-0.000018
0.000039
-0.000020
-0.000029
0.000019
-0.000003
-0.000015
-0.000013
-0.000001
0.000034
-0.000041
-0.000034
0.000023
-0.000046
0.000031
0.000023
0.000022
0.000009
0.000044
-0.000006
0.000031
0.000041
-0.000036
0.000005
0.000009
-0.000027
-0.000004
0.000052
0.000011
-0.000022
-0.000014
-0.000045
0.000030
-0.000008
-0.000017
0.000008
-0.000037
-0.000025
0.000043
0.000002
-0.000057
-0.000026
-0.000066
-0.000009
-0.000028
-0.000028
0.000020
0.000008
-0.000014
0.000022
0.000008
0.000050
-0.000022
0.000012
0.000035
-0.000000
0.000022
0.000006
0.000031
0.000006
0.000020
0.000005
0.000026
-0.000006
0.000026
-0.000015
-0.000001
0.000022
-0.000021
-0.000048
0.000013
0.000017
-0.000034
-0.000036
-0.000041
-0.000004
-0.000039
-0.000001
-0.000063
-0.000009
-0.000019
-0.000046
0.000008
0.000009
0.000032
-0.000008
-0.000013
0.000068
0.000032
-0.000060
0.000018
-0.000069
0.000008
-0.000022
-0.000007
0.000069
-0.000007
0.000027
0.000022
-0.000007
0.000041
0.000062
-0.000032
0.000011
-0.000005
0.000034
0.000045
0.000009
0.000045
-0.000031
0.000020
-0.000025
-0.000057
-0.000082
0.000001
-0.000068
-0.000042
0.000038
-0.000009
0.000020
-0.000000
-0.000045
-0.000008
0.000007
0.000002
-0.000002
0.000028
-0.000022
0.000025
-0.000021
-0.000005
0.000022
-0.000025
0.000008
0.000012
-0.000021
-0.000037
0.000010
-0.000011
-0.000012
-0.000057
0.000057
-0.000025
-0.000016
-0.000019
0.000012
-0.000025
0.000027
0.000000
0.000022
0.000015
-0.000016
-0.000096
0.000054
0.000033
-0.000013
0.000014
-0.000016
0.000028
0.000006
0.000004
0.000024
-0.000005
-0.000049
-0.000024
-0.000015
-0.000010
-0.000022
-0.000018
0.000014
0.000012
0.000015
-0.000006
0.000028
0.000032
-0.000032
0.000010
-0.000033
0.000012
0.000018
-0.000003
-0.000003
-0.000023
-0.000032
-0.000025
-0.000020
0.000030
0.000027
0.000035
-0.000015
-0.000038
0.000017
-0.000049
-0.000001
0.000025
-0.000023
0.000017
-0.000017
-0.000018
-0.000019
0.000006
-0.000016
0.000010
0.000019
-0.000085
-0.000028
-0.000007
-0.000034
0.000007
-0.000013
-0.000040
-0.000010
-0.000048
0.000081
-0.000005
-0.000013
0.000018
0.000010
0.000018
0.000008
0.000062
-0.000001
0.000003
-0.000011
0.000046
0.000010
-0.000008
0.000008
0.000027
-0.000004
-0.000019
0.000004
-0.000002
0.000029
-0.000030
-0.000062
-0.000009
-0.000058
-0.000028
0.000070
0.000003
-0.000021
-0.000001
0.000025
-0.000010
-0.000036
0.000032
0.000071
0.000026
-0.000019
0.000046
0.000026
-0.000061
0.000021
-0.000027
-0.000000
-0.000016
0.000006
-0.000014
0.000042
0.000016
0.000001
-0.000004
-0.000041
-0.000021
-0.000009
-0.000054
0.000010
-0.000010
0.000012
0.000036
-0.000029
-0.000006
-0.000041
-0.000012
0.000017
-0.000024
-0.000062
0.000019
-0.000038
-0.000000
-0.000002
0.000030
0.000006
0.000028
-0.000021
0.000013
0.000009
-0.000044
-0.000006
0.000042
0.000003
0.000000
-0.000021
-0.000037
0.000008
0.000019
0.000018
0.000044
-0.000036
-0.000014
0.000056
0.000020
0.000028
0.000008
0.000026
-0.000008
-0.000022
0.000025
-0.000015
0.000049
-0.000017
-0.000018
-0.000048
-0.000069
-0.000032
-0.000035
0.000078
-0.000008
-0.000062
-0.000000
0.000056
-0.000035
-0.000005
0.000015
-0.000054
0.000083
-0.000004
-0.000052
-0.000034
-0.000019
-0.000023
0.000001
0.000038
0.000019
-0.000007
-0.000013
-0.000073
0.000004
0.000006
0.000020
0.000000
-0.000061
-0.000052
0.000052
0.000021
-0.000021
-0.000025
0.000042
-0.000016
-0.000022
-0.000018
-0.000005
0.000020
0.000002
-0.000032
-0.000003
0.000028
-0.000017
-0.000021
0.000006
0.000009
-0.000058
0.000019
-0.000001
-0.000007
0.000017
0.000036
0.000056
-0.000016
0.000021
-0.000018
-0.000029
0.000008
-0.000022
0.000006
0.000013
-0.000003
0.000010
-0.000028
-0.000058
-0.000022
0.000003
0.000012
-0.000027
-0.000002
0.000023
-0.000002
0.000024
0.000001
0.000015
-0.000052
-0.000032
-0.000009
0.000037
0.000010
-0.000001
-0.000019
-0.000015
-0.000018
-0.000049
-0.000033
-0.000039
-0.000024
0.000029
-0.000023
-0.000022
0.000011
-0.000018
-0.000053
-0.000028
-0.000034
-0.000056
-0.000023
0.000064
-0.000016
-0.000007
-0.000012
-0.000023
0.000057
0.000002
-0.000012
0.000037
0.000027
-0.000005
-0.000026
0.000051
0.000001
0.000006
-0.000017
-0.000031
-0.000009
-0.000049
0.000011
0.000014
0.000020
0.000017
0.000013
0.000013
0.000010
0.000010
-0.000001
-0.000002
0.000051
0.000063
0.000005
0.000055
0.000037
0.000037
0.000021
-0.000003
0.000050
-0.000022
-0.000024
0.000025
0.000099
0.000009
-0.000011
-0.000009
0.000003
0.000059
-0.000002
0.000011
0.000022
-0.000047
-0.000051
0.000027
0.000026
0.000028
-0.000018
0.000038
0.000021
-0.000042
-0.000003
-0.000020
-0.000003
0.000024
-0.000010
-0.000011
-0.000022
-0.000026
0.000009
-0.000018
0.000016
-0.000013
-0.000016
0.000045
-0.000061
-0.000007
0.000020
-0.000042
0.000049
-0.000007
-0.000033
0.000002
0.000019
0.000017
-0.000005
-0.000007
-0.000021
-0.000003
0.000007
-0.000006
0.000050
0.000013
-0.000003
-0.000019
0.000014
-0.000062
-0.000013
0.000030
0.000005
0.000033
-0.000007
0.000076
0.000026
-0.000031
-0.000037
-0.000014
0.000011
0.000009
0.000002
-0.000009
0.000039
0.000023
-0.000010
-0.000032
-0.000009
-0.000044
-0.000003
0.000007
0.000008
-0.000022
-0.000010
0.000045
-0.000007
0.000004
-0.000054
-0.000000
-0.000049
-0.000035
0.000046
0.000019
-0.000009
-0.000028
0.000025
0.000032
0.000033
0.000033
0.000013
0.000009
-0.000044
0.000008
-0.000018
-0.000008
0.000002
-0.000001
0.000015
-0.000042
0.000017
-0.000007
0.000008
0.000024
-0.000001
0.000001
-0.000018
-0.000042
-0.000003
-0.000008
0.000003
0.000016
0.000054
-0.000064
0.000021
-0.000032
0.000008
0.000061
-0.000023
-0.000004
0.000011
-0.000016
0.000010
0.000015
-0.000035
-0.000042
0.000017
-0.000026
-0.000010
0.000009
-0.000008
0.000014
0.000021
0.000070
-0.000051
0.000013
0.000079
-0.000035
-0.000028
-0.000022
-0.000056
-0.000040
0.000000
0.000001
0.000008
0.000029
-0.000007
-0.000003
-0.000036
-0.000027
0.000035
0.000003
-0.000028
0.000042
0.000012
-0.000003
-0.000014
0.000024
0.000023
-0.000013
0.000017
0.000013
-0.000027
-0.000033
-0.000033
-0.000021
-0.000039
-0.000015
-0.000025
0.000052
0.000006
0.000020
-0.000019
0.000003
-0.000007
0.000005
0.000046
-0.000007
0.000001
0.000027
0.000026
0.000021
-0.000029
0.000033
-0.000038
0.000015
0.000031
-0.000022
-0.000041
-0.000036
-0.000033
-0.000089
-0.000002
0.000016
0.000001
-0.000011
-0.000026
-0.000048
0.000055
0.000022
-0.000005
-0.000007
-0.000023
0.000011
0.000000
0.000013
-0.000046
0.000005
-0.000015
0.000016
-0.000017
0.000054
0.000037
-0.000022
-0.000066
0.000015
0.000021
0.000007
0.000056
-0.000004
-0.000014
-0.000023
-0.000023
-0.000005
-0.000003
-0.000071
-0.000011
-0.000020
-0.000041
-0.000036
0.000080
-0.000031
-0.000023
-0.000005
0.000024
-0.000018
0.000062
0.000018
0.000031
-0.000008
0.000014
-0.000042
0.000101
-0.000017
0.000032
-0.000004
0.000006
0.000070
0.000005
0.000022
-0.000020
0.000025
-0.000017
0.000037
0.000032
-0.000007
0.000033
0.000032
0.000015
0.000047
-0.000011
-0.000043
-0.000036
-0.000021
-0.000016
-0.000002
-0.000014
-0.000037
-0.000002
0.000000
-0.000031
0.000075
0.000033
0.000004
0.000057
-0.000025
0.000003
0.000044
0.000011
0.000009
0.000019
-0.000014
0.000041
-0.000033
-0.000005
-0.000020
0.000006
0.000022
-0.000011
0.000049
0.000054
-0.000023
0.000016
0.000034
-0.000028
-0.000014
-0.000037
-0.000043
-0.000023
-0.000034
0.000017
0.000009
-0.000025
0.000007
-0.000009
0.000022
0.000003
0.000044
0.000013
-0.000006
-0.000001
-0.000022
-0.000010
0.000007
-0.000016
0.000040
0.000032
-0.000020
0.000005
0.000017
-0.000002
0.000050
-0.000010
0.000031
-0.000050
-0.000049
0.000057
0.000008
-0.000018
0.000009
0.000010
0.000016
0.000008
0.000037
-0.000028
0.000016
0.000002
-0.000013
0.000026
0.000024
-0.000002
0.000015
-0.000007
0.000019
-0.000007
-0.000020
0.000047
-0.000042
-0.000031
0.000027
-0.000070
0.000039
-0.000027
-0.000015
0.000046
-0.000022
-0.000015
-0.000033
0.000002
-0.000037
0.000005
0.000041
-0.000001
0.000082
0.000019
0.000074
0.000004
-0.000034
-0.000029
-0.000012
-0.000054
0.000008
-0.000027
-0.000001
0.000026
0.000028
0.000035
-0.000019
-0.000033
0.000003
-0.000032
0.000015
0.000008
-0.000017
-0.000003
-0.000025
-0.000054
-0.000056
0.000013
-0.000005
0.000001
-0.000031
-0.000030
-0.000066
-0.000015
-0.000022
-0.000003
-0.000039
-0.000035
-0.000013
-0.000006
-0.000000
-0.000020
0.000009
0.000013
0.000015
0.000020
0.000021
0.000080
0.000024
0.000013
-0.000031
0.000010
0.000025
-0.000060
-0.000025
0.000021
0.000047
-0.000015
0.000042
-0.000018
0.000005
-0.000002
0.000012
-0.000027
-0.000045
0.000015
0.000024
-0.000020
-0.000029
0.000057
-0.000001
0.000007
0.000011
-0.000000
0.000028
0.000042
0.000044
-0.000018
0.000003
-0.000031
-0.000013
0.000034
-0.000005
0.000013
-0.000033
0.000023
0.000015
0.000048
0.000039
0.000034
0.000004
-0.000033
-0.000013
-0.000003
0.000062
-0.000014
0.000025
0.000034
-0.000020
0.000052
-0.000016
0.000017
-0.000033
-0.000022
0.000008
0.000072
-0.000039
0.000010
0.000035
-0.000003
0.000023
0.000020
-0.000040
-0.000026
-0.000020
-0.000057
0.000027
0.000040
-0.000002
-0.000005
-0.000036
-0.000021
0.000016
-0.000039
0.000005
0.000042
0.000045
-0.000011
-0.000008
0.000020
0.000010
0.000019
0.000060
0.000091
0.000052
0.000032
-0.000003
0.000004
0.000022
0.000044
-0.000014
-0.000034
-0.000012
-0.000035
-0.000002
0.000020
-0.000043
0.000007
0.000008
0.000032
-0.000000
0.000018
0.000059
-0.000019
-0.000020
-0.000021
-0.000021
0.000020
0.000050
-0.000054
-0.000033
0.000030
-0.000062
-0.000011
0.000048
0.000029
0.000024
-0.000034
0.000016
0.000067
0.000003
0.000043
0.000025
0.000022
0.000048
0.000003
-0.000013
0.000022
-0.000057
-0.000014
0.000044
-0.000012
-0.000020
0.000006
-0.000074
0.000017
0.000013
0.000029
-0.000001
-0.000019
-0.000034
0.000001
0.000050
0.000017
0.000031
-0.000035
-0.000015
0.000053
-0.000006
0.000018
0.000005
0.000034
0.000021
0.000026
0.000007
-0.000011
0.000021
0.000005
-0.000001
0.000047
0.000019
-0.000015
0.000025
0.000014
-0.000000
-0.000015
0.000014
0.000003
-0.000005
0.000012
-0.000029
-0.000003
-0.000004
0.000014
0.000013
0.000032
-0.000004
0.000046
-0.000016
-0.000066
-0.000026
0.000044
0.000023
0.000036
-0.000040
-0.000040
-0.000024
0.000028
0.000020
-0.000042
0.000054
-0.000007
0.000026
-0.000015
-0.000018
0.000026
-0.000008
0.000077
0.000014
-0.000003
0.000041
0.000033
0.000075
0.000022
-0.000045
0.000035
-0.000048
0.000011
-0.000004
0.000031
-0.000036
0.000031
-0.000018
-0.000063
0.000055
0.000028
0.000029
0.000038
-0.000023
-0.000001
0.000010
0.000012
0.000046
0.000015
-0.000001
-0.000009
-0.000016
-0.000015
0.000023
-0.000053
-0.000067
0.000018
-0.000017
0.000021
-0.000003
0.000018
-0.000004
-0.000021
0.000037
0.000004
-0.000028
-0.000025
-0.000008
-0.000063
-0.000054
-0.000045
0.000009
0.000005
-0.000003
-0.000002
-0.000022
0.000009
-0.000014
-0.000021
0.000046
0.000038
0.000012
0.000015
-0.000011
-0.000012
0.000027
0.000002
-0.000021
-0.000003
-0.000010
-0.000050
0.000023
-0.000005
-0.000005
0.000008
-0.000006
-0.000011
-0.000041
-0.000016
-0.000034
0.000004
0.000007
-0.000055
0.000017
-0.000009
-0.000026
0.000022
0.000025
-0.000038
0.000030
0.000008
0.000035
-0.000014
-0.000008
-0.000023
-0.000011
0.000009
-0.000015
0.000041
0.000015
0.000001
-0.000000
-0.000009
0.000021
0.000016
-0.000027
0.000006
-0.000012
0.000008
0.000058
0.000030
0.000002
-0.000041
0.000012
0.000041
-0.000001
0.000043
0.000014
0.000026
-0.000039
-0.000006
-0.000001
-0.000056
-0.000026
0.000075
0.000034
-0.000008
-0.000002
0.000008
-0.000009
0.000010
-0.000005
0.000025
-0.000011
-0.000008
0.000044
0.000065
-0.000019
-0.000028
-0.000036
-0.000033
0.000004
-0.000029
0.000029
0.000012
0.000007
-0.000058
-0.000001
0.000047
-0.000009
0.000019
0.000023
0.000014
-0.000007
0.000008
0.000034
-0.000003
0.000002
0.000018
0.000005
0.000027
0.000003
0.000010
0.000002
0.000007
-0.000010
0.000029
-0.000050
-0.000022
0.000024
-0.000007
-0.000001
0.000013
0.000048
0.000029
0.000014
-0.000031
-0.000011
-0.000016
-0.000017
0.000020
-0.000031
-0.000023
-0.000038
-0.000017
0.000055
-0.000034
0.000051
-0.000027
0.000043
0.000032
0.000022
-0.000007
-0.000003
-0.000040
-0.000004
0.000041
0.000050
-0.000021
0.000005
0.000014
-0.000026
0.000027
-0.000024
0.000029
-0.000017
-0.000002
-0.000013
-0.000016
-0.000034
-0.000016
-0.000009
-0.000014
-0.000044
0.000009
0.000019
-0.000002
0.000015
0.000040
0.000046
-0.000018
0.000005
-0.000087
0.000012
0.000011
-0.000014
0.000021
0.000048
0.000027
0.000057
0.000051
0.000025
-0.000055
0.000032
-0.000039
0.000008
-0.000015
-0.000021
-0.000003
0.000037
-0.000002
0.000008
-0.000003
0.000036
-0.000005
0.000023
-0.000013
-0.000028
-0.000001
-0.000002
-0.000021
-0.000002
0.000025
0.000008
0.000008
0.000018
-0.000011
-0.000020
-0.000046
-0.000050
0.000011
-0.000001
-0.000055
0.000010
0.000019
-0.000002
0.000008
-0.000017
-0.000017
0.000007
-0.000048
-0.000006
-0.000014
-0.000027
0.000049
-0.000028
0.000028
0.000034
-0.000022
-0.000046
-0.000041
0.000020
-0.000004
0.000007
0.000014
0.000006
-0.000025
-0.000013
0.000036
0.000012
0.000024
-0.000034
0.000021
-0.000007
-0.000021
0.000004
0.000024
0.000007
-0.000010
0.000044
0.000005
-0.000040
-0.000002
-0.000010
0.000019
-0.000002
0.000009
0.000018
0.000010
0.000015
0.000012
-0.000001
0.000008
-0.000007
-0.000080
0.000005
0.000084
0.000003
-0.000026
-0.000013
-0.000026
-0.000002
0.000021
0.000003
0.000009
0.000022
0.000015
0.000024
0.000046
-0.000010
0.000015
0.000013
-0.000026
0.000016
0.000019
-0.000010
0.000009
-0.000053
-0.000030
-0.000007
-0.000028
-0.000027
0.000021
0.000065
0.000032
-0.000016
0.000016
-0.000014
-0.000038
-0.000020
0.000057
-0.000048
-0.000022
0.000037
0.000039
-0.000054
-0.000019
0.000034
0.000018
-0.000002
0.000028
0.000029
-0.000042
-0.000008
-0.000046
-0.000044
0.000010
0.000027
0.000014
-0.000030
0.000065
-0.000008
0.000028
-0.000004
-0.000030
-0.000069
-0.000032
0.000008
0.000010
0.000025
-0.000037
0.000057
-0.000029
0.000013
0.000020
-0.000004
0.000020
0.000036
-0.000023
-0.000043
-0.000042
0.000031
0.000018
0.000058
0.000025
-0.000020
-0.000032
0.000046
-0.000002
0.000007
-0.000021
-0.000011
-0.000025
0.000008
0.000025
0.000013
0.000029
-0.000006
-0.000036
0.000015
-0.000014
-0.000028
-0.000021
0.000037
0.000075
-0.000060
-0.000013
-0.000028
0.000004
0.000005
-0.000007
0.000001
-0.000003
0.000029
0.000038
0.000004
0.000029
0.000047
-0.000048
0.000044
-0.000029
0.000024
0.000048
-0.000040
-0.000007
-0.000022
0.000024
0.000023
-0.000038
-0.000023
0.000001
0.000000
-0.000010
0.000011
0.000004
0.000044
0.000023
-0.000043
-0.000020
0.000005
0.000084
0.000029
-0.000029
0.000033
-0.000032
-0.000035
0.000019
0.000070
-0.000013
-0.000026
0.000023
-0.000027
0.000022
0.000016
0.000014
-0.000023
-0.000008
0.000052
-0.000031
-0.000054
0.000006
-0.000017
-0.000029
0.000009
0.000002
-0.000012
-0.000006
0.000028
0.000007
-0.000024
0.000003
0.000043
-0.000008
0.000015
-0.000009
0.000029
-0.000029
-0.000029
0.000032
0.000002
-0.000025
-0.000019
0.000023
0.000055
-0.000061
-0.000001
-0.000008
0.000014
0.000024
0.000040
-0.000017
-0.000025
-0.000005
-0.000019
0.000015
-0.000002
-0.000000
0.000013
0.000004
0.000003
0.000015
0.000055
-0.000003
0.000025
-0.000019
-0.000058
0.000009
0.000066
-0.000025
-0.000038
-0.000012
-0.000009
-0.000007
0.000043
-0.000015
-0.000022
0.000000
0.000030
0.000018
0.000029
-0.000031
-0.000041
-0.000003
0.000017
-0.000009
-0.000031
-0.000014
-0.000019
0.000045
-0.000033
-0.000028
0.000022
-0.000027
-0.000004
-0.000018
-0.000052
-0.000021
-0.000025
-0.000002
0.000007
0.000043
-0.000005
-0.000052
-0.000024
-0.000005
-0.000012
0.000017
0.000006
0.000028
0.000018
-0.000012
0.000047
0.000005
0.000053
-0.000030
0.000012
0.000007
0.000009
0.000040
0.000021
-0.000045
-0.000013
-0.000025
0.000026
0.000005
0.000036
0.000013
-0.000002
-0.000002
-0.000034
0.000012
0.000020
-0.000018
-0.000032
-0.000004
-0.000065
0.000048
0.000025
-0.000009
0.000012
-0.000085
-0.000016
0.000021
-0.000028
0.000034
0.000013
0.000029
0.000029
-0.000035
0.000058
-0.000042
-0.000007
0.000064
-0.000013
0.000023
-0.000024
-0.000015
-0.000003
-0.000018
-0.000021
-0.000047
-0.000020
0.000051
-0.000000
-0.000010
-0.000036
0.000008
-0.000039
0.000001
0.000007
0.000006
-0.000042
-0.000012
-0.000008
-0.000066
0.000057
-0.000052
0.000021
-0.000035
0.000008
0.000039
-0.000053
0.000001
-0.000030
-0.000058
0.000004
0.000046
0.000037
-0.000004
0.000038
0.000039
-0.000021
0.000007
0.000003
0.000023
0.000036
0.000001
0.000005
0.000010
-0.000012
-0.000013
-0.000015
0.000026
0.000006
-0.000023
0.000039
-0.000015
0.000006
0.000036
-0.000010
-0.000047
0.000003
0.000050
0.000010
-0.000015
0.000050
-0.000011
0.000013
-0.000002
-0.000031
0.000000
-0.000016
0.000031
0.000051
-0.000019
0.000015
-0.000006
0.000006
0.000035
0.000029
-0.000033
-0.000035
-0.000041
-0.000026
-0.000020
0.000002
0.000038
-0.000033
-0.000004
0.000001
0.000060
0.000017
-0.000017
0.000028
0.000014
0.000067
-0.000007
0.000068
-0.000011
0.000000
0.000010
-0.000003
0.000079
-0.000107
-0.000042
-0.000054
-0.000028
-0.000016
-0.000027
0.000019
-0.000014
0.000017
0.000024
-0.000071
-0.000038
-0.000033
-0.000021
-0.000019
0.000005
-0.000011
0.000016
-0.000027
-0.000001
-0.000030
0.000052
-0.000049
-0.000032
0.000036
-0.000036
-0.000019
-0.000024
-0.000004
-0.000016
-0.000008
-0.000042
0.000007
-0.000007
0.000012
0.000030
-0.000023
0.000040
0.000019
-0.000010
0.000013
0.000038
-0.000029
-0.000034
-0.000002
-0.000037
0.000010
0.000026
0.000042
0.000005
0.000037
0.000005
-0.000009
-0.000025
0.000018
-0.000070
-0.000076
-0.000022
-0.000047
0.000036
-0.000007
0.000027
0.000041
-0.000025
-0.000052
-0.000027
0.000018
0.000016
0.000046
-0.000004
-0.000012
0.000004
0.000003
-0.000034
-0.000030
-0.000018
-0.000038
0.000044
0.000038
-0.000012
0.000052
-0.000019
-0.000025
-0.000044
0.000002
-0.000013
-0.000013
0.000003
-0.000047
0.000034
0.000015
-0.000008
0.000032
-0.000024
0.000040
-0.000026
0.000039
0.000007
-0.000003
-0.000008
-0.000008
-0.000025
-0.000070
-0.000022
0.000042
0.000041
0.000012
0.000002
0.000020
-0.000014
-0.000002
-0.000015
-0.000027
-0.000033
-0.000031
0.000034
0.000033
-0.000033
-0.000021
0.000039
0.000020
-0.000005
0.000058
0.000039
0.000015
0.000029
0.000021
-0.000001
-0.000009
-0.000039
0.000012
0.000067
0.000018
0.000019
-0.000011
0.000017
-0.000023
-0.000044
0.000011
0.000052
-0.000016
-0.000043
-0.000089
0.000002
-0.000026
-0.000008
-0.000007
-0.000005
0.000032
-0.000014
-0.000011
0.000006
0.000019
-0.000023
-0.000026
-0.000008
0.000017
-0.000015
-0.000029
0.000034
0.000047
0.000023
0.000011
0.000073
0.000013
0.000042
0.000034
0.000026
-0.000044
-0.000021
-0.000008
0.000011
0.000010
0.000005
0.000027
0.000033
0.000048
0.000020
0.000029
-0.000024
-0.000008
-0.000042
0.000007
0.000006
-0.000014
-0.000010
0.000008
0.000035
-0.000019
0.000008
0.000001
0.000006
0.000004
0.000027
0.000009
0.000008
-0.000027
-0.000034
0.000001
-0.000021
0.000013
0.000018
-0.000043
0.000029
0.000042
-0.000003
0.000014
-0.000033
-0.000030
-0.000007
-0.000003
0.000014
-0.000010
0.000016
-0.000009
0.000056
-0.000071
0.000008
0.000034
-0.000008
0.000009
0.000003
-0.000019
0.000014
0.000013
-0.000064
0.000033
0.000005
0.000004
-0.000023
0.000017
0.000010
0.000018
0.000004
-0.000018
0.000042
0.000026
0.000024
0.000029
-0.000029
0.000009
0.000035
0.000005
0.000033
0.000013
-0.000002
-0.000030
0.000007
0.000005
-0.000066
-0.000055
0.000008
0.000004
-0.000035
0.000030
-0.000018
0.000036
0.000044
0.000016
0.000017
-0.000061
-0.000006
0.000009
0.000047
-0.000057
0.000017
0.000004
0.000051
-0.000056
-0.000026
0.000012
0.000022
0.000021
-0.000005
0.000008
-0.000019
0.000054
-0.000023
-0.000016
0.000003
-0.000061
-0.000022
0.000039
-0.000036
0.000023
-0.000041
0.000020
-0.000019
-0.000024
0.000031
-0.000052
-0.000011
-0.000010
0.000009
0.000017
0.000005
-0.000048
0.000032
0.000022
0.000023
0.000008
0.000027
0.000031
0.000076
0.000001
-0.000037
0.000004
0.000017
0.000011
0.000013
0.000002
-0.000009
-0.000017
-0.000036
-0.000008
-0.000007
0.000039
0.000044
-0.000021
0.000049
0.000051
-0.000012
-0.000041
0.000018
0.000017
0.000019
0.000007
-0.000005
0.000008
0.000006
0.000020
0.000021
-0.000039
0.000015
-0.000028
-0.000029
-0.000039
-0.000033
0.000009
-0.000023
-0.000014
-0.000034
0.000020
0.000061
0.000014
0.000032
-0.000069
0.000010
0.000030
-0.000015
-0.000028
0.000029
0.000018
0.000034
0.000017
-0.000002
0.000027
-0.000003
-0.000016
-0.000013
0.000043
0.000009
-0.000001
-0.000014
0.000024
-0.000032
-0.000059
-0.000004
0.000024
-0.000025
0.000042
0.000012
-0.000020
-0.000005
-0.000013
-0.000010
0.000046
-0.000020
-0.000028
-0.000002
0.000032
0.000029
-0.000008
-0.000040
-0.000011
-0.000056
-0.000078
0.000018
-0.000021
-0.000019
0.000037
0.000021
0.000016
0.000025
-0.000020
-0.000063
0.000011
0.000042
0.000013
-0.000018
-0.000009
-0.000017
-0.000027
0.000044
0.000048
0.000005
-0.000025
-0.000018
-0.000011
-0.000009
0.000018
-0.000000
-0.000007
0.000028
-0.000005
-0.000017
0.000027
0.000016
0.000036
0.000006
0.000017
-0.000037
0.000006
-0.000029
-0.000004
-0.000030
-0.000005
0.000005
0.000018
0.000002
-0.000006
0.000008
0.000047
-0.000044
-0.000013
-0.000037
0.000025
-0.000025
-0.000027
0.000019
-0.000006
0.000020
0.000037
0.000043
-0.000029
-0.000019
-0.000027
0.000007
-0.000014
0.000025
0.000022
0.000018
0.000010
-0.000009
-0.000007
-0.000017
0.000022
0.000017
0.000042
-0.000007
0.000013
0.000000
-0.000011
0.000043
-0.000023
0.000033
-0.000003
-0.000020
0.000033
0.000005
-0.000004
0.000072
0.000052
0.000043
-0.000018
0.000019
0.000003
-0.000032
-0.000002
0.000043
-0.000037
-0.000030
-0.000019
0.000021
0.000001
-0.000007
0.000037
0.000029
0.000025
0.000007
0.000018
-0.000011
0.000004
0.000026
0.000003
-0.000023
-0.000016
-0.000027
-0.000010
-0.000057
-0.000001
-0.000026
-0.000001
0.000008
0.000055
-0.000006
0.000010
0.000001
0.000036
0.000035
0.000020
0.000013
-0.000024
-0.000031
-0.000034
-0.000018
-0.000007
-0.000038
-0.000009
0.000008
0.000038
0.000045
-0.000001
0.000037
0.000052
-0.000048
-0.000045
-0.000046
-0.000050
-0.000035
-0.000017
0.000000
-0.000028
0.000025
0.000056
0.000012
-0.000023
0.000036
-0.000013
-0.000008
-0.000015
0.000011
0.000023
0.000023
0.000008
-0.000048
-0.000014
0.000015
-0.000016
0.000026
-0.000008
0.000046
0.000015
-0.000015
-0.000037
0.000019
0.000039
0.000029
-0.000009
-0.000008
-0.000007
-0.000034
0.000030
0.000006
0.000010
-0.000009
-0.000010
-0.000014
0.000026
-0.000028
-0.000007
-0.000034
0.000005
0.000028
0.000076
0.000014
0.000021
0.000002
0.000034
0.000022
0.000021
0.000011
-0.000008
-0.000002
-0.000001
0.000031
0.000010
-0.000003
0.000017
0.000024
-0.000007
-0.000067
0.000052
-0.000020
0.000015
0.000022
-0.000020
0.000064
-0.000024
-0.000003
0.000017
0.000012
0.000021
0.000003
-0.000016
0.000010
-0.000065
-0.000006
-0.000015
0.000016
-0.000025
-0.000021
0.000008
-0.000079
-0.000002
0.000042
-0.000016
0.000009
-0.000046
-0.000018
0.000016
0.000020
0.000013
0.000039
0.000055
0.000016
0.000004
0.000017
-0.000013
-0.000040
-0.000009
0.000024
-0.000016
0.000012
0.000016
-0.000007
0.000002
0.000028
0.000011
-0.000023
0.000013
0.000006
-0.000030
0.000009
-0.000075
-0.000036
0.000063
-0.000003
-0.000020
0.000036
0.000026
-0.000017
-0.000018
-0.000036
-0.000035
0.000008
0.000030
0.000026
0.000032
-0.000039
-0.000019
0.000001
0.000005
-0.000022
-0.000034
-0.000012
-0.000001
-0.000021
-0.000005
0.000019
-0.000035
-0.000027
0.000032
0.000010
0.000035
0.000023
-0.000011
0.000006
0.000013
-0.000042
-0.000054
0.000067
0.000038
-0.000014
-0.000010
-0.000012
-0.000000
0.000029
0.000006
-0.000031
-0.000027
-0.000001
-0.000038
0.000002
0.000033
-0.000011
-0.000003
-0.000002
0.000046
0.000039
-0.000001
0.000003
-0.000072
-0.000036
0.000058
0.000040
0.000039
-0.000036
-0.000021
-0.000030
-0.000006
-0.000017
0.000027
-0.000006
-0.000020
-0.000036
0.000029
-0.000009
0.000004
-0.000091
0.000002
-0.000031
-0.000003
0.000013
0.000010
0.000033
-0.000033
-0.000002
0.000034
-0.000020
0.000018
0.000010
0.000005
-0.000013
0.000016
-0.000000
0.000013
0.000015
-0.000007
0.000018
0.000004
-0.000022
-0.000036
0.000047
0.000030
-0.000015
-0.000022
0.000012
0.000042
-0.000011
-0.000006
-0.000008
0.000021
0.000006
0.000046
-0.000020
-0.000011
-0.000029
0.000039
0.000055
0.000012
0.000003
-0.000021
0.000025
0.000012
0.000033
0.000008
-0.000021
0.000016
0.000046
0.000027
-0.000011
-0.000019
-0.000025
0.000004
-0.000009
-0.000036
0.000018
-0.000006
-0.000018
0.000008
0.000070
0.000005
-0.000033
0.000025
0.000012
-0.000020
-0.000025
0.000027
-0.000003
-0.000031
0.000012
-0.000047
0.000040
0.000025
0.000054
-0.000002
-0.000013
-0.000022
0.000015
0.000016
0.000005
-0.000024
-0.000001
-0.000017
-0.000002
-0.000015
0.000001
-0.000066
0.000001
-0.000044
-0.000014
0.000017
0.000050
-0.000020
0.000009
0.000049
-0.000026
-0.000031
0.000023
0.000001
0.000024
-0.000030
-0.000001
-0.000022
-0.000006
0.000050
0.000022
0.000005
-0.000004
-0.000011
-0.000025
-0.000013
-0.000003
0.000020
0.000011
-0.000001
0.000035
-0.000006
0.000011
-0.000037
-0.000019
-0.000026
0.000013
0.000028
-0.000024
-0.000004
-0.000035
0.000003
-0.000011
-0.000038
-0.000032
0.000017
-0.000002
0.000024
0.000022
-0.000005
0.000024
0.000039
-0.000023
-0.000043
0.000003
-0.000038
0.000004
0.000005
-0.000018
0.000003
-0.000013
-0.000001
-0.000045
0.000008
0.000047
0.000021
0.000034
-0.000026
0.000007
-0.000053
0.000013
0.000009
0.000015
-0.000061
-0.000035
-0.000004
-0.000015
0.000010
0.000031
0.000022
0.000011
-0.000012
-0.000031
0.000009
0.000037
0.000020
0.000013
0.000060
0.000008
-0.000026
-0.000007
-0.000011
0.000010
-0.000035
-0.000015
0.000012
-0.000028
0.000008
-0.000042
-0.000003
-0.000061
0.000014
-0.000026
-0.000027
-0.000005
0.000034
0.000047
0.000031
0.000007
-0.000024
0.000040
0.000002
0.000001
-0.000034
-0.000032
0.000036
-0.000025
0.000014
-0.000033
-0.000015
-0.000013
0.000010
0.000031
-0.000012
-0.000012
0.000007
0.000002
0.000028
0.000040
-0.000028
-0.000048
-0.000015
0.000036
0.000018
0.000049
0.000030
-0.000080
-0.000040
-0.000009
0.000011
-0.000022
-0.000013
-0.000011
-0.000003
0.000017
0.000062
-0.000003
0.000029
-0.000003
0.000006
0.000032
0.000011
0.000012
-0.000052
0.000011
-0.000003
-0.000040
-0.000029
-0.000001
0.000028
0.000002
-0.000013
0.000045
-0.000007
0.000064
-0.000032
-0.000025
0.000008
0.000014
0.000060
0.000017
0.000010
0.000034
0.000018
-0.000026
-0.000047
0.000032
0.000014
-0.000004
-0.000006
0.000009
-0.000071
0.000019
0.000003
0.000056
0.000058
-0.000043
0.000028
-0.000006
-0.000067
0.000009
-0.000030
0.000031
0.000082
-0.000007
0.000010
0.000064
-0.000012
0.000019
-0.000039
-0.000013
0.000034
-0.000028
0.000016
-0.000033
-0.000016
-0.000072
-0.000024
-0.000026
-0.000027
-0.000027
-0.000006
0.000048
0.000032
0.000063
0.000021
0.000021
-0.000012
0.000038
-0.000022
0.000016
0.000015
-0.000052
-0.000000
0.000016
0.000044
-0.000066
-0.000045
0.000028
0.000020
-0.000031
-0.000008
0.000034
0.000022
-0.000030
-0.000004
0.000061
0.000016
-0.000007
-0.000033
0.000052
-0.000024
-0.000062
-0.000044
-0.000023
-0.000019
0.000014
-0.000017
0.000001
-0.000001
0.000004
0.000013
-0.000009
-0.000028
0.000003
-0.000021
-0.000001
-0.000012
0.000024
0.000033
-0.000003
-0.000037
-0.000035
0.000071
0.000024
0.000015
0.000002
-0.000061
-0.000012
0.000013
0.000025
-0.000010
0.000031
0.000031
-0.000033
-0.000057
-0.000004
0.000004
-0.000003
-0.000083
0.000016
0.000036
0.000043
-0.000022
-0.000044
-0.000012
-0.000031
-0.000003
0.000026
-0.000014
0.000003
0.000049
-0.000021
-0.000018
0.000051
-0.000004
-0.000028
0.000004
-0.000023
-0.000008
-0.000043
-0.000005
-0.000004
0.000028
-0.000005
0.000038
0.000041
0.000006
0.000032
0.000009
0.000024
-0.000027
-0.000021
0.000049
0.000028
-0.000037
-0.000021
0.000038
-0.000031
-0.000016
-0.000016
-0.000037
-0.000016
-0.000021
0.000016
0.000004
-0.000011
0.000003
0.000004
-0.000004
-0.000008
0.000026
0.000023
0.000026
-0.000026
0.000025
-0.000006
-0.000008
0.000012
0.000003
0.000001
-0.000017
0.000003
0.000015
-0.000008
0.000028
0.000014
0.000015
0.000020
-0.000018
-0.000032
0.000022
0.000002
0.000045
0.000050
-0.000017
0.000050
0.000045
0.000040
-0.000005
-0.000033
0.000003
-0.000010
-0.000016
-0.000005
0.000026
-0.000020
-0.000011
0.000033
-0.000004
-0.000004
0.000017
-0.000022
-0.000036
0.000049
-0.000027
0.000001
0.000005
-0.000017
-0.000022
-0.000039
0.000018
0.000032
-0.000026
0.000046
-0.000004
-0.000002
0.000037
-0.000004
0.000014
-0.000011
-0.000063
-0.000017
-0.000009
-0.000024
0.000020
-0.000006
-0.000009
0.000027
-0.000030
-0.000031
-0.000002
0.000038
0.000006
0.000035
0.000053
0.000023
0.000011
-0.000008
-0.000016
-0.000015
-0.000022
-0.000013
0.000004
-0.000000
-0.000019
-0.000020
0.000026
-0.000007
0.000029
-0.000000
-0.000027
-0.000005
-0.000017
0.000021
0.000004
0.000030
0.000034
-0.000027
-0.000009
-0.000003
-0.000037
0.000010
0.000006
-0.000057
-0.000015
0.000014
-0.000003
-0.000039
-0.000002
-0.000023
0.000041
0.000031
0.000016
0.000034
-0.000005
0.000013
0.000035
0.000030
-0.000011
-0.000014
-0.000006
-0.000011
0.000031
-0.000044
0.000014
0.000006
-0.000042
-0.000004
-0.000009
0.000043
-0.000002
0.000012
0.000006
-0.000045
-0.000044
0.000001
-0.000043
0.000012
-0.000004
-0.000047
-0.000024
-0.000008
-0.000055
0.000016
-0.000004
0.000016
-0.000027
-0.000009
0.000042
-0.000048
-0.000046
0.000038
0.000007
-0.000011
-0.000035
-0.000006
-0.000015
-0.000040
0.000027
0.000010
-0.000005
-0.000007
0.000026
-0.000031
-0.000045
0.000004
0.000008
-0.000019
-0.000041
-0.000016
0.000020
-0.000015
0.000023
-0.000019
-0.000020
0.000014
-0.000070
-0.000027
-0.000007
0.000013
-0.000017
0.000035
0.000056
0.000047
0.000022
-0.000004
0.000022
0.000011
0.000006
0.000039
-0.000038
0.000004
-0.000042
-0.000030
0.000043
-0.000001
-0.000017
0.000062
0.000040
-0.000010
0.000011
0.000002
0.000014
0.000016
0.000031
-0.000012
0.000015
0.000022
-0.000011
-0.000007
0.000017
-0.000017
0.000002
0.000012
0.000026
0.000016
-0.000023
0.000024
-0.000034
0.000018
0.000034
0.000006
0.000019
-0.000044
-0.000031
0.000007
-0.000008
0.000012
-0.000075
0.000035
0.000003
-0.000005
-0.000026
-0.000035
0.000037
0.000031
-0.000020
0.000009
0.000042
-0.000022
0.000022
-0.000012
0.000017
0.000018
0.000068
-0.000015
0.000057
-0.000015
-0.000049
0.000019
0.000023
-0.000030
0.000028
0.000033
-0.000025
-0.000043
-0.000030
0.000051
0.000033
0.000026
-0.000033
-0.000005
0.000024
-0.000010
-0.000022
-0.000011
-0.000002
-0.000036
0.000045
0.000022
0.000043
-0.000025
0.000010
0.000045
-0.000022
-0.000040
-0.000072
-0.000014
-0.000007
-0.000023
0.000000
-0.000006
0.000016
-0.000002
0.000073
-0.000003
0.000018
-0.000005
-0.000044
0.000006
-0.000009
0.000029
-0.000015
0.000019
-0.000045
-0.000091
-0.000023
0.000004
0.000020
-0.000015
-0.000049
-0.000007
-0.000040
0.000013
-0.000022
-0.000012
0.000004
-0.000044
-0.000044
-0.000018
-0.000014
0.000026
-0.000024
0.000023
0.000012
-0.000018
-0.000000
0.000078
-0.000011
-0.000066
0.000003
0.000021
-0.000027
0.000031
0.000031
0.000025
0.000024
0.000017
-0.000036
0.000016
0.000028
-0.000035
-0.000005
-0.000016
-0.000029
0.000002
0.000006
0.000018
0.000002
-0.000001
-0.000016
-0.000029
0.000031
-0.000042
0.000030
0.000031
0.000022
0.000006
-0.000004
-0.000013
-0.000024
-0.000002
0.000026
-0.000030
0.000023
0.000010
0.000052
0.000013
-0.000006
0.000012
0.000017
0.000007
-0.000013
-0.000017
0.000016
0.000008
-0.000024
-0.000000
-0.000048
-0.000014
-0.000004
-0.000113
-0.000035
-0.000014
0.000023
-0.000052
-0.000025
0.000035
0.000020
-0.000015
0.000012
0.000083
-0.000019
0.000012
-0.000067
-0.000083
-0.000025
-0.000001
0.000058
0.000014
0.000001
0.000016
-0.000003
-0.000006
-0.000024
-0.000013
0.000010
0.000026
0.000024
0.000041
-0.000002
0.000002
0.000001
0.000008
-0.000023
0.000078
-0.000013
0.000006
-0.000008
-0.000024
-0.000024
-0.000017
-0.000006
-0.000019
-0.000056
-0.000029
0.000032
0.000020
-0.000000
0.000004
-0.000032
-0.000041
-0.000021
0.000043
-0.000032
0.000039
0.000022
-0.000030
-0.000012
-0.000044
-0.000004
0.000019
-0.000029
-0.000004
0.000029
0.000011
0.000035
0.000009
0.000066
-0.000028
0.000055
0.000023
-0.000025
0.000030
-0.000013
0.000002
-0.000037
0.000050
0.000043
-0.000025
0.000013
-0.000035
-0.000017
-0.000057
0.000009
-0.000016
0.000028
0.000039
0.000018
0.000058
0.000060
-0.000011
-0.000015
0.000008
0.000022
0.000015
-0.000012
-0.000004
-0.000006
0.000008
-0.000015
0.000006
-0.000006
-0.000003
0.000021
-0.000011
0.000044
-0.000049
-0.000016
-0.000040
-0.000049
0.000012
-0.000013
0.000016
0.000023
0.000069
0.000005
0.000031
0.000015
0.000043
0.000039
-0.000012
0.000007
-0.000026
-0.000066
-0.000010
-0.000025
0.000025
-0.000028
-0.000002
-0.000038
-0.000006
-0.000023
-0.000052
0.000008
0.000042
0.000040
0.000019
0.000004
-0.000055
0.000038
-0.000074
-0.000042
0.000019
0.000014
0.000006
-0.000028
0.000006
0.000063
0.000031
0.000014
0.000004
0.000024
-0.000010
0.000039
-0.000032
0.000015
0.000012
0.000029
-0.000023
-0.000010
-0.000004
0.000016
0.000018
-0.000029
0.000001
-0.000047
-0.000018
0.000062
0.000002
-0.000000
0.000047
-0.000032
0.000014
-0.000026
-0.000006
0.000032
0.000044
-0.000074
0.000025
-0.000049
-0.000051
0.000017
0.000015
-0.000013
0.000030
-0.000016
0.000019
0.000061
-0.000005
0.000027
-0.000001
0.000031
-0.000006
0.000080
0.000029
-0.000036
0.000011
0.000002
0.000019
0.000006
-0.000081
0.000010
0.000040
0.000019
0.000059
0.000034
0.000032
0.000014
-0.000020
0.000023
0.000008
0.000021
0.000027
0.000049
0.000032
-0.000034
0.000009
0.000056
-0.000023
-0.000046
-0.000018
-0.000020
0.000029
-0.000001
0.000047
0.000043
0.000056
0.000034
-0.000008
0.000006
0.000007
-0.000013
0.000011
0.000056
0.000041
-0.000076
-0.000017
-0.000028
0.000006
-0.000039
0.000015
0.000016
0.000038
0.000004
-0.000010
-0.000013
-0.000015
0.000005
0.000043
0.000027
0.000004
-0.000045
-0.000015
0.000043
0.000043
0.000014
-0.000028
-0.000043
-0.000016
0.000002
0.000009
0.000006
-0.000029
0.000009
-0.000033
-0.000003
0.000025
0.000042
-0.000000
-0.000022
-0.000008
0.000024
0.000026
-0.000016
0.000016
0.000033
0.000014
0.000007
-0.000011
0.000042
-0.000019
-0.000021
0.000013
0.000006
-0.000050
-0.000020
-0.000036
-0.000013
-0.000024
-0.000035
-0.000047
-0.000031
0.000046
-0.000017
-0.000009
0.000001
0.000044
-0.000034
-0.000040
0.000031
-0.000012
-0.000035
0.000016
0.000041
-0.000015
0.000038
0.000080
0.000026
0.000022
-0.000029
0.000002
-0.000006
0.000035
-0.000049
-0.000009
-0.000008
0.000019
-0.000007
-0.000013
-0.000039
0.000021
-0.000017
0.000013
0.000007
0.000015
0.000045
-0.000012
0.000009
0.000043
0.000050
-0.000006
0.000036
-0.000023
-0.000002
0.000035
-0.000033
0.000007
-0.000014
-0.000042
0.000053
0.000009
0.000008
-0.000015
0.000009
0.000001
0.000009
0.000011
-0.000027
-0.000017
-0.000007
0.000039
-0.000003
0.000026
-0.000011
0.000052
0.000036
-0.000025
-0.000004
0.000001
-0.000028
0.000007
-0.000040
0.000042
0.000039
0.000063
-0.000017
-0.000011
-0.000083
0.000014
0.000063
-0.000039
0.000004
-0.000004
0.000002
0.000020
-0.000080
0.000002
-0.000022
0.000003
-0.000005
-0.000023
0.000009
-0.000026
-0.000035
-0.000016
-0.000007
0.000026
-0.000011
0.000012
-0.000043
-0.000120
0.000003
0.000026
-0.000034
0.000013
0.000030
-0.000035
-0.000005
0.000019
0.000005
0.000001
0.000006
-0.000007
-0.000029
0.000002
-0.000003
0.000037
0.000035
0.000009
-0.000015
-0.000016
-0.000006
0.000018
-0.000064
0.000012
0.000014
-0.000000
0.000023
-0.000008
-0.000008
-0.000003
0.000005
-0.000061
0.000005
-0.000018
-0.000011
0.000011
0.000018
0.000017
-0.000023
-0.000021
-0.000012
-0.000031
0.000033
0.000029
-0.000045
-0.000009
0.000030
0.000007
-0.000050
0.000029
-0.000028
-0.000046
0.000047
0.000018
0.000010
-0.000041
0.000013
0.000002
-0.000010
0.000005
-0.000017
0.000026
0.000030
0.000003
0.000014
-0.000000
-0.000026
0.000044
-0.000011
0.000009
0.000023
0.000023
0.000016
0.000013
-0.000011
-0.000016
-0.000024
-0.000020
-0.000042
0.000036
-0.000000
-0.000021
-0.000015
0.000022
0.000004
-0.000045
-0.000042
0.000066
0.000044
0.000005
0.000007
-0.000018
-0.000007
0.000047
0.000041
-0.000004
-0.000014
0.000025
-0.000014
0.000003
0.000003
-0.000087
0.000033
-0.000025
0.000012
-0.000005
0.000016
0.000009
-0.000016
0.000022
-0.000044
0.000032
0.000062
0.000023
0.000014
-0.000008
-0.000031
-0.000016
-0.000021
0.000039
0.000003
0.000033
-0.000008
0.000061
-0.000003
-0.000019
0.000016
0.000017
0.000008
0.000007
0.000049
-0.000035
0.000056
0.000007
0.000054
-0.000005
0.000020
0.000020
-0.000011
0.000019
-0.000005
0.000001
-0.000029
-0.000000
-0.000006
0.000064
-0.000012
0.000020
0.000058
0.000017
0.000041
0.000033
-0.000013
0.000001
-0.000031
-0.000031
-0.000029
-0.000065
-0.000006
-0.000024
-0.000035
-0.000007
0.000015
0.000028
0.000026
-0.000032
-0.000006
0.000012
0.000013
-0.000016
-0.000014
0.000010
-0.000003
-0.000033
0.000005
0.000008
-0.000030
0.000010
-0.000006
-0.000002
0.000025
0.000032
0.000012
0.000003
-0.000010
-0.000023
0.000021
0.000014
0.000046
-0.000059
0.000028
0.000035
-0.000044
-0.000008
-0.000011
-0.000003
-0.000035
-0.000004
-0.000014
0.000073
0.000029
-0.000044
0.000013
-0.000015
-0.000029
0.000007
-0.000019
-0.000042
0.000038
0.000066
-0.000002
0.000007
0.000045
-0.000025
0.000014
-0.000001
0.000010
-0.000004
0.000004
-0.000042
-0.000035
-0.000004
-0.000019
0.000037
-0.000028
-0.000015
0.000016
0.000006
-0.000024
-0.000013
0.000030
0.000026
0.000060
-0.000028
0.000032
-0.000009
-0.000007
0.000029
0.000012
-0.000051
-0.000015
0.000016
-0.000037
-0.000056
0.000010
-0.000016
0.000005
-0.000047
-0.000044
0.000034
-0.000063
-0.000037
-0.000032
-0.000016
0.000023
-0.000006
0.000019
-0.000023
-0.000012
-0.000015
0.000030
0.000045
-0.000047
-0.000067
-0.000021
0.000027
-0.000004
0.000018
0.000025
0.000009
0.000029
0.000030
-0.000006
-0.000006
-0.000009
0.000023
0.000033
-0.000073
0.000008
0.000017
-0.000010
-0.000057
0.000045
0.000046
0.000008
-0.000043
-0.000002
0.000012
0.000011
0.000011
-0.000023
-0.000017
0.000052
-0.000026
-0.000013
0.000075
-0.000037
-0.000006
-0.000029
-0.000002
0.000023
0.000021
-0.000019
-0.000043
-0.000049
-0.000001
-0.000011
-0.000068
-0.000015
-0.000023
0.000035
-0.000011
0.000005
-0.000020
0.000021
-0.000010
-0.000043
0.000017
0.000001
-0.000009
0.000013
-0.000033
0.000034
0.000031
-0.000004
-0.000051
-0.000019
0.000011
0.000002
-0.000023
-0.000003
-0.000004
-0.000000
-0.000005
0.000027
0.000022
-0.000076
0.000011
0.000005
0.000022
-0.000019
0.000005
-0.000005
0.000026
-0.000002
-0.000034
0.000029
-0.000070
-0.000029
0.000009
0.000018
-0.000011
-0.000009
-0.000006
0.000026
-0.000006
-0.000010
0.000004
-0.000017
-0.000061
0.000027
0.000023
-0.000025
-0.000011
-0.000029
-0.000006
0.000019
-0.000017
-0.000014
0.000034
-0.000034
0.000019
-0.000013
0.000016
0.000050
-0.000022
0.000016
0.000050
-0.000044
0.000038
0.000019
-0.000034
-0.000021
0.000004
0.000004
0.000022
0.000066
-0.000016
-0.000019
-0.000014
-0.000012
-0.000026
0.000007
0.000040
0.000005
0.000005
-0.000031
-0.000000
-0.000009
0.000012
0.000014
0.000008
0.000010
-0.000032
-0.000056
-0.000040
0.000023
0.000064
-0.000043
0.000001
-0.000002
-0.000006
-0.000022
-0.000076
0.000077
-0.000029
-0.000016
-0.000015
-0.000031
0.000045
0.000003
0.000048
-0.000002
0.000007
-0.000006
0.000040
0.000032
0.000054
-0.000023
-0.000032
0.000053
-0.000006
-0.000037
-0.000001
-0.000053
-0.000006
0.000027
0.000001
0.000020
-0.000086
0.000035
0.000044
0.000048
-0.000019
0.000010
-0.000018
-0.000043
-0.000020
0.000016
-0.000018
0.000029
0.000007
-0.000047
-0.000011
-0.000023
0.000026
0.000011
0.000003
-0.000008
-0.000014
-0.000010
0.000035
0.000006
-0.000010
0.000010
-0.000022
0.000014
0.000002
0.000048
0.000015
0.000007
0.000008
-0.000006
0.000042
-0.000044
-0.000032
0.000013
-0.000011
-0.000045
-0.000008
-0.000034
-0.000013
-0.000051
0.000026
-0.000021
-0.000023
-0.000012
-0.000053
-0.000005
-0.000045
-0.000021
0.000021
0.000003
0.000010
0.000010
-0.000013
-0.000089
-0.000020
0.000018
0.000071
0.000007
0.000002
0.000039
-0.000019
0.000036
-0.000008
-0.000045
-0.000011
-0.000035
-0.000032
-0.000071
0.000007
0.000039
-0.000041
-0.000026
-0.000028
-0.000000
0.000025
-0.000068
0.000021
0.000041
0.000025
-0.000062
-0.000026
-0.000024
-0.000031
-0.000006
0.000051
0.000039
-0.000007
0.000003
0.000028
0.000012
-0.000032
0.000005
0.000036
-0.000052
-0.000001
0.000022
-0.000033
-0.000035
-0.000032
-0.000030
0.000029
-0.000017
-0.000055
-0.000013
0.000060
-0.000006
-0.000068
-0.000003
-0.000008
0.000042
0.000085
0.000024
-0.000028
0.000037
0.000075
-0.000024
0.000044
-0.000043
0.000005
0.000028
-0.000060
0.000008
0.000029
0.000029
0.000010
0.000053
0.000003
-0.000012
0.000008
-0.000013
0.000017
0.000032
0.000013
0.000007
-0.000003
-0.000009
-0.000001
-0.000005
0.000030
-0.000012
-0.000050
0.000012
-0.000046
-0.000004
-0.000056
-0.000046
-0.000008
0.000010
-0.000003
-0.000018
0.000056
-0.000038
-0.000046
-0.000004
-0.000021
0.000004
0.000040
-0.000013
-0.000018
-0.000008
0.000043
-0.000008
-0.000042
-0.000026
0.000045
-0.000026
0.000019
0.000028
0.000019
-0.000006
0.000008
0.000019
0.000037
-0.000014
-0.000001
-0.000018
-0.000004
-0.000019
0.000032
-0.000025
-0.000017
0.000010
0.000020
0.000021
0.000003
-0.000004
-0.000004
-0.000003
0.000001
0.000066
0.000034
-0.000006
-0.000023
0.000046
-0.000048
-0.000086
0.000026
0.000036
0.000005
-0.000029
0.000008
0.000027
-0.000005
0.000032
0.000007
0.000000
0.000038
0.000004
-0.000014
-0.000031
-0.000002
-0.000017
0.000038
0.000028
0.000052
0.000022
0.000023
0.000044
0.000001
0.000028
-0.000022
-0.000028
-0.000016
0.000038
0.000006
-0.000038
-0.000027
0.000017
0.000024
0.000022
0.000031
0.000003
-0.000004
-0.000003
-0.000011
0.000006
0.000023
-0.000002
-0.000040
0.000011
0.000053
0.000012
0.000012
-0.000021
-0.000004
-0.000016
-0.000027
0.000020
-0.000025
-0.000006
0.000007
0.000005
-0.000005
0.000048
-0.000010
-0.000007
-0.000044
0.000038
-0.000002
0.000046
0.000018
0.000007
-0.000012
0.000001
0.000014
0.000014
-0.000019
-0.000016
-0.000086
-0.000027
-0.000042
0.000038
0.000054
-0.000038
-0.000007
-0.000055
0.000038
-0.000002
0.000055
-0.000008
-0.000050
0.000062
0.000039
0.000021
-0.000020
-0.000015
-0.000053
-0.000009
0.000018
-0.000005
0.000002
0.000027
0.000021
-0.000002
-0.000021
-0.000022
-0.000005
0.000025
-0.000023
-0.000013
0.000024
-0.000024
0.000036
-0.000014
0.000008
-0.000063
0.000045
0.000036
0.000004
0.000012
0.000000
-0.000032
0.000000
0.000054
0.000004
0.000016
0.000004
0.000034
-0.000004
-0.000018
-0.000024
-0.000015
-0.000048
-0.000030
-0.000026
-0.000002
0.000004
0.000000
0.000013
0.000020
-0.000010
0.000005
0.000025
-0.000011
-0.000009
0.000034
0.000016
0.000023
-0.000082
-0.000023
-0.000012
-0.000023
-0.000031
0.000026
-0.000003
0.000002
-0.000009
0.000008
0.000004
-0.000007
0.000035
0.000030
0.000027
-0.000042
-0.000077
0.000007
-0.000015
0.000013
-0.000009
-0.000001
0.000016
-0.000026
-0.000025
-0.000000
0.000057
-0.000000
0.000005
0.000011
0.000021
-0.000004
-0.000015
0.000008
-0.000022
-0.000026
0.000041
0.000085
-0.000013
-0.000026
0.000001
0.000074
-0.000015
0.000022
0.000029
0.000042
0.000069
-0.000029
0.000060
0.000003
0.000011
0.000001
-0.000026
-0.000045
0.000037
0.000010
-0.000015
-0.000049
0.000013
-0.000011
-0.000018
-0.000024
-0.000007
0.000016
0.000019
0.000005
0.000001
-0.000063
-0.000012
-0.000018
0.000004
-0.000022
0.000012
0.000012
0.000026
0.000023
0.000030
0.000005
-0.000073
-0.000002
-0.000032
0.000076
0.000022
-0.000003
-0.000017
0.000002
0.000054
0.000021
-0.000013
-0.000057
0.000018
-0.000008
0.000025
-0.000016
-0.000054
0.000009
0.000002
-0.000060
0.000008
0.000018
-0.000038
0.000029
0.000020
0.000030
-0.000061
0.000018
0.000003
0.000012
-0.000019
0.000001
-0.000028
0.000008
-0.000011
-0.000015
-0.000008
0.000010
0.000030
-0.000030
-0.000009
0.000021
-0.000018
0.000012
-0.000012
-0.000037
0.000009
0.000029
-0.000002
-0.000026
-0.000069
0.000055
-0.000014
-0.000068
-0.000000
0.000043
0.000040
-0.000021
0.000021
0.000025
0.000066
-0.000019
-0.000032
0.000008
-0.000001
-0.000038
0.000030
-0.000038
-0.000017
-0.000009
-0.000044
-0.000022
-0.000009
-0.000001
0.000010
0.000017
0.000009
-0.000027
0.000033
0.000020
-0.000051
-0.000031
-0.000002
-0.000004
-0.000014
0.000008
0.000020
-0.000006
0.000005
0.000036
-0.000005
0.000009
-0.000023
-0.000020
0.000031
-0.000026
0.000009
0.000029
0.000016
0.000017
0.000046
0.000010
0.000008
-0.000008
-0.000059
-0.000019
-0.000003
-0.000015
0.000044
-0.000028
-0.000031
0.000019
-0.000024
-0.000008
0.000015
0.000012
0.000025
0.000037
-0.000041
-0.000016
0.000038
0.000049
-0.000012
0.000004
0.000006
0.000022
-0.000034
-0.000004
0.000020
-0.000004
-0.000020
-0.000003
0.000015
0.000002
-0.000008
-0.000024
0.000032
-0.000039
-0.000000
0.000023
-0.000000
0.000024
0.000020
0.000008
0.000007
0.000049
0.000004
-0.000015
0.000002
0.000000
0.000024
-0.000010
-0.000001
-0.000029
-0.000005
0.000005
0.000036
0.000041
-0.000026
-0.000031
0.000004
0.000049
-0.000024
0.000007
0.000036
0.000008
0.000006
-0.000036
0.000016
-0.000019
0.000034
-0.000007
0.000003
-0.000020
-0.000043
-0.000012
-0.000010
-0.000023
0.000013
0.000011
-0.000007
0.000008
0.000015
0.000033
0.000028
-0.000015
-0.000041
-0.000022
0.000012
-0.000018
-0.000019
0.000000
-0.000008
0.000004
-0.000025
0.000036
-0.000016
-0.000007
-0.000003
-0.000011
-0.000020
0.000008
-0.000005
-0.000013
-0.000009
-0.000022
0.000010
-0.000040
0.000018
0.000012
0.000008
0.000024
0.000011
0.000001
0.000003
-0.000020
-0.000059
-0.000012
-0.000046
-0.000002
0.000008
0.000032
-0.000011
-0.000018
0.000028
0.000015
-0.000011
-0.000002
-0.000016
0.000002
0.000006
0.000037
-0.000019
0.000030
0.000007
-0.000011
0.000011
-0.000010
0.000051
-0.000015
-0.000042
-0.000001
-0.000013
-0.000000
0.000035
0.000031
-0.000026
0.000001
-0.000049
0.000007
-0.000024
-0.000009
0.000009
0.000024
0.000002
0.000049
0.000053
0.000002
0.000073
0.000017
0.000011
0.000001
0.000005
0.000020
0.000015
0.000009
0.000008
0.000021
-0.000003
-0.000020
0.000018
0.000006
-0.000026
0.000031
-0.000019
-0.000004
0.000020
-0.000031
0.000010
0.000011
0.000025
0.000008
-0.000013
-0.000001
0.000032
0.000024
0.000012
-0.000007
-0.000038
-0.000062
-0.000048
-0.000039
0.000034
0.000014
-0.000001
0.000036
-0.000038
-0.000001
0.000019
-0.000043
0.000003
0.000011
0.000019
-0.000010
-0.000025
0.000017
0.000038
-0.000021
-0.000017
-0.000042
0.000032
0.000055
0.000011
0.000024
0.000008
0.000027
0.000058
0.000039
-0.000002
0.000033
0.000033
-0.000001
0.000024
0.000049
0.000010
-0.000014
-0.000036
-0.000055
-0.000058
0.000038
-0.000044
0.000020
0.000022
0.000023
-0.000017
0.000025
0.000005
-0.000022
0.000049
-0.000040
-0.000016
-0.000025
-0.000053
-0.000075
0.000002
0.000038
-0.000008
0.000029
-0.000079
-0.000013
-0.000014
-0.000034
-0.000020
0.000003
-0.000002
-0.000002
0.000006
0.000034
0.000037
-0.000019
0.000033
0.000040
-0.000044
-0.000106
0.000001
-0.000037
-0.000024
-0.000028
-0.000062
0.000006
0.000045
-0.000013
-0.000048
0.000003
-0.000019
0.000015
0.000017
0.000018
-0.000001
0.000034
-0.000021
0.000034
0.000055
-0.000012
-0.000024
-0.000002
0.000032
0.000051
0.000006
0.000024
0.000043
-0.000041
-0.000031
-0.000005
-0.000017
0.000002
-0.000039
0.000040
-0.000001
0.000040
0.000019
0.000004
0.000032
-0.000029
-0.000012
0.000000
-0.000002
-0.000017
0.000017
0.000033
0.000017
0.000012
-0.000042
0.000060
0.000013
0.000008
-0.000047
-0.000003
-0.000010
-0.000038
0.000013
-0.000019
0.000061
-0.000012
0.000016
0.000019
-0.000059
0.000029
-0.000036
0.000032
0.000008
-0.000029
0.000017
0.000025
0.000042
-0.000007
-0.000052
-0.000004
0.000046
-0.000034
-0.000077
0.000026
-0.000008
-0.000013
-0.000005
0.000006
-0.000000
0.000015
0.000054
0.000014
0.000048
0.000043
0.000036
-0.000006
0.000013
-0.000016
-0.000031
-0.000008
0.000041
0.000031
-0.000030
-0.000028
0.000055
-0.000032
0.000001
0.000023
-0.000020
-0.000031
0.000041
0.000005
-0.000036
0.000004
-0.000011
0.000009
0.000018
-0.000007
-0.000032
0.000042
0.000013
0.000025
-0.000040
-0.000056
-0.000013
-0.000017
-0.000010
0.000019
-0.000075
0.000018
-0.000001
-0.000009
0.000021
-0.000000
0.000009
-0.000029
0.000039
-0.000012
0.000030
0.000024
-0.000009
0.000011
-0.000002
0.000030
0.000025
-0.000005
-0.000011
0.000007
-0.000025
-0.000030
0.000045
-0.000053
-0.000002
0.000023
0.000031
-0.000016
-0.000017
0.000004
0.000029
-0.000047
-0.000004
-0.000014
-0.000018
-0.000010
-0.000022
0.000023
0.000062
-0.000017
0.000044
0.000004
-0.000004
0.000023
-0.000006
0.000052
-0.000032
-0.000010
0.000020
-0.000010
-0.000017
-0.000027
0.000007
-0.000040
0.000007
0.000010
-0.000008
0.000028
0.000019
-0.000035
-0.000002
0.000054
0.000012
-0.000014
-0.000022
-0.000010
-0.000022
-0.000003
-0.000021
-0.000008
-0.000020
0.000004
0.000006
0.000031
-0.000001
-0.000001
0.000021
-0.000022
0.000015
0.000020
0.000011
0.000046
0.000030
0.000031
0.000033
-0.000014
0.000016
-0.000035
-0.000021
-0.000010
-0.000011
-0.000037
0.000011
0.000011
-0.000030
0.000004
-0.000001
0.000008
0.000017
-0.000015
0.000023
0.000001
0.000040
-0.000009
-0.000022
-0.000027
-0.000041
0.000005
-0.000055
-0.000032
0.000015
0.000004
0.000029
0.000000
0.000001
-0.000004
0.000002
0.000033
0.000023
0.000010
0.000039
0.000037
-0.000006
0.000080
0.000002
0.000011
0.000038
-0.000011
-0.000016
-0.000000
0.000000
0.000010
0.000016
-0.000017
0.000032
-0.000016
-0.000008
-0.000036
0.000005
0.000002
-0.000055
0.000028
-0.000016
-0.000056
0.000004
0.000034
-0.000024
-0.000050
0.000066
0.000032
0.000015
0.000015
-0.000005
0.000026
-0.000014
-0.000074
-0.000000
0.000020
-0.000031
-0.000010
-0.000006
0.000059
-0.000001
-0.000043
0.000009
-0.000017
0.000020
0.000015
-0.000001
0.000075
0.000049
-0.000048
-0.000022
-0.000007
0.000024
-0.000003
0.000034
-0.000009
0.000014
-0.000037
0.000022
0.000004
-0.000015
-0.000032
-0.000014
-0.000024
-0.000029
0.000008
-0.000078
-0.000014
-0.000007
-0.000038
0.000051
-0.000030
0.000046
0.000004
0.000013
0.000017
-0.000056
0.000040
0.000033
-0.000039
0.000061
-0.000006
-0.000006
0.000020
-0.000003
-0.000011
0.000003
-0.000007
0.000007
0.000008
-0.000017
0.000024
0.000010
0.000019
0.000029
-0.000008
-0.000032
0.000016
-0.000058
-0.000046
-0.000000
-0.000032
0.000044
0.000051
-0.000032
0.000025
0.000051
-0.000039
-0.000037
-0.000020
-0.000004
0.000005
0.000034
0.000012
-0.000007
0.000011
-0.000011
0.000008
-0.000025
0.000024
0.000039
0.000001
0.000050
0.000016
-0.000017
0.000043
0.000016
-0.000040
0.000002
0.000040
-0.000011
-0.000029
-0.000004
0.000010
-0.000016
-0.000028
0.000016
-0.000040
0.000004
0.000068
-0.000035
-0.000008
-0.000026
-0.000034
0.000021
0.000014
0.000017
0.000028
-0.000021
0.000039
-0.000064
-0.000024
-0.000014
0.000023
0.000008
0.000001
-0.000001
0.000034
-0.000010
0.000025
0.000007
-0.000060
0.000022
0.000039
-0.000056
0.000058
0.000056
0.000003
0.000005
-0.000051
0.000046
0.000006
0.000034
-0.000006
0.000019
-0.000008
0.000008
-0.000025
-0.000067
-0.000005
-0.000028
-0.000044
0.000001
-0.000010
0.000019
-0.000030
-0.000019
0.000064
-0.000005
0.000033
0.000034
0.000027
0.000009
0.000027
-0.000009
-0.000012
-0.000039
-0.000001
-0.000032
0.000002
-0.000045
-0.000028
0.000007
0.000013
0.000000
0.000022
0.000042
-0.000038
-0.000022
0.000004
0.000026
0.000028
-0.000005
0.000031
-0.000033
0.000004
0.000050
-0.000042
0.000018
0.000052
-0.000016
-0.000011
-0.000003
-0.000007
-0.000010
-0.000024
-0.000015
-0.000012
0.000034
0.000048
-0.000066
-0.000077
-0.000022
0.000037
-0.000004
0.000001
0.000029
0.000000
-0.000045
-0.000054
0.000062
0.000010
0.000018
-0.000009
0.000024
0.000026
-0.000030
0.000003
0.000039
-0.000015
0.000032
0.000034
-0.000021
-0.000016
0.000025
-0.000033
-0.000019
0.000009
0.000042
-0.000056
-0.000025
0.000035
-0.000030
-0.000014
0.000012
0.000048
-0.000021
-0.000023
0.000020
-0.000054
0.000016
-0.000025
0.000009
0.000019
-0.000036
0.000024
-0.000024
0.000025
0.000017
-0.000016
0.000022
0.000038
-0.000011
0.000011
0.000018
-0.000026
0.000034
0.000054
0.000027
0.000051
-0.000005
-0.000016
0.000032
-0.000016
0.000006
-0.000026
0.000014
0.000036
0.000006
-0.000029
0.000002
0.000044
-0.000025
0.000025
-0.000013
0.000061
-0.000001
0.000038
-0.000011
0.000045
0.000030
-0.000021
0.000016
-0.000007
0.000008
0.000022
-0.000037
0.000053
0.000045
-0.000003
-0.000001
0.000023
-0.000008
-0.000018
0.000009
-0.000001
-0.000013
0.000018
0.000004
0.000004
-0.000032
-0.000018
-0.000003
-0.000020
0.000009
-0.000016
0.000004
0.000023
-0.000029
-0.000002
-0.000016
0.000011
-0.000005
0.000054
-0.000007
-0.000031
-0.000005
-0.000010
0.000014
0.000004
-0.000031
0.000019
0.000018
-0.000031
0.000016
0.000048
-0.000012
-0.000015
-0.000014
-0.000063
-0.000005
0.000007
-0.000025
-0.000037
-0.000005
-0.000062
-0.000032
0.000024
-0.000035
0.000026
0.000035
0.000026
-0.000005
-0.000005
-0.000013
-0.000008
-0.000023
0.000021
-0.000044
-0.000035
0.000035
-0.000034
-0.000031
-0.000038
0.000001
0.000031
0.000011
0.000055
0.000033
0.000027
0.000016
0.000009
-0.000000
-0.000001
-0.000039
-0.000038
-0.000002
-0.000006
-0.000043
0.000045
0.000006
-0.000043
-0.000017
-0.000030
0.000023
0.000058
-0.000008
-0.000038
-0.000015
-0.000071
-0.000010
0.000009
-0.000032
-0.000002
-0.000043
0.000049
-0.000003
-0.000048
0.000034
0.000054
0.000050
0.000034
-0.000029
-0.000014
-0.000012
0.000011
0.000028
0.000015
0.000001
0.000018
-0.000040
-0.000083
-0.000050
-0.000015
0.000015
-0.000004
0.000002
-0.000045
-0.000027
-0.000016
0.000002
0.000016
0.000005
-0.000027
-0.000011
0.000007
0.000030
0.000044
-0.000056
-0.000008
0.000009
-0.000026
0.000026
0.000090
-0.000012
-0.000070
0.000004
-0.000004
-0.000075
-0.000013
-0.000022
0.000033
0.000065
-0.000011
0.000048
-0.000021
-0.000021
0.000035
0.000010
0.000014
-0.000016
-0.000047
-0.000044
0.000025
0.000021
0.000014
-0.000003
0.000028
0.000023
-0.000046
0.000000
0.000030
-0.000031
-0.000021
-0.000019
-0.000036
0.000029
0.000040
-0.000023
-0.000021
0.000039
-0.000047
-0.000034
-0.000041
-0.000003
0.000000
-0.000006
0.000038
0.000006
-0.000003
0.000017
0.000042
-0.000032
0.000005
0.000032
0.000030
-0.000046
0.000031
0.000020
0.000035
0.000018
-0.000043
0.000010
0.000006
-0.000006
0.000028
0.000005
0.000035
-0.000007
0.000012
-0.000044
-0.000005
-0.000061
0.000014
0.000037
0.000013
0.000021
-0.000020
0.000028
0.000056
0.000030
-0.000025
-0.000082
0.000040
0.000031
-0.000021
0.000035
-0.000002
0.000017
0.000030
-0.000056
-0.000024
-0.000001
0.000008
-0.000020
-0.000038
0.000010
-0.000024
-0.000014
0.000031
0.000067
0.000021
-0.000016
0.000054
-0.000011
-0.000039
-0.000036
-0.000025
0.000016
-0.000017
0.000037
0.000040
0.000032
-0.000027
0.000059
0.000029
-0.000022
-0.000051
-0.000016
0.000035
0.000016
0.000015
0.000008
0.000025
0.000075
-0.000077
-0.000000
0.000039
0.000031
0.000029
0.000032
-0.000014
-0.000024
0.000008
0.000020
0.000032
0.000047
-0.000022
0.000007
0.000003
0.000036
-0.000010
-0.000046
0.000090
-0.000038
-0.000045
0.000008
-0.000020
0.000025
-0.000019
-0.000052
0.000042
0.000016
0.000015
0.000008
0.000006
-0.000004
-0.000019
0.000048
-0.000028
0.000003
0.000011
0.000058
0.000007
0.000000
-0.000016
-0.000063
-0.000032
0.000007
0.000014
-0.000027
0.000042
-0.000018
0.000034
0.000070
0.000021
-0.000026
0.000031
-0.000029
0.000020
-0.000025
-0.000027
0.000020
0.000005
-0.000016
-0.000037
-0.000040
-0.000011
0.000014
-0.000058
-0.000019
-0.000047
0.000063
-0.000008
-0.000045
0.000015
-0.000020
0.000015
0.000016
-0.000020
-0.000046
-0.000051
-0.000022
-0.000020
-0.000005
-0.000039
0.000019
-0.000063
-0.000043
-0.000014
-0.000009
0.000026
0.000065
-0.000007
-0.000009
-0.000049
-0.000029
0.000012
-0.000023
0.000005
0.000025
0.000016
-0.000047
0.000027
-0.000028
0.000031
0.000044
0.000047
0.000049
0.000019
0.000019
0.000025
-0.000007
0.000042
0.000015
0.000010
0.000009
0.000076
0.000028
-0.000017
0.000001
0.000041
-0.000028
-0.000005
-0.000004
0.000023
-0.000033
-0.000006
-0.000015
-0.000003
0.000065
-0.000030
0.000024
0.000017
0.000021
0.000004
-0.000019
-0.000009
0.000009
-0.000007
0.000049
0.000053
-0.000017
-0.000003
0.000027
0.000043
-0.000011
-0.000009
0.000026
0.000011
0.000000
-0.000026
-0.000014
-0.000048
0.000045
-0.000042
-0.000000
-0.000035
-0.000051
-0.000012
0.000092
-0.000041
-0.000036
0.000037
0.000009
-0.000002
0.000034
-0.000010
-0.000029
0.000020
0.000014
-0.000028
-0.000008
0.000001
-0.000015
0.000027
-0.000009
-0.000001
-0.000013
0.000023
0.000048
0.000005
0.000029
0.000009
-0.000062
0.000020
-0.000006
0.000003
0.000033
-0.000027
-0.000009
0.000036
0.000008
0.000002
-0.000025
-0.000007
-0.000045
0.000038
0.000007
-0.000023
0.000001
0.000025
-0.000000
-0.000000
-0.000030
0.000018
0.000001
-0.000009
-0.000032
-0.000026
-0.000011
-0.000021
0.000010
0.000017
0.000016
0.000005
-0.000029
-0.000013
-0.000006
-0.000006
0.000032
0.000008
-0.000073
-0.000077
-0.000021
-0.000005
0.000035
-0.000005
0.000022
0.000011
0.000014
-0.000024
-0.000013
0.000013
-0.000078
-0.000024
0.000035
-0.000012
-0.000042
0.000005
-0.000049
-0.000017
0.000020
0.000022
-0.000053
0.000010
0.000013
-0.000036
0.000019
-0.000009
-0.000019
0.000029
0.000011
0.000009
-0.000018
-0.000012
0.000011
0.000006
-0.000007
-0.000012
-0.000040
0.000017
0.000009
0.000014
0.000019
0.000009
0.000001
-0.000026
-0.000001
-0.000034
-0.000004
-0.000000
-0.000003
-0.000000
-0.000025
-0.000001
-0.000004
0.000012
-0.000024
-0.000042
0.000001
0.000014
-0.000013
0.000017
0.000014
0.000018
-0.000017
0.000020
0.000015
-0.000020
-0.000019
-0.000018
-0.000010
0.000026
0.000006
0.000025
-0.000025
-0.000052
0.000007
-0.000015
0.000016
0.000007
-0.000018
-0.000012
-0.000023
0.000012
-0.000026
-0.000019
0.000042
0.000024
0.000004
-0.000003
0.000010
-0.000049
0.000012
0.000038
0.000027
0.000036
0.000019
-0.000018
-0.000006
0.000042
0.000008
0.000013
-0.000001
-0.000052
0.000019
0.000022
-0.000053
-0.000036
0.000056
-0.000021
0.000014
0.000027
-0.000008
0.000007
0.000012
-0.000024
-0.000011
0.000016
0.000039
0.000008
-0.000056
-0.000028
0.000020
-0.000054
0.000023
-0.000011
0.000008
0.000018
-0.000019
0.000013
-0.000033
0.000043
0.000031
0.000018
-0.000033
0.000004
-0.000054
-0.000098
-0.000009
0.000057
0.000003
-0.000024
0.000011
0.000016
-0.000013
0.000027
-0.000021
-0.000012
0.000001
-0.000023
-0.000035
0.000019
-0.000043
-0.000012
-0.000022
-0.000022
0.000014
0.000015
0.000041
0.000014
-0.000007
-0.000008
-0.000012
0.000036
0.000009
0.000008
0.000001
-0.000039
0.000012
-0.000004
0.000024
0.000005
-0.000024
-0.000004
0.000003
-0.000029
-0.000022
0.000028
-0.000037
0.000013
0.000043
-0.000028
-0.000011
-0.000026
0.000022
-0.000030
-0.000056
0.000031
0.000002
0.000001
0.000012
0.000016
-0.000019
0.000013
0.000013
0.000050
0.000035
-0.000011
-0.000003
-0.000013
0.000010
0.000020
-0.000046
-0.000013
-0.000031
-0.000006
-0.000008
0.000028
0.000011
0.000004
-0.000015
0.000017
-0.000022
0.000044
-0.000014
-0.000038
0.000034
0.000012
0.000016
-0.000009
0.000010
0.000036
-0.000040
-0.000001
0.000003
0.000018
-0.000003
-0.000023
-0.000004
0.000032
0.000022
-0.000044
0.000010
0.000009
-0.000040
-0.000025
-0.000040
-0.000009
0.000006
0.000005
0.000033
0.000022
0.000007
-0.000000
0.000001
-0.000005
0.000027
0.000028
-0.000030
-0.000039
-0.000013
-0.000013
-0.000028
0.000039
0.000060
0.000017
-0.000012
0.000027
-0.000004
0.000022
0.000004
0.000048
0.000020
0.000001
0.000006
-0.000050
0.000014
0.000006
-0.000004
0.000056
0.000011
0.000026
0.000072
0.000023
-0.000006
-0.000007
-0.000009
-0.000033
0.000005
-0.000014
-0.000062
0.000032
0.000027
-0.000034
0.000033
-0.000018
0.000014
0.000016
-0.000019
-0.000037
0.000018
-0.000007
0.000018
-0.000024
0.000010
0.000006
-0.000009
0.000029
-0.000025
0.000012
0.000000
-0.000022
-0.000001
0.000003
0.000022
0.000018
0.000055
0.000001
0.000027
0.000017
0.000034
0.000012
-0.000034
-0.000008
0.000049
0.000043
0.000023
0.000053
0.000003
-0.000026
0.000029
-0.000001
0.000040
-0.000018
-0.000023
0.000019
-0.000024
-0.000009
0.000024
0.000065
-0.000014
-0.000019
-0.000039
-0.000046
0.000024
-0.000020
-0.000015
-0.000074
0.000034
0.000024
0.000062
0.000010
-0.000070
0.000011
-0.000011
-0.000017
-0.000009
0.000035
0.000044
-0.000008
-0.000048
0.000003
0.000036
0.000016
-0.000028
0.000015
0.000019
-0.000038
0.000016
0.000038
0.000024
0.000020
0.000004
0.000031
0.000024
-0.000004
-0.000036
0.000049
-0.000019
-0.000019
0.000053
0.000014
-0.000055
-0.000009
0.000022
0.000059
-0.000032
-0.000049
-0.000014
-0.000023
-0.000036
-0.000028
0.000008
-0.000001
0.000004
-0.000020
-0.000010
0.000008
0.000068
0.000038
-0.000007
-0.000005
-0.000030
-0.000015
0.000039
0.000011
0.000013
0.000015
0.000014
0.000005
-0.000001
-0.000020
-0.000006
0.000050
-0.000013
-0.000022
-0.000014
0.000031
0.000050
0.000009
-0.000052
-0.000028
-0.000022
0.000022
-0.000020
-0.000014
0.000001
0.000038
0.000000
-0.000003
0.000067
-0.000032
0.000011
-0.000022
0.000020
0.000001
0.000022
0.000023
-0.000008
-0.000030
0.000036
-0.000033
-0.000019
-0.000013
0.000031
-0.000022
0.000017
0.000038
-0.000018
-0.000023
-0.000024
0.000002
-0.000022
-0.000020
-0.000012
-0.000033
-0.000045
-0.000007
0.000029
-0.000030
0.000002
0.000002
0.000002
0.000045
0.000021
-0.000006
-0.000022
-0.000053
-0.000029
-0.000021
-0.000003
0.000055
-0.000015
0.000049
0.000038
-0.000045
-0.000058
0.000020
-0.000027
-0.000014
0.000041
-0.000020
-0.000020
-0.000002
-0.000031
0.000014
0.000019
-0.000019
-0.000033
-0.000009
0.000016
0.000032
0.000057
-0.000037
-0.000024
-0.000026
-0.000063
0.000009
0.000044
-0.000020
-0.000044
0.000016
0.000034
0.000010
-0.000024
-0.000051
0.000002
-0.000008
0.000027
0.000033
0.000004
0.000005
-0.000020
0.000005
-0.000009
0.000051
-0.000011
0.000030
0.000049
0.000029
-0.000015
-0.000009
-0.000003
0.000012
0.000019
-0.000016
0.000023
-0.000034
-0.000059
-0.000092
0.000040
0.000064
0.000006
-0.000026
-0.000007
0.000019
-0.000019
-0.000013
-0.000012
-0.000013
-0.000024
0.000014
0.000016
0.000036
-0.000036
-0.000049
0.000038
-0.000063
0.000017
-0.000005
0.000026
0.000001
-0.000003
0.000066
0.000008
0.000005
0.000067
0.000015
0.000032
-0.000007
-0.000038
-0.000023
0.000039
-0.000051
-0.000008
0.000023
-0.000026
0.000049
0.000047
-0.000024
-0.000017
-0.000006
0.000008
0.000035
0.000010
0.000042
-0.000059
-0.000020
0.000005
-0.000055
0.000004
0.000008
0.000041
-0.000041
0.000015
-0.000044
0.000022
-0.000000
-0.000027
0.000002
-0.000023
0.000011
0.000009
-0.000015
0.000026
0.000005
0.000029
0.000004
0.000008
0.000048
0.000015
-0.000000
-0.000023
0.000027
-0.000008
-0.000006
-0.000040
-0.000028
0.000043
0.000027
0.000020
-0.000031
-0.000006
-0.000026
0.000028
-0.000020
0.000009
0.000034
-0.000033
-0.000000
-0.000037
-0.000027
-0.000024
0.000018
-0.000052
-0.000002
-0.000006
-0.000003
0.000010
0.000001
-0.000017
-0.000019
0.000013
-0.000004
-0.000043
-0.000046
-0.000026
0.000050
-0.000012
0.000058
0.000007
0.000005
0.000010
-0.000013
-0.000017
0.000021
0.000010
-0.000044
-0.000008
-0.000022
-0.000001
-0.000033
0.000045
0.000012
-0.000032
-0.000005
0.000022
0.000011
-0.000017
-0.000022
0.000010
0.000003
-0.000008
-0.000004
0.000046
0.000026
0.000013
0.000018
0.000026
0.000035
0.000003
-0.000037
0.000029
0.000052
0.000011
0.000011
-0.000018
-0.000012
0.000006
-0.000054
0.000039
0.000040
-0.000022
0.000035
-0.000039
-0.000028
0.000018
-0.000040
0.000006
0.000009
-0.000026
0.000012
-0.000014
-0.000025
-0.000028
0.000050
-0.000014
0.000016
0.000024
0.000052
0.000050
0.000003
0.000037
-0.000019
0.000027
-0.000006
0.000052
0.000002
-0.000021
-0.000026
-0.000012
0.000008
-0.000009
0.000056
-0.000049
0.000033
-0.000031
-0.000019
0.000008
-0.000004
-0.000020
-0.000008
-0.000020
-0.000023
-0.000014
-0.000007
-0.000003
0.000025
0.000023
-0.000012
0.000009
0.000002
-0.000020
0.000046
0.000025
-0.000027
-0.000013
0.000027
0.000003
-0.000031
-0.000029
-0.000027
0.000015
-0.000003
0.000017
-0.000013
-0.000023
0.000008
-0.000023
-0.000008
-0.000002
0.000014
-0.000016
0.000025
0.000018
-0.000020
-0.000016
0.000010
-0.000043
0.000065
-0.000024
0.000015
0.000005
-0.000003
-0.000047
0.000032
-0.000052
-0.000013
-0.000056
0.000015
-0.000029
-0.000042
-0.000028
0.000011
0.000021
0.000029
0.000021
-0.000004
-0.000014
0.000042
-0.000030
0.000003
0.000011
0.000040
-0.000019
-0.000023
-0.000009
-0.000029
0.000035
-0.000013
-0.000023
-0.000052
-0.000018
-0.000002
-0.000007
0.000011
0.000035
-0.000045
-0.000023
0.000013
-0.000033
0.000006
0.000021
0.000006
0.000019
-0.000031
-0.000018
-0.000033
-0.000022
0.000025
0.000020
0.000037
-0.000060
0.000005
0.000010
-0.000001
-0.000016
0.000022
0.000001
-0.000061
0.000024
0.000025
0.000001
-0.000006
0.000028
0.000045
-0.000031
0.000040
0.000005
-0.000037
-0.000057
-0.000004
-0.000017
-0.000010
0.000026
-0.000019
-0.000056
0.000016
-0.000037
-0.000032
0.000020
0.000025
-0.000029
-0.000011
0.000013
-0.000052
-0.000010
0.000056
0.000027
-0.000028
-0.000027
-0.000012
-0.000008
-0.000001
0.000022
0.000016
-0.000040
0.000006
0.000019
0.000015
0.000020
-0.000002
-0.000044
-0.000024
0.000032
0.000009
0.000016
-0.000023
-0.000025
-0.000015
0.000001
0.000017
-0.000019
-0.000003
-0.000056
0.000006
0.000061
-0.000003
0.000006
0.000004
0.000001
0.000030
0.000006
-0.000028
-0.000015
0.000018
-0.000037
-0.000008
0.000041
-0.000029
0.000019
-0.000017
0.000035
-0.000007
-0.000017
0.000037
-0.000017
0.000029
0.000022
0.000012
0.000041
0.000067
-0.000038
0.000011
-0.000027
0.000081
0.000049
-0.000038
0.000040
-0.000023
0.000041
0.000010
-0.000004
0.000020
0.000030
-0.000020
-0.000020
-0.000041
-0.000008
0.000020
-0.000029
0.000013
-0.000000
0.000026
-0.000005
0.000006
-0.000011
0.000005
-0.000041
0.000040
-0.000005
0.000059
0.000046
-0.000009
0.000069
0.000013
0.000038
0.000014
0.000007
-0.000024
-0.000014
-0.000034
-0.000049
0.000001
0.000009
0.000012
0.000026
0.000020
0.000056
0.000002
0.000001
-0.000043
0.000017
0.000062
0.000031
0.000049
0.000043
-0.000055
0.000019
-0.000024
0.000009
-0.000003
-0.000004
0.000015
-0.000017
0.000072
-0.000037
0.000000
-0.000008
-0.000015
-0.000007
0.000027
-0.000000
0.000053
-0.000026
-0.000024
0.000029
0.000024
0.000002
0.000046
0.000003
0.000027
0.000022
-0.000026
0.000021
-0.000010
0.000066
-0.000000
-0.000018
0.000028
0.000059
-0.000001
0.000021
-0.000012
0.000014
0.000029
-0.000000
0.000010
0.000010
0.000038
-0.000009
0.000015
-0.000033
-0.000024
-0.000022
-0.000013
-0.000020
-0.000054
-0.000036
-0.000005
-0.000003
0.000006
-0.000008
-0.000028
0.000041
0.000027
0.000003
-0.000003
0.000014
-0.000002
-0.000023
0.000046
-0.000019
-0.000013
0.000010
-0.000003
-0.000017
-0.000028
0.000026
0.000007
0.000034
0.000038
-0.000016
0.000032
-0.000030
-0.000014
0.000010
0.000006
0.000033
0.000008
-0.000075
-0.000037
0.000051
-0.000011
-0.000028
0.000019
-0.000043
-0.000010
-0.000017
-0.000029
0.000013
-0.000001
0.000000
-0.000039
0.000032
-0.000042
0.000009
-0.000016
-0.000007
-0.000005
0.000009
0.000026
0.000058
0.000016
-0.000012
-0.000017
0.000008
0.000040
0.000041
0.000005
0.000002
-0.000042
-0.000014
0.000035
0.000028
-0.000023
-0.000029
0.000026
0.000046
-0.000010
0.000018
-0.000000
0.000006
0.000020
-0.000007
-0.000067
-0.000035
0.000004
-0.000050
-0.000040
0.000004
-0.000018
0.000036
-0.000021
-0.000003
-0.000012
0.000042
0.000003
-0.000068
-0.000056
-0.000045
0.000004
-0.000008
0.000005
0.000037
-0.000045
-0.000045
0.000032
0.000021
0.000018
-0.000008
0.000034
0.000012
0.000011
-0.000062
0.000013
-0.000001
-0.000013
-0.000010
-0.000013
-0.000020
0.000008
0.000006
0.000014
0.000017
-0.000007
-0.000050
-0.000019
0.000017
0.000058
0.000031
0.000049
-0.000013
0.000028
-0.000013
-0.000024
-0.000034
-0.000019
0.000013
-0.000000
0.000016
-0.000002
-0.000007
0.000013
-0.000004
-0.000018
-0.000042
0.000029
0.000024
-0.000033
0.000010
-0.000025
0.000049
0.000010
0.000012
0.000032
-0.000018
-0.000040
-0.000010
-0.000025
-0.000044
-0.000020
0.000001
-0.000004
-0.000033
0.000019
-0.000021
-0.000088
-0.000025
0.000040
0.000003
0.000027
0.000006
0.000015
-0.000003
-0.000038
0.000026
-0.000002
0.000011
0.000019
-0.000028
-0.000030
0.000001
-0.000019
-0.000023
0.000022
-0.000012
-0.000009
-0.000036
0.000005
0.000018
-0.000054
0.000035
0.000004
-0.000031
0.000051
0.000009
-0.000010
-0.000033
-0.000038
-0.000039
-0.000023
-0.000023
-0.000011
0.000033
0.000002
0.000041
0.000017
0.000027
-0.000010
0.000033
-0.000007
0.000033
-0.000004
0.000022
0.000055
0.000030
0.000001
-0.000022
-0.000041
-0.000032
0.000011
0.000048
0.000027
0.000037
0.000003
-0.000058
-0.000010
-0.000022
0.000004
0.000009
0.000024
-0.000013
-0.000053
0.000064
0.000031
-0.000001
0.000022
-0.000054
0.000022
0.000008
-0.000083
0.000008
-0.000002
0.000014
-0.000024
0.000021
0.000028
-0.000008
-0.000039
-0.000052
0.000053
0.000034
0.000003
0.000003
0.000074
0.000015
-0.000029
-0.000014
-0.000013
-0.000023
0.000004
-0.000054
0.000024
-0.000039
0.000009
-0.000004
-0.000035
-0.000018
-0.000021
-0.000050
-0.000045
-0.000004
0.000017
0.000001
-0.000015
-0.000021
0.000031
0.000011
-0.000005
-0.000029
0.000025
-0.000015
-0.000011
0.000002
-0.000029
-0.000034
0.000024
0.000047
-0.000013
-0.000013
0.000018
-0.000042
-0.000005
-0.000011
-0.000023
0.000034
-0.000048
0.000013
-0.000017
0.000033
0.000027
0.000007
0.000040
0.000013
0.000018
-0.000036
-0.000038
-0.000004
0.000009
0.000029
0.000000
-0.000031
0.000056
0.000051
-0.000073
0.000019
-0.000021
0.000002
-0.000002
-0.000024
0.000002
0.000046
0.000012
-0.000011
0.000009
0.000032
0.000026
0.000007
0.000018
-0.000037
0.000044
-0.000016
-0.000004
0.000014
0.000005
-0.000002
-0.000021
0.000041
0.000006
-0.000063
-0.000025
-0.000009
-0.000020
-0.000049
-0.000028
-0.000040
-0.000056
-0.000060
0.000027
0.000018
-0.000040
0.000036
0.000046
-0.000035
-0.000010
-0.000008
0.000020
0.000008
-0.000022
0.000032
-0.000013
0.000002
-0.000018
-0.000009
-0.000005
-0.000048
-0.000026
0.000048
-0.000049
0.000006
0.000095
0.000003
-0.000002
0.000042
-0.000039
0.000027
-0.000025
-0.000012
0.000025
0.000008
-0.000008
0.000009
0.000023
-0.000029
-0.000017
-0.000019
0.000038
0.000034
-0.000020
0.000023
-0.000028
0.000040
-0.000026
-0.000041
-0.000074
-0.000002
-0.000012
-0.000031
0.000022
0.000065
0.000016
-0.000008
-0.000029
-0.000036
-0.000034
-0.000054
-0.000025
0.000049
0.000015
-0.000031
0.000005
0.000022
-0.000042
-0.000011
-0.000021
0.000002
0.000021
0.000031
0.000020
0.000047
0.000018
-0.000071
0.000024
-0.000043
-0.000033
-0.000005
0.000050
-0.000062
0.000022
-0.000006
0.000039
-0.000011
0.000033
-0.000005
-0.000020
-0.000008
-0.000027
0.000026
-0.000016
-0.000018
0.000006
-0.000002
-0.000012
0.000032
-0.000004
-0.000014
0.000021
-0.000024
-0.000016
-0.000018
0.000055
-0.000001
0.000012
0.000012
-0.000020
-0.000031
0.000026
-0.000024
0.000050
-0.000015
0.000006
0.000016
-0.000007
0.000009
-0.000005
0.000001
-0.000051
0.000024
0.000012
0.000009
-0.000018
0.000053
0.000022
-0.000028
0.000021
-0.000005
0.000002
-0.000029
0.000012
0.000009
0.000014
0.000055
0.000018
0.000016
0.000030
-0.000071
0.000059
0.000003
-0.000044
-0.000021
-0.000004
-0.000022
-0.000001
0.000024
0.000021
0.000005
0.000024
0.000013
0.000025
-0.000030
0.000026
0.000042
0.000024
-0.000005
-0.000046
-0.000010
-0.000003
0.000022
0.000040
-0.000054
-0.000020
0.000011
-0.000050
-0.000052
0.000012
0.000012
0.000007
-0.000006
-0.000010
-0.000038
0.000008
-0.000050
-0.000067
0.000054
0.000003
0.000043
-0.000010
0.000002
0.000049
0.000017
-0.000028
0.000008
-0.000033
0.000015
0.000003
-0.000066
-0.000005
-0.000061
-0.000028
-0.000085
0.000043
-0.000019
0.000018
0.000021
-0.000019
-0.000000
-0.000008
0.000025
-0.000023
0.000005
-0.000034
0.000006
-0.000042
-0.000016
-0.000028
0.000002
-0.000009
-0.000015
0.000002
-0.000034
-0.000011
-0.000003
0.000034
-0.000043
0.000027
-0.000034
-0.000022
0.000002
-0.000002
-0.000006
-0.000018
0.000058
0.000041
0.000008
-0.000003
-0.000008
0.000002
-0.000027
0.000033
0.000010
-0.000031
-0.000028
-0.000047
-0.000053
-0.000009
0.000003
0.000023
-0.000015
-0.000000
-0.000016
-0.000053
-0.000005
-0.000003
-0.000003
-0.000022
0.000004
-0.000019
-0.000022
0.000004
-0.000023
-0.000023
-0.000003
0.000017
0.000032
0.000028
-0.000022
0.000021
-0.000022
0.000019
-0.000010
-0.000018
0.000021
0.000047
0.000047
0.000010
0.000036
0.000034
-0.000033
0.000022
-0.000020
0.000023
0.000001
-0.000032
-0.000016
-0.000010
-0.000025
0.000011
-0.000014
-0.000023
0.000033
0.000043
-0.000042
0.000003
-0.000004
0.000001
-0.000035
0.000025
-0.000056
0.000006
0.000013
-0.000043
-0.000034
0.000008
0.000023
0.000001
-0.000003
-0.000031
0.000012
0.000003
-0.000007
-0.000001
-0.000014
0.000044
0.000061
0.000006
-0.000053
0.000004
0.000038
-0.000014
0.000014
0.000008
0.000008
0.000042
0.000022
0.000040
-0.000004
0.000002
-0.000011
0.000013
0.000024
-0.000000
-0.000014
0.000016
0.000011
-0.000005
-0.000056
0.000011
-0.000012
0.000004
-0.000008
-0.000010
-0.000012
0.000001
0.000011
-0.000042
0.000009
0.000006
-0.000053
0.000019
-0.000011
0.000024
-0.000019
-0.000017
-0.000015
-0.000007
0.000002
0.000022
0.000008
-0.000047
-0.000038
-0.000014
0.000015
0.000022
0.000026
0.000002
0.000004
0.000067
0.000035
0.000027
0.000019
0.000030
0.000027
-0.000039
-0.000004
-0.000013
0.000018
-0.000017
0.000002
0.000036
-0.000002
-0.000040
-0.000025
-0.000060
-0.000019
0.000013
-0.000001
-0.000015
-0.000011
-0.000014
-0.000028
-0.000024
-0.000004
0.000017
-0.000003
0.000023
-0.000013
-0.000022
-0.000012
-0.000009
0.000043
0.000004
0.000023
-0.000025
-0.000027
-0.000018
-0.000019
0.000056
-0.000020
0.000006
-0.000026
-0.000009
-0.000005
-0.000007
-0.000024
0.000037
-0.000007
-0.000080
-0.000019
0.000061
0.000009
-0.000026
-0.000068
0.000007
0.000037
-0.000026
-0.000026
-0.000001
0.000052
0.000011
-0.000036
0.000004
0.000012
-0.000010
-0.000022
-0.000019
-0.000004
-0.000001
-0.000013
-0.000038
0.000020
0.000018
0.000016
-0.000037
0.000009
0.000032
-0.000007
-0.000045
0.000009
0.000041
0.000032
0.000034
-0.000015
0.000021
-0.000019
-0.000009
0.000002
0.000018
0.000019
0.000045
0.000004
0.000014
-0.000005
-0.000014
0.000052
-0.000041
-0.000019
-0.000011
0.000016
0.000049
-0.000031
-0.000029
-0.000001
-0.000069
-0.000041
-0.000030
0.000040
-0.000022
-0.000003
0.000003
0.000022
0.000034
-0.000031
-0.000024
0.000055
-0.000011
0.000012
0.000020
0.000010
-0.000049
-0.000016
0.000021
-0.000057
-0.000000
0.000007
-0.000004
0.000018
0.000005
-0.000013
0.000015
0.000040
-0.000009
0.000014
-0.000011
-0.000012
0.000020
-0.000020
-0.000010
-0.000000
0.000034
0.000038
0.000046
-0.000003
0.000041
-0.000048
-0.000018
-0.000052
-0.000004
0.000027
-0.000009
0.000031
-0.000023
-0.000045
0.000067
-0.000019
0.000014
0.000009
0.000015
0.000017
-0.000032
0.000003
0.000007
-0.000032
-0.000021
-0.000015
0.000033
-0.000056
0.000001
-0.000020
-0.000003
0.000033
-0.000000
0.000003
0.000008
0.000024
0.000023
-0.000019
0.000026
-0.000036
0.000006
0.000031
0.000009
0.000004
0.000007
-0.000041
-0.000022
-0.000026
0.000000
-0.000022
-0.000001
-0.000001
0.000029
0.000036
-0.000012
-0.000039
-0.000010
-0.000045
-0.000014
-0.000010
-0.000021
-0.000028
0.000000
-0.000001
0.000003
-0.000045
-0.000034
0.000019
0.000022
0.000070
0.000082
0.000002
-0.000029
0.000005
0.000001
-0.000058
0.000045
-0.000001
0.000064
0.000016
-0.000020
-0.000054
0.000033
0.000038
-0.000017
-0.000032
0.000033
-0.000021
-0.000002
0.000000
0.000022
0.000032
-0.000014
0.000042
0.000034
0.000022
-0.000042
0.000006
0.000001
-0.000023
-0.000029
-0.000021
-0.000025
-0.000013
-0.000040
-0.000006
-0.000033
0.000011
-0.000004
0.000001
0.000045
0.000003
-0.000015
0.000042
0.000029
-0.000004
0.000011
0.000012
0.000023
-0.000028
0.000003
0.000008
0.000022
-0.000029
-0.000041
-0.000019
-0.000015
0.000012
-0.000001
-0.000012
0.000001
0.000013
-0.000011
-0.000016
-0.000035
-0.000017
0.000052
0.000015
0.000003
0.000010
0.000038
0.000028
0.000007
0.000031
-0.000026
-0.000038
0.000027
-0.000036
0.000017
0.000033
0.000031
0.000026
-0.000036
-0.000001
0.000014
0.000032
-0.000016
-0.000057
0.000025
0.000013
-0.000018
0.000011
0.000030
-0.000024
-0.000029
-0.000049
0.000014
0.000029
-0.000012
-0.000062
-0.000044
-0.000034
0.000031
-0.000029
0.000017
0.000009
0.000008
0.000025
-0.000011
0.000050
-0.000007
0.000002
-0.000006
-0.000010
0.000010
0.000013
0.000013
0.000003
0.000012
-0.000024
-0.000001
-0.000031
-0.000030
0.000013
-0.000021
-0.000043
0.000002
-0.000023
-0.000030
0.000049
0.000007
-0.000013
-0.000012
0.000046
0.000026
-0.000033
-0.000030
0.000027
0.000035
0.000020
0.000058
0.000005
-0.000021
0.000023
0.000001
-0.000020
0.000046
-0.000004
0.000018
-0.000003
0.000021
0.000014
0.000015
0.000061
0.000008
-0.000005
0.000006
0.000042
-0.000030
0.000025
-0.000007
-0.000008
-0.000005
-0.000016
-0.000056
-0.000019
-0.000063
-0.000001
0.000014
-0.000001
-0.000031
-0.000036
0.000096
-0.000055
-0.000010
-0.000015
0.000024
0.000029
-0.000029
0.000023
0.000020
-0.000014
0.000043
-0.000015
-0.000015
0.000003
-0.000044
-0.000013
-0.000032
0.000056
0.000094
-0.000014
-0.000003
-0.000029
0.000038
-0.000023
-0.000042
0.000003
0.000032
-0.000049
-0.000022
0.000020
0.000008
-0.000014
0.000022
-0.000022
0.000027
0.000023
-0.000002
-0.000002
0.000048
0.000038
-0.000040
0.000026
-0.000002
-0.000003
-0.000021
0.000032
-0.000014
-0.000004
-0.000022
0.000000
0.000070
0.000034
-0.000009
0.000041
-0.000017
-0.000037
0.000021
-0.000040
-0.000031
0.000057
0.000024
-0.000004
0.000003
0.000026
-0.000005
0.000026
-0.000002
0.000024
-0.000001
-0.000021
0.000020
0.000003
0.000015
0.000010
-0.000003
-0.000009
-0.000045
-0.000003
-0.000006
0.000019
-0.000010
0.000021
-0.000007
0.000025
-0.000028
-0.000016
-0.000007
-0.000036
-0.000035
-0.000010
-0.000072
-0.000026
0.000026
0.000018
-0.000003
0.000020
-0.000011
-0.000004
0.000040
0.000036
0.000049
0.000020
0.000016
-0.000003
-0.000013
0.000026
-0.000011
-0.000010
-0.000011
0.000038
-0.000044
-0.000077
-0.000011
-0.000036
0.000002
-0.000026
-0.000036
-0.000019
0.000039
0.000167
0.000175
0.000138
0.000151
-0.000133
0.001146
-0.000123
-0.000731
0.000667
-0.000003
0.000072
-0.000027
0.000005
-0.000004
0.000009
0.000037
0.000030
-0.000018
0.000059
-0.000018
0.000030
0.000003
0.000018
0.000034
-0.000036
0.000062
-0.000025
-0.000043
0.000089
0.000022
0.000000
-0.000005
0.000032
-0.000010
-0.000000
-0.000056
-0.000037
0.000025
-0.000006
-0.000068
0.000020
0.000011
-0.000021
0.000022
-0.000027
-0.000039
0.000002
0.000010
-0.000001
-0.000129
0.000177
-0.000246
0.000485
-0.000770
0.001158
-0.001803
0.002916
-0.005859
0.031160
0.051704
-0.035586
-0.056739
0.013334
0.062736
0.007209
-0.059753
-0.028043
0.051609
0.045058
-0.036309
-0.057393
0.017267
0.061605
0.010445
-0.001752
0.000799
-0.000420
0.000275
-0.000206
0.000087
-0.000050
0.000065
-0.000048
0.000081
-0.000003
0.000012
-0.000011
0.000002
0.000017
0.000040
-0.000045
-0.000023
0.000001
0.000003
0.000038
0.000021
0.000010
-0.000059
0.000072
0.000024
-0.000026
-0.000028
-0.000016
-0.000005
0.000042
-0.000029
-0.000139
0.000239
-0.000391
0.000790
-0.001119
0.001404
-0.006808
0.047295
0.011253
0.025659
0.050481
-0.002024
0.065399
0.007805
-0.052021
-0.031395
-0.007619
0.013743
-0.003375
0.001851
-0.001156
0.000636
-0.000439
0.000921
-0.003365
0.000830
-0.000589
0.000612
-0.000775
0.001408
-0.023974
-0.003141
0.001181
-0.000679
0.000423
-0.000257
0.000180
-0.000050
0.000099
-0.000082
0.000003
0.000005
0.000074
0.000014
-0.000039
-0.000043
0.000038
0.000059
-0.000012
-0.000043
0.000020
0.000044
-0.000059
-0.000071
-0.000011
-0.000012
-0.000003
-0.000006
-0.000009
-0.000031
-0.000060
-0.000084
-0.000014
-0.000033
-0.000132
-0.000209
0.000001
0.000144
-0.000063
-0.000301
-0.000071
0.000369
0.000034
-0.001648
-0.002617
-0.001391
0.002851
0.013043
0.021395
0.034443
0.042386
0.040528
0.033563
0.014664
-0.008267
-0.032063
-0.051768
-0.063972
-0.064620
-0.058935
-0.042775
-0.024883
-0.008171
0.003110
0.008674
0.007671
0.000805
-0.008943
-0.022767
-0.035534
-0.046473
-0.054712
-0.058046
-0.056882
-0.051127
-0.043080
-0.027913
-0.015173
0.004010
0.006504
0.017218
0.034882
0.034168
0.031994
0.031000
0.011352
0.006968
-0.002526
-0.018876
-0.025663
-0.033343
-0.028870
-0.020774
-0.002949
0.018738
0.041404
0.058408
0.069243
0.068110
0.058742
0.040556
0.018627
-0.001299
-0.014342
-0.020692
-0.016090
-0.011065
-0.000380
0.009702
0.012093
0.007706
-0.006135
-0.023480
-0.042387
-0.060369
-0.074252
-0.082242
-0.086534
-0.082886
-0.076479
-0.066423
-0.052092
-0.038938
-0.025237
-0.013270
-0.004406
-0.000071
-0.000658
-0.006459
-0.014579
-0.023687
-0.036524
-0.049450
-0.063529
-0.072745
-0.079043
-0.078863
-0.074344
-0.061546
-0.044573
-0.024574
-0.004307
0.012435
0.022208
0.027573
0.025663
0.016030
0.006338
-0.003524
-0.007393
-0.004039
0.005223
0.020421
0.037591
0.052396
0.068428
0.077282
0.084359
0.083626
0.078636
0.071590
0.058022
0.046556
0.030505
0.016279
0.006380
-0.000542
-0.001025
0.002611
0.010842
0.021928
0.033997
0.044637
0.051436
0.054254
0.055871
0.052469
0.050463
0.048975
0.049657
0.053046
0.055007
0.057165
0.052788
0.047903
0.037998
0.022888
0.010455
0.000724
-0.000906
0.004478
0.015861
0.028686
0.042973
0.053091
0.055168
0.048526
0.032320
0.010150
-0.014479
-0.036608
-0.052153
-0.061202
-0.061272
-0.054931
-0.042875
-0.029609
-0.017901
-0.004648
0.001103
0.011244
0.009549
0.016581
0.040929
0.049325
0.063523
0.071712
0.074489
0.069331
0.055313
0.034948
0.009549
-0.014212
-0.032920
-0.043158
-0.043422
-0.033571
-0.022095
-0.007103
-0.000404
-0.001387
-0.012519
-0.026661
-0.041135
-0.051910
-0.055270
-0.048173
-0.026348
0.002990
0.033077
0.058249
0.071005
0.073261
0.059183
0.038571
0.017331
0.000544
-0.008616
-0.008401
-0.001757
0.007782
0.019898
0.021414
0.013072
-0.003112
-0.025372
-0.046721
-0.062443
-0.072851
-0.072903
-0.068985
-0.061234
-0.055107
-0.052441
-0.052576
-0.053587
-0.053374
-0.048213
-0.035516
-0.015471
0.008468
0.031780
0.049582
0.059202
0.059338
0.048949
0.034611
0.016379
0.003358
-0.003543
-0.002548
0.004352
0.017585
0.029659
0.045780
0.056672
0.064572
0.071518
0.069270
0.065719
0.058561
0.050523
0.043219
0.037476
0.035585
0.037455
0.043183
0.050302
0.057274
0.059521
0.055096
0.042618
0.019438
-0.003887
-0.027615
-0.046206
-0.056056
-0.058099
-0.045234
-0.024915
-0.001162
0.021062
0.038967
0.049010
0.054175
0.053533
0.050763
0.051110
0.053381
0.057010
0.062045
0.066387
0.066524
0.065452
0.059523
0.054083
0.048706
0.047465
0.049008
0.052683
0.055970
0.056512
0.053252
0.039241
0.021255
-0.000498
-0.024983
-0.044114
-0.058187
-0.064157
-0.059898
-0.049127
-0.031073
-0.010439
0.008601
0.028611
0.041027
0.054185
0.062434
0.066971
0.070860
0.068454
0.066743
0.060012
0.054167
0.048220
0.042357
0.039820
0.039542
0.043051
0.047429
0.053883
0.058508
0.063858
0.065286
0.064404
0.061916
0.052914
0.045262
0.030756
0.014679
-0.001164
-0.017609
-0.033984
-0.046193
-0.054405
-0.053419
-0.048007
-0.035772
-0.017821
-0.000233
0.020208
0.035515
0.046844
0.051084
0.050853
0.046418
0.038902
0.030644
0.021988
0.012099
0.004342
-0.003796
-0.007066
-0.013748
-0.020992
-0.029536
-0.038153
-0.044652
-0.053193
-0.060561
-0.065529
-0.063149
-0.055832
-0.039438
-0.019560
0.006861
0.024236
0.054126
0.033234
0.039729
0.068334
0.049763
0.047007
0.032024
0.032021
0.024175
0.014300
0.042765
0.047097
0.053607
0.052834
0.045060
0.030765
0.011439
-0.011072
-0.030857
-0.048143
-0.059308
-0.060279
-0.053326
-0.040483
-0.018808
-0.001192
0.018914
0.029815
0.027854
0.016590
-0.004084
-0.028976
-0.050350
-0.066189
-0.072452
-0.066148
-0.051807
-0.030025
-0.008406
0.008249
0.020064
0.025957
0.028697
0.027156
0.025987
0.032730
0.039425
0.051180
0.059361
0.061956
0.058842
0.046693
0.033311
0.017904
0.008609
0.005723
0.009260
0.017291
0.025363
0.031296
0.030179
0.018866
0.000094
-0.023120
-0.045029
-0.062813
-0.070995
-0.073004
-0.066845
-0.058803
-0.049841
-0.043494
-0.042739
-0.045906
-0.053799
-0.060440
-0.069275
-0.073850
-0.076315
-0.072494
-0.064171
-0.053300
-0.036221
-0.021245
-0.006587
0.004439
0.008156
0.004272
-0.003390
-0.017998
-0.033121
-0.047540
-0.058518
-0.057775
-0.050716
-0.033621
-0.011886
0.009124
0.027475
0.036415
0.033638
0.019987
-0.001770
-0.026958
-0.048634
-0.065218
-0.071942
-0.071122
-0.064109
-0.054972
-0.049102
-0.045701
-0.048386
-0.051256
-0.058963
-0.059933
-0.054105
-0.039830
-0.016167
0.007771
0.031003
0.050477
0.058649
0.060235
0.051388
0.042039
0.031984
0.026614
0.021224
0.023901
0.026765
0.028260
0.025222
0.010114
-0.012234
-0.036551
-0.058356
-0.072454
-0.074227
-0.066553
-0.047069
-0.023250
-0.000556
0.017080
0.025111
0.023864
0.016103
0.002976
-0.007166
-0.011381
-0.005228
0.008216
0.028185
0.044818
0.060808
0.071683
0.076953
0.076929
0.068891
0.061362
0.050820
0.043108
0.036199
0.032530
0.028010
0.023996
0.020684
0.013125
0.001622
-0.008316
-0.022155
-0.033148
-0.040041
-0.042065
-0.037013
-0.028117
-0.016558
-0.002618
0.008418
0.020887
0.027427
0.034407
0.037024
0.044158
0.048684
0.051893
0.054776
0.051537
0.044893
0.028766
0.008683
-0.012357
-0.034625
-0.050145
-0.056619
-0.055955
-0.041938
-0.021586
0.002328
0.024876
0.042165
0.052476
0.055484
0.051681
0.046576
0.040531
0.039276
0.039693
0.044458
0.050500
0.057433
0.063100
0.063687
0.062444
0.054436
0.048758
0.032121
0.017492
0.003478
-0.009002
-0.012216
-0.010428
-0.001238
0.014454
0.032347
0.048715
0.062239
0.065351
0.061130
0.045779
0.022983
-0.002009
-0.022992
-0.041886
-0.052163
-0.055553
-0.051281
-0.045949
-0.037634
-0.031929
-0.030419
-0.028257
-0.028485
-0.025285
-0.024655
-0.021852
-0.020485
-0.015355
-0.013063
-0.009422
-0.007152
-0.004299
0.000805
0.006453
0.013651
0.018697
0.020739
0.017952
0.014964
0.007647
0.003686
0.001979
0.005859
0.014591
0.027944
0.040310
0.054440
0.065081
0.073857
0.078739
0.077657
0.076169
0.068677
0.060027
0.047620
0.028045
0.008930
-0.011744
-0.031787
-0.047627
-0.059444
-0.062047
-0.060587
-0.054155
-0.046262
-0.041352
-0.040046
-0.044340
-0.051307
-0.060836
-0.064952
-0.064580
-0.052088
-0.031659
-0.005421
0.023341
0.048909
0.066936
0.072832
0.063543
0.044576
0.016892
-0.011763
-0.034766
-0.049626
-0.054313
-0.045098
-0.030274
-0.014132
-0.002353
0.001073
-0.004362
-0.014552
-0.028521
-0.038277
-0.046168
-0.044585
-0.029670
-0.008116
0.018103
0.041980
0.058739
0.066955
0.065864
0.049757
0.029445
0.004771
-0.020679
-0.042718
-0.058238
-0.063027
-0.059522
-0.047725
-0.025521
-0.002503
0.022348
0.044419
0.057587
0.062521
0.054633
0.038337
0.014986
-0.010008
-0.031163
-0.043588
-0.050541
-0.043541
-0.034647
-0.021601
-0.007399
-0.002362
-0.003217
-0.010471
-0.020873
-0.032128
-0.043425
-0.052258
-0.059514
-0.065518
-0.064879
-0.064677
-0.060899
-0.054119
-0.045090
-0.031968
-0.015993
0.002100
0.021341
0.038380
0.051481
0.060315
0.064588
0.064836
0.059079
0.054680
0.046266
0.040482
0.031954
0.024930
0.023193
0.015427
0.011543
0.002567
-0.006524
-0.015698
-0.024696
-0.035733
-0.044404
-0.048577
-0.048716
-0.042018
-0.029815
-0.015421
0.003907
0.022454
0.038687
0.049471
0.051458
0.047265
0.035534
0.019611
0.004850
-0.008636
-0.017374
-0.016114
-0.011729
-0.002044
0.009933
0.020566
0.025711
0.026232
0.019907
0.012678
0.002064
-0.010066
-0.019065
-0.029939
-0.035791
-0.041748
-0.048193
-0.054752
-0.064413
-0.070926
-0.077959
-0.077184
-0.072058
-0.059026
-0.040445
-0.021758
-0.005576
0.003708
0.006104
0.000657
-0.006855
-0.016928
-0.023165
-0.024319
-0.016424
0.001675
0.023010
0.043624
0.060852
0.069492
0.073065
0.068372
0.059603
0.050686
0.043478
0.041534
0.042803
0.049772
0.057080
0.067773
0.072835
0.075610
0.073144
0.065470
0.055115
0.039361
0.026721
0.012532
0.003013
-0.000188
0.001853
0.009292
0.018848
0.029392
0.038997
0.047507
0.054299
0.059479
0.057849
0.056299
0.053337
0.051201
0.050310
0.048153
0.046659
0.040974
0.036125
0.027013
0.015703
0.008310
0.004985
0.006838
0.015333
0.026388
0.037808
0.045558
0.048730
0.041573
0.027691
0.006907
-0.015153
-0.033678
-0.046134
-0.049338
-0.048289
-0.042281
-0.036721
-0.034160
-0.036511
-0.045871
-0.055595
-0.065924
-0.069826
-0.068284
-0.057472
-0.043259
-0.026799
-0.011806
-0.002709
-0.001304
-0.000811
-0.004827
-0.004129
-0.002971
0.003402
0.014306
0.026667
0.036816
0.036313
0.032911
0.024197
0.014525
0.010022
0.011475
0.019976
0.033062
0.044325
0.054661
0.054616
0.045709
0.025592
-0.001584
-0.028922
-0.050061
-0.060952
-0.060440
-0.051495
-0.037554
-0.018865
-0.005026
0.001966
0.002287
-0.004851
-0.015718
-0.028183
-0.041511
-0.052950
-0.063247
-0.069359
-0.069590
-0.068468
-0.059063
-0.046456
-0.029487
-0.011564
0.004580
0.016848
0.026233
0.028064
0.026793
0.024578
0.022515
0.024616
0.029441
0.038387
0.046569
0.053425
0.052326
0.044060
0.026551
0.003605
-0.022083
-0.043886
-0.060090
-0.066879
-0.064064
-0.048972
-0.026951
-0.001260
0.026668
0.045852
0.059359
0.064481
0.062374
0.056722
0.047245
0.041128
0.038356
0.041963
0.047699
0.056855
0.062438
0.064383
0.058098
0.041040
0.016915
-0.010248
-0.036841
-0.056080
-0.064916
-0.061131
-0.046289
-0.024012
0.000661
0.023052
0.037480
0.048803
0.050707
0.049481
0.047219
0.047236
0.052304
0.056491
0.064325
0.066247
0.065599
0.056257
0.043334
0.026702
0.011305
-0.001258
-0.006799
-0.008398
-0.002069
0.008621
0.017723
0.023966
0.032093
0.039426
0.042380
0.047532
0.048332
0.048035
0.044063
0.035029
0.022263
0.005482
-0.013537
-0.029453
-0.047716
-0.056855
-0.058930
-0.055620
-0.042404
-0.027584
-0.007687
0.013434
0.030928
0.046003
0.054947
0.057637
0.054632
0.043222
0.026016
0.006218
-0.016786
-0.031531
-0.044751
-0.050091
-0.046909
-0.037637
-0.024216
-0.011228
-0.000452
0.006910
0.007423
0.002616
-0.006796
-0.014110
-0.022739
-0.025794
-0.028486
-0.031545
-0.032522
-0.039512
-0.046496
-0.054220
-0.057659
-0.059985
-0.052644
-0.042057
-0.025877
-0.010990
-0.000689
0.004030
0.000220
-0.009878
-0.022057
-0.039455
-0.050655
-0.053540
-0.051235
-0.040501
-0.022305
-0.005838
0.014372
0.029006
0.041370
0.050407
0.054818
0.059965
0.059232
0.059772
0.055964
0.052248
0.046570
0.041005
0.036809
0.034477
0.035139
0.038080
0.044570
0.052656
0.062912
0.072022
0.077175
0.078999
0.071942
0.063649
0.047036
0.030800
0.016605
0.007369
0.004264
0.006059
0.012104
0.019932
0.024667
0.026288
0.025608
0.020908
0.013439
0.006949
-0.000010
-0.004504
-0.004837
-0.005942
-0.009512
-0.013344
-0.021597
-0.025685
-0.031588
-0.032655
-0.028626
-0.015538
-0.001377
0.015399
0.029722
0.038303
0.041001
0.039519
0.033343
0.025384
0.017832
0.011510
0.006021
0.002196
-0.002044
-0.010993
-0.017759
-0.030554
-0.039214
-0.043904
-0.043218
-0.035185
-0.023920
-0.004315
0.009997
0.022265
0.028164
0.021937
0.007177
-0.012945
-0.034038
-0.053861
-0.065001
-0.069246
-0.059611
-0.040536
-0.016941
0.012551
0.034422
0.051829
0.060943
0.056144
0.043697
0.021402
-0.003475
-0.025881
-0.042753
-0.051305
-0.047442
-0.038566
-0.018274
0.003678
0.025970
0.044046
0.055750
0.059734
0.055070
0.040842
0.024186
0.005883
-0.015151
-0.031185
-0.046456
-0.053991
-0.056981
-0.057578
-0.052855
-0.050604
-0.044010
-0.038495
-0.034429
-0.027309
-0.020794
-0.008586
0.000662
0.016498
0.027534
0.038701
0.049487
0.054336
0.055339
0.049461
0.041640
0.031692
0.023934
0.018440
0.017235
0.020488
0.028957
0.040066
0.047523
0.050846
0.048372
0.035270
0.018036
-0.001901
-0.021753
-0.037737
-0.050494
-0.052168
-0.048384
-0.038287
-0.022774
-0.008665
0.006199
0.015580
0.022563
0.032139
0.036869
0.044175
0.046173
0.050407
0.052310
0.050799
0.045526
0.032725
0.018157
-0.000577
-0.018596
-0.034491
-0.047812
-0.057501
-0.062548
-0.064298
-0.061930
-0.059979
-0.054968
-0.050926
-0.048053
-0.043322
-0.042837
-0.038335
-0.034496
-0.025921
-0.019666
-0.005751
0.008137
0.021495
0.035765
0.044746
0.049978
0.048180
0.038283
0.026905
0.008393
-0.011527
-0.026868
-0.039784
-0.045093
-0.044193
-0.039734
-0.030354
-0.023663
-0.013369
-0.003461
0.008033
0.016862
0.024911
0.032855
0.039643
0.041721
0.035961
0.025547
0.009258
-0.010420
-0.029969
-0.046107
-0.056060
-0.060904
-0.059056
-0.055447
-0.048972
-0.046919
-0.046577
-0.050770
-0.055976
-0.061514
-0.065352
-0.065394
-0.062939
-0.054270
-0.046726
-0.033809
-0.023123
-0.012665
-0.001397
0.004368
0.014442
0.021436
0.028454
0.036241
0.041438
0.047352
0.051538
0.057262
0.060454
0.063523
0.065821
0.064045
0.061233
0.050985
0.038885
0.020538
0.000681
-0.017600
-0.035028
-0.046085
-0.051762
-0.055459
-0.053576
-0.054268
-0.049165
-0.045470
-0.042632
-0.034148
-0.025837
-0.011394
0.005792
0.019783
0.033007
0.039384
0.039383
0.033612
0.024187
0.016880
0.011902
0.011901
0.017451
0.031190
0.043815
0.055700
0.059595
0.053256
0.041790
0.026621
0.014302
0.006327
0.007210
0.012144
0.022565
0.032571
0.039215
0.035555
0.019553
-0.003507
-0.031140
-0.055293
-0.069951
-0.074829
-0.066407
-0.049575
-0.028751
-0.008488
0.006393
0.012292
0.014786
0.011028
0.004530
0.002369
0.004193
0.010652
0.020650
0.029568
0.036488
0.039850
0.036321
0.026875
0.016391
-0.000971
-0.012158
-0.023457
-0.033337
-0.039820
-0.044918
-0.049814
-0.054448
-0.059921
-0.066934
-0.069650
-0.068190
-0.061354
-0.046793
-0.028305
-0.003793
0.021508
0.041971
0.057162
0.064153
0.064951
0.059885
0.051559
0.045067
0.041415
0.042754
0.047149
0.055663
0.060307
0.063274
0.057403
0.044614
0.025032
0.002281
-0.021223
-0.041058
-0.056626
-0.064952
-0.068810
-0.067683
-0.064000
-0.059826
-0.054553
-0.052267
-0.047410
-0.042998
-0.035189
-0.023738
-0.014941
0.001546
0.012026
0.020020
0.024044
0.021130
0.013312
0.003720
-0.007283
-0.015661
-0.019116
-0.019130
-0.010561
-0.000253
0.004134
0.005857
-0.000174
-0.011545
-0.026469
-0.043674
-0.057234
-0.065375
-0.066613
-0.056909
-0.041956
-0.019006
0.005722
0.028272
0.047657
0.057435
0.061221
0.054787
0.039339
0.019657
0.000764
-0.020704
-0.034362
-0.040348
-0.037272
-0.024252
-0.005613
0.016514
0.037306
0.053568
0.064904
0.068343
0.066914
0.059639
0.051565
0.042733
0.031446
0.024080
0.013522
0.003886
-0.008067
-0.022272
-0.030728
-0.042324
-0.049134
-0.053358
-0.054816
-0.050977
-0.045962
-0.039893
-0.038704
-0.035804
-0.037942
-0.037372
-0.038271
-0.038736
-0.036359
-0.031023
-0.025654
-0.021696
-0.016811
-0.017481
-0.016540
-0.021858
-0.031440
-0.039113
-0.050076
-0.057011
-0.063752
-0.064904
-0.060643
-0.050930
-0.034710
-0.016593
0.006006
0.027350
0.044132
0.056068
0.061228
0.061479
0.055449
0.047336
0.039299
0.034710
0.034704
0.038658
0.045818
0.053672
0.064516
0.068337
0.069834
0.065808
0.057588
0.050994
0.040427
0.036899
0.034821
0.039609
0.046621
0.054936
0.061959
0.065207
0.066927
0.061712
0.057520
0.051232
0.049503
0.049416
0.052739
0.057055
0.060092
0.059134
0.047997
0.032241
0.010828
-0.015417
-0.037535
-0.055999
-0.062350
-0.059998
-0.047517
-0.027160
-0.004750
0.016810
0.034193
0.043262
0.044258
0.041994
0.030637
0.018836
0.003997
-0.010508
-0.020034
-0.022971
-0.025988
-0.025431
-0.021142
-0.019447
-0.013413
-0.012492
-0.011304
-0.009849
-0.009589
-0.008702
-0.007236
-0.001998
0.001502
0.009765
0.013401
0.015784
0.018075
0.017875
0.017860
0.018635
0.021577
0.024594
0.030855
0.031765
0.034907
0.031145
0.024274
0.011021
-0.003244
-0.020395
-0.034692
-0.043056
-0.045703
-0.042025
-0.031408
-0.020466
-0.008794
-0.002199
-0.001727
-0.004670
-0.013867
-0.026611
-0.038193
-0.047672
-0.049350
-0.043663
-0.031688
-0.015832
0.003002
0.017295
0.023180
0.022151
0.010902
-0.007691
-0.028970
-0.049808
-0.062486
-0.070637
-0.064814
-0.049632
-0.027287
0.000734
0.026726
0.047470
0.058750
0.055414
0.042579
0.019005
-0.008316
-0.033023
-0.050506
-0.059287
-0.056331
-0.046477
-0.030960
-0.016159
-0.005771
-0.001093
-0.003208
-0.008660
-0.018312
-0.028758
-0.036177
-0.045153
-0.050849
-0.054768
-0.060429
-0.059538
-0.056838
-0.050169
-0.036673
-0.019020
0.003733
0.025014
0.042727
0.055782
0.059135
0.058820
0.053415
0.046586
0.042629
0.041949
0.044728
0.045794
0.048999
0.046809
0.037470
0.019906
-0.002884
-0.024717
-0.042584
-0.056954
-0.062354
-0.063902
-0.059421
-0.057301
-0.058321
-0.061569
-0.067422
-0.069718
-0.069145
-0.059419
-0.043654
-0.021507
0.002482
0.021462
0.032405
0.033804
0.022134
0.007096
-0.016474
-0.034381
-0.044440
-0.046885
-0.043525
-0.032734
-0.022898
-0.015682
-0.012426
-0.015408
-0.023901
-0.033970
-0.041235
-0.049045
-0.050311
-0.053185
-0.051284
-0.052797
-0.053671
-0.058568
-0.060580
-0.062211
-0.060956
-0.057988
-0.055062
-0.050435
-0.048741
-0.048854
-0.053138
-0.056161
-0.059312
-0.057627
-0.049792
-0.035194
-0.013406
0.009973
0.032627
0.051794
0.060887
0.064634
0.057129
0.042922
0.025924
0.004755
-0.014330
-0.032130
-0.047957
-0.056144
-0.064588
-0.067733
-0.069581
-0.066970
-0.061130
-0.056412
-0.048128
-0.043703
-0.042228
-0.045585
-0.051801
-0.060286
-0.066503
-0.068561
-0.066164
-0.055503
-0.041714
-0.024026
-0.008419
0.003808
0.010382
0.012160
0.007887
0.006670
0.001041
0.003137
0.007265
0.015811
0.025060
0.032023
0.034219
0.030472
0.022529
0.005852
-0.007517
-0.023019
-0.034836
-0.041179
-0.043879
-0.041747
-0.035558
-0.029161
-0.023813
-0.019599
-0.019979
-0.021094
-0.024832
-0.032723
-0.036921
-0.047574
-0.052872
-0.059401
-0.064000
-0.061947
-0.058275
-0.048193
-0.035380
-0.018991
-0.000494
0.015878
0.032372
0.045569
0.055679
0.063904
0.067506
0.070337
0.067495
0.064334
0.058449
0.047411
0.037429
0.022503
0.012857
0.004271
0.001147
0.003833
0.011433
0.019549
0.033722
0.044959
0.059766
0.070016
0.072810
0.073923
0.067307
0.060648
0.051796
0.045724
0.043088
0.045293
0.052521
0.060012
0.068594
0.071745
0.070824
0.059654
0.041338
0.018759
-0.004630
-0.022836
-0.034716
-0.037445
-0.032131
-0.018385
-0.002256
0.005951
0.006392
-0.003225
-0.018060
-0.035357
-0.054659
-0.064491
-0.066431
-0.056093
-0.036534
-0.012524
0.012983
0.030696
0.042734
0.047617
0.042829
0.035854
0.026196
0.018683
0.013903
0.014763
0.013372
0.010767
0.008391
0.000827
-0.009373
-0.020706
-0.026846
-0.026191
-0.017623
-0.005878
0.011801
0.027045
0.037500
0.041112
0.038237
0.028758
0.021771
0.014332
0.014061
0.018559
0.030629
0.041243
0.052382
0.056519
0.054219
0.046153
0.031069
0.018579
0.007634
0.003089
0.005430
0.014333
0.023614
0.036706
0.046236
0.054446
0.059350
0.060087
0.059246
0.056867
0.055460
0.051588
0.049476
0.045813
0.040564
0.033826
0.026806
0.019819
0.012858
0.003892
-0.005983
-0.014951
-0.024646
-0.038136
-0.046485
-0.055317
-0.053984
-0.046545
-0.031565
-0.009836
0.013768
0.034991
0.051453
0.058469
0.056418
0.046327
0.029435
0.015043
0.003026
-0.003369
-0.002955
0.005294
0.017096
0.030554
0.043869
0.056536
0.063732
0.066515
0.065890
0.060581
0.054999
0.047974
0.042626
0.039310
0.039358
0.042353
0.047054
0.052558
0.057361
0.063664
0.064929
0.065558
0.062353
0.056886
0.050504
0.041327
0.035431
0.026054
0.016070
0.008564
-0.004704
-0.010430
-0.019157
-0.025467
-0.029934
-0.029690
-0.026896
-0.021943
-0.013907
-0.008663
-0.003098
-0.004036
-0.007951
-0.014887
-0.025179
-0.037696
-0.050797
-0.061018
-0.070019
-0.069725
-0.063529
-0.050049
-0.031561
-0.011949
0.006531
0.019081
0.025102
0.028261
0.026680
0.023531
0.022657
0.026005
0.032644
0.043664
0.053897
0.057709
0.056348
0.044716
0.025892
0.002915
-0.021104
-0.040026
-0.050899
-0.057428
-0.055878
-0.051911
-0.047934
-0.045986
-0.047077
-0.050689
-0.056309
-0.060433
-0.064494
-0.064353
-0.064641
-0.061391
-0.059393
-0.057061
-0.055976
-0.055731
-0.054749
-0.054582
-0.054089
-0.055437
-0.053891
-0.054853
-0.053796
-0.054852
-0.053165
-0.048068
-0.043175
-0.036876
-0.031581
-0.029116
-0.029328
-0.029927
-0.033842
-0.031659
-0.026194
-0.013435
0.004457
0.025522
0.044113
0.059643
0.064913
0.061648
0.048689
0.028798
0.005268
-0.019856
-0.039922
-0.052710
-0.062109
-0.063781
-0.062472
-0.056835
-0.048616
-0.041912
-0.030706
-0.025342
-0.018288
-0.017242
-0.018668
-0.022233
-0.029728
-0.034196
-0.038658
-0.041691
-0.041597
-0.039648
-0.039480
-0.040786
-0.047021
-0.053129
-0.059364
-0.063184
-0.059755
-0.050839
-0.031724
-0.008506
0.015086
0.036265
0.050654
0.059046
0.060787
0.057198
0.054680
0.050921
0.052465
0.054632
0.059863
0.062882
0.065466
0.064842
0.061328
0.056672
0.053912
0.052203
0.051087
0.053299
0.050452
0.047967
0.038175
0.023557
0.004700
-0.014731
-0.033148
-0.045133
-0.052315
-0.050306
-0.041070
-0.028447
-0.009707
0.002531
0.019221
0.026407
0.028634
0.024215
0.015565
0.007202
-0.003386
-0.008296
-0.013410
-0.009242
-0.002748
0.004164
0.010521
0.008351
-0.001828
-0.017886
-0.036903
-0.054666
-0.066296
-0.070368
-0.062215
-0.045881
-0.019878
0.009332
0.030612
0.048612
0.056542
0.058209
0.054266
0.048768
0.043347
0.039747
0.040151
0.038056
0.039166
0.037122
0.032669
0.024330
0.015618
0.009183
0.008616
0.008031
0.009418
0.014632
0.014260
0.010176
-0.001051
-0.017680
-0.036737
-0.053331
-0.067304
-0.073855
-0.075649
-0.069990
-0.058805
-0.048305
-0.035247
-0.024524
-0.017121
-0.011131
-0.006013
0.002071
0.014071
0.025922
0.038420
0.045822
0.049245
0.046651
0.032058
0.009333
-0.017567
-0.041516
-0.060100
-0.067739
-0.063922
-0.051827
-0.031726
-0.013100
0.000680
0.005191
0.005262
-0.004207
-0.012335
-0.022220
-0.024187
-0.015206
0.002707
0.024897
0.046954
0.062650
0.073071
0.074080
0.069763
0.062939
0.056919
0.054073
0.055538
0.058351
0.055389
0.050735
0.037248
0.016767
-0.007521
-0.030648
-0.049460
-0.056521
-0.056552
-0.047421
-0.029397
-0.014472
-0.003240
0.000313
-0.004245
-0.009829
-0.022842
-0.037811
-0.046966
-0.057335
-0.059025
-0.059164
-0.056739
-0.054197
-0.052112
-0.050107
-0.049123
-0.047735
-0.045450
-0.041080
-0.035797
-0.028573
-0.018024
-0.010480
-0.000621
0.009437
0.016426
0.026808
0.033767
0.043125
0.047376
0.053884
0.057720
0.060430
0.063680
0.063259
0.062683
0.057106
0.049441
0.035159
0.016939
-0.000762
-0.022547
-0.040253
-0.054595
-0.063046
-0.061712
-0.052824
-0.033994
-0.010116
0.015433
0.037516
0.055357
0.063214
0.063651
0.054147
0.038472
0.018766
-0.000428
-0.015462
-0.025142
-0.028264
-0.025607
-0.016829
-0.005637
0.005899
0.019345
0.031994
0.039000
0.043317
0.041378
0.038341
0.035563
0.031080
0.029776
0.027529
0.029536
0.032215
0.033231
0.029299
0.023813
0.016456
0.004337
-0.002442
-0.009908
-0.008036
-0.002282
0.010902
0.023319
0.038721
0.049471
0.051102
0.045949
0.031971
0.014993
-0.007403
-0.028014
-0.043151
-0.049931
-0.048096
-0.039917
-0.029011
-0.017365
-0.012801
-0.013512
-0.020982
-0.034887
-0.048887
-0.059672
-0.063420
-0.060107
-0.046564
-0.031980
-0.016393
-0.005782
-0.002208
-0.005000
-0.012363
-0.021880
-0.031512
-0.030205
-0.017467
0.005392
0.031365
0.054996
0.072116
0.078180
0.068886
0.050651
0.025151
-0.000903
-0.019710
-0.031661
-0.031093
-0.020257
-0.010366
0.000986
0.005779
0.002327
-0.007879
-0.023765
-0.040359
-0.054160
-0.065978
-0.073432
-0.077027
-0.078392
-0.074292
-0.070572
-0.061473
-0.050250
-0.033851
-0.014511
0.007231
0.029179
0.046844
0.057940
0.064364
0.061528
0.055888
0.048267
0.042530
0.041415
0.045245
0.052394
0.059681
0.066346
0.064322
0.056634
0.040278
0.016061
-0.006505
-0.028774
-0.046616
-0.059343
-0.067507
-0.069979
-0.071776
-0.069649
-0.066365
-0.062138
-0.053207
-0.043825
-0.029006
-0.011726
0.006072
0.023303
0.034995
0.044843
0.049417
0.049149
0.047778
0.043582
0.042806
0.034533
0.025221
0.016172
0.004624
-0.001915
-0.011874
-0.013483
-0.008530
0.003364
0.019721
0.037370
0.052936
0.064341
0.066538
0.060580
0.046885
0.024441
0.003575
-0.020068
-0.040046
-0.053150
-0.063388
-0.069035
-0.073758
-0.075400
-0.072938
-0.070061
-0.060970
-0.050274
-0.035657
-0.021870
-0.009262
-0.000975
0.001800
-0.001274
-0.007983
-0.016901
-0.031200
-0.043588
-0.051671
-0.053266
-0.057922
-0.056523
-0.055228
-0.053642
-0.052450
-0.053679
-0.052839
-0.054318
-0.051190
-0.045471
-0.037690
-0.021125
-0.006981
0.012918
0.031396
0.045822
0.057220
0.057901
0.053612
0.040729
0.022170
0.000197
-0.022420
-0.040402
-0.051036
-0.057150
-0.055234
-0.050023
-0.042067
-0.033389
-0.031687
-0.032580
-0.038361
-0.046081
-0.055369
-0.061928
-0.066874
-0.066154
-0.058234
-0.049026
-0.033197
-0.020428
-0.008032
-0.001391
0.003464
0.000335
-0.005134
-0.010767
-0.020061
-0.025858
-0.030199
-0.029609
-0.024836
-0.016327
-0.006155
0.001025
0.015022
0.025748
0.035351
0.042715
0.046258
0.051407
0.053131
0.054932
0.055179
0.056336
0.055933
0.053863
0.049753
0.043550
0.035009
0.023618
0.012854
0.002353
-0.005450
-0.008317
-0.011850
-0.009859
-0.004592
-0.000013
0.003618
0.006156
0.006178
0.010192
0.014054
0.016559
0.026934
0.033319
0.042810
0.046903
0.046177
0.041132
0.030661
0.019953
0.011276
0.008142
0.012236
0.017748
0.029213
0.038711
0.044283
0.043756
0.030225
0.009897
-0.014151
-0.037004
-0.055497
-0.065216
-0.069777
-0.063575
-0.053061
-0.043286
-0.030236
-0.021106
-0.009458
-0.000833
0.006834
0.013976
0.022972
0.033369
0.039421
0.048287
0.052233
0.055935
0.058547
0.059407
0.062023
0.062553
0.064707
0.060992
0.055304
0.044076
0.025268
0.005887
-0.020076
-0.042176
-0.057799
-0.066835
-0.064416
-0.055513
-0.040325
-0.020928
-0.008682
-0.000706
-0.000611
-0.004874
-0.014091
-0.019406
-0.024019
-0.022092
-0.014693
-0.001034
0.010298
0.019505
0.023953
0.017796
0.007574
-0.008219
-0.023582
-0.035081
-0.041366
-0.039387
-0.035704
-0.024331
-0.013128
-0.001937
0.009654
0.017071
0.021328
0.023570
0.030361
0.034579
0.041752
0.047584
0.051981
0.057041
0.057928
0.059584
0.057671
0.055072
0.049966
0.042492
0.036844
0.027720
0.017477
0.008850
-0.000667
-0.008608
-0.015855
-0.022658
-0.030838
-0.035228
-0.040929
-0.050324
-0.053611
-0.058177
-0.053703
-0.046252
-0.030900
-0.008837
0.010708
0.033317
0.047885
0.055181
0.054200
0.042852
0.025976
0.005579
-0.014093
-0.031010
-0.040939
-0.048336
-0.047675
-0.043664
-0.035141
-0.027031
-0.017588
-0.002088
0.006965
0.015463
0.020254
0.016080
0.003500
-0.015233
-0.036811
-0.055537
-0.069365
-0.072467
-0.064042
-0.046297
-0.020823
0.004261
0.022515
0.034412
0.036001
0.025873
0.013838
0.002422
-0.002475
0.002537
0.015868
0.031624
0.049064
0.057524
0.060507
0.051523
0.031665
0.006647
-0.018382
-0.039620
-0.052483
-0.059025
-0.059532
-0.056109
-0.054962
-0.053275
-0.055564
-0.057770
-0.062021
-0.062505
-0.063350
-0.059435
-0.055415
-0.050696
-0.047817
-0.048033
-0.049550
-0.054556
-0.059133
-0.065560
-0.068164
-0.069859
-0.066034
-0.058617
-0.047470
-0.030108
-0.013728
0.007766
0.025752
0.039871
0.049422
0.052739
0.048884
0.043008
0.035113
0.030492
0.032225
0.037829
0.046958
0.058200
0.065593
0.066205
0.059468
0.039442
0.016466
-0.011959
-0.038534
-0.056540
-0.068141
-0.068416
-0.062645
-0.053903
-0.044333
-0.040012
-0.041016
-0.047266
-0.053742
-0.061658
-0.062380
-0.056978
-0.041501
-0.018727
0.006703
0.029522
0.049127
0.058857
0.060010
0.048180
0.028328
0.004660
-0.018938
-0.037700
-0.049542
-0.056049
-0.051073
-0.043722
-0.032322
-0.021318
-0.011059
-0.001136
0.007125
0.014869
0.022328
0.031255
0.044228
0.053899
0.064695
0.068710
0.069933
0.063789
0.051276
0.035286
0.016569
0.000188
-0.012875
-0.020155
-0.024572
-0.019944
-0.013974
-0.005043
0.001595
0.010230
0.015979
0.021849
0.031086
0.035788
0.043709
0.044029
0.039840
0.029414
0.013565
-0.004815
-0.022732
-0.035236
-0.040105
-0.034286
-0.018034
0.005933
0.030972
0.052547
0.066712
0.068826
0.061960
0.046381
0.026124
0.006911
-0.007536
-0.015234
-0.013383
-0.011498
0.000602
0.011376
0.020265
0.031329
0.035847
0.039934
0.042774
0.045997
0.048376
0.050529
0.054073
0.055477
0.057334
0.055331
0.051964
0.046023
0.039156
0.030239
0.020314
0.012178
0.003667
-0.005584
-0.011663
-0.020595
-0.030995
-0.040905
-0.051322
-0.060653
-0.067342
-0.069838
-0.068578
-0.059866
-0.048067
-0.032362
-0.014919
-0.000273
0.010547
0.017691
0.017598
0.016457
0.009769
-0.003027
-0.012681
-0.027792
-0.037217
-0.049145
-0.053647
-0.051652
-0.043253
-0.026026
-0.004642
0.019329
0.041038
0.056304
0.061181
0.058861
0.043954
0.027285
0.011265
-0.000118
-0.004150
0.000960
0.009824
0.021252
0.029749
0.031857
0.025100
0.009659
-0.012106
-0.033969
-0.054285
-0.068168
-0.077000
-0.079807
-0.075469
-0.070406
-0.058712
-0.049423
-0.037059
-0.021750
-0.007887
0.008386
0.022430
0.033496
0.041695
0.043097
0.040830
0.036719
0.028160
0.023463
0.013032
0.008358
0.004287
-0.000033
-0.008857
-0.020462
-0.031822
-0.040785
-0.044167
-0.041684
-0.033904
-0.018660
-0.002481
0.012481
0.027149
0.027232
0.016446
-0.004259
-0.028962
-0.050731
-0.066685
-0.073105
-0.066835
-0.052249
-0.030493
-0.008006
0.009977
0.022986
0.030574
0.029066
0.028531
0.029378
0.033396
0.041986
0.050913
0.058645
0.063483
0.060703
0.048626
0.033756
0.014236
-0.001554
-0.009173
-0.008918
-0.000178
0.013752
0.030436
0.050078
0.057996
0.055927
0.045313
0.028403
0.006060
-0.013216
-0.025508
-0.026430
-0.016360
0.000892
0.022871
0.042453
0.056558
0.066527
0.067716
0.066294
0.061079
0.057551
0.055459
0.054513
0.053623
0.053189
0.050238
0.043465
0.035064
0.024267
0.021446
0.017184
0.021068
0.028734
0.036799
0.042065
0.041169
0.033630
0.019502
0.004003
-0.012608
-0.024612
-0.030929
-0.030710
-0.023356
-0.014633
-0.006023
0.003147
0.009302
0.009283
0.008995
0.010539
0.013047
0.021811
0.028091
0.035084
0.037532
0.034105
0.022577
0.004301
-0.017725
-0.038845
-0.054963
-0.061138
-0.060885
-0.047961
-0.027789
-0.005355
0.019342
0.039467
0.051372
0.057013
0.053418
0.048857
0.041858
0.039390
0.041074
0.046866
0.055602
0.063040
0.068614
0.066051
0.059007
0.045019
0.028165
0.010923
-0.004006
-0.012488
-0.015745
-0.013131
-0.004327
0.003402
0.017396
0.031263
0.041736
0.048064
0.051021
0.049350
0.043141
0.028407
0.011042
-0.009099
-0.028145
-0.042988
-0.051257
-0.051798
-0.039830
-0.023542
-0.000941
0.021544
0.041686
0.057826
0.061026
0.058063
0.044996
0.026767
0.008796
-0.011083
-0.026267
-0.038559
-0.047682
-0.051720
-0.056312
-0.057766
-0.059791
-0.059766
-0.054739
-0.050191
-0.037111
-0.024131
-0.011808
-0.000868
0.003188
0.000528
-0.008213
-0.022379
-0.035969
-0.049322
-0.060249
-0.060613
-0.055597
-0.041894
-0.020384
0.000142
0.020188
0.036738
0.051477
0.061602
0.066957
0.070659
0.069282
0.068156
0.064032
0.058158
0.052135
0.046250
0.042338
0.039790
0.041367
0.044535
0.051286
0.057699
0.063059
0.066670
0.064622
0.061995
0.051008
0.041802
0.030768
0.021285
0.015900
0.013945
0.015557
0.021238
0.029970
0.036174
0.042616
0.042672
0.039183
0.033900
0.021548
0.009582
-0.004278
-0.015451
-0.023101
-0.029407
-0.029789
-0.025789
-0.018686
-0.013926
-0.007284
-0.004276
-0.003249
-0.005042
-0.011980
-0.020756
-0.033635
-0.047261
-0.059702
-0.067450
-0.068389
-0.062678
-0.049000
-0.029962
-0.006808
0.014415
0.031109
0.040795
0.041794
0.035069
0.023655
0.009718
0.001917
0.000517
0.006297
0.016898
0.030880
0.044628
0.055942
0.065632
0.070545
0.072432
0.070538
0.068500
0.061859
0.054266
0.041013
0.022625
0.002240
-0.023676
-0.046212
-0.062401
-0.072259
-0.069453
-0.057212
-0.036035
-0.010992
0.010206
0.025148
0.031102
0.029128
0.021117
0.008312
-0.000308
-0.003419
0.003951
0.016780
0.032693
0.047403
0.057508
0.063729
0.059280
0.052485
0.042034
0.034419
0.026730
0.026522
0.028510
0.032230
0.042917
0.049640
0.058159
0.063237
0.066289
0.063639
0.056657
0.045266
0.028093
0.007391
-0.015106
-0.037477
-0.053144
-0.063334
-0.063651
-0.055681
-0.040813
-0.020646
-0.000784
0.015289
0.026500
0.029183
0.028062
0.020283
0.009542
-0.004223
-0.021894
-0.031009
-0.039018
-0.044371
-0.042474
-0.040298
-0.031221
-0.022078
-0.013633
-0.007080
-0.004874
-0.010309
-0.019208
-0.032168
-0.044998
-0.048082
-0.046737
-0.034930
-0.018294
-0.000058
0.015225
0.026094
0.028292
0.017217
-0.001780
-0.025656
-0.046724
-0.062983
-0.071429
-0.071814
-0.067936
-0.059461
-0.053639
-0.050175
-0.050679
-0.050584
-0.052431
-0.047555
-0.038714
-0.021403
0.001348
0.024885
0.043483
0.055341
0.055562
0.046681
0.027361
0.002072
-0.022168
-0.041787
-0.056511
-0.061142
-0.056851
-0.045176
-0.028331
-0.010149
0.009917
0.026052
0.039980
0.050032
0.055158
0.058157
0.057337
0.054873
0.050492
0.043351
0.035264
0.028547
0.023233
0.017616
0.014245
0.015794
0.019329
0.023707
0.028653
0.032636
0.034732
0.036015
0.029615
0.021113
0.012309
0.000237
-0.009836
-0.026607
-0.033892
-0.033526
-0.026537
-0.013286
0.004653
0.024087
0.042832
0.055879
0.061772
0.058709
0.046733
0.029962
0.005320
-0.018625
-0.039199
-0.054501
-0.061039
-0.060190
-0.051745
-0.033725
-0.013645
0.007621
0.029859
0.045865
0.056110
0.058113
0.053899
0.043264
0.025648
0.008090
-0.010966
-0.026872
-0.041095
-0.053993
-0.062260
-0.070436
-0.074259
-0.075873
-0.074019
-0.066823
-0.058008
-0.042265
-0.027484
-0.012226
-0.000491
0.005892
0.006389
0.002187
-0.006174
-0.015907
-0.029711
-0.038438
-0.043708
-0.047457
-0.047927
-0.048601
-0.048964
-0.051025
-0.056402
-0.060341
-0.065667
-0.064990
-0.061718
-0.054231
-0.037406
-0.023158
-0.007229
0.003177
0.005938
0.002130
-0.008916
-0.024325
-0.037163
-0.050850
-0.055370
-0.052761
-0.040550
-0.023551
-0.004116
0.012990
0.025020
0.031924
0.033788
0.026549
0.016820
0.005443
-0.002835
-0.006598
-0.006709
-0.000949
0.009249
0.024170
0.036119
0.053014
0.060448
0.064878
0.061505
0.048593
0.030458
0.007162
-0.015817
-0.035586
-0.047446
-0.052385
-0.046174
-0.033329
-0.018783
-0.002967
0.007025
0.007659
0.002300
-0.012917
-0.029486
-0.047286
-0.060252
-0.061941
-0.056957
-0.040006
-0.016450
0.003943
0.025259
0.034214
0.033370
0.019675
-0.003508
-0.029987
-0.052194
-0.068871
-0.073280
-0.067628
-0.051752
-0.029026
-0.006552
0.011757
0.024693
0.027394
0.030397
0.025989
0.022573
0.026599
0.030477
0.040835
0.050217
0.056269
0.054970
0.045582
0.029220
0.008247
-0.014221
-0.033438
-0.047231
-0.053484
-0.055900
-0.052485
-0.046297
-0.041134
-0.036618
-0.031922
-0.023150
-0.015374
-0.001921
0.010507
0.026681
0.041235
0.050061
0.053049
0.048235
0.034680
0.017993
-0.004309
-0.023086
-0.038819
-0.049883
-0.050032
-0.046888
-0.037419
-0.028623
-0.019116
-0.013850
-0.016134
-0.020796
-0.030595
-0.041145
-0.049674
-0.054403
-0.054354
-0.048820
-0.034572
-0.023305
-0.005684
0.006140
0.015838
0.022912
0.021847
0.019483
0.013059
0.006837
0.001138
-0.002107
-0.004368
-0.001528
-0.000197
-0.001174
-0.004325
-0.011740
-0.016468
-0.023532
-0.027450
-0.028035
-0.024203
-0.014130
-0.000012
0.018688
0.030867
0.044271
0.049584
0.052112
0.046413
0.035952
0.026729
0.018217
0.016589
0.016385
0.023042
0.029260
0.037359
0.044251
0.045328
0.041050
0.030992
0.017208
0.001537
-0.016331
-0.029531
-0.044470
-0.054447
-0.059704
-0.063671
-0.062341
-0.060510
-0.055449
-0.050466
-0.045388
-0.041031
-0.039109
-0.039386
-0.042926
-0.046250
-0.053337
-0.058098
-0.065141
-0.069032
-0.071470
-0.070815
-0.066042
-0.058570
-0.044991
-0.027637
-0.006056
0.015645
0.037580
0.056061
0.066855
0.068349
0.060971
0.044873
0.025138
0.003779
-0.011472
-0.019451
-0.016883
-0.008959
0.006137
0.023765
0.038044
0.047063
0.048654
0.043290
0.032532
0.017972
0.004845
-0.008685
-0.018051
-0.025174
-0.034487
-0.042027
-0.048153
-0.050499
-0.050123
-0.042616
-0.028137
-0.006849
0.017127
0.039332
0.054880
0.063315
0.058798
0.047683
0.029312
0.009075
-0.007238
-0.015099
-0.013795
-0.004360
0.011570
0.031712
0.050396
0.058916
0.060258
0.052683
0.032635
0.012493
-0.006459
-0.020071
-0.023941
-0.017292
-0.001597
0.019977
0.041872
0.058823
0.068299
0.065715
0.055011
0.034877
0.010670
-0.012381
-0.031481
-0.043410
-0.046177
-0.042494
-0.032679
-0.022579
-0.008202
0.003051
0.009234
0.018512
0.024418
0.032897
0.041839
0.051623
0.061104
0.068951
0.074394
0.070774
0.062923
0.049184
0.031449
0.014508
-0.000264
-0.009638
-0.013596
-0.013302
-0.008133
0.001752
0.008853
0.020404
0.025893
0.034441
0.041234
0.045816
0.050474
0.048728
0.042158
0.029410
0.012150
-0.005116
-0.026409
-0.039564
-0.048604
-0.051384
-0.044590
-0.032998
-0.018641
-0.006639
-0.002796
-0.004404
-0.013759
-0.027387
-0.040580
-0.048489
-0.048133
-0.039423
-0.024601
-0.006348
0.011901
0.021843
0.023999
0.015994
-0.000991
-0.022313
-0.041950
-0.057559
-0.065832
-0.069006
-0.067056
-0.061889
-0.056977
-0.053260
-0.054210
-0.052191
-0.054419
-0.050131
-0.044537
-0.036180
-0.027778
-0.019592
-0.017624
-0.022181
-0.028231
-0.036375
-0.041142
-0.041173
-0.034322
-0.018650
-0.001507
0.013327
0.027993
0.033399
0.031424
0.018499
0.003752
-0.013077
-0.022010
-0.024600
-0.018056
-0.001997
0.015797
0.037402
0.048427
0.053034
0.048894
0.035632
0.022020
0.003572
-0.006783
-0.006735
0.000904
0.014207
0.029815
0.044150
0.055913
0.058958
0.055521
0.047348
0.036202
0.028187
0.019745
0.018916
0.021289
0.029030
0.035988
0.046138
0.051943
0.056756
0.059847
0.057929
0.055692
0.052150
0.047884
0.043980
0.038967
0.035331
0.028772
0.022298
0.014542
0.003228
-0.005939
-0.021029
-0.033775
-0.043827
-0.050958
-0.053443
-0.052931
-0.049271
-0.046295
-0.041143
-0.040511
-0.039265
-0.043242
-0.046013
-0.045099
-0.042408
-0.035069
-0.026030
-0.014203
-0.008169
-0.003159
-0.008286
-0.016122
-0.024378
-0.034434
-0.038083
-0.036030
-0.027148
-0.012949
-0.000711
0.011423
0.017938
0.016512
0.010652
0.001593
-0.008339
-0.017476
-0.020730
-0.024804
-0.020727
-0.020623
-0.020778
-0.024083
-0.029051
-0.034890
-0.038799
-0.039775
-0.036864
-0.028431
-0.019855
-0.007472
0.001584
0.014020
0.024763
0.031917
0.041014
0.047331
0.054894
0.060479
0.063092
0.064164
0.059787
0.056461
0.050874
0.048699
0.048441
0.051886
0.056977
0.062425
0.066507
0.065788
0.063026
0.056193
0.050729
0.045976
0.043946
0.045692
0.050555
0.054883
0.055778
0.050626
0.036839
0.018256
-0.004556
-0.025920
-0.041376
-0.052309
-0.054176
-0.052171
-0.046920
-0.038696
-0.033380
-0.028706
-0.029551
-0.029146
-0.027579
-0.024990
-0.024863
-0.019689
-0.018118
-0.014803
-0.011582
-0.010011
-0.003193
-0.000458
0.005570
0.012232
0.019797
0.021330
0.023289
0.016961
0.010487
0.008039
0.007611
0.013909
0.024327
0.036802
0.048743
0.058601
0.061118
0.061068
0.053140
0.044555
0.035797
0.030000
0.031000
0.034106
0.041593
0.048687
0.056397
0.058332
0.059817
0.056873
0.051622
0.047824
0.042899
0.044353
0.041352
0.042177
0.039106
0.030621
0.020045
0.004209
-0.012122
-0.026079
-0.037883
-0.042231
-0.040284
-0.033747
-0.021409
-0.013687
-0.006534
-0.005454
-0.009027
-0.021080
-0.032265
-0.043390
-0.047043
-0.043370
-0.032896
-0.017726
0.001935
0.021243
0.036304
0.046417
0.050259
0.048603
0.044305
0.034728
0.024694
0.014947
0.002785
-0.004496
-0.009505
-0.014700
-0.011063
-0.009145
-0.000313
0.008057
0.016407
0.019744
0.020954
0.011241
-0.000610
-0.016786
-0.033740
-0.045858
-0.052316
-0.050088
-0.040893
-0.023431
-0.001424
0.017533
0.035044
0.050064
0.056240
0.057167
0.051760
0.038891
0.021545
-0.000788
-0.018937
-0.037629
-0.053573
-0.061758
-0.064506
-0.056848
-0.042098
-0.020247
0.003262
0.027050
0.044964
0.056872
0.060157
0.058729
0.054144
0.049207
0.047381
0.048537
0.053497
0.059585
0.065447
0.065353
0.060408
0.048031
0.030335
0.009036
-0.011582
-0.027924
-0.037853
-0.041321
-0.033059
-0.021759
-0.008252
0.009720
0.021944
0.034385
0.038869
0.038429
0.035679
0.030345
0.026744
0.024159
0.024814
0.023826
0.026128
0.023539
0.021782
0.016444
0.006553
-0.001698
-0.010471
-0.014244
-0.012310
-0.006066
0.003173
0.016971
0.029429
0.036122
0.041226
0.037455
0.030749
0.020206
0.004555
-0.006763
-0.021942
-0.028108
-0.037033
-0.044714
-0.044881
-0.046213
-0.041608
-0.037882
-0.032976
-0.027270
-0.023809
-0.022498
-0.025644
-0.028854
-0.036905
-0.043924
-0.051425
-0.056127
-0.058086
-0.057670
-0.055018
-0.053586
-0.050607
-0.049060
-0.047994
-0.046580
-0.042851
-0.034379
-0.024336
-0.008782
0.005305
0.024212
0.038584
0.047767
0.053155
0.050783
0.042223
0.027378
0.006712
-0.012435
-0.032306
-0.047110
-0.057727
-0.062105
-0.057422
-0.044075
-0.026872
-0.002419
0.021961
0.044885
0.062410
0.069732
0.069242
0.057800
0.039191
0.020444
0.001830
-0.010025
-0.014739
-0.011239
-0.002889
0.008223
0.018760
0.025971
0.021736
0.008187
-0.011267
-0.033208
-0.052989
-0.068203
-0.078590
-0.079124
-0.074920
-0.066224
-0.055737
-0.046272
-0.035244
-0.028831
-0.019262
-0.011082
-0.001506
0.011992
0.021370
0.033379
0.038334
0.042545
0.038318
0.031989
0.021627
0.011790
0.003193
-0.000208
0.005283
0.012947
0.027398
0.039957
0.047972
0.050352
0.045015
0.034194
0.017669
-0.005682
-0.023044
-0.036962
-0.047524
-0.047727
-0.044113
-0.034411
-0.023369
-0.010102
-0.000527
0.009493
0.018573
0.023683
0.031785
0.036227
0.044335
0.045148
0.039729
0.029164
0.011500
-0.009617
-0.031185
-0.048812
-0.060490
-0.059826
-0.051202
-0.032415
-0.003691
0.023645
0.051480
0.068377
0.073496
0.068849
0.050638
0.029738
0.006328
-0.013388
-0.024416
-0.026278
-0.018889
-0.007923
0.003961
0.012295
0.010606
-0.001306
-0.022594
-0.041204
-0.059046
-0.069036
-0.067808
-0.053652
-0.028392
0.001416
0.027472
0.048298
0.056814
0.054304
0.042500
0.026591
0.016629
0.010255
0.013171
0.018899
0.029240
0.034669
0.039014
0.033983
0.024968
0.013190
0.000156
-0.008596
-0.011588
-0.007835
-0.000906
0.005451
0.005314
-0.001432
-0.015067
-0.032798
-0.049521
-0.062763
-0.069065
-0.063711
-0.047579
-0.024130
0.004575
0.030291
0.049063
0.060366
0.057761
0.045156
0.022685
-0.003408
-0.027393
-0.045862
-0.056505
-0.053178
-0.045627
-0.026778
-0.004690
0.014794
0.034109
0.043859
0.050633
0.051721
0.050187
0.049643
0.044530
0.045972
0.040897
0.034354
0.025462
0.009991
-0.003741
-0.022262
-0.034378
-0.041042
-0.043497
-0.035540
-0.027547
-0.019036
-0.008851
-0.007817
-0.011749
-0.021190
-0.034572
-0.044696
-0.049601
-0.046906
-0.037594
-0.020682
-0.001476
0.018638
0.033805
0.042717
0.048050
0.047190
0.044729
0.040405
0.036026
0.030878
0.022228
0.013399
0.001178
-0.006263
-0.012208
-0.012909
-0.008035
0.004015
0.019866
0.038564
0.053652
0.064218
0.067003
0.058728
0.043903
0.021192
-0.002988
-0.025737
-0.046072
-0.058740
-0.066001
-0.067678
-0.063404
-0.059015
-0.052718
-0.049002
-0.044064
-0.040263
-0.036676
-0.030720
-0.026650
-0.013992
-0.003871
0.008652
0.019877
0.025714
0.028136
0.024089
0.013702
-0.000413
-0.017134
-0.033594
-0.047597
-0.060676
-0.067385
-0.071274
-0.068776
-0.063420
-0.055156
-0.039191
-0.028727
-0.011679
-0.003971
0.000539
-0.002348
-0.011762
-0.025464
-0.039398
-0.049773
-0.056781
-0.058142
-0.054089
-0.045144
-0.035019
-0.026078
-0.022280
-0.024306
-0.029152
-0.036018
-0.041815
-0.044450
-0.037574
-0.026943
-0.011224
0.007784
0.021950
0.036854
0.047174
0.052224
0.055514
0.054531
0.054010
0.052673
0.053400
0.054903
0.056500
0.058927
0.057092
0.055322
0.046680
0.038440
0.022865
0.006377
-0.008633
-0.025153
-0.034807
-0.042400
-0.045253
-0.042749
-0.038445
-0.029545
-0.017459
-0.007876
0.006938
0.015153
0.024386
0.030164
0.030964
0.028491
0.021277
0.012823
0.003380
-0.003552
-0.008656
-0.003580
0.003661
0.015954
0.031218
0.042856
0.050064
0.048855
0.042447
0.028592
0.005911
-0.011976
-0.029800
-0.043102
-0.048296
-0.049448
-0.042372
-0.033384
-0.020783
-0.008303
-0.000687
0.010294
0.013936
0.019681
0.026817
0.032744
0.038143
0.044171
0.048314
0.051687
0.052752
0.053306
0.051142
0.050219
0.048780
0.047842
0.047203
0.042705
0.040363
0.029882
0.022534
0.009870
-0.003430
-0.010147
-0.011468
-0.004190
0.009346
0.027426
0.044673
0.058456
0.064247
0.062828
0.050957
0.032829
0.010098
-0.011235
-0.028526
-0.036662
-0.041152
-0.035481
-0.024931
-0.009432
0.006818
0.016482
0.026659
0.030719
0.032959
0.031595
0.027503
0.020414
0.016088
0.011749
0.011112
0.012928
0.014567
0.024874
0.029341
0.039070
0.046152
0.050426
0.056567
0.056363
0.057812
0.055404
0.053717
0.051298
0.046354
0.044119
0.037826
0.031438
0.024541
0.014237
0.005254
-0.007290
-0.020899
-0.033202
-0.042424
-0.048028
-0.048009
-0.043506
-0.037150
-0.026432
-0.017913
-0.011301
-0.013032
-0.017437
-0.023433
-0.032813
-0.040085
-0.044192
-0.040867
-0.032394
-0.020949
-0.005183
0.010351
0.025111
0.039695
0.051251
0.060269
0.063206
0.065599
0.062352
0.057713
0.051605
0.046182
0.044465
0.043956
0.049711
0.054871
0.060799
0.060514
0.054501
0.039069
0.016578
-0.009854
-0.034548
-0.054114
-0.061599
-0.058950
-0.047467
-0.028986
-0.013090
-0.001091
0.001051
-0.004281
-0.013535
-0.026412
-0.035146
-0.033298
-0.020823
0.001452
0.027517
0.051176
0.066284
0.073186
0.066942
0.052956
0.031797
0.010699
-0.007115
-0.017633
-0.021257
-0.019425
-0.012796
0.000703
0.015613
0.024830
0.035295
0.041763
0.050797
0.049532
0.041071
0.026321
0.005868
-0.016945
-0.037753
-0.054627
-0.062165
-0.059225
-0.048860
-0.028907
-0.010440
0.004856
0.012586
0.012389
0.002730
-0.013572
-0.031085
-0.045679
-0.052826
-0.051335
-0.038990
-0.023262
-0.004463
0.010548
0.016378
0.013934
0.004091
-0.011927
-0.028404
-0.038113
-0.041310
-0.037302
-0.022187
-0.005055
0.016722
0.034580
0.045092
0.049722
0.045188
0.039967
0.030257
0.024876
0.025114
0.027128
0.034344
0.041300
0.050898
0.055346
0.059674
0.057703
0.054647
0.045452
0.036696
0.023279
0.006868
-0.006443
-0.021928
-0.031824
-0.039230
-0.041217
-0.037860
-0.029218
-0.020634
-0.008648
-0.000601
0.002519
0.000956
-0.004912
-0.013235
-0.021283
-0.030123
-0.036142
-0.032425
-0.027020
-0.014396
-0.001672
0.010798
0.025762
0.035554
0.040540
0.037073
0.029731
0.015821
-0.000276
-0.017554
-0.033187
-0.047276
-0.055569
-0.060305
-0.059489
-0.055269
-0.047649
-0.037045
-0.024021
-0.010549
0.000215
0.007227
0.010731
0.006900
-0.002982
-0.016840
-0.033350
-0.048166
-0.061248
-0.070125
-0.072089
-0.070509
-0.063495
-0.055437
-0.046329
-0.037885
-0.030145
-0.023671
-0.017789
-0.011008
0.001116
0.009871
0.019727
0.029887
0.036272
0.035873
0.029831
0.015820
-0.001167
-0.020146
-0.037038
-0.052049
-0.060447
-0.065231
-0.066012
-0.059187
-0.056047
-0.045525
-0.034230
-0.022085
-0.005420
0.005349
0.019947
0.031022
0.038398
0.042211
0.039964
0.034751
0.024493
0.012689
0.000007
-0.013199
-0.021855
-0.035232
-0.039423
-0.042902
-0.042841
-0.039412
-0.034248
-0.028978
-0.023139
-0.018657
-0.019369
-0.021653
-0.024823
-0.033281
-0.038836
-0.048956
-0.053591
-0.055929
-0.055932
-0.055359
-0.054165
-0.052046
-0.051761
-0.051332
-0.049357
-0.045208
-0.038239
-0.029369
-0.015271
-0.002981
0.014889
0.028155
0.037306
0.044146
0.043085
0.037946
0.029517
0.020176
0.009727
-0.000625
-0.009174
-0.016702
-0.021858
-0.024963
-0.031574
-0.036906
-0.047993
-0.058024
-0.068652
-0.075945
-0.077943
-0.075445
-0.062456
-0.045992
-0.026138
-0.007117
0.007538
0.012992
0.014281
0.008264
-0.001108
-0.008856
-0.016321
-0.013839
-0.004870
0.011494
0.031791
0.050665
0.064482
0.074331
0.076268
0.075897
0.067230
0.059190
0.050440
0.040410
0.032757
0.025525
0.017475
0.010645
0.001886
-0.006615
-0.015522
-0.020928
-0.030300
-0.038717
-0.047318
-0.058153
-0.065461
-0.073862
-0.076336
-0.075585
-0.065468
-0.050232
-0.029910
-0.008286
0.010121
0.020984
0.027459
0.022932
0.012113
-0.000653
-0.011371
-0.013467
-0.007359
0.008339
0.030233
0.050160
0.065496
0.073311
0.067279
0.050192
0.026803
-0.002665
-0.029173
-0.047346
-0.058229
-0.057127
-0.050989
-0.038790
-0.030390
-0.020676
-0.022186
-0.023277
-0.028220
-0.028327
-0.023099
-0.008535
0.012895
0.038013
0.059159
0.073216
0.076470
0.066883
0.048558
0.022935
-0.001833
-0.020250
-0.031185
-0.030883
-0.021585
-0.010212
0.006485
0.010995
0.007595
-0.005141
-0.022986
-0.042871
-0.059591
-0.068969
-0.066972
-0.052927
-0.031650
-0.003684
0.019482
0.040003
0.050967
0.051018
0.045178
0.031721
0.018928
0.008536
0.004484
0.004094
0.013472
0.026621
0.037848
0.047047
0.049202
0.045747
0.033761
0.015890
-0.003045
-0.021039
-0.038746
-0.052131
-0.059739
-0.059584
-0.052629
-0.038783
-0.019961
0.002426
0.021742
0.039257
0.049527
0.053261
0.049717
0.040134
0.032731
0.022033
0.019825
0.022525
0.032224
0.044112
0.057279
0.063300
0.063779
0.053929
0.033772
0.010971
-0.014856
-0.036802
-0.051508
-0.059654
-0.060414
-0.057321
-0.052661
-0.049467
-0.050191
-0.052140
-0.057254
-0.060359
-0.064442
-0.063823
-0.062774
-0.059920
-0.058779
-0.057585
-0.057157
-0.057645
-0.055052
-0.053295
-0.045753
-0.039334
-0.032439
-0.027922
-0.026470
-0.028705
-0.035654
-0.043572
-0.050004
-0.049558
-0.044401
-0.031672
-0.013512
0.006298
0.027036
0.044909
0.055577
0.062441
0.058612
0.050235
0.034377
0.016216
-0.003550
-0.025417
-0.043031
-0.054097
-0.060724
-0.057361
-0.048241
-0.032697
-0.013789
0.000308
0.013930
0.017317
0.012687
-0.000220
-0.016779
-0.034943
-0.051848
-0.064564
-0.067799
-0.061142
-0.047807
-0.025800
-0.002823
0.022508
0.043041
0.053452
0.058132
0.051166
0.037968
0.020100
0.001277
-0.013544
-0.025353
-0.030704
-0.030818
-0.026580
-0.016617
-0.007131
0.001561
0.006804
0.006016
0.001004
-0.012053
-0.022068
-0.039602
-0.049304
-0.058867
-0.062730
-0.057847
-0.047647
-0.030417
-0.011897
0.005608
0.019997
0.029094
0.032934
0.037206
0.034219
0.035654
0.035456
0.041738
0.043726
0.049768
0.054224
0.056713
0.057460
0.057290
0.058918
0.060606
0.064923
0.066582
0.067791
0.062709
0.053377
0.037298
0.017305
-0.001876
-0.017228
-0.026163
-0.024721
-0.014466
0.003729
0.022668
0.039901
0.051926
0.057156
0.051677
0.042328
0.023549
0.003911
-0.016909
-0.036189
-0.048476
-0.058137
-0.061287
-0.055946
-0.045311
-0.025947
-0.003975
0.020890
0.043023
0.058943
0.067648
0.066127
0.055479
0.040203
0.022198
0.008185
-0.000528
-0.001834
0.003495
0.009020
0.015508
0.018575
0.014018
0.005629
-0.008162
-0.019250
-0.028802
-0.029819
-0.025134
-0.020110
-0.011961
-0.008904
-0.013438
-0.024758
-0.037336
-0.050178
-0.058726
-0.059550
-0.048585
-0.029151
-0.004255
0.020001
0.040308
0.051308
0.057687
0.053814
0.048362
0.044205
0.040593
0.043805
0.048816
0.056882
0.061092
0.064755
0.060645
0.053976
0.045042
0.031266
0.020990
0.009749
-0.000372
-0.009389
-0.018534
-0.030354
-0.042043
-0.052544
-0.060266
-0.061414
-0.059984
-0.054883
-0.046561
-0.041528
-0.038341
-0.040827
-0.044066
-0.049106
-0.048830
-0.047546
-0.035978
-0.014310
0.011730
0.036690
0.057388
0.066504
0.066843
0.054830
0.035938
0.016898
0.001111
-0.006015
-0.005071
0.000872
0.011780
0.024165
0.028165
0.022569
0.008773
-0.012809
-0.035986
-0.056130
-0.072065
-0.078616
-0.079281
-0.071583
-0.060617
-0.049059
-0.036459
-0.028077
-0.020565
-0.015844
-0.009103
-0.001311
0.006899
0.018297
0.029501
0.038230
0.043894
0.041798
0.031111
0.012980
-0.009139
-0.031873
-0.051374
-0.063053
-0.065074
-0.057003
-0.036286
-0.014344
0.013250
0.037613
0.053196
0.063057
0.063945
0.059801
0.052099
0.043433
0.039278
0.038578
0.042792
0.049579
0.058509
0.064991
0.070322
0.071627
0.066247
0.058907
0.048325
0.038225
0.027189
0.022331
0.021951
0.026948
0.034172
0.042722
0.051885
0.054957
0.055203
0.043371
0.027291
0.005196
-0.017422
-0.037666
-0.054998
-0.062957
-0.061416
-0.052952
-0.037134
-0.014595
0.006108
0.027753
0.044012
0.054749
0.060917
0.060891
0.059833
0.052959
0.047958
0.041185
0.034637
0.030522
0.022875
0.017136
0.008069
-0.002206
-0.012666
-0.024609
-0.035212
-0.043004
-0.045888
-0.043310
-0.033470
-0.018295
-0.000676
0.017471
0.033955
0.045751
0.054246
0.055449
0.052512
0.046559
0.034570
0.025481
0.009992
0.000783
-0.009257
-0.015130
-0.014476
-0.008542
0.003110
0.019157
0.036412
0.051310
0.064108
0.069869
0.072548
0.068618
0.060411
0.052081
0.041063
0.032295
0.025088
0.017719
0.010242
0.003108
-0.005662
-0.018999
-0.027166
-0.037767
-0.042039
-0.042057
-0.033785
-0.017726
0.001697
0.022117
0.040857
0.054542
0.061683
0.063285
0.055341
0.046833
0.034564
0.022672
0.012409
0.003275
-0.003673
-0.010604
-0.020364
-0.031801
-0.043675
-0.055554
-0.065148
-0.067937
-0.065872
-0.052271
-0.032784
-0.008964
0.013982
0.032924
0.042272
0.046513
0.038991
0.028149
0.015189
0.004706
0.001171
0.002517
0.011015
0.021542
0.035148
0.049241
0.062267
0.071629
0.081577
0.082734
0.080037
0.072955
0.058641
0.042178
0.021909
0.003819
-0.008968
-0.016042
-0.016687
-0.009948
-0.002277
0.008234
0.010966
0.007401
-0.005773
-0.023444
-0.042615
-0.057366
-0.067325
-0.070572
-0.066344
-0.059253
-0.050158
-0.046019
-0.041439
-0.041936
-0.040732
-0.038021
-0.033180
-0.020822
-0.003488
0.016271
0.035433
0.050068
0.059471
0.060315
0.054626
0.043635
0.029037
0.015600
0.001397
-0.008054
-0.012996
-0.013045
-0.005664
0.003019
0.015508
0.023587
0.028777
0.028472
0.020124
0.004839
-0.013898
-0.032839
-0.048845
-0.056844
-0.055781
-0.049943
-0.032904
-0.013831
0.001548
0.012844
0.013362
0.005617
-0.007622
-0.025832
-0.043887
-0.057240
-0.065594
-0.063159
-0.053875
-0.035118
-0.013812
0.007264
0.029935
0.043162
0.052932
0.054763
0.048347
0.038027
0.022550
0.005313
-0.007143
-0.022558
-0.030084
-0.038034
-0.043757
-0.045201
-0.046479
-0.046991
-0.049673
-0.052658
-0.056495
-0.058222
-0.058536
-0.056494
-0.050049
-0.043102
-0.032544
-0.029634
-0.026817
-0.029088
-0.036937
-0.046907
-0.057008
-0.060353
-0.059018
-0.047736
-0.027532
-0.002833
0.025265
0.048988
0.064513
0.070348
0.064346
0.052343
0.031872
0.014024
-0.000639
-0.009079
-0.009336
-0.008713
-0.004404
0.005127
0.005113
0.004752
-0.002716
-0.011744
-0.020426
-0.028294
-0.029849
-0.028694
-0.021456
-0.015400
0.000874
0.010350
0.023503
0.035520
0.042240
0.047952
0.046222
0.040817
0.032677
0.019069
0.004957
-0.010212
-0.026256
-0.039714
-0.054452
-0.062902
-0.069199
-0.072196
-0.070557
-0.068053
-0.060049
-0.053521
-0.045793
-0.041517
-0.039558
-0.040941
-0.045796
-0.051396
-0.057069
-0.057359
-0.054319
-0.042697
-0.026583
-0.005720
0.018182
0.038193
0.053970
0.062835
0.060011
0.051143
0.032164
0.010290
-0.011547
-0.032584
-0.043280
-0.047177
-0.039950
-0.021889
0.000941
0.024797
0.045203
0.057449
0.062027
0.057160
0.041272
0.022095
-0.001479
-0.022611
-0.037570
-0.050965
-0.057505
-0.059671
-0.059626
-0.054434
-0.050419
-0.040813
-0.034763
-0.026665
-0.019365
-0.015919
-0.015893
-0.021797
-0.027419
-0.037210
-0.042040
-0.045344
-0.040504
-0.032169
-0.014822
0.008124
0.028641
0.047138
0.057210
0.059859
0.053414
0.038376
0.019745
-0.002762
-0.021156
-0.036279
-0.045876
-0.050839
-0.050982
-0.050596
-0.048744
-0.049098
-0.045876
-0.042740
-0.037869
-0.028154
-0.016003
0.002203
0.018834
0.032297
0.040494
0.043068
0.039566
0.033514
0.022239
0.015539
0.013841
0.017077
0.025885
0.038775
0.049547
0.056370
0.053911
0.041119
0.021940
-0.003446
-0.029780
-0.051586
-0.067526
-0.069580
-0.062757
-0.045557
-0.024922
-0.002973
0.013274
0.021053
0.017194
0.006620
-0.006611
-0.026383
-0.040021
-0.048435
-0.047903
-0.039395
-0.028173
-0.012351
0.000456
0.005221
0.007229
-0.000789
-0.009637
-0.021036
-0.030957
-0.036245
-0.038471
-0.037456
-0.033637
-0.032601
-0.032162
-0.034978
-0.039850
-0.042673
-0.047729
-0.047474
-0.045321
-0.040352
-0.032228
-0.023132
-0.010174
0.004071
0.017066
0.029626
0.039848
0.047538
0.049209
0.048191
0.039592
0.025469
0.006313
-0.014979
-0.034929
-0.051720
-0.060802
-0.059246
-0.052211
-0.037297
-0.018118
-0.002080
0.010507
0.011086
0.002174
-0.012650
-0.030011
-0.044058
-0.054167
-0.057926
-0.049711
-0.033981
-0.011426
0.012192
0.033556
0.047992
0.058217
0.056914
0.051535
0.041923
0.024304
0.011025
-0.002493
-0.012172
-0.015357
-0.016183
-0.011539
-0.001416
0.009403
0.018227
0.025660
0.021527
0.015551
0.000604
-0.018534
-0.035114
-0.048571
-0.052201
-0.049567
-0.037344
-0.021555
-0.009092
0.003480
0.003895
-0.003054
-0.018009
-0.032938
-0.047440
-0.054866
-0.056978
-0.051845
-0.043547
-0.032987
-0.024785
-0.020896
-0.017813
-0.019788
-0.019597
-0.021151
-0.014042
-0.001609
0.014992
0.032819
0.049865
0.062350
0.072647
0.073923
0.072447
0.063683
0.052198
0.040826
0.023387
0.013317
0.001623
-0.002785
-0.001561
0.003941
0.013591
0.027302
0.039003
0.051873
0.063593
0.070504
0.076325
0.075164
0.073848
0.066683
0.056792
0.045764
0.028556
0.012076
-0.004677
-0.021422
-0.033205
-0.043678
-0.049087
-0.051273
-0.052071
-0.049996
-0.047684
-0.040893
-0.032977
-0.022209
-0.013559
-0.004623
0.006132
0.005468
0.000479
-0.013115
-0.029931
-0.046890
-0.060243
-0.066969
-0.062969
-0.047917
-0.023647
0.004251
0.029534
0.046709
0.053668
0.046833
0.036401
0.017630
0.002784
-0.005275
-0.004028
0.004460
0.020509
0.035048
0.050867
0.059924
0.057253
0.049509
0.033499
0.013552
-0.005394
-0.022279
-0.035770
-0.045822
-0.055763
-0.060362
-0.064284
-0.063729
-0.064694
-0.058814
-0.047974
-0.033449
-0.015289
0.002230
0.017479
0.028042
0.031147
0.029751
0.021549
0.010093
-0.000739
-0.018619
-0.027690
-0.034499
-0.038736
-0.038695
-0.036510
-0.031906
-0.025515
-0.020299
-0.017139
-0.016157
-0.016293
-0.022339
-0.027690
-0.041497
-0.053036
-0.064803
-0.071060
-0.075168
-0.072280
-0.061438
-0.047341
-0.029292
-0.011888
0.002622
0.012441
0.017434
0.017643
0.014142
0.010529
0.007812
0.007207
0.011328
0.016312
0.026111
0.034137
0.038202
0.039038
0.032023
0.021973
0.004974
-0.012143
-0.027204
-0.039368
-0.042813
-0.040765
-0.027872
-0.009295
0.012003
0.031044
0.046858
0.055745
0.060206
0.060468
0.059059
0.058289
0.059792
0.064595
0.067863
0.070693
0.066615
0.058863
0.044115
0.025816
0.007987
-0.007127
-0.017387
-0.020378
-0.020168
-0.018534
-0.019257
-0.024207
-0.034289
-0.044563
-0.053468
-0.056411
-0.051214
-0.040861
-0.028041
-0.016217
-0.007165
-0.005768
-0.009393
-0.018435
-0.029453
-0.035513
-0.038657
-0.026439
-0.006804
0.018425
0.043835
0.062078
0.071366
0.070056
0.051316
0.026984
-0.002515
-0.033017
-0.056535
-0.070636
-0.070233
-0.058996
-0.038603
-0.012064
0.012687
0.031319
0.041045
0.042551
0.033473
0.020648
0.004003
-0.006397
-0.007745
-0.000336
0.014264
0.029922
0.048287
0.060874
0.063049
0.056718
0.042078
0.020009
-0.003369
-0.021677
-0.035675
-0.040047
-0.038559
-0.028959
-0.020769
-0.009942
-0.003794
-0.000398
-0.001103
-0.005611
-0.014749
-0.024666
-0.033846
-0.044659
-0.050915
-0.057225
-0.058552
-0.053279
-0.042931
-0.025860
-0.003787
0.016779
0.036411
0.049862
0.056421
0.055572
0.050690
0.043451
0.035334
0.031492
0.029506
0.033743
0.038128
0.037357
0.032805
0.021062
0.003101
-0.018189
-0.039255
-0.054960
-0.065837
-0.067455
-0.064822
-0.056474
-0.043886
-0.033716
-0.021616
-0.012559
-0.004970
0.005665
0.013497
0.027619
0.040649
0.051933
0.059006
0.062581
0.061261
0.054975
0.048805
0.040881
0.036964
0.035847
0.037924
0.042819
0.045722
0.045056
0.036060
0.020255
-0.002304
-0.026861
-0.048264
-0.061484
-0.065878
-0.054602
-0.036704
-0.007387
0.020927
0.047728
0.065333
0.070131
0.065138
0.052443
0.031621
0.013100
-0.001925
-0.010286
-0.013766
-0.010885
-0.007729
-0.002268
0.000627
0.000325
-0.006868
-0.015358
-0.022882
-0.030918
-0.033457
-0.031692
-0.024614
-0.014599
0.001315
0.015792
0.031064
0.043854
0.046015
0.043076
0.028561
0.008184
-0.016872
-0.040883
-0.060243
-0.069154
-0.069081
-0.056131
-0.036576
-0.016706
0.001912
0.011203
0.013143
0.008370
-0.002358
-0.012222
-0.020586
-0.014564
0.002268
0.025914
0.049106
0.066753
0.075930
0.071124
0.055277
0.028103
-0.001223
-0.026762
-0.043742
-0.049316
-0.045033
-0.030958
-0.017841
-0.009932
-0.008554
-0.015589
-0.025103
-0.037101
-0.043718
-0.050133
-0.045117
-0.033044
-0.019769
-0.007749
-0.000323
-0.001042
-0.006511
-0.019364
-0.030505
-0.037913
-0.040502
-0.037567
-0.028496
-0.016161
-0.003024
0.015411
0.028387
0.040092
0.049006
0.056224
0.058553
0.059634
0.056893
0.050989
0.043415
0.034527
0.029385
0.026651
0.029714
0.035519
0.042369
0.050180
0.050035
0.043976
0.029564
0.010800
-0.009808
-0.028406
-0.040203
-0.042895
-0.037549
-0.027162
-0.012856
-0.001506
0.004909
0.005047
-0.003563
-0.014764
-0.026794
-0.035905
-0.040420
-0.039126
-0.031674
-0.021566
-0.008694
0.006460
0.018030
0.031116
0.041732
0.049071
0.056013
0.055362
0.052687
0.046483
0.040432
0.034617
0.031147
0.032076
0.034428
0.042092
0.044382
0.042142
0.031830
0.012782
-0.011128
-0.035538
-0.055459
-0.066230
-0.068187
-0.058913
-0.043785
-0.026313
-0.012668
-0.003201
-0.002315
-0.002072
-0.006225
-0.010191
-0.007669
-0.002526
0.009239
0.018801
0.029201
0.028573
0.027165
0.020331
0.013344
0.006603
0.005749
0.010536
0.021327
0.034387
0.048710
0.061469
0.072522
0.082041
0.083852
0.084485
0.075808
0.066887
0.051210
0.033036
0.016374
0.003645
-0.003530
-0.002392
0.000753
0.011423
0.020537
0.025835
0.027427
0.014999
-0.002719
-0.026377
-0.047757
-0.065241
-0.073036
-0.074299
-0.066819
-0.058119
-0.049419
-0.045499
-0.044465
-0.049371
-0.055676
-0.056688
-0.052947
-0.040049
-0.020638
0.003708
0.025775
0.042542
0.052367
0.055523
0.051166
0.045836
0.038546
0.033841
0.031162
0.032803
0.030387
0.028619
0.021290
0.015417
0.008886
-0.001395
-0.006325
-0.006298
-0.001454
0.005715
0.009512
0.006610
-0.002873
-0.019797
-0.039039
-0.058297
-0.068171
-0.071130
-0.061588
-0.039386
-0.013405
0.014839
0.038957
0.055825
0.062886
0.060482
0.054438
0.045316
0.038441
0.033161
0.032698
0.037510
0.038238
0.039211
0.033169
0.022610
0.005199
-0.014252
-0.033560
-0.049346
-0.060994
-0.065344
-0.066659
-0.058132
-0.046967
-0.034378
-0.019080
-0.007958
0.005280
0.010432
0.008658
0.000666
-0.011408
-0.027002
-0.041110
-0.054114
-0.061595
-0.064413
-0.063710
-0.059979
-0.057627
-0.054374
-0.051745
-0.049908
-0.049927
-0.045683
-0.040758
-0.032664
-0.024249
-0.017490
-0.015910
-0.018405
-0.024299
-0.034193
-0.042887
-0.048529
-0.047125
-0.039302
-0.024093
-0.006816
0.014162
0.032744
0.050006
0.058496
0.060600
0.056003
0.043565
0.027391
0.006012
-0.015362
-0.036147
-0.051641
-0.059357
-0.057794
-0.051982
-0.036758
-0.019224
-0.003564
0.004867
0.004702
-0.002902
-0.017262
-0.032952
-0.045869
-0.053292
-0.056022
-0.052288
-0.044648
-0.033566
-0.028148
-0.022478
-0.024413
-0.025574
-0.023824
-0.018609
-0.008203
0.008894
0.027172
0.045420
0.058365
0.067276
0.069811
0.067354
0.064103
0.059112
0.057999
0.057203
0.058586
0.058525
0.059465
0.056168
0.051900
0.047183
0.043415
0.041586
0.043587
0.048481
0.053421
0.060783
0.064987
0.068205
0.068045
0.063890
0.057844
0.044646
0.030967
0.012164
-0.007357
-0.027836
-0.048278
-0.059496
-0.064701
-0.062038
-0.048583
-0.029838
-0.004349
0.019247
0.038852
0.052294
0.057550
0.057886
0.055483
0.051103
0.050652
0.050709
0.055646
0.058990
0.062847
0.062808
0.060283
0.056936
0.051945
0.048300
0.047895
0.049596
0.049541
0.049514
0.042527
0.033032
0.015564
-0.003773
-0.023488
-0.038658
-0.050114
-0.054564
-0.055669
-0.055390
-0.054048
-0.057942
-0.061709
-0.067753
-0.068832
-0.067097
-0.057923
-0.044716
-0.027575
-0.010395
0.002662
0.010820
0.014297
0.011349
0.008073
0.004581
0.001118
0.005847
0.011393
0.021006
0.028327
0.033640
0.029684
0.025887
0.011375
-0.004096
-0.020077
-0.037204
-0.045861
-0.047485
-0.041770
-0.027543
-0.009942
0.009716
0.027258
0.041197
0.049482
0.054289
0.055135
0.055759
0.053629
0.057186
0.058026
0.060795
0.061820
0.062491
0.061862
0.060110
0.059705
0.060034
0.062961
0.064887
0.066695
0.062376
0.055111
0.040601
0.022110
0.001967
-0.015597
-0.029225
-0.036215
-0.038276
-0.034919
-0.032072
-0.032106
-0.036033
-0.045129
-0.052481
-0.059029
-0.057752
-0.049558
-0.029139
-0.004306
0.023938
0.049518
0.065682
0.072418
0.067674
0.052168
0.030194
0.005754
-0.013978
-0.024856
-0.027035
-0.019699
-0.001701
0.016622
0.034718
0.051423
0.059381
0.060321
0.049524
0.035411
0.017400
-0.001706
-0.012967
-0.018105
-0.013544
-0.001626
0.015698
0.032891
0.050228
0.061177
0.067447
0.064010
0.051095
0.032394
0.009760
-0.013719
-0.034527
-0.050061
-0.059120
-0.058697
-0.051537
-0.035894
-0.017267
0.001676
0.017483
0.026647
0.028583
0.022399
0.008311
-0.009313
-0.029245
-0.048073
-0.061606
-0.071882
-0.073784
-0.073471
-0.066442
-0.056993
-0.045311
-0.032441
-0.025987
-0.018793
-0.019436
-0.023894
-0.031676
-0.040822
-0.048250
-0.050963
-0.047478
-0.040694
-0.021485
-0.000869
0.022003
0.042334
0.055795
0.062157
0.057925
0.046432
0.027053
0.006998
-0.012768
-0.032217
-0.045502
-0.052354
-0.056777
-0.057034
-0.054885
-0.055045
-0.051744
-0.048994
-0.043025
-0.032466
-0.020709
-0.003755
0.015275
0.031901
0.045136
0.053149
0.055339
0.046484
0.034028
0.017874
-0.003638
-0.019063
-0.036376
-0.045712
-0.049543
-0.050118
-0.044957
-0.039330
-0.030092
-0.018179
-0.009243
0.001467
0.009202
0.015432
0.018948
0.017928
0.015035
0.008828
0.004487
-0.000060
-0.002919
-0.003671
-0.001284
-0.003335
-0.003530
-0.004090
-0.008221
-0.011929
-0.018456
-0.020677
-0.021629
-0.017989
-0.012594
-0.001066
0.009801
0.023255
0.039814
0.044460
0.050101
0.043959
0.032126
0.013005
-0.009051
-0.030709
-0.046197
-0.056686
-0.055424
-0.047621
-0.031615
-0.009509
0.009992
0.026863
0.040176
0.048454
0.053642
0.053128
0.052772
0.052995
0.047949
0.044702
0.035805
0.026299
0.015111
0.005724
0.000033
0.000988
0.008717
0.024444
0.038514
0.051379
0.059949
0.058603
0.048726
0.027541
0.001535
-0.024502
-0.045226
-0.056794
-0.054558
-0.043543
-0.019740
0.008713
0.034615
0.055229
0.066874
0.069876
0.060584
0.042891
0.022211
0.001333
-0.014536
-0.020740
-0.019641
-0.010214
0.006354
0.020681
0.038433
0.047565
0.048907
0.045147
0.032102
0.021791
0.008258
-0.000611
-0.002651
-0.001403
0.007449
0.019145
0.031744
0.038459
0.043477
0.038553
0.030338
0.016959
-0.001950
-0.018599
-0.030192
-0.036113
-0.039286
-0.036569
-0.028519
-0.017812
-0.007969
-0.003773
-0.001435
-0.007136
-0.015384
-0.024906
-0.035898
-0.040271
-0.039068
-0.031829
-0.019479
-0.006373
0.007029
0.019259
0.025563
0.034348
0.038266
0.044573
0.047583
0.051271
0.053903
0.051495
0.043237
0.027532
0.010616
-0.010072
-0.028542
-0.041244
-0.049615
-0.051784
-0.048692
-0.044055
-0.039345
-0.037380
-0.033996
-0.034502
-0.033130
-0.031196
-0.024596
-0.019677
-0.008483
-0.003716
0.000722
0.001064
-0.006020
-0.007454
-0.009210
-0.000507
0.012669
0.029711
0.047033
0.059364
0.065945
0.064792
0.052217
0.034608
0.012999
-0.007142
-0.022766
-0.031479
-0.033852
-0.030069
-0.020128
-0.007647
0.009731
0.022774
0.034187
0.038403
0.040097
0.034698
0.023233
0.007600
-0.009993
-0.027020
-0.040086
-0.049886
-0.055401
-0.056027
-0.056792
-0.056270
-0.057967
-0.058041
-0.061875
-0.062735
-0.064070
-0.062803
-0.061431
-0.059821
-0.057789
-0.058609
-0.059309
-0.061200
-0.058596
-0.052274
-0.040706
-0.024526
-0.005606
0.013177
0.028561
0.038562
0.040853
0.035290
0.025595
0.017686
0.003939
-0.004260
-0.015896
-0.023091
-0.030688
-0.037285
-0.044791
-0.054072
-0.059851
-0.065870
-0.067032
-0.065163
-0.060109
-0.052655
-0.047190
-0.041116
-0.039568
-0.039915
-0.044699
-0.050224
-0.057028
-0.063253
-0.067793
-0.071254
-0.068014
-0.064141
-0.053076
-0.042104
-0.028139
-0.012400
0.000126
0.007055
0.004902
-0.004551
-0.017130
-0.033422
-0.050921
-0.058818
-0.060974
-0.052867
-0.033860
-0.011107
0.014124
0.032789
0.042859
0.046322
0.038795
0.028982
0.014808
0.006289
0.000077
0.001667
0.004698
0.008253
0.010439
0.002769
-0.011518
-0.029562
-0.048025
-0.062168
-0.068100
-0.065533
-0.052270
-0.034184
-0.011514
0.008174
0.023825
0.031308
0.034200
0.029130
0.020036
0.004206
-0.008069
-0.016586
-0.029857
-0.036211
-0.038693
-0.035177
-0.023077
-0.004823
0.016886
0.038840
0.055705
0.066694
0.066569
0.055627
0.038265
0.015437
-0.003740
-0.017036
-0.022440
-0.015384
-0.003821
0.014245
0.034780
0.047210
0.050273
0.046418
0.034249
0.018834
0.006136
-0.002778
-0.003019
0.005960
0.019362
0.034384
0.047573
0.051733
0.048560
0.034948
0.013041
-0.011179
-0.034426
-0.052874
-0.061182
-0.061862
-0.051123
-0.037284
-0.020836
-0.005618
0.002542
0.005486
0.000063
-0.009279
-0.018379
-0.032409
-0.043478
-0.053552
-0.061588
-0.066679
-0.068428
-0.064933
-0.057599
-0.045827
-0.029959
-0.013274
0.003108
0.016616
0.024518
0.028029
0.027209
0.016204
0.009027
-0.004135
-0.013231
-0.019033
-0.027074
-0.032032
-0.037854
-0.043243
-0.050483
-0.056421
-0.061716
-0.065663
-0.064035
-0.060900
-0.054165
-0.047547
-0.041302
-0.038915
-0.039963
-0.044243
-0.051092
-0.056612
-0.062407
-0.063166
-0.063198
-0.056754
-0.050541
-0.041366
-0.031725
-0.022435
-0.010485
-0.000799
0.011164
0.022862
0.033322
0.044283
0.050168
0.054104
0.053544
0.050831
0.046290
0.041859
0.037629
0.036521
0.037815
0.037623
0.039716
0.037668
0.035055
0.032184
0.025527
0.020644
0.017088
0.016450
0.016542
0.025620
0.030437
0.041241
0.051015
0.057248
0.064217
0.064306
0.060954
0.049972
0.034685
0.015012
-0.007516
-0.027953
-0.043199
-0.055346
-0.060228
-0.060320
-0.054271
-0.047429
-0.039624
-0.034677
-0.034637
-0.037794
-0.045310
-0.053490
-0.063849
-0.071060
-0.077379
-0.076385
-0.070688
-0.061159
-0.045692
-0.032218
-0.016437
-0.004900
0.001033
0.002993
-0.000109
-0.007007
-0.016782
-0.027663
-0.039121
-0.050409
-0.060368
-0.066825
-0.070874
-0.066677
-0.059899
-0.046485
-0.028075
-0.007573
0.013108
0.030508
0.039492
0.041640
0.032291
0.015480
-0.005999
-0.032384
-0.049240
-0.060749
-0.063190
-0.053833
-0.038266
-0.021665
-0.005840
0.000568
-0.000441
-0.009373
-0.021151
-0.033174
-0.040130
-0.043821
-0.036864
-0.028336
-0.013057
-0.003950
0.001251
0.003899
0.000082
-0.005162
-0.007545
0.000061
0.014284
0.032617
0.051996
0.064217
0.070721
0.067165
0.051660
0.030958
0.007628
-0.011465
-0.023865
-0.030981
-0.032903
-0.028839
-0.029068
-0.034492
-0.041497
-0.051339
-0.060771
-0.063320
-0.060319
-0.047939
-0.031363
-0.018014
-0.007061
-0.004090
-0.007341
-0.014009
-0.024748
-0.029859
-0.029909
-0.019606
-0.000090
0.021754
0.043636
0.059524
0.070983
0.073033
0.071192
0.065429
0.060504
0.057219
0.055030
0.056025
0.056336
0.056625
0.054182
0.050466
0.044562
0.040832
0.037223
0.038820
0.042479
0.048657
0.057466
0.063405
0.069867
0.071962
0.071033
0.064491
0.050547
0.036271
0.016060
-0.007697
-0.027895
-0.045215
-0.055421
-0.060783
-0.059422
-0.053493
-0.048969
-0.042424
-0.041534
-0.042792
-0.049215
-0.055823
-0.063064
-0.067460
-0.068750
-0.067095
-0.059648
-0.052463
-0.042721
-0.031985
-0.022845
-0.013365
-0.003969
0.006908
0.018420
0.031412
0.040082
0.047588
0.049006
0.042870
0.037578
0.028311
0.020124
0.016109
0.014760
0.019244
0.023130
0.027015
0.023487
0.014794
-0.001249
-0.023156
-0.043059
-0.059405
-0.068453
-0.066065
-0.053456
-0.030233
-0.001699
0.025021
0.049406
0.065133
0.068703
0.060808
0.040893
0.016604
-0.009808
-0.031196
-0.044324
-0.047562
-0.040345
-0.023271
-0.001103
0.020861
0.039193
0.049871
0.055779
0.051868
0.044072
0.035865
0.030455
0.030374
0.034561
0.043164
0.052244
0.061192
0.063053
0.059233
0.046377
0.027055
0.000702
-0.023790
-0.045426
-0.059989
-0.067116
-0.061564
-0.048262
-0.027528
0.002093
0.025848
0.045168
0.056584
0.060152
0.055561
0.040517
0.022206
0.002555
-0.014267
-0.027180
-0.033625
-0.038810
-0.033118
-0.029533
-0.019773
-0.011747
-0.004839
0.008808
0.016109
0.026724
0.033956
0.038387
0.039400
0.032921
0.024729
0.012299
-0.001002
-0.014240
-0.028844
-0.037258
-0.044034
-0.050225
-0.055037
-0.057983
-0.058644
-0.057202
-0.052078
-0.041960
-0.028079
-0.009318
0.010049
0.028598
0.043922
0.055974
0.063991
0.066445
0.065132
0.062261
0.057170
0.053651
0.047431
0.042967
0.036615
0.028284
0.021379
0.008672
-0.001356
-0.010991
-0.020050
-0.026373
-0.034403
-0.039110
-0.045357
-0.050172
-0.058526
-0.062944
-0.063187
-0.060444
-0.051141
-0.038854
-0.020257
-0.001547
0.015545
0.032568
0.044619
0.056093
0.063499
0.067852
0.071360
0.068250
0.066298
0.056645
0.045574
0.034136
0.019356
0.011822
0.008102
0.010328
0.018439
0.027855
0.038070
0.046688
0.046317
0.043752
0.034446
0.023328
0.012688
0.011040
0.009454
0.012361
0.017998
0.015438
0.010243
-0.004011
-0.023833
-0.044329
-0.060937
-0.071799
-0.068935
-0.057931
-0.034746
-0.007447
0.019271
0.042521
0.055584
0.061535
0.061831
0.056133
0.051307
0.046396
0.045241
0.046048
0.047294
0.046762
0.047010
0.046263
0.042448
0.040702
0.036264
0.035467
0.033025
0.030543
0.025698
0.022250
0.016517
0.013165
0.006582
0.003843
0.003778
0.006133
0.009170
0.011056
0.008546
-0.001174
-0.014228
-0.031120
-0.046607
-0.061364
-0.071403
-0.078317
-0.079469
-0.073608
-0.068154
-0.053976
-0.039247
-0.024177
-0.013151
-0.004630
-0.000706
-0.001588
-0.008342
-0.019133
-0.030241
-0.044489
-0.055404
-0.063644
-0.065997
-0.066247
-0.061975
-0.055565
-0.051257
-0.045482
-0.043749
-0.041004
-0.039645
-0.034130
-0.026936
-0.017848
-0.003359
0.004203
0.013067
0.014518
0.009257
-0.001894
-0.017592
-0.035143
-0.050911
-0.063016
-0.070942
-0.072536
-0.070655
-0.062935
-0.055176
-0.044055
-0.035740
-0.027988
-0.022522
-0.016843
-0.010197
-0.005613
0.002852
0.013612
0.023665
0.035081
0.042235
0.044914
0.042829
0.034574
0.024004
0.008934
-0.008018
-0.021739
-0.035151
-0.041404
-0.048615
-0.051717
-0.052386
-0.051671
-0.050105
-0.052186
-0.053584
-0.057960
-0.059344
-0.060407
-0.057068
-0.049100
-0.039846
-0.026493
-0.012668
-0.000400
0.005552
0.004383
-0.002960
-0.015161
-0.031940
-0.047348
-0.057939
-0.063201
-0.059466
-0.048338
-0.029859
-0.006633
0.013976
0.036741
0.050274
0.055872
0.055951
0.045901
0.033796
0.017374
-0.001817
-0.015326
-0.030073
-0.040189
-0.047414
-0.050794
-0.052647
-0.054715
-0.055576
-0.057092
-0.056301
-0.055464
-0.053360
-0.048720
-0.044518
-0.036923
-0.031865
-0.024250
-0.016323
-0.013068
-0.005735
-0.001398
0.008779
0.019127
0.027340
0.036081
0.043783
0.049445
0.048022
0.040759
0.028999
0.011046
-0.006518
-0.027177
-0.042106
-0.050255
-0.051835
-0.045786
-0.035044
-0.019625
-0.004293
0.008107
0.020529
0.032957
0.041623
0.052197
0.057308
0.060389
0.061558
0.058667
0.049127
0.034263
0.016208
-0.002574
-0.019028
-0.030138
-0.036951
-0.038868
-0.030603
-0.021378
-0.010791
-0.001365
0.006548
0.014660
0.021535
0.029272
0.035473
0.045238
0.053138
0.061483
0.066154
0.066319
0.064826
0.057034
0.052356
0.048177
0.048037
0.051157
0.056849
0.062696
0.065325
0.065296
0.056645
0.043712
0.025959
0.008026
-0.007536
-0.017944
-0.023069
-0.024373
-0.017904
-0.010749
-0.001746
0.008571
0.017168
0.026337
0.034616
0.039705
0.042390
0.042060
0.034758
0.022922
0.007335
-0.007617
-0.022145
-0.034047
-0.039572
-0.037226
-0.030740
-0.019858
-0.012297
-0.005447
-0.004055
-0.004659
-0.013134
-0.022511
-0.033344
-0.041997
-0.048151
-0.053572
-0.055221
-0.056964
-0.055481
-0.054857
-0.052388
-0.047380
-0.043451
-0.038627
-0.034754
-0.028352
-0.020655
-0.012728
-0.002338
0.006223
0.016328
0.026092
0.034982
0.039660
0.038139
0.031461
0.017380
-0.000106
-0.018985
-0.036454
-0.050444
-0.057980
-0.062221
-0.056177
-0.049846
-0.036834
-0.023355
-0.012095
-0.001532
0.004147
0.006671
0.003149
0.001061
-0.004645
-0.009769
-0.013009
-0.014082
-0.011613
-0.012865
-0.006282
-0.002852
0.006006
0.018118
0.025898
0.037651
0.045011
0.048788
0.048168
0.039400
0.028365
0.009897
-0.009399
-0.025995
-0.037939
-0.040884
-0.036774
-0.025172
-0.007140
0.012872
0.031953
0.048150
0.057694
0.064357
0.063321
0.061684
0.054686
0.042063
0.034198
0.019482
0.007065
-0.002993
-0.007398
-0.001417
0.010725
0.027786
0.045532
0.057585
0.066488
0.063551
0.048062
0.024246
-0.004116
-0.031064
-0.049286
-0.057256
-0.055894
-0.039009
-0.024501
-0.008547
-0.000553
-0.002357
-0.008281
-0.022429
-0.035569
-0.043080
-0.038578
-0.021117
0.003940
0.033382
0.057787
0.074995
0.077619
0.067635
0.048067
0.022918
-0.000628
-0.016372
-0.025162
-0.023767
-0.012815
-0.003826
0.007549
0.009902
0.005351
-0.006719
-0.023611
-0.042966
-0.057775
-0.071505
-0.078344
-0.084051
-0.082026
-0.076025
-0.068264
-0.056095
-0.043619
-0.028394
-0.015646
-0.005410
0.000019
0.001616
-0.003738
-0.010677
-0.022886
-0.034725
-0.045184
-0.052964
-0.055128
-0.056742
-0.053411
-0.051844
-0.050631
-0.051163
-0.053714
-0.054005
-0.054885
-0.049739
-0.041352
-0.030360
-0.016765
-0.005961
0.001418
0.003466
-0.001912
-0.012122
-0.025587
-0.040713
-0.052331
-0.063309
-0.069929
-0.073806
-0.075389
-0.072184
-0.068891
-0.060062
-0.050237
-0.034595
-0.013567
0.007983
0.031678
0.051487
0.065166
0.071552
0.064698
0.050704
0.028855
0.007769
-0.011012
-0.021914
-0.024964
-0.019107
-0.006887
0.009323
0.028799
0.039813
0.048083
0.046843
0.041024
0.030508
0.018969
0.007548
-0.005986
-0.016491
-0.027528
-0.039514
-0.044290
-0.048549
-0.046795
-0.041616
-0.034908
-0.026697
-0.021644
-0.019307
-0.020788
-0.026644
-0.031091
-0.030733
-0.024803
-0.010790
0.009769
0.032124
0.051750
0.066774
0.070461
0.065406
0.050934
0.030079
0.009952
-0.007541
-0.017711
-0.020359
-0.016642
-0.004339
0.006878
0.016998
0.028156
0.031988
0.035018
0.036364
0.039745
0.046493
0.053475
0.062989
0.070666
0.075682
0.076304
0.065671
0.052594
0.034782
0.016702
0.004176
-0.001920
-0.000519
0.008300
0.016704
0.028173
0.034027
0.029926
0.018545
-0.000637
-0.022549
-0.042357
-0.058583
-0.067505
-0.070756
-0.070211
-0.064594
-0.061149
-0.057053
-0.056908
-0.056217
-0.056514
-0.056866
-0.057313
-0.055127
-0.052714
-0.048761
-0.046188
-0.045506
-0.044756
-0.043695
-0.042273
-0.041607
-0.040315
-0.037707
-0.035275
-0.033212
-0.031946
-0.029792
-0.025840
-0.022901
-0.018730
-0.016581
-0.015266
-0.011435
-0.011981
-0.009493
-0.008884
-0.006029
-0.001981
0.001731
0.004797
0.006153
0.007292
0.004050
-0.000915
-0.010035
-0.021506
-0.028805
-0.040908
-0.046772
-0.051687
-0.052292
-0.047602
-0.039686
-0.025141
-0.008907
0.009847
0.027637
0.042760
0.055101
0.058630
0.055945
0.047475
0.031070
0.012874
-0.007626
-0.027686
-0.044160
-0.054531
-0.058458
-0.053062
-0.044792
-0.026321
-0.007476
0.009475
0.027744
0.039737
0.047612
0.047497
0.041211
0.032619
0.020867
0.006449
-0.003402
-0.015760
-0.023654
-0.035198
-0.042244
-0.048808
-0.052641
-0.050285
-0.044759
-0.032413
-0.015825
0.003139
0.022128
0.037280
0.046914
0.050994
0.047595
0.042739
0.030208
0.020079
0.008789
-0.000030
-0.006469
-0.016938
-0.025784
-0.033919
-0.044762
-0.053185
-0.061321
-0.064496
-0.064650
-0.061167
-0.055270
-0.049030
-0.043289
-0.040882
-0.041097
-0.045806
-0.050958
-0.057598
-0.062603
-0.067953
-0.070091
-0.068803
-0.066343
-0.059212
-0.050807
-0.036055
-0.020050
-0.001398
0.018030
0.036209
0.052357
0.061690
0.062158
0.055712
0.038782
0.018576
-0.006488
-0.028844
-0.045946
-0.056879
-0.060743
-0.058035
-0.053492
-0.045483
-0.040560
-0.039506
-0.043137
-0.049610
-0.057412
-0.064447
-0.068448
-0.070367
-0.065714
-0.059162
-0.048065
-0.038346
-0.026113
-0.017215
-0.009925
-0.005102
-0.003653
0.000744
0.009258
0.014413
0.025530
0.034743
0.043474
0.048345
0.044743
0.036494
0.019829
0.001132
-0.015243
-0.031706
-0.036374
-0.035658
-0.023183
-0.002470
0.021348
0.043633
0.061021
0.067034
0.063915
0.052455
0.032425
0.010467
-0.012305
-0.032829
-0.046557
-0.057446
-0.063096
-0.067518
-0.068806
-0.068281
-0.066434
-0.059029
-0.049733
-0.035351
-0.024116
-0.011451
-0.004441
-0.001901
-0.005543
-0.014474
-0.025102
-0.037899
-0.050228
-0.057604
-0.063740
-0.066250
-0.064411
-0.061363
-0.056764
-0.052335
-0.047939
-0.043006
-0.038954
-0.032552
-0.027250
-0.020470
-0.012172
-0.005363
0.008939
0.018852
0.031394
0.044103
0.051919
0.059402
0.061439
0.059707
0.053541
0.045384
0.037200
0.031696
0.031847
0.033519
0.040625
0.047604
0.052353
0.052724
0.045829
0.033724
0.014374
-0.004180
-0.023182
-0.039482
-0.049643
-0.058659
-0.062239
-0.065622
-0.065264
-0.065636
-0.062967
-0.057033
-0.048014
-0.033140
-0.016228
0.004601
0.024156
0.039804
0.054240
0.061950
0.064488
0.063744
0.058879
0.054000
0.047294
0.041444
0.033616
0.025705
0.019416
0.009386
0.003059
-0.005830
-0.014881
-0.022230
-0.033147
-0.039037
-0.047402
-0.052540
-0.059180
-0.063427
-0.063117
-0.062181
-0.057146
-0.051493
-0.047160
-0.045103
-0.045630
-0.048497
-0.053780
-0.058384
-0.062959
-0.063005
-0.062563
-0.057909
-0.053111
-0.049147
-0.047770
-0.049758
-0.053085
-0.057996
-0.061982
-0.065681
-0.063624
-0.059026
-0.051732
-0.043353
-0.034881
-0.024238
-0.018278
-0.010381
-0.004254
0.003333
0.015761
0.024694
0.033182
0.039430
0.037456
0.028493
0.008511
-0.016216
-0.040968
-0.061136
-0.071561
-0.071483
-0.060076
-0.039340
-0.016801
0.003624
0.015441
0.017854
0.013690
0.005015
-0.009157
-0.015384
-0.011532
0.002251
0.024035
0.046822
0.063418
0.073748
0.069532
0.055509
0.032923
0.007776
-0.014963
-0.030188
-0.039514
-0.042118
-0.038798
-0.039917
-0.041455
-0.048780
-0.056581
-0.066938
-0.068188
-0.066628
-0.052530
-0.036241
-0.018992
-0.004630
0.002473
0.001621
-0.001303
-0.013716
-0.020506
-0.020989
-0.014107
0.003189
0.025493
0.046593
0.064462
0.074352
0.074299
0.068531
0.057325
0.049319
0.041673
0.041249
0.043107
0.050604
0.055524
0.051631
0.041361
0.020885
-0.003052
-0.024823
-0.045614
-0.054435
-0.056194
-0.048774
-0.035508
-0.020976
-0.008382
-0.000766
-0.002933
-0.012582
-0.026748
-0.041374
-0.048618
-0.048286
-0.043536
-0.028258
-0.009173
0.006675
0.021902
0.027760
0.022935
0.007659
-0.013397
-0.035449
-0.054722
-0.068082
-0.070456
-0.062545
-0.043379
-0.016569
0.010503
0.035638
0.051975
0.059176
0.059940
0.050375
0.039727
0.027653
0.020198
0.018171
0.021945
0.030101
0.041776
0.050119
0.051755
0.048727
0.036654
0.019734
-0.000268
-0.022529
-0.037692
-0.053227
-0.059822
-0.057406
-0.051245
-0.036640
-0.019312
-0.000387
0.021290
0.035358
0.049427
0.056521
0.056204
0.051587
0.037965
0.021054
0.002483
-0.020110
-0.035168
-0.050217
-0.058408
-0.057467
-0.051909
-0.038026
-0.020028
-0.002131
0.015966
0.030957
0.040760
0.046419
0.046446
0.047069
0.042381
0.038246
0.033029
0.023901
0.018873
0.008719
-0.001361
-0.008686
-0.013233
-0.013256
-0.007033
0.003737
0.018650
0.034103
0.049414
0.061348
0.069885
0.074695
0.073649
0.071810
0.064503
0.054420
0.042017
0.026157
0.012557
-0.003671
-0.019272
-0.031478
-0.041609
-0.046431
-0.048282
-0.044584
-0.035912
-0.026237
-0.015415
-0.004708
0.004964
0.014702
0.019836
0.023042
0.019928
0.017426
0.012573
0.006795
0.001359
-0.000058
-0.001275
0.001587
0.007819
0.017920
0.029672
0.040370
0.050674
0.059146
0.062476
0.060517
0.048563
0.032131
0.010167
-0.012630
-0.031918
-0.045899
-0.051049
-0.043663
-0.030593
-0.005646
0.020139
0.041653
0.059600
0.065052
0.062568
0.051424
0.033517
0.016957
0.003622
-0.001933
-0.000427
0.006680
0.014133
0.022521
0.028019
0.028399
0.024836
0.013864
0.000868
-0.009665
-0.014450
-0.017647
-0.007543
0.003447
0.019488
0.035974
0.049260
0.057372
0.059484
0.057821
0.050481
0.044087
0.038938
0.038426
0.039718
0.046422
0.049748
0.051069
0.047899
0.036081
0.017057
-0.005361
-0.027172
-0.045140
-0.057587
-0.062518
-0.060689
-0.057003
-0.050489
-0.048004
-0.049096
-0.053019
-0.057926
-0.060965
-0.059995
-0.049047
-0.033280
-0.008703
0.017271
0.040164
0.060532
0.069173
0.066945
0.055123
0.032715
0.006814
-0.019683
-0.040763
-0.054199
-0.059725
-0.056937
-0.050676
-0.043625
-0.036158
-0.034906
-0.036304
-0.040697
-0.041998
-0.039287
-0.031411
-0.013618
0.010190
0.035820
0.057750
0.069207
0.072246
0.060347
0.041828
0.018423
-0.003375
-0.017492
-0.021965
-0.016358
-0.000888
0.018729
0.033860
0.046633
0.047929
0.041398
0.030454
0.016581
0.004956
-0.002817
-0.003038
0.002664
0.013460
0.024791
0.033369
0.042449
0.043846
0.043935
0.039699
0.036671
0.034487
0.036483
0.040148
0.044824
0.049108
0.049574
0.050377
0.043516
0.033995
0.022456
0.005172
-0.008849
-0.020314
-0.023639
-0.018049
-0.004518
0.013784
0.033369
0.050088
0.063037
0.067419
0.066752
0.060694
0.053654
0.048135
0.045631
0.046889
0.050812
0.055278
0.056291
0.053998
0.043270
0.026059
0.007743
-0.013707
-0.031745
-0.046955
-0.060457
-0.067988
-0.076203
-0.078378
-0.078512
-0.074842
-0.065718
-0.053761
-0.038055
-0.024749
-0.012456
-0.005244
-0.003957
-0.007006
-0.009484
-0.015134
-0.016063
-0.011758
-0.004822
0.002625
0.012122
0.019040
0.021189
0.018984
0.011628
0.009767
0.011085
0.017727
0.028437
0.041899
0.052706
0.061464
0.061820
0.059599
0.052084
0.044087
0.038404
0.033286
0.033563
0.033734
0.034421
0.030574
0.020528
0.005047
-0.013337
-0.031943
-0.047418
-0.059591
-0.064219
-0.064153
-0.061253
-0.049680
-0.040298
-0.024683
-0.014103
-0.003220
0.006421
0.009987
0.007939
-0.001290
-0.014403
-0.030382
-0.046503
-0.058313
-0.063381
-0.061753
-0.047136
-0.026336
-0.001031
0.026280
0.044892
0.058625
0.057825
0.044604
0.023382
-0.003696
-0.029827
-0.048767
-0.060110
-0.059742
-0.046153
-0.026191
-0.001740
0.020256
0.040094
0.052354
0.056362
0.055505
0.051049
0.047626
0.046635
0.048330
0.053870
0.059255
0.066238
0.067486
0.067181
0.061472
0.054673
0.047798
0.041798
0.039496
0.039188
0.046534
0.052937
0.061739
0.066321
0.068327
0.067206
0.058133
0.050668
0.038689
0.031083
0.028363
0.030678
0.037542
0.048006
0.057355
0.061647
0.061478
0.049382
0.032661
0.009072
-0.018125
-0.041512
-0.058378
-0.065680
-0.064109
-0.054177
-0.035735
-0.017848
-0.001239
0.010870
0.015188
0.015832
0.010803
0.001596
-0.007154
-0.022193
-0.030141
-0.041894
-0.046967
-0.048188
-0.047170
-0.039387
-0.028976
-0.014131
0.003154
0.020144
0.034627
0.045023
0.049927
0.047859
0.039170
0.026802
0.013661
-0.001267
-0.014733
-0.023077
-0.027124
-0.021978
-0.015224
-0.002765
0.004849
0.012702
0.011400
0.009513
0.002169
-0.005503
-0.007730
-0.006819
0.002894
0.017231
0.033773
0.051461
0.062795
0.067909
0.065311
0.051155
0.030857
0.007041
-0.017274
-0.040000
-0.055984
-0.064450
-0.067162
-0.066924
-0.061326
-0.056694
-0.050988
-0.047310
-0.045723
-0.042739
-0.039707
-0.034012
-0.028739
-0.018147
-0.006201
0.006136
0.016384
0.018135
0.016878
0.005478
-0.012306
-0.032934
-0.050469
-0.063401
-0.067895
-0.064638
-0.050383
-0.030264
-0.008838
0.010998
0.024868
0.032469
0.033379
0.023859
0.011923
-0.001537
-0.012095
-0.021812
-0.030110
-0.034766
-0.037647
-0.042307
-0.046489
-0.054849
-0.061232
-0.067713
-0.070040
-0.067875
-0.059870
-0.043778
-0.024119
-0.001142
0.021770
0.040748
0.054499
0.061350
0.061579
0.058441
0.051980
0.046454
0.042257
0.042648
0.045466
0.052391
0.058413
0.065541
0.070281
0.071604
0.071474
0.065446
0.057596
0.044801
0.029676
0.014014
-0.004378
-0.019664
-0.034086
-0.043111
-0.048604
-0.050905
-0.046619
-0.041891
-0.030842
-0.020082
-0.012071
-0.001719
0.007226
0.013230
0.018705
0.025644
0.031646
0.038602
0.046394
0.051466
0.059130
0.062765
0.060943
0.054525
0.040839
0.022372
-0.001094
-0.026189
-0.044438
-0.058141
-0.061688
-0.057369
-0.044831
-0.024674
-0.002642
0.017249
0.032172
0.040410
0.041991
0.038296
0.027106
0.015218
0.006124
-0.007337
-0.014782
-0.023783
-0.028583
-0.033269
-0.039319
-0.047860
-0.056377
-0.062981
-0.069099
-0.068352
-0.065023
-0.052288
-0.033527
-0.010427
0.013812
0.037211
0.054393
0.064308
0.065516
0.061803
0.053351
0.045586
0.040115
0.038864
0.042007
0.048044
0.055091
0.057268
0.056494
0.046594
0.030681
0.010144
-0.011839
-0.032282
-0.048491
-0.059276
-0.064318
-0.067373
-0.064507
-0.062129
-0.058698
-0.055586
-0.052965
-0.047998
-0.044317
-0.035625
-0.027018
-0.018058
-0.005202
0.001281
0.009880
0.016721
0.022986
0.026848
0.034671
0.041147
0.049006
0.056694
0.057498
0.054202
0.045659
0.028816
0.011912
-0.011016
-0.030776
-0.045189
-0.055255
-0.053819
-0.044284
-0.026865
-0.005372
0.016602
0.034466
0.047878
0.053297
0.052226
0.042187
0.027641
0.016692
-0.000769
-0.008068
-0.017258
-0.020118
-0.017821
-0.014616
-0.010652
-0.008274
-0.004684
-0.007233
-0.004010
-0.005646
-0.002351
0.005419
0.013468
0.024623
0.030312
0.036064
0.035277
0.028644
0.018859
0.010482
0.002526
0.001088
0.005182
0.015913
0.029580
0.043935
0.056318
0.063480
0.063060
0.051979
0.035904
0.011593
-0.012366
-0.032859
-0.049099
-0.058892
-0.058877
-0.051522
-0.034617
-0.017879
-0.001094
0.015895
0.024973
0.027010
0.021027
0.007808
-0.009836
-0.028414
-0.045609
-0.059129
-0.070849
-0.076318
-0.078965
-0.077452
-0.069774
-0.057802
-0.041816
-0.030341
-0.014419
-0.005355
-0.001357
-0.005248
-0.014746
-0.026759
-0.038096
-0.048469
-0.048927
-0.041232
-0.025240
-0.002016
0.022131
0.042393
0.056435
0.063513
0.062251
0.059322
0.051583
0.047677
0.046075
0.049455
0.054121
0.060234
0.065258
0.067767
0.068983
0.063772
0.059287
0.047578
0.033267
0.018138
0.000044
-0.020025
-0.036803
-0.049656
-0.054814
-0.056089
-0.046782
-0.034711
-0.019768
-0.004578
0.003029
0.004676
-0.002395
-0.013586
-0.027412
-0.041084
-0.054906
-0.062424
-0.069058
-0.070745
-0.070592
-0.067277
-0.061365
-0.054408
-0.042414
-0.026646
-0.009971
0.010063
0.027880
0.044144
0.056456
0.062088
0.063629
0.060391
0.056301
0.048762
0.043519
0.037565
0.030636
0.024393
0.014932
0.004154
-0.006797
-0.020583
-0.031623
-0.041146
-0.045629
-0.046737
-0.043806
-0.039914
-0.036250
-0.034390
-0.033035
-0.034645
-0.035718
-0.033427
-0.031958
-0.025038
-0.017303
-0.009611
-0.000518
0.001685
0.000834
-0.003215
-0.008286
-0.010772
-0.006512
0.002452
0.017150
0.035940
0.053440
0.064470
0.068949
0.060423
0.042838
0.018608
-0.012975
-0.039209
-0.056642
-0.065790
-0.059426
-0.043214
-0.016464
0.011607
0.036227
0.052271
0.059722
0.053794
0.041659
0.022955
0.004312
-0.006452
-0.008645
-0.003887
0.008459
0.021880
0.038762
0.052448
0.053691
0.048941
0.035596
0.018099
-0.000370
-0.016200
-0.020294
-0.020770
-0.012358
-0.003685
0.008517
0.018884
0.024899
0.023537
0.019287
0.007963
-0.007906
-0.019677
-0.035243
-0.044116
-0.047816
-0.049751
-0.045290
-0.041665
-0.035085
-0.029568
-0.024590
-0.024174
-0.025368
-0.030277
-0.040629
-0.049498
-0.062393
-0.070088
-0.076201
-0.076302
-0.069492
-0.058461
-0.041925
-0.025252
-0.010446
-0.000484
0.003393
0.002110
-0.000628
-0.003710
-0.006897
-0.000952
0.006480
0.017880
0.030438
0.038976
0.040942
0.039384
0.028029
0.016566
0.011349
0.011163
0.019183
0.029917
0.040612
0.052042
0.052107
0.043633
0.024771
-0.002215
-0.029391
-0.050903
-0.063528
-0.064437
-0.054251
-0.038504
-0.020411
-0.006438
0.001096
0.000266
-0.005024
-0.017500
-0.027016
-0.038395
-0.044923
-0.047694
-0.050446
-0.052114
-0.053346
-0.051461
-0.049025
-0.038759
-0.023514
-0.004596
0.017740
0.036754
0.054743
0.062558
0.056938
0.041891
0.017199
-0.010325
-0.033862
-0.050961
-0.057968
-0.052910
-0.043888
-0.025609
-0.013147
-0.007087
-0.009257
-0.016360
-0.023421
-0.031743
-0.037620
-0.033302
-0.024317
-0.008420
0.005553
0.015027
0.016504
0.010612
-0.001679
-0.016665
-0.031423
-0.038592
-0.039832
-0.034127
-0.024968
-0.012385
-0.003949
-0.002401
-0.005773
-0.018351
-0.030194
-0.043062
-0.047014
-0.046288
-0.033774
-0.014569
0.006393
0.030397
0.048772
0.059800
0.061982
0.052912
0.035904
0.015424
-0.010998
-0.032568
-0.052051
-0.062256
-0.063416
-0.058283
-0.044132
-0.028531
-0.011758
0.001335
0.008930
0.012038
0.008789
0.001690
-0.007931
-0.019760
-0.031474
-0.040359
-0.050819
-0.053183
-0.054660
-0.050842
-0.041986
-0.029756
-0.013081
0.003846
0.019438
0.032372
0.040746
0.043754
0.039763
0.029444
0.018013
0.003797
-0.009124
-0.023097
-0.032836
-0.033875
-0.029009
-0.020876
-0.011388
0.000104
0.006393
0.010392
0.005364
-0.004873
-0.017014
-0.029271
-0.037724
-0.040145
-0.036763
-0.026182
-0.015763
-0.005032
0.004098
0.004008
-0.001026
-0.014934
-0.030385
-0.043320
-0.048468
-0.045225
-0.029910
-0.008848
0.015276
0.041118
0.056554
0.066727
0.063837
0.051934
0.034814
0.014895
-0.002445
-0.013814
-0.013697
-0.006578
0.007625
0.024182
0.039332
0.051967
0.053868
0.049485
0.034748
0.016200
0.000398
-0.014522
-0.019974
-0.020094
-0.014847
-0.003212
0.009048
0.019203
0.025013
0.026255
0.019782
0.013650
0.000128
-0.012341
-0.021883
-0.029575
-0.036380
-0.043017
-0.049727
-0.057874
-0.064032
-0.071116
-0.074965
-0.074548
-0.069343
-0.056505
-0.040398
-0.020475
-0.002737
0.011111
0.017382
0.017569
0.006839
-0.010881
-0.027491
-0.044692
-0.054993
-0.059547
-0.052771
-0.040005
-0.022509
-0.000335
0.014920
0.020286
0.016336
0.001852
-0.018360
-0.038669
-0.056263
-0.064609
-0.063676
-0.052287
-0.030022
-0.003642
0.021567
0.040481
0.050450
0.048936
0.040301
0.018533
-0.005014
-0.026752
-0.045089
-0.054256
-0.057405
-0.049589
-0.037869
-0.022058
0.000759
0.018222
0.037697
0.051710
0.057987
0.059600
0.052122
0.037034
0.016193
-0.012039
-0.034394
-0.053376
-0.065134
-0.064346
-0.055332
-0.034971
-0.010949
0.012064
0.029975
0.040367
0.039195
0.035200
0.022030
0.009024
0.000209
-0.002052
0.002791
0.013275
0.026831
0.042114
0.057435
0.068324
0.077073
0.081780
0.084521
0.079254
0.071240
0.057801
0.040693
0.021789
0.003739
-0.009879
-0.016605
-0.017438
-0.012400
-0.000975
0.007667
0.017793
0.017260
0.006683
-0.011187
-0.033591
-0.053427
-0.067469
-0.074619
-0.066343
-0.047835
-0.021808
0.008433
0.032777
0.051495
0.059691
0.057810
0.051610
0.040935
0.032764
0.026339
0.025561
0.028316
0.032456
0.035300
0.030578
0.018741
0.001666
-0.018102
-0.037048
-0.053052
-0.063854
-0.068250
-0.069126
-0.063877
-0.057982
-0.048825
-0.038376
-0.027182
-0.010861
0.006847
0.023877
0.039179
0.048752
0.053679
0.049229
0.041094
0.027480
0.011698
-0.001012
-0.006549
-0.005630
0.003130
0.017537
0.032847
0.049233
0.059755
0.067714
0.070599
0.068105
0.064205
0.056722
0.050509
0.044365
0.041302
0.040822
0.038353
0.037787
0.033728
0.026444
0.014641
0.000130
-0.016375
-0.032271
-0.044257
-0.049009
-0.047269
-0.036534
-0.026300
-0.011735
0.002934
0.008745
0.007243
-0.004532
-0.021873
-0.038132
-0.052679
-0.062426
-0.063233
-0.057976
-0.046513
-0.035612
-0.027710
-0.024428
-0.025697
-0.032954
-0.039207
-0.044490
-0.044560
-0.036664
-0.024046
-0.007896
0.007863
0.022564
0.036869
0.048431
0.060398
0.066619
0.071307
0.074289
0.069484
0.061801
0.048267
0.031745
0.014638
-0.000377
-0.011870
-0.015506
-0.018649
-0.016894
-0.014373
-0.018042
-0.020756
-0.032046
-0.041892
-0.050088
-0.053323
-0.049956
-0.039886
-0.026216
-0.012015
-0.002981
-0.000235
-0.006330
-0.017039
-0.030394
-0.044948
-0.052539
-0.056094
-0.047257
-0.034472
-0.016604
0.002164
0.018808
0.034859
0.043176
0.048028
0.051957
0.051817
0.053760
0.053112
0.053789
0.055453
0.056497
0.060113
0.059409
0.059784
0.054346
0.045985
0.031804
0.013970
-0.007019
-0.028435
-0.046417
-0.057611
-0.061097
-0.055867
-0.041833
-0.027964
-0.014441
-0.005864
-0.004294
-0.009633
-0.019348
-0.029142
-0.034554
-0.037978
-0.033191
-0.025054
-0.014410
-0.006174
0.001983
0.003707
0.003888
-0.001204
-0.005586
-0.004413
0.002244
0.013220
0.028666
0.044455
0.058434
0.070333
0.077169
0.082819
0.079657
0.073963
0.064288
0.050272
0.034938
0.019873
0.008256
0.001812
0.002483
0.008758
0.018674
0.027144
0.038756
0.042644
0.039965
0.027167
0.005464
-0.019780
-0.043712
-0.062423
-0.069359
-0.063754
-0.047875
-0.020210
0.009914
0.037856
0.061964
0.071288
0.070736
0.056706
0.034331
0.011167
-0.011361
-0.025308
-0.031080
-0.027849
-0.018150
-0.007955
0.001508
0.001300
-0.006179
-0.020076
-0.035871
-0.049008
-0.060182
-0.062821
-0.058325
-0.045356
-0.031688
-0.016241
-0.010291
-0.009347
-0.019103
-0.031473
-0.040763
-0.046503
-0.043189
-0.031775
-0.014627
0.005918
0.018274
0.030398
0.028830
0.016473
-0.003777
-0.027729
-0.049482
-0.064076
-0.072438
-0.071954
-0.064397
-0.054991
-0.044843
-0.039736
-0.039376
-0.043151
-0.049097
-0.054680
-0.054672
-0.049675
-0.036605
-0.019142
0.002478
0.026679
0.046734
0.059225
0.062759
0.057331
0.042651
0.023639
0.001262
-0.020437
-0.032188
-0.037975
-0.031637
-0.017488
0.003067
0.024846
0.043931
0.056625
0.064922
0.066096
0.065712
0.061632
0.059342
0.057541
0.057709
0.059047
0.059114
0.059487
0.056693
0.057060
0.053873
0.053279
0.052521
0.051868
0.050915
0.047965
0.041501
0.033863
0.025817
0.019983
0.020292
0.021547
0.029297
0.037923
0.044788
0.049000
0.045486
0.036271
0.015919
-0.004645
-0.022489
-0.041149
-0.050055
-0.053549
-0.050713
-0.040083
-0.028671
-0.012587
0.001414
0.014761
0.029622
0.038133
0.051161
0.056671
0.060224
0.060605
0.055148
0.050271
0.042970
0.039708
0.037505
0.040596
0.042829
0.049628
0.051536
0.046541
0.036711
0.017978
-0.003027
-0.023527
-0.041093
-0.053696
-0.058056
-0.060915
-0.057478
-0.056712
-0.057296
-0.060938
-0.064109
-0.066832
-0.065267
-0.057185
-0.044357
-0.026410
-0.008408
0.007103
0.016425
0.020998
0.013869
0.005563
-0.009357
-0.024768
-0.039168
-0.047255
-0.051586
-0.053028
-0.050592
-0.046840
-0.039848
-0.034115
-0.029072
-0.027490
-0.028706
-0.030868
-0.038505
-0.046389
-0.055696
-0.062606
-0.067129
-0.066860
-0.061194
-0.056321
-0.048430
-0.043903
-0.041569
-0.044435
-0.049000
-0.055012
-0.060163
-0.062934
-0.064472
-0.061533
-0.060267
-0.057830
-0.059955
-0.061214
-0.064007
-0.065166
-0.062301
-0.054484
-0.039574
-0.020762
-0.000627
0.017644
0.030887
0.039797
0.039953
0.036374
0.032690
0.028306
0.029676
0.033179
0.038959
0.044614
0.050659
0.052944
0.050462
0.048011
0.038548
0.028475
0.017092
0.003826
-0.011905
-0.026964
-0.038238
-0.047144
-0.049875
-0.042668
-0.033622
-0.017165
-0.000699
0.011093
0.018741
0.012143
-0.002372
-0.023667
-0.044360
-0.060322
-0.067563
-0.065680
-0.051714
-0.031070
-0.007362
0.013542
0.030122
0.038457
0.043946
0.043736
0.042504
0.040450
0.043270
0.046403
0.051960
0.056572
0.057648
0.058958
0.058369
0.059033
0.059360
0.062685
0.064216
0.065172
0.062054
0.053702
0.041638
0.024795
0.007907
-0.006613
-0.015984
-0.019057
-0.015191
-0.008387
0.004018
0.018982
0.029853
0.037537
0.042144
0.046024
0.045739
0.049028
0.051538
0.057659
0.063622
0.067164
0.069393
0.063242
0.053504
0.033821
0.010301
-0.011556
-0.030973
-0.046930
-0.054468
-0.057662
-0.053522
-0.051469
-0.047790
-0.047757
-0.052674
-0.059842
-0.066829
-0.070509
-0.069256
-0.059178
-0.045059
-0.026497
-0.008772
0.004988
0.015270
0.020756
0.018182
0.018334
0.013798
0.017168
0.020695
0.025825
0.030415
0.034749
0.038113
0.040926
0.044041
0.047044
0.054143
0.059330
0.064997
0.063692
0.058316
0.047206
0.030856
0.015619
0.002131
-0.003978
-0.005172
0.001389
0.011639
0.022157
0.027199
0.022296
0.008685
-0.012200
-0.035102
-0.054583
-0.068715
-0.071285
-0.065367
-0.048708
-0.024288
-0.002080
0.024311
0.044645
0.056607
0.061010
0.057199
0.047658
0.033192
0.013015
-0.005286
-0.023320
-0.042007
-0.052427
-0.056833
-0.052539
-0.039656
-0.023325
-0.000039
0.017494
0.031908
0.039236
0.035448
0.023337
0.003290
-0.018858
-0.040114
-0.057083
-0.064363
-0.062930
-0.052622
-0.030879
-0.009304
0.017229
0.041534
0.055940
0.064437
0.061468
0.048840
0.028947
0.004368
-0.020135
-0.038814
-0.052143
-0.056060
-0.056067
-0.047494
-0.038845
-0.030076
-0.026945
-0.025593
-0.030449
-0.037506
-0.042971
-0.049325
-0.047052
-0.040243
-0.027288
-0.008814
0.009618
0.025297
0.042203
0.051239
0.060315
0.064589
0.065666
0.063062
0.058484
0.054187
0.049746
0.048827
0.048586
0.051836
0.054527
0.059239
0.061107
0.060856
0.058680
0.055006
0.051779
0.046493
0.046629
0.045495
0.047442
0.046804
0.044576
0.036077
0.021897
0.002871
-0.017871
-0.037111
-0.050834
-0.059167
-0.058610
-0.049468
-0.039773
-0.024728
-0.015009
-0.003468
0.006343
0.013415
0.021691
0.029195
0.038574
0.050661
0.063548
0.072206
0.072355
0.067670
0.052854
0.033042
0.009504
-0.012373
-0.028412
-0.036209
-0.038734
-0.029525
-0.019896
-0.008183
0.001142
0.001047
-0.005805
-0.019287
-0.034102
-0.050312
-0.062955
-0.070283
-0.071079
-0.069107
-0.061249
-0.053647
-0.046698
-0.041673
-0.039276
-0.036868
-0.037694
-0.031826
-0.025286
-0.017257
-0.002412
0.008267
0.016326
0.015294
0.004483
-0.013471
-0.034767
-0.054096
-0.067354
-0.072962
-0.065784
-0.047612
-0.021703
0.005618
0.029291
0.042638
0.049018
0.040884
0.025654
0.012432
0.001843
0.001137
0.008047
0.020368
0.033333
0.045805
0.049997
0.047154
0.033034
0.013127
-0.010527
-0.032307
-0.050619
-0.059673
-0.066983
-0.065053
-0.061022
-0.053165
-0.037177
-0.028800
-0.012404
-0.000543
0.008448
0.010054
0.002231
-0.012591
-0.030642
-0.048923
-0.061590
-0.067666
-0.063780
-0.047153
-0.023790
0.002633
0.026193
0.041842
0.047716
0.043913
0.032974
0.021015
0.011531
0.008666
0.012674
0.021095
0.030403
0.039813
0.044988
0.044233
0.039484
0.032005
0.021897
0.016061
0.011947
0.009503
0.010479
0.006555
0.005689
0.002166
-0.001469
-0.006307
-0.009200
-0.010716
-0.010105
-0.009320
-0.011905
-0.015046
-0.021164
-0.025532
-0.030570
-0.031275
-0.029028
-0.019128
-0.005139
0.009573
0.029538
0.039093
0.046574
0.048020
0.042719
0.035036
0.025948
0.019478
0.016671
0.019150
0.020498
0.026702
0.028489
0.025280
0.016049
0.000337
-0.018281
-0.036770
-0.053469
-0.063724
-0.070239
-0.071474
-0.067725
-0.063669
-0.053872
-0.045408
-0.033552
-0.017555
0.001297
0.020173
0.037007
0.049885
0.056580
0.053479
0.047100
0.032357
0.016757
0.004292
-0.001690
0.003154
0.014732
0.027909
0.040820
0.050864
0.051300
0.048650
0.037455
0.027870
0.018193
0.011130
0.011086
0.014044
0.015415
0.013427
0.003166
-0.012697
-0.033863
-0.053060
-0.067483
-0.073269
-0.066434
-0.050258
-0.025275
-0.000279
0.021344
0.033572
0.037037
0.027388
0.012000
-0.007777
-0.027265
-0.039971
-0.048491
-0.046629
-0.041280
-0.031537
-0.019664
-0.014150
-0.001913
0.005042
0.012229
0.018062
0.022768
0.030107
0.035587
0.043081
0.047160
0.055038
0.060105
0.063792
0.064702
0.059610
0.049710
0.033695
0.011411
-0.012123
-0.036001
-0.054154
-0.066226
-0.068693
-0.058295
-0.039722
-0.015064
0.010088
0.029856
0.041968
0.045186
0.034360
0.015946
-0.005529
-0.026184
-0.040492
-0.050762
-0.051728
-0.046964
-0.040210
-0.028862
-0.024279
-0.022214
-0.025480
-0.032884
-0.040960
-0.049696
-0.055921
-0.061885
-0.058854
-0.057919
-0.046000
-0.032679
-0.020442
-0.001962
0.009788
0.016801
0.015542
0.004904
-0.011792
-0.031938
-0.050480
-0.061591
-0.068274
-0.063060
-0.049473
-0.030044
-0.008204
0.010796
0.025196
0.033949
0.035186
0.032821
0.031100
0.032157
0.035068
0.039627
0.047448
0.052183
0.057013
0.054624
0.051867
0.047534
0.043261
0.042087
0.043148
0.047590
0.052211
0.058474
0.058759
0.058472
0.050409
0.037617
0.025366
0.008741
-0.001110
-0.010237
-0.013451
-0.008262
0.001670
0.016053
0.031729
0.045554
0.058197
0.066816
0.072806
0.077163
0.075809
0.074282
0.066128
0.057525
0.042257
0.024907
0.004349
-0.017955
-0.035864
-0.050413
-0.058543
-0.059639
-0.056573
-0.047383
-0.041108
-0.037035
-0.038584
-0.045567
-0.054117
-0.063244
-0.065484
-0.062153
-0.047030
-0.024381
0.001899
0.029626
0.049997
0.064520
0.067861
0.059300
0.043801
0.022358
0.001316
-0.015385
-0.026175
-0.030181
-0.026470
-0.020345
-0.006767
0.004764
0.016498
0.025782
0.032422
0.039350
0.038718
0.035730
0.031359
0.025689
0.019934
0.017075
0.016357
0.019451
0.025944
0.031857
0.038666
0.043951
0.048898
0.053029
0.053289
0.054593
0.053792
0.053236
0.052747
0.048836
0.045527
0.037159
0.031196
0.021951
0.013959
0.011734
0.008924
0.011501
0.016196
0.023057
0.027342
0.033061
0.032329
0.030202
0.026136
0.019811
0.011453
-0.001288
-0.010358
-0.024471
-0.033180
-0.041206
-0.044825
-0.039806
-0.029419
-0.014805
0.000425
0.014409
0.026198
0.030203
0.026454
0.016669
0.002827
-0.009482
-0.018351
-0.018311
-0.015628
0.000386
0.017826
0.031013
0.038861
0.039100
0.033001
0.023922
0.013817
0.008411
0.010386
0.015510
0.025780
0.038692
0.048112
0.053234
0.052173
0.041376
0.029632
0.017429
0.008057
0.005928
0.009086
0.018387
0.031044
0.042610
0.053791
0.059876
0.062602
0.061361
0.056513
0.052548
0.048522
0.047559
0.047868
0.049029
0.049364
0.046021
0.042456
0.029917
0.013962
-0.003746
-0.021150
-0.034457
-0.043351
-0.045273
-0.041238
-0.034987
-0.026160
-0.017976
-0.015119
-0.019329
-0.027066
-0.039087
-0.048106
-0.053572
-0.052471
-0.044064
-0.028536
-0.007091
0.012676
0.030494
0.042960
0.049650
0.051365
0.050977
0.047741
0.043391
0.039168
0.032240
0.023318
0.014975
0.004387
-0.004519
-0.009405
-0.007377
0.000258
0.015479
0.032076
0.047064
0.060414
0.064397
0.059760
0.045432
0.021302
-0.002408
-0.027313
-0.046411
-0.056526
-0.056726
-0.043460
-0.022524
0.002920
0.028212
0.047374
0.056863
0.056911
0.045885
0.024548
0.000314
-0.027620
-0.048291
-0.061751
-0.065192
-0.058869
-0.046491
-0.027616
-0.011686
0.001429
0.008325
0.008445
0.002784
-0.001594
-0.010742
-0.020705
-0.027392
-0.035548
-0.037229
-0.042797
-0.044676
-0.047929
-0.047953
-0.042804
-0.034980
-0.020381
-0.003662
0.012942
0.033117
0.046661
0.055771
0.055901
0.049771
0.036600
0.018565
0.000475
-0.016747
-0.032562
-0.042260
-0.051771
-0.056554
-0.057987
-0.058494
-0.057095
-0.056575
-0.054254
-0.053843
-0.052668
-0.053051
-0.051080
-0.048266
-0.042062
-0.031303
-0.017668
0.002029
0.021557
0.037565
0.050966
0.055283
0.052511
0.042497
0.026378
0.013703
0.002030
-0.001941
0.003099
0.015416
0.028640
0.044127
0.052010
0.053465
0.048166
0.037636
0.024433
0.011249
0.006304
0.005462
0.015143
0.024611
0.032576
0.039019
0.036698
0.029422
0.016591
0.003242
-0.006746
-0.016724
-0.018064
-0.013991
-0.005179
0.004793
0.014738
0.018408
0.022090
0.019293
0.009993
-0.000963
-0.017689
-0.032063
-0.045476
-0.054296
-0.054433
-0.046065
-0.029109
-0.006441
0.016964
0.038241
0.052777
0.057955
0.054305
0.043691
0.030743
0.018288
0.009321
0.007604
0.010417
0.013200
0.022596
0.025663
0.025232
0.022441
0.013377
0.007136
0.000362
-0.005590
-0.007625
-0.010652
-0.016133
-0.019731
-0.028866
-0.034003
-0.038874
-0.040084
-0.032132
-0.024186
-0.011911
-0.003388
-0.001142
-0.005169
-0.015723
-0.029958
-0.043643
-0.058087
-0.061086
-0.054480
-0.038669
-0.017126
0.005410
0.024989
0.039490
0.043067
0.041225
0.033700
0.023708
0.014157
0.009767
0.005492
0.009541
0.016840
0.022249
0.031224
0.037681
0.046318
0.051991
0.055361
0.055709
0.051008
0.042308
0.025225
0.005691
-0.014434
-0.033791
-0.047203
-0.054173
-0.053358
-0.042943
-0.026398
-0.006375
0.013404
0.029433
0.041947
0.047174
0.048100
0.044748
0.031565
0.022085
0.006162
-0.004926
-0.013440
-0.021411
-0.021672
-0.015761
-0.003891
0.012139
0.029044
0.043411
0.054912
0.060850
0.064319
0.063640
0.062368
0.060848
0.060631
0.061363
0.061164
0.061089
0.057965
0.056066
0.052545
0.048896
0.046718
0.046757
0.046687
0.047032
0.044130
0.034442
0.021017
0.002776
-0.017421
-0.035164
-0.048693
-0.056041
-0.056145
-0.053528
-0.042497
-0.031043
-0.014387
-0.003765
0.005100
0.015519
0.020726
0.027663
0.033633
0.041466
0.049360
0.053746
0.058925
0.059993
0.060198
0.058673
0.052843
0.049130
0.042295
0.034808
0.027799
0.022083
0.015367
0.009525
0.003393
-0.008076
-0.015236
-0.026462
-0.035970
-0.043287
-0.049368
-0.047957
-0.041974
-0.030477
-0.015000
0.003163
0.020295
0.034662
0.042655
0.051635
0.057265
0.061177
0.063098
0.063499
0.063635
0.059186
0.051198
0.034761
0.013701
-0.009977
-0.035757
-0.053800
-0.066052
-0.067754
-0.058346
-0.041417
-0.019277
0.002603
0.019580
0.031962
0.035238
0.033578
0.029342
0.023145
0.021654
0.024026
0.030069
0.037152
0.045007
0.048684
0.050940
0.051405
0.042619
0.034430
0.022600
0.009332
-0.001016
-0.018053
-0.030151
-0.040971
-0.047660
-0.046882
-0.043077
-0.030785
-0.015189
0.000231
0.016974
0.023038
0.021081
0.009778
-0.008713
-0.028739
-0.049612
-0.065337
-0.068953
-0.065171
-0.048025
-0.025021
-0.000383
0.026863
0.045304
0.054821
0.054857
0.044432
0.028053
0.005958
-0.016333
-0.034878
-0.048542
-0.056930
-0.054330
-0.049479
-0.037116
-0.024086
-0.010642
0.000563
0.010004
0.014079
0.013100
0.012083
0.006562
0.001794
0.000283
-0.001357
-0.000976
-0.001135
-0.002828
-0.008592
-0.016503
-0.026245
-0.035404
-0.041421
-0.041038
-0.035948
-0.025044
-0.013641
-0.004995
-0.001712
-0.006570
-0.015459
-0.030314
-0.044388
-0.056933
-0.060003
-0.052968
-0.038084
-0.015211
0.006796
0.028461
0.040523
0.043244
0.037390
0.025860
0.011033
-0.000941
-0.009056
-0.011264
-0.001617
0.010876
0.027177
0.040322
0.049170
0.050209
0.043662
0.028137
0.011203
-0.009246
-0.026796
-0.037548
-0.045462
-0.043947
-0.040101
-0.032418
-0.024203
-0.019112
-0.007525
0.000655
0.010377
0.019207
0.029606
0.036512
0.039771
0.036344
0.024428
0.007450
-0.012968
-0.033176
-0.050249
-0.059834
-0.064033
-0.060803
-0.055319
-0.050700
-0.046881
-0.047836
-0.051640
-0.058178
-0.061785
-0.061739
-0.053470
-0.036357
-0.014658
0.010845
0.033865
0.051469
0.064229
0.064324
0.058798
0.043533
0.025237
0.004440
-0.016509
-0.031553
-0.047181
-0.058364
-0.064622
-0.068909
-0.067940
-0.065181
-0.060638
-0.054333
-0.049033
-0.044188
-0.042799
-0.043096
-0.046538
-0.049928
-0.054463
-0.057107
-0.058127
-0.059088
-0.058379
-0.059599
-0.059783
-0.062480
-0.063138
-0.065061
-0.063107
-0.059941
-0.054023
-0.048216
-0.045033
-0.042379
-0.043315
-0.046190
-0.051116
-0.053008
-0.050896
-0.042549
-0.026945
-0.008491
0.012445
0.033424
0.048648
0.059691
0.064563
0.066551
0.063912
0.059641
0.055635
0.051142
0.049373
0.046562
0.046716
0.042570
0.039054
0.031023
0.021148
0.010941
-0.004300
-0.019873
-0.033427
-0.042951
-0.048892
-0.049841
-0.044311
-0.031218
-0.016128
0.004154
0.025023
0.041323
0.052865
0.057731
0.055932
0.046649
0.030730
0.013704
-0.006381
-0.024670
-0.037243
-0.047761
-0.050086
-0.049462
-0.044295
-0.035883
-0.030241
-0.020455
-0.013401
-0.008277
-0.001495
0.004813
0.013150
0.022687
0.034443
0.042318
0.053287
0.060454
0.063711
0.064919
0.060613
0.056457
0.049253
0.043725
0.039627
0.038823
0.041448
0.045746
0.053406
0.060998
0.068898
0.073112
0.074493
0.071057
0.062002
0.050340
0.035902
0.021452
0.009603
0.002694
0.001061
0.005057
0.012533
0.024802
0.034567
0.046307
0.053699
0.062218
0.068053
0.067709
0.067656
0.061490
0.054940
0.043457
0.028895
0.013087
-0.005044
-0.021301
-0.037029
-0.050217
-0.058687
-0.063645
-0.064852
-0.061441
-0.055926
-0.045057
-0.037922
-0.028845
-0.024186
-0.021715
-0.023844
-0.031379
-0.041526
-0.051288
-0.056698
-0.058383
-0.051301
-0.042470
-0.026515
-0.010360
0.002400
0.007444
0.007056
-0.004803
-0.018769
-0.035600
-0.052160
-0.057228
-0.057034
-0.045655
-0.026464
-0.006671
0.014427
0.025297
0.028038
0.017477
-0.002376
-0.027351
-0.049890
-0.066793
-0.072668
-0.066333
-0.049505
-0.024153
0.002362
0.024081
0.039910
0.042413
0.038073
0.028421
0.014755
0.005136
0.000616
0.003543
0.012823
0.025407
0.040283
0.054431
0.065383
0.074210
0.079456
0.079687
0.076931
0.067865
0.057185
0.040082
0.021184
0.003439
-0.010988
-0.018925
-0.021064
-0.016225
-0.003255
0.011146
0.026469
0.040833
0.046917
0.046829
0.041068
0.029480
0.017485
0.004473
-0.009739
-0.019591
-0.032889
-0.039209
-0.044801
-0.046525
-0.046395
-0.041897
-0.033561
-0.024224
-0.016090
-0.012190
-0.010488
-0.017243
-0.023687
-0.035880
-0.045763
-0.051412
-0.051001
-0.041634
-0.027897
-0.006874
0.015501
0.033537
0.048416
0.052770
0.049843
0.041811
0.027038
0.014999
0.001198
-0.007611
-0.007689
-0.005026
0.002926
0.011452
0.022569
0.027452
0.033364
0.032240
0.025118
0.015617
0.002318
-0.013422
-0.026881
-0.038455
-0.043153
-0.040299
-0.030166
-0.015946
0.002041
0.019865
0.035818
0.047349
0.055511
0.056739
0.057399
0.054423
0.047534
0.039637
0.028596
0.016935
0.000643
-0.013754
-0.030423
-0.042854
-0.048617
-0.049257
-0.039790
-0.027618
-0.013612
-0.000708
0.006341
0.005712
-0.004746
-0.020430
-0.038173
-0.050574
-0.060756
-0.062586
-0.058368
-0.049532
-0.041154
-0.033779
-0.030977
-0.029835
-0.030237
-0.033538
-0.028582
-0.018114
-0.003144
0.014968
0.033367
0.048674
0.060558
0.066986
0.066084
0.062914
0.053499
0.044041
0.032306
0.017203
0.004655
-0.005082
-0.009085
-0.007093
0.001333
0.015852
0.031142
0.045826
0.059466
0.064329
0.060802
0.045966
0.023858
0.000485
-0.025119
-0.042642
-0.052665
-0.056050
-0.051095
-0.042892
-0.032495
-0.025772
-0.021335
-0.024267
-0.028584
-0.037600
-0.043721
-0.050774
-0.055294
-0.059216
-0.061340
-0.058663
-0.054066
-0.046172
-0.032734
-0.016743
0.003734
0.023587
0.043094
0.057512
0.063497
0.062395
0.049557
0.028106
0.004414
-0.020653
-0.040980
-0.055663
-0.061574
-0.057864
-0.051668
-0.042129
-0.036354
-0.033171
-0.033370
-0.037743
-0.041732
-0.042834
-0.036211
-0.019458
0.003302
0.028757
0.050495
0.065379
0.070068
0.061475
0.042750
0.015656
-0.012522
-0.035180
-0.052089
-0.060504
-0.061204
-0.057827
-0.052094
-0.049978
-0.048925
-0.052328
-0.055571
-0.060530
-0.062672
-0.062624
-0.059659
-0.056035
-0.055031
-0.051338
-0.052172
-0.050952
-0.051180
-0.048046
-0.042689
-0.032905
-0.024777
-0.015507
-0.014121
-0.018258
-0.023858
-0.036453
-0.043745
-0.047524
-0.044380
-0.031932
-0.013827
0.005493
0.025004
0.033960
0.032340
0.019121
-0.004032
-0.029907
-0.053109
-0.068865
-0.072713
-0.067077
-0.050348
-0.029873
-0.008991
0.007527
0.016790
0.021821
0.022757
0.018623
0.020677
0.021396
0.026909
0.034040
0.041232
0.045548
0.047473
0.047384
0.043200
0.043013
0.040017
0.040173
0.042855
0.046434
0.049673
0.052146
0.054032
0.049849
0.046189
0.035924
0.026552
0.014191
-0.004295
-0.019838
-0.034537
-0.045657
-0.050097
-0.049227
-0.039980
-0.027434
-0.011718
0.005732
0.011510
0.010800
-0.000203
-0.019310
-0.039660
-0.058199
-0.068371
-0.065582
-0.051457
-0.026275
0.004051
0.032036
0.053698
0.064670
0.060002
0.048139
0.027864
0.011468
0.000541
-0.000655
0.005597
0.015326
0.027375
0.032499
0.032045
0.019977
-0.002197
-0.028324
-0.053662
-0.068960
-0.075332
-0.069409
-0.050742
-0.026924
-0.000803
0.020609
0.032979
0.034043
0.027367
0.007409
-0.011786
-0.033748
-0.049267
-0.056204
-0.056514
-0.047959
-0.032021
-0.013488
0.007529
0.022744
0.035349
0.043708
0.045187
0.044293
0.039257
0.035738
0.032294
0.027175
0.026887
0.019121
0.015612
0.004220
-0.009870
-0.021661
-0.031395
-0.036954
-0.037502
-0.030366
-0.020515
-0.009347
0.002222
0.007446
0.007977
-0.001784
-0.014042
-0.027678
-0.039227
-0.040555
-0.036416
-0.023248
-0.003767
0.015919
0.035500
0.045375
0.050241
0.048194
0.041581
0.034700
0.024907
0.024089
0.025746
0.035056
0.043725
0.053634
0.059466
0.061104
0.056438
0.047595
0.034659
0.019034
0.005747
-0.005828
-0.014501
-0.015088
-0.013157
-0.007313
0.002058
0.008804
0.014016
0.017014
0.015320
0.009072
0.000038
-0.009818
-0.017818
-0.027155
-0.034306
-0.040434
-0.046446
-0.052108
-0.059622
-0.064234
-0.069198
-0.070172
-0.067066
-0.061789
-0.047617
-0.035072
-0.019240
-0.007443
-0.000153
0.001355
-0.002135
-0.010429
-0.018934
-0.031047
-0.047195
-0.057958
-0.067271
-0.070875
-0.071486
-0.066738
-0.057606
-0.045132
-0.029166
-0.012967
0.002664
0.015269
0.022771
0.025385
0.023972
0.011750
0.002804
-0.014633
-0.030565
-0.040186
-0.050258
-0.051390
-0.050056
-0.043339
-0.035174
-0.028619
-0.025746
-0.024146
-0.028374
-0.033259
-0.037337
-0.038020
-0.028431
-0.011077
0.011702
0.035985
0.056007
0.067685
0.071658
0.062449
0.047585
0.028573
0.011950
-0.000066
-0.002959
-0.005317
-0.002921
-0.002712
-0.003707
-0.008201
-0.020962
-0.031963
-0.041329
-0.045550
-0.041963
-0.031408
-0.018801
-0.006171
-0.000772
-0.002030
-0.011741
-0.025320
-0.040838
-0.054761
-0.061475
-0.059832
-0.044961
-0.026305
-0.001553
0.023566
0.036616
0.044419
0.037271
0.019250
-0.005560
-0.032810
-0.056445
-0.069369
-0.073390
-0.064902
-0.045502
-0.021747
0.003079
0.022406
0.031497
0.033717
0.021653
0.002174
-0.016108
-0.036118
-0.045597
-0.049800
-0.045907
-0.036977
-0.026206
-0.017206
-0.012698
-0.016567
-0.026061
-0.038616
-0.049602
-0.058170
-0.056383
-0.049271
-0.031385
-0.006869
0.017491
0.041883
0.058482
0.066662
0.065008
0.051059
0.031295
0.005770
-0.019352
-0.037379
-0.052117
-0.057528
-0.058052
-0.055683
-0.051585
-0.050891
-0.051586
-0.056281
-0.059476
-0.063933
-0.063823
-0.061414
-0.054182
-0.047476
-0.039279
-0.034989
-0.035412
-0.038258
-0.044301
-0.048109
-0.048193
-0.043694
-0.032038
-0.017328
0.003195
0.019948
0.036340
0.051072
0.059188
0.068362
0.072137
0.073916
0.072608
0.066725
0.058595
0.044832
0.030578
0.014735
0.001502
-0.007575
-0.011554
-0.012686
-0.006185
0.000868
0.012313
0.020267
0.026954
0.035428
0.038877
0.043110
0.045178
0.045441
0.044832
0.037520
0.027767
0.012455
-0.003017
-0.021996
-0.042435
-0.053950
-0.058326
-0.054362
-0.041694
-0.022472
-0.001197
0.018534
0.031658
0.037622
0.035398
0.024237
0.007522
-0.012704
-0.032255
-0.048041
-0.060655
-0.067478
-0.069988
-0.069625
-0.063047
-0.057710
-0.044199
-0.034264
-0.018912
-0.005785
0.002510
0.006092
0.003871
-0.005983
-0.020148
-0.034817
-0.050268
-0.059715
-0.063277
-0.053514
-0.036746
-0.014230
0.013002
0.034772
0.046927
0.049523
0.040175
0.021480
-0.002346
-0.026613
-0.045221
-0.058010
-0.062670
-0.060994
-0.057930
-0.050902
-0.048088
-0.046983
-0.050821
-0.055035
-0.060890
-0.065272
-0.068005
-0.069111
-0.064942
-0.061691
-0.051134
-0.039977
-0.023738
-0.002862
0.015206
0.035491
0.048973
0.057360
0.058766
0.051054
0.039043
0.022653
0.009592
0.002605
0.002680
0.009165
0.021050
0.032567
0.040488
0.044076
0.039977
0.031570
0.017060
0.005032
-0.005609
-0.006690
-0.000675
0.010370
0.026747
0.040161
0.050567
0.051334
0.045220
0.031827
0.010069
-0.008918
-0.029325
-0.045213
-0.049397
-0.046978
-0.038219
-0.027420
-0.016687
-0.011904
-0.014548
-0.021387
-0.032834
-0.044580
-0.053313
-0.055949
-0.051581
-0.042492
-0.029749
-0.021069
-0.015039
-0.014227
-0.018520
-0.026153
-0.030642
-0.035038
-0.034792
-0.028863
-0.022725
-0.015089
-0.007584
-0.003762
-0.001376
0.001055
-0.000354
0.007817
0.013681
0.021420
0.026008
0.029374
0.022686
0.012558
-0.005136
-0.025637
-0.040673
-0.052211
-0.054906
-0.049388
-0.036354
-0.017941
0.004267
0.022230
0.034584
0.042729
0.044871
0.043777
0.038020
0.033819
0.028950
0.023690
0.019564
0.012090
0.005171
-0.006414
-0.011683
-0.019185
-0.018859
-0.009445
0.005709
0.025755
0.045989
0.060106
0.069994
0.067460
0.053562
0.033292
0.003915
-0.022120
-0.043408
-0.059433
-0.063846
-0.061979
-0.054971
-0.047174
-0.042409
-0.040002
-0.043313
-0.044447
-0.049289
-0.047074
-0.039224
-0.025181
-0.005096
0.016404
0.036268
0.051807
0.059252
0.060286
0.054283
0.042855
0.028441
0.012901
0.004247
-0.007964
-0.012242
-0.012971
-0.010793
-0.005533
0.002695
0.008602
0.012045
0.014843
0.010397
0.003908
-0.006212
-0.019879
-0.031636
-0.043870
-0.050106
-0.054125
-0.052630
-0.048828
-0.042070
-0.035666
-0.031333
-0.029433
-0.029813
-0.032458
-0.038353
-0.046894
-0.058226
-0.066152
-0.072709
-0.078415
-0.076132
-0.070502
-0.056256
-0.040417
-0.021648
-0.002479
0.011618
0.017002
0.018022
0.010094
-0.003144
-0.019006
-0.033846
-0.043214
-0.047873
-0.045461
-0.036678
-0.026790
-0.013366
0.001899
0.016310
0.027629
0.036857
0.047120
0.051881
0.054122
0.050465
0.044188
0.038667
0.030784
0.029087
0.025443
0.030348
0.034347
0.038039
0.035944
0.027761
0.012300
-0.010037
-0.033498
-0.052420
-0.065212
-0.067570
-0.060327
-0.046103
-0.026323
-0.010531
0.002335
0.007122
0.008065
0.004331
-0.007040
-0.017300
-0.026700
-0.035965
-0.040808
-0.047087
-0.050747
-0.050048
-0.048210
-0.041913
-0.031127
-0.017649
-0.002328
0.013788
0.029262
0.042917
0.054177
0.066528
0.072864
0.078679
0.080628
0.077935
0.071424
0.057984
0.040929
0.022790
0.006874
-0.003158
-0.007654
-0.005482
0.003411
0.011296
0.019148
0.020532
0.012358
-0.004316
-0.025311
-0.046746
-0.062573
-0.071969
-0.072988
-0.066674
-0.058619
-0.048784
-0.042702
-0.041276
-0.046355
-0.050578
-0.055346
-0.053063
-0.044758
-0.030624
-0.009504
0.012470
0.031915
0.047644
0.059580
0.065509
0.065528
0.061686
0.057493
0.052483
0.049948
0.047433
0.046769
0.045948
0.042072
0.040247
0.029135
0.021336
0.011207
-0.002767
-0.009106
-0.014974
-0.009931
0.001436
0.018621
0.036811
0.054453
0.065362
0.068911
0.060031
0.041085
0.016207
-0.010750
-0.034646
-0.050915
-0.059956
-0.058320
-0.052298
-0.041822
-0.035046
-0.029105
-0.027784
-0.029482
-0.033217
-0.035038
-0.030599
-0.019668
-0.003998
0.014756
0.033476
0.050355
0.062350
0.068069
0.069126
0.062776
0.053368
0.041239
0.028053
0.012703
0.002478
-0.004016
-0.006043
0.000306
0.011603
0.026727
0.041034
0.053293
0.059927
0.064384
0.060546
0.054641
0.046074
0.039979
0.036789
0.036623
0.041045
0.046999
0.055958
0.059546
0.062105
0.061791
0.058076
0.053702
0.046458
0.042538
0.035590
0.030568
0.023864
0.015160
0.008864
0.000797
-0.008092
-0.017915
-0.025590
-0.032880
-0.037760
-0.041805
-0.047489
-0.051377
-0.054853
-0.058149
-0.058168
-0.059640
-0.054644
-0.050746
-0.044667
-0.036152
-0.031364
-0.023556
-0.020584
-0.021477
-0.024422
-0.028660
-0.035764
-0.041028
-0.045138
-0.045765
-0.040095
-0.035700
-0.023090
-0.009284
0.005413
0.019872
0.026065
0.029122
0.021066
0.006245
-0.013000
-0.033501
-0.051155
-0.062237
-0.067943
-0.065778
-0.061672
-0.054398
-0.049251
-0.047412
-0.048820
-0.053635
-0.057678
-0.058469
-0.053508
-0.042857
-0.026822
-0.004954
0.015236
0.035102
0.051915
0.062830
0.071218
0.072665
0.072822
0.067143
0.062874
0.055922
0.047737
0.042477
0.038601
0.039952
0.043307
0.049594
0.055704
0.061340
0.062239
0.056107
0.044827
0.024214
0.002798
-0.020019
-0.041679
-0.055959
-0.066014
-0.067732
-0.065830
-0.060275
-0.049894
-0.042903
-0.033929
-0.027984
-0.022235
-0.015219
-0.008530
0.002318
0.012919
0.026094
0.037617
0.045838
0.048159
0.043478
0.029730
0.008101
-0.016732
-0.039678
-0.056695
-0.065290
-0.062188
-0.051785
-0.033347
-0.012972
0.004421
0.013987
0.015931
0.007285
-0.004977
-0.021370
-0.040399
-0.051957
-0.058336
-0.054850
-0.043560
-0.027549
-0.006784
0.012963
0.032482
0.046248
0.055346
0.058367
0.053295
0.041886
0.027189
0.007718
-0.009794
-0.026810
-0.038657
-0.044922
-0.046828
-0.043150
-0.037058
-0.032023
-0.026499
-0.022232
-0.019008
-0.016189
-0.010078
-0.003393
0.010130
0.023643
0.034880
0.044781
0.046814
0.040981
0.029291
0.012846
-0.001216
-0.015110
-0.020123
-0.012872
0.003803
0.025264
0.046564
0.062329
0.068932
0.066636
0.051654
0.029880
0.005546
-0.016224
-0.032138
-0.039936
-0.043818
-0.036312
-0.031696
-0.029215
-0.031471
-0.037558
-0.045808
-0.053943
-0.058332
-0.059739
-0.052616
-0.042585
-0.028728
-0.015877
-0.002696
0.007929
0.015607
0.024893
0.031331
0.042817
0.054646
0.064364
0.072028
0.072959
0.067955
0.052956
0.031774
0.008309
-0.013756
-0.028932
-0.036328
-0.038419
-0.029669
-0.016596
-0.007830
-0.002485
-0.006911
-0.017034
-0.030196
-0.043900
-0.052130
-0.056547
-0.055580
-0.049123
-0.043523
-0.034329
-0.030870
-0.025568
-0.024193
-0.023757
-0.018739
-0.010076
-0.000805
0.007052
0.011549
0.011040
0.004920
-0.009285
-0.021594
-0.033602
-0.039666
-0.037861
-0.029313
-0.020814
-0.008312
-0.000049
0.002293
-0.004203
-0.014529
-0.027396
-0.038922
-0.043769
-0.042659
-0.030352
-0.012727
0.010366
0.030523
0.047171
0.057164
0.056405
0.048106
0.031092
0.013316
-0.008732
-0.030264
-0.046899
-0.057709
-0.061596
-0.055894
-0.045041
-0.028950
-0.007501
0.011990
0.029165
0.042264
0.050984
0.057242
0.058418
0.059610
0.057895
0.055326
0.051771
0.045375
0.035019
0.021861
0.008079
-0.009056
-0.022333
-0.032815
-0.039370
-0.039910
-0.038643
-0.033933
-0.025050
-0.017659
-0.008772
0.000105
0.008679
0.020046
0.026848
0.031419
0.029948
0.020762
0.005022
-0.015503
-0.036595
-0.052732
-0.063798
-0.064701
-0.057905
-0.043889
-0.024641
-0.008059
0.004570
0.011954
0.011400
0.008921
-0.001853
-0.016445
-0.025900
-0.040949
-0.046670
-0.053084
-0.055048
-0.050391
-0.042831
-0.029126
-0.013388
0.004053
0.020111
0.034077
0.040169
0.045403
0.041738
0.034524
0.022454
0.011714
0.001343
-0.008462
-0.016161
-0.023416
-0.029298
-0.036884
-0.042482
-0.048000
-0.054427
-0.057829
-0.059615
-0.059555
-0.056781
-0.054748
-0.048120
-0.045019
-0.038686
-0.030929
-0.024199
-0.015331
-0.005409
0.003028
0.012372
0.021990
0.028786
0.032930
0.040180
0.044859
0.053238
0.059747
0.066060
0.070546
0.070365
0.068606
0.059740
0.047367
0.033204
0.018768
0.007163
0.000349
-0.001362
0.002836
0.010968
0.020288
0.032068
0.044371
0.058279
0.065320
0.070391
0.072360
0.068216
0.059900
0.044271
0.026640
0.006276
-0.011869
-0.026254
-0.033783
-0.034649
-0.025172
-0.008173
0.009572
0.029326
0.045775
0.058737
0.061428
0.054697
0.042719
0.020766
-0.003404
-0.029262
-0.049250
-0.061730
-0.067927
-0.063088
-0.050582
-0.036148
-0.019181
-0.005867
0.000926
0.000704
-0.005318
-0.011899
-0.021550
-0.026677
-0.022591
-0.014454
-0.002259
0.010680
0.020867
0.023301
0.019056
0.005134
-0.010493
-0.023323
-0.033801
-0.038020
-0.036535
-0.030260
-0.020795
-0.012049
-0.002584
0.005483
0.009113
0.014899
0.021685
0.028950
0.037041
0.042443
0.043224
0.036889
0.023136
0.007813
-0.010426
-0.023145
-0.032523
-0.036870
-0.031305
-0.021673
-0.010565
-0.004174
0.002959
0.000133
-0.002078
-0.006542
-0.007666
-0.001003
0.010504
0.026687
0.043292
0.056312
0.066725
0.069776
0.068554
0.063729
0.056973
0.053485
0.048857
0.047997
0.047885
0.047899
0.045876
0.042105
0.035890
0.029876
0.026478
0.023374
0.027830
0.035045
0.048680
0.058669
0.070674
0.077289
0.077838
0.072616
0.058518
0.043232
0.024739
0.009866
-0.000555
-0.005734
-0.005461
-0.002859
0.002122
0.004687
0.002609
-0.002515
-0.013783
-0.024268
-0.031436
-0.035995
-0.029272
-0.020528
-0.005594
0.013348
0.027465
0.040518
0.045984
0.045007
0.041070
0.031148
0.020151
0.005802
-0.007337
-0.017151
-0.024797
-0.026504
-0.029189
-0.026983
-0.022303
-0.019340
-0.016296
-0.014194
-0.013754
-0.016073
-0.014867
-0.012421
-0.006431
0.001547
0.009334
0.015834
0.020447
0.019412
0.014793
0.003103
-0.012273
-0.023345
-0.032576
-0.037930
-0.037077
-0.032630
-0.024274
-0.015325
-0.003638
0.005141
0.016863
0.026400
0.030942
0.037734
0.037670
0.034714
0.027104
0.013176
-0.002810
-0.020137
-0.035420
-0.047871
-0.055164
-0.059959
-0.057007
-0.055192
-0.049185
-0.038730
-0.028227
-0.015860
-0.001521
0.014082
0.026329
0.035355
0.039036
0.034749
0.027653
0.016855
0.008355
0.004595
0.005075
0.013398
0.023605
0.037521
0.046353
0.051566
0.046251
0.034630
0.022980
0.011481
0.007312
0.009844
0.019312
0.027488
0.038352
0.043021
0.041899
0.027790
0.003709
-0.023771
-0.048865
-0.066679
-0.072463
-0.068160
-0.048486
-0.020468
0.007827
0.036933
0.055755
0.066580
0.067815
0.061110
0.052308
0.042782
0.037746
0.037258
0.041581
0.048014
0.057801
0.060892
0.056867
0.045363
0.027210
0.002420
-0.021487
-0.042555
-0.054956
-0.056203
-0.046497
-0.025405
0.000021
0.026296
0.047766
0.059020
0.061623
0.051716
0.033617
0.011087
-0.011796
-0.030394
-0.043504
-0.051758
-0.054921
-0.054836
-0.054389
-0.051973
-0.049238
-0.045615
-0.042289
-0.030276
-0.018027
-0.001609
0.016256
0.031015
0.041604
0.045978
0.042309
0.037854
0.027173
0.020761
0.016926
0.014520
0.020275
0.028923
0.039096
0.045187
0.051661
0.048702
0.044668
0.034572
0.021476
0.012753
-0.001189
-0.009250
-0.020559
-0.030683
-0.040735
-0.049265
-0.058127
-0.066591
-0.068721
-0.069137
-0.063960
-0.056555
-0.048852
-0.041711
-0.038579
-0.038245
-0.044073
-0.050117
-0.056815
-0.058545
-0.055667
-0.046252
-0.027025
-0.004680
0.019439
0.038740
0.053579
0.062868
0.059271
0.046208
0.029677
0.005760
-0.014702
-0.031695
-0.041671
-0.043008
-0.041361
-0.033812
-0.025571
-0.018356
-0.012929
-0.011594
-0.015873
-0.021213
-0.026708
-0.036823
-0.044324
-0.052724
-0.058590
-0.059248
-0.057634
-0.049626
-0.039311
-0.023860
-0.006928
0.009264
0.026371
0.041179
0.053645
0.063934
0.069155
0.073926
0.072560
0.072367
0.063507
0.052510
0.042009
0.026996
0.015384
0.005899
0.000826
0.002118
0.007185
0.016820
0.027369
0.039822
0.055102
0.064249
0.072517
0.077566
0.076218
0.071873
0.060061
0.044627
0.024891
0.004516
-0.013414
-0.026294
-0.031760
-0.028661
-0.019341
0.000512
0.022121
0.039908
0.056424
0.062514
0.058856
0.047379
0.028505
0.011048
-0.005043
-0.014165
-0.014284
-0.003562
0.010521
0.028390
0.045917
0.057861
0.062686
0.055151
0.039445
0.018661
-0.002685
-0.020811
-0.035316
-0.039553
-0.035014
-0.023263
-0.008140
0.002457
0.011774
0.011361
0.007295
-0.006885
-0.023019
-0.037634
-0.047908
-0.049591
-0.046015
-0.033455
-0.016866
0.003841
0.024602
0.040075
0.055230
0.061443
0.059757
0.051106
0.036568
0.016310
-0.006864
-0.026588
-0.040768
-0.049069
-0.051461
-0.048097
-0.043194
-0.037694
-0.035436
-0.035735
-0.040099
-0.047572
-0.053708
-0.059200
-0.061602
-0.063983
-0.062104
-0.061495
-0.058941
-0.059017
-0.058739
-0.058752
-0.059179
-0.058068
-0.058389
-0.055924
-0.055614
-0.054844
-0.056625
-0.056280
-0.055046
-0.053629
-0.049029
-0.044924
-0.038616
-0.034273
-0.030493
-0.032854
-0.037329
-0.044747
-0.053842
-0.062425
-0.068479
-0.068148
-0.066956
-0.059742
-0.051159
-0.042842
-0.037022
-0.034792
-0.035402
-0.039976
-0.044615
-0.051997
-0.057246
-0.063289
-0.064791
-0.064072
-0.061380
-0.051308
-0.042283
-0.027173
-0.013815
-0.002329
0.007793
0.008468
0.004026
-0.007524
-0.023126
-0.038295
-0.054204
-0.062868
-0.062516
-0.053153
-0.034218
-0.007656
0.016895
0.036213
0.051022
0.053645
0.042688
0.019586
-0.009193
-0.037154
-0.059774
-0.070446
-0.070543
-0.058259
-0.037511
-0.015552
0.002785
0.013646
0.015468
0.011918
-0.001344
-0.012081
-0.016662
-0.012247
0.004390
0.025937
0.048275
0.063120
0.073073
0.069031
0.054780
0.032991
0.008835
-0.013189
-0.027445
-0.039275
-0.041077
-0.038404
-0.036626
-0.034971
-0.037693
-0.040013
-0.046217
-0.048515
-0.054053
-0.054116
-0.055103
-0.055232
-0.055775
-0.056800
-0.057448
-0.058640
-0.058752
-0.059268
-0.057882
-0.058495
-0.059145
-0.063000
-0.064797
-0.066801
-0.063580
-0.054784
-0.040504
-0.019010
0.003895
0.024302
0.038316
0.044137
0.037057
0.024950
-0.001249
-0.028264
-0.046651
-0.060246
-0.060950
-0.056021
-0.042148
-0.022571
-0.009178
0.003251
0.006646
0.002756
-0.005048
-0.017311
-0.031463
-0.043573
-0.054054
-0.057721
-0.062158
-0.060536
-0.057011
-0.054041
-0.050613
-0.049363
-0.049294
-0.050512
-0.050793
-0.048673
-0.043660
-0.033890
-0.018417
-0.001229
0.020116
0.036585
0.050017
0.055463
0.051848
0.042739
0.025836
0.013204
0.003557
-0.000736
0.004616
0.015978
0.029906
0.043329
0.048903
0.052856
0.048137
0.037507
0.027268
0.015668
0.009447
0.008010
0.011165
0.015575
0.016072
0.010474
-0.002614
-0.020977
-0.040095
-0.057343
-0.066519
-0.068100
-0.058441
-0.035845
-0.009290
0.018643
0.044408
0.059473
0.065925
0.058336
0.041974
0.018885
-0.006042
-0.027481
-0.040389
-0.046144
-0.041558
-0.027675
-0.010405
0.013622
0.032645
0.049413
0.058545
0.056947
0.050185
0.033867
0.018218
-0.003666
-0.022817
-0.035502
-0.045794
-0.050412
-0.051597
-0.051903
-0.048626
-0.049440
-0.046735
-0.043598
-0.039669
-0.031856
-0.017646
-0.000607
0.019916
0.038094
0.051962
0.056596
0.053834
0.046076
0.029216
0.012583
-0.001673
-0.005600
-0.002466
0.009549
0.022373
0.038267
0.048631
0.054364
0.048651
0.033082
0.011839
-0.012482
-0.034915
-0.051549
-0.062899
-0.064433
-0.060111
-0.046372
-0.029193
-0.016888
0.000070
0.007961
0.011846
0.010527
0.003842
-0.005103
-0.013579
-0.021529
-0.023076
-0.018721
-0.013730
-0.007426
-0.005188
-0.007630
-0.014093
-0.024562
-0.037034
-0.048405
-0.055827
-0.059996
-0.058245
-0.056103
-0.050060
-0.046701
-0.043261
-0.041022
-0.038247
-0.034607
-0.029812
-0.024984
-0.019549
-0.014691
-0.012519
-0.013327
-0.017334
-0.017384
-0.014223
-0.002534
0.014530
0.036449
0.055459
0.070069
0.073919
0.067201
0.049593
0.024184
-0.001414
-0.022948
-0.036157
-0.038457
-0.031339
-0.015838
0.000033
0.008128
0.006952
-0.001267
-0.019014
-0.039185
-0.054043
-0.066263
-0.066821
-0.058851
-0.042267
-0.018650
0.004119
0.024305
0.041194
0.050527
0.058644
0.061018
0.064972
0.066949
0.068546
0.067513
0.060663
0.049926
0.031929
0.009780
-0.013611
-0.034709
-0.050221
-0.060182
-0.062912
-0.061097
-0.057595
-0.052329
-0.050097
-0.049648
-0.052181
-0.054121
-0.056437
-0.054705
-0.051924
-0.048152
-0.041994
-0.036489
-0.033646
-0.033428
-0.035769
-0.043261
-0.050011
-0.059508
-0.066565
-0.069951
-0.070590
-0.065117
-0.056280
-0.039648
-0.020482
0.000576
0.022132
0.040656
0.054006
0.061642
0.061767
0.058840
0.051193
0.045644
0.042099
0.042738
0.047166
0.054847
0.062403
0.067323
0.070246
0.066373
0.060683
0.050803
0.041791
0.034141
0.027127
0.019420
0.012396
0.005859
-0.002986
-0.014978
-0.026289
-0.036873
-0.042416
-0.037362
-0.027247
-0.009460
0.011060
0.031144
0.047083
0.056601
0.061209
0.060774
0.058441
0.058730
0.059551
0.064032
0.067119
0.070458
0.066242
0.057987
0.043257
0.025509
0.007490
-0.006428
-0.017738
-0.021444
-0.023469
-0.023410
-0.018694
-0.021634
-0.023138
-0.029960
-0.032691
-0.039279
-0.039296
-0.041641
-0.045393
-0.049450
-0.054661
-0.060553
-0.065313
-0.065391
-0.060292
-0.046106
-0.032126
-0.015701
-0.004728
0.001409
0.000736
-0.003406
-0.014074
-0.019112
-0.020364
-0.012537
0.003806
0.024756
0.045146
0.061794
0.070783
0.072593
0.069427
0.062895
0.058610
0.054846
0.056824
0.057293
0.057328
0.052562
0.040141
0.021678
-0.000260
-0.022626
-0.039109
-0.051515
-0.052774
-0.049816
-0.044559
-0.040386
-0.042623
-0.047766
-0.055996
-0.061940
-0.064915
-0.056430
-0.039503
-0.015721
0.015220
0.041999
0.062698
0.074106
0.071245
0.059466
0.038401
0.016267
-0.001917
-0.014082
-0.021618
-0.016654
-0.013208
-0.007004
-0.007308
-0.013486
-0.024084
-0.037699
-0.047209
-0.053537
-0.047434
-0.034032
-0.013738
0.008359
0.028647
0.042445
0.049054
0.048178
0.045551
0.039309
0.037858
0.037351
0.042060
0.048228
0.057153
0.061733
0.064108
0.063294
0.060941
0.060493
0.059594
0.061769
0.062579
0.064969
0.061745
0.054659
0.041730
0.025382
0.008152
-0.007055
-0.017937
-0.024021
-0.025452
-0.017941
-0.010734
-0.001664
0.007468
0.011754
0.021500
0.028826
0.037749
0.043421
0.043589
0.039974
0.031101
0.015878
-0.001340
-0.019113
-0.031617
-0.038376
-0.036273
-0.025750
-0.008434
0.011611
0.032140
0.048691
0.060707
0.067495
0.068172
0.066837
0.060268
0.053197
0.040278
0.025923
0.014457
0.001731
-0.005126
-0.006193
-0.001226
0.008573
0.022216
0.038012
0.052521
0.060939
0.063304
0.057575
0.043407
0.023259
-0.001567
-0.025177
-0.044094
-0.056981
-0.060991
-0.055159
-0.043790
-0.021829
-0.001677
0.018571
0.032380
0.036238
0.031372
0.017551
-0.002561
-0.024014
-0.043213
-0.057548
-0.065211
-0.068381
-0.065878
-0.063100
-0.059057
-0.058072
-0.057616
-0.058331
-0.059451
-0.058653
-0.057007
-0.050888
-0.045490
-0.040508
-0.039398
-0.038396
-0.043181
-0.048993
-0.057139
-0.065020
-0.067867
-0.070556
-0.066792
-0.059752
-0.047874
-0.032499
-0.015541
0.003743
0.020135
0.034899
0.046563
0.052443
0.055465
0.054995
0.052040
0.048463
0.042525
0.038870
0.030236
0.023287
0.008725
-0.006030
-0.020703
-0.036938
-0.048718
-0.054466
-0.053793
-0.044205
-0.026325
-0.007424
0.015097
0.033417
0.046896
0.051384
0.049061
0.041824
0.031061
0.027383
0.026199
0.031525
0.038235
0.050646
0.060462
0.064813
0.063096
0.053414
0.039861
0.022186
0.008896
-0.000981
-0.001357
-0.000897
0.008156
0.019584
0.030333
0.041956
0.045431
0.048105
0.046600
0.047281
0.048097
0.051116
0.055426
0.059195
0.063049
0.059691
0.054310
0.044429
0.033259
0.019603
0.008467
0.005652
0.007876
0.015962
0.027077
0.036674
0.042919
0.047770
0.047537
0.041044
0.031984
0.023250
0.016432
0.011983
0.015217
0.019890
0.034088
0.047200
0.060813
0.067920
0.073377
0.071686
0.061468
0.047823
0.029320
0.011437
-0.003553
-0.013017
-0.019012
-0.018294
-0.018056
-0.011835
-0.010375
-0.011191
-0.013951
-0.023044
-0.032146
-0.040917
-0.043073
-0.044127
-0.033004
-0.022915
-0.007774
0.007560
0.019770
0.029018
0.036497
0.041492
0.045007
0.051367
0.057197
0.063507
0.069784
0.068614
0.063784
0.050829
0.030602
0.007238
-0.017529
-0.039320
-0.054050
-0.062185
-0.062448
-0.059558
-0.053693
-0.050406
-0.049619
-0.053589
-0.058382
-0.063169
-0.063650
-0.055795
-0.043083
-0.023768
-0.001719
0.018159
0.033388
0.042809
0.045486
0.047106
0.043726
0.045103
0.049241
0.055631
0.061907
0.063585
0.061991
0.052808
0.040045
0.023502
0.008957
-0.000781
-0.003157
-0.002324
0.006326
0.015095
0.030073
0.043182
0.047741
0.053144
0.053614
0.055187
0.054254
0.053885
0.052622
0.051053
0.049908
0.044568
0.039787
0.034481
0.027387
0.022761
0.011637
0.003226
-0.007281
-0.020041
-0.031449
-0.040763
-0.042356
-0.040302
-0.027572
-0.010760
0.010961
0.032099
0.050183
0.059351
0.064737
0.061127
0.057415
0.051214
0.048328
0.048411
0.052291
0.057000
0.059886
0.059573
0.050871
0.036550
0.014921
-0.008863
-0.031306
-0.049559
-0.062314
-0.065017
-0.057928
-0.039855
-0.015239
0.007313
0.031680
0.049365
0.057581
0.054898
0.039134
0.015530
-0.012396
-0.038094
-0.055610
-0.064523
-0.058471
-0.045738
-0.028764
-0.010750
-0.000500
0.002049
-0.002380
-0.011839
-0.022902
-0.027704
-0.029331
-0.016720
0.002320
0.025908
0.047555
0.064924
0.072597
0.074660
0.069134
0.063461
0.057232
0.054805
0.052501
0.053976
0.055815
0.051041
0.042406
0.026239
0.006882
-0.012542
-0.029440
-0.042029
-0.045526
-0.045291
-0.037833
-0.031692
-0.019943
-0.009336
-0.000061
0.010974
0.018836
0.029625
0.038703
0.044192
0.045985
0.040780
0.030461
0.013132
-0.005818
-0.023809
-0.039768
-0.049676
-0.049080
-0.043277
-0.031749
-0.014860
-0.003588
0.005258
0.003387
-0.004526
-0.018526
-0.032423
-0.042245
-0.047710
-0.043240
-0.029768
-0.008811
0.012838
0.030719
0.043166
0.046586
0.046854
0.041141
0.036677
0.033317
0.035453
0.040979
0.048087
0.057220
0.061087
0.064479
0.062261
0.061633
0.059714
0.060742
0.062264
0.066238
0.068166
0.064482
0.055759
0.039274
0.019367
-0.002322
-0.019407
-0.029830
-0.030824
-0.024421
-0.011093
0.008948
0.025550
0.037858
0.042682
0.042139
0.037721
0.028416
0.021184
0.012270
0.002764
-0.002516
-0.008682
-0.017892
-0.023411
-0.028311
-0.029006
-0.022792
-0.013679
0.000522
0.016723
0.033781
0.046773
0.058492
0.063594
0.064831
0.064215
0.054186
0.048915
0.035259
0.020779
0.007934
-0.002697
-0.006406
-0.006635
-0.000353
0.011834
0.024173
0.040759
0.055468
0.062737
0.064021
0.055668
0.039723
0.016840
-0.008101
-0.031512
-0.049941
-0.059398
-0.058885
-0.050308
-0.032621
-0.010882
0.008864
0.024896
0.034476
0.037846
0.035470
0.029178
0.021310
0.014853
0.011092
0.005776
0.006132
0.003362
0.002042
-0.004456
-0.013755
-0.023450
-0.027763
-0.027867
-0.023037
-0.008940
0.005521
0.027117
0.043890
0.054059
0.059254
0.051961
0.039769
0.017768
-0.009785
-0.032686
-0.054531
-0.066047
-0.069639
-0.063562
-0.047583
-0.030421
-0.010423
0.002190
0.009368
0.005215
-0.002268
-0.015100
-0.027433
-0.033343
-0.032669
-0.018555
0.003345
0.029406
0.053347
0.069352
0.074315
0.069212
0.052265
0.032631
0.010883
-0.005622
-0.017574
-0.021383
-0.022493
-0.019970
-0.018364
-0.018175
-0.024186
-0.030846
-0.037329
-0.043699
-0.044864
-0.045247
-0.041756
-0.040963
-0.037839
-0.039007
-0.041789
-0.045940
-0.049589
-0.051910
-0.052206
-0.048269
-0.041872
-0.028794
-0.017255
-0.003169
0.010522
0.024930
0.038922
0.046272
0.048949
0.047077
0.037729
0.023499
0.006466
-0.012729
-0.028094
-0.040547
-0.047378
-0.047294
-0.043155
-0.033564
-0.022800
-0.011104
0.001670
0.012731
0.025708
0.032000
0.041141
0.043164
0.042697
0.039224
0.031081
0.022802
0.013693
0.007394
0.005940
0.010347
0.019401
0.031905
0.042219
0.048775
0.050679
0.042837
0.030493
0.009826
-0.011134
-0.027737
-0.042455
-0.049001
-0.049022
-0.041821
-0.029464
-0.015227
-0.003016
0.005448
0.013760
0.019098
0.024245
0.031261
0.037824
0.042586
0.050097
0.048995
0.044020
0.033061
0.016487
-0.001241
-0.019362
-0.034109
-0.041308
-0.045188
-0.041287
-0.037451
-0.031031
-0.025726
-0.019799
-0.019870
-0.017804
-0.018186
-0.015446
-0.010585
-0.007498
-0.002536
-0.000694
0.001894
0.000458
0.004384
0.006825
0.015328
0.021548
0.029774
0.036504
0.035185
0.029222
0.016436
-0.001368
-0.018913
-0.035391
-0.044549
-0.047151
-0.044482
-0.036543
-0.029145
-0.024206
-0.022364
-0.025093
-0.034390
-0.044201
-0.053431
-0.059424
-0.058211
-0.054336
-0.044663
-0.034148
-0.020469
-0.007459
0.003735
0.013173
0.019471
0.029990
0.034395
0.041426
0.046380
0.050920
0.054403
0.055588
0.057964
0.058212
0.060759
0.061409
0.059864
0.057373
0.045728
0.034757
0.015073
-0.006122
-0.023723
-0.040378
-0.048756
-0.052256
-0.049800
-0.042180
-0.036570
-0.028759
-0.030017
-0.035490
-0.045490
-0.054887
-0.063047
-0.064022
-0.054569
-0.039447
-0.013709
0.012577
0.039295
0.061765
0.070200
0.070188
0.057062
0.036666
0.013318
-0.010932
-0.028343
-0.035754
-0.034136
-0.022936
-0.002848
0.017609
0.041147
0.054679
0.059135
0.057132
0.045617
0.029573
0.011562
-0.000053
-0.003605
0.000779
0.011983
0.025407
0.038662
0.047039
0.051075
0.044589
0.033996
0.019160
0.005547
-0.004282
-0.002117
0.002699
0.016454
0.032345
0.043702
0.049213
0.044752
0.032231
0.015732
-0.004908
-0.017641
-0.020356
-0.015713
0.000212
0.021479
0.041396
0.059191
0.066487
0.064560
0.053624
0.034052
0.012102
-0.009721
-0.026999
-0.037836
-0.043723
-0.041899
-0.032337
-0.023475
-0.010844
0.003766
0.013742
0.024106
0.027035
0.028948
0.023027
0.011257
-0.004029
-0.021570
-0.038668
-0.052565
-0.063507
-0.065971
-0.066189
-0.058476
-0.047540
-0.037809
-0.022540
-0.014179
-0.005373
0.001860
0.008103
0.014132
0.018660
0.026194
0.035383
0.045501
0.052310
0.052926
0.049971
0.037935
0.021838
0.000413
-0.020252
-0.038327
-0.049859
-0.048837
-0.037930
-0.017788
0.007841
0.033437
0.052409
0.063458
0.063970
0.054378
0.041209
0.021140
0.004098
-0.006034
-0.009870
-0.006518
0.001080
0.012094
0.030699
0.042334
0.052447
0.056920
0.057461
0.056762
0.051648
0.047630
0.043180
0.042353
0.043877
0.045944
0.048287
0.051405
0.052477
0.050552
0.047566
0.039788
0.034533
0.029010
0.026337
0.024749
0.029204
0.037578
0.044110
0.052499
0.055210
0.060362
0.060057
0.057655
0.054487
0.049262
0.045185
0.037083
0.033300
0.027081
0.018953
0.013654
0.003063
-0.005796
-0.013201
-0.024290
-0.031150
-0.037497
-0.041493
-0.046588
-0.049971
-0.055722
-0.061055
-0.065480
-0.069771
-0.070216
-0.068878
-0.059692
-0.045633
-0.029188
-0.012780
0.000903
0.007581
0.007451
-0.000632
-0.014985
-0.028485
-0.043898
-0.051905
-0.052687
-0.042721
-0.024564
-0.006437
0.011657
0.022560
0.027267
0.024040
0.011529
-0.001332
-0.014195
-0.019616
-0.021028
-0.015350
-0.010168
-0.005123
-0.006029
-0.013583
-0.025805
-0.038729
-0.050804
-0.059661
-0.062674
-0.062397
-0.057827
-0.052164
-0.046371
-0.043435
-0.040545
-0.040938
-0.038396
-0.032479
-0.025810
-0.017065
-0.010191
-0.005683
-0.008900
-0.013761
-0.026214
-0.037059
-0.044780
-0.048828
-0.044438
-0.034739
-0.017339
0.000345
0.023115
0.041517
0.054575
0.060123
0.060054
0.049756
0.035052
0.014657
-0.008397
-0.026391
-0.041248
-0.047197
-0.048428
-0.043946
-0.036681
-0.026971
-0.020922
-0.021828
-0.027005
-0.036547
-0.050283
-0.060041
-0.066896
-0.063085
-0.052045
-0.035830
-0.016035
0.000644
0.012096
0.013919
0.005075
-0.008463
-0.025123
-0.043049
-0.053724
-0.059165
-0.050798
-0.037656
-0.018011
0.001923
0.016235
0.022760
0.016858
0.001162
-0.020895
-0.040845
-0.058937
-0.066978
-0.065827
-0.052032
-0.029153
-0.002234
0.023032
0.043065
0.050603
0.050668
0.037746
0.018105
-0.002425
-0.024014
-0.039937
-0.049324
-0.051889
-0.048984
-0.043427
-0.037769
-0.029101
-0.021748
-0.015081
-0.011332
-0.001484
0.005431
0.015135
0.025542
0.031509
0.037589
0.042953
0.048518
0.052006
0.054970
0.058249
0.058768
0.059535
0.055578
0.051489
0.044341
0.034464
0.029464
0.023154
0.023385
0.026402
0.034268
0.042475
0.050781
0.054211
0.050003
0.041852
0.024865
0.005937
-0.013991
-0.033341
-0.045750
-0.055530
-0.057241
-0.054621
-0.048303
-0.035708
-0.026983
-0.016102
-0.007806
-0.002230
0.002015
0.002452
0.000989
-0.003026
-0.006764
-0.012667
-0.013534
-0.016669
-0.018048
-0.019951
-0.021933
-0.023845
-0.027039
-0.029905
-0.034827
-0.035432
-0.038484
-0.038419
-0.039766
-0.042604
-0.045628
-0.047907
-0.050595
-0.054228
-0.053170
-0.053455
-0.048707
-0.046821
-0.045025
-0.045719
-0.048004
-0.052730
-0.057286
-0.059795
-0.060291
-0.053691
-0.042839
-0.031481
-0.016169
-0.005302
0.003178
0.005721
-0.000135
-0.010172
-0.020793
-0.030849
-0.034573
-0.034508
-0.029669
-0.019597
-0.011855
-0.005392
-0.004803
-0.008935
-0.018987
-0.032331
-0.045083
-0.057416
-0.070300
-0.077948
-0.081246
-0.080076
-0.073035
-0.064220
-0.049248
-0.034995
-0.020781
-0.008318
0.000098
0.004263
0.003544
0.000290
-0.006096
-0.016635
-0.029916
-0.039882
-0.055938
-0.063218
-0.069188
-0.068949
-0.060981
-0.047208
-0.026435
-0.003899
0.017090
0.032281
0.040029
0.039766
0.031543
0.021410
0.012007
0.006484
0.007638
0.015377
0.026450
0.037373
0.047387
0.052304
0.051737
0.045876
0.039480
0.031876
0.025068
0.021024
0.017171
0.016326
0.009922
0.006069
-0.001903
-0.008817
-0.013562
-0.014406
-0.008198
0.003441
0.020665
0.035508
0.048969
0.055197
0.052736
0.041936
0.021923
-0.001060
-0.022584
-0.043388
-0.059507
-0.066000
-0.064845
-0.052491
-0.039110
-0.019584
-0.004079
0.005302
0.007109
0.000983
-0.011828
-0.022742
-0.037082
-0.044143
-0.040881
-0.029037
-0.006506
0.019699
0.044128
0.062080
0.069726
0.064614
0.051321
0.025088
-0.005069
-0.032657
-0.053872
-0.065696
-0.067759
-0.057746
-0.036987
-0.013862
0.010256
0.029907
0.039985
0.042432
0.033367
0.014752
-0.007806
-0.032561
-0.051319
-0.062749
-0.066987
-0.057286
-0.043461
-0.024403
-0.007344
0.005771
0.009655
0.005783
-0.004310
-0.017808
-0.031292
-0.041239
-0.039628
-0.028957
-0.008647
0.015867
0.040114
0.058308
0.069036
0.067394
0.057564
0.036673
0.012914
-0.009827
-0.034136
-0.050592
-0.059093
-0.061044
-0.053013
-0.040469
-0.021922
-0.002796
0.018001
0.036898
0.050419
0.056799
0.055997
0.045766
0.030519
0.009746
-0.009800
-0.027965
-0.040040
-0.043166
-0.038870
-0.025039
-0.005249
0.016386
0.035567
0.051433
0.060157
0.064387
0.061826
0.049119
0.038045
0.022470
0.011818
0.000620
-0.006898
-0.003444
0.000960
0.013144
0.021269
0.029991
0.034192
0.034100
0.027399
0.016155
0.008075
-0.000406
-0.001020
0.005236
0.016158
0.032572
0.048584
0.059536
0.065158
0.057936
0.043526
0.021905
-0.006433
-0.027852
-0.044781
-0.047588
-0.039862
-0.020447
0.005850
0.032625
0.053108
0.066166
0.068343
0.059276
0.045651
0.026392
0.008445
-0.003684
-0.009612
-0.009916
-0.007350
0.000277
0.010749
0.019064
0.028852
0.036432
0.040073
0.045821
0.047252
0.047317
0.042561
0.033502
0.020790
0.004613
-0.013575
-0.029368
-0.045821
-0.055799
-0.063150
-0.064341
-0.062806
-0.059865
-0.056070
-0.053632
-0.049913
-0.046266
-0.040655
-0.035507
-0.026882
-0.014428
-0.005982
0.004069
0.007697
0.010193
0.007235
-0.000563
-0.012448
-0.024085
-0.028354
-0.030808
-0.022229
-0.011582
0.007786
0.027579
0.044121
0.055853
0.057417
0.050216
0.037432
0.015795
-0.005662
-0.026724
-0.041475
-0.049063
-0.051348
-0.046707
-0.040359
-0.034775
-0.032751
-0.035276
-0.039803
-0.048783
-0.055312
-0.062806
-0.064575
-0.063892
-0.059602
-0.054340
-0.049216
-0.045205
-0.045224
-0.047594
-0.053814
-0.059419
-0.065903
-0.069020
-0.068056
-0.061991
-0.052012
-0.038294
-0.020027
-0.006603
0.000821
0.002128
-0.003914
-0.017368
-0.029555
-0.042628
-0.050615
-0.052035
-0.047041
-0.030779
-0.011092
0.010733
0.030092
0.045450
0.053224
0.059092
0.055035
0.050392
0.038373
0.021795
0.011608
-0.001917
-0.008545
-0.015638
-0.013173
-0.002532
0.014088
0.034515
0.053864
0.066564
0.071859
0.064825
0.047728
0.023425
-0.003734
-0.025951
-0.040045
-0.044388
-0.036421
-0.024415
-0.008404
-0.000279
-0.001102
-0.012513
-0.026155
-0.042650
-0.055246
-0.055969
-0.049439
-0.026359
0.003932
0.035019
0.059476
0.074443
0.073145
0.062132
0.040224
0.017096
-0.001006
-0.010877
-0.011988
-0.004832
0.003545
0.016676
0.020891
0.013816
-0.001622
-0.023043
-0.046378
-0.062173
-0.072359
-0.070478
-0.056162
-0.035582
-0.010111
0.012953
0.029899
0.040288
0.043210
0.034024
0.025919
0.012904
0.000979
-0.007740
-0.018947
-0.023684
-0.029712
-0.035612
-0.045804
-0.053424
-0.058693
-0.062340
-0.067417
-0.072529
-0.056174
-0.024321
0.001021
0.004946
-0.000083
-0.001345
0.000073
0.000198
-0.000066
-0.000007
0.000072
0.000064
0.000059
0.000027
0.000005
-0.000024
-0.000042
-0.000001
0.000010
-0.000005
0.000017
0.000039
0.000055
-0.000041
-0.000068
0.000016
0.000044
0.000008
-0.000043
-0.000031
0.000006
0.000078
-0.000046
-0.000040
-0.000020
0.000049
0.000038
-0.000064
-0.000037
0.000018
0.000042
-0.000000
-0.000013
0.000001
0.000027
-0.000005
-0.000073
-0.000051
0.000034
0.000042
-0.000032
-0.000032
-0.000004
0.000098
0.000036
-0.000062
-0.000001
0.000016
-0.000013
-0.000005
0.000011
0.000008
0.000020
-0.000025
-0.000031
-0.000073
0.000031
0.000057
0.000005
-0.000041
0.000043
0.000026
-0.000040
-0.000076
-0.000028
0.000012
-0.000041
-0.000033
-0.000088
0.000020
0.000052
-0.000065
-0.000047
0.000014
0.000051
0.000003
-0.000028
0.000030
0.000055
0.000031
-0.000021
-0.000059
-0.000005
0.000018
0.000065
-0.000037
-0.000055
0.000060
0.000041
0.000039
-0.000069
0.000023
-0.000042
0.000053
-0.000014
-0.000039
0.000024
-0.000009
0.000016
-0.000016
0.000025
0.000041
0.000052
-0.000056
-0.000016
0.000064
0.000069
-0.000012
-0.000042
-0.000045
0.000073
0.000070
-0.000075
-0.000013
0.000047
0.000017
-0.000031
-0.000084
0.000042
0.000088
-0.000002
-0.000041
-0.000013
0.000029
0.000018
-0.000021
0.000024
0.000045
0.000042
-0.000015
-0.000028
-0.000035
0.000074
0.000039
0.000031
-0.000050
0.000010
0.000024
-0.000014
-0.000013
-0.000058
0.000060
-0.000019
-0.000010
-0.000045
-0.000011
0.000000
0.000027
0.000005
0.000006
0.000007
0.000044
0.000051
0.000020
0.000010
0.000011
0.000000
-0.000025
-0.000028
0.000032
-0.000015
-0.000044
0.000016
0.000052
0.000036
-0.000018
-0.000037
0.000022
-0.000041
-0.000025
0.000009
-0.000050
0.000057
0.000096
-0.000048
-0.000081
0.000003
-0.000009
0.000054
-0.000015
-0.000026
0.000051
0.000055
-0.000034
0.000030
0.000047
0.000008
0.000007
-0.000042
-0.000009
0.000020
0.000026
0.000004
-0.000047
-0.000026
0.000032
0.000045
-0.000095
0.000033
0.000064
0.000051
-0.000037
-0.000070
0.000041
0.000019
0.000021
-0.000047
-0.000014
0.000081
0.000032
-0.000025
-0.000102
0.000011
0.000079
0.000025
-0.000074
-0.000137
-0.000001
0.000083
-0.000007
-0.000052
0.000050
-0.000005
0.000017
-0.000026
-0.000066
0.000005
0.000012
0.000032
0.000018
0.000033
0.000006
-0.000007
-0.000021
-0.000020
0.000005
0.000027
-0.000009
0.000005
-0.000029
-0.000015
0.000015
0.000013
-0.000028
-0.000057
0.000041
0.000016
0.000009
-0.000002
-0.000030
0.000051
-0.000010
-0.000031
0.000046
-0.000011
-0.000018
-0.000007
-0.000013
0.000031
-0.000017
0.000011
0.000037
0.000028
0.000014
0.000032
0.000008
0.000026
0.000031
0.000013
0.000005
-0.000034
0.000019
-0.000016
-0.000010
0.000025
-0.000017
0.000034
0.000028
-0.000001
0.000020
0.000010
-0.000039
0.000038
0.000008
-0.000002
0.000004
0.000009
0.000025
0.000028
0.000029
-0.000026
0.000014
-0.000029
0.000027
0.000039
0.000000
-0.000049
0.000030
-0.000065
0.000009
0.000039
-0.000003
-0.000032
0.000008
0.000052
0.000005
0.000043
-0.000056
-0.000067
0.000061
0.000001
-0.000023
0.000032
-0.000012
-0.000011
0.000023
0.000003
0.000036
-0.000048
0.000008
0.000037
0.000053
0.000024
-0.000024
-0.000022
-0.000013
0.000028
0.000044
-0.000011
-0.000008
0.000013
0.000022
0.000049
0.000004
0.000038
0.000022
0.000023
0.000008
-0.000041
0.000036
0.000027
-0.000003
0.000047
-0.000004
0.000004
-0.000017
-0.000050
0.000026
-0.000037
-0.000003
-0.000003
-0.000022
0.000021
0.000065
-0.000009
-0.000028
-0.000044
0.000015
0.000006
0.000003
-0.000020
-0.000028
0.000030
0.000034
-0.000022
-0.000021
0.000004
-0.000029
-0.000021
0.000034
0.000001
0.000037
0.000027
-0.000031
-0.000038
0.000015
0.000012
0.000054
-0.000052
0.000014
0.000027
0.000009
0.000000
-0.000037
-0.000039
-0.000016
0.000023
-0.000017
0.000019
-0.000033
-0.000043
-0.000040
-0.000014
-0.000039
0.000010
-0.000028
-0.000042
-0.000006
-0.000046
-0.000029
-0.000011
0.000055
-0.000009
0.000009
-0.000015
-0.000015
0.000009
0.000023
-0.000084
0.000001
0.000005
-0.000034
0.000008
-0.000011
-0.000012
-0.000029
0.000019
0.000009
0.000021
-0.000025
-0.000020
0.000035
0.000060
0.000013
-0.000043
0.000017
-0.000027
0.000018
0.000003
0.000019
-0.000021
-0.000008
-0.000047
-0.000018
-0.000018
0.000030
0.000040
-0.000026
0.000032
0.000026
-0.000014
0.000015
0.000010
0.000002
0.000038
-0.000021
-0.000004
0.000018
0.000012
-0.000026
-0.000027
-0.000020
-0.000040
0.000038
0.000032
-0.000021
-0.000019
0.000031
0.000011
-0.000005
-0.000018
-0.000009
0.000013
-0.000031
0.000008
-0.000008
0.000045
0.000001
-0.000017
0.000011
0.000001
0.000024
0.000053
0.000034
0.000032
-0.000002
0.000052
-0.000010
-0.000044
0.000008
-0.000002
0.000044
-0.000012
-0.000004
-0.000038
0.000010
0.000007
0.000048
0.000049
-0.000026
0.000020
-0.000046
0.000024
0.000071
-0.000000
-0.000014
0.000021
0.000038
0.000019
0.000015
0.000005
0.000040
-0.000041
-0.000038
0.000043
0.000025
0.000007
-0.000004
0.000017
-0.000032
0.000014
0.000005
0.000035
0.000000
-0.000032
-0.000069
0.000025
0.000001
-0.000033
0.000044
-0.000036
0.000000
-0.000023
0.000041
-0.000013
-0.000011
-0.000014
0.000035
0.000014
0.000016
-0.000036
0.000011
-0.000019
-0.000003
0.000019
-0.000048
-0.000013
0.000066
0.000047
0.000006
-0.000049
-0.000029
-0.000041
0.000021
-0.000036
0.000015
0.000013
0.000007
-0.000038
0.000022
-0.000022
-0.000043
-0.000059
0.000011
0.000003
0.000015
0.000024
-0.000001
-0.000009
-0.000020
0.000029
-0.000006
-0.000024
-0.000031
0.000045
-0.000039
0.000029
0.000019
-0.000007
-0.000008
0.000007
0.000027
-0.000046
-0.000001
-0.000053
-0.000013
-0.000010
-0.000029
0.000006
-0.000007
0.000024
-0.000015
-0.000040
0.000009
0.000020
0.000010
0.000034
-0.000072
0.000042
-0.000045
-0.000054
0.000024
-0.000021
0.000005
0.000018
0.000005
-0.000014
0.000014
0.000035
0.000005
0.000002
-0.000028
-0.000046
-0.000018
-0.000010
0.000007
-0.000031
-0.000020
0.000021
-0.000006
-0.000037
0.000036
-0.000005
0.000042
0.000006
-0.000029
0.000009
-0.000038
-0.000010
0.000017
-0.000019
-0.000011
0.000003
-0.000009
0.000012
-0.000006
0.000070
0.000023
0.000022
-0.000031
-0.000036
0.000019
0.000019
-0.000003
-0.000022
-0.000006
0.000010
0.000017
-0.000055
0.000026
0.000005
-0.000023
0.000019
0.000039
0.000022
0.000067
0.000004
-0.000004
0.000051
0.000049
0.000010
0.000044
0.000027
0.000017
0.000060
0.000032
0.000016
0.000023
-0.000013
-0.000016
-0.000017
-0.000015
0.000009
-0.000008
0.000009
0.000031
0.000036
0.000013
0.000011
-0.000053
-0.000018
0.000016
0.000036
-0.000033
-0.000018
0.000054
0.000032
-0.000033
0.000037
0.000048
0.000025
-0.000060
-0.000047
-0.000014
0.000006
-0.000039
0.000016
0.000012
0.000005
0.000023
-0.000053
0.000016
-0.000028
-0.000050
0.000042
-0.000023
0.000023
0.000009
0.000004
-0.000006
-0.000034
0.000002
0.000022
0.000006
0.000042
0.000003
0.000017
0.000042
0.000011
-0.000006
0.000009
0.000003
0.000009
0.000046
-0.000025
0.000025
-0.000003
-0.000016
-0.000004
0.000019
-0.000034
0.000062
-0.000042
-0.000017
-0.000006
-0.000017
-0.000011
-0.000003
-0.000025
0.000021
0.000001
-0.000032
-0.000025
0.000002
-0.000042
-0.000015
0.000007
0.000031
0.000039
0.000025
0.000013
-0.000028
0.000006
0.000006
0.000010
0.000024
-0.000083
-0.000008
-0.000049
0.000000
-0.000001
0.000009
0.000068
0.000007
0.000008
0.000003
-0.000009
-0.000002
-0.000041
-0.000027
-0.000000
0.000017
0.000027
-0.000016
0.000011
0.000025
-0.000027
-0.000020
0.000065
-0.000007
0.000048
-0.000027
-0.000006
0.000053
-0.000040
0.000060
0.000041
-0.000015
0.000042
-0.000017
-0.000016
0.000011
0.000078
-0.000010
0.000033
0.000023
-0.000019
-0.000059
0.000022
-0.000051
0.000020
0.000042
-0.000026
0.000004
0.000031
-0.000037
0.000013
0.000010
-0.000010
-0.000016
0.000032
0.000050
0.000015
0.000017
0.000012
-0.000008
-0.000009
0.000001
-0.000006
0.000022
0.000037
-0.000079
0.000002
-0.000007
0.000046
-0.000004
-0.000006
-0.000067
-0.000017
0.000019
-0.000029
0.000063
-0.000039
-0.000000
-0.000025
-0.000011
0.000007
-0.000028
0.000013
-0.000014
-0.000004
-0.000025
0.000011
0.000022
-0.000023
0.000003
0.000020
0.000000
0.000034
-0.000038
0.000022
0.000042
-0.000022
0.000022
0.000055
-0.000009
-0.000013
-0.000029
0.000005
0.000040
0.000009
0.000025
0.000024
-0.000068
-0.000007
0.000037
0.000058
0.000034
-0.000004
0.000005
0.000050
0.000013
-0.000048
0.000053
-0.000003
0.000053
0.000018
0.000012
-0.000005
-0.000003
0.000036
-0.000019
-0.000027
-0.000027
-0.000026
0.000017
-0.000014
0.000009
-0.000050
0.000035
0.000009
0.000013
-0.000046
0.000004
0.000014
-0.000022
0.000013
-0.000056
0.000021
0.000010
0.000006
0.000088
-0.000011
-0.000023
-0.000033
-0.000064
0.000032
0.000040
-0.000006
-0.000007
-0.000015
0.000003
0.000024
0.000003
-0.000010
-0.000037
0.000041
0.000031
0.000005
-0.000024
0.000028
0.000026
0.000042
-0.000021
-0.000037
0.000008
0.000021
-0.000003
-0.000008
-0.000002
0.000012
0.000008
0.000021
-0.000010
-0.000031
-0.000047
-0.000026
-0.000005
0.000068
-0.000050
-0.000056
-0.000029
0.000011
0.000038
-0.000013
0.000021
-0.000023
-0.000003
0.000029
0.000031
0.000033
-0.000011
-0.000025
0.000015
-0.000010
0.000030
0.000033
-0.000014
-0.000013
-0.000005
-0.000010
0.000001
0.000013
0.000056
-0.000047
0.000003
0.000018
-0.000001
-0.000045
-0.000013
0.000006
0.000032
0.000018
0.000023
0.000007
-0.000025
-0.000027
-0.000010
0.000089
0.000018
0.000009
0.000007
0.000020
0.000009
-0.000049
0.000012
-0.000011
-0.000001
-0.000034
-0.000027
-0.000004
0.000021
0.000031
-0.000030
-0.000002
0.000036
0.000048
0.000025
-0.000010
0.000024
0.000035
-0.000027
-0.000015
-0.000037
-0.000037
0.000001
-0.000031
-0.000000
0.000067
0.000008
-0.000033
-0.000002
0.000022
-0.000028
-0.000002
-0.000076
0.000005
0.000010
0.000023
0.000018
-0.000022
0.000040
-0.000031
0.000004
0.000017
-0.000007
-0.000007
0.000052
-0.000021
0.000001
0.000026
-0.000043
0.000003
0.000075
0.000031
-0.000030
-0.000017
-0.000010
-0.000009
-0.000014
-0.000012
0.000002
-0.000005
0.000019
-0.000008
0.000013
-0.000034
-0.000016
0.000017
-0.000012
0.000063
0.000009
0.000016
-0.000012
0.000001
-0.000021
-0.000016
-0.000049
0.000019
-0.000010
-0.000017
0.000028
0.000004
0.000044
-0.000018
0.000008
0.000011
-0.000057
-0.000050
-0.000015
0.000017
-0.000021
0.000006
-0.000011
0.000006
-0.000042
0.000038
0.000024
-0.000015
0.000042
0.000032
-0.000045
-0.000045
0.000005
0.000002
-0.000017
0.000011
-0.000014
0.000013
0.000007
-0.000004
-0.000051
0.000020
-0.000040
-0.000029
-0.000025
-0.000067
0.000050
0.000016
0.000010
0.000012
0.000027
-0.000035
0.000036
0.000019
-0.000021
-0.000005
0.000009
-0.000003
0.000002
-0.000013
-0.000013
-0.000016
-0.000015
-0.000002
-0.000033
0.000016
-0.000043
-0.000015
0.000021
-0.000036
-0.000002
-0.000028
0.000052
-0.000011
-0.000042
-0.000018
-0.000029
0.000060
-0.000006
0.000018
-0.000020
-0.000036
0.000045
-0.000028
0.000040
0.000007
0.000036
0.000024
-0.000012
0.000051
0.000008
0.000036
0.000012
-0.000023
0.000035
0.000002
0.000041
0.000019
0.000022
-0.000012
-0.000019
-0.000008
-0.000037
0.000034
0.000010
0.000027
0.000031
-0.000040
0.000062
0.000030
-0.000057
0.000064
0.000059
0.000020
0.000039
-0.000017
-0.000015
0.000014
0.000033
-0.000010
-0.000035
0.000007
0.000021
0.000000
0.000026
0.000039
0.000020
0.000044
0.000013
0.000004
0.000008
0.000041
-0.000022
0.000011
-0.000025
0.000022
0.000027
-0.000108
-0.000036
-0.000028
-0.000023
0.000040
-0.000003
-0.000031
-0.000011
0.000033
0.000046
0.000001
0.000009
-0.000017
0.000041
-0.000043
-0.000088
-0.000001
-0.000006
0.000016
-0.000017
-0.000000
0.000020
0.000023
0.000017
0.000029
-0.000007
0.000009
-0.000019
-0.000029
0.000046
0.000011
0.000006
0.000034
-0.000029
-0.000038
0.000010
-0.000021
-0.000009
-0.000060
-0.000045
0.000008
-0.000064
0.000029
-0.000008
-0.000048
-0.000040
-0.000044
0.000040
0.000038
0.000062
0.000020
0.000000
0.000018
0.000056
0.000045
-0.000032
-0.000056
-0.000019
-0.000044
-0.000006
0.000067
-0.000028
-0.000020
0.000052
0.000003
-0.000010
0.000049
-0.000025
-0.000017
0.000002
-0.000017
0.000026
0.000002
0.000022
-0.000042
-0.000027
0.000002
0.000010
0.000036
-0.000003
0.000018
-0.000010
0.000018
0.000004
0.000019
0.000026
-0.000014
-0.000008
0.000002
0.000019
0.000047
-0.000025
-0.000011
-0.000038
0.000014
0.000022
-0.000044
0.000005
0.000048
-0.000013
0.000019
0.000016
-0.000026
0.000021
-0.000000
-0.000035
-0.000005
-0.000042
0.000023
0.000014
-0.000052
0.000011
0.000025
0.000013
-0.000022
0.000042
-0.000009
-0.000025
-0.000050
0.000018
-0.000022
-0.000008
-0.000044
-0.000022
0.000029
0.000007
0.000048
0.000043
-0.000027
0.000006
0.000008
-0.000006
0.000030
-0.000034
0.000040
0.000043
0.000055
-0.000042
-0.000040
0.000013
-0.000013
-0.000012
0.000011
-0.000046
-0.000008
-0.000026
-0.000012
-0.000023
0.000007
0.000008
-0.000020
0.000049
0.000012
0.000014
-0.000018
-0.000017
-0.000019
0.000042
-0.000007
0.000044
0.000025
0.000001
-0.000005
-0.000047
0.000019
-0.000024
-0.000009
-0.000034
0.000020
0.000052
-0.000040
-0.000019
0.000015
-0.000002
0.000042
-0.000036
0.000037
-0.000008
-0.000024
-0.000012
-0.000024
-0.000032
-0.000002
-0.000020
-0.000033
0.000038
0.000004
-0.000039
0.000006
0.000023
-0.000041
0.000009
0.000022
-0.000039
-0.000045
-0.000051
0.000022
-0.000015
0.000027
0.000004
-0.000056
0.000014
-0.000002
-0.000048
0.000014
-0.000010
0.000009
0.000039
-0.000004
-0.000051
0.000015
0.000032
0.000002
0.000004
0.000019
-0.000008
0.000025
-0.000029
0.000021
-0.000025
0.000009
0.000013
-0.000010
0.000021
0.000027
0.000012
0.000060
0.000018
0.000002
0.000041
0.000036
-0.000003
-0.000015
-0.000046
0.000027
-0.000003
-0.000006
-0.000051
-0.000022
0.000004
0.000032
0.000013
0.000016
-0.000008
-0.000036
-0.000047
-0.000030
0.000017
0.000020
-0.000004
0.000025
0.000036
-0.000001
0.000007
-0.000042
0.000011
-0.000016
0.000026
0.000039
-0.000079
0.000011
-0.000012
-0.000059
-0.000023
0.000021
0.000003
-0.000053
0.000000
0.000008
0.000038
-0.000000
0.000006
0.000021
0.000001
0.000022
-0.000029
0.000008
-0.000021
-0.000065
0.000030
0.000025
-0.000035
-0.000003
0.000044
-0.000018
-0.000002
-0.000023
-0.000014
-0.000067
-0.000075
-0.000001
0.000021
0.000002
-0.000031
-0.000020
0.000067
0.000029
-0.000005
-0.000020
-0.000045
0.000008
0.000008
0.000018
0.000008
-0.000035
0.000011
-0.000075
0.000047
-0.000012
0.000018
0.000043
-0.000036
0.000038
-0.000033
0.000040
0.000034
-0.000089
-0.000001
0.000007
0.000005
0.000026
-0.000008
0.000032
-0.000020
0.000007
0.000004
-0.000024
0.000013
-0.000005
-0.000018
-0.000022
0.000043
-0.000001
-0.000016
0.000018
0.000010
0.000013
0.000005
-0.000062
-0.000032
-0.000014
0.000007
0.000020
-0.000009
0.000041
-0.000012
0.000025
0.000044
-0.000007
-0.000001
-0.000031
-0.000003
-0.000062
-0.000056
-0.000007
0.000063
0.000018
0.000006
0.000001
-0.000003
-0.000062
-0.000050
-0.000071
0.000063
-0.000007
-0.000038
-0.000008
-0.000073
-0.000005
0.000073
0.000013
-0.000019
-0.000035
-0.000018
-0.000013
0.000015
-0.000003
-0.000013
0.000032
-0.000013
0.000001
0.000019
0.000004
0.000024
-0.000038
-0.000012
-0.000066
-0.000006
-0.000019
-0.000039
-0.000050
0.000003
0.000033
0.000004
0.000034
-0.000027
0.000028
0.000003
-0.000004
-0.000029
0.000015
-0.000014
-0.000042
-0.000027
-0.000074
0.000020
-0.000009
0.000006
0.000033
0.000042
0.000035
-0.000002
-0.000016
-0.000024
-0.000018
-0.000035
-0.000003
-0.000036
-0.000027
0.000010
-0.000008
-0.000010
-0.000022
0.000030
0.000068
0.000017
-0.000007
-0.000016
-0.000029
-0.000010
0.000018
0.000005
-0.000042
-0.000063
0.000002
-0.000024
0.000067
-0.000012
-0.000046
0.000016
0.000009
0.000043
0.000037
0.000019
0.000026
0.000005
-0.000059
-0.000012
0.000022
-0.000030
-0.000025
0.000005
0.000004
-0.000018
-0.000025
-0.000010
-0.000067
-0.000026
0.000016
0.000036
0.000018
0.000021
-0.000057
0.000037
0.000022
0.000005
-0.000031
0.000048
0.000045
-0.000001
-0.000000
0.000019
0.000003
-0.000011
0.000006
0.000036
0.000031
-0.000039
0.000007
0.000001
-0.000009
0.000004
-0.000018
0.000012
-0.000015
0.000024
0.000044
0.000070
-0.000010
-0.000024
0.000024
0.000014
0.000015
0.000047
0.000022
-0.000076
-0.000003
0.000016
0.000048
-0.000027
-0.000000
0.000025
-0.000007
-0.000014
-0.000001
0.000036
0.000012
0.000070
-0.000026
-0.000019
0.000017
-0.000058
0.000004
0.000043
0.000086
0.000021
-0.000013
0.000024
0.000028
-0.000017
0.000047
-0.000021
0.000029
0.000069
0.000014
0.000026
0.000038
0.000004
0.000026
0.000004
-0.000040
0.000017
0.000045
0.000015
-0.000001
-0.000016
-0.000011
0.000024
-0.000036
-0.000010
0.000027
-0.000016
0.000065
-0.000013
0.000009
0.000010
0.000002
-0.000007
-0.000002
-0.000047
0.000006
0.000051
-0.000009
0.000001
0.000009
0.000001
0.000032
0.000006
0.000039
0.000021
0.000002
0.000042
-0.000025
-0.000012
0.000042
0.000067
0.000052
-0.000026
0.000007
-0.000005
-0.000015
-0.000019
0.000010
0.000004
-0.000000
0.000072
0.000035
-0.000004
0.000030
-0.000033
-0.000018
-0.000006
0.000024
0.000019
0.000004
0.000001
0.000058
-0.000003
0.000025
0.000012
-0.000024
0.000037
0.000049
-0.000013
-0.000056
0.000034
-0.000027
-0.000040
0.000018
-0.000037
0.000020
0.000036
-0.000014
0.000033
0.000005
0.000004
0.000026
-0.000046
0.000003
0.000035
0.000007
0.000008
0.000066
-0.000012
0.000009
-0.000018
0.000039
-0.000014
0.000007
-0.000027
-0.000034
0.000033
0.000005
-0.000022
-0.000030
-0.000018
-0.000007
-0.000026
0.000005
-0.000015
-0.000022
-0.000039
-0.000002
0.000000
0.000003
0.000039
0.000035
-0.000018
-0.000042
0.000053
0.000017
0.000039
-0.000019
0.000016
-0.000064
0.000014
0.000013
-0.000008
0.000034
0.000023
0.000010
-0.000013
-0.000023
0.000026
0.000039
-0.000033
0.000026
-0.000015
-0.000031
0.000031
0.000005
0.000030
-0.000010
-0.000006
-0.000016
-0.000020
0.000008
0.000050
0.000029
0.000019
-0.000017
0.000044
0.000013
-0.000044
-0.000007
-0.000003
0.000048
-0.000008
0.000038
0.000053
0.000036
0.000046
-0.000009
-0.000043
-0.000027
0.000013
0.000001
0.000043
0.000020
-0.000012
-0.000025
-0.000000
0.000027
-0.000035
-0.000019
-0.000024
0.000006
0.000032
-0.000025
0.000001
0.000056
0.000000
0.000037
-0.000006
-0.000023
0.000037
0.000032
-0.000001
0.000016
-0.000030
-0.000019
0.000027
0.000025
-0.000025
-0.000024
0.000023
0.000023
0.000006
0.000006
-0.000004
0.000048
0.000011
-0.000016
0.000010
0.000027
-0.000004
0.000035
-0.000016
-0.000013
0.000019
0.000002
-0.000028
-0.000036
0.000007
-0.000048
0.000029
-0.000011
-0.000017
0.000013
-0.000038
-0.000035
-0.000019
-0.000003
-0.000046
-0.000036
-0.000011
0.000003
0.000035
0.000004
0.000012
-0.000044
-0.000026
0.000006
-0.000002
0.000029
-0.000039
0.000006
-0.000006
0.000001
0.000039
0.000034
0.000049
0.000012
-0.000018
0.000007
0.000025
-0.000039
-0.000013
0.000020
-0.000035
-0.000015
-0.000053
-0.000067
0.000067
-0.000018
0.000029
0.000012
-0.000001
0.000023
-0.000022
0.000044
0.000021
0.000031
0.000055
-0.000010
-0.000010
-0.000011
0.000055
-0.000015
0.000004
0.000052
-0.000015
0.000007
0.000017
-0.000007
0.000045
-0.000019
0.000061
0.000026
0.000012
0.000027
-0.000010
0.000043
0.000053
-0.000048
-0.000016
-0.000024
-0.000002
-0.000025
-0.000057
0.000007
0.000069
0.000005
-0.000003
-0.000011
-0.000015
-0.000012
0.000021
0.000004
-0.000008
0.000078
-0.000024
0.000015
0.000076
0.000026
-0.000017
0.000018
-0.000008
-0.000057
0.000040
0.000012
0.000005
0.000009
-0.000013
0.000039
0.000001
-0.000022
0.000007
0.000061
0.000002
-0.000013
0.000038
-0.000010
0.000025
0.000004
-0.000028
0.000026
-0.000008
-0.000025
0.000048
-0.000014
-0.000026
-0.000015
-0.000016
0.000077
0.000027
0.000030
-0.000004
0.000009
0.000047
0.000017
-0.000025
-0.000036
-0.000039
0.000023
0.000020
-0.000032
0.000029
-0.000019
-0.000006
-0.000031
-0.000002
-0.000008
0.000038
0.000047
-0.000010
0.000048
-0.000021
-0.000019
0.000001
0.000020
0.000023
-0.000010
0.000034
-0.000003
0.000016
0.000006
-0.000024
-0.000005
-0.000024
0.000026
0.000037
0.000023
0.000058
0.000023
0.000011
-0.000005
-0.000003
0.000003
0.000013
0.000015
-0.000024
-0.000014
0.000010
-0.000033
0.000002
0.000010
-0.000031
0.000007
0.000070
0.000036
-0.000012
0.000001
0.000060
0.000052
0.000013
0.000000
-0.000018
-0.000043
-0.000020
0.000034
-0.000068
0.000013
0.000028
0.000004
-0.000035
0.000007
0.000088
0.000032
0.000024
0.000052
-0.000038
0.000046
0.000001
0.000018
0.000066
0.000039
0.000014
-0.000023
0.000005
0.000036
-0.000031
-0.000004
0.000058
-0.000013
0.000013
0.000014
0.000005
-0.000005
0.000038
-0.000008
0.000061
0.000006
-0.000041
0.000007
0.000018
-0.000029
0.000019
0.000013
0.000018
-0.000021
0.000020
0.000009
0.000043
0.000008
-0.000037
0.000056
0.000000
-0.000026
0.000015
0.000000
-0.000022
-0.000022
-0.000020
-0.000010
0.000015
-0.000018
-0.000035
-0.000012
0.000020
-0.000018
0.000026
0.000004
0.000035
-0.000006
0.000010
0.000042
-0.000051
-0.000012
0.000013
-0.000027
0.000026
-0.000038
-0.000022
0.000053
-0.000005
0.000033
0.000008
-0.000016
0.000029
-0.000063
-0.000055
0.000028
0.000031
0.000020
0.000013
-0.000000
0.000011
-0.000011
-0.000029
0.000071
-0.000040
0.000038
-0.000057
-0.000058
0.000004
-0.000030
0.000012
-0.000009
-0.000017
0.000002
-0.000002
-0.000009
-0.000044
-0.000009
0.000022
-0.000007
-0.000019
0.000014
0.000031
0.000018
0.000012
0.000010
-0.000014
0.000008
0.000009
0.000001
-0.000006
0.000002
-0.000001
-0.000003
-0.000013
-0.000012
-0.000060
0.000043
-0.000032
-0.000022
0.000045
0.000014
-0.000005
-0.000026
0.000036
0.000006
0.000047
-0.000027
0.000006
0.000029
0.000028
0.000045
0.000008
-0.000049
-0.000023
-0.000018
0.000010
0.000008
0.000019
-0.000014
-0.000043
-0.000007
-0.000032
0.000036
-0.000009
-0.000012
0.000002
0.000016
0.000062
-0.000040
-0.000015
0.000004
-0.000013
0.000001
-0.000012
-0.000062
0.000006
0.000004
-0.000008
-0.000020
-0.000009
-0.000026
-0.000018
-0.000007
0.000004
-0.000020
0.000033
-0.000001
-0.000023
-0.000003
0.000004
-0.000007
0.000031
-0.000029
0.000026
0.000029
-0.000059
0.000003
0.000028
-0.000012
0.000053
-0.000021
-0.000041
0.000087
0.000005
0.000022
0.000036
0.000012
0.000008
-0.000026
-0.000047
0.000037
0.000035
-0.000025
-0.000009
0.000021
-0.000012
0.000003
-0.000034
0.000009
0.000001
0.000004
0.000001
-0.000037
0.000017
-0.000004
-0.000006
0.000006
-0.000015
0.000029
0.000003
-0.000002
0.000004
0.000021
0.000028
-0.000076
0.000012
0.000004
-0.000011
0.000009
-0.000034
-0.000028
-0.000062
-0.000002
0.000027
-0.000001
-0.000041
0.000020
0.000019
-0.000054
-0.000030
-0.000047
0.000057
0.000010
-0.000013
-0.000009
-0.000047
0.000010
0.000030
-0.000035
-0.000022
0.000042
0.000032
-0.000044
-0.000012
-0.000001
0.000002
0.000042
0.000024
-0.000008
0.000018
0.000074
-0.000038
-0.000008
0.000039
-0.000012
-0.000017
-0.000024
-0.000017
-0.000003
0.000029
0.000002
-0.000003
0.000006
0.000042
0.000060
0.000000
0.000010
0.000013
0.000008
-0.000046
-0.000074
0.000009
-0.000016
0.000060
0.000016
0.000014
0.000024
-0.000011
-0.000002
0.000006
0.000055
0.000010
0.000004
0.000022
0.000043
0.000057
-0.000016
0.000024
-0.000002
0.000024
-0.000073
-0.000042
-0.000006
-0.000024
-0.000014
0.000027
-0.000029
-0.000006
0.000016
0.000054
0.000061
-0.000033
-0.000017
0.000053
-0.000012
0.000026
0.000004
-0.000001
-0.000020
-0.000019
0.000005
0.000001
0.000012
0.000063
-0.000004
-0.000028
-0.000005
-0.000070
0.000015
-0.000026
0.000001
0.000059
-0.000026
-0.000007
-0.000036
-0.000025
-0.000015
0.000019
0.000015
-0.000015
-0.000023
-0.000022
0.000021
-0.000015
0.000008
-0.000041
0.000002
0.000016
-0.000011
0.000005
0.000015
0.000005
-0.000033
-0.000024
-0.000028
-0.000014
0.000036
-0.000023
-0.000014
0.000004
-0.000008
0.000035
-0.000002
0.000017
-0.000022
-0.000020
0.000037
0.000062
-0.000010
0.000015
0.000004
-0.000008
0.000028
-0.000043
0.000032
0.000093
-0.000001
0.000032
-0.000007
0.000003
0.000000
-0.000044
-0.000013
-0.000042
-0.000026
-0.000021
0.000001
-0.000006
-0.000011
-0.000044
0.000014
0.000065
-0.000044
-0.000006
0.000036
-0.000020
0.000012
-0.000021
-0.000022
-0.000001
0.000017
-0.000060
0.000009
-0.000010
0.000025
-0.000015
0.000029
0.000007
0.000002
-0.000004
-0.000008
0.000006
0.000035
-0.000022
-0.000046
0.000023
-0.000044
-0.000010
-0.000021
-0.000007
-0.000036
0.000015
0.000020
-0.000014
-0.000019
-0.000059
-0.000009
-0.000011
-0.000004
0.000022
-0.000010
0.000013
-0.000018
0.000009
0.000011
-0.000017
-0.000033
-0.000043
-0.000001
-0.000008
-0.000009
0.000016
0.000010
-0.000046
0.000018
-0.000038
0.000032
-0.000015
-0.000070
0.000021
-0.000005
0.000058
-0.000014
-0.000000
-0.000004
0.000056
0.000040
-0.000030
-0.000009
-0.000037
-0.000014
-0.000013
-0.000010
0.000025
0.000009
-0.000009
-0.000037
0.000009
-0.000067
0.000008
-0.000033
-0.000031
-0.000006
-0.000004
0.000006
-0.000035
-0.000043
-0.000020
-0.000009
0.000016
0.000058
-0.000010
-0.000029
0.000007
-0.000010
-0.000070
-0.000005
0.000013
-0.000054
-0.000033
-0.000004
-0.000016
0.000000
0.000028
0.000017
-0.000020
0.000012
0.000047
-0.000057
-0.000005
-0.000022
-0.000039
-0.000058
0.000020
-0.000041
0.000016
-0.000002
0.000007
-0.000020
0.000013
0.000007
0.000044
0.000048
0.000000
0.000032
-0.000040
-0.000027
-0.000007
0.000013
0.000013
-0.000010
0.000012
-0.000009
0.000000
0.000033
-0.000024
-0.000047
-0.000027
-0.000034
0.000039
0.000025
-0.000046
0.000014
-0.000048
0.000010
0.000013
-0.000001
0.000021
-0.000017
-0.000008
0.000010
-0.000014
-0.000000
0.000009
-0.000038
-0.000019
0.000030
0.000017
-0.000019
0.000013
0.000009
-0.000028
0.000016
-0.000018
-0.000027
-0.000012
0.000001
0.000014
0.000011
-0.000002
0.000048
-0.000059
-0.000060
0.000019
-0.000002
-0.000015
0.000000
0.000007
-0.000029
0.000041
-0.000059
-0.000033
0.000015
-0.000084
-0.000065
0.000034
-0.000021
0.000002
-0.000004
-0.000036
0.000030
0.000005
-0.000001
0.000044
0.000018
0.000009
-0.000035
0.000001
0.000065
-0.000015
-0.000028
-0.000006
-0.000004
-0.000017
0.000041
0.000015
0.000013
0.000028
0.000019
-0.000004
0.000034
0.000006
-0.000001
0.000003
0.000044
0.000028
0.000007
0.000019
-0.000008
0.000001
0.000044
-0.000016
-0.000037
-0.000026
-0.000037
-0.000003
-0.000013
0.000031
0.000031
0.000048
0.000014
-0.000033
0.000041
-0.000000
0.000049
-0.000012
-0.000009
-0.000027
0.000062
0.000033
-0.000039
0.000000
-0.000007
-0.000002
0.000022
0.000005
-0.000021
-0.000011
-0.000006
-0.000017
0.000008
0.000036
-0.000039
0.000015
-0.000018
0.000000
0.000017
0.000015
-0.000056
0.000003
-0.000015
0.000043
0.000030
0.000003
0.000008
0.000004
-0.000050
0.000020
0.000041
0.000018
0.000021
-0.000024
-0.000020
-0.000008
-0.000014
-0.000077
-0.000031
0.000004
-0.000033
-0.000009
0.000010
0.000006
0.000006
-0.000003
-0.000011
0.000032
0.000059
-0.000027
-0.000018
-0.000000
0.000043
-0.000041
-0.000020
0.000015
-0.000026
-0.000022
0.000027
0.000068
0.000010
0.000007
-0.000001
0.000007
0.000001
-0.000021
0.000037
-0.000051
-0.000040
-0.000003
-0.000007
-0.000043
0.000001
0.000003
-0.000015
0.000019
0.000031
-0.000024
-0.000027
-0.000001
-0.000007
-0.000006
0.000002
-0.000009
0.000012
0.000016
-0.000016
0.000003
0.000008
-0.000024
0.000038
0.000007
0.000028
0.000023
0.000004
0.000000
-0.000024
0.000038
-0.000045
-0.000051
0.000068
-0.000045
0.000025
-0.000012
-0.000009
-0.000029
-0.000023
-0.000023
0.000009
0.000055
0.000002
0.000007
0.000010
-0.000049
-0.000011
-0.000034
-0.000009
0.000017
-0.000023
-0.000047
0.000041
0.000061
0.000007
-0.000007
-0.000025
-0.000017
0.000021
-0.000021
-0.000030
0.000003
0.000012
0.000015
0.000005
-0.000037
-0.000066
0.000025
0.000037
0.000001
-0.000013
0.000014
0.000006
-0.000009
-0.000004
0.000033
0.000006
-0.000016
0.000045
0.000017
-0.000040
-0.000023
0.000027
0.000042
-0.000048
-0.000034
0.000044
-0.000002
0.000009
0.000009
-0.000014
0.000033
0.000026
-0.000034
0.000009
-0.000012
0.000005
-0.000014
0.000025
0.000021
0.000027
0.000017
-0.000018
0.000004
-0.000019
-0.000007
-0.000020
-0.000017
-0.000017
-0.000002
0.000009
0.000000
0.000010
0.000008
0.000021
0.000007
-0.000038
-0.000052
-0.000004
0.000029
0.000010
0.000048
0.000016
-0.000017
0.000032
-0.000044
-0.000013
0.000056
-0.000004
-0.000003
0.000038
0.000039
0.000001
-0.000014
-0.000047
0.000031
0.000042
0.000018
-0.000029
-0.000010
0.000027
0.000011
0.000006
0.000008
-0.000040
-0.000032
0.000018
0.000008
-0.000032
-0.000018
0.000012
-0.000022
0.000007
-0.000020
-0.000019
0.000051
0.000027
0.000010
-0.000049
-0.000044
0.000018
0.000003
0.000048
-0.000007
0.000019
0.000029
-0.000021
0.000049
0.000008
0.000017
-0.000034
0.000037
0.000036
0.000054
0.000010
-0.000007
0.000026
-0.000035
-0.000041
-0.000013
-0.000040
0.000008
0.000039
-0.000022
0.000026
0.000017
0.000060
-0.000014
0.000004
0.000088
-0.000020
-0.000034
0.000006
0.000011
0.000021
-0.000043
0.000009
-0.000010
-0.000021
-0.000041
-0.000009
0.000033
-0.000070
-0.000017
0.000014
-0.000031
-0.000044
-0.000030
0.000062
0.000055
-0.000011
0.000020
0.000004
-0.000006
0.000032
0.000004
-0.000009
-0.000013
0.000004
0.000004
0.000018
0.000027
0.000013
0.000018
-0.000043
-0.000003
0.000076
-0.000004
-0.000029
-0.000001
0.000025
-0.000032
0.000024
0.000023
-0.000001
-0.000011
-0.000029
-0.000059
-0.000032
0.000036
0.000056
0.000049
-0.000061
-0.000038
0.000017
-0.000009
-0.000046
0.000024
-0.000030
-0.000000
-0.000010
0.000031
0.000008
0.000022
-0.000045
0.000005
-0.000025
0.000011
0.000003
0.000032
0.000054
0.000033
0.000013
-0.000009
-0.000013
-0.000010
0.000020
0.000018
0.000017
0.000041
-0.000037
0.000019
0.000023
-0.000046
-0.000018
-0.000061
0.000044
-0.000016
-0.000032
0.000032
0.000045
-0.000005
0.000011
-0.000023
-0.000044
-0.000026
0.000012
-0.000009
-0.000001
0.000007
-0.000035
-0.000020
-0.000029
-0.000018
-0.000004
-0.000005
-0.000005
0.000002
0.000027
-0.000050
0.000005
0.000005
0.000014
0.000040
-0.000005
0.000016
0.000014
0.000005
-0.000007
-0.000019
-0.000021
0.000025
0.000017
0.000036
0.000007
-0.000008
0.000038
0.000024
-0.000024
-0.000029
-0.000002
0.000002
0.000025
0.000018
0.000000
0.000018
-0.000061
0.000021
0.000004
0.000018
0.000013
-0.000032
0.000028
0.000037
-0.000044
-0.000012
-0.000035
-0.000006
-0.000041
0.000040
0.000044
0.000040
-0.000015
0.000027
-0.000033
0.000017
0.000039
0.000024
0.000032
-0.000018
-0.000024
-0.000045
0.000006
-0.000047
0.000013
0.000017
-0.000025
0.000031
0.000021
0.000051
0.000009
-0.000016
-0.000014
-0.000025
0.000014
-0.000006
0.000037
0.000024
-0.000012
-0.000015
0.000044
-0.000028
-0.000046
-0.000035
0.000024
0.000014
-0.000020
-0.000080
-0.000013
-0.000035
0.000010
-0.000007
-0.000009
-0.000024
-0.000018
-0.000023
-0.000031
0.000035
0.000031
-0.000018
0.000013
0.000000
-0.000007
0.000007
-0.000031
0.000025
0.000021
-0.000048
0.000005
-0.000031
-0.000064
0.000007
-0.000015
-0.000010
-0.000011
0.000005
-0.000011
0.000013
0.000004
0.000033
-0.000059
0.000019
-0.000017
-0.000012
-0.000034
-0.000010
-0.000012
0.000003
-0.000035
-0.000058
0.000005
-0.000011
-0.000012
-0.000002
0.000065
0.000004
-0.000037
-0.000014
0.000021
0.000033
-0.000059
-0.000026
-0.000002
-0.000012
-0.000053
-0.000014
0.000034
-0.000050
-0.000008
-0.000008
-0.000020
-0.000032
-0.000022
-0.000002
0.000012
-0.000009
0.000026
0.000042
-0.000040
-0.000022
0.000016
0.000034
0.000004
-0.000008
0.000030
-0.000004
-0.000034
0.000000
0.000017
0.000011
-0.000010
0.000025
0.000077
0.000021
-0.000013
-0.000031
-0.000013
-0.000023
0.000005
0.000033
0.000010
0.000042
-0.000003
-0.000038
0.000005
0.000016
-0.000017
-0.000050
-0.000009
-0.000008
-0.000008
-0.000018
0.000001
-0.000024
0.000034
-0.000019
-0.000068
0.000026
-0.000033
0.000004
0.000012
0.000032
0.000015
0.000020
0.000007
0.000057
0.000003
-0.000021
-0.000045
-0.000031
-0.000020
-0.000019
0.000034
0.000040
-0.000009
-0.000035
-0.000001
-0.000001
-0.000022
-0.000026
-0.000019
-0.000015
-0.000006
0.000041
0.000004
0.000015
-0.000016
0.000021
0.000041
-0.000031
0.000020
-0.000015
0.000041
0.000004
-0.000003
-0.000003
0.000007
0.000043
-0.000005
-0.000022
0.000015
-0.000000
-0.000038
0.000022
0.000011
-0.000019
0.000012
0.000010
0.000030
0.000017
-0.000040
0.000013
-0.000027
0.000041
-0.000013
0.000034
0.000005
-0.000011
-0.000013
0.000012
0.000028
-0.000022
0.000011
-0.000055
-0.000004
0.000023
0.000011
-0.000024
-0.000028
-0.000041
-0.000007
-0.000018
-0.000007
0.000005
-0.000032
0.000002
0.000017
-0.000002
0.000047
-0.000038
0.000022
-0.000009
-0.000007
0.000028
0.000036
0.000018
-0.000021
-0.000023
0.000013
-0.000016
0.000033
-0.000032
0.000060
0.000018
-0.000037
-0.000035
-0.000025
0.000046
-0.000002
0.000034
0.000022
0.000053
-0.000044
-0.000026
-0.000034
0.000047
-0.000027
-0.000002
-0.000027
0.000010
-0.000007
0.000021
-0.000022
-0.000021
-0.000008
0.000011
-0.000046
0.000004
0.000017
-0.000024
0.000015
0.000001
-0.000036
-0.000002
0.000012
-0.000034
0.000001
-0.000014
-0.000007
0.000044
-0.000003
0.000006
-0.000015
0.000002
0.000015
0.000001
0.000014
-0.000015
-0.000008
0.000020
0.000016
0.000008
0.000002
0.000005
0.000024
0.000009
-0.000043
0.000038
0.000005
-0.000025
0.000009
-0.000007
-0.000028
0.000008
0.000018
0.000004
-0.000001
0.000028
0.000055
0.000014
-0.000039
0.000001
0.000023
-0.000026
-0.000027
-0.000022
-0.000010
0.000001
0.000010
-0.000018
0.000004
0.000022
-0.000012
0.000018
0.000049
-0.000007
-0.000022
-0.000004
-0.000009
-0.000030
0.000001
0.000047
0.000023
-0.000019
-0.000016
-0.000037
0.000005
0.000031
0.000024
0.000021
-0.000008
-0.000073
0.000001
0.000007
0.000021
0.000004
-0.000016
0.000019
-0.000010
0.000000
-0.000019
0.000019
-0.000000
0.000008
0.000012
0.000001
0.000004
0.000014
0.000031
-0.000005
-0.000008
0.000070
-0.000005
-0.000035
0.000061
-0.000031
-0.000000
-0.000019
0.000033
0.000004
0.000047
0.000013
0.000041
-0.000022
0.000020
0.000010
0.000041
0.000015
0.000001
0.000036
0.000005
0.000004
0.000023
-0.000042
0.000049
-0.000058
-0.000021
-0.000018
0.000015
0.000002
0.000002
-0.000015
-0.000006
0.000003
-0.000022
0.000025
0.000049
0.000015
-0.000036
0.000033
-0.000004
-0.000010
0.000063
-0.000021
-0.000022
0.000041
-0.000019
-0.000001
0.000003
0.000007
0.000019
-0.000024
0.000001
0.000017
0.000024
0.000023
-0.000039
0.000004
0.000035
0.000004
0.000014
-0.000030
-0.000054
0.000015
-0.000054
-0.000009
0.000024
-0.000008
-0.000018
-0.000007
-0.000023
0.000045
0.000016
0.000003
-0.000002
-0.000041
-0.000020
0.000056
0.000014
0.000007
0.000061
0.000009
0.000020
0.000020
-0.000016
0.000032
-0.000019
0.000071
0.000030
-0.000002
-0.000026
-0.000043
0.000041
-0.000033
0.000048
0.000009
-0.000022
0.000002
-0.000020
0.000034
-0.000043
0.000014
-0.000028
0.000024
-0.000019
-0.000041
0.000027
0.000003
0.000002
0.000008
0.000057
-0.000048
0.000016
-0.000018
0.000030
0.000055
0.000003
-0.000008
0.000046
0.000001
-0.000030
0.000037
0.000019
-0.000006
0.000013
0.000014
0.000020
0.000004
-0.000003
-0.000014
-0.000049
0.000025
-0.000018
-0.000039
-0.000021
0.000038
0.000038
-0.000027
0.000013
0.000001
0.000007
-0.000030
-0.000016
-0.000075
0.000007
0.000019
0.000045
0.000029
0.000033
0.000011
0.000005
-0.000016
0.000013
0.000059
0.000047
0.000003
0.000009
-0.000048
-0.000007
0.000006
-0.000003
-0.000017
-0.000027
0.000002
0.000002
0.000059
-0.000009
-0.000009
0.000014
-0.000034
-0.000009
0.000043
-0.000009
0.000020
0.000010
0.000020
-0.000043
-0.000048
-0.000032
0.000060
-0.000032
0.000031
0.000044
0.000043
0.000077
0.000005
0.000026
0.000026
0.000021
0.000016
0.000019
-0.000027
0.000011
0.000030
0.000019
-0.000054
0.000040
-0.000044
-0.000034
0.000060
0.000002
-0.000085
-0.000048
0.000045
-0.000034
-0.000003
-0.000039
0.000001
0.000031
0.000017
0.000061
-0.000012
-0.000003
0.000036
-0.000016
0.000026
0.000032
-0.000006
0.000001
-0.000004
-0.000048
0.000015
0.000015
-0.000018
0.000019
-0.000033
-0.000063
-0.000034
-0.000045
0.000025
-0.000013
0.000024
0.000006
0.000027
0.000023
0.000010
-0.000007
-0.000012
0.000017
0.000043
0.000025
0.000069
-0.000024
0.000051
0.000031
0.000001
0.000019
0.000034
-0.000009
-0.000052
0.000014
0.000048
0.000030
0.000008
-0.000008
0.000031
0.000029
0.000026
-0.000028
0.000028
0.000024
0.000023
0.000018
-0.000027
0.000023
-0.000007
-0.000023
-0.000029
0.000007
0.000033
-0.000066
0.000035
0.000051
-0.000046
0.000033
0.000021
0.000033
0.000047
-0.000084
0.000048
0.000019
0.000036
0.000008
0.000060
-0.000016
-0.000032
0.000029
0.000022
0.000046
0.000076
0.000015
-0.000023
0.000031
-0.000004
-0.000014
0.000018
0.000001
0.000026
-0.000042
-0.000033
-0.000010
-0.000005
-0.000006
-0.000020
0.000023
-0.000033
-0.000008
-0.000024
-0.000049
-0.000046
0.000009
-0.000004
0.000042
0.000031
0.000047
-0.000007
-0.000018
0.000021
0.000003
-0.000033
-0.000020
0.000052
0.000017
-0.000069
0.000008
-0.000040
-0.000016
0.000022
0.000020
-0.000056
-0.000030
0.000005
0.000015
0.000031
-0.000060
-0.000024
-0.000012
0.000026
0.000038
0.000004
-0.000016
-0.000052
0.000017
0.000017
0.000003
0.000060
0.000000
-0.000016
-0.000030
0.000053
0.000018
0.000000
-0.000001
0.000027
0.000020
-0.000019
-0.000028
0.000009
0.000068
0.000058
0.000022
0.000016
0.000007
0.000041
0.000007
0.000033
0.000017
0.000035
0.000007
-0.000018
0.000053
-0.000047
-0.000015
0.000022
0.000024
-0.000008
0.000019
-0.000015
-0.000004
0.000006
0.000015
-0.000000
0.000031
0.000024
0.000073
-0.000042
-0.000042
-0.000006
-0.000047
0.000014
0.000022
0.000006
0.000013
-0.000027
0.000055
0.000026
-0.000036
0.000043
0.000007
0.000032
-0.000039
-0.000014
-0.000032
-0.000032
-0.000006
-0.000046
-0.000021
-0.000026
0.000004
0.000036
-0.000016
0.000016
-0.000029
0.000036
0.000003
-0.000002
-0.000034
-0.000030
-0.000043
0.000028
-0.000037
-0.000002
0.000027
0.000016
-0.000004
-0.000021
0.000027
0.000024
0.000013
0.000002
0.000034
-0.000019
-0.000007
-0.000003
-0.000017
-0.000037
0.000022
0.000058
0.000076
0.000012
-0.000003
-0.000007
-0.000007
-0.000021
0.000049
-0.000005
-0.000074
0.000070
-0.000004
-0.000042
0.000021
0.000014
-0.000036
-0.000021
0.000002
0.000019
0.000019
-0.000011
0.000016
0.000051
0.000024
0.000015
-0.000011
-0.000016
0.000022
0.000045
0.000008
0.000004
0.000030
0.000027
0.000026
-0.000020
-0.000033
-0.000000
-0.000045
0.000004
-0.000044
0.000031
-0.000043
0.000001
0.000004
-0.000028
-0.000010
0.000004
0.000005
-0.000002
0.000007
-0.000019
0.000025
0.000003
-0.000021
0.000032
-0.000017
0.000028
-0.000006
-0.000030
-0.000019
0.000011
0.000024
0.000014
0.000011
0.000014
-0.000010
-0.000028
0.000002
0.000007
0.000020
-0.000018
-0.000001
0.000013
0.000018
0.000045
0.000032
-0.000018
-0.000029
0.000001
0.000016
-0.000000
0.000023
0.000020
-0.000018
0.000019
0.000049
-0.000016
0.000022
0.000012
0.000039
0.000042
0.000027
0.000011
-0.000029
-0.000072
-0.000025
-0.000025
-0.000000
-0.000019
-0.000038
-0.000035
0.000008
0.000002
-0.000015
-0.000026
-0.000005
0.000036
0.000001
0.000009
-0.000031
-0.000015
-0.000007
0.000007
-0.000004
0.000041
-0.000023
0.000014
0.000058
0.000016
-0.000005
-0.000012
0.000005
-0.000024
0.000020
0.000024
-0.000012
-0.000010
0.000008
0.000038
-0.000029
0.000001
0.000022
0.000004
-0.000009
-0.000010
0.000011
-0.000031
0.000012
-0.000005
0.000024
0.000043
-0.000004
0.000006
-0.000002
-0.000041
0.000010
-0.000042
-0.000031
-0.000012
-0.000063
-0.000014
-0.000078
-0.000043
-0.000033
-0.000076
0.000057
0.000028
0.000014
-0.000015
0.000001
0.000019
0.000029
0.000012
-0.000040
0.000042
0.000043
0.000001
0.000010
0.000001
-0.000035
0.000008
-0.000026
0.000007
0.000078
-0.000002
-0.000003
0.000084
0.000060
0.000011
0.000023
-0.000026
0.000004
-0.000020
-0.000034
-0.000025
-0.000001
0.000016
0.000013
-0.000019
0.000021
0.000023
-0.000027
-0.000042
0.000056
0.000011
0.000018
0.000018
0.000026
-0.000022
-0.000088
-0.000047
-0.000007
-0.000026
0.000065
0.000009
0.000029
-0.000014
-0.000029
0.000056
-0.000014
-0.000059
-0.000044
0.000016
0.000030
-0.000029
0.000014
-0.000045
0.000035
0.000042
0.000006
0.000067
-0.000020
-0.000039
-0.000003
0.000008
0.000002
-0.000001
0.000009
-0.000017
0.000024
-0.000039
0.000017
-0.000015
-0.000021
-0.000059
0.000021
-0.000017
0.000052
0.000037
0.000021
0.000001
-0.000000
0.000021
-0.000022
-0.000011
-0.000003
0.000002
-0.000001
0.000062
0.000035
-0.000039
-0.000004
0.000054
0.000033
0.000005
-0.000005
0.000009
0.000007
0.000057
0.000028
-0.000028
0.000044
0.000009
-0.000045
0.000022
0.000024
0.000038
-0.000013
-0.000022
0.000034
-0.000013
-0.000021
-0.000026
-0.000007
-0.000031
-0.000020
-0.000000
-0.000013
-0.000003
0.000017
0.000005
-0.000018
0.000051
0.000046
0.000027
-0.000039
-0.000021
0.000032
0.000018
0.000043
0.000014
-0.000050
-0.000040
0.000020
-0.000061
0.000022
-0.000027
-0.000008
-0.000038
0.000011
0.000032
-0.000039
0.000026
-0.000045
0.000020
-0.000022
-0.000038
0.000014
-0.000019
0.000068
-0.000007
0.000034
-0.000017
-0.000005
0.000009
-0.000029
0.000022
-0.000024
0.000024
-0.000015
0.000040
0.000045
0.000005
-0.000043
-0.000006
0.000010
0.000018
0.000013
0.000017
0.000034
0.000001
-0.000019
0.000005
0.000016
0.000006
0.000013
-0.000008
-0.000007
-0.000002
0.000003
0.000001
0.000032
-0.000003
0.000010
-0.000061
-0.000051
-0.000008
0.000021
0.000052
-0.000013
-0.000001
-0.000014
-0.000027
0.000016
0.000003
0.000041
-0.000006
-0.000002
-0.000031
-0.000028
0.000043
-0.000008
-0.000025
0.000006
0.000011
0.000006
-0.000011
0.000024
0.000005
-0.000052
0.000014
0.000010
0.000019
0.000011
-0.000007
0.000003
0.000036
0.000003
-0.000028
-0.000052
0.000011
-0.000013
0.000036
0.000019
-0.000058
-0.000012
0.000036
-0.000032
0.000034
0.000005
0.000010
0.000012
-0.000004
0.000015
-0.000015
-0.000003
-0.000035
0.000032
-0.000024
-0.000064
-0.000003
-0.000026
0.000028
0.000031
-0.000020
-0.000025
-0.000015
-0.000019
0.000004
-0.000022
-0.000011
0.000042
0.000019
0.000020
0.000021
-0.000018
-0.000025
-0.000014
0.000040
0.000028
-0.000016
-0.000001
-0.000064
0.000011
-0.000013
0.000030
-0.000055
-0.000005
0.000018
0.000037
-0.000006
0.000005
0.000002
0.000011
-0.000023
-0.000039
0.000012
0.000033
0.000012
-0.000000
-0.000028
-0.000016
-0.000009
0.000010
-0.000005
-0.000020
0.000005
0.000043
-0.000023
-0.000000
-0.000004
0.000018
0.000031
0.000017
-0.000008
0.000002
0.000008
0.000005
-0.000025
0.000010
0.000026
0.000006
0.000023
0.000048
0.000003
0.000005
-0.000007
-0.000022
0.000006
-0.000026
-0.000031
-0.000044
-0.000022
-0.000042
0.000032
0.000014
-0.000030
0.000041
-0.000017
-0.000024
-0.000004
-0.000034
-0.000044
-0.000022
0.000003
-0.000012
0.000007
-0.000002
-0.000030
-0.000066
-0.000028
0.000074
0.000022
0.000011
-0.000012
0.000023
0.000070
0.000012
-0.000003
0.000048
-0.000019
0.000029
0.000010
-0.000029
-0.000016
0.000002
0.000028
0.000019
-0.000023
-0.000008
0.000000
-0.000026
0.000002
-0.000029
0.000074
0.000002
-0.000059
-0.000010
0.000061
-0.000011
-0.000015
-0.000055
-0.000001
0.000044
0.000072
0.000043
-0.000006
-0.000038
0.000035
-0.000035
-0.000027
-0.000007
-0.000020
-0.000009
0.000008
-0.000020
-0.000001
0.000009
0.000028
-0.000002
0.000034
0.000004
-0.000004
0.000015
0.000034
0.000047
0.000032
-0.000012
-0.000089
-0.000034
0.000003
-0.000006
0.000035
0.000025
0.000012
0.000018
-0.000024
0.000007
0.000026
-0.000003
0.000002
-0.000058
0.000012
0.000040
-0.000023
-0.000070
0.000051
0.000031
-0.000010
0.000021
0.000057
0.000025
-0.000035
-0.000029
0.000017
0.000014
0.000016
-0.000023
-0.000005
-0.000013
-0.000058
0.000025
-0.000014
0.000040
-0.000040
-0.000029
0.000028
-0.000022
0.000018
-0.000054
-0.000010
-0.000009
0.000008
0.000001
-0.000045
0.000001
-0.000029
-0.000023
-0.000030
-0.000009
0.000058
0.000015
0.000031
0.000117
0.000022
-0.000056
0.000001
0.000064
0.000040
-0.000006
-0.000010
0.000004
-0.000011
-0.000013
-0.000027
0.000049
0.000037
-0.000035
0.000037
0.000027
0.000051
0.000069
0.000041
0.000003
0.000001
0.000011
-0.000008
-0.000030
-0.000075
-0.000013
-0.000019
0.000019
0.000043
-0.000008
0.000002
-0.000019
0.000021
0.000017
0.000008
0.000019
0.000017
0.000033
-0.000022
0.000021
0.000019
-0.000042
-0.000046
-0.000022
0.000041
0.000008
-0.000008
0.000041
-0.000066
0.000004
0.000012
0.000002
-0.000008
0.000047
0.000039
-0.000025
0.000044
0.000024
-0.000028
-0.000039
-0.000017
0.000039
0.000009
0.000004
0.000027
0.000030
0.000019
-0.000003
-0.000019
-0.000021
0.000053
0.000014
-0.000008
-0.000020
-0.000016
-0.000024
0.000038
-0.000017
-0.000024
0.000039
0.000042
0.000017
-0.000014
-0.000008
0.000053
-0.000001
0.000070
0.000031
-0.000004
0.000051
0.000007
-0.000036
0.000047
0.000014
-0.000031
-0.000039
-0.000009
-0.000016
0.000028
-0.000026
-0.000026
0.000025
0.000039
-0.000036
-0.000018
0.000004
0.000008
-0.000057
-0.000023
-0.000013
-0.000040
-0.000046
-0.000006
0.000023
-0.000021
0.000033
0.000002
-0.000053
0.000008
0.000050
-0.000055
0.000006
0.000019
0.000037
-0.000029
-0.000048
-0.000054
0.000039
-0.000018
-0.000004
0.000011
0.000031
0.000019
-0.000001
-0.000010
-0.000016
0.000022
-0.000037
-0.000015
-0.000027
-0.000017
0.000024
-0.000007
-0.000018
-0.000018
0.000039
-0.000002
0.000002
0.000015
-0.000013
-0.000022
-0.000032
-0.000003
0.000044
0.000053
0.000018
0.000015
0.000022
0.000035
-0.000027
-0.000031
0.000002
-0.000036
-0.000019
-0.000007
-0.000047
0.000040
0.000020
0.000048
-0.000047
0.000022
-0.000027
0.000005
-0.000016
-0.000032
-0.000030
0.000010
-0.000020
0.000027
0.000002
-0.000009
-0.000008
-0.000004
0.000033
0.000014
-0.000017
0.000001
0.000014
0.000019
0.000028
0.000011
0.000019
0.000037
-0.000015
-0.000018
0.000014
0.000022
-0.000018
0.000017
0.000016
-0.000019
0.000018
-0.000053
-0.000032
-0.000024
0.000021
-0.000021
-0.000039
-0.000011
-0.000018
0.000042
-0.000011
-0.000015
0.000014
0.000037
-0.000039
-0.000009
0.000016
-0.000013
0.000000
0.000031
0.000027
0.000014
-0.000053
0.000016
0.000046
0.000026
0.000036
0.000064
-0.000035
0.000033
0.000056
0.000008
0.000012
0.000017
-0.000049
0.000021
0.000017
0.000038
0.000042
0.000008
0.000050
-0.000010
-0.000031
0.000027
0.000025
-0.000012
0.000012
0.000003
0.000021
0.000018
-0.000047
0.000004
-0.000043
0.000043
0.000002
-0.000010
-0.000014
-0.000029
-0.000006
-0.000017
0.000065
-0.000010
0.000028
-0.000022
-0.000033
-0.000012
0.000033
-0.000015
-0.000031
0.000055
-0.000018
0.000025
0.000062
-0.000026
0.000022
0.000004
-0.000006
0.000029
0.000000
0.000038
0.000058
-0.000014
0.000025
-0.000028
0.000103
0.000075
-0.000068
0.000006
-0.000026
0.000013
-0.000023
-0.000013
0.000007
0.000004
0.000025
0.000059
0.000001
0.000027
-0.000009
-0.000012
0.000016
-0.000007
0.000029
-0.000003
-0.000024
0.000023
0.000044
0.000035
0.000004
-0.000052
-0.000008
-0.000036
-0.000004
0.000025
0.000006
0.000009
0.000029
-0.000017
0.000035
0.000057
-0.000018
-0.000000
0.000042
-0.000014
-0.000009
0.000034
0.000011
0.000038
-0.000025
0.000047
-0.000015
-0.000033
-0.000001
-0.000021
-0.000010
-0.000025
-0.000042
-0.000017
0.000020
-0.000027
-0.000081
0.000026
-0.000025
-0.000028
0.000025
-0.000015
0.000008
-0.000032
-0.000005
-0.000041
0.000001
0.000005
0.000013
-0.000044
-0.000015
0.000019
-0.000015
-0.000043
-0.000010
0.000021
-0.000045
-0.000003
0.000009
-0.000042
0.000024
0.000026
-0.000000
-0.000026
-0.000021
0.000062
-0.000023
0.000015
0.000004
-0.000044
0.000039
-0.000015
-0.000001
0.000046
0.000033
0.000014
-0.000027
0.000008
0.000059
0.000034
-0.000018
0.000000
-0.000038
0.000053
-0.000038
-0.000028
-0.000039
-0.000031
-0.000006
-0.000013
0.000004
-0.000005
0.000008
-0.000015
0.000026
-0.000022
0.000048
0.000003
-0.000029
-0.000004
-0.000001
0.000013
0.000041
0.000026
0.000066
0.000044
-0.000023
0.000016
-0.000039
-0.000015
0.000003
0.000007
-0.000005
-0.000019
-0.000000
-0.000006
0.000001
-0.000045
0.000008
0.000052
-0.000002
-0.000023
0.000007
0.000005
0.000004
-0.000056
-0.000004
-0.000001
0.000026
-0.000003
-0.000058
0.000010
0.000015
0.000049
0.000011
0.000014
-0.000046
0.000017
-0.000032
-0.000041
0.000066
0.000002
0.000001
0.000024
-0.000034
-0.000012
0.000016
-0.000063
-0.000018
0.000034
-0.000006
0.000029
-0.000013
-0.000016
-0.000047
-0.000002
0.000015
-0.000012
0.000010
-0.000002
0.000092
0.000007
-0.000016
-0.000017
-0.000003
-0.000058
-0.000026
0.000014
-0.000009
-0.000010
0.000017
-0.000010
-0.000063
0.000023
0.000002
0.000011
-0.000028
-0.000067
0.000001
-0.000007
0.000014
0.000012
0.000021
-0.000001
0.000031
-0.000000
-0.000035
0.000042
-0.000058
0.000029
0.000014
0.000040
0.000060
-0.000049
0.000069
0.000044
-0.000006
0.000005
-0.000010
0.000049
0.000019
0.000043
-0.000012
0.000017
0.000041
-0.000018
0.000007
0.000030
0.000018
-0.000003
0.000001
-0.000022
-0.000006
0.000011
0.000003
-0.000022
-0.000016
0.000035
0.000005
0.000027
-0.000015
0.000032
-0.000017
-0.000016
-0.000006
-0.000006
-0.000005
0.000027
0.000038
-0.000019
-0.000007
0.000075
-0.000030
-0.000004
0.000015
-0.000037
0.000047
-0.000006
0.000006
-0.000013
0.000007
-0.000058
0.000020
0.000004
-0.000020
-0.000069
0.000032
0.000037
-0.000008
-0.000017
-0.000028
-0.000005
-0.000003
-0.000040
0.000040
0.000021
0.000001
0.000036
0.000016
0.000042
-0.000021
0.000001
0.000017
0.000014
0.000001
0.000013
0.000007
-0.000013
-0.000034
0.000012
0.000022
-0.000028
-0.000012
-0.000004
-0.000037
0.000021
-0.000006
-0.000022
0.000017
-0.000015
-0.000020
-0.000002
0.000036
0.000004
-0.000019
0.000001
0.000005
-0.000014
-0.000039
0.000023
0.000037
-0.000015
-0.000024
0.000017
-0.000038
-0.000000
0.000005
-0.000006
0.000035
0.000017
0.000050
-0.000026
-0.000013
0.000036
-0.000003
-0.000031
0.000025
0.000043
0.000030
-0.000021
0.000003
0.000009
-0.000043
-0.000025
0.000035
0.000025
0.000022
0.000033
-0.000038
0.000003
0.000029
0.000015
-0.000025
-0.000044
-0.000001
-0.000004
0.000040
-0.000028
-0.000016
-0.000022
-0.000015
-0.000009
-0.000042
0.000003
-0.000007
0.000009
-0.000043
0.000015
0.000001
-0.000050
-0.000042
0.000014
-0.000014
0.000016
0.000029
0.000009
0.000015
0.000038
0.000026
-0.000019
0.000016
0.000009
-0.000025
-0.000009
0.000075
-0.000034
0.000001
-0.000036
-0.000018
-0.000013
0.000028
0.000006
-0.000010
0.000028
0.000011
-0.000037
-0.000021
-0.000011
0.000028
0.000035
0.000021
-0.000030
-0.000015
0.000020
-0.000031
-0.000028
-0.000036
0.000022
0.000024
-0.000005
0.000003
0.000009
-0.000003
-0.000028
-0.000005
0.000003
0.000068
0.000037
0.000018
0.000026
0.000030
-0.000002
-0.000031
-0.000053
-0.000039
0.000031
0.000042
0.000011
0.000001
-0.000027
-0.000078
0.000000
0.000018
-0.000017
0.000022
0.000009
-0.000012
-0.000022
-0.000031
-0.000026
-0.000011
0.000041
0.000032
0.000010
0.000009
0.000009
0.000081
0.000025
-0.000004
-0.000033
0.000048
0.000032
0.000003
-0.000042
0.000017
-0.000014
-0.000022
0.000026
-0.000022
0.000027
-0.000030
-0.000020
0.000019
0.000023
0.000009
-0.000044
0.000035
0.000062
-0.000031
-0.000023
-0.000027
-0.000017
0.000026
-0.000035
0.000017
0.000001
-0.000012
-0.000074
-0.000050
0.000020
-0.000039
0.000014
-0.000003
-0.000054
0.000004
-0.000024
0.000008
-0.000020
-0.000005
-0.000048
0.000018
0.000002
-0.000022
-0.000066
0.000000
0.000011
-0.000008
0.000034
-0.000046
-0.000008
0.000034
0.000001
-0.000104
0.000072
0.000023
-0.000037
0.000009
-0.000031
0.000026
-0.000030
-0.000006
-0.000035
-0.000007
-0.000030
0.000018
0.000069
0.000014
-0.000028
-0.000026
0.000000
0.000063
0.000029
0.000030
-0.000017
0.000023
0.000040
-0.000002
0.000021
-0.000018
0.000029
-0.000076
0.000013
0.000037
0.000020
0.000004
-0.000025
0.000039
0.000020
-0.000020
-0.000033
-0.000012
-0.000044
0.000003
0.000003
0.000039
0.000017
-0.000002
0.000039
-0.000043
-0.000035
-0.000019
0.000000
-0.000025
0.000040
-0.000037
0.000001
0.000032
-0.000039
-0.000003
-0.000032
0.000025
-0.000002
0.000024
-0.000023
0.000030
0.000059
0.000019
0.000004
0.000014
0.000003
-0.000000
0.000010
0.000005
-0.000018
0.000031
-0.000032
-0.000012
-0.000018
0.000003
0.000022
-0.000013
0.000017
0.000013
0.000016
0.000013
0.000020
-0.000014
0.000051
0.000013
0.000055
-0.000014
0.000009
-0.000028
0.000011
0.000042
-0.000041
0.000040
-0.000051
0.000026
-0.000049
-0.000004
-0.000019
0.000005
-0.000015
-0.000001
0.000001
0.000043
0.000014
-0.000000
0.000011
0.000026
-0.000013
-0.000063
0.000047
0.000066
-0.000025
0.000037
0.000010
-0.000013
-0.000029
0.000016
0.000010
0.000000
-0.000035
0.000046
0.000011
-0.000007
-0.000009
0.000012
-0.000001
-0.000014
-0.000009
-0.000023
-0.000015
-0.000014
-0.000036
0.000024
-0.000003
-0.000030
-0.000009
-0.000041
-0.000005
0.000041
-0.000010
0.000033
0.000033
0.000008
-0.000014
-0.000019
0.000014
0.000029
0.000018
0.000001
0.000020
-0.000005
-0.000018
0.000025
0.000014
-0.000040
-0.000049
0.000030
-0.000017
0.000040
-0.000004
0.000031
-0.000002
-0.000032
0.000001
0.000030
-0.000056
-0.000028
0.000035
-0.000051
-0.000031
0.000047
-0.000024
-0.000022
0.000025
0.000026
-0.000039
-0.000024
0.000034
0.000006
-0.000010
0.000010
-0.000016
-0.000049
-0.000035
-0.000001
0.000055
0.000002
0.000016
-0.000044
0.000014
0.000011
-0.000028
-0.000004
-0.000002
0.000030
-0.000004
-0.000034
-0.000035
0.000033
-0.000013
-0.000031
0.000008
-0.000044
-0.000025
0.000002
-0.000025
0.000034
0.000025
0.000002
-0.000004
-0.000047
0.000024
-0.000074
-0.000038
0.000040
-0.000037
0.000012
0.000003
-0.000029
-0.000006
0.000027
-0.000059
-0.000013
0.000000
0.000007
0.000012
0.000016
0.000032
-0.000018
-0.000004
-0.000023
-0.000038
-0.000019
-0.000015
-0.000001
0.000008
0.000008
0.000030
0.000003
0.000036
0.000039
0.000021
0.000025
0.000012
0.000017
-0.000015
-0.000062
0.000036
-0.000004
0.000025
-0.000016
-0.000025
-0.000008
-0.000018
-0.000051
0.000046
0.000005
0.000056
-0.000007
-0.000030
0.000011
-0.000040
0.000002
0.000031
-0.000009
-0.000008
0.000073
0.000003
0.000017
0.000015
0.000014
0.000029
-0.000013
-0.000034
-0.000051
-0.000039
0.000015
-0.000010
0.000038
-0.000022
-0.000000
-0.000038
0.000022
-0.000006
-0.000028
0.000021
-0.000022
0.000015
-0.000004
-0.000018
-0.000027
0.000023
0.000002
-0.000028
-0.000006
0.000006
0.000020
0.000008
-0.000016
0.000042
0.000002
-0.000010
0.000055
-0.000024
-0.000009
-0.000002
-0.000005
0.000009
-0.000043
0.000044
-0.000010
0.000044
-0.000014
-0.000001
0.000013
-0.000054
-0.000030
0.000065
-0.000001
0.000020
0.000002
-0.000033
-0.000028
-0.000080
0.000028
0.000020
0.000000
0.000015
-0.000018
0.000003
0.000040
0.000002
-0.000011
-0.000004
0.000005
0.000027
-0.000011
0.000012
-0.000035
0.000002
0.000015
-0.000040
-0.000012
0.000036
0.000023
0.000016
0.000030
0.000024
-0.000006
0.000021
-0.000021
0.000046
-0.000038
0.000035
0.000001
0.000069
0.000070
0.000007
0.000046
-0.000024
-0.000024
-0.000029
-0.000004
-0.000043
-0.000027
0.000032
-0.000004
0.000071
-0.000042
-0.000016
0.000036
0.000037
-0.000018
-0.000025
-0.000006
-0.000046
0.000013
-0.000003
-0.000048
0.000004
-0.000012
-0.000028
-0.000025
0.000013
0.000031
-0.000020
0.000006
0.000039
0.000016
-0.000009
-0.000050
0.000016
0.000003
0.000044
0.000036
0.000036
-0.000037
-0.000044
0.000046
0.000023
-0.000015
-0.000009
0.000015
0.000051
0.000012
0.000044
-0.000051
0.000037
-0.000021
-0.000047
-0.000058
0.000013
0.000003
-0.000013
0.000015
0.000045
0.000046
-0.000003
0.000021
0.000005
-0.000018
-0.000042
0.000007
0.000005
-0.000031
0.000008
0.000060
-0.000041
-0.000006
0.000021
0.000008
-0.000018
-0.000021
0.000038
0.000013
0.000042
0.000018
0.000020
-0.000063
-0.000012
-0.000007
0.000026
-0.000014
0.000000
-0.000029
0.000035
-0.000036
0.000027
0.000040
0.000033
0.000045
0.000027
0.000067
-0.000037
-0.000062
-0.000002
0.000012
-0.000038
0.000016
-0.000014
0.000017
0.000014
-0.000031
0.000016
0.000061
-0.000002
0.000017
-0.000008
-0.000049
-0.000063
0.000011
-0.000019
-0.000003
0.000015
0.000010
-0.000045
-0.000017
-0.000007
-0.000005
-0.000028
-0.000016
0.000021
0.000094
0.000053
-0.000052
-0.000001
-0.000057
-0.000026
0.000036
-0.000015
0.000040
-0.000022
0.000027
0.000005
-0.000019
-0.000013
-0.000014
-0.000002
0.000003
-0.000008
-0.000012
-0.000061
-0.000016
0.000006
0.000023
0.000018
0.000037
0.000009
-0.000009
0.000001
0.000019
0.000049
0.000054
0.000042
0.000050
-0.000010
0.000032
-0.000009
0.000052
0.000024
-0.000046
-0.000009
-0.000027
-0.000018
-0.000028
-0.000030
0.000030
0.000032
0.000031
-0.000038
-0.000021
0.000006
0.000001
0.000018
0.000032
0.000002
0.000022
-0.000053
-0.000057
-0.000026
-0.000042
0.000000
0.000033
-0.000022
0.000035
-0.000016
0.000044
-0.000024
-0.000067
-0.000010
0.000037
0.000001
-0.000008
-0.000015
0.000002
0.000031
0.000018
0.000019
0.000028
-0.000017
0.000027
-0.000055
0.000005
0.000022
0.000002
-0.000092
-0.000014
-0.000027
-0.000034
0.000007
-0.000049
0.000010
-0.000009
-0.000018
-0.000022
-0.000057
0.000083
-0.000014
0.000017
0.000002
-0.000028
0.000022
0.000021
0.000016
-0.000010
0.000033
0.000010
0.000045
-0.000048
-0.000062
0.000041
0.000002
0.000011
-0.000010
0.000049
0.000001
0.000001
-0.000013
0.000030
0.000005
0.000033
0.000012
-0.000047
-0.000021
-0.000005
-0.000002
-0.000030
-0.000022
-0.000030
0.000016
0.000016
0.000004
0.000004
-0.000012
0.000005
-0.000036
-0.000054
0.000051
0.000028
0.000019
-0.000061
-0.000013
0.000015
0.000024
-0.000034
0.000029
0.000016
-0.000024
0.000035
-0.000030
-0.000020
0.000033
0.000007
0.000007
-0.000057
-0.000016
-0.000005
0.000017
0.000025
0.000047
0.000016
-0.000021
-0.000019
0.000045
0.000032
0.000024
0.000016
0.000000
0.000061
-0.000004
0.000007
0.000000
0.000009
-0.000009
-0.000030
-0.000018
-0.000012
0.000008
0.000051
-0.000002
0.000050
-0.000000
-0.000033
0.000039
0.000003
-0.000008
0.000041
-0.000011
-0.000013
-0.000030
-0.000009
0.000033
0.000049
-0.000049
0.000040
0.000023
-0.000025
0.000003
-0.000044
-0.000019
-0.000018
-0.000048
-0.000014
-0.000051
-0.000045
-0.000012
0.000002
0.000000
-0.000035
-0.000018
0.000020
0.000033
-0.000046
-0.000041
0.000008
-0.000037
0.000003
0.000019
0.000013
0.000020
0.000026
-0.000012
0.000042
0.000018
0.000043
0.000007
-0.000022
-0.000060
-0.000043
-0.000005
-0.000034
0.000034
0.000001
0.000073
-0.000011
0.000003
0.000020
0.000029
0.000015
-0.000021
0.000011
0.000016
-0.000000
0.000022
-0.000005
-0.000023
-0.000018
-0.000039
-0.000013
-0.000019
-0.000050
0.000062
-0.000014
0.000026
0.000057
-0.000030
0.000030
-0.000053
-0.000023
0.000010
0.000002
-0.000063
-0.000036
0.000026
0.000020
0.000026
-0.000017
0.000023
0.000045
0.000036
-0.000022
-0.000020
0.000030
0.000006
-0.000009
-0.000023
0.000006
-0.000022
-0.000025
0.000008
-0.000033
0.000007
-0.000043
0.000026
0.000037
0.000078
-0.000085
-0.000013
-0.000015
-0.000030
0.000042
0.000002
0.000030
0.000027
0.000055
-0.000009
0.000004
-0.000015
0.000005
0.000005
-0.000012
0.000036
0.000025
-0.000025
0.000027
0.000007
0.000000
0.000011
-0.000014
0.000001
-0.000024
-0.000012
-0.000035
0.000013
0.000017
-0.000000
-0.000014
-0.000006
-0.000009
-0.000022
-0.000037
-0.000029
-0.000054
-0.000007
0.000007
0.000031
-0.000006
0.000026
-0.000052
-0.000006
0.000008
-0.000025
0.000007
0.000017
-0.000060
-0.000067
-0.000017
0.000009
-0.000006
0.000040
0.000011
-0.000023
0.000020
0.000008
0.000031
0.000007
0.000020
-0.000005
0.000004
0.000029
-0.000008
-0.000008
-0.000044
0.000033
0.000003
-0.000044
0.000025
0.000032
-0.000022
-0.000014
-0.000032
0.000011
0.000002
-0.000018
0.000009
0.000013
0.000027
0.000035
-0.000024
-0.000047
0.000023
-0.000010
0.000047
-0.000008
0.000068
0.000015
-0.000012
-0.000002
-0.000015
-0.000018
0.000037
-0.000030
-0.000042
-0.000015
0.000026
-0.000047
0.000026
-0.000009
-0.000008
-0.000012
0.000025
0.000035
-0.000001
-0.000008
-0.000000
-0.000012
0.000007
0.000025
-0.000007
-0.000023
0.000016
-0.000047
-0.000015
0.000011
0.000008
-0.000060
0.000025
0.000053
0.000037
-0.000031
-0.000024
0.000034
-0.000004
-0.000007
0.000017
-0.000027
-0.000046
-0.000027
0.000059
0.000070
0.000003
-0.000041
0.000013
0.000036
0.000035
0.000014
-0.000023
0.000005
0.000015
-0.000071
-0.000020
-0.000010
-0.000023
0.000014
-0.000012
0.000024
0.000033
-0.000035
-0.000036
-0.000046
0.000003
-0.000035
-0.000042
0.000009
-0.000014
0.000047
0.000027
-0.000041
0.000000
-0.000030
0.000023
0.000021
-0.000077
0.000018
-0.000010
-0.000003
0.000026
0.000044
-0.000062
0.000004
-0.000002
-0.000049
-0.000023
0.000026
-0.000015
0.000003
-0.000028
-0.000020
-0.000013
0.000045
-0.000004
-0.000008
-0.000000
-0.000025
0.000019
0.000016
-0.000007
0.000010
0.000037
0.000014
-0.000004
-0.000023
0.000022
-0.000018
-0.000001
-0.000033
-0.000014
0.000007
0.000004
-0.000021
0.000003
0.000029
-0.000060
-0.000018
0.000027
-0.000003
-0.000041
-0.000054
0.000012
-0.000011
-0.000023
0.000005
0.000014
0.000052
0.000040
0.000003
-0.000035
0.000018
0.000014
0.000003
0.000039
-0.000046
0.000020
0.000024
0.000014
0.000015
0.000035
-0.000007
0.000010
0.000011
0.000050
0.000061
0.000052
0.000020
-0.000005
-0.000056
0.000065
0.000045
0.000070
0.000013
-0.000004
0.000064
0.000011
0.000011
-0.000016
-0.000009
0.000033
-0.000024
0.000002
-0.000006
-0.000010
-0.000020
0.000007
-0.000029
0.000021
-0.000002
-0.000007
-0.000033
0.000011
0.000050
0.000014
0.000019
-0.000012
-0.000026
-0.000035
0.000031
0.000041
-0.000017
0.000015
-0.000007
0.000069
-0.000013
0.000038
0.000023
-0.000035
-0.000012
-0.000006
-0.000023
-0.000036
-0.000012
0.000014
0.000030
0.000028
0.000004
-0.000025
-0.000018
0.000020
0.000052
0.000008
0.000056
0.000001
-0.000039
-0.000024
-0.000021
0.000022
0.000024
0.000025
-0.000004
0.000015
-0.000014
-0.000036
0.000021
0.000021
-0.000006
0.000014
0.000010
0.000046
0.000031
-0.000012
0.000026
0.000007
0.000007
-0.000037
-0.000017
0.000032
-0.000010
-0.000059
-0.000031
-0.000050
-0.000010
0.000017
-0.000003
0.000023
-0.000017
0.000012
0.000022
0.000045
0.000057
0.000006
-0.000032
0.000088
0.000007
0.000006
-0.000033
-0.000015
-0.000018
-0.000018
-0.000012
0.000074
0.000016
0.000052
-0.000005
-0.000022
-0.000055
0.000001
-0.000017
0.000011
0.000031
-0.000032
0.000006
0.000024
-0.000010
-0.000056
0.000066
-0.000026
-0.000023
-0.000037
-0.000029
-0.000009
0.000037
0.000022
-0.000039
0.000038
-0.000003
0.000022
0.000004
0.000041
0.000027
-0.000043
-0.000015
-0.000014
-0.000022
0.000020
0.000020
0.000007
-0.000038
-0.000006
0.000012
-0.000006
0.000026
0.000035
0.000007
-0.000034
-0.000005
-0.000016
0.000044
0.000042
-0.000013
-0.000005
-0.000005
-0.000085
-0.000035
0.000010
0.000022
-0.000033
-0.000035
0.000024
-0.000008
0.000035
-0.000016
-0.000009
-0.000039
-0.000013
-0.000023
0.000012
-0.000008
-0.000020
0.000028
-0.000007
-0.000011
-0.000061
0.000050
0.000029
0.000026
-0.000020
0.000020
-0.000022
-0.000010
-0.000006
0.000013
-0.000001
-0.000004
-0.000015
0.000037
0.000058
0.000010
0.000016
0.000030
0.000046
-0.000003
-0.000012
-0.000042
-0.000001
-0.000012
0.000007
-0.000001
-0.000006
0.000001
-0.000038
-0.000023
-0.000015
-0.000019
-0.000011
-0.000039
-0.000002
0.000060
-0.000022
-0.000007
0.000002
0.000001
0.000006
0.000020
0.000025
-0.000032
-0.000042
-0.000009
0.000020
0.000015
-0.000024
-0.000036
-0.000018
0.000003
-0.000035
-0.000033
-0.000000
-0.000029
-0.000022
0.000020
-0.000013
0.000003
-0.000028
0.000008
0.000024
0.000024
-0.000032
-0.000007
-0.000034
0.000011
0.000016
0.000034
0.000017
0.000098
0.000063
-0.000004
0.000019
-0.000038
0.000007
0.000003
-0.000022
-0.000001
0.000035
0.000015
-0.000064
-0.000025
0.000030
-0.000012
-0.000033
-0.000025
0.000032
0.000026
-0.000027
0.000046
-0.000027
0.000054
-0.000027
-0.000021
-0.000010
-0.000011
0.000029
-0.000025
-0.000036
0.000020
0.000010
-0.000002
-0.000016
0.000085
0.000016
0.000011
0.000040
-0.000004
-0.000094
-0.000065
-0.000039
-0.000007
-0.000024
-0.000018
0.000012
0.000013
-0.000043
0.000005
-0.000023
-0.000018
-0.000022
-0.000005
0.000001
-0.000023
0.000016
0.000015
-0.000012
-0.000003
-0.000030
0.000042
0.000009
0.000024
-0.000009
-0.000006
-0.000000
-0.000019
-0.000022
0.000010
0.000007
0.000019
-0.000034
0.000014
0.000040
0.000003
-0.000038
-0.000002
0.000010
0.000034
-0.000018
0.000002
0.000046
0.000040
-0.000017
-0.000037
0.000033
-0.000054
0.000057
-0.000007
-0.000019
-0.000035
-0.000020
0.000023
0.000027
0.000005
-0.000022
-0.000036
-0.000014
-0.000025
-0.000004
0.000037
-0.000024
0.000012
-0.000069
-0.000018
0.000022
-0.000003
-0.000025
0.000014
0.000045
-0.000044
0.000029
-0.000001
-0.000067
0.000035
-0.000022
-0.000006
-0.000008
0.000024
0.000005
0.000027
-0.000005
0.000037
0.000001
-0.000020
-0.000020
0.000042
0.000050
0.000004
0.000001
0.000030
-0.000019
0.000005
0.000002
-0.000018
0.000004
0.000006
0.000032
-0.000040
-0.000017
0.000051
0.000006
-0.000056
-0.000007
-0.000020
0.000040
0.000021
0.000005
0.000007
-0.000029
0.000009
-0.000027
-0.000015
0.000002
-0.000008
0.000022
0.000027
0.000021
-0.000014
0.000042
0.000027
-0.000014
0.000071
0.000027
-0.000028
0.000029
0.000039
-0.000020
-0.000008
0.000032
-0.000081
0.000022
0.000007
0.000002
0.000030
0.000026
-0.000012
0.000044
-0.000012
-0.000038
0.000028
-0.000005
0.000002
0.000040
-0.000026
-0.000014
0.000019
-0.000048
-0.000002
-0.000013
-0.000058
0.000081
0.000014
0.000016
-0.000007
0.000008
0.000005
-0.000017
-0.000002
-0.000026
-0.000005
-0.000025
-0.000050
0.000005
0.000013
0.000002
0.000003
0.000004
0.000011
0.000002
0.000008
0.000021
-0.000046
-0.000041
-0.000008
-0.000018
0.000050
0.000057
-0.000028
0.000004
-0.000003
-0.000005
0.000027
-0.000063
-0.000014
0.000013
-0.000022
-0.000024
-0.000000
-0.000015
0.000001
0.000064
0.000025
-0.000001
0.000006
0.000019
-0.000052
-0.000027
-0.000024
-0.000022
-0.000049
0.000004
0.000007
-0.000072
-0.000005
-0.000008
0.000025
0.000068
0.000054
-0.000013
-0.000005
0.000012
0.000031
-0.000014
0.000048
-0.000025
0.000019
0.000031
-0.000014
-0.000028
-0.000014
-0.000018
0.000010
-0.000016
0.000038
-0.000006
-0.000003
0.000032
-0.000034
-0.000022
0.000007
-0.000023
0.000001
-0.000029
0.000034
0.000016
0.000017
-0.000035
0.000001
-0.000033
-0.000001
0.000012
-0.000081
0.000008
0.000006
0.000022
0.000015
0.000033
-0.000005
-0.000015
0.000021
-0.000014
0.000007
0.000006
-0.000009
0.000022
-0.000016
0.000009
-0.000041
0.000034
0.000005
-0.000060
-0.000049
-0.000034
-0.000004
0.000040
0.000026
-0.000023
-0.000010
0.000033
0.000004
0.000009
0.000037
-0.000007
0.000008
0.000009
-0.000028
-0.000038
0.000002
0.000040
0.000057
0.000024
-0.000040
-0.000021
-0.000009
-0.000024
0.000018
0.000010
0.000013
0.000026
0.000006
0.000024
0.000013
-0.000036
-0.000015
0.000036
-0.000013
-0.000006
0.000034
-0.000034
0.000007
-0.000070
-0.000031
0.000012
-0.000010
0.000013
0.000004
0.000009
0.000057
0.000018
0.000034
-0.000025
0.000046
-0.000022
-0.000029
0.000046
-0.000027
-0.000015
0.000046
0.000037
-0.000013
-0.000033
0.000017
-0.000003
0.000005
0.000026
0.000022
0.000034
0.000007
-0.000017
0.000015
-0.000060
-0.000013
0.000037
-0.000024
0.000015
0.000033
0.000043
-0.000008
-0.000041
-0.000027
0.000052
-0.000011
0.000024
-0.000016
-0.000035
0.000027
0.000048
0.000017
-0.000073
-0.000006
-0.000023
-0.000049
0.000015
0.000044
0.000038
-0.000062
-0.000028
0.000007
0.000007
0.000018
-0.000022
-0.000038
-0.000019
0.000019
0.000019
0.000023
-0.000051
0.000007
0.000043
0.000033
0.000028
-0.000047
-0.000012
0.000039
-0.000031
0.000012
-0.000015
0.000040
-0.000006
-0.000024
-0.000017
0.000012
-0.000025
-0.000007
0.000004
-0.000016
0.000024
0.000001
0.000017
-0.000034
-0.000072
0.000026
-0.000001
0.000023
0.000010
-0.000007
-0.000028
-0.000013
-0.000015
-0.000002
0.000001
0.000016
0.000018
0.000017
0.000068
-0.000018
-0.000016
-0.000046
-0.000024
-0.000020
-0.000024
0.000013
-0.000000
-0.000020
0.000002
-0.000035
0.000006
0.000019
-0.000021
0.000020
-0.000027
-0.000032
-0.000013
0.000017
-0.000014
0.000044
0.000023
-0.000007
0.000042
0.000004
-0.000015
-0.000022
-0.000006
-0.000034
-0.000007
-0.000013
0.000020
-0.000033
-0.000003
0.000039
-0.000001
-0.000018
-0.000050
-0.000028
-0.000011
-0.000008
0.000023
0.000007
0.000044
-0.000013
0.000038
0.000006
-0.000064
0.000056
0.000054
0.000010
0.000008
0.000006
0.000037
0.000009
-0.000028
0.000003
-0.000031
0.000000
-0.000011
-0.000009
-0.000014
0.000029
0.000038
0.000013
0.000015
0.000004
-0.000077
0.000002
-0.000017
-0.000031
0.000015
0.000007
0.000003
0.000006
0.000033
0.000010
-0.000021
0.000018
0.000025
0.000000
-0.000006
0.000042
0.000020
0.000035
-0.000051
0.000037
-0.000028
-0.000029
0.000031
0.000059
0.000039
-0.000027
0.000006
-0.000019
-0.000012
-0.000002
0.000038
0.000066
0.000023
-0.000026
0.000046
0.000047
-0.000024
-0.000028
-0.000038
0.000021
0.000042
-0.000026
0.000023
0.000003
-0.000036
0.000028
-0.000057
0.000008
-0.000000
-0.000026
-0.000043
-0.000016
0.000009
-0.000012
0.000012
0.000019
-0.000037
-0.000027
0.000053
0.000003
-0.000019
-0.000033
0.000007
-0.000017
-0.000015
-0.000036
-0.000073
-0.000013
-0.000057
-0.000022
-0.000017
0.000073
0.000006
0.000008
0.000011
-0.000038
-0.000007
-0.000041
-0.000022
0.000005
0.000001
0.000002
-0.000002
0.000007
0.000072
0.000014
0.000051
0.000013
0.000035
0.000034
-0.000040
-0.000024
-0.000053
0.000007
0.000002
-0.000070
-0.000000
-0.000027
0.000065
-0.000009
0.000036
0.000063
-0.000042
-0.000063
-0.000014
-0.000004
-0.000016
0.000043
0.000031
0.000066
0.000018
-0.000034
-0.000008
0.000009
-0.000033
0.000068
0.000041
0.000011
0.000019
0.000014
0.000037
0.000017
-0.000002
0.000006
0.000015
0.000005
0.000023
0.000006
0.000006
-0.000011
0.000033
0.000018
0.000004
-0.000041
-0.000031
0.000000
-0.000052
-0.000008
0.000001
0.000027
-0.000024
-0.000036
0.000030
0.000049
-0.000001
-0.000010
-0.000013
-0.000056
-0.000036
0.000045
0.000035
-0.000006
-0.000013
-0.000004
0.000013
0.000017
-0.000005
-0.000015
-0.000071
0.000029
0.000013
0.000066
-0.000011
-0.000042
0.000017
0.000008
0.000033
-0.000014
-0.000036
0.000051
0.000052
-0.000024
-0.000025
0.000025
0.000038
-0.000052
-0.000034
-0.000006
0.000007
-0.000048
0.000005
-0.000002
0.000048
0.000034
-0.000075
0.000001
-0.000012
-0.000046
-0.000017
0.000021
-0.000017
-0.000015
0.000027
-0.000060
0.000047
0.000042
0.000029
0.000023
-0.000027
-0.000035
-0.000047
-0.000027
-0.000027
-0.000028
0.000005
0.000042
-0.000002
0.000008
-0.000039
-0.000017
0.000013
-0.000009
-0.000002
0.000014
0.000027
0.000004
-0.000020
-0.000039
-0.000034
0.000018
-0.000048
0.000023
-0.000028
-0.000043
0.000008
-0.000006
0.000029
0.000001
0.000012
-0.000016
-0.000066
0.000059
0.000003
-0.000042
-0.000014
0.000008
-0.000055
-0.000014
-0.000045
-0.000010
0.000056
0.000034
0.000031
-0.000041
-0.000015
0.000024
-0.000016
0.000061
-0.000010
-0.000002
-0.000004
-0.000062
0.000022
0.000043
-0.000011
0.000006
0.000021
-0.000003
-0.000046
-0.000012
0.000020
-0.000021
0.000007
0.000008
-0.000014
0.000012
-0.000024
-0.000016
0.000024
-0.000009
0.000028
-0.000042
0.000037
0.000011
-0.000006
0.000010
-0.000000
0.000004
-0.000046
0.000021
0.000039
0.000043
0.000038
0.000016
-0.000062
0.000031
0.000016
0.000020
-0.000002
0.000048
0.000031
0.000006
-0.000054
-0.000038
-0.000049
0.000006
-0.000025
-0.000017
0.000021
0.000021
0.000011
-0.000042
-0.000033
0.000000
-0.000027
0.000002
0.000005
0.000058
-0.000019
0.000030
-0.000023
-0.000002
0.000008
-0.000029
0.000013
-0.000011
0.000002
-0.000011
-0.000013
-0.000025
-0.000045
-0.000005
0.000034
0.000005
0.000014
-0.000044
-0.000014
0.000005
0.000014
0.000015
0.000060
-0.000022
-0.000028
0.000049
-0.000000
0.000024
0.000065
0.000004
0.000004
0.000000
-0.000037
0.000021
0.000029
-0.000038
-0.000005
-0.000001
0.000024
-0.000016
-0.000009
-0.000067
0.000041
0.000010
-0.000002
0.000022
0.000005
-0.000001
-0.000013
-0.000018
0.000052
-0.000008
-0.000023
0.000004
0.000004
0.000018
-0.000043
0.000008
0.000029
-0.000004
-0.000017
0.000077
-0.000016
-0.000058
-0.000043
-0.000022
0.000026
0.000006
0.000027
0.000012
-0.000011
0.000016
-0.000032
-0.000012
-0.000021
-0.000024
0.000017
0.000002
-0.000037
0.000075
0.000015
0.000049
-0.000038
0.000010
-0.000018
0.000016
0.000002
-0.000051
-0.000019
0.000042
-0.000025
-0.000040
-0.000035
-0.000002
0.000055
0.000048
-0.000053
0.000023
0.000012
0.000004
0.000060
-0.000013
0.000034
0.000044
0.000042
-0.000055
0.000011
0.000066
0.000024
0.000011
-0.000044
-0.000026
-0.000016
0.000014
-0.000021
0.000000
0.000039
0.000014
0.000003
-0.000018
-0.000006
-0.000010
0.000040
-0.000004
0.000034
0.000019
-0.000011
-0.000046
-0.000025
0.000037
0.000058
-0.000043
0.000003
0.000024
0.000034
-0.000003
-0.000006
-0.000029
-0.000011
0.000028
-0.000044
0.000017
0.000041
0.000020
0.000034
0.000035
-0.000005
0.000049
0.000017
-0.000002
-0.000025
0.000026
-0.000016
0.000062
-0.000037
0.000010
0.000017
0.000002
0.000034
-0.000020
-0.000011
-0.000037
-0.000018
-0.000030
-0.000012
0.000037
0.000010
0.000009
-0.000007
-0.000010
-0.000013
0.000010
-0.000057
0.000062
0.000023
-0.000001
0.000011
0.000010
0.000030
-0.000012
-0.000021
-0.000052
0.000002
0.000033
0.000050
0.000089
0.000092
0.000047
-0.000013
0.000008
-0.000002
-0.000021
-0.000049
-0.000014
0.000032
-0.000018
-0.000040
-0.000021
-0.000001
0.000008
-0.000014
-0.000035
0.000024
-0.000004
0.000028
0.000033
-0.000060
-0.000028
-0.000033
0.000007
-0.000038
-0.000007
-0.000030
-0.000018
0.000012
0.000020
0.000004
-0.000012
0.000038
-0.000017
-0.000033
0.000022
-0.000018
0.000010
0.000017
-0.000020
-0.000012
-0.000016
-0.000001
-0.000022
-0.000024
0.000003
-0.000001
-0.000052
0.000011
0.000009
-0.000000
0.000005
0.000018
-0.000032
0.000005
-0.000010
-0.000024
-0.000015
-0.000023
0.000013
0.000018
0.000027
-0.000028
0.000002
-0.000032
-0.000031
-0.000000
-0.000033
0.000048
0.000072
0.000036
-0.000005
0.000037
-0.000030
-0.000003
0.000021
-0.000040
0.000008
0.000033
0.000003
-0.000019
0.000005
0.000046
0.000032
-0.000024
-0.000004
0.000024
0.000025
0.000060
0.000030
-0.000007
-0.000014
-0.000018
-0.000021
0.000010
0.000021
-0.000031
-0.000014
-0.000060
0.000004
0.000006
0.000027
0.000001
-0.000015
0.000026
-0.000000
0.000015
0.000013
0.000022
0.000028
0.000033
-0.000043
-0.000016
-0.000026
0.000047
-0.000011
-0.000017
0.000028
-0.000004
-0.000028
-0.000001
-0.000053
-0.000019
0.000009
-0.000019
0.000020
0.000022
0.000043
0.000011
-0.000007
0.000051
0.000073
0.000040
0.000018
-0.000040
-0.000030
-0.000018
-0.000010
-0.000021
-0.000013
0.000020
0.000047
0.000033
-0.000042
0.000036
0.000026
0.000076
0.000040
0.000012
0.000029
-0.000004
0.000028
-0.000010
-0.000000
0.000047
0.000072
0.000002
0.000005
-0.000003
0.000016
-0.000009
0.000027
0.000030
-0.000003
0.000017
0.000003
-0.000016
0.000019
0.000033
0.000037
0.000028
-0.000047
0.000017
0.000016
-0.000035
0.000002
-0.000018
-0.000048
-0.000011
0.000018
-0.000044
-0.000052
-0.000017
-0.000009
-0.000009
-0.000010
0.000016
-0.000041
-0.000034
0.000028
-0.000070
-0.000021
-0.000061
0.000019
0.000051
0.000021
-0.000010
0.000032
-0.000005
0.000002
0.000040
-0.000032
