0.000123
0.000133
0.000143
0.000152
0.000161
0.000168
0.000175
0.000181
0.000187
0.000192
0.000197
0.000201
0.000203
0.000204
0.000206
0.000205
0.000203
0.000199
0.000192
0.000185
0.000175
0.000163
0.000150
0.000135
0.000118
0.000101
0.000083
0.000064
0.000045
0.000024
0.000003
-0.000020
-0.000042
-0.000066
-0.000090
-0.000114
-0.000139
-0.000163
-0.000186
-0.000208
-0.000230
-0.000250
-0.000268
-0.000283
-0.000296
-0.000307
-0.000316
-0.000323
-0.000327
-0.000329
-0.000331
-0.000330
-0.000328
-0.000322
-0.000316
-0.000307
-0.000295
-0.000280
-0.000264
-0.000245
-0.000225
-0.000201
-0.000178
-0.000153
-0.000128
-0.000103
-0.000079
-0.000053
-0.000028
-0.000004
0.000020
0.000043
0.000067
0.000089
0.000111
0.000133
0.000154
0.000175
0.000194
0.000212
0.000227
0.000242
0.000254
0.000264
0.000273
0.000281
0.000288
0.000293
0.000298
0.000303
0.000307
0.000309
0.000311
0.000314
0.000315
0.000316
0.000316
0.000314
0.000313
0.000311
0.000308
0.000306
0.000303
0.000301
0.000300
0.000299
0.000298
0.000297
0.000296
0.000298
0.000298
0.000298
0.000297
0.000297
0.000296
0.000294
0.000292
0.000290
0.000286
0.000285
0.000284
0.000282
0.000280
0.000280
0.000278
0.000277
0.000276
0.000274
0.000271
0.000267
0.000263
0.000259
0.000254
0.000250
0.000246
0.000242
0.000239
0.000237
0.000235
0.000235
0.000235
0.000236
0.000238
0.000240
0.000243
0.000246
0.000249
0.000253
0.000257
0.000263
0.000269
0.000277
0.000286
0.000296
0.000305
0.000316
0.000325
0.000334
0.000342
0.000349
0.000356
0.000363
0.000369
0.000374
0.000378
0.000382
0.000386
0.000388
0.000388
0.000388
0.000386
0.000383
0.000376
0.000368
0.000356
0.000343
0.000327
0.000310
0.000291
0.000270
0.000249
0.000227
0.000205
0.000184
0.000161
0.000139
0.000116
0.000092
0.000068
0.000043
0.000020
-0.000004
-0.000028
-0.000050
-0.000072
-0.000092
-0.000109
-0.000125
-0.000137
-0.000149
-0.000157
-0.000164
-0.000170
-0.000173
-0.000175
-0.000177
-0.000178
-0.000178
-0.000178
-0.000177
-0.000175
-0.000171
-0.000167
-0.000160
-0.000153
-0.000145
-0.000137
-0.000128
-0.000120
-0.000111
-0.000104
-0.000099
-0.000094
-0.000091
-0.000088
-0.000086
-0.000083
-0.000081
-0.000079
-0.000077
-0.000074
-0.000071
-0.000068
-0.000064
-0.000063
-0.000060
-0.000058
-0.000057
-0.000054
-0.000052
-0.000050
-0.000047
-0.000043
-0.000039
-0.000031
-0.000022
-0.000014
-0.000004
0.000008
0.000019
0.000032
0.000045
0.000057
0.000070
0.000083
0.000095
0.000108
0.000122
0.000135
0.000149
0.000163
0.000177
0.000191
0.000205
0.000219
0.000231
0.000241
0.000251
0.000258
0.000264
0.000268
0.000271
0.000272
0.000273
0.000273
0.000273
0.000271
0.000269
0.000266
0.000262
0.000258
0.000251
0.000244
0.000234
0.000221
0.000208
0.000194
0.000177
0.000161
0.000145
0.000128
0.000112
0.000095
0.000077
0.000060
0.000042
0.000023
0.000003
-0.000019
-0.000041
-0.000066
-0.000091
-0.000117
-0.000144
-0.000171
-0.000198
-0.000225
-0.000252
-0.000276
-0.000301
-0.000325
-0.000348
-0.000370
-0.000392
-0.000413
-0.000434
-0.000455
-0.000476
-0.000495
-0.000512
-0.000529
-0.000543
-0.000554
-0.000564
-0.000571
-0.000574
-0.000576
-0.000575
-0.000573
-0.000570
-0.000564
-0.000557
-0.000548
-0.000539
-0.000527
-0.000513
-0.000498
-0.000482
-0.000462
-0.000443
-0.000422
-0.000399
-0.000375
-0.000351
-0.000327
-0.000305
-0.000283
-0.000262
-0.000243
-0.000226
-0.000211
-0.000197
-0.000183
-0.000171
-0.000160
-0.000150
-0.000140
-0.000133
-0.000128
-0.000123
-0.000121
-0.000121
-0.000123
-0.000129
-0.000135
-0.000143
-0.000151
-0.000160
-0.000170
-0.000178
-0.000186
-0.000193
-0.000199
-0.000204
-0.000208
-0.000212
-0.000215
-0.000216
-0.000217
-0.000217
-0.000215
-0.000211
-0.000207
-0.000200
-0.000191
-0.000178
-0.000165
-0.000147
-0.000127
-0.000105
-0.000082
-0.000056
-0.000030
-0.000002
0.000025
0.000054
0.000082
0.000110
0.000139
0.000167
0.000195
0.000224
0.000252
0.000279
0.000306
0.000332
0.000355
0.000377
0.000396
0.000414
0.000427
0.000439
0.000447
0.000453
0.000456
0.000456
0.000456
0.000454
0.000450
0.000447
0.000440
0.000432
0.000422
0.000411
0.000399
0.000385
0.000368
0.000351
0.000332
0.000314
0.000295
0.000276
0.000258
0.000242
0.000227
0.000213
0.000200
0.000188
0.000177
0.000167
0.000157
0.000147
0.000139
0.000129
0.000121
0.000112
0.000105
0.000098
0.000092
0.000087
0.000082
0.000079
0.000075
0.000073
0.000068
0.000063
0.000055
0.000047
0.000037
0.000025
0.000011
-0.000004
-0.000022
-0.000041
-0.000060
-0.000080
-0.000102
-0.000124
-0.000147
-0.000171
-0.000196
-0.000223
-0.000251
-0.000280
-0.000310
-0.000341
-0.000371
-0.000400
-0.000429
-0.000456
-0.000481
-0.000503
-0.000523
-0.000541
-0.000557
-0.000571
-0.000581
-0.000590
-0.000596
-0.000599
-0.000599
-0.000599
-0.000593
-0.000585
-0.000574
-0.000557
-0.000539
-0.000517
-0.000492
-0.000465
-0.000434
-0.000403
-0.000370
-0.000337
-0.000304
-0.000271
-0.000238
-0.000207
-0.000174
-0.000142
-0.000110
-0.000080
-0.000052
-0.000025
-0.000000
0.000023
0.000042
0.000059
0.000073
0.000083
0.000089
0.000091
0.000089
0.000083
0.000075
0.000063
0.000048
0.000032
0.000014
-0.000007
-0.000029
-0.000052
-0.000078
-0.000106
-0.000135
-0.000164
-0.000194
-0.000224
-0.000254
-0.000283
-0.000312
-0.000337
-0.000361
-0.000381
-0.000397
-0.000411
-0.000420
-0.000426
-0.000429
-0.000429
-0.000426
-0.000420
-0.000411
-0.000399
-0.000383
-0.000365
-0.000343
-0.000318
-0.000289
-0.000259
-0.000224
-0.000186
-0.000147
-0.000106
-0.000066
-0.000026
0.000015
0.000054
0.000093
0.000130
0.000165
0.000197
0.000226
0.000254
0.000278
0.000301
0.000321
0.000338
0.000351
0.000361
0.000366
0.000367
0.000362
0.000354
0.000340
0.000323
0.000302
0.000277
0.000250
0.000221
0.000189
0.000157
0.000123
0.000089
0.000052
0.000015
-0.000022
-0.000059
-0.000096
-0.000132
-0.000167
-0.000201
-0.000233
-0.000263
-0.000290
-0.000314
-0.000334
-0.000351
-0.000364
-0.000375
-0.000383
-0.000387
-0.000390
-0.000390
-0.000388
-0.000384
-0.000379
-0.000372
-0.000363
-0.000353
-0.000341
-0.000328
-0.000314
-0.000299
-0.000284
-0.000269
-0.000256
-0.000244
-0.000232
-0.000224
-0.000217
-0.000212
-0.000210
-0.000211
-0.000214
-0.000219
-0.000227
-0.000236
-0.000248
-0.000263
-0.000278
-0.000296
-0.000316
-0.000338
-0.000362
-0.000389
-0.000418
-0.000448
-0.000479
-0.000512
-0.000543
-0.000574
-0.000604
-0.000633
-0.000660
-0.000685
-0.000708
-0.000729
-0.000748
-0.000766
-0.000781
-0.000793
-0.000804
-0.000812
-0.000816
-0.000816
-0.000813
-0.000807
-0.000795
-0.000781
-0.000761
-0.000738
-0.000712
-0.000682
-0.000650
-0.000616
-0.000579
-0.000539
-0.000500
-0.000458
-0.000415
-0.000372
-0.000326
-0.000279
-0.000230
-0.000180
-0.000131
-0.000081
-0.000031
0.000017
0.000064
0.000108
0.000149
0.000188
0.000223
0.000255
0.000284
0.000311
0.000334
0.000353
0.000369
0.000384
0.000394
0.000401
0.000405
0.000405
0.000401
0.000394
0.000383
0.000369
0.000350
0.000327
0.000302
0.000275
0.000245
0.000215
0.000183
0.000151
0.000117
0.000084
0.000048
0.000012
-0.000025
-0.000061
-0.000098
-0.000136
-0.000173
-0.000208
-0.000242
-0.000274
-0.000305
-0.000332
-0.000355
-0.000376
-0.000394
-0.000409
-0.000422
-0.000432
-0.000440
-0.000446
-0.000450
-0.000452
-0.000453
-0.000451
-0.000447
-0.000440
-0.000431
-0.000419
-0.000404
-0.000387
-0.000369
-0.000349
-0.000329
-0.000308
-0.000288
-0.000268
-0.000248
-0.000230
-0.000213
-0.000197
-0.000182
-0.000166
-0.000151
-0.000137
-0.000124
-0.000111
-0.000100
-0.000090
-0.000081
-0.000074
-0.000070
-0.000069
-0.000069
-0.000071
-0.000075
-0.000081
-0.000088
-0.000097
-0.000108
-0.000119
-0.000130
-0.000141
-0.000154
-0.000167
-0.000181
-0.000195
-0.000210
-0.000227
-0.000243
-0.000260
-0.000277
-0.000294
-0.000309
-0.000325
-0.000338
-0.000350
-0.000361
-0.000369
-0.000376
-0.000380
-0.000384
-0.000386
-0.000386
-0.000386
-0.000384
-0.000380
-0.000375
-0.000368
-0.000358
-0.000346
-0.000332
-0.000316
-0.000297
-0.000277
-0.000254
-0.000232
-0.000208
-0.000184
-0.000159
-0.000134
-0.000110
-0.000087
-0.000064
-0.000042
-0.000020
0.000002
0.000022
0.000043
0.000062
0.000079
0.000096
0.000111
0.000124
0.000134
0.000142
0.000147
0.000149
0.000149
0.000148
0.000145
0.000139
0.000134
0.000127
0.000119
0.000109
0.000098
0.000085
0.000072
0.000058
0.000041
0.000024
0.000006
-0.000012
-0.000031
-0.000048
-0.000064
-0.000080
-0.000094
-0.000107
-0.000117
-0.000125
-0.000132
-0.000138
-0.000144
-0.000147
-0.000149
-0.000150
-0.000151
-0.000149
-0.000147
-0.000143
-0.000137
-0.000129
-0.000118
-0.000105
-0.000090
-0.000074
-0.000056
-0.000039
-0.000020
-0.000002
0.000015
0.000033
0.000050
0.000067
0.000083
0.000100
0.000114
0.000129
0.000144
0.000157
0.000170
0.000181
0.000190
0.000198
0.000205
0.000209
0.000210
0.000209
0.000204
0.000196
0.000186
0.000176
0.000163
0.000149
0.000134
0.000117
0.000099
0.000082
0.000063
0.000043
0.000021
-0.000001
-0.000025
-0.000051
-0.000077
-0.000103
-0.000128
-0.000153
-0.000176
-0.000198
-0.000218
-0.000236
-0.000253
-0.000267
-0.000280
-0.000291
-0.000300
-0.000307
-0.000313
-0.000317
-0.000319
-0.000319
-0.000315
-0.000310
-0.000302
-0.000291
-0.000276
-0.000258
-0.000237
-0.000215
-0.000192
-0.000167
-0.000141
-0.000116
-0.000090
-0.000062
-0.000035
-0.000007
0.000021
0.000049
0.000077
0.000106
0.000134
0.000161
0.000188
0.000212
0.000236
0.000257
0.000274
0.000291
0.000304
0.000315
0.000323
0.000328
0.000331
0.000332
0.000332
0.000329
0.000324
0.000318
0.000310
0.000298
0.000285
0.000270
0.000252
0.000233
0.000213
0.000191
0.000168
0.000146
0.000123
0.000100
0.000077
0.000055
0.000033
0.000012
-0.000008
-0.000027
-0.000046
-0.000064
-0.000081
-0.000098
-0.000113
-0.000127
-0.000141
-0.000152
-0.000162
-0.000170
-0.000175
-0.000177
-0.000179
-0.000179
-0.000178
-0.000174
-0.000168
-0.000162
-0.000157
-0.000151
-0.000144
-0.000138
-0.000131
-0.000123
-0.000115
-0.000106
-0.000096
-0.000087
-0.000077
-0.000067
-0.000057
-0.000048
-0.000040
-0.000032
-0.000025
-0.000020
-0.000017
-0.000015
-0.000014
-0.000015
-0.000015
-0.000015
-0.000016
-0.000018
-0.000020
-0.000023
-0.000026
-0.000031
-0.000037
-0.000044
-0.000051
-0.000059
-0.000068
-0.000077
-0.000086
-0.000095
-0.000104
-0.000113
-0.000122
-0.000129
-0.000136
-0.000144
-0.000151
-0.000159
-0.000168
-0.000176
-0.000186
-0.000196
-0.000206
-0.000216
-0.000225
-0.000233
-0.000241
-0.000249
-0.000256
-0.000260
-0.000265
-0.000270
-0.000273
-0.000276
-0.000280
-0.000284
-0.000286
-0.000289
-0.000292
-0.000293
-0.000293
-0.000293
-0.000291
-0.000286
-0.000280
-0.000272
-0.000261
-0.000250
-0.000237
-0.000223
-0.000209
-0.000194
-0.000179
-0.000162
-0.000145
-0.000126
-0.000105
-0.000084
-0.000060
-0.000033
-0.000006
0.000022
0.000051
0.000081
0.000111
0.000140
0.000168
0.000196
0.000222
0.000248
0.000271
0.000295
0.000317
0.000337
0.000357
0.000375
0.000393
0.000409
0.000422
0.000433
0.000442
0.000449
0.000453
0.000455
0.000453
0.000448
0.000441
0.000433
0.000424
0.000413
0.000402
0.000391
0.000379
0.000367
0.000355
0.000343
0.000330
0.000316
0.000303
0.000289
0.000277
0.000265
0.000255
0.000245
0.000236
0.000230
0.000225
0.000222
0.000221
0.000223
0.000226
0.000232
0.000240
0.000249
0.000257
0.000268
0.000280
0.000293
0.000307
0.000322
0.000339
0.000356
0.000374
0.000394
0.000414
0.000433
0.000452
0.000470
0.000488
0.000506
0.000522
0.000535
0.000547
0.000558
0.000567
0.000575
0.000582
0.000590
0.000595
0.000600
0.000603
0.000605
0.000605
0.000603
0.000599
0.000591
0.000583
0.000572
0.000558
0.000544
0.000528
0.000510
0.000491
0.000474
0.000454
0.000435
0.000416
0.000396
0.000375
0.000354
0.000331
0.000307
0.000281
0.000256
0.000230
0.000203
0.000175
0.000148
0.000121
0.000094
0.000069
0.000043
0.000019
-0.000006
-0.000032
-0.000058
-0.000084
-0.000111
-0.000138
-0.000165
-0.000190
-0.000217
-0.000242
-0.000266
-0.000289
-0.000311
-0.000332
-0.000352
-0.000371
-0.000388
-0.000405
-0.000421
-0.000437
-0.000452
-0.000466
-0.000479
-0.000492
-0.000502
-0.000512
-0.000519
-0.000525
-0.000528
-0.000530
-0.000531
-0.000531
-0.000529
-0.000526
-0.000521
-0.000517
-0.000511
-0.000504
-0.000497
-0.000489
-0.000482
-0.000473
-0.000464
-0.000453
-0.000441
-0.000429
-0.000418
-0.000405
-0.000393
-0.000382
-0.000371
-0.000360
-0.000350
-0.000342
-0.000335
-0.000331
-0.000325
-0.000320
-0.000316
-0.000312
-0.000309
-0.000305
-0.000302
-0.000299
-0.000298
-0.000297
-0.000297
-0.000296
-0.000298
-0.000300
-0.000302
-0.000305
-0.000307
-0.000309
-0.000309
-0.000307
-0.000304
-0.000300
-0.000295
-0.000287
-0.000278
-0.000268
-0.000258
-0.000246
-0.000233
-0.000219
-0.000205
-0.000188
-0.000170
-0.000149
-0.000127
-0.000104
-0.000079
-0.000052
-0.000023
0.000007
0.000037
0.000066
0.000095
0.000123
0.000151
0.000178
0.000204
0.000230
0.000256
0.000280
0.000303
0.000326
0.000348
0.000369
0.000389
0.000406
0.000419
0.000431
0.000440
0.000447
0.000451
0.000453
0.000453
0.000451
0.000447
0.000444
0.000438
0.000432
0.000424
0.000416
0.000406
0.000397
0.000385
0.000372
0.000357
0.000344
0.000328
0.000314
0.000298
0.000284
0.000269
0.000255
0.000244
0.000233
0.000224
0.000216
0.000208
0.000203
0.000197
0.000193
0.000189
0.000186
0.000183
0.000182
0.000182
0.000183
0.000185
0.000188
0.000192
0.000198
0.000204
0.000211
0.000219
0.000226
0.000234
0.000240
0.000245
0.000250
0.000255
0.000259
0.000262
0.000265
0.000266
0.000269
0.000270
0.000271
0.000272
0.000271
0.000268
0.000263
0.000256
0.000247
0.000237
0.000225
0.000211
0.000196
0.000179
0.000162
0.000145
0.000127
0.000107
0.000086
0.000066
0.000045
0.000023
0.000002
-0.000021
-0.000047
-0.000071
-0.000095
-0.000121
-0.000145
-0.000166
-0.000188
-0.000208
-0.000226
-0.000242
-0.000255
-0.000268
-0.000279
-0.000286
-0.000292
-0.000296
-0.000300
-0.000301
-0.000299
-0.000296
-0.000290
-0.000281
-0.000269
-0.000254
-0.000237
-0.000218
-0.000196
-0.000172
-0.000146
-0.000119
-0.000090
-0.000060
-0.000029
0.000002
0.000032
0.000063
0.000094
0.000127
0.000159
0.000191
0.000223
0.000254
0.000285
0.000316
0.000345
0.000372
0.000397
0.000419
0.000439
0.000458
0.000474
0.000488
0.000499
0.000510
0.000520
0.000528
0.000534
0.000540
0.000543
0.000546
0.000547
0.000547
0.000544
0.000539
0.000532
0.000525
0.000518
0.000510
0.000502
0.000494
0.000486
0.000478
0.000471
0.000465
0.000458
0.000452
0.000444
0.000437
0.000428
0.000420
0.000411
0.000403
0.000394
0.000385
0.000376
0.000367
0.000359
0.000351
0.000343
0.000334
0.000325
0.000316
0.000306
0.000295
0.000282
0.000267
0.000251
0.000234
0.000216
0.000197
0.000179
0.000161
0.000144
0.000127
0.000110
0.000092
0.000076
0.000060
0.000044
0.000029
0.000014
-0.000002
-0.000018
-0.000033
-0.000047
-0.000060
-0.000071
-0.000080
-0.000088
-0.000094
-0.000098
-0.000101
-0.000101
-0.000101
-0.000101
-0.000099
-0.000096
-0.000092
-0.000088
-0.000083
-0.000078
-0.000070
-0.000062
-0.000053
-0.000043
-0.000033
-0.000022
-0.000011
-0.000001
0.000010
0.000020
0.000030
0.000037
0.000043
0.000049
0.000052
0.000056
0.000060
0.000064
0.000068
0.000072
0.000075
0.000077
0.000080
0.000082
0.000083
0.000084
0.000085
0.000084
0.000082
0.000080
0.000080
0.000080
0.000082
0.000086
0.000091
0.000099
0.000108
0.000119
0.000131
0.000144
0.000158
0.000173
0.000190
0.000207
0.000224
0.000243
0.000263
0.000284
0.000307
0.000331
0.000356
0.000381
0.000406
0.000431
0.000456
0.000480
0.000501
0.000521
0.000539
0.000554
0.000566
0.000576
0.000583
0.000588
0.000590
0.000590
0.000588
0.000582
0.000575
0.000564
0.000551
0.000534
0.000513
0.000490
0.000464
0.000436
0.000406
0.000371
0.000337
0.000300
0.000264
0.000227
0.000191
0.000155
0.000121
0.000088
0.000056
0.000024
-0.000007
-0.000035
-0.000062
-0.000087
-0.000110
-0.000130
-0.000147
-0.000160
-0.000170
-0.000176
-0.000179
-0.000179
-0.000174
-0.000167
-0.000158
-0.000146
-0.000133
-0.000117
-0.000098
-0.000079
-0.000060
-0.000038
-0.000017
0.000006
0.000030
0.000056
0.000082
0.000107
0.000132
0.000156
0.000179
0.000200
0.000220
0.000237
0.000251
0.000263
0.000273
0.000281
0.000287
0.000291
0.000294
0.000295
0.000295
0.000294
0.000290
0.000285
0.000278
0.000268
0.000257
0.000243
0.000229
0.000212
0.000195
0.000177
0.000159
0.000143
0.000127
0.000112
0.000098
0.000084
0.000071
0.000058
0.000045
0.000033
0.000020
0.000009
-0.000003
-0.000013
-0.000022
-0.000030
-0.000035
-0.000040
-0.000043
-0.000045
-0.000045
-0.000043
-0.000039
-0.000036
-0.000032
-0.000027
-0.000023
-0.000019
-0.000013
-0.000009
-0.000003
0.000002
0.000008
0.000014
0.000020
0.000028
0.000036
0.000045
0.000054
0.000060
0.000068
0.000075
0.000080
0.000085
0.000088
0.000091
0.000093
0.000094
0.000096
0.000098
0.000099
0.000100
0.000101
0.000101
0.000101
0.000100
0.000096
0.000091
0.000085
0.000076
0.000066
0.000054
0.000041
0.000026
0.000011
-0.000005
-0.000021
-0.000039
-0.000056
-0.000074
-0.000094
-0.000115
-0.000137
-0.000160
-0.000185
-0.000211
-0.000238
-0.000265
-0.000291
-0.000317
-0.000342
-0.000367
-0.000389
-0.000410
-0.000430
-0.000450
-0.000468
-0.000485
-0.000500
-0.000514
-0.000526
-0.000537
-0.000545
-0.000552
-0.000555
-0.000555
-0.000553
-0.000545
-0.000536
-0.000523
-0.000506
-0.000488
-0.000468
-0.000447
-0.000423
-0.000399
-0.000373
-0.000348
-0.000320
-0.000292
-0.000262
-0.000232
-0.000202
-0.000171
-0.000139
-0.000108
-0.000078
-0.000049
-0.000022
0.000003
0.000024
0.000044
0.000060
0.000074
0.000085
0.000095
0.000102
0.000106
0.000108
0.000111
0.000109
0.000107
0.000103
0.000097
0.000087
0.000076
0.000062
0.000047
0.000030
0.000014
-0.000004
-0.000020
-0.000036
-0.000051
-0.000065
-0.000078
-0.000089
-0.000098
-0.000104
-0.000109
-0.000113
-0.000113
-0.000113
-0.000111
-0.000106
-0.000099
-0.000090
-0.000079
-0.000064
-0.000046
-0.000026
-0.000004
0.000022
0.000048
0.000077
0.000106
0.000137
0.000167
0.000197
0.000226
0.000255
0.000283
0.000311
0.000339
0.000366
0.000391
0.000414
0.000437
0.000457
0.000476
0.000492
0.000505
0.000515
0.000522
0.000526
0.000526
0.000524
0.000519
0.000511
0.000501
0.000489
0.000477
0.000462
0.000446
0.000427
0.000407
0.000384
0.000359
0.000333
0.000305
0.000274
0.000243
0.000211
0.000178
0.000146
0.000115
0.000084
0.000054
0.000026
-0.000002
-0.000028
-0.000055
-0.000080
-0.000103
-0.000126
-0.000149
-0.000171
-0.000192
-0.000211
-0.000230
-0.000246
-0.000259
-0.000270
-0.000279
-0.000286
-0.000290
-0.000293
-0.000295
-0.000294
-0.000292
-0.000291
-0.000287
-0.000282
-0.000275
-0.000267
-0.000258
-0.000246
-0.000232
-0.000216
-0.000197
-0.000175
-0.000151
-0.000126
-0.000100
-0.000073
-0.000046
-0.000018
0.000011
0.000039
0.000068
0.000097
0.000128
0.000157
0.000189
0.000220
0.000252
0.000283
0.000314
0.000344
0.000373
0.000400
0.000427
0.000452
0.000474
0.000493
0.000511
0.000527
0.000541
0.000552
0.000562
0.000570
0.000576
0.000580
0.000581
0.000581
0.000577
0.000571
0.000563
0.000552
0.000538
0.000522
0.000504
0.000484
0.000463
0.000441
0.000419
0.000396
0.000373
0.000349
0.000325
0.000301
0.000276
0.000250
0.000224
0.000198
0.000172
0.000146
0.000120
0.000098
0.000075
0.000054
0.000035
0.000016
0.000001
-0.000014
-0.000028
-0.000041
-0.000053
-0.000064
-0.000075
-0.000084
-0.000092
-0.000100
-0.000107
-0.000112
-0.000116
-0.000120
-0.000122
-0.000123
-0.000123
-0.000122
-0.000121
-0.000119
-0.000120
-0.000119
-0.000119
-0.000120
-0.000122
-0.000125
-0.000127
-0.000130
-0.000134
-0.000136
-0.000139
-0.000140
-0.000142
-0.000144
-0.000147
-0.000151
-0.000157
-0.000161
-0.000167
-0.000173
-0.000181
-0.000189
-0.000197
-0.000204
-0.000212
-0.000219
-0.000225
-0.000232
-0.000238
-0.000244
-0.000248
-0.000254
-0.000261
-0.000270
-0.000278
-0.000287
-0.000297
-0.000308
-0.000318
-0.000327
-0.000336
-0.000346
-0.000354
-0.000363
-0.000373
-0.000382
-0.000392
-0.000402
-0.000413
-0.000425
-0.000439
-0.000453
-0.000467
-0.000481
-0.000493
-0.000506
-0.000518
-0.000528
-0.000539
-0.000549
-0.000558
-0.000567
-0.000576
-0.000585
-0.000594
-0.000601
-0.000609
-0.000616
-0.000622
-0.000627
-0.000628
-0.000628
-0.000626
-0.000622
-0.000616
-0.000608
-0.000599
-0.000590
-0.000578
-0.000566
-0.000554
-0.000541
-0.000527
-0.000512
-0.000496
-0.000479
-0.000460
-0.000442
-0.000422
-0.000401
-0.000380
-0.000360
-0.000338
-0.000318
-0.000297
-0.000278
-0.000260
-0.000244
-0.000228
-0.000215
-0.000202
-0.000191
-0.000179
-0.000168
-0.000158
-0.000148
-0.000137
-0.000130
-0.000122
-0.000115
-0.000111
-0.000108
-0.000105
-0.000105
-0.000106
-0.000107
-0.000108
-0.000111
-0.000112
-0.000115
-0.000116
-0.000118
-0.000117
-0.000117
-0.000117
-0.000117
-0.000116
-0.000117
-0.000116
-0.000116
-0.000114
-0.000111
-0.000107
-0.000103
-0.000096
-0.000090
-0.000080
-0.000072
-0.000060
-0.000048
-0.000036
-0.000022
-0.000010
0.000002
0.000014
0.000025
0.000036
0.000048
0.000059
0.000070
0.000081
0.000092
0.000102
0.000112
0.000123
0.000131
0.000138
0.000144
0.000148
0.000151
0.000152
0.000150
0.000147
0.000144
0.000139
0.000133
0.000127
0.000120
0.000111
0.000101
0.000093
0.000081
0.000070
0.000057
0.000044
0.000031
0.000017
0.000004
-0.000009
-0.000020
-0.000032
-0.000041
-0.000048
-0.000054
-0.000057
-0.000060
-0.000061
-0.000060
-0.000058
-0.000054
-0.000049
-0.000043
-0.000037
-0.000029
-0.000020
-0.000009
0.000004
0.000019
0.000036
0.000053
0.000072
0.000092
0.000113
0.000133
0.000154
0.000174
0.000193
0.000210
0.000228
0.000245
0.000260
0.000274
0.000287
0.000301
0.000313
0.000324
0.000335
0.000345
0.000353
0.000357
0.000360
0.000363
0.000361
0.000358
0.000353
0.000346
0.000337
0.000329
0.000319
0.000309
0.000299
0.000289
0.000279
0.000269
0.000258
0.000248
0.000237
0.000227
0.000216
0.000206
0.000194
0.000184
0.000176
0.000167
0.000160
0.000155
0.000152
0.000151
0.000151
0.000152
0.000155
0.000159
0.000163
0.000169
0.000173
0.000178
0.000181
0.000186
0.000191
0.000197
0.000203
0.000209
0.000216
0.000223
0.000230
0.000236
0.000240
0.000243
0.000244
0.000243
0.000241
0.000237
0.000231
0.000223
0.000215
0.000205
0.000194
0.000183
0.000172
0.000159
0.000145
0.000130
0.000114
0.000096
0.000077
0.000056
0.000034
0.000013
-0.000010
-0.000032
-0.000055
-0.000076
-0.000097
-0.000118
-0.000138
-0.000155
-0.000172
-0.000186
-0.000200
-0.000214
-0.000227
-0.000239
-0.000250
-0.000260
-0.000267
-0.000273
-0.000277
-0.000280
-0.000280
-0.000277
-0.000272
-0.000267
-0.000258
-0.000249
-0.000240
-0.000230
-0.000220
-0.000209
-0.000198
-0.000188
-0.000179
-0.000168
-0.000159
-0.000149
-0.000138
-0.000128
-0.000119
-0.000109
-0.000100
-0.000093
-0.000087
-0.000084
-0.000082
-0.000081
-0.000082
-0.000084
-0.000088
-0.000094
-0.000100
-0.000106
-0.000114
-0.000122
-0.000131
-0.000141
-0.000151
-0.000161
-0.000174
-0.000187
-0.000201
-0.000215
-0.000229
-0.000242
-0.000256
-0.000269
-0.000281
-0.000291
-0.000300
-0.000308
-0.000316
-0.000322
-0.000327
-0.000330
-0.000334
-0.000335
-0.000336
-0.000335
-0.000333
-0.000330
-0.000325
-0.000318
-0.000310
-0.000299
-0.000288
-0.000274
-0.000259
-0.000242
-0.000226
-0.000208
-0.000191
-0.000174
-0.000158
-0.000142
-0.000127
-0.000111
-0.000096
-0.000081
-0.000067
-0.000053
-0.000039
-0.000025
-0.000012
0.000000
0.000010
0.000019
0.000026
0.000030
0.000033
0.000033
0.000031
0.000027
0.000023
0.000016
0.000009
0.000001
-0.000008
-0.000017
-0.000028
-0.000041
-0.000056
-0.000071
-0.000089
-0.000108
-0.000129
-0.000151
-0.000173
-0.000196
-0.000218
-0.000242
-0.000265
-0.000287
-0.000308
-0.000327
-0.000345
-0.000364
-0.000381
-0.000398
-0.000413
-0.000429
-0.000442
-0.000455
-0.000467
-0.000477
-0.000485
-0.000492
-0.000497
-0.000500
-0.000500
-0.000499
-0.000496
-0.000492
-0.000486
-0.000480
-0.000474
-0.000467
-0.000459
-0.000450
-0.000440
-0.000429
-0.000419
-0.000408
-0.000397
-0.000384
-0.000371
-0.000357
-0.000343
-0.000330
-0.000318
-0.000306
-0.000295
-0.000284
-0.000276
-0.000267
-0.000257
-0.000249
-0.000241
-0.000233
-0.000225
-0.000215
-0.000205
-0.000195
-0.000183
-0.000173
-0.000162
-0.000151
-0.000140
-0.000130
-0.000119
-0.000107
-0.000094
-0.000081
-0.000066
-0.000050
-0.000032
-0.000014
0.000005
0.000025
0.000045
0.000066
0.000087
0.000108
0.000128
0.000148
0.000167
0.000185
0.000203
0.000222
0.000240
0.000257
0.000273
0.000289
0.000305
0.000319
0.000331
0.000341
0.000350
0.000356
0.000359
0.000360
0.000359
0.000356
0.000352
0.000347
0.000340
0.000330
0.000319
0.000308
0.000295
0.000282
0.000265
0.000248
0.000229
0.000210
0.000188
0.000164
0.000140
0.000117
0.000093
0.000070
0.000047
0.000025
0.000003
-0.000017
-0.000036
-0.000055
-0.000073
-0.000090
-0.000107
-0.000122
-0.000137
-0.000151
-0.000164
-0.000174
-0.000182
-0.000190
-0.000194
-0.000196
-0.000195
-0.000193
-0.000188
-0.000183
-0.000174
-0.000166
-0.000156
-0.000146
-0.000135
-0.000123
-0.000109
-0.000094
-0.000077
-0.000059
-0.000041
-0.000022
-0.000001
0.000020
0.000041
0.000063
0.000083
0.000103
0.000122
0.000140
0.000158
0.000173
0.000188
0.000203
0.000217
0.000230
0.000245
0.000256
0.000268
0.000278
0.000288
0.000294
0.000300
0.000303
0.000304
0.000304
0.000302
0.000298
0.000291
0.000284
0.000276
0.000267
0.000258
0.000248
0.000238
0.000228
0.000217
0.000205
0.000192
0.000178
0.000163
0.000149
0.000136
0.000121
0.000107
0.000092
0.000078
0.000065
0.000054
0.000043
0.000035
0.000029
0.000023
0.000017
0.000013
0.000009
0.000007
0.000005
0.000004
0.000004
0.000006
0.000010
0.000015
0.000022
0.000031
0.000039
0.000050
0.000062
0.000074
0.000085
0.000097
0.000108
0.000118
0.000126
0.000135
0.000142
0.000147
0.000151
0.000154
0.000157
0.000158
0.000158
0.000156
0.000153
0.000148
0.000139
0.000128
0.000116
0.000101
0.000083
0.000063
0.000041
0.000017
-0.000008
-0.000035
-0.000062
-0.000090
-0.000119
-0.000148
-0.000178
-0.000208
-0.000239
-0.000270
-0.000301
-0.000331
-0.000361
-0.000391
-0.000419
-0.000445
-0.000469
-0.000491
-0.000509
-0.000524
-0.000538
-0.000548
-0.000556
-0.000561
-0.000564
-0.000565
-0.000563
-0.000558
-0.000550
-0.000539
-0.000525
-0.000507
-0.000487
-0.000464
-0.000439
-0.000410
-0.000378
-0.000346
-0.000311
-0.000276
-0.000241
-0.000204
-0.000169
-0.000132
-0.000097
-0.000062
-0.000026
0.000009
0.000044
0.000080
0.000115
0.000148
0.000180
0.000210
0.000237
0.000262
0.000286
0.000305
0.000324
0.000338
0.000351
0.000361
0.000369
0.000375
0.000378
0.000381
0.000384
0.000383
0.000381
0.000378
0.000372
0.000365
0.000357
0.000347
0.000337
0.000326
0.000314
0.000302
0.000290
0.000278
0.000268
0.000259
0.000251
0.000244
0.000239
0.000234
0.000230
0.000227
0.000225
0.000223
0.000222
0.000222
0.000222
0.000222
0.000223
0.000226
0.000231
0.000236
0.000244
0.000249
0.000256
0.000262
0.000268
0.000272
0.000275
0.000276
0.000277
0.000274
0.000270
0.000265
0.000258
0.000251
0.000243
0.000233
0.000221
0.000208
0.000192
0.000176
0.000157
0.000136
0.000113
0.000087
0.000060
0.000034
0.000006
-0.000022
-0.000050
-0.000077
-0.000104
-0.000129
-0.000153
-0.000176
-0.000198
-0.000218
-0.000236
-0.000252
-0.000266
-0.000279
-0.000288
-0.000296
-0.000301
-0.000302
-0.000300
-0.000295
-0.000288
-0.000276
-0.000262
-0.000245
-0.000226
-0.000206
-0.000183
-0.000159
-0.000133
-0.000107
-0.000080
-0.000052
-0.000024
0.000006
0.000034
0.000065
0.000095
0.000125
0.000155
0.000181
0.000206
0.000229
0.000250
0.000267
0.000282
0.000295
0.000304
0.000312
0.000318
0.000321
0.000323
0.000323
0.000321
0.000318
0.000314
0.000308
0.000299
0.000288
0.000276
0.000264
0.000249
0.000234
0.000220
0.000204
0.000190
0.000176
0.000164
0.000154
0.000144
0.000136
0.000130
0.000124
0.000120
0.000117
0.000113
0.000110
0.000108
0.000109
0.000109
0.000111
0.000114
0.000119
0.000125
0.000133
0.000142
0.000152
0.000163
0.000173
0.000183
0.000192
0.000200
0.000209
0.000217
0.000224
0.000231
0.000237
0.000243
0.000249
0.000254
0.000259
0.000263
0.000268
0.000272
0.000275
0.000277
0.000277
0.000274
0.000273
0.000269
0.000265
0.000260
0.000255
0.000250
0.000245
0.000242
0.000237
0.000235
0.000232
0.000228
0.000226
0.000222
0.000219
0.000215
0.000210
0.000207
0.000202
0.000198
0.000193
0.000190
0.000186
0.000185
0.000184
0.000183
0.000183
0.000183
0.000183
0.000183
0.000183
0.000183
0.000182
0.000180
0.000180
0.000179
0.000178
0.000177
0.000177
0.000176
0.000176
0.000176
0.000176
0.000176
0.000176
0.000174
0.000172
0.000169
0.000165
0.000160
0.000156
0.000150
0.000146
0.000140
0.000135
0.000131
0.000125
0.000119
0.000111
0.000103
0.000093
0.000081
0.000068
0.000054
0.000038
0.000022
0.000005
-0.000013
-0.000031
-0.000049
-0.000066
-0.000085
-0.000103
-0.000121
-0.000140
-0.000158
-0.000178
-0.000198
-0.000218
-0.000239
-0.000259
-0.000279
-0.000298
-0.000316
-0.000331
-0.000345
-0.000357
-0.000366
-0.000373
-0.000378
-0.000381
-0.000381
-0.000381
-0.000379
-0.000376
-0.000370
-0.000362
-0.000354
-0.000343
-0.000330
-0.000314
-0.000297
-0.000276
-0.000254
-0.000229
-0.000204
-0.000178
-0.000150
-0.000123
-0.000095
-0.000068
-0.000042
-0.000015
0.000010
0.000037
0.000063
0.000088
0.000113
0.000137
0.000160
0.000183
0.000203
0.000223
0.000239
0.000256
0.000267
0.000278
0.000286
0.000291
0.000297
0.000300
0.000302
0.000302
0.000302
0.000302
0.000299
0.000297
0.000294
0.000289
0.000283
0.000277
0.000268
0.000260
0.000250
0.000238
0.000227
0.000217
0.000205
0.000194
0.000183
0.000171
0.000159
0.000147
0.000135
0.000122
0.000108
0.000092
0.000076
0.000059
0.000041
0.000022
0.000003
-0.000015
-0.000033
-0.000051
-0.000069
-0.000088
-0.000107
-0.000126
-0.000146
-0.000165
-0.000185
-0.000207
-0.000228
-0.000250
-0.000272
-0.000292
-0.000311
-0.000328
-0.000345
-0.000360
-0.000373
-0.000384
-0.000393
-0.000401
-0.000408
-0.000412
-0.000416
-0.000419
-0.000420
-0.000420
-0.000417
-0.000414
-0.000410
-0.000403
-0.000395
-0.000385
-0.000373
-0.000359
-0.000345
-0.000330
-0.000314
-0.000298
-0.000282
-0.000268
-0.000253
-0.000239
-0.000227
-0.000216
-0.000203
-0.000191
-0.000180
-0.000167
-0.000156
-0.000145
-0.000134
-0.000123
-0.000113
-0.000104
-0.000096
-0.000089
-0.000084
-0.000080
-0.000076
-0.000071
-0.000065
-0.000060
-0.000054
-0.000046
-0.000039
-0.000030
-0.000021
-0.000011
-0.000000
0.000012
0.000024
0.000036
0.000050
0.000063
0.000077
0.000093
0.000110
0.000128
0.000147
0.000168
0.000188
0.000211
0.000231
0.000252
0.000272
0.000292
0.000311
0.000329
0.000346
0.000362
0.000376
0.000390
0.000402
0.000413
0.000422
0.000429
0.000435
0.000440
0.000440
0.000439
0.000434
0.000426
0.000417
0.000405
0.000391
0.000373
0.000354
0.000333
0.000312
0.000289
0.000267
0.000243
0.000219
0.000193
0.000167
0.000142
0.000116
0.000090
0.000064
0.000039
0.000014
-0.000010
-0.000032
-0.000053
-0.000071
-0.000086
-0.000098
-0.000108
-0.000113
-0.000118
-0.000120
-0.000121
-0.000120
-0.000119
-0.000114
-0.000107
-0.000098
-0.000088
-0.000075
-0.000060
-0.000043
-0.000023
-0.000002
0.000020
0.000045
0.000069
0.000094
0.000118
0.000143
0.000165
0.000187
0.000208
0.000226
0.000244
0.000261
0.000276
0.000290
0.000303
0.000314
0.000323
0.000331
0.000337
0.000339
0.000339
0.000336
0.000329
0.000320
0.000308
0.000294
0.000276
0.000257
0.000235
0.000213
0.000189
0.000164
0.000138
0.000110
0.000081
0.000052
0.000020
-0.000012
-0.000045
-0.000079
-0.000113
-0.000146
-0.000178
-0.000208
-0.000237
-0.000266
-0.000291
-0.000314
-0.000336
-0.000354
-0.000371
-0.000385
-0.000396
-0.000406
-0.000413
-0.000417
-0.000417
-0.000414
-0.000407
-0.000398
-0.000385
-0.000369
-0.000351
-0.000329
-0.000304
-0.000278
-0.000252
-0.000223
-0.000194
-0.000165
-0.000136
-0.000107
-0.000077
-0.000047
-0.000017
0.000012
0.000041
0.000070
0.000096
0.000122
0.000147
0.000168
0.000188
0.000205
0.000219
0.000230
0.000237
0.000242
0.000243
0.000243
0.000241
0.000236
0.000230
0.000221
0.000210
0.000198
0.000185
0.000169
0.000153
0.000135
0.000114
0.000093
0.000071
0.000049
0.000027
0.000004
-0.000017
-0.000037
-0.000056
-0.000074
-0.000089
-0.000102
-0.000114
-0.000126
-0.000135
-0.000144
-0.000151
-0.000156
-0.000160
-0.000162
-0.000162
-0.000161
-0.000159
-0.000154
-0.000147
-0.000138
-0.000128
-0.000118
-0.000105
-0.000094
-0.000082
-0.000071
-0.000060
-0.000051
-0.000043
-0.000035
-0.000029
-0.000023
-0.000020
-0.000018
-0.000016
-0.000015
-0.000016
-0.000018
-0.000021
-0.000027
-0.000034
-0.000045
-0.000057
-0.000069
-0.000085
-0.000101
-0.000119
-0.000137
-0.000156
-0.000175
-0.000195
-0.000215
-0.000235
-0.000253
-0.000270
-0.000288
-0.000305
-0.000322
-0.000338
-0.000352
-0.000364
-0.000374
-0.000382
-0.000388
-0.000390
-0.000390
-0.000387
-0.000380
-0.000370
-0.000358
-0.000344
-0.000327
-0.000309
-0.000289
-0.000267
-0.000244
-0.000219
-0.000194
-0.000166
-0.000136
-0.000103
-0.000071
-0.000035
0.000000
0.000037
0.000074
0.000110
0.000145
0.000178
0.000210
0.000241
0.000269
0.000296
0.000321
0.000345
0.000366
0.000385
0.000403
0.000419
0.000432
0.000443
0.000451
0.000455
0.000455
0.000452
0.000446
0.000435
0.000422
0.000407
0.000388
0.000369
0.000348
0.000325
0.000301
0.000277
0.000252
0.000224
0.000196
0.000168
0.000138
0.000108
0.000078
0.000048
0.000018
-0.000010
-0.000038
-0.000065
-0.000089
-0.000112
-0.000133
-0.000153
-0.000168
-0.000184
-0.000198
-0.000211
-0.000221
-0.000231
-0.000241
-0.000248
-0.000254
-0.000260
-0.000263
-0.000264
-0.000265
-0.000264
-0.000263
-0.000260
-0.000256
-0.000254
-0.000251
-0.000250
-0.000249
-0.000249
-0.000250
-0.000252
-0.000256
-0.000260
-0.000264
-0.000269
-0.000273
-0.000279
-0.000284
-0.000290
-0.000298
-0.000306
-0.000316
-0.000327
-0.000340
-0.000352
-0.000366
-0.000379
-0.000391
-0.000404
-0.000417
-0.000427
-0.000436
-0.000443
-0.000448
-0.000452
-0.000455
-0.000457
-0.000456
-0.000456
-0.000453
-0.000449
-0.000444
-0.000436
-0.000427
-0.000414
-0.000400
-0.000380
-0.000360
-0.000336
-0.000309
-0.000279
-0.000249
-0.000216
-0.000184
-0.000150
-0.000115
-0.000081
-0.000045
-0.000010
0.000024
0.000060
0.000095
0.000130
0.000166
0.000201
0.000237
0.000270
0.000302
0.000332
0.000359
0.000383
0.000406
0.000425
0.000439
0.000451
0.000460
0.000467
0.000472
0.000475
0.000476
0.000474
0.000469
0.000462
0.000453
0.000441
0.000427
0.000409
0.000390
0.000367
0.000343
0.000317
0.000290
0.000262
0.000234
0.000206
0.000178
0.000151
0.000124
0.000097
0.000070
0.000044
0.000017
-0.000010
-0.000036
-0.000061
-0.000085
-0.000108
-0.000129
-0.000150
-0.000168
-0.000185
-0.000199
-0.000210
-0.000220
-0.000228
-0.000235
-0.000242
-0.000247
-0.000250
-0.000254
-0.000255
-0.000256
-0.000253
-0.000251
-0.000248
-0.000243
-0.000235
-0.000227
-0.000217
-0.000206
-0.000194
-0.000183
-0.000171
-0.000159
-0.000148
-0.000138
-0.000128
-0.000119
-0.000110
-0.000101
-0.000093
-0.000085
-0.000075
-0.000066
-0.000057
-0.000048
-0.000040
-0.000033
-0.000027
-0.000023
-0.000021
-0.000020
-0.000020
-0.000021
-0.000023
-0.000026
-0.000028
-0.000030
-0.000031
-0.000033
-0.000036
-0.000039
-0.000044
-0.000049
-0.000053
-0.000060
-0.000068
-0.000076
-0.000087
-0.000098
-0.000108
-0.000119
-0.000130
-0.000140
-0.000149
-0.000160
-0.000170
-0.000180
-0.000191
-0.000202
-0.000212
-0.000225
-0.000236
-0.000248
-0.000258
-0.000268
-0.000277
-0.000285
-0.000291
-0.000295
-0.000298
-0.000299
-0.000298
-0.000295
-0.000292
-0.000288
-0.000283
-0.000277
-0.000270
-0.000261
-0.000251
-0.000240
-0.000226
-0.000210
-0.000193
-0.000173
-0.000152
-0.000129
-0.000104
-0.000079
-0.000053
-0.000028
-0.000004
0.000022
0.000045
0.000070
0.000094
0.000117
0.000140
0.000163
0.000186
0.000208
0.000229
0.000249
0.000266
0.000282
0.000296
0.000306
0.000314
0.000319
0.000322
0.000323
0.000321
0.000318
0.000313
0.000307
0.000299
0.000289
0.000279
0.000266
0.000253
0.000237
0.000219
0.000199
0.000179
0.000156
0.000133
0.000108
0.000084
0.000057
0.000032
0.000006
-0.000019
-0.000042
-0.000066
-0.000090
-0.000114
-0.000137
-0.000161
-0.000186
-0.000211
-0.000235
-0.000258
-0.000281
-0.000303
-0.000324
-0.000343
-0.000362
-0.000379
-0.000395
-0.000411
-0.000425
-0.000439
-0.000450
-0.000463
-0.000474
-0.000485
-0.000495
-0.000505
-0.000513
-0.000519
-0.000523
-0.000526
-0.000526
-0.000523
-0.000518
-0.000511
-0.000503
-0.000493
-0.000479
-0.000466
-0.000450
-0.000433
-0.000415
-0.000395
-0.000373
-0.000349
-0.000322
-0.000294
-0.000264
-0.000232
-0.000199
-0.000164
-0.000129
-0.000094
-0.000059
-0.000025
0.000010
0.000043
0.000076
0.000108
0.000138
0.000168
0.000198
0.000225
0.000251
0.000276
0.000300
0.000320
0.000337
0.000354
0.000366
0.000375
0.000380
0.000382
0.000381
0.000376
0.000369
0.000359
0.000347
0.000334
0.000318
0.000300
0.000281
0.000259
0.000235
0.000209
0.000181
0.000151
0.000121
0.000089
0.000057
0.000026
-0.000007
-0.000037
-0.000066
-0.000094
-0.000120
-0.000143
-0.000165
-0.000187
-0.000206
-0.000225
-0.000243
-0.000258
-0.000272
-0.000286
-0.000297
-0.000306
-0.000313
-0.000317
-0.000319
-0.000318
-0.000316
-0.000311
-0.000305
-0.000297
-0.000289
-0.000280
-0.000270
-0.000260
-0.000249
-0.000239
-0.000228
-0.000214
-0.000200
-0.000184
-0.000168
-0.000151
-0.000135
-0.000118
-0.000101
-0.000084
-0.000067
-0.000050
-0.000036
-0.000022
-0.000008
0.000004
0.000015
0.000027
0.000039
0.000051
0.000063
0.000073
0.000084
0.000092
0.000101
0.000108
0.000114
0.000118
0.000119
0.000120
0.000120
0.000118
0.000115
0.000112
0.000109
0.000105
0.000102
0.000098
0.000094
0.000088
0.000081
0.000073
0.000064
0.000052
0.000041
0.000028
0.000013
-0.000001
-0.000016
-0.000032
-0.000048
-0.000063
-0.000077
-0.000090
-0.000103
-0.000115
-0.000128
-0.000141
-0.000153
-0.000167
-0.000182
-0.000198
-0.000213
-0.000228
-0.000243
-0.000256
-0.000268
-0.000279
-0.000289
-0.000299
-0.000307
-0.000317
-0.000326
-0.000336
-0.000346
-0.000356
-0.000367
-0.000380
-0.000391
-0.000403
-0.000415
-0.000426
-0.000437
-0.000448
-0.000457
-0.000467
-0.000477
-0.000486
-0.000495
-0.000504
-0.000514
-0.000523
-0.000535
-0.000545
-0.000554
-0.000562
-0.000569
-0.000573
-0.000576
-0.000577
-0.000576
-0.000572
-0.000568
-0.000560
-0.000551
-0.000540
-0.000527
-0.000514
-0.000497
-0.000479
-0.000459
-0.000437
-0.000414
-0.000388
-0.000359
-0.000329
-0.000296
-0.000262
-0.000228
-0.000193
-0.000157
-0.000122
-0.000089
-0.000055
-0.000024
0.000005
0.000035
0.000062
0.000088
0.000112
0.000134
0.000154
0.000173
0.000189
0.000202
0.000212
0.000218
0.000219
0.000216
0.000210
0.000200
0.000186
0.000170
0.000150
0.000128
0.000104
0.000079
0.000052
0.000024
-0.000007
-0.000039
-0.000072
-0.000107
-0.000143
-0.000182
-0.000221
-0.000259
-0.000298
-0.000336
-0.000374
-0.000410
-0.000445
-0.000477
-0.000507
-0.000536
-0.000562
-0.000586
-0.000609
-0.000629
-0.000648
-0.000667
-0.000683
-0.000698
-0.000711
-0.000721
-0.000729
-0.000735
-0.000737
-0.000738
-0.000737
-0.000733
-0.000728
-0.000721
-0.000714
-0.000705
-0.000695
-0.000684
-0.000671
-0.000657
-0.000643
-0.000628
-0.000610
-0.000590
-0.000570
-0.000548
-0.000525
-0.000499
-0.000472
-0.000445
-0.000417
-0.000390
-0.000362
-0.000333
-0.000306
-0.000276
-0.000246
-0.000215
-0.000184
-0.000153
-0.000122
-0.000088
-0.000056
-0.000024
0.000008
0.000038
0.000066
0.000093
0.000117
0.000140
0.000160
0.000177
0.000193
0.000206
0.000219
0.000229
0.000237
0.000244
0.000247
0.000248
0.000248
0.000243
0.000235
0.000224
0.000209
0.000193
0.000172
0.000149
0.000124
0.000097
0.000070
0.000041
0.000012
-0.000018
-0.000049
-0.000080
-0.000112
-0.000144
-0.000178
-0.000213
-0.000247
-0.000281
-0.000313
-0.000345
-0.000374
-0.000400
-0.000426
-0.000448
-0.000469
-0.000487
-0.000501
-0.000512
-0.000521
-0.000528
-0.000533
-0.000536
-0.000538
-0.000538
-0.000536
-0.000531
-0.000524
-0.000514
-0.000503
-0.000489
-0.000473
-0.000456
-0.000438
-0.000421
-0.000403
-0.000384
-0.000366
-0.000349
-0.000331
-0.000315
-0.000300
-0.000285
-0.000271
-0.000258
-0.000245
-0.000231
-0.000219
-0.000207
-0.000195
-0.000184
-0.000176
-0.000169
-0.000161
-0.000156
-0.000151
-0.000147
-0.000145
-0.000143
-0.000139
-0.000136
-0.000133
-0.000129
-0.000124
-0.000119
-0.000113
-0.000107
-0.000101
-0.000093
-0.000088
-0.000082
-0.000076
-0.000069
-0.000062
-0.000054
-0.000045
-0.000035
-0.000024
-0.000012
0.000000
0.000014
0.000028
0.000044
0.000058
0.000074
0.000088
0.000103
0.000116
0.000131
0.000146
0.000162
0.000178
0.000194
0.000210
0.000225
0.000241
0.000257
0.000273
0.000287
0.000301
0.000313
0.000325
0.000337
0.000346
0.000353
0.000361
0.000367
0.000373
0.000379
0.000386
0.000392
0.000396
0.000400
0.000401
0.000402
0.000401
0.000398
0.000393
0.000386
0.000378
0.000369
0.000360
0.000349
0.000339
0.000327
0.000316
0.000304
0.000292
0.000281
0.000268
0.000255
0.000242
0.000229
0.000216
0.000202
0.000188
0.000176
0.000164
0.000155
0.000148
0.000143
0.000140
0.000138
0.000139
0.000141
0.000144
0.000149
0.000155
0.000162
0.000171
0.000181
0.000191
0.000204
0.000218
0.000235
0.000253
0.000271
0.000292
0.000314
0.000337
0.000360
0.000384
0.000405
0.000427
0.000447
0.000465
0.000484
0.000499
0.000514
0.000527
0.000540
0.000551
0.000562
0.000570
0.000578
0.000582
0.000583
0.000583
0.000579
0.000573
0.000564
0.000552
0.000537
0.000521
0.000504
0.000484
0.000466
0.000446
0.000425
0.000405
0.000386
0.000364
0.000340
0.000317
0.000293
0.000269
0.000244
0.000220
0.000196
0.000172
0.000151
0.000131
0.000113
0.000096
0.000080
0.000065
0.000052
0.000039
0.000027
0.000015
0.000004
-0.000006
-0.000017
-0.000026
-0.000034
-0.000043
-0.000049
-0.000056
-0.000060
-0.000064
-0.000066
-0.000069
-0.000070
-0.000072
-0.000072
-0.000074
-0.000074
-0.000076
-0.000077
-0.000080
-0.000081
-0.000081
-0.000082
-0.000081
-0.000080
-0.000078
-0.000075
-0.000072
-0.000068
-0.000064
-0.000059
-0.000056
-0.000050
-0.000046
-0.000043
-0.000040
-0.000036
-0.000032
-0.000027
-0.000023
-0.000019
-0.000016
-0.000010
-0.000006
-0.000002
0.000001
0.000003
0.000004
0.000002
0.000000
-0.000005
-0.000010
-0.000017
-0.000026
-0.000036
-0.000047
-0.000057
-0.000068
-0.000080
-0.000094
-0.000108
-0.000124
-0.000141
-0.000159
-0.000178
-0.000197
-0.000218
-0.000238
-0.000258
-0.000277
-0.000295
-0.000311
-0.000325
-0.000339
-0.000350
-0.000361
-0.000369
-0.000377
-0.000383
-0.000388
-0.000393
-0.000395
-0.000396
-0.000396
-0.000393
-0.000388
-0.000380
-0.000370
-0.000359
-0.000346
-0.000331
-0.000315
-0.000300
-0.000284
-0.000268
-0.000254
-0.000239
-0.000224
-0.000211
-0.000198
-0.000185
-0.000174
-0.000163
-0.000153
-0.000143
-0.000133
-0.000126
-0.000120
-0.000116
-0.000115
-0.000116
-0.000120
-0.000127
-0.000134
-0.000144
-0.000155
-0.000168
-0.000180
-0.000194
-0.000209
-0.000222
-0.000236
-0.000251
-0.000267
-0.000282
-0.000298
-0.000314
-0.000331
-0.000347
-0.000363
-0.000378
-0.000393
-0.000405
-0.000415
-0.000423
-0.000430
-0.000434
-0.000436
-0.000436
-0.000435
-0.000432
-0.000428
-0.000423
-0.000417
-0.000411
-0.000402
-0.000394
-0.000384
-0.000370
-0.000356
-0.000340
-0.000324
-0.000307
-0.000287
-0.000269
-0.000250
-0.000231
-0.000213
-0.000196
-0.000181
-0.000166
-0.000150
-0.000137
-0.000124
-0.000111
-0.000098
-0.000086
-0.000074
-0.000062
-0.000050
-0.000038
-0.000027
-0.000018
-0.000010
-0.000004
0.000001
0.000006
0.000009
0.000013
0.000016
0.000019
0.000021
0.000024
0.000026
0.000029
0.000030
0.000031
0.000031
0.000030
0.000029
0.000024
0.000020
0.000012
0.000005
-0.000004
-0.000013
-0.000021
-0.000029
-0.000039
-0.000048
-0.000058
-0.000069
-0.000081
-0.000095
-0.000109
-0.000125
-0.000141
-0.000159
-0.000178
-0.000196
-0.000214
-0.000231
-0.000247
-0.000263
-0.000278
-0.000291
-0.000304
-0.000316
-0.000329
-0.000341
-0.000352
-0.000362
-0.000372
-0.000382
-0.000391
-0.000400
-0.000405
-0.000409
-0.000409
-0.000409
-0.000406
-0.000402
-0.000397
-0.000390
-0.000383
-0.000374
-0.000365
-0.000356
-0.000346
-0.000335
-0.000324
-0.000311
-0.000298
-0.000284
-0.000269
-0.000253
-0.000235
-0.000217
-0.000199
-0.000181
-0.000164
-0.000148
-0.000133
-0.000117
-0.000104
-0.000092
-0.000080
-0.000069
-0.000058
-0.000049
-0.000040
-0.000031
-0.000023
-0.000016
-0.000011
-0.000007
-0.000005
-0.000002
-0.000001
-0.000003
-0.000005
-0.000008
-0.000011
-0.000015
-0.000020
-0.000026
-0.000031
-0.000036
-0.000042
-0.000047
-0.000053
-0.000061
-0.000068
-0.000076
-0.000084
-0.000094
-0.000102
-0.000111
-0.000119
-0.000127
-0.000133
-0.000140
-0.000145
-0.000149
-0.000154
-0.000157
-0.000159
-0.000161
-0.000163
-0.000165
-0.000166
-0.000168
-0.000168
-0.000168
-0.000168
-0.000166
-0.000163
-0.000159
-0.000154
-0.000148
-0.000140
-0.000133
-0.000126
-0.000120
-0.000112
-0.000106
-0.000100
-0.000096
-0.000091
-0.000087
-0.000082
-0.000078
-0.000072
-0.000067
-0.000061
-0.000056
-0.000052
-0.000049
-0.000044
-0.000042
-0.000041
-0.000040
-0.000042
-0.000045
-0.000049
-0.000053
-0.000058
-0.000064
-0.000070
-0.000076
-0.000082
-0.000088
-0.000094
-0.000100
-0.000107
-0.000115
-0.000125
-0.000135
-0.000145
-0.000156
-0.000167
-0.000177
-0.000186
-0.000195
-0.000203
-0.000208
-0.000213
-0.000217
-0.000221
-0.000224
-0.000226
-0.000227
-0.000228
-0.000229
-0.000228
-0.000226
-0.000224
-0.000221
-0.000215
-0.000209
-0.000202
-0.000192
-0.000179
-0.000167
-0.000153
-0.000139
-0.000123
-0.000108
-0.000093
-0.000077
-0.000062
-0.000047
-0.000031
-0.000014
0.000003
0.000020
0.000037
0.000054
0.000072
0.000090
0.000107
0.000123
0.000138
0.000152
0.000165
0.000177
0.000187
0.000195
0.000202
0.000208
0.000213
0.000216
0.000220
0.000221
0.000223
0.000222
0.000221
0.000218
0.000212
0.000204
0.000194
0.000182
0.000169
0.000154
0.000138
0.000120
0.000103
0.000085
0.000066
0.000047
0.000029
0.000009
-0.000011
-0.000031
-0.000051
-0.000073
-0.000094
-0.000115
-0.000135
-0.000155
-0.000175
-0.000194
-0.000211
-0.000226
-0.000240
-0.000253
-0.000263
-0.000272
-0.000280
-0.000287
-0.000292
-0.000297
-0.000301
-0.000305
-0.000307
-0.000307
-0.000307
-0.000305
-0.000302
-0.000297
-0.000291
-0.000284
-0.000275
-0.000265
-0.000256
-0.000249
-0.000240
-0.000234
-0.000227
-0.000221
-0.000215
-0.000209
-0.000204
-0.000198
-0.000191
-0.000183
-0.000177
-0.000171
-0.000165
-0.000159
-0.000157
-0.000155
-0.000155
-0.000157
-0.000159
-0.000163
-0.000167
-0.000171
-0.000175
-0.000179
-0.000183
-0.000186
-0.000189
-0.000192
-0.000195
-0.000198
-0.000200
-0.000202
-0.000204
-0.000207
-0.000210
-0.000211
-0.000210
-0.000209
-0.000207
-0.000202
-0.000194
-0.000186
-0.000175
-0.000161
-0.000147
-0.000131
-0.000113
-0.000095
-0.000076
-0.000056
-0.000036
-0.000014
0.000008
0.000030
0.000054
0.000078
0.000104
0.000129
0.000154
0.000179
0.000203
0.000226
0.000247
0.000268
0.000286
0.000301
0.000315
0.000326
0.000335
0.000343
0.000349
0.000353
0.000355
0.000354
0.000351
0.000344
0.000336
0.000325
0.000310
0.000293
0.000274
0.000252
0.000227
0.000201
0.000173
0.000145
0.000116
0.000086
0.000057
0.000029
-0.000000
-0.000028
-0.000057
-0.000086
-0.000114
-0.000142
-0.000169
-0.000196
-0.000223
-0.000246
-0.000267
-0.000285
-0.000301
-0.000314
-0.000322
-0.000328
-0.000331
-0.000331
-0.000329
-0.000325
-0.000318
-0.000309
-0.000300
-0.000289
-0.000275
-0.000261
-0.000245
-0.000228
-0.000208
-0.000187
-0.000164
-0.000141
-0.000117
-0.000093
-0.000070
-0.000048
-0.000026
-0.000006
0.000013
0.000029
0.000046
0.000059
0.000072
0.000084
0.000094
0.000103
0.000111
0.000116
0.000121
0.000125
0.000127
0.000126
0.000123
0.000118
0.000111
0.000103
0.000094
0.000083
0.000071
0.000060
0.000049
0.000035
0.000023
0.000011
-0.000002
-0.000015
-0.000029
-0.000043
-0.000057
-0.000071
-0.000086
-0.000100
-0.000113
-0.000126
-0.000137
-0.000148
-0.000159
-0.000168
-0.000176
-0.000184
-0.000192
-0.000199
-0.000204
-0.000210
-0.000217
-0.000223
-0.000229
-0.000234
-0.000239
-0.000243
-0.000246
-0.000249
-0.000250
-0.000250
-0.000250
-0.000249
-0.000247
-0.000246
-0.000245
-0.000244
-0.000242
-0.000241
-0.000240
-0.000239
-0.000237
-0.000234
-0.000231
-0.000227
-0.000223
-0.000217
-0.000212
-0.000206
-0.000200
-0.000194
-0.000188
-0.000184
-0.000179
-0.000174
-0.000170
-0.000166
-0.000163
-0.000158
-0.000154
-0.000149
-0.000143
-0.000137
-0.000131
-0.000125
-0.000121
-0.000116
-0.000111
-0.000108
-0.000106
-0.000104
-0.000103
-0.000102
-0.000100
-0.000099
-0.000097
-0.000095
-0.000090
-0.000086
-0.000081
-0.000077
-0.000072
-0.000068
-0.000063
-0.000059
-0.000056
-0.000053
-0.000051
-0.000047
-0.000043
-0.000038
-0.000032
-0.000026
-0.000019
-0.000012
-0.000005
0.000002
0.000009
0.000015
0.000020
0.000023
0.000026
0.000029
0.000030
0.000029
0.000029
0.000028
0.000026
0.000023
0.000021
0.000018
0.000013
0.000006
-0.000002
-0.000011
-0.000021
-0.000033
-0.000047
-0.000063
-0.000079
-0.000097
-0.000115
-0.000133
-0.000152
-0.000172
-0.000191
-0.000210
-0.000229
-0.000249
-0.000270
-0.000291
-0.000313
-0.000335
-0.000356
-0.000378
-0.000398
-0.000418
-0.000436
-0.000451
-0.000464
-0.000475
-0.000485
-0.000493
-0.000499
-0.000503
-0.000508
-0.000510
-0.000510
-0.000511
-0.000510
-0.000507
-0.000502
-0.000496
-0.000489
-0.000479
-0.000468
-0.000456
-0.000443
-0.000429
-0.000413
-0.000397
-0.000382
-0.000365
-0.000350
-0.000334
-0.000319
-0.000304
-0.000290
-0.000275
-0.000261
-0.000245
-0.000231
-0.000216
-0.000202
-0.000188
-0.000175
-0.000162
-0.000150
-0.000141
-0.000132
-0.000124
-0.000116
-0.000111
-0.000105
-0.000101
-0.000095
-0.000090
-0.000085
-0.000080
-0.000074
-0.000071
-0.000068
-0.000066
-0.000065
-0.000063
-0.000064
-0.000066
-0.000068
-0.000071
-0.000075
-0.000078
-0.000081
-0.000084
-0.000087
-0.000092
-0.000095
-0.000099
-0.000104
-0.000109
-0.000115
-0.000122
-0.000129
-0.000137
-0.000145
-0.000154
-0.000163
-0.000171
-0.000178
-0.000184
-0.000189
-0.000194
-0.000198
-0.000201
-0.000205
-0.000207
-0.000209
-0.000212
-0.000213
-0.000214
-0.000213
-0.000211
-0.000207
-0.000201
-0.000194
-0.000186
-0.000175
-0.000163
-0.000150
-0.000135
-0.000121
-0.000105
-0.000089
-0.000072
-0.000055
-0.000039
-0.000021
-0.000002
0.000016
0.000035
0.000053
0.000071
0.000090
0.000106
0.000122
0.000136
0.000149
0.000160
0.000168
0.000174
0.000176
0.000177
0.000176
0.000172
0.000167
0.000160
0.000152
0.000141
0.000130
0.000115
0.000099
0.000082
0.000062
0.000039
0.000017
-0.000007
-0.000033
-0.000060
-0.000086
-0.000114
-0.000140
-0.000165
-0.000190
-0.000213
-0.000235
-0.000255
-0.000272
-0.000290
-0.000305
-0.000320
-0.000334
-0.000347
-0.000356
-0.000364
-0.000371
-0.000375
-0.000377
-0.000376
-0.000373
-0.000367
-0.000358
-0.000347
-0.000336
-0.000323
-0.000310
-0.000295
-0.000279
-0.000263
-0.000246
-0.000230
-0.000212
-0.000194
-0.000176
-0.000159
-0.000140
-0.000121
-0.000104
-0.000087
-0.000071
-0.000057
-0.000043
-0.000031
-0.000021
-0.000013
-0.000008
-0.000004
-0.000002
0.000000
-0.000000
-0.000001
-0.000002
-0.000005
-0.000008
-0.000013
-0.000017
-0.000024
-0.000031
-0.000039
-0.000047
-0.000057
-0.000066
-0.000076
-0.000087
-0.000097
-0.000105
-0.000113
-0.000119
-0.000124
-0.000129
-0.000133
-0.000136
-0.000139
-0.000141
-0.000143
-0.000143
-0.000142
-0.000141
-0.000139
-0.000136
-0.000130
-0.000123
-0.000114
-0.000104
-0.000093
-0.000081
-0.000068
-0.000055
-0.000040
-0.000027
-0.000013
0.000001
0.000014
0.000029
0.000044
0.000057
0.000072
0.000086
0.000100
0.000114
0.000125
0.000137
0.000148
0.000158
0.000166
0.000173
0.000177
0.000179
0.000181
0.000180
0.000178
0.000175
0.000170
0.000165
0.000159
0.000151
0.000143
0.000133
0.000123
0.000110
0.000097
0.000082
0.000066
0.000049
0.000032
0.000014
-0.000002
-0.000018
-0.000034
-0.000048
-0.000061
-0.000072
-0.000081
-0.000088
-0.000095
-0.000100
-0.000104
-0.000107
-0.000108
-0.000108
-0.000106
-0.000102
-0.000096
-0.000088
-0.000077
-0.000064
-0.000049
-0.000030
-0.000011
0.000010
0.000033
0.000057
0.000082
0.000106
0.000131
0.000156
0.000181
0.000207
0.000233
0.000258
0.000282
0.000306
0.000329
0.000351
0.000370
0.000388
0.000403
0.000415
0.000425
0.000432
0.000436
0.000437
0.000437
0.000433
0.000428
0.000420
0.000411
0.000399
0.000384
0.000368
0.000351
0.000330
0.000308
0.000283
0.000256
0.000227
0.000197
0.000166
0.000134
0.000103
0.000073
0.000043
0.000014
-0.000014
-0.000041
-0.000066
-0.000091
-0.000116
-0.000139
-0.000162
-0.000185
-0.000206
-0.000225
-0.000243
-0.000261
-0.000274
-0.000286
-0.000295
-0.000303
-0.000308
-0.000312
-0.000314
-0.000315
-0.000314
-0.000312
-0.000310
-0.000308
-0.000306
-0.000303
-0.000298
-0.000292
-0.000286
-0.000278
-0.000269
-0.000258
-0.000247
-0.000233
-0.000218
-0.000203
-0.000189
-0.000174
-0.000158
-0.000144
-0.000129
-0.000113
-0.000098
-0.000082
-0.000065
-0.000046
-0.000028
-0.000006
0.000014
0.000035
0.000056
0.000077
0.000098
0.000119
0.000138
0.000157
0.000176
0.000194
0.000211
0.000227
0.000243
0.000257
0.000271
0.000283
0.000295
0.000305
0.000313
0.000317
0.000319
0.000318
0.000315
0.000308
0.000300
0.000288
0.000274
0.000259
0.000241
0.000221
0.000201
0.000180
0.000156
0.000131
0.000105
0.000078
0.000050
0.000020
-0.000009
-0.000039
-0.000068
-0.000094
-0.000121
-0.000146
-0.000168
-0.000188
-0.000204
-0.000218
-0.000228
-0.000237
-0.000241
-0.000242
-0.000242
-0.000239
-0.000232
-0.000222
-0.000210
-0.000195
-0.000177
-0.000156
-0.000130
-0.000103
-0.000074
-0.000041
-0.000008
0.000026
0.000060
0.000094
0.000127
0.000158
0.000188
0.000217
0.000244
0.000268
0.000292
0.000313
0.000332
0.000349
0.000363
0.000376
0.000385
0.000391
0.000392
0.000391
0.000385
0.000374
0.000360
0.000342
0.000322
0.000299
0.000274
0.000247
0.000218
0.000188
0.000158
0.000126
0.000094
0.000062
0.000030
-0.000003
-0.000037
-0.000070
-0.000104
-0.000136
-0.000167
-0.000195
-0.000222
-0.000245
-0.000267
-0.000284
-0.000300
-0.000312
-0.000324
-0.000332
-0.000337
-0.000342
-0.000345
-0.000346
-0.000345
-0.000343
-0.000340
-0.000335
-0.000327
-0.000317
-0.000306
-0.000293
-0.000279
-0.000265
-0.000249
-0.000232
-0.000217
-0.000201
-0.000185
-0.000170
-0.000155
-0.000139
-0.000125
-0.000110
-0.000094
-0.000079
-0.000064
-0.000049
-0.000034
-0.000020
-0.000005
0.000009
0.000021
0.000031
0.000041
0.000049
0.000057
0.000063
0.000069
0.000072
0.000076
0.000080
0.000084
0.000086
0.000088
0.000089
0.000089
0.000086
0.000082
0.000076
0.000067
0.000058
0.000046
0.000034
0.000020
0.000006
-0.000009
-0.000024
-0.000039
-0.000055
-0.000071
-0.000087
-0.000103
-0.000120
-0.000137
-0.000154
-0.000173
-0.000191
-0.000208
-0.000224
-0.000238
-0.000252
-0.000264
-0.000272
-0.000279
-0.000283
-0.000285
-0.000285
-0.000285
-0.000283
-0.000279
-0.000273
-0.000265
-0.000256
-0.000245
-0.000233
-0.000220
-0.000204
-0.000186
-0.000168
-0.000147
-0.000126
-0.000103
-0.000081
-0.000057
-0.000034
-0.000013
0.000008
0.000026
0.000044
0.000062
0.000078
0.000093
0.000107
0.000121
0.000134
0.000144
0.000153
0.000160
0.000166
0.000169
0.000170
0.000169
0.000166
0.000161
0.000155
0.000147
0.000139
0.000129
0.000119
0.000108
0.000097
0.000086
0.000076
0.000065
0.000053
0.000040
0.000028
0.000015
0.000001
-0.000014
-0.000026
-0.000039
-0.000050
-0.000060
-0.000070
-0.000080
-0.000087
-0.000094
-0.000101
-0.000106
-0.000110
-0.000115
-0.000120
-0.000124
-0.000128
-0.000131
-0.000132
-0.000134
-0.000135
-0.000133
-0.000131
-0.000127
-0.000123
-0.000119
-0.000113
-0.000106
-0.000099
-0.000091
-0.000085
-0.000078
-0.000071
-0.000063
-0.000054
-0.000045
-0.000036
-0.000026
-0.000014
-0.000003
0.000010
0.000023
0.000037
0.000049
0.000060
0.000071
0.000083
0.000091
0.000100
0.000107
0.000113
0.000119
0.000125
0.000130
0.000135
0.000139
0.000142
0.000143
0.000144
0.000144
0.000142
0.000139
0.000133
0.000125
0.000117
0.000106
0.000096
0.000083
0.000070
0.000056
0.000043
0.000030
0.000016
0.000003
-0.000011
-0.000024
-0.000037
-0.000049
-0.000061
-0.000074
-0.000084
-0.000094
-0.000102
-0.000108
-0.000113
-0.000115
-0.000115
-0.000113
-0.000110
-0.000106
-0.000099
-0.000090
-0.000081
-0.000071
-0.000061
-0.000049
-0.000038
-0.000025
-0.000012
0.000002
0.000016
0.000031
0.000046
0.000061
0.000074
0.000087
0.000098
0.000106
0.000114
0.000118
0.000122
0.000123
0.000122
0.000119
0.000115
0.000108
0.000101
0.000094
0.000085
0.000075
0.000064
0.000051
0.000037
0.000022
0.000006
-0.000010
-0.000027
-0.000044
-0.000061
-0.000077
-0.000091
-0.000104
-0.000113
-0.000122
-0.000127
-0.000130
-0.000130
-0.000130
-0.000127
-0.000123
-0.000116
-0.000107
-0.000098
-0.000086
-0.000072
-0.000057
-0.000040
-0.000020
0.000001
0.000024
0.000049
0.000074
0.000100
0.000125
0.000149
0.000172
0.000194
0.000213
0.000231
0.000247
0.000262
0.000274
0.000286
0.000294
0.000301
0.000305
0.000308
0.000309
0.000306
0.000301
0.000294
0.000282
0.000267
0.000249
0.000229
0.000205
0.000179
0.000150
0.000121
0.000090
0.000059
0.000028
-0.000003
-0.000034
-0.000066
-0.000099
-0.000132
-0.000165
-0.000197
-0.000230
-0.000261
-0.000292
-0.000321
-0.000348
-0.000373
-0.000395
-0.000415
-0.000433
-0.000449
-0.000461
-0.000470
-0.000479
-0.000486
-0.000492
-0.000495
-0.000498
-0.000498
-0.000497
-0.000494
-0.000489
-0.000483
-0.000473
-0.000462
-0.000451
-0.000439
-0.000425
-0.000411
-0.000396
-0.000381
-0.000367
-0.000352
-0.000338
-0.000324
-0.000310
-0.000298
-0.000285
-0.000271
-0.000257
-0.000243
-0.000231
-0.000219
-0.000208
-0.000199
-0.000190
-0.000182
-0.000176
-0.000172
-0.000170
-0.000166
-0.000165
-0.000164
-0.000163
-0.000162
-0.000161
-0.000160
-0.000160
-0.000159
-0.000159
-0.000159
-0.000159
-0.000160
-0.000161
-0.000162
-0.000165
-0.000167
-0.000169
-0.000170
-0.000170
-0.000168
-0.000165
-0.000161
-0.000157
-0.000150
-0.000143
-0.000135
-0.000127
-0.000119
-0.000111
-0.000102
-0.000094
-0.000083
-0.000073
-0.000062
-0.000049
-0.000037
-0.000022
-0.000008
0.000006
0.000021
0.000036
0.000050
0.000063
0.000075
0.000085
0.000095
0.000103
0.000110
0.000117
0.000122
0.000126
0.000130
0.000132
0.000133
0.000134
0.000133
0.000131
0.000125
0.000120
0.000113
0.000104
0.000093
0.000083
0.000072
0.000062
0.000051
0.000041
0.000031
0.000022
0.000014
0.000007
0.000001
-0.000005
-0.000010
-0.000016
-0.000020
-0.000023
-0.000028
-0.000029
-0.000030
-0.000030
-0.000027
-0.000024
-0.000019
-0.000012
-0.000005
0.000004
0.000012
0.000020
0.000029
0.000037
0.000044
0.000052
0.000058
0.000064
0.000069
0.000073
0.000076
0.000080
0.000083
0.000086
0.000088
0.000087
0.000085
0.000080
0.000074
0.000065
0.000053
0.000040
0.000025
0.000008
-0.000010
-0.000030
-0.000050
-0.000070
-0.000090
-0.000112
-0.000133
-0.000155
-0.000177
-0.000199
-0.000222
-0.000245
-0.000268
-0.000290
-0.000309
-0.000329
-0.000345
-0.000360
-0.000371
-0.000379
-0.000384
-0.000386
-0.000384
-0.000380
-0.000373
-0.000364
-0.000353
-0.000340
-0.000324
-0.000307
-0.000284
-0.000262
-0.000236
-0.000207
-0.000176
-0.000142
-0.000107
-0.000070
-0.000032
0.000006
0.000045
0.000084
0.000121
0.000156
0.000189
0.000222
0.000252
0.000282
0.000308
0.000334
0.000356
0.000377
0.000395
0.000410
0.000422
0.000432
0.000437
0.000438
0.000436
0.000429
0.000420
0.000405
0.000389
0.000369
0.000348
0.000323
0.000298
0.000271
0.000242
0.000212
0.000181
0.000149
0.000114
0.000080
0.000045
0.000009
-0.000027
-0.000061
-0.000094
-0.000126
-0.000155
-0.000182
-0.000205
-0.000227
-0.000244
-0.000261
-0.000275
-0.000286
-0.000293
-0.000299
-0.000303
-0.000306
-0.000304
-0.000301
-0.000295
-0.000285
-0.000273
-0.000257
-0.000240
-0.000219
-0.000196
-0.000173
-0.000148
-0.000123
-0.000098
-0.000073
-0.000048
-0.000023
0.000001
0.000025
0.000050
0.000072
0.000095
0.000117
0.000137
0.000158
0.000178
0.000195
0.000209
0.000221
0.000230
0.000238
0.000241
0.000242
0.000242
0.000241
0.000238
0.000234
0.000228
0.000221
0.000214
0.000207
0.000199
0.000190
0.000179
0.000167
0.000154
0.000140
0.000125
0.000110
0.000095
0.000079
0.000065
0.000052
0.000039
0.000027
0.000015
0.000005
-0.000003
-0.000012
-0.000020
-0.000029
-0.000037
-0.000044
-0.000051
-0.000060
-0.000067
-0.000074
-0.000081
-0.000087
-0.000094
-0.000099
-0.000106
-0.000111
-0.000117
-0.000126
-0.000134
-0.000143
-0.000153
-0.000165
-0.000179
-0.000194
-0.000211
-0.000229
-0.000246
-0.000264
-0.000283
-0.000303
-0.000324
-0.000345
-0.000365
-0.000387
-0.000409
-0.000432
-0.000456
-0.000481
-0.000505
-0.000529
-0.000551
-0.000573
-0.000592
-0.000610
-0.000625
-0.000638
-0.000648
-0.000656
-0.000662
-0.000665
-0.000665
-0.000664
-0.000659
-0.000653
-0.000645
-0.000633
-0.000617
-0.000599
-0.000578
-0.000552
-0.000525
-0.000493
-0.000460
-0.000424
-0.000385
-0.000346
-0.000305
-0.000264
-0.000223
-0.000181
-0.000139
-0.000097
-0.000056
-0.000015
0.000027
0.000067
0.000106
0.000145
0.000180
0.000213
0.000244
0.000271
0.000294
0.000313
0.000331
0.000344
0.000354
0.000359
0.000360
0.000358
0.000353
0.000346
0.000337
0.000324
0.000309
0.000293
0.000272
0.000249
0.000224
0.000197
0.000168
0.000137
0.000105
0.000074
0.000043
0.000013
-0.000017
-0.000046
-0.000074
-0.000100
-0.000124
-0.000146
-0.000168
-0.000187
-0.000205
-0.000222
-0.000236
-0.000249
-0.000259
-0.000266
-0.000270
-0.000272
-0.000271
-0.000267
-0.000261
-0.000252
-0.000241
-0.000229
-0.000215
-0.000199
-0.000183
-0.000166
-0.000149
-0.000131
-0.000112
-0.000093
-0.000072
-0.000050
-0.000028
-0.000005
0.000017
0.000040
0.000061
0.000082
0.000102
0.000120
0.000137
0.000152
0.000165
0.000177
0.000187
0.000197
0.000206
0.000214
0.000222
0.000230
0.000237
0.000244
0.000249
0.000254
0.000257
0.000259
0.000261
0.000260
0.000260
0.000259
0.000257
0.000255
0.000254
0.000252
0.000251
0.000249
0.000248
0.000247
0.000246
0.000244
0.000242
0.000238
0.000233
0.000228
0.000221
0.000214
0.000207
0.000199
0.000192
0.000185
0.000179
0.000173
0.000167
0.000160
0.000153
0.000147
0.000139
0.000130
0.000120
0.000109
0.000099
0.000090
0.000081
0.000073
0.000065
0.000059
0.000053
0.000047
0.000044
0.000040
0.000038
0.000035
0.000032
0.000029
0.000026
0.000024
0.000022
0.000020
0.000020
0.000019
0.000021
0.000025
0.000028
0.000033
0.000038
0.000044
0.000048
0.000053
0.000057
0.000060
0.000063
0.000065
0.000068
0.000069
0.000069
0.000071
0.000072
0.000073
0.000075
0.000075
0.000075
0.000073
0.000073
0.000070
0.000066
0.000060
0.000054
0.000046
0.000039
0.000030
0.000022
0.000013
0.000004
-0.000003
-0.000011
-0.000017
-0.000025
-0.000031
-0.000037
-0.000044
-0.000052
-0.000059
-0.000066
-0.000072
-0.000078
-0.000083
-0.000087
-0.000092
-0.000094
-0.000096
-0.000097
-0.000096
-0.000095
-0.000094
-0.000093
-0.000093
-0.000092
-0.000093
-0.000093
-0.000095
-0.000096
-0.000099
-0.000102
-0.000105
-0.000109
-0.000112
-0.000115
-0.000120
-0.000125
-0.000131
-0.000140
-0.000149
-0.000161
-0.000172
-0.000186
-0.000200
-0.000216
-0.000232
-0.000247
-0.000262
-0.000278
-0.000293
-0.000306
-0.000319
-0.000333
-0.000346
-0.000358
-0.000371
-0.000382
-0.000393
-0.000405
-0.000414
-0.000421
-0.000428
-0.000432
-0.000434
-0.000433
-0.000429
-0.000425
-0.000417
-0.000407
-0.000396
-0.000382
-0.000368
-0.000353
-0.000338
-0.000321
-0.000304
-0.000285
-0.000265
-0.000243
-0.000222
-0.000200
-0.000177
-0.000155
-0.000133
-0.000112
-0.000091
-0.000073
-0.000057
-0.000043
-0.000029
-0.000018
-0.000009
-0.000001
0.000005
0.000011
0.000014
0.000016
0.000016
0.000014
0.000011
0.000004
-0.000004
-0.000014
-0.000029
-0.000044
-0.000061
-0.000079
-0.000097
-0.000115
-0.000136
-0.000154
-0.000172
-0.000189
-0.000205
-0.000221
-0.000237
-0.000252
-0.000267
-0.000281
-0.000295
-0.000308
-0.000319
-0.000330
-0.000339
-0.000346
-0.000352
-0.000354
-0.000355
-0.000354
-0.000352
-0.000348
-0.000342
-0.000336
-0.000330
-0.000325
-0.000319
-0.000312
-0.000307
-0.000302
-0.000297
-0.000292
-0.000287
-0.000282
-0.000276
-0.000272
-0.000269
-0.000267
-0.000265
-0.000265
-0.000267
-0.000271
-0.000278
-0.000286
-0.000295
-0.000305
-0.000318
-0.000330
-0.000343
-0.000357
-0.000372
-0.000386
-0.000402
-0.000417
-0.000433
-0.000449
-0.000466
-0.000482
-0.000498
-0.000513
-0.000527
-0.000540
-0.000552
-0.000561
-0.000568
-0.000572
-0.000574
-0.000574
-0.000571
-0.000564
-0.000557
-0.000548
-0.000537
-0.000524
-0.000509
-0.000492
-0.000471
-0.000450
-0.000425
-0.000399
-0.000371
-0.000341
-0.000310
-0.000278
-0.000246
-0.000213
-0.000180
-0.000148
-0.000117
-0.000086
-0.000056
-0.000028
-0.000001
0.000025
0.000051
0.000075
0.000098
0.000119
0.000138
0.000156
0.000170
0.000181
0.000189
0.000194
0.000196
0.000195
0.000191
0.000185
0.000175
0.000165
0.000151
0.000137
0.000121
0.000104
0.000086
0.000066
0.000045
0.000024
0.000000
-0.000023
-0.000049
-0.000074
-0.000100
-0.000125
-0.000148
-0.000171
-0.000193
-0.000212
-0.000228
-0.000242
-0.000254
-0.000265
-0.000275
-0.000282
-0.000289
-0.000295
-0.000298
-0.000300
-0.000301
-0.000301
-0.000299
-0.000296
-0.000290
-0.000282
-0.000274
-0.000265
-0.000256
-0.000244
-0.000233
-0.000223
-0.000214
-0.000206
-0.000199
-0.000193
-0.000188
-0.000183
-0.000178
-0.000175
-0.000173
-0.000171
-0.000171
-0.000172
-0.000175
-0.000178
-0.000184
-0.000191
-0.000199
-0.000210
-0.000223
-0.000236
-0.000250
-0.000265
-0.000280
-0.000294
-0.000307
-0.000321
-0.000334
-0.000347
-0.000358
-0.000369
-0.000379
-0.000389
-0.000398
-0.000406
-0.000413
-0.000417
-0.000421
-0.000421
-0.000420
-0.000416
-0.000408
-0.000397
-0.000384
-0.000370
-0.000353
-0.000334
-0.000314
-0.000293
-0.000271
-0.000249
-0.000226
-0.000202
-0.000178
-0.000153
-0.000128
-0.000102
-0.000075
-0.000048
-0.000021
0.000005
0.000031
0.000055
0.000076
0.000094
0.000111
0.000125
0.000136
0.000145
0.000152
0.000157
0.000161
0.000164
0.000164
0.000163
0.000160
0.000156
0.000150
0.000141
0.000130
0.000116
0.000102
0.000084
0.000067
0.000048
0.000029
0.000011
-0.000006
-0.000023
-0.000039
-0.000054
-0.000068
-0.000080
-0.000093
-0.000105
-0.000117
-0.000127
-0.000136
-0.000144
-0.000153
-0.000159
-0.000164
-0.000167
-0.000168
-0.000167
-0.000164
-0.000159
-0.000152
-0.000145
-0.000136
-0.000127
-0.000118
-0.000108
-0.000099
-0.000090
-0.000082
-0.000073
-0.000065
-0.000056
-0.000047
-0.000037
-0.000027
-0.000017
-0.000006
0.000004
0.000012
0.000019
0.000025
0.000029
0.000032
0.000034
0.000036
0.000036
0.000037
0.000037
0.000037
0.000037
0.000038
0.000039
0.000038
0.000037
0.000035
0.000031
0.000029
0.000026
0.000020
0.000016
0.000012
0.000009
0.000006
0.000004
0.000004
0.000004
0.000005
0.000008
0.000011
0.000015
0.000018
0.000022
0.000026
0.000031
0.000035
0.000039
0.000045
0.000052
0.000059
0.000067
0.000076
0.000086
0.000096
0.000106
0.000117
0.000127
0.000136
0.000145
0.000152
0.000159
0.000165
0.000168
0.000172
0.000176
0.000179
0.000181
0.000183
0.000186
0.000187
0.000186
0.000186
0.000184
0.000180
0.000174
0.000167
0.000158
0.000149
0.000138
0.000127
0.000116
0.000105
0.000094
0.000083
0.000073
0.000061
0.000051
0.000040
0.000028
0.000016
0.000003
-0.000009
-0.000023
-0.000036
-0.000049
-0.000062
-0.000073
-0.000083
-0.000093
-0.000101
-0.000108
-0.000114
-0.000119
-0.000123
-0.000129
-0.000135
-0.000142
-0.000149
-0.000156
-0.000163
-0.000170
-0.000177
-0.000185
-0.000192
-0.000199
-0.000206
-0.000212
-0.000220
-0.000228
-0.000236
-0.000245
-0.000257
-0.000268
-0.000282
-0.000296
-0.000312
-0.000329
-0.000346
-0.000361
-0.000378
-0.000394
-0.000409
-0.000424
-0.000438
-0.000452
-0.000465
-0.000477
-0.000489
-0.000501
-0.000512
-0.000523
-0.000531
-0.000539
-0.000544
-0.000547
-0.000548
-0.000545
-0.000541
-0.000533
-0.000525
-0.000514
-0.000503
-0.000490
-0.000476
-0.000461
-0.000447
-0.000431
-0.000415
-0.000399
-0.000382
-0.000364
-0.000346
-0.000328
-0.000309
-0.000293
-0.000277
-0.000264
-0.000253
-0.000243
-0.000237
-0.000234
-0.000233
-0.000235
-0.000240
-0.000247
-0.000255
-0.000265
-0.000278
-0.000294
-0.000311
-0.000331
-0.000352
-0.000375
-0.000401
-0.000429
-0.000458
-0.000489
-0.000522
-0.000555
-0.000586
-0.000618
-0.000650
-0.000681
-0.000708
-0.000733
-0.000757
-0.000779
-0.000798
-0.000814
-0.000830
-0.000843
-0.000853
-0.000861
-0.000865
-0.000865
-0.000863
-0.000857
-0.000848
-0.000834
-0.000818
-0.000798
-0.000774
-0.000747
-0.000719
-0.000690
-0.000658
-0.000626
-0.000592
-0.000557
-0.000521
-0.000485
-0.000449
-0.000412
-0.000375
-0.000338
-0.000301
-0.000265
-0.000230
-0.000195
-0.000162
-0.000130
-0.000101
-0.000075
-0.000051
-0.000030
-0.000009
0.000009
0.000025
0.000041
0.000054
0.000066
0.000078
0.000088
0.000097
0.000105
0.000111
0.000116
0.000118
0.000120
0.000121
0.000120
0.000119
0.000118
0.000117
0.000116
0.000115
0.000113
0.000111
0.000111
0.000111
0.000111
0.000111
0.000108
0.000106
0.000104
0.000101
0.000096
0.000092
0.000087
0.000081
0.000076
0.000070
0.000065
0.000058
0.000052
0.000045
0.000037
0.000027
0.000016
0.000003
-0.000010
-0.000025
-0.000042
-0.000060
-0.000077
-0.000094
-0.000111
-0.000128
-0.000145
-0.000162
-0.000180
-0.000198
-0.000215
-0.000233
-0.000252
-0.000271
-0.000289
-0.000308
-0.000326
-0.000343
-0.000359
-0.000372
-0.000383
-0.000392
-0.000400
-0.000406
-0.000410
-0.000413
-0.000415
-0.000416
-0.000415
-0.000412
-0.000408
-0.000403
-0.000397
-0.000388
-0.000377
-0.000366
-0.000352
-0.000336
-0.000318
-0.000298
-0.000279
-0.000260
-0.000240
-0.000219
-0.000198
-0.000177
-0.000157
-0.000138
-0.000119
-0.000100
-0.000081
-0.000061
-0.000042
-0.000023
-0.000005
0.000013
0.000031
0.000046
0.000058
0.000069
0.000079
0.000087
0.000093
0.000097
0.000100
0.000102
0.000103
0.000102
0.000101
0.000100
0.000099
0.000097
0.000095
0.000091
0.000085
0.000079
0.000071
0.000063
0.000053
0.000042
0.000031
0.000020
0.000010
-0.000000
-0.000010
-0.000018
-0.000026
-0.000034
-0.000040
-0.000047
-0.000053
-0.000060
-0.000065
-0.000072
-0.000075
-0.000080
-0.000083
-0.000085
-0.000086
-0.000086
-0.000086
-0.000084
-0.000081
-0.000078
-0.000074
-0.000071
-0.000068
-0.000064
-0.000062
-0.000059
-0.000056
-0.000054
-0.000052
-0.000049
-0.000046
-0.000043
-0.000040
-0.000037
-0.000036
-0.000035
-0.000034
-0.000035
-0.000037
-0.000039
-0.000044
-0.000049
-0.000055
-0.000062
-0.000068
-0.000075
-0.000081
-0.000087
-0.000092
-0.000098
-0.000105
-0.000111
-0.000117
-0.000123
-0.000131
-0.000138
-0.000145
-0.000153
-0.000160
-0.000166
-0.000171
-0.000175
-0.000178
-0.000180
-0.000180
-0.000179
-0.000177
-0.000174
-0.000171
-0.000168
-0.000165
-0.000162
-0.000158
-0.000152
-0.000146
-0.000137
-0.000130
-0.000119
-0.000108
-0.000096
-0.000081
-0.000066
-0.000051
-0.000036
-0.000020
-0.000004
0.000012
0.000027
0.000041
0.000055
0.000070
0.000085
0.000099
0.000113
0.000129
0.000144
0.000159
0.000174
0.000188
0.000202
0.000214
0.000225
0.000234
0.000242
0.000250
0.000254
0.000260
0.000263
0.000266
0.000267
0.000269
0.000269
0.000270
0.000269
0.000268
0.000266
0.000261
0.000254
0.000247
0.000239
0.000230
0.000220
0.000212
0.000202
0.000192
0.000182
0.000173
0.000164
0.000154
0.000145
0.000136
0.000127
0.000118
0.000107
0.000098
0.000089
0.000078
0.000068
0.000059
0.000050
0.000042
0.000035
0.000028
0.000022
0.000016
0.000010
0.000005
-0.000001
-0.000006
-0.000013
-0.000020
-0.000027
-0.000035
-0.000043
-0.000052
-0.000060
-0.000067
-0.000073
-0.000078
-0.000083
-0.000087
-0.000091
-0.000095
-0.000100
-0.000104
-0.000109
-0.000114
-0.000120
-0.000125
-0.000131
-0.000135
-0.000139
-0.000142
-0.000143
-0.000143
-0.000142
-0.000140
-0.000136
-0.000132
-0.000127
-0.000122
-0.000116
-0.000108
-0.000101
-0.000093
-0.000083
-0.000071
-0.000057
-0.000042
-0.000026
-0.000009
0.000010
0.000030
0.000052
0.000073
0.000095
0.000116
0.000138
0.000160
0.000181
0.000201
0.000221
0.000242
0.000261
0.000281
0.000301
0.000319
0.000335
0.000350
0.000362
0.000372
0.000378
0.000383
0.000385
0.000384
0.000380
0.000373
0.000364
0.000353
0.000339
0.000324
0.000307
0.000288
0.000265
0.000242
0.000217
0.000189
0.000159
0.000127
0.000094
0.000059
0.000024
-0.000011
-0.000046
-0.000080
-0.000111
-0.000143
-0.000173
-0.000202
-0.000228
-0.000253
-0.000277
-0.000298
-0.000318
-0.000336
-0.000353
-0.000367
-0.000378
-0.000388
-0.000393
-0.000395
-0.000395
-0.000389
-0.000381
-0.000372
-0.000360
-0.000345
-0.000329
-0.000311
-0.000291
-0.000271
-0.000249
-0.000227
-0.000203
-0.000179
-0.000152
-0.000125
-0.000096
-0.000067
-0.000039
-0.000009
0.000019
0.000047
0.000075
0.000100
0.000124
0.000147
0.000168
0.000186
0.000204
0.000220
0.000236
0.000252
0.000265
0.000278
0.000289
0.000298
0.000305
0.000310
0.000313
0.000314
0.000312
0.000310
0.000304
0.000297
0.000289
0.000280
0.000268
0.000258
0.000245
0.000232
0.000219
0.000204
0.000188
0.000172
0.000154
0.000134
0.000115
0.000093
0.000071
0.000050
0.000026
0.000003
-0.000019
-0.000040
-0.000061
-0.000080
-0.000098
-0.000116
-0.000132
-0.000148
-0.000163
-0.000177
-0.000189
-0.000199
-0.000209
-0.000217
-0.000222
-0.000226
-0.000226
-0.000224
-0.000220
-0.000213
-0.000203
-0.000192
-0.000178
-0.000163
-0.000146
-0.000129
-0.000109
-0.000089
-0.000067
-0.000044
-0.000020
0.000006
0.000032
0.000060
0.000089
0.000117
0.000145
0.000173
0.000201
0.000227
0.000252
0.000275
0.000297
0.000318
0.000337
0.000354
0.000370
0.000384
0.000396
0.000408
0.000417
0.000426
0.000432
0.000437
0.000439
0.000439
0.000436
0.000433
0.000428
0.000421
0.000413
0.000403
0.000393
0.000382
0.000372
0.000361
0.000351
0.000341
0.000331
0.000321
0.000312
0.000303
0.000293
0.000283
0.000274
0.000265
0.000257
0.000251
0.000245
0.000240
0.000238
0.000238
0.000239
0.000241
0.000245
0.000248
0.000254
0.000260
0.000267
0.000275
0.000283
0.000291
0.000300
0.000310
0.000320
0.000332
0.000346
0.000359
0.000374
0.000389
0.000405
0.000419
0.000433
0.000447
0.000460
0.000474
0.000486
0.000498
0.000507
0.000517
0.000525
0.000535
0.000544
0.000551
0.000558
0.000564
0.000569
0.000572
0.000572
0.000571
0.000567
0.000561
0.000553
0.000541
0.000530
0.000515
0.000499
0.000481
0.000461
0.000440
0.000416
0.000391
0.000365
0.000336
0.000305
0.000271
0.000234
0.000197
0.000158
0.000118
0.000078
0.000037
-0.000003
-0.000042
-0.000081
-0.000119
-0.000157
-0.000194
-0.000231
-0.000267
-0.000301
-0.000335
-0.000367
-0.000398
-0.000426
-0.000450
-0.000472
-0.000490
-0.000504
-0.000515
-0.000521
-0.000524
-0.000523
-0.000517
-0.000509
-0.000497
-0.000482
-0.000464
-0.000444
-0.000420
-0.000393
-0.000364
-0.000331
-0.000295
-0.000257
-0.000217
-0.000175
-0.000132
-0.000088
-0.000043
0.000002
0.000046
0.000089
0.000131
0.000172
0.000210
0.000248
0.000284
0.000319
0.000351
0.000381
0.000409
0.000435
0.000458
0.000479
0.000497
0.000513
0.000526
0.000535
0.000542
0.000546
0.000549
0.000548
0.000547
0.000543
0.000538
0.000533
0.000528
0.000520
0.000512
0.000502
0.000493
0.000483
0.000471
0.000461
0.000450
0.000438
0.000428
0.000418
0.000408
0.000398
0.000389
0.000383
0.000376
0.000371
0.000366
0.000362
0.000357
0.000353
0.000349
0.000345
0.000340
0.000336
0.000331
0.000326
0.000321
0.000317
0.000314
0.000310
0.000307
0.000305
0.000302
0.000300
0.000298
0.000293
0.000289
0.000285
0.000281
0.000276
0.000270
0.000265
0.000261
0.000258
0.000256
0.000254
0.000252
0.000251
0.000251
0.000249
0.000248
0.000246
0.000243
0.000240
0.000237
0.000233
0.000229
0.000225
0.000221
0.000217
0.000210
0.000204
0.000196
0.000187
0.000177
0.000165
0.000151
0.000137
0.000119
0.000099
0.000076
0.000053
0.000026
-0.000002
-0.000030
-0.000059
-0.000088
-0.000119
-0.000149
-0.000181
-0.000212
-0.000244
-0.000276
-0.000310
-0.000343
-0.000375
-0.000408
-0.000438
-0.000467
-0.000494
-0.000517
-0.000538
-0.000554
-0.000568
-0.000578
-0.000586
-0.000589
-0.000591
-0.000589
-0.000585
-0.000579
-0.000570
-0.000558
-0.000544
-0.000527
-0.000507
-0.000485
-0.000460
-0.000433
-0.000404
-0.000373
-0.000342
-0.000310
-0.000277
-0.000246
-0.000216
-0.000186
-0.000159
-0.000133
-0.000109
-0.000086
-0.000065
-0.000045
-0.000026
-0.000010
0.000005
0.000017
0.000028
0.000036
0.000042
0.000045
0.000046
0.000044
0.000041
0.000036
0.000029
0.000021
0.000013
0.000005
-0.000003
-0.000010
-0.000017
-0.000023
-0.000029
-0.000034
-0.000040
-0.000043
-0.000046
-0.000048
-0.000049
-0.000049
-0.000047
-0.000043
-0.000037
-0.000030
-0.000019
-0.000007
0.000007
0.000022
0.000039
0.000056
0.000074
0.000092
0.000109
0.000127
0.000143
0.000160
0.000177
0.000195
0.000211
0.000227
0.000243
0.000258
0.000272
0.000285
0.000296
0.000307
0.000315
0.000321
0.000325
0.000327
0.000328
0.000327
0.000325
0.000323
0.000322
0.000320
0.000317
0.000315
0.000313
0.000310
0.000306
0.000301
0.000297
0.000292
0.000286
0.000280
0.000273
0.000265
0.000260
0.000255
0.000251
0.000248
0.000245
0.000243
0.000242
0.000240
0.000238
0.000236
0.000233
0.000229
0.000225
0.000219
0.000214
0.000208
0.000202
0.000197
0.000192
0.000187
0.000181
0.000177
0.000171
0.000165
0.000158
0.000148
0.000138
0.000127
0.000115
0.000102
0.000088
0.000073
0.000058
0.000045
0.000031
0.000016
0.000002
-0.000011
-0.000024
-0.000037
-0.000050
-0.000062
-0.000074
-0.000087
-0.000098
-0.000110
-0.000122
-0.000131
-0.000139
-0.000146
-0.000152
-0.000157
-0.000159
-0.000161
-0.000161
-0.000161
-0.000159
-0.000157
-0.000154
-0.000148
-0.000143
-0.000135
-0.000128
-0.000119
-0.000108
-0.000096
-0.000084
-0.000070
-0.000056
-0.000040
-0.000023
-0.000005
0.000013
0.000031
0.000048
0.000064
0.000081
0.000099
0.000116
0.000132
0.000149
0.000166
0.000183
0.000200
0.000217
0.000232
0.000246
0.000258
0.000270
0.000278
0.000283
0.000289
0.000292
0.000293
0.000292
0.000290
0.000285
0.000281
0.000276
0.000269
0.000260
0.000249
0.000236
0.000223
0.000206
0.000187
0.000167
0.000144
0.000120
0.000095
0.000068
0.000042
0.000017
-0.000008
-0.000033
-0.000057
-0.000080
-0.000103
-0.000125
-0.000145
-0.000164
-0.000183
-0.000201
-0.000217
-0.000231
-0.000244
-0.000252
-0.000257
-0.000259
-0.000256
-0.000251
-0.000241
-0.000229
-0.000215
-0.000197
-0.000177
-0.000155
-0.000131
-0.000105
-0.000077
-0.000048
-0.000018
0.000015
0.000048
0.000084
0.000120
0.000156
0.000193
0.000229
0.000265
0.000299
0.000332
0.000363
0.000391
0.000417
0.000440
0.000460
0.000478
0.000492
0.000504
0.000511
0.000517
0.000520
0.000520
0.000515
0.000507
0.000495
0.000481
0.000463
0.000441
0.000415
0.000387
0.000357
0.000325
0.000291
0.000257
0.000220
0.000183
0.000146
0.000108
0.000070
0.000032
-0.000007
-0.000047
-0.000085
-0.000122
-0.000158
-0.000193
-0.000226
-0.000255
-0.000282
-0.000307
-0.000327
-0.000346
-0.000362
-0.000374
-0.000386
-0.000394
-0.000401
-0.000406
-0.000408
-0.000408
-0.000407
-0.000401
-0.000395
-0.000386
-0.000374
-0.000361
-0.000345
-0.000327
-0.000308
-0.000289
-0.000268
-0.000248
-0.000228
-0.000210
-0.000192
-0.000175
-0.000160
-0.000144
-0.000130
-0.000117
-0.000104
-0.000092
-0.000082
-0.000073
-0.000065
-0.000060
-0.000057
-0.000057
-0.000060
-0.000065
-0.000074
-0.000085
-0.000097
-0.000113
-0.000130
-0.000148
-0.000168
-0.000187
-0.000209
-0.000231
-0.000255
-0.000279
-0.000304
-0.000330
-0.000356
-0.000382
-0.000410
-0.000438
-0.000465
-0.000491
-0.000515
-0.000537
-0.000557
-0.000574
-0.000589
-0.000602
-0.000613
-0.000620
-0.000624
-0.000628
-0.000629
-0.000628
-0.000625
-0.000618
-0.000610
-0.000599
-0.000584
-0.000568
-0.000548
-0.000526
-0.000500
-0.000472
-0.000443
-0.000412
-0.000382
-0.000350
-0.000319
-0.000285
-0.000252
-0.000220
-0.000188
-0.000156
-0.000123
-0.000091
-0.000059
-0.000029
0.000000
0.000029
0.000055
0.000080
0.000101
0.000121
0.000137
0.000151
0.000162
0.000172
0.000179
0.000182
0.000186
0.000187
0.000188
0.000186
0.000183
0.000178
0.000172
0.000164
0.000154
0.000143
0.000131
0.000117
0.000104
0.000089
0.000074
0.000060
0.000046
0.000034
0.000021
0.000010
-0.000001
-0.000010
-0.000019
-0.000028
-0.000035
-0.000043
-0.000050
-0.000057
-0.000063
-0.000070
-0.000074
-0.000077
-0.000078
-0.000078
-0.000078
-0.000074
-0.000070
-0.000066
-0.000061
-0.000058
-0.000053
-0.000051
-0.000049
-0.000047
-0.000046
-0.000045
-0.000044
-0.000043
-0.000041
-0.000042
-0.000042
-0.000042
-0.000042
-0.000044
-0.000046
-0.000050
-0.000055
-0.000060
-0.000067
-0.000076
-0.000086
-0.000098
-0.000110
-0.000123
-0.000136
-0.000149
-0.000162
-0.000174
-0.000187
-0.000200
-0.000214
-0.000228
-0.000243
-0.000258
-0.000274
-0.000289
-0.000304
-0.000318
-0.000332
-0.000345
-0.000355
-0.000364
-0.000372
-0.000378
-0.000383
-0.000386
-0.000388
-0.000389
-0.000388
-0.000387
-0.000384
-0.000379
-0.000373
-0.000364
-0.000354
-0.000342
-0.000328
-0.000312
-0.000294
-0.000275
-0.000256
-0.000235
-0.000214
-0.000193
-0.000172
-0.000150
-0.000129
-0.000107
-0.000085
-0.000064
-0.000041
-0.000019
0.000004
0.000026
0.000048
0.000069
0.000090
0.000109
0.000126
0.000141
0.000154
0.000164
0.000171
0.000177
0.000183
0.000187
0.000190
0.000191
0.000191
0.000189
0.000185
0.000181
0.000172
0.000163
0.000152
0.000139
0.000123
0.000105
0.000086
0.000067
0.000047
0.000026
0.000007
-0.000012
-0.000030
-0.000048
-0.000066
-0.000083
-0.000100
-0.000115
-0.000129
-0.000145
-0.000160
-0.000176
-0.000190
-0.000203
-0.000214
-0.000225
-0.000232
-0.000239
-0.000244
-0.000246
-0.000248
-0.000248
-0.000249
-0.000246
-0.000243
-0.000239
-0.000235
-0.000231
-0.000226
-0.000220
-0.000213
-0.000204
-0.000195
-0.000184
-0.000171
-0.000157
-0.000142
-0.000127
-0.000111
-0.000095
-0.000080
-0.000065
-0.000048
-0.000032
-0.000015
0.000002
0.000020
0.000038
0.000056
0.000076
0.000096
0.000116
0.000135
0.000154
0.000174
0.000192
0.000210
0.000226
0.000242
0.000257
0.000271
0.000286
0.000298
0.000312
0.000324
0.000335
0.000345
0.000354
0.000362
0.000367
0.000371
0.000371
0.000369
0.000365
0.000358
0.000349
0.000339
0.000327
0.000313
0.000297
0.000280
0.000263
0.000244
0.000224
0.000203
0.000181
0.000158
0.000134
0.000110
0.000085
0.000059
0.000034
0.000010
-0.000014
-0.000037
-0.000058
-0.000076
-0.000093
-0.000107
-0.000119
-0.000130
-0.000138
-0.000145
-0.000150
-0.000154
-0.000156
-0.000157
-0.000155
-0.000152
-0.000145
-0.000136
-0.000124
-0.000110
-0.000095
-0.000078
-0.000059
-0.000041
-0.000021
-0.000002
0.000015
0.000033
0.000049
0.000064
0.000078
0.000090
0.000103
0.000114
0.000123
0.000131
0.000137
0.000141
0.000142
0.000140
0.000135
0.000128
0.000118
0.000105
0.000088
0.000069
0.000047
0.000024
0.000000
-0.000025
-0.000051
-0.000077
-0.000104
-0.000132
-0.000159
-0.000186
-0.000215
-0.000244
-0.000272
-0.000298
-0.000324
-0.000348
-0.000370
-0.000391
-0.000407
-0.000420
-0.000430
-0.000436
-0.000439
-0.000438
-0.000435
-0.000429
-0.000420
-0.000409
-0.000396
-0.000380
-0.000363
-0.000343
-0.000321
-0.000297
-0.000271
-0.000244
-0.000214
-0.000184
-0.000153
-0.000122
-0.000093
-0.000064
-0.000036
-0.000011
0.000012
0.000034
0.000054
0.000070
0.000085
0.000099
0.000112
0.000121
0.000129
0.000134
0.000137
0.000137
0.000135
0.000130
0.000122
0.000112
0.000097
0.000081
0.000065
0.000045
0.000025
0.000004
-0.000017
-0.000038
-0.000059
-0.000080
-0.000100
-0.000120
-0.000139
-0.000159
-0.000178
-0.000198
-0.000217
-0.000236
-0.000253
-0.000269
-0.000284
-0.000296
-0.000304
-0.000311
-0.000315
-0.000317
-0.000317
-0.000317
-0.000315
-0.000312
-0.000307
-0.000303
-0.000298
-0.000292
-0.000284
-0.000275
-0.000266
-0.000256
-0.000244
-0.000231
-0.000218
-0.000203
-0.000190
-0.000176
-0.000164
-0.000153
-0.000143
-0.000133
-0.000126
-0.000119
-0.000113
-0.000108
-0.000103
-0.000100
-0.000096
-0.000092
-0.000089
-0.000086
-0.000086
-0.000085
-0.000086
-0.000088
-0.000092
-0.000096
-0.000102
-0.000108
-0.000116
-0.000123
-0.000130
-0.000137
-0.000143
-0.000149
-0.000155
-0.000160
-0.000167
-0.000173
-0.000179
-0.000186
-0.000193
-0.000201
-0.000209
-0.000216
-0.000222
-0.000227
-0.000230
-0.000233
-0.000234
-0.000234
-0.000232
-0.000229
-0.000225
-0.000221
-0.000215
-0.000209
-0.000202
-0.000195
-0.000185
-0.000174
-0.000163
-0.000151
-0.000138
-0.000122
-0.000104
-0.000085
-0.000066
-0.000046
-0.000026
-0.000005
0.000014
0.000033
0.000051
0.000069
0.000087
0.000104
0.000121
0.000138
0.000153
0.000168
0.000183
0.000198
0.000210
0.000221
0.000231
0.000239
0.000243
0.000244
0.000243
0.000239
0.000233
0.000224
0.000216
0.000204
0.000191
0.000176
0.000160
0.000141
0.000121
0.000099
0.000074
0.000048
0.000021
-0.000008
-0.000039
-0.000071
-0.000103
-0.000136
-0.000169
-0.000202
-0.000233
-0.000263
-0.000292
-0.000319
-0.000346
-0.000370
-0.000393
-0.000414
-0.000435
-0.000453
-0.000469
-0.000483
-0.000495
-0.000502
-0.000506
-0.000508
-0.000504
-0.000499
-0.000489
-0.000477
-0.000461
-0.000443
-0.000422
-0.000399
-0.000376
-0.000351
-0.000325
-0.000297
-0.000269
-0.000239
-0.000208
-0.000175
-0.000142
-0.000107
-0.000072
-0.000039
-0.000007
0.000025
0.000055
0.000082
0.000105
0.000127
0.000146
0.000163
0.000177
0.000188
0.000198
0.000206
0.000212
0.000215
0.000216
0.000214
0.000208
0.000201
0.000191
0.000179
0.000163
0.000146
0.000126
0.000105
0.000083
0.000060
0.000038
0.000016
-0.000006
-0.000027
-0.000047
-0.000067
-0.000086
-0.000104
-0.000120
-0.000137
-0.000153
-0.000166
-0.000178
-0.000189
-0.000197
-0.000203
-0.000206
-0.000207
-0.000205
-0.000200
-0.000194
-0.000186
-0.000177
-0.000165
-0.000152
-0.000140
-0.000127
-0.000114
-0.000100
-0.000084
-0.000068
-0.000052
-0.000035
-0.000018
0.000000
0.000018
0.000036
0.000052
0.000067
0.000081
0.000093
0.000104
0.000113
0.000122
0.000127
0.000132
0.000135
0.000138
0.000140
0.000141
0.000142
0.000143
0.000142
0.000140
0.000137
0.000133
0.000129
0.000123
0.000116
0.000108
0.000100
0.000094
0.000086
0.000081
0.000076
0.000072
0.000070
0.000068
0.000065
0.000064
0.000064
0.000064
0.000063
0.000063
0.000064
0.000064
0.000064
0.000065
0.000068
0.000071
0.000075
0.000079
0.000084
0.000090
0.000094
0.000098
0.000100
0.000101
0.000102
0.000100
0.000097
0.000096
0.000092
0.000086
0.000081
0.000076
0.000070
0.000064
0.000057
0.000049
0.000041
0.000033
0.000023
0.000011
0.000000
-0.000012
-0.000024
-0.000036
-0.000048
-0.000060
-0.000070
-0.000080
-0.000087
-0.000095
-0.000102
-0.000108
-0.000114
-0.000120
-0.000125
-0.000131
-0.000135
-0.000140
-0.000145
-0.000148
-0.000151
-0.000153
-0.000155
-0.000154
-0.000154
-0.000152
-0.000151
-0.000148
-0.000146
-0.000143
-0.000142
-0.000142
-0.000140
-0.000140
-0.000139
-0.000138
-0.000136
-0.000134
-0.000133
-0.000130
-0.000126
-0.000121
-0.000118
-0.000114
-0.000109
-0.000105
-0.000102
-0.000098
-0.000096
-0.000092
-0.000090
-0.000087
-0.000084
-0.000079
-0.000075
-0.000070
-0.000064
-0.000060
-0.000055
-0.000050
-0.000045
-0.000040
-0.000038
-0.000036
-0.000035
-0.000036
-0.000036
-0.000037
-0.000039
-0.000042
-0.000046
-0.000049
-0.000054
-0.000061
-0.000067
-0.000076
-0.000086
-0.000098
-0.000112
-0.000128
-0.000145
-0.000162
-0.000182
-0.000202
-0.000223
-0.000244
-0.000265
-0.000286
-0.000306
-0.000327
-0.000347
-0.000368
-0.000389
-0.000409
-0.000428
-0.000448
-0.000465
-0.000482
-0.000497
-0.000510
-0.000520
-0.000527
-0.000532
-0.000534
-0.000534
-0.000530
-0.000523
-0.000513
-0.000502
-0.000488
-0.000473
-0.000453
-0.000432
-0.000408
-0.000383
-0.000354
-0.000323
-0.000290
-0.000255
-0.000217
-0.000178
-0.000138
-0.000097
-0.000055
-0.000013
0.000028
0.000068
0.000106
0.000143
0.000180
0.000214
0.000246
0.000276
0.000306
0.000333
0.000358
0.000380
0.000399
0.000415
0.000427
0.000436
0.000440
0.000440
0.000437
0.000431
0.000421
0.000411
0.000396
0.000381
0.000363
0.000344
0.000321
0.000298
0.000273
0.000248
0.000220
0.000191
0.000161
0.000129
0.000098
0.000068
0.000037
0.000008
-0.000017
-0.000042
-0.000064
-0.000083
-0.000101
-0.000115
-0.000127
-0.000136
-0.000142
-0.000148
-0.000151
-0.000151
-0.000149
-0.000145
-0.000137
-0.000127
-0.000114
-0.000098
-0.000080
-0.000058
-0.000035
-0.000010
0.000016
0.000042
0.000068
0.000094
0.000120
0.000146
0.000172
0.000196
0.000221
0.000245
0.000269
0.000293
0.000317
0.000340
0.000362
0.000382
0.000399
0.000414
0.000428
0.000440
0.000448
0.000455
0.000460
0.000463
0.000466
0.000467
0.000468
0.000467
0.000466
0.000464
0.000461
0.000457
0.000452
0.000446
0.000440
0.000431
0.000422
0.000413
0.000405
0.000396
0.000387
0.000379
0.000372
0.000366
0.000361
0.000357
0.000352
0.000348
0.000343
0.000340
0.000337
0.000334
0.000330
0.000327
0.000323
0.000319
0.000317
0.000316
0.000314
0.000312
0.000311
0.000310
0.000311
0.000309
0.000307
0.000303
0.000299
0.000294
0.000288
0.000280
0.000271
0.000263
0.000255
0.000247
0.000240
0.000231
0.000224
0.000214
0.000206
0.000197
0.000188
0.000178
0.000167
0.000155
0.000144
0.000131
0.000120
0.000109
0.000099
0.000089
0.000080
0.000073
0.000066
0.000060
0.000055
0.000049
0.000045
0.000041
0.000037
0.000034
0.000030
0.000027
0.000023
0.000022
0.000022
0.000023
0.000026
0.000028
0.000031
0.000035
0.000040
0.000045
0.000048
0.000052
0.000053
0.000055
0.000057
0.000059
0.000060
0.000062
0.000063
0.000064
0.000066
0.000068
0.000070
0.000072
0.000073
0.000074
0.000074
0.000073
0.000072
0.000070
0.000069
0.000067
0.000065
0.000063
0.000062
0.000060
0.000060
0.000059
0.000058
0.000058
0.000058
0.000057
0.000055
0.000052
0.000049
0.000046
0.000042
0.000040
0.000036
0.000033
0.000029
0.000026
0.000024
0.000021
0.000017
0.000013
0.000010
0.000004
-0.000002
-0.000009
-0.000017
-0.000026
-0.000034
-0.000042
-0.000050
-0.000056
-0.000061
-0.000067
-0.000071
-0.000073
-0.000076
-0.000077
-0.000077
-0.000077
-0.000076
-0.000075
-0.000074
-0.000071
-0.000066
-0.000061
-0.000053
-0.000044
-0.000033
-0.000019
-0.000004
0.000012
0.000029
0.000049
0.000068
0.000088
0.000108
0.000128
0.000147
0.000167
0.000187
0.000207
0.000227
0.000246
0.000266
0.000285
0.000305
0.000324
0.000341
0.000355
0.000369
0.000381
0.000392
0.000400
0.000406
0.000410
0.000413
0.000415
0.000416
0.000417
0.000416
0.000415
0.000414
0.000413
0.000410
0.000407
0.000403
0.000398
0.000392
0.000386
0.000380
0.000373
0.000368
0.000362
0.000359
0.000354
0.000352
0.000350
0.000349
0.000349
0.000348
0.000347
0.000347
0.000345
0.000343
0.000340
0.000336
0.000331
0.000326
0.000319
0.000313
0.000304
0.000296
0.000286
0.000273
0.000259
0.000243
0.000224
0.000201
0.000177
0.000149
0.000119
0.000086
0.000052
0.000015
-0.000023
-0.000064
-0.000104
-0.000146
-0.000190
-0.000233
-0.000276
-0.000320
-0.000365
-0.000410
-0.000455
-0.000498
-0.000541
-0.000582
-0.000620
-0.000655
-0.000687
-0.000715
-0.000738
-0.000757
-0.000772
-0.000781
-0.000788
-0.000790
-0.000787
-0.000782
-0.000772
-0.000758
-0.000741
-0.000719
-0.000691
-0.000661
-0.000625
-0.000586
-0.000542
-0.000495
-0.000445
-0.000394
-0.000341
-0.000287
-0.000232
-0.000177
-0.000123
-0.000069
-0.000017
0.000033
0.000082
0.000130
0.000176
0.000218
0.000259
0.000296
0.000329
0.000359
0.000384
0.000405
0.000423
0.000435
0.000442
0.000445
0.000445
0.000439
0.000431
0.000419
0.000404
0.000384
0.000363
0.000340
0.000315
0.000287
0.000257
0.000225
0.000193
0.000159
0.000124
0.000089
0.000054
0.000019
-0.000016
-0.000048
-0.000078
-0.000107
-0.000134
-0.000157
-0.000180
-0.000200
-0.000219
-0.000234
-0.000249
-0.000262
-0.000274
-0.000284
-0.000292
-0.000299
-0.000303
-0.000305
-0.000305
-0.000302
-0.000298
-0.000293
-0.000287
-0.000280
-0.000273
-0.000267
-0.000261
-0.000255
-0.000250
-0.000246
-0.000241
-0.000237
-0.000232
-0.000227
-0.000222
-0.000217
-0.000211
-0.000206
-0.000201
-0.000196
-0.000192
-0.000190
-0.000189
-0.000188
-0.000188
-0.000187
-0.000187
-0.000185
-0.000186
-0.000184
-0.000182
-0.000178
-0.000173
-0.000168
-0.000162
-0.000155
-0.000149
-0.000142
-0.000135
-0.000128
-0.000122
-0.000114
-0.000105
-0.000096
-0.000084
-0.000074
-0.000061
-0.000047
-0.000032
-0.000016
0.000000
0.000017
0.000031
0.000045
0.000060
0.000074
0.000087
0.000100
0.000112
0.000124
0.000135
0.000147
0.000158
0.000170
0.000181
0.000191
0.000201
0.000210
0.000217
0.000223
0.000226
0.000229
0.000230
0.000229
0.000228
0.000226
0.000224
0.000222
0.000221
0.000219
0.000216
0.000213
0.000209
0.000205
0.000199
0.000194
0.000188
0.000182
0.000176
0.000169
0.000163
0.000156
0.000150
0.000145
0.000141
0.000137
0.000134
0.000132
0.000129
0.000127
0.000123
0.000120
0.000117
0.000115
0.000112
0.000111
0.000109
0.000109
0.000110
0.000111
0.000112
0.000115
0.000117
0.000120
0.000124
0.000127
0.000128
0.000130
0.000131
0.000133
0.000134
0.000136
0.000139
0.000143
0.000145
0.000150
0.000157
0.000164
0.000170
0.000177
0.000184
0.000189
0.000195
0.000200
0.000206
0.000211
0.000216
0.000222
0.000227
0.000231
0.000237
0.000244
0.000251
0.000257
0.000264
0.000269
0.000274
0.000279
0.000282
0.000284
0.000283
0.000282
0.000279
0.000276
0.000272
0.000268
0.000263
0.000257
0.000251
0.000244
0.000236
0.000225
0.000214
0.000201
0.000186
0.000170
0.000151
0.000133
0.000112
0.000092
0.000070
0.000050
0.000029
0.000009
-0.000012
-0.000033
-0.000053
-0.000074
-0.000094
-0.000114
-0.000134
-0.000153
-0.000172
-0.000191
-0.000207
-0.000221
-0.000233
-0.000244
-0.000252
-0.000258
-0.000262
-0.000262
-0.000261
-0.000260
-0.000256
-0.000250
-0.000243
-0.000235
-0.000224
-0.000212
-0.000197
-0.000182
-0.000162
-0.000143
-0.000121
-0.000099
-0.000076
-0.000053
-0.000028
-0.000004
0.000020
0.000043
0.000066
0.000087
0.000106
0.000126
0.000145
0.000162
0.000180
0.000197
0.000212
0.000225
0.000236
0.000246
0.000254
0.000259
0.000260
0.000258
0.000254
0.000247
0.000237
0.000226
0.000213
0.000198
0.000183
0.000165
0.000147
0.000127
0.000106
0.000083
0.000059
0.000034
0.000007
-0.000020
-0.000048
-0.000075
-0.000103
-0.000130
-0.000155
-0.000178
-0.000201
-0.000222
-0.000239
-0.000255
-0.000269
-0.000281
-0.000291
-0.000300
-0.000307
-0.000313
-0.000316
-0.000317
-0.000315
-0.000313
-0.000306
-0.000298
-0.000286
-0.000271
-0.000253
-0.000233
-0.000211
-0.000188
-0.000163
-0.000138
-0.000112
-0.000087
-0.000060
-0.000034
-0.000007
0.000021
0.000048
0.000074
0.000103
0.000132
0.000160
0.000188
0.000214
0.000240
0.000264
0.000287
0.000308
0.000328
0.000346
0.000364
0.000380
0.000397
0.000412
0.000427
0.000441
0.000455
0.000468
0.000481
0.000493
0.000504
0.000513
0.000521
0.000529
0.000535
0.000540
0.000545
0.000548
0.000551
0.000554
0.000556
0.000558
0.000559
0.000560
0.000558
0.000555
0.000550
0.000543
0.000534
0.000524
0.000512
0.000497
0.000480
0.000462
0.000443
0.000423
0.000402
0.000380
0.000358
0.000333
0.000308
0.000282
0.000254
0.000225
0.000196
0.000165
0.000133
0.000102
0.000071
0.000040
0.000010
-0.000017
-0.000043
-0.000067
-0.000089
-0.000108
-0.000126
-0.000141
-0.000154
-0.000167
-0.000176
-0.000183
-0.000189
-0.000190
-0.000189
-0.000184
-0.000176
-0.000164
-0.000148
-0.000130
-0.000108
-0.000084
-0.000060
-0.000032
-0.000004
0.000025
0.000053
0.000082
0.000110
0.000139
0.000168
0.000197
0.000224
0.000250
0.000276
0.000300
0.000322
0.000342
0.000360
0.000374
0.000386
0.000393
0.000397
0.000398
0.000395
0.000389
0.000381
0.000371
0.000357
0.000343
0.000327
0.000309
0.000289
0.000269
0.000246
0.000221
0.000196
0.000170
0.000143
0.000118
0.000093
0.000068
0.000045
0.000025
0.000007
-0.000008
-0.000021
-0.000030
-0.000036
-0.000040
-0.000043
-0.000042
-0.000039
-0.000033
-0.000025
-0.000014
-0.000000
0.000015
0.000033
0.000054
0.000078
0.000102
0.000129
0.000156
0.000183
0.000209
0.000237
0.000262
0.000287
0.000309
0.000330
0.000348
0.000362
0.000374
0.000385
0.000392
0.000398
0.000402
0.000403
0.000400
0.000394
0.000386
0.000374
0.000358
0.000339
0.000317
0.000292
0.000264
0.000235
0.000205
0.000174
0.000143
0.000111
0.000081
0.000051
0.000021
-0.000007
-0.000035
-0.000062
-0.000087
-0.000110
-0.000132
-0.000151
-0.000168
-0.000180
-0.000191
-0.000196
-0.000198
-0.000195
-0.000190
-0.000183
-0.000170
-0.000156
-0.000138
-0.000117
-0.000095
-0.000071
-0.000045
-0.000018
0.000010
0.000041
0.000073
0.000105
0.000137
0.000169
0.000202
0.000233
0.000263
0.000291
0.000317
0.000340
0.000361
0.000377
0.000390
0.000401
0.000407
0.000410
0.000411
0.000408
0.000402
0.000392
0.000381
0.000366
0.000349
0.000329
0.000306
0.000280
0.000252
0.000220
0.000187
0.000152
0.000116
0.000082
0.000046
0.000010
-0.000024
-0.000057
-0.000091
-0.000121
-0.000151
-0.000179
-0.000207
-0.000233
-0.000258
-0.000280
-0.000300
-0.000318
-0.000332
-0.000343
-0.000349
-0.000352
-0.000350
-0.000346
-0.000337
-0.000326
-0.000311
-0.000295
-0.000276
-0.000254
-0.000231
-0.000207
-0.000181
-0.000155
-0.000127
-0.000098
-0.000068
-0.000038
-0.000006
0.000025
0.000056
0.000087
0.000115
0.000141
0.000165
0.000187
0.000205
0.000221
0.000234
0.000243
0.000251
0.000256
0.000258
0.000257
0.000254
0.000247
0.000237
0.000225
0.000209
0.000190
0.000168
0.000143
0.000114
0.000084
0.000052
0.000019
-0.000016
-0.000051
-0.000086
-0.000120
-0.000155
-0.000189
-0.000223
-0.000256
-0.000288
-0.000320
-0.000351
-0.000380
-0.000406
-0.000431
-0.000454
-0.000473
-0.000489
-0.000502
-0.000512
-0.000517
-0.000518
-0.000515
-0.000509
-0.000500
-0.000487
-0.000473
-0.000456
-0.000436
-0.000414
-0.000390
-0.000363
-0.000334
-0.000301
-0.000267
-0.000229
-0.000190
-0.000149
-0.000107
-0.000064
-0.000022
0.000020
0.000064
0.000105
0.000146
0.000184
0.000221
0.000257
0.000292
0.000325
0.000357
0.000387
0.000414
0.000439
0.000461
0.000480
0.000495
0.000507
0.000514
0.000518
0.000517
0.000512
0.000505
0.000494
0.000480
0.000464
0.000446
0.000427
0.000405
0.000380
0.000355
0.000328
0.000300
0.000270
0.000238
0.000205
0.000171
0.000138
0.000105
0.000073
0.000042
0.000013
-0.000013
-0.000037
-0.000060
-0.000080
-0.000097
-0.000112
-0.000125
-0.000135
-0.000145
-0.000152
-0.000157
-0.000160
-0.000161
-0.000158
-0.000153
-0.000145
-0.000136
-0.000122
-0.000106
-0.000090
-0.000072
-0.000055
-0.000038
-0.000021
-0.000003
0.000012
0.000027
0.000042
0.000055
0.000067
0.000078
0.000088
0.000096
0.000103
0.000107
0.000110
0.000110
0.000107
0.000101
0.000093
0.000083
0.000068
0.000052
0.000035
0.000015
-0.000006
-0.000027
-0.000048
-0.000070
-0.000091
-0.000113
-0.000135
-0.000157
-0.000178
-0.000200
-0.000220
-0.000240
-0.000259
-0.000276
-0.000290
-0.000302
-0.000313
-0.000319
-0.000323
-0.000325
-0.000324
-0.000318
-0.000310
-0.000300
-0.000288
-0.000273
-0.000258
-0.000241
-0.000222
-0.000202
-0.000181
-0.000159
-0.000134
-0.000108
-0.000081
-0.000054
-0.000027
0.000001
0.000027
0.000053
0.000076
0.000095
0.000114
0.000131
0.000145
0.000155
0.000164
0.000171
0.000176
0.000179
0.000180
0.000178
0.000175
0.000168
0.000160
0.000149
0.000135
0.000118
0.000099
0.000078
0.000055
0.000032
0.000006
-0.000020
-0.000045
-0.000071
-0.000097
-0.000121
-0.000145
-0.000168
-0.000189
-0.000209
-0.000229
-0.000249
-0.000268
-0.000285
-0.000300
-0.000312
-0.000323
-0.000331
-0.000337
-0.000340
-0.000341
-0.000339
-0.000334
-0.000328
-0.000319
-0.000309
-0.000298
-0.000286
-0.000273
-0.000258
-0.000243
-0.000228
-0.000211
-0.000193
-0.000172
-0.000152
-0.000130
-0.000107
-0.000083
-0.000059
-0.000036
-0.000014
0.000009
0.000031
0.000052
0.000071
0.000090
0.000109
0.000127
0.000145
0.000163
0.000180
0.000200
0.000218
0.000235
0.000252
0.000268
0.000284
0.000298
0.000313
0.000327
0.000339
0.000352
0.000365
0.000379
0.000393
0.000408
0.000423
0.000438
0.000454
0.000468
0.000482
0.000495
0.000505
0.000515
0.000525
0.000533
0.000539
0.000544
0.000548
0.000551
0.000553
0.000555
0.000556
0.000557
0.000555
0.000553
0.000548
0.000539
0.000530
0.000518
0.000503
0.000487
0.000468
0.000448
0.000426
0.000405
0.000380
0.000357
0.000330
0.000304
0.000275
0.000247
0.000220
0.000190
0.000159
0.000126
0.000093
0.000060
0.000026
-0.000008
-0.000040
-0.000072
-0.000101
-0.000131
-0.000160
-0.000186
-0.000210
-0.000233
-0.000255
-0.000276
-0.000297
-0.000315
-0.000333
-0.000349
-0.000363
-0.000375
-0.000385
-0.000392
-0.000396
-0.000397
-0.000395
-0.000391
-0.000386
-0.000379
-0.000370
-0.000361
-0.000350
-0.000338
-0.000326
-0.000312
-0.000297
-0.000279
-0.000262
-0.000243
-0.000222
-0.000200
-0.000177
-0.000152
-0.000126
-0.000101
-0.000077
-0.000053
-0.000029
-0.000007
0.000016
0.000037
0.000057
0.000075
0.000094
0.000111
0.000129
0.000146
0.000162
0.000176
0.000187
0.000198
0.000206
0.000211
0.000214
0.000216
0.000213
0.000210
0.000205
0.000198
0.000190
0.000183
0.000173
0.000162
0.000150
0.000138
0.000126
0.000112
0.000096
0.000079
0.000060
0.000040
0.000018
-0.000002
-0.000023
-0.000044
-0.000064
-0.000084
-0.000103
-0.000121
-0.000140
-0.000156
-0.000173
-0.000190
-0.000208
-0.000225
-0.000241
-0.000258
-0.000275
-0.000291
-0.000306
-0.000320
-0.000332
-0.000342
-0.000352
-0.000360
-0.000368
-0.000375
-0.000381
-0.000386
-0.000391
-0.000395
-0.000399
-0.000403
-0.000406
-0.000408
-0.000410
-0.000410
-0.000409
-0.000407
-0.000404
-0.000399
-0.000394
-0.000388
-0.000382
-0.000377
-0.000370
-0.000364
-0.000357
-0.000349
-0.000340
-0.000332
-0.000323
-0.000313
-0.000301
-0.000287
-0.000274
-0.000261
-0.000246
-0.000231
-0.000217
-0.000204
-0.000191
-0.000177
-0.000164
-0.000151
-0.000139
-0.000127
-0.000116
-0.000105
-0.000095
-0.000085
-0.000076
-0.000068
-0.000061
-0.000055
-0.000052
-0.000050
-0.000051
-0.000054
-0.000060
-0.000068
-0.000079
-0.000092
-0.000105
-0.000120
-0.000136
-0.000153
-0.000172
-0.000191
-0.000212
-0.000234
-0.000258
-0.000283
-0.000309
-0.000335
-0.000362
-0.000390
-0.000417
-0.000443
-0.000467
-0.000488
-0.000510
-0.000529
-0.000545
-0.000559
-0.000572
-0.000581
-0.000589
-0.000594
-0.000597
-0.000597
-0.000594
-0.000588
-0.000579
-0.000567
-0.000552
-0.000533
-0.000511
-0.000486
-0.000458
-0.000428
-0.000395
-0.000361
-0.000327
-0.000293
-0.000258
-0.000223
-0.000187
-0.000151
-0.000116
-0.000083
-0.000050
-0.000018
0.000013
0.000041
0.000068
0.000092
0.000113
0.000131
0.000145
0.000155
0.000161
0.000162
0.000161
0.000155
0.000147
0.000136
0.000124
0.000109
0.000092
0.000073
0.000053
0.000029
0.000005
-0.000021
-0.000048
-0.000077
-0.000108
-0.000138
-0.000167
-0.000195
-0.000221
-0.000245
-0.000266
-0.000285
-0.000301
-0.000313
-0.000322
-0.000328
-0.000331
-0.000330
-0.000326
-0.000320
-0.000310
-0.000298
-0.000282
-0.000262
-0.000239
-0.000212
-0.000182
-0.000149
-0.000114
-0.000077
-0.000038
0.000002
0.000043
0.000084
0.000125
0.000165
0.000204
0.000241
0.000277
0.000312
0.000346
0.000378
0.000409
0.000437
0.000461
0.000483
0.000502
0.000516
0.000526
0.000531
0.000533
0.000531
0.000527
0.000518
0.000506
0.000493
0.000476
0.000458
0.000438
0.000417
0.000394
0.000371
0.000347
0.000323
0.000297
0.000270
0.000244
0.000217
0.000191
0.000167
0.000143
0.000121
0.000101
0.000084
0.000069
0.000057
0.000047
0.000040
0.000033
0.000029
0.000026
0.000024
0.000023
0.000023
0.000024
0.000027
0.000032
0.000037
0.000043
0.000050
0.000058
0.000066
0.000074
0.000081
0.000087
0.000091
0.000094
0.000094
0.000093
0.000089
0.000083
0.000077
0.000067
0.000055
0.000043
0.000030
0.000017
0.000002
-0.000014
-0.000033
-0.000054
-0.000076
-0.000100
-0.000124
-0.000149
-0.000176
-0.000202
-0.000229
-0.000254
-0.000279
-0.000301
-0.000322
-0.000341
-0.000360
-0.000377
-0.000391
-0.000404
-0.000415
-0.000424
-0.000432
-0.000437
-0.000440
-0.000443
-0.000444
-0.000441
-0.000436
-0.000428
-0.000418
-0.000406
-0.000391
-0.000376
-0.000359
-0.000341
-0.000325
-0.000308
-0.000291
-0.000273
-0.000255
-0.000238
-0.000221
-0.000204
-0.000187
-0.000169
-0.000153
-0.000136
-0.000121
-0.000107
-0.000094
-0.000084
-0.000075
-0.000066
-0.000060
-0.000056
-0.000053
-0.000051
-0.000049
-0.000047
-0.000045
-0.000044
-0.000042
-0.000042
-0.000041
-0.000040
-0.000039
-0.000039
-0.000040
-0.000040
-0.000041
-0.000043
-0.000044
-0.000044
-0.000044
-0.000042
-0.000040
-0.000037
-0.000032
-0.000027
-0.000022
-0.000017
-0.000010
-0.000006
-0.000001
0.000004
0.000008
0.000011
0.000013
0.000014
0.000015
0.000016
0.000017
0.000018
0.000017
0.000017
0.000014
0.000010
0.000004
-0.000003
-0.000012
-0.000022
-0.000034
-0.000049
-0.000064
-0.000080
-0.000098
-0.000115
-0.000132
-0.000151
-0.000167
-0.000184
-0.000201
-0.000217
-0.000234
-0.000251
-0.000268
-0.000284
-0.000300
-0.000316
-0.000329
-0.000340
-0.000348
-0.000354
-0.000359
-0.000360
-0.000359
-0.000355
-0.000349
-0.000340
-0.000330
-0.000318
-0.000304
-0.000289
-0.000272
-0.000253
-0.000233
-0.000210
-0.000185
-0.000158
-0.000130
-0.000101
-0.000071
-0.000040
-0.000009
0.000023
0.000053
0.000082
0.000110
0.000137
0.000162
0.000185
0.000207
0.000229
0.000250
0.000269
0.000288
0.000304
0.000319
0.000332
0.000344
0.000353
0.000359
0.000361
0.000363
0.000362
0.000359
0.000355
0.000350
0.000344
0.000336
0.000329
0.000321
0.000312
0.000302
0.000294
0.000286
0.000276
0.000265
0.000254
0.000241
0.000229
0.000218
0.000208
0.000199
0.000192
0.000185
0.000182
0.000179
0.000177
0.000176
0.000176
0.000176
0.000178
0.000179
0.000182
0.000184
0.000188
0.000192
0.000196
0.000203
0.000210
0.000219
0.000229
0.000241
0.000254
0.000266
0.000280
0.000293
0.000306
0.000318
0.000330
0.000342
0.000354
0.000366
0.000379
0.000390
0.000402
0.000413
0.000426
0.000439
0.000450
0.000462
0.000473
0.000484
0.000493
0.000501
0.000507
0.000512
0.000516
0.000519
0.000521
0.000522
0.000522
0.000521
0.000518
0.000515
0.000511
0.000506
0.000499
0.000492
0.000482
0.000468
0.000455
0.000438
0.000420
0.000401
0.000380
0.000358
0.000335
0.000311
0.000286
0.000259
0.000231
0.000203
0.000173
0.000142
0.000109
0.000075
0.000041
0.000004
-0.000032
-0.000068
-0.000104
-0.000139
-0.000173
-0.000206
-0.000238
-0.000270
-0.000301
-0.000329
-0.000356
-0.000382
-0.000407
-0.000431
-0.000454
-0.000474
-0.000492
-0.000508
-0.000521
-0.000532
-0.000538
-0.000542
-0.000545
-0.000544
-0.000541
-0.000535
-0.000529
-0.000519
-0.000509
-0.000498
-0.000486
-0.000472
-0.000457
-0.000439
-0.000421
-0.000401
-0.000379
-0.000356
-0.000332
-0.000307
-0.000283
-0.000259
-0.000235
-0.000211
-0.000188
-0.000166
-0.000145
-0.000125
-0.000105
-0.000087
-0.000068
-0.000051
-0.000033
-0.000016
-0.000001
0.000014
0.000028
0.000039
0.000050
0.000059
0.000066
0.000072
0.000076
0.000079
0.000081
0.000084
0.000088
0.000090
0.000092
0.000095
0.000097
0.000099
0.000100
0.000100
0.000100
0.000099
0.000097
0.000096
0.000093
0.000090
0.000086
0.000083
0.000081
0.000080
0.000077
0.000075
0.000072
0.000069
0.000067
0.000063
0.000059
0.000056
0.000051
0.000046
0.000042
0.000037
0.000032
0.000028
0.000025
0.000022
0.000020
0.000020
0.000019
0.000019
0.000020
0.000020
0.000020
0.000020
0.000022
0.000022
0.000024
0.000027
0.000030
0.000034
0.000040
0.000046
0.000053
0.000060
0.000069
0.000077
0.000086
0.000094
0.000101
0.000110
0.000116
0.000123
0.000130
0.000137
0.000145
0.000151
0.000158
0.000164
0.000171
0.000177
0.000183
0.000188
0.000192
0.000195
0.000196
0.000195
0.000194
0.000192
0.000189
0.000185
0.000181
0.000177
0.000174
0.000170
0.000166
0.000162
0.000157
0.000151
0.000144
0.000137
0.000128
0.000120
0.000111
0.000103
0.000094
0.000087
0.000080
0.000073
0.000068
0.000065
0.000062
0.000059
0.000056
0.000053
0.000050
0.000047
0.000044
0.000039
0.000035
0.000030
0.000026
0.000022
0.000017
0.000013
0.000010
0.000007
0.000003
-0.000000
-0.000005
-0.000012
-0.000019
-0.000028
-0.000037
-0.000048
-0.000060
-0.000073
-0.000086
-0.000100
-0.000113
-0.000128
-0.000142
-0.000154
-0.000168
-0.000182
-0.000197
-0.000212
-0.000229
-0.000246
-0.000263
-0.000280
-0.000297
-0.000313
-0.000328
-0.000341
-0.000354
-0.000364
-0.000373
-0.000380
-0.000385
-0.000388
-0.000390
-0.000391
-0.000391
-0.000390
-0.000386
-0.000382
-0.000376
-0.000367
-0.000356
-0.000342
-0.000327
-0.000310
-0.000290
-0.000270
-0.000248
-0.000225
-0.000201
-0.000177
-0.000153
-0.000129
-0.000105
-0.000083
-0.000061
-0.000039
-0.000018
0.000004
0.000023
0.000042
0.000059
0.000075
0.000088
0.000098
0.000106
0.000111
0.000114
0.000113
0.000110
0.000103
0.000095
0.000084
0.000072
0.000058
0.000044
0.000027
0.000010
-0.000007
-0.000025
-0.000045
-0.000065
-0.000087
-0.000110
-0.000133
-0.000156
-0.000179
-0.000200
-0.000219
-0.000238
-0.000253
-0.000266
-0.000277
-0.000283
-0.000288
-0.000290
-0.000290
-0.000288
-0.000284
-0.000279
-0.000272
-0.000262
-0.000251
-0.000237
-0.000221
-0.000204
-0.000185
-0.000164
-0.000141
-0.000117
-0.000092
-0.000066
-0.000040
-0.000016
0.000006
0.000028
0.000048
0.000067
0.000085
0.000100
0.000114
0.000126
0.000137
0.000147
0.000155
0.000160
0.000164
0.000166
0.000165
0.000160
0.000152
0.000142
0.000129
0.000113
0.000097
0.000079
0.000058
0.000039
0.000020
-0.000001
-0.000021
-0.000041
-0.000060
-0.000078
-0.000098
-0.000118
-0.000137
-0.000156
-0.000175
-0.000191
-0.000206
-0.000221
-0.000232
-0.000242
-0.000248
-0.000252
-0.000253
-0.000253
-0.000251
-0.000247
-0.000243
-0.000236
-0.000230
-0.000222
-0.000214
-0.000204
-0.000193
-0.000183
-0.000171
-0.000158
-0.000143
-0.000127
-0.000110
-0.000093
-0.000076
-0.000059
-0.000042
-0.000025
-0.000010
0.000003
0.000016
0.000029
0.000041
0.000054
0.000067
0.000080
0.000092
0.000105
0.000119
0.000133
0.000148
0.000163
0.000178
0.000192
0.000206
0.000219
0.000234
0.000248
0.000262
0.000278
0.000295
0.000313
0.000331
0.000350
0.000370
0.000390
0.000411
0.000430
0.000448
0.000466
0.000484
0.000499
0.000513
0.000526
0.000539
0.000550
0.000561
0.000570
0.000579
0.000587
0.000592
0.000595
0.000596
0.000594
0.000589
0.000581
0.000570
0.000558
0.000542
0.000524
0.000504
0.000483
0.000460
0.000437
0.000413
0.000387
0.000361
0.000334
0.000306
0.000276
0.000246
0.000217
0.000186
0.000156
0.000127
0.000099
0.000072
0.000047
0.000023
0.000003
-0.000016
-0.000031
-0.000045
-0.000057
-0.000068
-0.000076
-0.000082
-0.000087
-0.000090
-0.000090
-0.000088
-0.000086
-0.000080
-0.000072
-0.000063
-0.000051
-0.000039
-0.000025
-0.000010
0.000005
0.000021
0.000036
0.000051
0.000064
0.000078
0.000091
0.000103
0.000114
0.000125
0.000135
0.000146
0.000156
0.000164
0.000171
0.000176
0.000181
0.000184
0.000185
0.000186
0.000184
0.000181
0.000178
0.000175
0.000171
0.000168
0.000165
0.000163
0.000162
0.000161
0.000161
0.000161
0.000160
0.000161
0.000162
0.000164
0.000165
0.000168
0.000169
0.000173
0.000179
0.000186
0.000194
0.000203
0.000214
0.000225
0.000235
0.000246
0.000257
0.000268
0.000278
0.000288
0.000297
0.000305
0.000314
0.000321
0.000327
0.000333
0.000337
0.000342
0.000346
0.000349
0.000351
0.000349
0.000347
0.000344
0.000338
0.000332
0.000324
0.000314
0.000304
0.000293
0.000281
0.000270
0.000258
0.000246
0.000232
0.000219
0.000206
0.000191
0.000177
0.000162
0.000146
0.000131
0.000115
0.000100
0.000086
0.000072
0.000060
0.000049
0.000039
0.000031
0.000024
0.000019
0.000014
0.000010
0.000008
0.000005
0.000004
0.000001
-0.000000
-0.000000
-0.000000
0.000001
0.000004
0.000006
0.000009
0.000012
0.000016
0.000019
0.000021
0.000022
0.000020
0.000018
0.000014
0.000009
0.000003
-0.000004
-0.000013
-0.000022
-0.000033
-0.000043
-0.000055
-0.000067
-0.000080
-0.000094
-0.000110
-0.000128
-0.000146
-0.000166
-0.000187
-0.000208
-0.000230
-0.000250
-0.000269
-0.000287
-0.000304
-0.000318
-0.000330
-0.000341
-0.000350
-0.000357
-0.000362
-0.000364
-0.000366
-0.000366
-0.000364
-0.000358
-0.000351
-0.000340
-0.000328
-0.000312
-0.000293
-0.000271
-0.000246
-0.000220
-0.000191
-0.000161
-0.000130
-0.000098
-0.000066
-0.000032
0.000001
0.000034
0.000067
0.000099
0.000130
0.000162
0.000194
0.000224
0.000251
0.000278
0.000302
0.000322
0.000339
0.000352
0.000362
0.000369
0.000372
0.000371
0.000368
0.000362
0.000354
0.000345
0.000334
0.000320
0.000306
0.000288
0.000269
0.000248
0.000225
0.000200
0.000174
0.000148
0.000122
0.000094
0.000069
0.000044
0.000020
-0.000001
-0.000019
-0.000035
-0.000049
-0.000061
-0.000071
-0.000079
-0.000086
-0.000090
-0.000093
-0.000095
-0.000093
-0.000089
-0.000082
-0.000072
-0.000059
-0.000044
-0.000027
-0.000007
0.000014
0.000038
0.000060
0.000083
0.000104
0.000125
0.000144
0.000163
0.000181
0.000196
0.000211
0.000224
0.000235
0.000245
0.000252
0.000258
0.000260
0.000259
0.000256
0.000249
0.000238
0.000224
0.000208
0.000190
0.000168
0.000144
0.000118
0.000091
0.000064
0.000036
0.000007
-0.000023
-0.000053
-0.000082
-0.000111
-0.000139
-0.000166
-0.000193
-0.000218
-0.000242
-0.000264
-0.000283
-0.000298
-0.000311
-0.000320
-0.000325
-0.000326
-0.000322
-0.000316
-0.000306
-0.000293
-0.000277
-0.000260
-0.000238
-0.000214
-0.000188
-0.000159
-0.000129
-0.000097
-0.000062
-0.000025
0.000013
0.000053
0.000093
0.000134
0.000174
0.000213
0.000250
0.000287
0.000320
0.000351
0.000381
0.000408
0.000433
0.000455
0.000475
0.000493
0.000507
0.000520
0.000529
0.000537
0.000539
0.000539
0.000535
0.000528
0.000518
0.000504
0.000488
0.000470
0.000449
0.000427
0.000404
0.000381
0.000357
0.000332
0.000306
0.000280
0.000253
0.000226
0.000197
0.000169
0.000141
0.000113
0.000085
0.000059
0.000034
0.000010
-0.000011
-0.000031
-0.000050
-0.000067
-0.000083
-0.000097
-0.000111
-0.000125
-0.000137
-0.000147
-0.000157
-0.000168
-0.000175
-0.000184
-0.000189
-0.000192
-0.000196
-0.000198
-0.000199
-0.000200
-0.000200
-0.000200
-0.000200
-0.000200
-0.000199
-0.000200
-0.000201
-0.000202
-0.000204
-0.000205
-0.000207
-0.000208
-0.000208
-0.000207
-0.000205
-0.000205
-0.000204
-0.000204
-0.000205
-0.000205
-0.000207
-0.000208
-0.000210
-0.000212
-0.000215
-0.000217
-0.000219
-0.000220
-0.000220
-0.000221
-0.000219
-0.000218
-0.000217
-0.000216
-0.000215
-0.000214
-0.000214
-0.000215
-0.000215
-0.000215
-0.000215
-0.000214
-0.000212
-0.000210
-0.000207
-0.000203
-0.000200
-0.000196
-0.000192
-0.000190
-0.000187
-0.000186
-0.000186
-0.000185
-0.000186
-0.000186
-0.000185
-0.000184
-0.000181
-0.000178
-0.000174
-0.000170
-0.000165
-0.000160
-0.000155
-0.000149
-0.000144
-0.000138
-0.000132
-0.000126
-0.000120
-0.000114
-0.000106
-0.000098
-0.000089
-0.000079
-0.000068
-0.000057
-0.000045
-0.000033
-0.000021
-0.000010
0.000002
0.000012
0.000022
0.000030
0.000039
0.000047
0.000055
0.000063
0.000070
0.000075
0.000080
0.000085
0.000089
0.000092
0.000092
0.000092
0.000089
0.000085
0.000080
0.000072
0.000064
0.000054
0.000044
0.000033
0.000023
0.000013
0.000003
-0.000008
-0.000019
-0.000031
-0.000042
-0.000053
-0.000066
-0.000079
-0.000093
-0.000106
-0.000119
-0.000132
-0.000145
-0.000156
-0.000165
-0.000174
-0.000180
-0.000187
-0.000194
-0.000201
-0.000206
-0.000212
-0.000219
-0.000226
-0.000234
-0.000242
-0.000249
-0.000256
-0.000263
-0.000271
-0.000279
-0.000287
-0.000296
-0.000304
-0.000315
-0.000326
-0.000339
-0.000353
-0.000369
-0.000386
-0.000405
-0.000425
-0.000445
-0.000465
-0.000486
-0.000506
-0.000525
-0.000543
-0.000562
-0.000578
-0.000594
-0.000609
-0.000624
-0.000637
-0.000649
-0.000658
-0.000666
-0.000670
-0.000671
-0.000670
-0.000666
-0.000658
-0.000646
-0.000631
-0.000611
-0.000590
-0.000564
-0.000536
-0.000505
-0.000473
-0.000438
-0.000402
-0.000363
-0.000324
-0.000283
-0.000241
-0.000198
-0.000154
-0.000109
-0.000064
-0.000019
0.000025
0.000066
0.000104
0.000141
0.000174
0.000205
0.000233
0.000257
0.000279
0.000296
0.000312
0.000325
0.000334
0.000341
0.000345
0.000346
0.000346
0.000342
0.000335
0.000326
0.000314
0.000299
0.000282
0.000265
0.000248
0.000231
0.000214
0.000200
0.000186
0.000176
0.000166
0.000160
0.000153
0.000150
0.000149
0.000150
0.000153
0.000158
0.000167
0.000178
0.000192
0.000209
0.000230
0.000254
0.000282
0.000311
0.000342
0.000374
0.000407
0.000440
0.000473
0.000505
0.000536
0.000565
0.000593
0.000620
0.000643
0.000665
0.000684
0.000701
0.000715
0.000725
0.000733
0.000735
0.000734
0.000727
0.000714
0.000697
0.000675
0.000648
0.000617
0.000582
0.000544
0.000503
0.000459
0.000413
0.000365
0.000313
0.000261
0.000208
0.000153
0.000098
0.000042
-0.000013
-0.000068
-0.000122
-0.000174
-0.000225
-0.000271
-0.000315
-0.000354
-0.000389
-0.000422
-0.000450
-0.000472
-0.000490
-0.000504
-0.000515
-0.000521
-0.000523
-0.000522
-0.000517
-0.000508
-0.000495
-0.000479
-0.000459
-0.000435
-0.000407
-0.000376
-0.000344
-0.000310
-0.000274
-0.000238
-0.000202
-0.000166
-0.000131
-0.000098
-0.000065
-0.000033
-0.000002
0.000029
0.000056
0.000082
0.000106
0.000128
0.000147
0.000161
0.000174
0.000183
0.000189
0.000191
0.000189
0.000185
0.000177
0.000165
0.000151
0.000134
0.000116
0.000096
0.000074
0.000050
0.000024
-0.000004
-0.000033
-0.000063
-0.000095
-0.000127
-0.000162
-0.000197
-0.000232
-0.000266
-0.000300
-0.000332
-0.000364
-0.000393
-0.000422
-0.000448
-0.000473
-0.000496
-0.000518
-0.000538
-0.000558
-0.000575
-0.000590
-0.000601
-0.000611
-0.000618
-0.000623
-0.000625
-0.000624
-0.000620
-0.000614
-0.000606
-0.000595
-0.000583
-0.000569
-0.000553
-0.000536
-0.000519
-0.000501
-0.000481
-0.000461
-0.000439
-0.000416
-0.000392
-0.000367
-0.000340
-0.000313
-0.000286
-0.000258
-0.000230
-0.000203
-0.000176
-0.000150
-0.000125
-0.000100
-0.000077
-0.000051
-0.000027
-0.000002
0.000022
0.000047
0.000071
0.000096
0.000121
0.000145
0.000167
0.000188
0.000208
0.000227
0.000244
0.000259
0.000273
0.000287
0.000300
0.000312
0.000323
0.000333
0.000342
0.000349
0.000355
0.000359
0.000360
0.000359
0.000355
0.000349
0.000339
0.000329
0.000316
0.000301
0.000284
0.000267
0.000248
0.000229
0.000208
0.000186
0.000161
0.000135
0.000108
0.000080
0.000050
0.000019
-0.000013
-0.000044
-0.000076
-0.000107
-0.000138
-0.000167
-0.000194
-0.000219
-0.000241
-0.000263
-0.000283
-0.000301
-0.000317
-0.000332
-0.000345
-0.000355
-0.000363
-0.000369
-0.000372
-0.000371
-0.000369
-0.000362
-0.000353
-0.000341
-0.000326
-0.000310
-0.000290
-0.000270
-0.000248
-0.000225
-0.000201
-0.000177
-0.000152
-0.000126
-0.000100
-0.000073
-0.000046
-0.000018
0.000010
0.000038
0.000064
0.000089
0.000114
0.000137
0.000158
0.000178
0.000195
0.000210
0.000224
0.000235
0.000246
0.000254
0.000265
0.000273
0.000281
0.000287
0.000293
0.000298
0.000301
0.000303
0.000306
0.000306
0.000306
0.000306
0.000307
0.000307
0.000307
0.000308
0.000310
0.000313
0.000315
0.000318
0.000321
0.000324
0.000326
0.000327
0.000328
0.000328
0.000326
0.000324
0.000321
0.000319
0.000315
0.000311
0.000308
0.000304
0.000298
0.000293
0.000285
0.000276
0.000265
0.000252
0.000239
0.000223
0.000206
0.000187
0.000169
0.000148
0.000128
0.000109
0.000089
0.000069
0.000050
0.000031
0.000011
-0.000008
-0.000027
-0.000046
-0.000064
-0.000083
-0.000100
-0.000117
-0.000133
-0.000147
-0.000158
-0.000169
-0.000176
-0.000182
-0.000185
-0.000188
-0.000188
-0.000188
-0.000187
-0.000185
-0.000182
-0.000178
-0.000173
-0.000168
-0.000162
-0.000156
-0.000149
-0.000139
-0.000130
-0.000120
-0.000109
-0.000098
-0.000087
-0.000076
-0.000067
-0.000057
-0.000049
-0.000041
-0.000035
-0.000028
-0.000022
-0.000016
-0.000010
-0.000005
0.000002
0.000008
0.000015
0.000022
0.000028
0.000035
0.000040
0.000044
0.000047
0.000051
0.000056
0.000060
0.000066
0.000071
0.000077
0.000085
0.000094
0.000103
0.000112
0.000119
0.000127
0.000134
0.000139
0.000144
0.000148
0.000150
0.000150
0.000151
0.000149
0.000145
0.000141
0.000134
0.000127
0.000118
0.000107
0.000094
0.000078
0.000062
0.000042
0.000020
-0.000004
-0.000030
-0.000058
-0.000087
-0.000116
-0.000145
-0.000174
-0.000202
-0.000230
-0.000257
-0.000284
-0.000309
-0.000332
-0.000355
-0.000376
-0.000396
-0.000415
-0.000430
-0.000440
-0.000448
-0.000452
-0.000452
-0.000446
-0.000437
-0.000423
-0.000406
-0.000384
-0.000358
-0.000331
-0.000300
-0.000266
-0.000229
-0.000189
-0.000148
-0.000104
-0.000059
-0.000014
0.000036
0.000086
0.000137
0.000188
0.000238
0.000286
0.000333
0.000377
0.000419
0.000458
0.000492
0.000523
0.000549
0.000572
0.000591
0.000607
0.000619
0.000627
0.000633
0.000635
0.000634
0.000630
0.000620
0.000607
0.000590
0.000569
0.000545
0.000519
0.000491
0.000460
0.000430
0.000397
0.000365
0.000333
0.000301
0.000269
0.000238
0.000209
0.000179
0.000150
0.000123
0.000097
0.000073
0.000052
0.000032
0.000016
0.000002
-0.000008
-0.000016
-0.000020
-0.000021
-0.000020
-0.000016
-0.000009
0.000000
0.000010
0.000021
0.000034
0.000047
0.000062
0.000077
0.000094
0.000111
0.000129
0.000148
0.000167
0.000186
0.000203
0.000220
0.000235
0.000249
0.000260
0.000269
0.000276
0.000282
0.000284
0.000285
0.000284
0.000281
0.000278
0.000272
0.000264
0.000255
0.000244
0.000231
0.000216
0.000199
0.000180
0.000158
0.000136
0.000112
0.000086
0.000061
0.000037
0.000011
-0.000014
-0.000037
-0.000060
-0.000081
-0.000102
-0.000120
-0.000138
-0.000153
-0.000169
-0.000183
-0.000196
-0.000205
-0.000213
-0.000219
-0.000223
-0.000224
-0.000221
-0.000215
-0.000206
-0.000196
-0.000183
-0.000168
-0.000150
-0.000131
-0.000111
-0.000090
-0.000068
-0.000044
-0.000020
0.000004
0.000031
0.000057
0.000086
0.000114
0.000142
0.000170
0.000197
0.000223
0.000248
0.000270
0.000290
0.000307
0.000324
0.000338
0.000348
0.000356
0.000362
0.000365
0.000366
0.000365
0.000361
0.000357
0.000349
0.000339
0.000327
0.000313
0.000296
0.000278
0.000258
0.000237
0.000216
0.000194
0.000172
0.000150
0.000130
0.000108
0.000089
0.000070
0.000051
0.000034
0.000017
0.000002
-0.000011
-0.000025
-0.000037
-0.000046
-0.000055
-0.000061
-0.000064
-0.000067
-0.000066
-0.000063
-0.000060
-0.000057
-0.000051
-0.000045
-0.000039
-0.000033
-0.000027
-0.000021
-0.000016
-0.000011
-0.000006
-0.000001
0.000004
0.000008
0.000012
0.000015
0.000017
0.000016
0.000013
0.000010
0.000003
-0.000005
-0.000015
-0.000027
-0.000041
-0.000056
-0.000072
-0.000089
-0.000105
-0.000120
-0.000136
-0.000152
-0.000167
-0.000181
-0.000196
-0.000210
-0.000223
-0.000235
-0.000246
-0.000256
-0.000265
-0.000272
-0.000276
-0.000278
-0.000276
-0.000274
-0.000267
-0.000257
-0.000245
-0.000232
-0.000215
-0.000197
-0.000179
-0.000160
-0.000139
-0.000117
-0.000094
-0.000071
-0.000048
-0.000023
0.000002
0.000027
0.000051
0.000074
0.000096
0.000117
0.000135
0.000152
0.000166
0.000178
0.000188
0.000196
0.000201
0.000204
0.000204
0.000202
0.000199
0.000194
0.000186
0.000176
0.000165
0.000152
0.000137
0.000119
0.000100
0.000079
0.000055
0.000031
0.000007
-0.000018
-0.000042
-0.000065
-0.000089
-0.000112
-0.000135
-0.000156
-0.000178
-0.000200
-0.000219
-0.000240
-0.000259
-0.000277
-0.000294
-0.000309
-0.000323
-0.000337
-0.000347
-0.000354
-0.000360
-0.000363
-0.000365
-0.000365
-0.000365
-0.000362
-0.000359
-0.000355
-0.000350
-0.000344
-0.000337
-0.000330
-0.000320
-0.000308
-0.000296
-0.000280
-0.000264
-0.000246
-0.000228
-0.000209
-0.000189
-0.000168
-0.000148
-0.000127
-0.000107
-0.000088
-0.000067
-0.000047
-0.000025
-0.000005
0.000017
0.000039
0.000061
0.000083
0.000105
0.000125
0.000144
0.000163
0.000180
0.000196
0.000210
0.000222
0.000233
0.000242
0.000251
0.000258
0.000264
0.000270
0.000274
0.000277
0.000278
0.000278
0.000276
0.000272
0.000267
0.000259
0.000250
0.000239
0.000227
0.000212
0.000198
0.000183
0.000166
0.000150
0.000133
0.000117
0.000099
0.000081
0.000063
0.000043
0.000022
0.000000
-0.000023
-0.000044
-0.000066
-0.000088
-0.000109
-0.000129
-0.000149
-0.000166
-0.000184
-0.000200
-0.000216
-0.000232
-0.000247
-0.000262
-0.000276
-0.000288
-0.000300
-0.000312
-0.000321
-0.000329
-0.000335
-0.000338
-0.000338
-0.000337
-0.000333
-0.000327
-0.000320
-0.000312
-0.000303
-0.000292
-0.000281
-0.000268
-0.000253
-0.000238
-0.000222
-0.000204
-0.000184
-0.000162
-0.000138
-0.000112
-0.000086
-0.000059
-0.000031
-0.000004
0.000023
0.000051
0.000075
0.000100
0.000123
0.000146
0.000168
0.000188
0.000209
0.000229
0.000249
0.000265
0.000283
0.000298
0.000311
0.000322
0.000332
0.000339
0.000343
0.000345
0.000345
0.000343
0.000338
0.000334
0.000330
0.000325
0.000320
0.000314
0.000307
0.000300
0.000293
0.000285
0.000278
0.000269
0.000259
0.000250
0.000243
0.000235
0.000227
0.000223
0.000220
0.000218
0.000219
0.000222
0.000226
0.000233
0.000241
0.000248
0.000257
0.000266
0.000277
0.000288
0.000299
0.000311
0.000325
0.000338
0.000351
0.000365
0.000379
0.000392
0.000405
0.000416
0.000425
0.000431
0.000435
0.000437
0.000436
0.000432
0.000426
0.000418
0.000407
0.000394
0.000379
0.000361
0.000341
0.000319
0.000294
0.000267
0.000237
0.000204
0.000168
0.000131
0.000093
0.000052
0.000011
-0.000030
-0.000070
-0.000109
-0.000148
-0.000186
-0.000222
-0.000258
-0.000291
-0.000323
-0.000353
-0.000380
-0.000406
-0.000430
-0.000451
-0.000469
-0.000484
-0.000496
-0.000503
-0.000507
-0.000507
-0.000504
-0.000498
-0.000487
-0.000475
-0.000460
-0.000444
-0.000427
-0.000409
-0.000389
-0.000369
-0.000349
-0.000327
-0.000303
-0.000279
-0.000254
-0.000228
-0.000202
-0.000176
-0.000151
-0.000126
-0.000103
-0.000081
-0.000062
-0.000045
-0.000029
-0.000014
-0.000001
0.000012
0.000023
0.000034
0.000045
0.000054
0.000062
0.000071
0.000080
0.000088
0.000093
0.000098
0.000102
0.000106
0.000107
0.000106
0.000105
0.000104
0.000103
0.000102
0.000101
0.000100
0.000099
0.000097
0.000095
0.000092
0.000088
0.000082
0.000074
0.000067
0.000059
0.000050
0.000041
0.000033
0.000025
0.000016
0.000006
-0.000004
-0.000012
-0.000021
-0.000030
-0.000039
-0.000048
-0.000057
-0.000066
-0.000075
-0.000084
-0.000091
-0.000099
-0.000104
-0.000108
-0.000109
-0.000110
-0.000109
-0.000106
-0.000103
-0.000098
-0.000092
-0.000086
-0.000081
-0.000074
-0.000066
-0.000058
-0.000048
-0.000039
-0.000028
-0.000017
-0.000004
0.000008
0.000021
0.000033
0.000044
0.000055
0.000065
0.000072
0.000076
0.000078
0.000078
0.000075
0.000070
0.000062
0.000054
0.000043
0.000031
0.000018
0.000003
-0.000015
-0.000035
-0.000058
-0.000083
-0.000112
-0.000143
-0.000176
-0.000211
-0.000248
-0.000286
-0.000324
-0.000362
-0.000400
-0.000437
-0.000474
-0.000510
-0.000546
-0.000580
-0.000614
-0.000647
-0.000677
-0.000708
-0.000738
-0.000765
-0.000790
-0.000812
-0.000833
-0.000850
-0.000865
-0.000876
-0.000883
-0.000889
-0.000892
-0.000893
-0.000892
-0.000889
-0.000886
-0.000881
-0.000875
-0.000868
-0.000857
-0.000847
-0.000835
-0.000821
-0.000805
-0.000789
-0.000770
-0.000752
-0.000733
-0.000715
-0.000696
-0.000677
-0.000659
-0.000641
-0.000623
-0.000606
-0.000589
-0.000571
-0.000555
-0.000537
-0.000520
-0.000503
-0.000487
-0.000471
-0.000455
-0.000440
-0.000427
-0.000413
-0.000401
-0.000391
-0.000379
-0.000370
-0.000359
-0.000349
-0.000338
-0.000328
-0.000318
-0.000307
-0.000297
-0.000287
-0.000278
-0.000269
-0.000260
-0.000253
-0.000248
-0.000245
-0.000241
-0.000238
-0.000236
-0.000234
-0.000230
-0.000226
-0.000224
-0.000221
-0.000218
-0.000216
-0.000216
-0.000216
-0.000217
-0.000219
-0.000223
-0.000228
-0.000233
-0.000238
-0.000243
-0.000247
-0.000251
-0.000254
-0.000258
-0.000260
-0.000263
-0.000265
-0.000267
-0.000268
-0.000270
-0.000272
-0.000274
-0.000276
-0.000276
-0.000276
-0.000275
-0.000273
-0.000269
-0.000262
-0.000255
-0.000247
-0.000237
-0.000227
-0.000216
-0.000205
-0.000194
-0.000183
-0.000172
-0.000161
-0.000150
-0.000137
-0.000125
-0.000112
-0.000100
-0.000087
-0.000075
-0.000063
-0.000052
-0.000040
-0.000030
-0.000021
-0.000014
-0.000008
-0.000003
0.000001
0.000002
0.000004
0.000004
0.000004
0.000003
0.000001
-0.000003
-0.000006
-0.000011
-0.000017
-0.000026
-0.000036
-0.000048
-0.000060
-0.000072
-0.000085
-0.000099
-0.000112
-0.000125
-0.000138
-0.000150
-0.000163
-0.000174
-0.000185
-0.000195
-0.000205
-0.000215
-0.000224
-0.000234
-0.000244
-0.000253
-0.000261
-0.000268
-0.000272
-0.000276
-0.000279
-0.000280
-0.000280
-0.000279
-0.000278
-0.000275
-0.000273
-0.000270
-0.000268
-0.000264
-0.000261
-0.000257
-0.000253
-0.000248
-0.000242
-0.000235
-0.000228
-0.000220
-0.000212
-0.000203
-0.000195
-0.000185
-0.000178
-0.000172
-0.000166
-0.000160
-0.000156
-0.000151
-0.000147
-0.000141
-0.000138
-0.000133
-0.000128
-0.000123
-0.000117
-0.000111
-0.000105
-0.000100
-0.000097
-0.000093
-0.000089
-0.000087
-0.000085
-0.000083
-0.000082
-0.000078
-0.000073
-0.000068
-0.000062
-0.000055
-0.000048
-0.000041
-0.000033
-0.000025
-0.000016
-0.000008
0.000001
0.000010
0.000019
0.000026
0.000033
0.000041
0.000050
0.000059
0.000068
0.000075
0.000084
0.000092
0.000100
0.000107
0.000112
0.000116
0.000119
0.000120
0.000121
0.000120
0.000120
0.000118
0.000116
0.000114
0.000111
0.000108
0.000104
0.000101
0.000098
0.000094
0.000088
0.000082
0.000075
0.000069
0.000062
0.000056
0.000051
0.000045
0.000041
0.000040
0.000039
0.000038
0.000038
0.000040
0.000041
0.000044
0.000044
0.000045
0.000046
0.000047
0.000048
0.000049
0.000051
0.000055
0.000057
0.000061
0.000064
0.000067
0.000068
0.000068
0.000068
0.000066
0.000062
0.000056
0.000048
0.000038
0.000026
0.000014
0.000001
-0.000014
-0.000029
-0.000046
-0.000063
-0.000081
-0.000101
-0.000121
-0.000142
-0.000163
-0.000187
-0.000211
-0.000236
-0.000259
-0.000284
-0.000306
-0.000328
-0.000348
-0.000364
-0.000379
-0.000391
-0.000401
-0.000409
-0.000414
-0.000417
-0.000418
-0.000417
-0.000414
-0.000407
-0.000397
-0.000385
-0.000369
-0.000350
-0.000327
-0.000301
-0.000273
-0.000241
-0.000208
-0.000174
-0.000138
-0.000102
-0.000067
-0.000030
0.000005
0.000042
0.000076
0.000109
0.000141
0.000172
0.000202
0.000231
0.000258
0.000284
0.000305
0.000325
0.000342
0.000354
0.000362
0.000368
0.000369
0.000368
0.000364
0.000357
0.000348
0.000338
0.000327
0.000316
0.000303
0.000289
0.000275
0.000260
0.000243
0.000227
0.000209
0.000193
0.000175
0.000160
0.000146
0.000135
0.000125
0.000119
0.000113
0.000110
0.000107
0.000109
0.000111
0.000114
0.000118
0.000123
0.000128
0.000133
0.000139
0.000145
0.000151
0.000156
0.000161
0.000166
0.000170
0.000173
0.000176
0.000175
0.000172
0.000167
0.000158
0.000145
0.000127
0.000107
0.000082
0.000054
0.000023
-0.000011
-0.000048
-0.000087
-0.000128
-0.000170
-0.000216
-0.000262
-0.000309
-0.000359
-0.000409
-0.000461
-0.000512
-0.000565
-0.000614
-0.000662
-0.000708
-0.000752
-0.000793
-0.000829
-0.000861
-0.000889
-0.000913
-0.000930
-0.000943
-0.000950
-0.000954
-0.000952
-0.000947
-0.000936
-0.000920
-0.000899
-0.000874
-0.000844
-0.000809
-0.000769
-0.000725
-0.000679
-0.000627
-0.000572
-0.000517
-0.000461
-0.000403
-0.000345
-0.000286
-0.000227
-0.000168
-0.000112
-0.000056
-0.000001
0.000052
0.000103
0.000151
0.000197
0.000241
0.000281
0.000318
0.000351
0.000378
0.000402
0.000421
0.000438
0.000450
0.000460
0.000466
0.000470
0.000471
0.000469
0.000465
0.000460
0.000453
0.000444
0.000433
0.000419
0.000404
0.000389
0.000371
0.000352
0.000334
0.000315
0.000296
0.000279
0.000262
0.000245
0.000229
0.000215
0.000201
0.000188
0.000173
0.000159
0.000147
0.000136
0.000124
0.000112
0.000100
0.000090
0.000081
0.000073
0.000065
0.000058
0.000052
0.000047
0.000041
0.000036
0.000030
0.000024
0.000018
0.000011
0.000004
-0.000003
-0.000011
-0.000019
-0.000025
-0.000032
-0.000038
-0.000043
-0.000048
-0.000053
-0.000057
-0.000060
-0.000065
-0.000068
-0.000073
-0.000077
-0.000081
-0.000084
-0.000085
-0.000086
-0.000084
-0.000082
-0.000077
-0.000071
-0.000063
-0.000053
-0.000042
-0.000029
-0.000017
-0.000004
0.000011
0.000025
0.000041
0.000057
0.000075
0.000094
0.000114
0.000136
0.000160
0.000185
0.000211
0.000237
0.000264
0.000290
0.000314
0.000338
0.000361
0.000383
0.000404
0.000424
0.000443
0.000462
0.000480
0.000499
0.000515
0.000531
0.000544
0.000555
0.000564
0.000569
0.000572
0.000571
0.000568
0.000562
0.000553
0.000541
0.000528
0.000511
0.000494
0.000474
0.000454
0.000431
0.000405
0.000378
0.000349
0.000319
0.000286
0.000250
0.000214
0.000176
0.000139
0.000102
0.000066
0.000030
-0.000005
-0.000037
-0.000068
-0.000097
-0.000123
-0.000147
-0.000169
-0.000189
-0.000207
-0.000222
-0.000235
-0.000244
-0.000252
-0.000255
-0.000254
-0.000250
-0.000242
-0.000231
-0.000217
-0.000200
-0.000182
-0.000161
-0.000138
-0.000115
-0.000091
-0.000066
-0.000040
-0.000015
0.000009
0.000034
0.000058
0.000081
0.000103
0.000123
0.000141
0.000156
0.000168
0.000177
0.000182
0.000183
0.000179
0.000172
0.000160
0.000144
0.000124
0.000101
0.000075
0.000047
0.000018
-0.000015
-0.000049
-0.000085
-0.000123
-0.000161
-0.000202
-0.000242
-0.000283
-0.000324
-0.000364
-0.000402
-0.000438
-0.000470
-0.000500
-0.000527
-0.000551
-0.000571
-0.000586
-0.000599
-0.000607
-0.000612
-0.000613
-0.000611
-0.000604
-0.000594
-0.000582
-0.000565
-0.000545
-0.000522
-0.000497
-0.000469
-0.000438
-0.000405
-0.000370
-0.000333
-0.000297
-0.000261
-0.000226
-0.000192
-0.000158
-0.000127
-0.000097
-0.000069
-0.000043
-0.000019
0.000003
0.000024
0.000042
0.000057
0.000070
0.000078
0.000085
0.000089
0.000089
0.000086
0.000081
0.000074
0.000065
0.000055
0.000044
0.000033
0.000022
0.000011
0.000002
-0.000007
-0.000016
-0.000022
-0.000028
-0.000032
-0.000036
-0.000039
-0.000039
-0.000037
-0.000033
-0.000026
-0.000017
-0.000005
0.000011
0.000029
0.000051
0.000073
0.000099
0.000126
0.000153
0.000181
0.000209
0.000238
0.000264
0.000292
0.000319
0.000346
0.000373
0.000399
0.000423
0.000445
0.000467
0.000486
0.000503
0.000516
0.000525
0.000531
0.000534
0.000533
0.000527
0.000518
0.000506
0.000491
0.000472
0.000452
0.000430
0.000405
0.000379
0.000351
0.000321
0.000290
0.000256
0.000221
0.000184
0.000149
0.000111
0.000075
0.000038
0.000001
-0.000033
-0.000066
-0.000097
-0.000125
-0.000150
-0.000173
-0.000194
-0.000212
-0.000229
-0.000244
-0.000257
-0.000270
-0.000280
-0.000287
-0.000292
-0.000296
-0.000297
-0.000295
-0.000292
-0.000287
-0.000281
-0.000274
-0.000266
-0.000257
-0.000250
-0.000242
-0.000236
-0.000231
-0.000226
-0.000223
-0.000221
-0.000219
-0.000217
-0.000219
-0.000221
-0.000223
-0.000227
-0.000233
-0.000240
-0.000249
-0.000262
-0.000276
-0.000292
-0.000309
-0.000329
-0.000349
-0.000369
-0.000390
-0.000410
-0.000429
-0.000447
-0.000464
-0.000482
-0.000498
-0.000512
-0.000525
-0.000538
-0.000549
-0.000558
-0.000564
-0.000569
-0.000572
-0.000573
-0.000570
-0.000565
-0.000556
-0.000543
-0.000528
-0.000511
-0.000492
-0.000471
-0.000448
-0.000424
-0.000398
-0.000372
-0.000345
-0.000315
-0.000285
-0.000252
-0.000220
-0.000187
-0.000153
-0.000118
-0.000085
-0.000052
-0.000019
0.000011
0.000041
0.000067
0.000092
0.000116
0.000135
0.000155
0.000173
0.000188
0.000203
0.000214
0.000225
0.000232
0.000239
0.000244
0.000246
0.000245
0.000242
0.000237
0.000230
0.000222
0.000212
0.000202
0.000191
0.000180
0.000169
0.000158
0.000147
0.000137
0.000125
0.000114
0.000104
0.000094
0.000084
0.000073
0.000063
0.000054
0.000045
0.000038
0.000031
0.000026
0.000022
0.000021
0.000022
0.000023
0.000025
0.000028
0.000030
0.000032
0.000035
0.000037
0.000040
0.000041
0.000043
0.000045
0.000048
0.000051
0.000054
0.000059
0.000063
0.000068
0.000073
0.000079
0.000083
0.000086
0.000088
0.000089
0.000089
0.000089
0.000089
0.000089
0.000088
0.000089
0.000090
0.000092
0.000094
0.000097
0.000100
0.000102
0.000103
0.000103
0.000104
0.000105
0.000107
0.000108
0.000110
0.000112
0.000116
0.000121
0.000127
0.000133
0.000140
0.000148
0.000156
0.000162
0.000167
0.000171
0.000175
0.000176
0.000177
0.000177
0.000178
0.000177
0.000175
0.000173
0.000171
0.000168
0.000165
0.000161
0.000154
0.000147
0.000138
0.000129
0.000117
0.000105
0.000091
0.000077
0.000062
0.000048
0.000036
0.000023
0.000011
0.000000
-0.000010
-0.000019
-0.000027
-0.000035
-0.000042
-0.000049
-0.000054
-0.000060
-0.000064
-0.000066
-0.000066
-0.000064
-0.000060
-0.000053
-0.000044
-0.000032
-0.000019
-0.000005
0.000011
0.000030
0.000048
0.000068
0.000087
0.000107
0.000128
0.000149
0.000170
0.000193
0.000215
0.000238
0.000259
0.000281
0.000302
0.000321
0.000340
0.000356
0.000368
0.000378
0.000386
0.000392
0.000395
0.000396
0.000394
0.000390
0.000384
0.000376
0.000367
0.000354
0.000339
0.000322
0.000302
0.000279
0.000255
0.000227
0.000198
0.000167
0.000135
0.000102
0.000069
0.000037
0.000005
-0.000027
-0.000056
-0.000084
-0.000113
-0.000140
-0.000165
-0.000189
-0.000212
-0.000233
-0.000252
-0.000269
-0.000282
-0.000292
-0.000299
-0.000303
-0.000303
-0.000302
-0.000297
-0.000289
-0.000278
-0.000267
-0.000253
-0.000239
-0.000222
-0.000203
-0.000186
-0.000167
-0.000146
-0.000125
-0.000103
-0.000078
-0.000054
-0.000028
-0.000003
0.000020
0.000043
0.000064
0.000083
0.000100
0.000113
0.000126
0.000136
0.000145
0.000151
0.000156
0.000159
0.000160
0.000159
0.000158
0.000155
0.000150
0.000144
0.000136
0.000126
0.000113
0.000099
0.000083
0.000066
0.000048
0.000029
0.000011
-0.000008
-0.000026
-0.000044
-0.000060
-0.000076
-0.000092
-0.000108
-0.000123
-0.000139
-0.000155
-0.000170
-0.000184
-0.000198
-0.000209
-0.000220
-0.000230
-0.000238
-0.000244
-0.000249
-0.000252
-0.000254
-0.000255
-0.000254
-0.000253
-0.000253
-0.000253
-0.000252
-0.000251
-0.000251
-0.000250
-0.000248
-0.000245
-0.000240
-0.000234
-0.000227
-0.000220
-0.000212
-0.000204
-0.000196
-0.000190
-0.000182
-0.000176
-0.000169
-0.000162
-0.000155
-0.000147
-0.000139
-0.000131
-0.000121
-0.000111
-0.000100
-0.000089
-0.000079
-0.000068
-0.000058
-0.000049
-0.000041
-0.000033
-0.000026
-0.000020
-0.000015
-0.000008
-0.000002
0.000004
0.000011
0.000018
0.000026
0.000034
0.000042
0.000047
0.000053
0.000059
0.000063
0.000066
0.000068
0.000071
0.000073
0.000075
0.000077
0.000080
0.000084
0.000087
0.000091
0.000096
0.000100
0.000105
0.000109
0.000114
0.000118
0.000121
0.000124
0.000127
0.000131
0.000134
0.000138
0.000143
0.000149
0.000156
0.000162
0.000168
0.000173
0.000177
0.000181
0.000183
0.000185
0.000185
0.000184
0.000183
0.000181
0.000179
0.000177
0.000175
0.000172
0.000169
0.000163
0.000156
0.000148
0.000139
0.000127
0.000113
0.000098
0.000082
0.000065
0.000047
0.000028
0.000011
-0.000007
-0.000024
-0.000041
-0.000057
-0.000073
-0.000088
-0.000102
-0.000117
-0.000131
-0.000142
-0.000153
-0.000164
-0.000175
-0.000183
-0.000189
-0.000192
-0.000193
-0.000191
-0.000187
-0.000181
-0.000174
-0.000164
-0.000153
-0.000142
-0.000130
-0.000117
-0.000103
-0.000089
-0.000073
-0.000057
-0.000040
-0.000024
-0.000007
0.000011
0.000029
0.000045
0.000060
0.000074
0.000087
0.000098
0.000106
0.000112
0.000115
0.000115
0.000111
0.000105
0.000099
0.000090
0.000080
0.000068
0.000055
0.000039
0.000021
0.000002
-0.000020
-0.000044
-0.000068
-0.000094
-0.000122
-0.000149
-0.000176
-0.000201
-0.000227
-0.000252
-0.000276
-0.000298
-0.000319
-0.000338
-0.000357
-0.000373
-0.000388
-0.000402
-0.000415
-0.000427
-0.000437
-0.000446
-0.000453
-0.000456
-0.000457
-0.000457
-0.000453
-0.000447
-0.000440
-0.000431
-0.000421
-0.000410
-0.000400
-0.000389
-0.000378
-0.000367
-0.000356
-0.000345
-0.000335
-0.000324
-0.000312
-0.000300
-0.000290
-0.000278
-0.000267
-0.000257
-0.000248
-0.000241
-0.000234
-0.000229
-0.000225
-0.000222
-0.000219
-0.000218
-0.000214
-0.000211
-0.000207
-0.000203
-0.000198
-0.000194
-0.000187
-0.000180
-0.000173
-0.000165
-0.000159
-0.000152
-0.000145
-0.000138
-0.000130
-0.000121
-0.000112
-0.000101
-0.000089
-0.000075
-0.000061
-0.000045
-0.000028
-0.000012
0.000005
0.000020
0.000037
0.000052
0.000066
0.000078
0.000089
0.000100
0.000110
0.000119
0.000128
0.000135
0.000140
0.000146
0.000148
0.000148
0.000147
0.000143
0.000136
0.000127
0.000115
0.000102
0.000087
0.000070
0.000052
0.000033
0.000014
-0.000007
-0.000028
-0.000049
-0.000072
-0.000096
-0.000121
-0.000147
-0.000175
-0.000203
-0.000231
-0.000260
-0.000289
-0.000317
-0.000345
-0.000372
-0.000398
-0.000421
-0.000443
-0.000463
-0.000484
-0.000502
-0.000520
-0.000537
-0.000553
-0.000568
-0.000581
-0.000593
-0.000604
-0.000611
-0.000617
-0.000621
-0.000622
-0.000620
-0.000615
-0.000609
-0.000601
-0.000591
-0.000580
-0.000569
-0.000556
-0.000542
-0.000527
-0.000512
-0.000495
-0.000476
-0.000454
-0.000430
-0.000404
-0.000378
-0.000351
-0.000323
-0.000295
-0.000268
-0.000242
-0.000216
-0.000191
-0.000167
-0.000143
-0.000121
-0.000101
-0.000080
-0.000060
-0.000042
-0.000024
-0.000008
0.000009
0.000024
0.000036
0.000047
0.000056
0.000063
0.000066
0.000069
0.000068
0.000067
0.000065
0.000063
0.000060
0.000057
0.000055
0.000052
0.000049
0.000045
0.000041
0.000036
0.000033
0.000028
0.000023
0.000019
0.000016
0.000012
0.000011
0.000013
0.000014
0.000017
0.000022
0.000028
0.000036
0.000045
0.000054
0.000064
0.000075
0.000086
0.000095
0.000105
0.000115
0.000124
0.000135
0.000145
0.000155
0.000165
0.000174
0.000183
0.000190
0.000193
0.000197
0.000198
0.000196
0.000192
0.000186
0.000177
0.000166
0.000153
0.000138
0.000122
0.000105
0.000086
0.000066
0.000044
0.000020
-0.000005
-0.000030
-0.000057
-0.000085
-0.000113
-0.000141
-0.000169
-0.000195
-0.000218
-0.000241
-0.000260
-0.000278
-0.000293
-0.000305
-0.000313
-0.000319
-0.000322
-0.000323
-0.000322
-0.000318
-0.000313
-0.000304
-0.000292
-0.000278
-0.000260
-0.000238
-0.000214
-0.000188
-0.000158
-0.000127
-0.000095
-0.000061
-0.000027
0.000004
0.000036
0.000066
0.000094
0.000120
0.000145
0.000168
0.000189
0.000207
0.000223
0.000237
0.000250
0.000258
0.000262
0.000263
0.000261
0.000254
0.000242
0.000225
0.000206
0.000183
0.000156
0.000126
0.000095
0.000063
0.000028
-0.000009
-0.000047
-0.000087
-0.000128
-0.000168
-0.000209
-0.000250
-0.000292
-0.000333
-0.000374
-0.000415
-0.000453
-0.000491
-0.000525
-0.000558
-0.000585
-0.000611
-0.000633
-0.000650
-0.000666
-0.000678
-0.000687
-0.000692
-0.000695
-0.000694
-0.000692
-0.000685
-0.000675
-0.000662
-0.000644
-0.000625
-0.000602
-0.000576
-0.000548
-0.000518
-0.000487
-0.000453
-0.000419
-0.000385
-0.000350
-0.000315
-0.000281
-0.000248
-0.000214
-0.000181
-0.000147
-0.000113
-0.000080
-0.000048
-0.000016
0.000015
0.000043
0.000069
0.000094
0.000116
0.000136
0.000154
0.000169
0.000183
0.000195
0.000206
0.000215
0.000224
0.000231
0.000236
0.000241
0.000246
0.000247
0.000247
0.000245
0.000240
0.000235
0.000228
0.000220
0.000211
0.000202
0.000193
0.000184
0.000174
0.000166
0.000156
0.000146
0.000137
0.000126
0.000116
0.000105
0.000094
0.000083
0.000071
0.000059
0.000049
0.000039
0.000031
0.000024
0.000018
0.000015
0.000014
0.000014
0.000014
0.000016
0.000018
0.000022
0.000026
0.000031
0.000036
0.000043
0.000050
0.000059
0.000069
0.000079
0.000090
0.000102
0.000114
0.000126
0.000139
0.000150
0.000161
0.000171
0.000179
0.000186
0.000192
0.000198
0.000202
0.000206
0.000209
0.000213
0.000217
0.000219
0.000219
0.000218
0.000217
0.000213
0.000207
0.000200
0.000190
0.000179
0.000167
0.000154
0.000141
0.000128
0.000114
0.000100
0.000086
0.000073
0.000061
0.000046
0.000033
0.000019
0.000006
-0.000009
-0.000022
-0.000035
-0.000047
-0.000058
-0.000065
-0.000072
-0.000077
-0.000081
-0.000083
-0.000084
-0.000085
-0.000084
-0.000082
-0.000080
-0.000076
-0.000072
-0.000068
-0.000062
-0.000058
-0.000051
-0.000043
-0.000033
-0.000023
-0.000013
-0.000002
0.000009
0.000020
0.000030
0.000038
0.000045
0.000051
0.000055
0.000058
0.000060
0.000060
0.000059
0.000058
0.000058
0.000055
0.000054
0.000050
0.000047
0.000042
0.000035
0.000028
0.000019
0.000009
-0.000003
-0.000016
-0.000029
-0.000042
-0.000055
-0.000068
-0.000080
-0.000091
-0.000100
-0.000108
-0.000117
-0.000124
-0.000132
-0.000138
-0.000144
-0.000149
-0.000155
-0.000160
-0.000164
-0.000167
-0.000168
-0.000168
-0.000166
-0.000162
-0.000158
-0.000152
-0.000146
-0.000139
-0.000131
-0.000123
-0.000116
-0.000109
-0.000103
-0.000097
-0.000092
-0.000087
-0.000081
-0.000075
-0.000069
-0.000063
-0.000058
-0.000054
-0.000052
-0.000050
-0.000050
-0.000051
-0.000054
-0.000060
-0.000065
-0.000072
-0.000081
-0.000090
-0.000101
-0.000112
-0.000122
-0.000134
-0.000145
-0.000156
-0.000169
-0.000181
-0.000195
-0.000209
-0.000224
-0.000239
-0.000253
-0.000267
-0.000282
-0.000295
-0.000307
-0.000317
-0.000326
-0.000331
-0.000335
-0.000338
-0.000340
-0.000341
-0.000342
-0.000341
-0.000340
-0.000338
-0.000334
-0.000327
-0.000319
-0.000309
-0.000297
-0.000283
-0.000267
-0.000250
-0.000231
-0.000211
-0.000190
-0.000169
-0.000148
-0.000128
-0.000108
-0.000087
-0.000069
-0.000050
-0.000032
-0.000015
0.000003
0.000020
0.000037
0.000054
0.000069
0.000085
0.000099
0.000111
0.000120
0.000127
0.000132
0.000134
0.000134
0.000132
0.000129
0.000126
0.000121
0.000116
0.000109
0.000102
0.000094
0.000085
0.000074
0.000062
0.000049
0.000034
0.000019
0.000003
-0.000014
-0.000030
-0.000046
-0.000060
-0.000074
-0.000086
-0.000097
-0.000106
-0.000114
-0.000120
-0.000126
-0.000129
-0.000134
-0.000137
-0.000139
-0.000141
-0.000141
-0.000139
-0.000135
-0.000129
-0.000123
-0.000115
-0.000105
-0.000095
-0.000085
-0.000074
-0.000066
-0.000057
-0.000049
-0.000043
-0.000038
-0.000034
-0.000031
-0.000030
-0.000030
-0.000031
-0.000033
-0.000036
-0.000041
-0.000047
-0.000056
-0.000067
-0.000080
-0.000096
-0.000115
-0.000134
-0.000157
-0.000181
-0.000205
-0.000230
-0.000253
-0.000277
-0.000300
-0.000322
-0.000343
-0.000363
-0.000381
-0.000398
-0.000413
-0.000427
-0.000438
-0.000448
-0.000456
-0.000461
-0.000463
-0.000460
-0.000453
-0.000443
-0.000428
-0.000410
-0.000388
-0.000364
-0.000336
-0.000306
-0.000274
-0.000240
-0.000207
-0.000172
-0.000137
-0.000101
-0.000064
-0.000028
0.000008
0.000043
0.000077
0.000111
0.000142
0.000169
0.000194
0.000216
0.000233
0.000245
0.000252
0.000256
0.000255
0.000250
0.000239
0.000226
0.000209
0.000188
0.000164
0.000135
0.000104
0.000070
0.000035
-0.000005
-0.000046
-0.000091
-0.000137
-0.000183
-0.000228
-0.000273
-0.000316
-0.000357
-0.000397
-0.000432
-0.000465
-0.000491
-0.000514
-0.000534
-0.000550
-0.000561
-0.000567
-0.000570
-0.000568
-0.000560
-0.000548
-0.000530
-0.000507
-0.000479
-0.000447
-0.000410
-0.000367
-0.000322
-0.000273
-0.000221
-0.000168
-0.000113
-0.000058
-0.000003
0.000050
0.000103
0.000154
0.000204
0.000253
0.000298
0.000342
0.000382
0.000419
0.000453
0.000482
0.000507
0.000526
0.000539
0.000548
0.000551
0.000549
0.000541
0.000528
0.000511
0.000492
0.000469
0.000443
0.000415
0.000384
0.000349
0.000312
0.000273
0.000232
0.000189
0.000144
0.000099
0.000054
0.000009
-0.000035
-0.000079
-0.000121
-0.000159
-0.000195
-0.000228
-0.000260
-0.000289
-0.000315
-0.000339
-0.000360
-0.000379
-0.000397
-0.000413
-0.000427
-0.000437
-0.000446
-0.000451
-0.000454
-0.000455
-0.000453
-0.000450
-0.000445
-0.000439
-0.000432
-0.000424
-0.000417
-0.000410
-0.000404
-0.000398
-0.000393
-0.000388
-0.000385
-0.000380
-0.000375
-0.000370
-0.000365
-0.000360
-0.000355
-0.000350
-0.000345
-0.000340
-0.000337
-0.000333
-0.000330
-0.000326
-0.000322
-0.000319
-0.000314
-0.000307
-0.000300
-0.000292
-0.000281
-0.000270
-0.000257
-0.000244
-0.000230
-0.000216
-0.000202
-0.000187
-0.000171
-0.000156
-0.000141
-0.000125
-0.000109
-0.000092
-0.000074
-0.000057
-0.000038
-0.000020
-0.000003
0.000012
0.000025
0.000038
0.000048
0.000056
0.000063
0.000068
0.000072
0.000073
0.000073
0.000074
0.000072
0.000070
0.000067
0.000063
0.000058
0.000052
0.000044
0.000035
0.000024
0.000013
0.000001
-0.000012
-0.000025
-0.000036
-0.000046
-0.000057
-0.000065
-0.000073
-0.000078
-0.000084
-0.000088
-0.000091
-0.000093
-0.000096
-0.000099
-0.000101
-0.000103
-0.000103
-0.000102
-0.000101
-0.000098
-0.000094
-0.000090
-0.000083
-0.000078
-0.000071
-0.000065
-0.000060
-0.000057
-0.000055
-0.000054
-0.000055
-0.000055
-0.000058
-0.000061
-0.000065
-0.000070
-0.000076
-0.000081
-0.000088
-0.000094
-0.000102
-0.000112
-0.000122
-0.000133
-0.000145
-0.000159
-0.000173
-0.000186
-0.000200
-0.000213
-0.000227
-0.000238
-0.000247
-0.000255
-0.000262
-0.000267
-0.000269
-0.000272
-0.000273
-0.000273
-0.000272
-0.000270
-0.000267
-0.000262
-0.000256
-0.000248
-0.000239
-0.000227
-0.000213
-0.000198
-0.000182
-0.000164
-0.000147
-0.000131
-0.000115
-0.000100
-0.000086
-0.000073
-0.000062
-0.000052
-0.000041
-0.000031
-0.000022
-0.000014
-0.000007
-0.000000
0.000005
0.000009
0.000011
0.000012
0.000011
0.000009
0.000006
0.000001
-0.000006
-0.000012
-0.000018
-0.000023
-0.000027
-0.000030
-0.000032
-0.000032
-0.000030
-0.000026
-0.000020
-0.000013
-0.000005
0.000005
0.000016
0.000028
0.000042
0.000058
0.000076
0.000096
0.000117
0.000141
0.000168
0.000196
0.000226
0.000255
0.000283
0.000312
0.000339
0.000365
0.000387
0.000410
0.000429
0.000446
0.000460
0.000472
0.000481
0.000487
0.000490
0.000489
0.000485
0.000476
0.000462
0.000445
0.000422
0.000395
0.000363
0.000327
0.000288
0.000244
0.000199
0.000153
0.000104
0.000055
0.000005
-0.000045
-0.000094
-0.000146
-0.000197
-0.000245
-0.000294
-0.000340
-0.000384
-0.000425
-0.000462
-0.000495
-0.000523
-0.000547
-0.000565
-0.000577
-0.000583
-0.000585
-0.000580
-0.000569
-0.000555
-0.000536
-0.000513
-0.000485
-0.000453
-0.000417
-0.000377
-0.000333
-0.000285
-0.000235
-0.000181
-0.000125
-0.000066
-0.000006
0.000053
0.000111
0.000169
0.000224
0.000275
0.000325
0.000371
0.000412
0.000451
0.000485
0.000517
0.000546
0.000568
0.000588
0.000603
0.000613
0.000617
0.000617
0.000611
0.000600
0.000584
0.000564
0.000539
0.000511
0.000478
0.000443
0.000407
0.000370
0.000332
0.000293
0.000253
0.000215
0.000175
0.000136
0.000097
0.000060
0.000023
-0.000010
-0.000043
-0.000072
-0.000097
-0.000118
-0.000136
-0.000150
-0.000159
-0.000163
-0.000163
-0.000159
-0.000153
-0.000143
-0.000130
-0.000115
-0.000097
-0.000078
-0.000057
-0.000033
-0.000008
0.000020
0.000049
0.000080
0.000111
0.000143
0.000174
0.000204
0.000232
0.000258
0.000282
0.000302
0.000321
0.000336
0.000348
0.000356
0.000363
0.000367
0.000368
0.000366
0.000362
0.000356
0.000346
0.000334
0.000319
0.000302
0.000283
0.000262
0.000238
0.000213
0.000188
0.000162
0.000136
0.000111
0.000087
0.000066
0.000047
0.000030
0.000014
0.000001
-0.000011
-0.000020
-0.000027
-0.000031
-0.000033
-0.000032
-0.000029
-0.000022
-0.000013
0.000000
0.000017
0.000035
0.000057
0.000080
0.000107
0.000133
0.000159
0.000185
0.000211
0.000236
0.000260
0.000283
0.000303
0.000324
0.000342
0.000358
0.000372
0.000384
0.000394
0.000401
0.000404
0.000403
0.000398
0.000389
0.000374
0.000357
0.000334
0.000310
0.000282
0.000252
0.000219
0.000187
0.000151
0.000114
0.000078
0.000039
0.000001
-0.000038
-0.000078
-0.000116
-0.000154
-0.000190
-0.000225
-0.000257
-0.000288
-0.000315
-0.000338
-0.000356
-0.000369
-0.000378
-0.000383
-0.000383
-0.000381
-0.000374
-0.000363
-0.000349
-0.000332
-0.000313
-0.000289
-0.000262
-0.000233
-0.000201
-0.000166
-0.000128
-0.000090
-0.000051
-0.000010
0.000031
0.000072
0.000112
0.000149
0.000184
0.000217
0.000248
0.000274
0.000297
0.000317
0.000335
0.000351
0.000363
0.000371
0.000378
0.000379
0.000375
0.000368
0.000358
0.000344
0.000326
0.000304
0.000279
0.000251
0.000221
0.000190
0.000157
0.000125
0.000091
0.000058
0.000025
-0.000008
-0.000040
-0.000073
-0.000104
-0.000135
-0.000164
-0.000193
-0.000221
-0.000244
-0.000265
-0.000284
-0.000297
-0.000308
-0.000315
-0.000318
-0.000319
-0.000316
-0.000310
-0.000304
-0.000295
-0.000285
-0.000272
-0.000258
-0.000244
-0.000226
-0.000207
-0.000186
-0.000164
-0.000141
-0.000115
-0.000090
-0.000065
-0.000042
-0.000019
0.000002
0.000021
0.000039
0.000055
0.000069
0.000081
0.000091
0.000098
0.000105
0.000109
0.000112
0.000113
0.000113
0.000110
0.000106
0.000099
0.000091
0.000079
0.000065
0.000048
0.000030
0.000010
-0.000010
-0.000031
-0.000051
-0.000073
-0.000093
-0.000114
-0.000133
-0.000152
-0.000171
-0.000189
-0.000206
-0.000222
-0.000238
-0.000252
-0.000265
-0.000277
-0.000286
-0.000293
-0.000297
-0.000298
-0.000297
-0.000295
-0.000289
-0.000281
-0.000270
-0.000258
-0.000246
-0.000232
-0.000217
-0.000201
-0.000184
-0.000166
-0.000146
-0.000125
-0.000102
-0.000078
-0.000051
-0.000024
0.000003
0.000028
0.000054
0.000079
0.000102
0.000124
0.000146
0.000164
0.000183
0.000199
0.000215
0.000231
0.000246
0.000261
0.000273
0.000284
0.000294
0.000302
0.000308
0.000312
0.000313
0.000313
0.000311
0.000307
0.000303
0.000296
0.000288
0.000281
0.000274
0.000266
0.000258
0.000248
0.000239
0.000229
0.000218
0.000206
0.000194
0.000181
0.000167
0.000154
0.000140
0.000127
0.000115
0.000104
0.000093
0.000084
0.000076
0.000069
0.000062
0.000055
0.000048
0.000043
0.000037
0.000030
0.000025
0.000019
0.000014
0.000011
0.000008
0.000007
0.000007
0.000008
0.000011
0.000014
0.000016
0.000019
0.000021
0.000024
0.000025
0.000025
0.000025
0.000025
0.000024
0.000023
0.000021
0.000018
0.000015
0.000011
0.000006
-0.000001
-0.000009
-0.000017
-0.000028
-0.000041
-0.000056
-0.000074
-0.000094
-0.000115
-0.000137
-0.000160
-0.000184
-0.000208
-0.000231
-0.000255
-0.000281
-0.000306
-0.000332
-0.000358
-0.000384
-0.000410
-0.000437
-0.000462
-0.000486
-0.000509
-0.000528
-0.000546
-0.000562
-0.000572
-0.000579
-0.000585
-0.000586
-0.000584
-0.000578
-0.000572
-0.000562
-0.000549
-0.000532
-0.000513
-0.000492
-0.000468
-0.000441
-0.000409
-0.000375
-0.000338
-0.000298
-0.000257
-0.000214
-0.000171
-0.000127
-0.000083
-0.000038
0.000005
0.000048
0.000089
0.000130
0.000169
0.000208
0.000244
0.000280
0.000314
0.000345
0.000376
0.000405
0.000429
0.000450
0.000468
0.000484
0.000496
0.000503
0.000507
0.000509
0.000509
0.000507
0.000503
0.000498
0.000491
0.000483
0.000475
0.000464
0.000453
0.000439
0.000424
0.000410
0.000393
0.000376
0.000358
0.000342
0.000325
0.000309
0.000294
0.000282
0.000269
0.000259
0.000251
0.000243
0.000236
0.000229
0.000222
0.000214
0.000207
0.000201
0.000195
0.000190
0.000186
0.000183
0.000182
0.000181
0.000181
0.000182
0.000182
0.000183
0.000184
0.000184
0.000183
0.000181
0.000178
0.000176
0.000173
0.000170
0.000167
0.000164
0.000163
0.000161
0.000160
0.000158
0.000156
0.000153
0.000150
0.000146
0.000142
0.000137
0.000132
0.000128
0.000123
0.000119
0.000116
0.000113
0.000111
0.000110
0.000111
0.000113
0.000114
0.000118
0.000121
0.000123
0.000126
0.000131
0.000135
0.000140
0.000146
0.000154
0.000162
0.000171
0.000182
0.000195
0.000209
0.000221
0.000234
0.000248
0.000264
0.000278
0.000292
0.000306
0.000320
0.000333
0.000347
0.000361
0.000375
0.000389
0.000404
0.000420
0.000435
0.000450
0.000465
0.000479
0.000491
0.000503
0.000510
0.000517
0.000522
0.000528
0.000529
0.000531
0.000532
0.000533
0.000532
0.000531
0.000528
0.000525
0.000520
0.000514
0.000506
0.000495
0.000484
0.000469
0.000453
0.000436
0.000417
0.000399
0.000379
0.000359
0.000340
0.000320
0.000300
0.000281
0.000261
0.000241
0.000220
0.000197
0.000175
0.000152
0.000130
0.000108
0.000088
0.000068
0.000049
0.000032
0.000016
0.000002
-0.000011
-0.000024
-0.000036
-0.000046
-0.000057
-0.000067
-0.000076
-0.000086
-0.000095
-0.000102
-0.000107
-0.000111
-0.000114
-0.000115
-0.000117
-0.000118
-0.000118
-0.000117
-0.000117
-0.000117
-0.000118
-0.000119
-0.000120
-0.000121
-0.000122
-0.000122
-0.000124
-0.000124
-0.000123
-0.000120
-0.000118
-0.000115
-0.000111
-0.000107
-0.000104
-0.000101
-0.000097
-0.000094
-0.000092
-0.000088
-0.000084
-0.000079
-0.000074
-0.000067
-0.000058
-0.000050
-0.000038
-0.000027
-0.000017
-0.000006
0.000004
0.000014
0.000024
0.000033
0.000042
0.000050
0.000058
0.000065
0.000073
0.000081
0.000088
0.000096
0.000103
0.000109
0.000114
0.000117
0.000120
0.000120
0.000118
0.000114
0.000108
0.000101
0.000093
0.000083
0.000073
0.000062
0.000051
0.000041
0.000032
0.000022
0.000012
0.000002
-0.000008
-0.000018
-0.000028
-0.000038
-0.000047
-0.000056
-0.000062
-0.000068
-0.000070
-0.000069
-0.000067
-0.000062
-0.000056
-0.000047
-0.000036
-0.000024
-0.000012
0.000002
0.000016
0.000031
0.000047
0.000063
0.000080
0.000098
0.000115
0.000135
0.000155
0.000174
0.000192
0.000210
0.000227
0.000240
0.000251
0.000260
0.000267
0.000272
0.000274
0.000274
0.000272
0.000269
0.000263
0.000257
0.000250
0.000241
0.000231
0.000219
0.000203
0.000188
0.000169
0.000150
0.000128
0.000105
0.000083
0.000060
0.000036
0.000014
-0.000007
-0.000027
-0.000048
-0.000067
-0.000085
-0.000103
-0.000121
-0.000139
-0.000156
-0.000173
-0.000191
-0.000209
-0.000225
-0.000241
-0.000256
-0.000269
-0.000281
-0.000292
-0.000301
-0.000312
-0.000321
-0.000331
-0.000341
-0.000352
-0.000364
-0.000375
-0.000389
-0.000403
-0.000415
-0.000428
-0.000440
-0.000453
-0.000464
-0.000474
-0.000482
-0.000490
-0.000498
-0.000506
-0.000513
-0.000520
-0.000527
-0.000533
-0.000538
-0.000542
-0.000545
-0.000544
-0.000542
-0.000537
-0.000529
-0.000518
-0.000505
-0.000489
-0.000472
-0.000451
-0.000429
-0.000407
-0.000382
-0.000356
-0.000328
-0.000300
-0.000269
-0.000239
-0.000206
-0.000172
-0.000136
-0.000101
-0.000065
-0.000030
0.000004
0.000038
0.000071
0.000101
0.000129
0.000155
0.000178
0.000199
0.000219
0.000236
0.000252
0.000266
0.000278
0.000287
0.000296
0.000299
0.000301
0.000299
0.000294
0.000287
0.000277
0.000264
0.000250
0.000235
0.000218
0.000201
0.000184
0.000167
0.000151
0.000135
0.000118
0.000102
0.000089
0.000075
0.000060
0.000047
0.000033
0.000021
0.000012
0.000004
-0.000001
-0.000006
-0.000008
-0.000007
-0.000004
0.000001
0.000008
0.000017
0.000026
0.000035
0.000045
0.000054
0.000064
0.000074
0.000085
0.000095
0.000105
0.000116
0.000128
0.000140
0.000150
0.000161
0.000172
0.000181
0.000189
0.000195
0.000198
0.000201
0.000202
0.000201
0.000198
0.000195
0.000191
0.000189
0.000187
0.000184
0.000180
0.000177
0.000174
0.000170
0.000167
0.000163
0.000159
0.000155
0.000152
0.000149
0.000148
0.000148
0.000151
0.000155
0.000161
0.000170
0.000181
0.000194
0.000206
0.000220
0.000236
0.000252
0.000268
0.000285
0.000303
0.000321
0.000341
0.000361
0.000382
0.000403
0.000425
0.000449
0.000472
0.000496
0.000519
0.000542
0.000564
0.000584
0.000603
0.000620
0.000635
0.000649
0.000662
0.000674
0.000684
0.000695
0.000706
0.000714
0.000721
0.000726
0.000730
0.000731
0.000732
0.000730
0.000725
0.000718
0.000711
0.000701
0.000691
0.000680
0.000666
0.000654
0.000641
0.000627
0.000612
0.000596
0.000578
0.000561
0.000542
0.000522
0.000501
0.000479
0.000458
0.000434
0.000413
0.000392
0.000372
0.000353
0.000335
0.000319
0.000304
0.000289
0.000276
0.000263
0.000252
0.000240
0.000229
0.000220
0.000212
0.000208
0.000205
0.000204
0.000206
0.000211
0.000218
0.000228
0.000239
0.000250
0.000261
0.000275
0.000289
0.000302
0.000317
0.000331
0.000346
0.000361
0.000377
0.000393
0.000409
0.000424
0.000439
0.000453
0.000466
0.000475
0.000483
0.000487
0.000488
0.000486
0.000481
0.000474
0.000463
0.000450
0.000435
0.000418
0.000399
0.000378
0.000355
0.000330
0.000302
0.000272
0.000240
0.000206
0.000170
0.000133
0.000094
0.000056
0.000017
-0.000021
-0.000057
-0.000093
-0.000126
-0.000157
-0.000187
-0.000215
-0.000242
-0.000267
-0.000290
-0.000311
-0.000331
-0.000349
-0.000363
-0.000375
-0.000383
-0.000390
-0.000393
-0.000392
-0.000388
-0.000380
-0.000370
-0.000358
-0.000345
-0.000331
-0.000315
-0.000299
-0.000282
-0.000264
-0.000247
-0.000229
-0.000209
-0.000188
-0.000167
-0.000144
-0.000123
-0.000101
-0.000080
-0.000059
-0.000039
-0.000023
-0.000008
0.000006
0.000017
0.000027
0.000034
0.000040
0.000046
0.000050
0.000053
0.000055
0.000057
0.000057
0.000057
0.000054
0.000050
0.000045
0.000039
0.000030
0.000020
0.000010
-0.000002
-0.000013
-0.000025
-0.000037
-0.000048
-0.000059
-0.000068
-0.000077
-0.000086
-0.000095
-0.000104
-0.000114
-0.000124
-0.000134
-0.000143
-0.000153
-0.000162
-0.000171
-0.000180
-0.000186
-0.000191
-0.000195
-0.000197
-0.000198
-0.000199
-0.000199
-0.000197
-0.000194
-0.000192
-0.000189
-0.000185
-0.000181
-0.000175
-0.000166
-0.000156
-0.000142
-0.000128
-0.000111
-0.000094
-0.000074
-0.000052
-0.000029
-0.000006
0.000018
0.000043
0.000067
0.000092
0.000118
0.000145
0.000173
0.000201
0.000229
0.000258
0.000287
0.000316
0.000343
0.000369
0.000393
0.000415
0.000432
0.000449
0.000462
0.000471
0.000478
0.000483
0.000484
0.000482
0.000478
0.000471
0.000462
0.000449
0.000433
0.000413
0.000391
0.000365
0.000334
0.000300
0.000263
0.000224
0.000182
0.000140
0.000097
0.000053
0.000009
-0.000034
-0.000077
-0.000120
-0.000160
-0.000199
-0.000237
-0.000273
-0.000308
-0.000341
-0.000371
-0.000399
-0.000424
-0.000445
-0.000460
-0.000472
-0.000478
-0.000482
-0.000480
-0.000474
-0.000462
-0.000446
-0.000427
-0.000406
-0.000382
-0.000354
-0.000325
-0.000292
-0.000258
-0.000221
-0.000182
-0.000141
-0.000100
-0.000057
-0.000013
0.000030
0.000073
0.000115
0.000155
0.000194
0.000229
0.000262
0.000292
0.000318
0.000343
0.000363
0.000381
0.000396
0.000407
0.000415
0.000420
0.000420
0.000415
0.000407
0.000394
0.000376
0.000355
0.000330
0.000301
0.000269
0.000234
0.000198
0.000159
0.000121
0.000082
0.000041
-0.000001
-0.000043
-0.000086
-0.000127
-0.000169
-0.000210
-0.000252
-0.000291
-0.000330
-0.000366
-0.000399
-0.000429
-0.000456
-0.000480
-0.000498
-0.000513
-0.000525
-0.000532
-0.000536
-0.000537
-0.000535
-0.000530
-0.000522
-0.000511
-0.000497
-0.000479
-0.000458
-0.000432
-0.000405
-0.000374
-0.000341
-0.000306
-0.000268
-0.000230
-0.000192
-0.000154
-0.000118
-0.000081
-0.000046
-0.000012
0.000019
0.000050
0.000079
0.000107
0.000133
0.000156
0.000177
0.000195
0.000210
0.000222
0.000230
0.000235
0.000237
0.000234
0.000228
0.000219
0.000206
0.000190
0.000172
0.000152
0.000131
0.000108
0.000084
0.000058
0.000032
0.000003
-0.000026
-0.000055
-0.000084
-0.000114
-0.000142
-0.000171
-0.000198
-0.000224
-0.000244
-0.000264
-0.000280
-0.000295
-0.000305
-0.000312
-0.000318
-0.000320
-0.000320
-0.000316
-0.000311
-0.000304
-0.000295
-0.000283
-0.000270
-0.000254
-0.000235
-0.000215
-0.000192
-0.000168
-0.000143
-0.000117
-0.000091
-0.000065
-0.000039
-0.000014
0.000010
0.000034
0.000056
0.000078
0.000099
0.000118
0.000135
0.000153
0.000172
0.000189
0.000205
0.000218
0.000232
0.000244
0.000253
0.000262
0.000270
0.000275
0.000281
0.000285
0.000290
0.000295
0.000299
0.000305
0.000312
0.000319
0.000326
0.000334
0.000343
0.000352
0.000362
0.000372
0.000383
0.000395
0.000407
0.000420
0.000434
0.000450
0.000467
0.000484
0.000503
0.000523
0.000543
0.000564
0.000582
0.000601
0.000618
0.000633
0.000647
0.000659
0.000668
0.000676
0.000683
0.000688
0.000692
0.000693
0.000692
0.000688
0.000681
0.000671
0.000659
0.000641
0.000620
0.000597
0.000569
0.000537
0.000502
0.000464
0.000425
0.000384
0.000342
0.000298
0.000253
0.000207
0.000161
0.000113
0.000064
0.000015
-0.000034
-0.000084
-0.000133
-0.000181
-0.000227
-0.000271
-0.000312
-0.000350
-0.000385
-0.000417
-0.000444
-0.000468
-0.000488
-0.000505
-0.000518
-0.000528
-0.000534
-0.000537
-0.000536
-0.000531
-0.000523
-0.000510
-0.000493
-0.000472
-0.000448
-0.000422
-0.000393
-0.000361
-0.000327
-0.000292
-0.000257
-0.000221
-0.000186
-0.000150
-0.000115
-0.000081
-0.000048
-0.000016
0.000016
0.000047
0.000076
0.000102
0.000128
0.000149
0.000168
0.000185
0.000198
0.000206
0.000211
0.000213
0.000212
0.000207
0.000200
0.000190
0.000178
0.000163
0.000147
0.000129
0.000111
0.000092
0.000071
0.000049
0.000026
0.000001
-0.000025
-0.000052
-0.000077
-0.000102
-0.000127
-0.000149
-0.000168
-0.000185
-0.000199
-0.000211
-0.000220
-0.000225
-0.000230
-0.000232
-0.000233
-0.000232
-0.000228
-0.000222
-0.000215
-0.000203
-0.000190
-0.000174
-0.000156
-0.000135
-0.000112
-0.000086
-0.000058
-0.000029
0.000000
0.000031
0.000060
0.000091
0.000119
0.000149
0.000177
0.000205
0.000233
0.000259
0.000285
0.000312
0.000336
0.000360
0.000384
0.000405
0.000424
0.000441
0.000455
0.000466
0.000474
0.000480
0.000484
0.000487
0.000489
0.000489
0.000487
0.000485
0.000481
0.000476
0.000469
0.000462
0.000453
0.000444
0.000432
0.000420
0.000406
0.000391
0.000376
0.000361
0.000346
0.000330
0.000316
0.000301
0.000287
0.000273
0.000259
0.000244
0.000229
0.000213
0.000197
0.000181
0.000164
0.000146
0.000130
0.000114
0.000097
0.000080
0.000063
0.000048
0.000032
0.000016
-0.000001
-0.000017
-0.000034
-0.000053
-0.000071
-0.000089
-0.000108
-0.000128
-0.000146
-0.000163
-0.000179
-0.000194
-0.000208
-0.000220
-0.000230
-0.000239
-0.000247
-0.000255
-0.000260
-0.000264
-0.000269
-0.000273
-0.000275
-0.000276
-0.000275
-0.000271
-0.000265
-0.000256
-0.000245
-0.000232
-0.000217
-0.000200
-0.000181
-0.000161
-0.000140
-0.000119
-0.000098
-0.000076
-0.000053
-0.000029
-0.000005
0.000019
0.000044
0.000068
0.000092
0.000114
0.000136
0.000155
0.000173
0.000189
0.000200
0.000211
0.000217
0.000221
0.000223
0.000221
0.000218
0.000213
0.000206
0.000197
0.000187
0.000175
0.000161
0.000145
0.000127
0.000107
0.000084
0.000060
0.000034
0.000007
-0.000021
-0.000048
-0.000076
-0.000103
-0.000129
-0.000152
-0.000176
-0.000198
-0.000220
-0.000240
-0.000260
-0.000280
-0.000298
-0.000316
-0.000332
-0.000348
-0.000362
-0.000374
-0.000384
-0.000392
-0.000397
-0.000398
-0.000398
-0.000396
-0.000393
-0.000388
-0.000383
-0.000377
-0.000372
-0.000367
-0.000362
-0.000357
-0.000352
-0.000346
-0.000340
-0.000334
-0.000327
-0.000322
-0.000317
-0.000312
-0.000307
-0.000304
-0.000302
-0.000300
-0.000302
-0.000304
-0.000306
-0.000312
-0.000317
-0.000323
-0.000329
-0.000336
-0.000342
-0.000349
-0.000357
-0.000364
-0.000372
-0.000380
-0.000388
-0.000397
-0.000406
-0.000413
-0.000421
-0.000427
-0.000432
-0.000433
-0.000434
-0.000432
-0.000428
-0.000421
-0.000412
-0.000399
-0.000387
-0.000371
-0.000353
-0.000333
-0.000312
-0.000288
-0.000261
-0.000232
-0.000199
-0.000163
-0.000125
-0.000085
-0.000043
0.000003
0.000049
0.000095
0.000141
0.000187
0.000234
0.000279
0.000322
0.000366
0.000407
0.000447
0.000486
0.000524
0.000560
0.000593
0.000625
0.000655
0.000681
0.000703
0.000721
0.000735
0.000744
0.000750
0.000751
0.000749
0.000742
0.000730
0.000716
0.000700
0.000682
0.000659
0.000634
0.000607
0.000579
0.000548
0.000516
0.000482
0.000445
0.000408
0.000369
0.000329
0.000289
0.000249
0.000211
0.000174
0.000139
0.000106
0.000075
0.000047
0.000021
-0.000004
-0.000026
-0.000047
-0.000065
-0.000082
-0.000096
-0.000109
-0.000119
-0.000126
-0.000130
-0.000130
-0.000129
-0.000126
-0.000121
-0.000114
-0.000105
-0.000098
-0.000089
-0.000080
-0.000072
-0.000063
-0.000055
-0.000049
-0.000042
-0.000035
-0.000029
-0.000024
-0.000019
-0.000014
-0.000011
-0.000009
-0.000009
-0.000010
-0.000014
-0.000020
-0.000028
-0.000038
-0.000051
-0.000063
-0.000078
-0.000094
-0.000110
-0.000127
-0.000143
-0.000159
-0.000176
-0.000192
-0.000209
-0.000226
-0.000242
-0.000259
-0.000276
-0.000293
-0.000307
-0.000321
-0.000333
-0.000343
-0.000353
-0.000360
-0.000364
-0.000366
-0.000366
-0.000364
-0.000360
-0.000356
-0.000350
-0.000343
-0.000336
-0.000328
-0.000320
-0.000310
-0.000300
-0.000288
-0.000276
-0.000262
-0.000246
-0.000229
-0.000212
-0.000196
-0.000178
-0.000161
-0.000144
-0.000127
-0.000111
-0.000097
-0.000082
-0.000068
-0.000054
-0.000041
-0.000028
-0.000013
0.000000
0.000015
0.000029
0.000042
0.000054
0.000066
0.000076
0.000086
0.000095
0.000103
0.000110
0.000116
0.000122
0.000128
0.000134
0.000139
0.000144
0.000149
0.000151
0.000153
0.000153
0.000152
0.000150
0.000147
0.000140
0.000132
0.000124
0.000116
0.000106
0.000096
0.000084
0.000071
0.000057
0.000043
0.000028
0.000011
-0.000006
-0.000025
-0.000046
-0.000068
-0.000090
-0.000113
-0.000136
-0.000160
-0.000183
-0.000205
-0.000227
-0.000247
-0.000266
-0.000282
-0.000298
-0.000311
-0.000323
-0.000334
-0.000343
-0.000350
-0.000355
-0.000358
-0.000359
-0.000356
-0.000351
-0.000341
-0.000329
-0.000314
-0.000296
-0.000277
-0.000255
-0.000231
-0.000208
-0.000182
-0.000156
-0.000129
-0.000102
-0.000075
-0.000047
-0.000020
0.000008
0.000035
0.000062
0.000089
0.000115
0.000139
0.000161
0.000180
0.000196
0.000210
0.000221
0.000228
0.000233
0.000235
0.000236
0.000233
0.000229
0.000224
0.000216
0.000207
0.000195
0.000182
0.000165
0.000147
0.000127
0.000104
0.000081
0.000057
0.000032
0.000008
-0.000016
-0.000039
-0.000061
-0.000081
-0.000099
-0.000116
-0.000131
-0.000143
-0.000154
-0.000164
-0.000172
-0.000179
-0.000184
-0.000188
-0.000190
-0.000191
-0.000188
-0.000183
-0.000175
-0.000165
-0.000153
-0.000140
-0.000123
-0.000106
-0.000087
-0.000068
-0.000048
-0.000027
-0.000007
0.000014
0.000035
0.000055
0.000075
0.000095
0.000116
0.000137
0.000158
0.000178
0.000197
0.000216
0.000233
0.000248
0.000262
0.000273
0.000285
0.000294
0.000303
0.000309
0.000313
0.000318
0.000322
0.000325
0.000329
0.000332
0.000334
0.000335
0.000335
0.000335
0.000334
0.000331
0.000328
0.000324
0.000320
0.000315
0.000310
0.000305
0.000300
0.000295
0.000290
0.000284
0.000277
0.000271
0.000263
0.000255
0.000246
0.000236
0.000225
0.000213
0.000200
0.000187
0.000173
0.000161
0.000147
0.000135
0.000121
0.000108
0.000095
0.000082
0.000066
0.000050
0.000033
0.000016
-0.000004
-0.000022
-0.000040
-0.000057
-0.000073
-0.000089
-0.000104
-0.000118
-0.000131
-0.000143
-0.000155
-0.000166
-0.000178
-0.000188
-0.000199
-0.000210
-0.000220
-0.000228
-0.000234
-0.000240
-0.000244
-0.000247
-0.000249
-0.000247
-0.000246
-0.000242
-0.000238
-0.000233
-0.000228
-0.000223
-0.000217
-0.000210
-0.000203
-0.000195
-0.000187
-0.000177
-0.000167
-0.000155
-0.000143
-0.000129
-0.000115
-0.000100
-0.000084
-0.000068
-0.000053
-0.000038
-0.000022
-0.000007
0.000009
0.000024
0.000039
0.000055
0.000073
0.000092
0.000111
0.000131
0.000151
0.000170
0.000190
0.000209
0.000227
0.000244
0.000259
0.000275
0.000288
0.000301
0.000314
0.000326
0.000337
0.000347
0.000358
0.000366
0.000373
0.000378
0.000381
0.000380
0.000378
0.000374
0.000367
0.000358
0.000347
0.000334
0.000321
0.000306
0.000289
0.000272
0.000255
0.000235
0.000215
0.000195
0.000174
0.000151
0.000128
0.000104
0.000079
0.000055
0.000033
0.000012
-0.000008
-0.000025
-0.000040
-0.000053
-0.000063
-0.000070
-0.000076
-0.000079
-0.000080
-0.000080
-0.000077
-0.000073
-0.000068
-0.000060
-0.000050
-0.000038
-0.000024
-0.000007
0.000011
0.000030
0.000051
0.000073
0.000095
0.000118
0.000140
0.000160
0.000179
0.000196
0.000210
0.000223
0.000234
0.000244
0.000252
0.000258
0.000263
0.000265
0.000265
0.000264
0.000260
0.000252
0.000241
0.000228
0.000213
0.000195
0.000175
0.000155
0.000132
0.000109
0.000087
0.000065
0.000044
0.000023
0.000004
-0.000014
-0.000033
-0.000049
-0.000065
-0.000080
-0.000093
-0.000105
-0.000114
-0.000120
-0.000125
-0.000125
-0.000122
-0.000115
-0.000107
-0.000094
-0.000079
-0.000063
-0.000044
-0.000023
-0.000002
0.000021
0.000044
0.000068
0.000093
0.000121
0.000148
0.000176
0.000205
0.000232
0.000261
0.000289
0.000315
0.000339
0.000362
0.000381
0.000399
0.000413
0.000424
0.000432
0.000437
0.000440
0.000440
0.000438
0.000433
0.000428
0.000419
0.000407
0.000392
0.000374
0.000354
0.000331
0.000305
0.000277
0.000247
0.000214
0.000181
0.000146
0.000111
0.000074
0.000038
0.000002
-0.000033
-0.000067
-0.000101
-0.000136
-0.000170
-0.000202
-0.000235
-0.000266
-0.000297
-0.000325
-0.000351
-0.000374
-0.000392
-0.000409
-0.000421
-0.000430
-0.000435
-0.000437
-0.000435
-0.000431
-0.000424
-0.000415
-0.000403
-0.000388
-0.000371
-0.000353
-0.000331
-0.000305
-0.000276
-0.000244
-0.000209
-0.000171
-0.000132
-0.000092
-0.000048
-0.000006
0.000037
0.000078
0.000121
0.000162
0.000201
0.000238
0.000275
0.000311
0.000346
0.000380
0.000410
0.000438
0.000464
0.000487
0.000504
0.000517
0.000527
0.000532
0.000531
0.000527
0.000518
0.000505
0.000487
0.000466
0.000442
0.000416
0.000386
0.000355
0.000321
0.000284
0.000246
0.000204
0.000161
0.000116
0.000071
0.000024
-0.000023
-0.000069
-0.000113
-0.000156
-0.000195
-0.000232
-0.000266
-0.000297
-0.000325
-0.000349
-0.000371
-0.000391
-0.000407
-0.000419
-0.000428
-0.000433
-0.000433
-0.000430
-0.000424
-0.000414
-0.000399
-0.000380
-0.000358
-0.000333
-0.000305
-0.000276
-0.000245
-0.000213
-0.000182
-0.000150
-0.000118
-0.000086
-0.000054
-0.000023
0.000007
0.000037
0.000064
0.000091
0.000116
0.000139
0.000159
0.000175
0.000188
0.000197
0.000201
0.000203
0.000200
0.000194
0.000185
0.000173
0.000158
0.000142
0.000124
0.000104
0.000083
0.000061
0.000036
0.000009
-0.000019
-0.000049
-0.000079
-0.000110
-0.000140
-0.000171
-0.000200
-0.000228
-0.000253
-0.000277
-0.000298
-0.000316
-0.000333
-0.000347
-0.000359
-0.000370
-0.000377
-0.000385
-0.000389
-0.000393
-0.000395
-0.000394
-0.000390
-0.000382
-0.000374
-0.000363
-0.000349
-0.000334
-0.000316
-0.000297
-0.000278
-0.000258
-0.000239
-0.000220
-0.000200
-0.000180
-0.000161
-0.000142
-0.000124
-0.000105
-0.000087
-0.000069
-0.000050
-0.000032
-0.000015
0.000001
0.000016
0.000030
0.000042
0.000053
0.000063
0.000071
0.000078
0.000085
0.000091
0.000097
0.000104
0.000110
0.000115
0.000121
0.000129
0.000135
0.000141
0.000147
0.000151
0.000157
0.000161
0.000165
0.000170
0.000175
0.000180
0.000187
0.000194
0.000201
0.000209
0.000219
0.000229
0.000238
0.000246
0.000254
0.000260
0.000266
0.000271
0.000275
0.000278
0.000282
0.000285
0.000289
0.000292
0.000295
0.000298
0.000299
0.000299
0.000298
0.000294
0.000290
0.000283
0.000276
0.000264
0.000253
0.000241
0.000228
0.000215
0.000201
0.000187
0.000173
0.000158
0.000143
0.000126
0.000109
0.000092
0.000074
0.000056
0.000036
0.000016
-0.000002
-0.000020
-0.000036
-0.000051
-0.000064
-0.000075
-0.000085
-0.000093
-0.000099
-0.000105
-0.000109
-0.000113
-0.000116
-0.000117
-0.000118
-0.000117
-0.000115
-0.000111
-0.000108
-0.000104
-0.000098
-0.000092
-0.000085
-0.000077
-0.000070
-0.000065
-0.000060
-0.000057
-0.000056
-0.000057
-0.000060
-0.000065
-0.000071
-0.000079
-0.000088
-0.000099
-0.000113
-0.000127
-0.000143
-0.000162
-0.000182
-0.000203
-0.000226
-0.000252
-0.000281
-0.000311
-0.000342
-0.000375
-0.000408
-0.000442
-0.000475
-0.000508
-0.000540
-0.000570
-0.000597
-0.000623
-0.000648
-0.000671
-0.000693
-0.000711
-0.000727
-0.000742
-0.000753
-0.000762
-0.000767
-0.000769
-0.000767
-0.000762
-0.000753
-0.000739
-0.000722
-0.000702
-0.000678
-0.000653
-0.000626
-0.000597
-0.000567
-0.000534
-0.000499
-0.000463
-0.000425
-0.000386
-0.000344
-0.000302
-0.000260
-0.000217
-0.000173
-0.000132
-0.000091
-0.000052
-0.000016
0.000018
0.000049
0.000079
0.000105
0.000129
0.000152
0.000173
0.000191
0.000207
0.000220
0.000231
0.000239
0.000245
0.000247
0.000247
0.000243
0.000236
0.000225
0.000212
0.000196
0.000177
0.000158
0.000137
0.000116
0.000094
0.000071
0.000047
0.000023
-0.000002
-0.000027
-0.000054
-0.000080
-0.000109
-0.000137
-0.000165
-0.000195
-0.000223
-0.000251
-0.000277
-0.000302
-0.000325
-0.000347
-0.000368
-0.000387
-0.000406
-0.000424
-0.000441
-0.000457
-0.000473
-0.000487
-0.000501
-0.000514
-0.000526
-0.000538
-0.000548
-0.000555
-0.000559
-0.000564
-0.000568
-0.000570
-0.000571
-0.000570
-0.000571
-0.000572
-0.000571
-0.000570
-0.000568
-0.000567
-0.000564
-0.000560
-0.000557
-0.000553
-0.000547
-0.000541
-0.000535
-0.000529
-0.000523
-0.000518
-0.000513
-0.000508
-0.000506
-0.000504
-0.000503
-0.000501
-0.000500
-0.000499
-0.000498
-0.000496
-0.000496
-0.000494
-0.000494
-0.000493
-0.000492
-0.000491
-0.000492
-0.000492
-0.000492
-0.000493
-0.000494
-0.000495
-0.000494
-0.000492
-0.000490
-0.000486
-0.000480
-0.000473
-0.000465
-0.000455
-0.000444
-0.000433
-0.000421
-0.000408
-0.000394
-0.000380
-0.000363
-0.000346
-0.000326
-0.000307
-0.000285
-0.000262
-0.000239
-0.000214
-0.000190
-0.000166
-0.000143
-0.000119
-0.000098
-0.000078
-0.000059
-0.000041
-0.000025
-0.000010
0.000004
0.000018
0.000031
0.000042
0.000052
0.000059
0.000065
0.000069
0.000071
0.000072
0.000070
0.000067
0.000060
0.000054
0.000046
0.000039
0.000032
0.000023
0.000016
0.000009
0.000003
-0.000002
-0.000007
-0.000012
-0.000018
-0.000021
-0.000025
-0.000028
-0.000029
-0.000028
-0.000026
-0.000023
-0.000016
-0.000007
0.000005
0.000020
0.000036
0.000055
0.000073
0.000093
0.000112
0.000133
0.000153
0.000174
0.000194
0.000214
0.000235
0.000255
0.000275
0.000295
0.000313
0.000329
0.000344
0.000355
0.000364
0.000370
0.000372
0.000372
0.000368
0.000360
0.000348
0.000335
0.000318
0.000300
0.000278
0.000255
0.000230
0.000204
0.000175
0.000146
0.000115
0.000083
0.000049
0.000015
-0.000019
-0.000054
-0.000088
-0.000118
-0.000147
-0.000173
-0.000197
-0.000218
-0.000235
-0.000249
-0.000258
-0.000267
-0.000271
-0.000272
-0.000269
-0.000263
-0.000254
-0.000242
-0.000227
-0.000208
-0.000187
-0.000164
-0.000137
-0.000106
-0.000074
-0.000039
-0.000004
0.000032
0.000069
0.000106
0.000142
0.000177
0.000213
0.000247
0.000280
0.000311
0.000340
0.000369
0.000395
0.000419
0.000443
0.000465
0.000483
0.000500
0.000512
0.000521
0.000527
0.000531
0.000532
0.000530
0.000525
0.000520
0.000513
0.000505
0.000496
0.000488
0.000479
0.000470
0.000459
0.000448
0.000435
0.000424
0.000412
0.000399
0.000386
0.000375
0.000365
0.000357
0.000350
0.000345
0.000342
0.000342
0.000343
0.000346
0.000350
0.000354
0.000359
0.000364
0.000370
0.000377
0.000384
0.000390
0.000399
0.000406
0.000415
0.000424
0.000433
0.000442
0.000451
0.000458
0.000463
0.000468
0.000472
0.000473
0.000472
0.000470
0.000467
0.000462
0.000455
0.000448
0.000440
0.000431
0.000422
0.000412
0.000402
0.000392
0.000380
0.000368
0.000355
0.000340
0.000324
0.000309
0.000294
0.000279
0.000265
0.000251
0.000238
0.000227
0.000216
0.000207
0.000199
0.000192
0.000184
0.000177
0.000170
0.000161
0.000153
0.000145
0.000137
0.000129
0.000123
0.000116
0.000110
0.000104
0.000098
0.000091
0.000085
0.000078
0.000069
0.000059
0.000047
0.000034
0.000019
0.000002
-0.000015
-0.000035
-0.000054
-0.000074
-0.000093
-0.000113
-0.000133
-0.000154
-0.000175
-0.000197
-0.000220
-0.000244
-0.000269
-0.000295
-0.000320
-0.000347
-0.000372
-0.000395
-0.000419
-0.000440
-0.000460
-0.000476
-0.000491
-0.000504
-0.000515
-0.000525
-0.000534
-0.000542
-0.000547
-0.000551
-0.000554
-0.000554
-0.000551
-0.000545
-0.000536
-0.000524
-0.000510
-0.000491
-0.000470
-0.000446
-0.000419
-0.000391
-0.000361
-0.000331
-0.000298
-0.000264
-0.000229
-0.000194
-0.000157
-0.000119
-0.000079
-0.000039
0.000002
0.000044
0.000085
0.000127
0.000168
0.000208
0.000245
0.000281
0.000314
0.000346
0.000375
0.000402
0.000428
0.000453
0.000475
0.000495
0.000513
0.000530
0.000545
0.000557
0.000567
0.000574
0.000578
0.000578
0.000577
0.000574
0.000569
0.000561
0.000552
0.000542
0.000530
0.000519
0.000505
0.000491
0.000476
0.000460
0.000442
0.000425
0.000407
0.000389
0.000370
0.000350
0.000330
0.000311
0.000292
0.000273
0.000255
0.000238
0.000222
0.000208
0.000193
0.000180
0.000169
0.000157
0.000145
0.000135
0.000126
0.000118
0.000111
0.000104
0.000100
0.000098
0.000098
0.000098
0.000099
0.000101
0.000103
0.000108
0.000112
0.000117
0.000121
0.000124
0.000128
0.000133
0.000138
0.000144
0.000151
0.000157
0.000165
0.000171
0.000179
0.000186
0.000193
0.000201
0.000208
0.000213
0.000217
0.000220
0.000222
0.000223
0.000224
0.000226
0.000227
0.000228
0.000228
0.000229
0.000229
0.000228
0.000226
0.000224
0.000219
0.000212
0.000206
0.000199
0.000189
0.000178
0.000165
0.000153
0.000140
0.000126
0.000112
0.000097
0.000081
0.000064
0.000046
0.000027
0.000007
-0.000015
-0.000038
-0.000062
-0.000088
-0.000114
-0.000139
-0.000166
-0.000193
-0.000218
-0.000241
-0.000264
-0.000285
-0.000306
-0.000326
-0.000346
-0.000365
-0.000383
-0.000400
-0.000416
-0.000430
-0.000442
-0.000452
-0.000458
-0.000463
-0.000464
-0.000460
-0.000455
-0.000446
-0.000436
-0.000424
-0.000410
-0.000394
-0.000376
-0.000357
-0.000336
-0.000316
-0.000293
-0.000268
-0.000242
-0.000217
-0.000190
-0.000161
-0.000134
-0.000107
-0.000081
-0.000057
-0.000035
-0.000014
0.000005
0.000019
0.000031
0.000041
0.000047
0.000051
0.000051
0.000048
0.000042
0.000034
0.000022
0.000007
-0.000012
-0.000034
-0.000060
-0.000089
-0.000121
-0.000154
-0.000191
-0.000228
-0.000266
-0.000304
-0.000343
-0.000382
-0.000419
-0.000454
-0.000488
-0.000521
-0.000553
-0.000583
-0.000610
-0.000635
-0.000657
-0.000676
-0.000693
-0.000705
-0.000714
-0.000717
-0.000716
-0.000710
-0.000700
-0.000685
-0.000667
-0.000644
-0.000619
-0.000592
-0.000563
-0.000532
-0.000499
-0.000464
-0.000427
-0.000389
-0.000349
-0.000308
-0.000265
-0.000222
-0.000179
-0.000136
-0.000095
-0.000055
-0.000018
0.000017
0.000050
0.000078
0.000104
0.000127
0.000148
0.000166
0.000182
0.000194
0.000205
0.000215
0.000222
0.000227
0.000229
0.000230
0.000227
0.000222
0.000215
0.000207
0.000197
0.000184
0.000172
0.000159
0.000147
0.000137
0.000126
0.000115
0.000105
0.000096
0.000088
0.000080
0.000072
0.000065
0.000058
0.000052
0.000048
0.000042
0.000038
0.000035
0.000033
0.000031
0.000032
0.000034
0.000036
0.000036
0.000038
0.000037
0.000036
0.000034
0.000032
0.000030
0.000026
0.000021
0.000016
0.000011
0.000006
0.000001
-0.000004
-0.000008
-0.000014
-0.000020
-0.000025
-0.000031
-0.000038
-0.000046
-0.000054
-0.000061
-0.000069
-0.000075
-0.000081
-0.000086
-0.000088
-0.000089
-0.000088
-0.000086
-0.000082
-0.000077
-0.000069
-0.000062
-0.000054
-0.000045
-0.000036
-0.000026
-0.000015
-0.000002
0.000011
0.000026
0.000042
0.000057
0.000075
0.000094
0.000112
0.000130
0.000146
0.000163
0.000176
0.000188
0.000199
0.000208
0.000213
0.000219
0.000222
0.000224
0.000225
0.000224
0.000223
0.000220
0.000215
0.000208
0.000199
0.000189
0.000177
0.000163
0.000147
0.000128
0.000110
0.000091
0.000072
0.000056
0.000040
0.000023
0.000010
-0.000004
-0.000015
-0.000026
-0.000035
-0.000045
-0.000054
-0.000062
-0.000069
-0.000074
-0.000079
-0.000082
-0.000084
-0.000085
-0.000084
-0.000081
-0.000077
-0.000071
-0.000064
-0.000058
-0.000051
-0.000045
-0.000040
-0.000035
-0.000031
-0.000028
-0.000023
-0.000021
-0.000019
-0.000019
-0.000018
-0.000017
-0.000018
-0.000018
-0.000021
-0.000026
-0.000031
-0.000040
-0.000051
-0.000062
-0.000075
-0.000089
-0.000104
-0.000120
-0.000136
-0.000151
-0.000166
-0.000181
-0.000195
-0.000210
-0.000223
-0.000237
-0.000250
-0.000263
-0.000276
-0.000288
-0.000300
-0.000310
-0.000318
-0.000324
-0.000326
-0.000326
-0.000323
-0.000317
-0.000310
-0.000298
-0.000285
-0.000270
-0.000255
-0.000237
-0.000219
-0.000199
-0.000178
-0.000154
-0.000127
-0.000099
-0.000070
-0.000039
-0.000005
0.000030
0.000065
0.000100
0.000135
0.000169
0.000203
0.000235
0.000266
0.000296
0.000323
0.000349
0.000373
0.000395
0.000416
0.000434
0.000450
0.000465
0.000476
0.000485
0.000490
0.000491
0.000489
0.000482
0.000472
0.000458
0.000440
0.000418
0.000395
0.000370
0.000343
0.000314
0.000283
0.000251
0.000217
0.000181
0.000145
0.000106
0.000067
0.000027
-0.000014
-0.000054
-0.000094
-0.000133
-0.000169
-0.000204
-0.000236
-0.000265
-0.000290
-0.000312
-0.000332
-0.000349
-0.000363
-0.000374
-0.000384
-0.000388
-0.000391
-0.000390
-0.000386
-0.000378
-0.000367
-0.000351
-0.000332
-0.000310
-0.000284
-0.000256
-0.000226
-0.000195
-0.000163
-0.000129
-0.000095
-0.000060
-0.000026
0.000008
0.000043
0.000077
0.000110
0.000144
0.000178
0.000210
0.000240
0.000268
0.000295
0.000318
0.000338
0.000356
0.000371
0.000382
0.000391
0.000397
0.000400
0.000401
0.000400
0.000396
0.000390
0.000381
0.000371
0.000358
0.000343
0.000326
0.000307
0.000286
0.000263
0.000238
0.000212
0.000185
0.000159
0.000132
0.000104
0.000078
0.000053
0.000029
0.000005
-0.000019
-0.000042
-0.000064
-0.000087
-0.000109
-0.000131
-0.000153
-0.000175
-0.000195
-0.000213
-0.000230
-0.000246
-0.000260
-0.000273
-0.000284
-0.000292
-0.000301
-0.000307
-0.000315
-0.000320
-0.000326
-0.000332
-0.000336
-0.000340
-0.000345
-0.000347
-0.000347
-0.000346
-0.000344
-0.000340
-0.000336
-0.000330
-0.000325
-0.000318
-0.000311
-0.000304
-0.000297
-0.000290
-0.000284
-0.000278
-0.000271
-0.000263
-0.000255
-0.000246
-0.000235
-0.000225
-0.000215
-0.000204
-0.000193
-0.000182
-0.000172
-0.000164
-0.000157
-0.000151
-0.000145
-0.000140
-0.000134
-0.000129
-0.000124
-0.000118
-0.000112
-0.000108
-0.000103
-0.000098
-0.000094
-0.000090
-0.000087
-0.000086
-0.000085
-0.000086
-0.000087
-0.000087
-0.000088
-0.000088
-0.000089
-0.000089
-0.000087
-0.000085
-0.000082
-0.000081
-0.000079
-0.000078
-0.000078
-0.000079
-0.000081
-0.000083
-0.000085
-0.000088
-0.000091
-0.000095
-0.000099
-0.000101
-0.000105
-0.000108
-0.000112
-0.000118
-0.000123
-0.000130
-0.000138
-0.000148
-0.000158
-0.000169
-0.000180
-0.000191
-0.000203
-0.000213
-0.000223
-0.000235
-0.000246
-0.000254
-0.000265
-0.000275
-0.000284
-0.000292
-0.000302
-0.000310
-0.000318
-0.000325
-0.000331
-0.000335
-0.000337
-0.000335
-0.000331
-0.000324
-0.000315
-0.000304
-0.000289
-0.000273
-0.000254
-0.000233
-0.000210
-0.000186
-0.000159
-0.000131
-0.000101
-0.000068
-0.000034
0.000003
0.000043
0.000084
0.000125
0.000166
0.000208
0.000249
0.000289
0.000328
0.000364
0.000400
0.000434
0.000467
0.000498
0.000528
0.000557
0.000584
0.000609
0.000630
0.000649
0.000666
0.000681
0.000692
0.000700
0.000705
0.000706
0.000704
0.000699
0.000693
0.000683
0.000673
0.000662
0.000648
0.000634
0.000618
0.000601
0.000584
0.000565
0.000546
0.000525
0.000505
0.000484
0.000462
0.000441
0.000422
0.000402
0.000383
0.000364
0.000348
0.000333
0.000321
0.000308
0.000297
0.000286
0.000276
0.000268
0.000258
0.000250
0.000242
0.000235
0.000229
0.000223
0.000219
0.000217
0.000215
0.000215
0.000216
0.000218
0.000219
0.000221
0.000222
0.000222
0.000221
0.000220
0.000219
0.000219
0.000219
0.000219
0.000220
0.000221
0.000222
0.000222
0.000224
0.000227
0.000227
0.000228
0.000227
0.000226
0.000224
0.000220
0.000216
0.000212
0.000208
0.000204
0.000200
0.000196
0.000193
0.000189
0.000185
0.000180
0.000174
0.000167
0.000159
0.000151
0.000141
0.000131
0.000120
0.000108
0.000097
0.000084
0.000072
0.000061
0.000049
0.000037
0.000025
0.000012
-0.000001
-0.000015
-0.000029
-0.000043
-0.000058
-0.000074
-0.000090
-0.000106
-0.000122
-0.000138
-0.000152
-0.000165
-0.000178
-0.000191
-0.000203
-0.000214
-0.000225
-0.000238
-0.000250
-0.000263
-0.000275
-0.000286
-0.000296
-0.000308
-0.000318
-0.000328
-0.000337
-0.000345
-0.000353
-0.000358
-0.000364
-0.000369
-0.000375
-0.000381
-0.000389
-0.000395
-0.000402
-0.000408
-0.000415
-0.000421
-0.000428
-0.000433
-0.000439
-0.000444
-0.000448
-0.000452
-0.000456
-0.000461
-0.000466
-0.000472
-0.000478
-0.000484
-0.000491
-0.000499
-0.000506
-0.000512
-0.000517
-0.000520
-0.000525
-0.000528
-0.000530
-0.000532
-0.000534
-0.000536
-0.000537
-0.000540
-0.000542
-0.000543
-0.000545
-0.000545
-0.000545
-0.000544
-0.000542
-0.000539
-0.000536
-0.000530
-0.000525
-0.000517
-0.000509
-0.000501
-0.000492
-0.000484
-0.000475
-0.000465
-0.000456
-0.000445
-0.000432
-0.000418
-0.000403
-0.000387
-0.000367
-0.000347
-0.000326
-0.000303
-0.000280
-0.000258
-0.000234
-0.000209
-0.000184
-0.000158
-0.000131
-0.000103
-0.000073
-0.000044
-0.000014
0.000017
0.000050
0.000082
0.000115
0.000149
0.000183
0.000215
0.000247
0.000278
0.000307
0.000335
0.000361
0.000388
0.000412
0.000437
0.000461
0.000484
0.000504
0.000524
0.000541
0.000557
0.000570
0.000579
0.000588
0.000593
0.000595
0.000596
0.000595
0.000592
0.000588
0.000582
0.000575
0.000567
0.000560
0.000551
0.000541
0.000529
0.000518
0.000505
0.000491
0.000477
0.000463
0.000448
0.000434
0.000419
0.000407
0.000394
0.000383
0.000373
0.000364
0.000358
0.000352
0.000347
0.000343
0.000340
0.000337
0.000335
0.000334
0.000334
0.000335
0.000338
0.000343
0.000350
0.000358
0.000367
0.000378
0.000391
0.000404
0.000419
0.000433
0.000448
0.000463
0.000476
0.000490
0.000503
0.000515
0.000527
0.000539
0.000551
0.000563
0.000575
0.000585
0.000594
0.000602
0.000609
0.000614
0.000617
0.000618
0.000618
0.000615
0.000612
0.000605
0.000596
0.000585
0.000573
0.000558
0.000541
0.000522
0.000503
0.000480
0.000455
0.000426
0.000394
0.000360
0.000322
0.000284
0.000243
0.000201
0.000158
0.000114
0.000069
0.000026
-0.000017
-0.000061
-0.000104
-0.000147
-0.000188
-0.000230
-0.000271
-0.000310
-0.000348
-0.000385
-0.000418
-0.000448
-0.000476
-0.000499
-0.000517
-0.000530
-0.000539
-0.000544
-0.000545
-0.000541
-0.000533
-0.000522
-0.000508
-0.000489
-0.000468
-0.000442
-0.000412
-0.000379
-0.000343
-0.000302
-0.000260
-0.000215
-0.000168
-0.000120
-0.000069
-0.000020
0.000029
0.000078
0.000124
0.000169
0.000212
0.000252
0.000290
0.000324
0.000356
0.000386
0.000412
0.000434
0.000453
0.000467
0.000476
0.000480
0.000481
0.000476
0.000467
0.000453
0.000435
0.000413
0.000388
0.000361
0.000330
0.000297
0.000264
0.000228
0.000190
0.000152
0.000113
0.000075
0.000036
-0.000001
-0.000038
-0.000074
-0.000108
-0.000140
-0.000169
-0.000194
-0.000217
-0.000235
-0.000248
-0.000259
-0.000265
-0.000268
-0.000269
-0.000264
-0.000258
-0.000249
-0.000238
-0.000223
-0.000207
-0.000187
-0.000165
-0.000141
-0.000114
-0.000086
-0.000057
-0.000027
0.000004
0.000034
0.000064
0.000092
0.000118
0.000144
0.000167
0.000188
0.000206
0.000223
0.000236
0.000248
0.000259
0.000267
0.000273
0.000278
0.000280
0.000278
0.000274
0.000267
0.000257
0.000246
0.000233
0.000218
0.000201
0.000182
0.000163
0.000145
0.000127
0.000109
0.000092
0.000077
0.000061
0.000046
0.000032
0.000018
0.000005
-0.000008
-0.000019
-0.000029
-0.000037
-0.000043
-0.000047
-0.000048
-0.000047
-0.000044
-0.000039
-0.000032
-0.000024
-0.000013
-0.000002
0.000009
0.000022
0.000035
0.000048
0.000061
0.000074
0.000087
0.000102
0.000115
0.000129
0.000143
0.000158
0.000171
0.000184
0.000194
0.000204
0.000212
0.000217
0.000220
0.000222
0.000221
0.000219
0.000217
0.000213
0.000209
0.000204
0.000198
0.000190
0.000181
0.000172
0.000161
0.000150
0.000137
0.000123
0.000108
0.000093
0.000078
0.000062
0.000049
0.000035
0.000025
0.000015
0.000007
-0.000001
-0.000007
-0.000013
-0.000017
-0.000020
-0.000023
-0.000026
-0.000026
-0.000025
-0.000023
-0.000018
-0.000011
-0.000002
0.000009
0.000022
0.000037
0.000053
0.000071
0.000088
0.000107
0.000125
0.000145
0.000163
0.000182
0.000199
0.000216
0.000232
0.000248
0.000264
0.000279
0.000294
0.000307
0.000317
0.000325
0.000331
0.000334
0.000334
0.000330
0.000325
0.000316
0.000305
0.000291
0.000274
0.000256
0.000236
0.000213
0.000190
0.000164
0.000136
0.000106
0.000074
0.000041
0.000006
-0.000031
-0.000068
-0.000106
-0.000145
-0.000182
-0.000218
-0.000251
-0.000285
-0.000315
-0.000343
-0.000369
-0.000391
-0.000413
-0.000432
-0.000449
-0.000466
-0.000481
-0.000495
-0.000505
-0.000513
-0.000517
-0.000518
-0.000515
-0.000509
-0.000501
-0.000489
-0.000477
-0.000463
-0.000446
-0.000428
-0.000411
-0.000392
-0.000374
-0.000356
-0.000337
-0.000318
-0.000299
-0.000279
-0.000259
-0.000239
-0.000218
-0.000199
-0.000179
-0.000159
-0.000142
-0.000125
-0.000111
-0.000095
-0.000081
-0.000069
-0.000058
-0.000047
-0.000036
-0.000023
-0.000011
0.000003
0.000015
0.000029
0.000041
0.000054
0.000068
0.000080
0.000092
0.000104
0.000114
0.000125
0.000137
0.000149
0.000162
0.000175
0.000190
0.000205
0.000220
0.000234
0.000249
0.000264
0.000277
0.000289
0.000299
0.000310
0.000318
0.000325
0.000331
0.000336
0.000340
0.000344
0.000346
0.000348
0.000349
0.000350
0.000349
0.000346
0.000340
0.000332
0.000323
0.000313
0.000302
0.000289
0.000275
0.000260
0.000247
0.000234
0.000221
0.000209
0.000198
0.000186
0.000175
0.000165
0.000156
0.000145
0.000135
0.000126
0.000117
0.000111
0.000105
0.000100
0.000098
0.000098
0.000100
0.000105
0.000111
0.000118
0.000127
0.000137
0.000149
0.000159
0.000171
0.000182
0.000195
0.000208
0.000222
0.000237
0.000253
0.000269
0.000287
0.000305
0.000323
0.000341
0.000358
0.000375
0.000391
0.000406
0.000419
0.000433
0.000446
0.000457
0.000468
0.000478
0.000489
0.000498
0.000507
0.000517
0.000525
0.000532
0.000538
0.000542
0.000545
0.000544
0.000543
0.000541
0.000537
0.000532
0.000526
0.000520
0.000513
0.000506
0.000496
0.000486
0.000475
0.000463
0.000449
0.000434
0.000416
0.000397
0.000377
0.000355
0.000333
0.000311
0.000287
0.000264
0.000242
0.000220
0.000199
0.000177
0.000156
0.000135
0.000114
0.000094
0.000073
0.000055
0.000036
0.000020
0.000006
-0.000007
-0.000017
-0.000025
-0.000030
-0.000033
-0.000033
-0.000031
-0.000026
-0.000018
-0.000010
0.000000
0.000012
0.000026
0.000039
0.000055
0.000073
0.000092
0.000113
0.000136
0.000158
0.000183
0.000207
0.000232
0.000256
0.000278
0.000298
0.000317
0.000333
0.000346
0.000357
0.000366
0.000373
0.000377
0.000379
0.000379
0.000377
0.000372
0.000363
0.000352
0.000337
0.000319
0.000296
0.000272
0.000246
0.000216
0.000185
0.000152
0.000117
0.000081
0.000045
0.000010
-0.000024
-0.000059
-0.000093
-0.000126
-0.000158
-0.000189
-0.000218
-0.000244
-0.000269
-0.000290
-0.000308
-0.000323
-0.000335
-0.000342
-0.000346
-0.000345
-0.000340
-0.000330
-0.000316
-0.000299
-0.000278
-0.000253
-0.000227
-0.000197
-0.000165
-0.000131
-0.000096
-0.000058
-0.000017
0.000026
0.000070
0.000115
0.000162
0.000209
0.000256
0.000302
0.000348
0.000392
0.000434
0.000475
0.000512
0.000547
0.000579
0.000608
0.000635
0.000660
0.000681
0.000700
0.000716
0.000728
0.000737
0.000742
0.000743
0.000740
0.000732
0.000721
0.000705
0.000685
0.000662
0.000636
0.000608
0.000577
0.000544
0.000509
0.000472
0.000432
0.000389
0.000346
0.000299
0.000250
0.000199
0.000147
0.000094
0.000041
-0.000013
-0.000066
-0.000118
-0.000170
-0.000220
-0.000269
-0.000317
-0.000361
-0.000406
-0.000449
-0.000489
-0.000528
-0.000565
-0.000599
-0.000632
-0.000661
-0.000686
-0.000708
-0.000726
-0.000740
-0.000750
-0.000755
-0.000757
-0.000755
-0.000749
-0.000740
-0.000728
-0.000713
-0.000695
-0.000673
-0.000650
-0.000624
-0.000594
-0.000564
-0.000529
-0.000492
-0.000453
-0.000412
-0.000370
-0.000327
-0.000284
-0.000240
-0.000197
-0.000155
-0.000114
-0.000074
-0.000035
0.000003
0.000040
0.000076
0.000109
0.000141
0.000172
0.000201
0.000227
0.000251
0.000273
0.000291
0.000305
0.000316
0.000325
0.000332
0.000335
0.000337
0.000336
0.000333
0.000330
0.000324
0.000318
0.000311
0.000301
0.000290
0.000277
0.000263
0.000249
0.000233
0.000216
0.000199
0.000181
0.000162
0.000145
0.000129
0.000115
0.000100
0.000086
0.000073
0.000060
0.000048
0.000036
0.000024
0.000010
-0.000004
-0.000018
-0.000032
-0.000047
-0.000062
-0.000077
-0.000091
-0.000106
-0.000120
-0.000133
-0.000147
-0.000162
-0.000178
-0.000196
-0.000213
-0.000232
-0.000253
-0.000274
-0.000295
-0.000317
-0.000340
-0.000362
-0.000384
-0.000406
-0.000425
-0.000445
-0.000464
-0.000481
-0.000498
-0.000514
-0.000529
-0.000543
-0.000555
-0.000567
-0.000577
-0.000584
-0.000589
-0.000590
-0.000589
-0.000585
-0.000577
-0.000567
-0.000554
-0.000540
-0.000523
-0.000504
-0.000484
-0.000461
-0.000438
-0.000412
-0.000385
-0.000356
-0.000325
-0.000293
-0.000258
-0.000223
-0.000187
-0.000150
-0.000112
-0.000076
-0.000040
-0.000006
0.000027
0.000058
0.000086
0.000113
0.000138
0.000161
0.000182
0.000201
0.000219
0.000235
0.000248
0.000258
0.000266
0.000270
0.000271
0.000268
0.000262
0.000253
0.000240
0.000223
0.000205
0.000184
0.000161
0.000136
0.000111
0.000084
0.000057
0.000028
-0.000001
-0.000032
-0.000063
-0.000096
-0.000129
-0.000163
-0.000197
-0.000231
-0.000263
-0.000295
-0.000326
-0.000354
-0.000380
-0.000404
-0.000426
-0.000446
-0.000463
-0.000479
-0.000492
-0.000503
-0.000513
-0.000521
-0.000526
-0.000529
-0.000530
-0.000529
-0.000524
-0.000517
-0.000508
-0.000496
-0.000483
-0.000468
-0.000453
-0.000438
-0.000422
-0.000404
-0.000385
-0.000369
-0.000352
-0.000334
-0.000318
-0.000302
-0.000285
-0.000268
-0.000252
-0.000237
-0.000223
-0.000209
-0.000198
-0.000188
-0.000181
-0.000175
-0.000173
-0.000173
-0.000175
-0.000179
-0.000185
-0.000193
-0.000203
-0.000214
-0.000226
-0.000238
-0.000253
-0.000270
-0.000288
-0.000308
-0.000329
-0.000352
-0.000375
-0.000399
-0.000424
-0.000449
-0.000473
-0.000496
-0.000517
-0.000537
-0.000555
-0.000570
-0.000585
-0.000597
-0.000609
-0.000619
-0.000628
-0.000634
-0.000638
-0.000642
-0.000642
-0.000640
-0.000634
-0.000625
-0.000613
-0.000597
-0.000577
-0.000557
-0.000534
-0.000508
-0.000481
-0.000455
-0.000427
-0.000397
-0.000367
-0.000336
-0.000305
-0.000272
-0.000239
-0.000206
-0.000173
-0.000140
-0.000108
-0.000076
-0.000045
-0.000016
0.000012
0.000037
0.000059
0.000078
0.000095
0.000108
0.000119
0.000128
0.000134
0.000139
0.000142
0.000141
0.000139
0.000135
0.000128
0.000119
0.000108
0.000095
0.000078
0.000058
0.000039
0.000017
-0.000004
-0.000026
-0.000047
-0.000068
-0.000087
-0.000106
-0.000122
-0.000137
-0.000152
-0.000163
-0.000175
-0.000184
-0.000193
-0.000199
-0.000202
-0.000202
-0.000199
-0.000192
-0.000181
-0.000166
-0.000148
-0.000126
-0.000100
-0.000073
-0.000042
-0.000009
0.000026
0.000062
0.000101
0.000139
0.000180
0.000219
0.000261
0.000304
0.000347
0.000392
0.000436
0.000480
0.000522
0.000563
0.000603
0.000639
0.000673
0.000703
0.000731
0.000755
0.000775
0.000792
0.000806
0.000817
0.000824
0.000829
0.000830
0.000829
0.000823
0.000815
0.000804
0.000789
0.000772
0.000751
0.000728
0.000703
0.000674
0.000646
0.000614
0.000584
0.000552
0.000520
0.000489
0.000457
0.000426
0.000395
0.000364
0.000334
0.000304
0.000275
0.000247
0.000220
0.000195
0.000173
0.000152
0.000135
0.000120
0.000108
0.000099
0.000092
0.000087
0.000082
0.000081
0.000080
0.000081
0.000082
0.000085
0.000088
0.000093
0.000098
0.000105
0.000113
0.000123
0.000133
0.000144
0.000155
0.000167
0.000178
0.000187
0.000195
0.000203
0.000209
0.000213
0.000217
0.000220
0.000222
0.000224
0.000225
0.000224
0.000223
0.000221
0.000218
0.000214
0.000209
0.000203
0.000196
0.000188
0.000179
0.000169
0.000160
0.000149
0.000140
0.000131
0.000124
0.000116
0.000112
0.000108
0.000105
0.000101
0.000099
0.000097
0.000096
0.000095
0.000095
0.000097
0.000101
0.000106
0.000112
0.000121
0.000130
0.000143
0.000156
0.000170
0.000185
0.000200
0.000216
0.000231
0.000247
0.000262
0.000277
0.000290
0.000305
0.000320
0.000334
0.000349
0.000363
0.000378
0.000391
0.000403
0.000413
0.000423
0.000430
0.000434
0.000436
0.000436
0.000434
0.000431
0.000426
0.000419
0.000412
0.000403
0.000394
0.000383
0.000372
0.000358
0.000344
0.000328
0.000310
0.000291
0.000270
0.000247
0.000224
0.000201
0.000178
0.000155
0.000132
0.000111
0.000091
0.000070
0.000051
0.000032
0.000015
-0.000003
-0.000018
-0.000033
-0.000046
-0.000059
-0.000070
-0.000079
-0.000087
-0.000092
-0.000095
-0.000096
-0.000095
-0.000091
-0.000085
-0.000078
-0.000070
-0.000063
-0.000054
-0.000044
-0.000034
-0.000023
-0.000010
0.000003
0.000016
0.000032
0.000049
0.000066
0.000085
0.000103
0.000122
0.000141
0.000162
0.000180
0.000198
0.000215
0.000231
0.000247
0.000263
0.000279
0.000295
0.000311
0.000328
0.000345
0.000362
0.000377
0.000393
0.000407
0.000420
0.000432
0.000444
0.000453
0.000462
0.000469
0.000475
0.000481
0.000487
0.000492
0.000498
0.000502
0.000507
0.000510
0.000510
0.000511
0.000510
0.000507
0.000502
0.000495
0.000488
0.000479
0.000469
0.000457
0.000446
0.000434
0.000421
0.000409
0.000397
0.000383
0.000369
0.000354
0.000338
0.000320
0.000302
0.000283
0.000263
0.000243
0.000223
0.000204
0.000186
0.000167
0.000151
0.000135
0.000121
0.000109
0.000097
0.000086
0.000074
0.000063
0.000053
0.000045
0.000037
0.000031
0.000027
0.000024
0.000023
0.000024
0.000027
0.000031
0.000036
0.000042
0.000047
0.000053
0.000059
0.000064
0.000069
0.000073
0.000078
0.000082
0.000085
0.000086
0.000089
0.000089
0.000090
0.000089
0.000087
0.000083
0.000077
0.000070
0.000061
0.000048
0.000033
0.000016
-0.000002
-0.000023
-0.000045
-0.000066
-0.000090
-0.000114
-0.000138
-0.000163
-0.000189
-0.000215
-0.000242
-0.000268
-0.000296
-0.000324
-0.000351
-0.000377
-0.000403
-0.000427
-0.000450
-0.000470
-0.000487
-0.000502
-0.000515
-0.000524
-0.000529
-0.000533
-0.000534
-0.000533
-0.000529
-0.000523
-0.000514
-0.000503
-0.000487
-0.000470
-0.000448
-0.000423
-0.000393
-0.000361
-0.000326
-0.000287
-0.000248
-0.000206
-0.000162
-0.000118
-0.000072
-0.000026
0.000019
0.000065
0.000111
0.000156
0.000201
0.000246
0.000290
0.000332
0.000373
0.000412
0.000447
0.000480
0.000509
0.000535
0.000556
0.000572
0.000585
0.000593
0.000598
0.000597
0.000593
0.000585
0.000575
0.000560
0.000541
0.000520
0.000494
0.000465
0.000432
0.000396
0.000355
0.000313
0.000268
0.000221
0.000173
0.000124
0.000076
0.000027
-0.000021
-0.000068
-0.000111
-0.000153
-0.000194
-0.000232
-0.000268
-0.000302
-0.000334
-0.000362
-0.000386
-0.000406
-0.000423
-0.000435
-0.000442
-0.000444
-0.000441
-0.000434
-0.000423
-0.000410
-0.000393
-0.000374
-0.000352
-0.000328
-0.000301
-0.000275
-0.000245
-0.000214
-0.000181
-0.000148
-0.000114
-0.000080
-0.000046
-0.000012
0.000020
0.000051
0.000080
0.000108
0.000132
0.000154
0.000172
0.000187
0.000200
0.000209
0.000216
0.000221
0.000223
0.000223
0.000221
0.000217
0.000210
0.000202
0.000191
0.000178
0.000163
0.000147
0.000129
0.000110
0.000090
0.000069
0.000051
0.000032
0.000015
-0.000001
-0.000014
-0.000027
-0.000038
-0.000048
-0.000056
-0.000062
-0.000068
-0.000071
-0.000073
-0.000074
-0.000073
-0.000070
-0.000065
-0.000057
-0.000048
-0.000036
-0.000023
-0.000009
0.000006
0.000022
0.000039
0.000056
0.000073
0.000089
0.000106
0.000122
0.000138
0.000153
0.000168
0.000184
0.000199
0.000214
0.000229
0.000243
0.000255
0.000266
0.000276
0.000285
0.000292
0.000298
0.000303
0.000307
0.000309
0.000311
0.000311
0.000311
0.000310
0.000311
0.000310
0.000309
0.000308
0.000305
0.000301
0.000295
0.000289
0.000282
0.000274
0.000264
0.000253
0.000244
0.000233
0.000223
0.000212
0.000200
0.000189
0.000177
0.000166
0.000152
0.000139
0.000124
0.000109
0.000093
0.000077
0.000062
0.000047
0.000033
0.000021
0.000009
0.000000
-0.000009
-0.000016
-0.000023
-0.000028
-0.000033
-0.000038
-0.000040
-0.000042
-0.000043
-0.000042
-0.000039
-0.000034
-0.000026
-0.000017
-0.000005
0.000010
0.000025
0.000044
0.000063
0.000083
0.000105
0.000127
0.000148
0.000170
0.000193
0.000215
0.000237
0.000259
0.000280
0.000302
0.000324
0.000345
0.000366
0.000386
0.000401
0.000414
0.000424
0.000432
0.000436
0.000436
0.000433
0.000427
0.000418
0.000406
0.000392
0.000374
0.000355
0.000332
0.000307
0.000278
0.000248
0.000215
0.000179
0.000141
0.000101
0.000060
0.000016
-0.000026
-0.000070
-0.000112
-0.000155
-0.000195
-0.000235
-0.000271
-0.000307
-0.000341
-0.000374
-0.000405
-0.000434
-0.000460
-0.000484
-0.000507
-0.000526
-0.000542
-0.000555
-0.000564
-0.000570
-0.000573
-0.000572
-0.000568
-0.000561
-0.000552
-0.000542
-0.000529
-0.000514
-0.000498
-0.000480
-0.000461
-0.000441
-0.000420
-0.000396
-0.000371
-0.000344
-0.000317
-0.000288
-0.000259
-0.000230
-0.000202
-0.000174
-0.000146
-0.000120
-0.000094
-0.000070
-0.000044
-0.000021
0.000002
0.000025
0.000049
0.000071
0.000094
0.000116
0.000138
0.000160
0.000179
0.000198
0.000214
0.000230
0.000243
0.000254
0.000264
0.000274
0.000281
0.000287
0.000294
0.000298
0.000303
0.000305
0.000307
0.000307
0.000306
0.000302
0.000294
0.000286
0.000275
0.000261
0.000245
0.000228
0.000208
0.000187
0.000166
0.000144
0.000121
0.000097
0.000072
0.000047
0.000020
-0.000007
-0.000036
-0.000066
-0.000096
-0.000126
-0.000154
-0.000185
-0.000213
-0.000240
-0.000264
-0.000287
-0.000306
-0.000324
-0.000339
-0.000353
-0.000365
-0.000375
-0.000384
-0.000389
-0.000392
-0.000393
-0.000391
-0.000388
-0.000382
-0.000372
-0.000360
-0.000347
-0.000331
-0.000314
-0.000295
-0.000275
-0.000254
-0.000233
-0.000211
-0.000188
-0.000166
-0.000145
-0.000123
-0.000103
-0.000083
-0.000063
-0.000045
-0.000027
-0.000010
0.000006
0.000020
0.000032
0.000041
0.000048
0.000051
0.000053
0.000053
0.000051
0.000047
0.000042
0.000037
0.000032
0.000025
0.000018
0.000012
0.000005
-0.000001
-0.000008
-0.000017
-0.000026
-0.000035
-0.000045
-0.000055
-0.000064
-0.000072
-0.000078
-0.000084
-0.000088
-0.000091
-0.000092
-0.000092
-0.000091
-0.000090
-0.000087
-0.000085
-0.000083
-0.000081
-0.000080
-0.000078
-0.000076
-0.000074
-0.000072
-0.000068
-0.000063
-0.000058
-0.000052
-0.000047
-0.000042
-0.000036
-0.000032
-0.000028
-0.000026
-0.000024
-0.000023
-0.000023
-0.000023
-0.000023
-0.000023
-0.000021
-0.000020
-0.000017
-0.000015
-0.000012
-0.000008
-0.000004
-0.000000
0.000002
0.000005
0.000008
0.000011
0.000015
0.000019
0.000023
0.000029
0.000036
0.000045
0.000054
0.000063
0.000073
0.000083
0.000092
0.000100
0.000107
0.000113
0.000118
0.000123
0.000126
0.000128
0.000132
0.000134
0.000135
0.000136
0.000136
0.000135
0.000133
0.000130
0.000124
0.000116
0.000108
0.000097
0.000084
0.000070
0.000054
0.000038
0.000021
0.000005
-0.000012
-0.000030
-0.000048
-0.000066
-0.000085
-0.000104
-0.000123
-0.000143
-0.000162
-0.000181
-0.000200
-0.000217
-0.000233
-0.000247
-0.000260
-0.000271
-0.000280
-0.000286
-0.000289
-0.000291
-0.000291
-0.000289
-0.000286
-0.000282
-0.000275
-0.000269
-0.000259
-0.000250
-0.000239
-0.000227
-0.000211
-0.000193
-0.000174
-0.000153
-0.000130
-0.000107
-0.000084
-0.000060
-0.000035
-0.000012
0.000012
0.000035
0.000058
0.000083
0.000106
0.000129
0.000153
0.000174
0.000196
0.000217
0.000236
0.000255
0.000272
0.000288
0.000302
0.000314
0.000324
0.000331
0.000335
0.000340
0.000342
0.000342
0.000341
0.000339
0.000336
0.000332
0.000327
0.000320
0.000312
0.000303
0.000293
0.000281
0.000268
0.000254
0.000238
0.000223
0.000207
0.000192
0.000178
0.000165
0.000154
0.000144
0.000134
0.000126
0.000119
0.000113
0.000109
0.000104
0.000101
0.000099
0.000100
0.000102
0.000106
0.000115
0.000124
0.000136
0.000150
0.000167
0.000186
0.000205
0.000227
0.000251
0.000274
0.000298
0.000321
0.000346
0.000372
0.000397
0.000424
0.000451
0.000478
0.000504
0.000530
0.000556
0.000580
0.000602
0.000622
0.000639
0.000655
0.000669
0.000679
0.000687
0.000693
0.000696
0.000698
0.000699
0.000697
0.000693
0.000689
0.000681
0.000673
0.000662
0.000649
0.000634
0.000617
0.000598
0.000576
0.000555
0.000534
0.000513
0.000493
0.000473
0.000454
0.000436
0.000418
0.000402
0.000386
0.000371
0.000355
0.000341
0.000327
0.000313
0.000300
0.000288
0.000276
0.000267
0.000258
0.000252
0.000246
0.000241
0.000237
0.000233
0.000229
0.000223
0.000218
0.000210
0.000203
0.000195
0.000185
0.000174
0.000163
0.000152
0.000141
0.000129
0.000115
0.000102
0.000089
0.000074
0.000060
0.000044
0.000026
0.000009
-0.000010
-0.000030
-0.000051
-0.000071
-0.000092
-0.000110
-0.000128
-0.000143
-0.000158
-0.000171
-0.000183
-0.000194
-0.000203
-0.000211
-0.000217
-0.000223
-0.000227
-0.000229
-0.000230
-0.000229
-0.000225
-0.000220
-0.000214
-0.000205
-0.000195
-0.000183
-0.000171
-0.000158
-0.000147
-0.000135
-0.000122
-0.000112
-0.000101
-0.000092
-0.000082
-0.000073
-0.000065
-0.000059
-0.000052
-0.000045
-0.000039
-0.000034
-0.000032
-0.000031
-0.000032
-0.000035
-0.000039
-0.000045
-0.000052
-0.000060
-0.000068
-0.000076
-0.000085
-0.000093
-0.000102
-0.000109
-0.000117
-0.000124
-0.000130
-0.000136
-0.000141
-0.000146
-0.000149
-0.000153
-0.000155
-0.000156
-0.000155
-0.000152
-0.000148
-0.000141
-0.000131
-0.000120
-0.000106
-0.000091
-0.000074
-0.000057
-0.000039
-0.000020
0.000000
0.000022
0.000043
0.000065
0.000089
0.000113
0.000138
0.000164
0.000190
0.000216
0.000243
0.000270
0.000297
0.000322
0.000346
0.000369
0.000391
0.000412
0.000431
0.000449
0.000465
0.000480
0.000493
0.000506
0.000518
0.000528
0.000537
0.000544
0.000549
0.000551
0.000551
0.000548
0.000542
0.000533
0.000522
0.000508
0.000494
0.000477
0.000459
0.000440
0.000419
0.000396
0.000372
0.000348
0.000321
0.000293
0.000263
0.000232
0.000200
0.000168
0.000133
0.000099
0.000065
0.000031
-0.000002
-0.000033
-0.000062
-0.000090
-0.000115
-0.000139
-0.000162
-0.000183
-0.000202
-0.000220
-0.000236
-0.000250
-0.000261
-0.000268
-0.000272
-0.000272
-0.000270
-0.000263
-0.000254
-0.000242
-0.000226
-0.000209
-0.000192
-0.000172
-0.000151
-0.000130
-0.000108
-0.000086
-0.000064
-0.000043
-0.000024
-0.000006
0.000013
0.000031
0.000047
0.000061
0.000074
0.000084
0.000090
0.000092
0.000090
0.000085
0.000075
0.000061
0.000044
0.000025
-0.000000
-0.000027
-0.000055
-0.000087
-0.000120
-0.000154
-0.000191
-0.000231
-0.000271
-0.000314
-0.000359
-0.000402
-0.000446
-0.000488
-0.000531
-0.000569
-0.000605
-0.000637
-0.000665
-0.000689
-0.000710
-0.000727
-0.000739
-0.000747
-0.000750
-0.000748
-0.000743
-0.000733
-0.000716
-0.000695
-0.000668
-0.000637
-0.000601
-0.000559
-0.000514
-0.000465
-0.000413
-0.000359
-0.000303
-0.000246
-0.000188
-0.000131
-0.000075
-0.000021
0.000033
0.000085
0.000134
0.000181
0.000224
0.000265
0.000302
0.000336
0.000366
0.000392
0.000410
0.000424
0.000431
0.000432
0.000428
0.000418
0.000402
0.000381
0.000355
0.000326
0.000295
0.000260
0.000223
0.000183
0.000142
0.000098
0.000053
0.000007
-0.000039
-0.000086
-0.000132
-0.000178
-0.000222
-0.000264
-0.000304
-0.000339
-0.000372
-0.000401
-0.000426
-0.000447
-0.000464
-0.000477
-0.000487
-0.000493
-0.000497
-0.000496
-0.000494
-0.000487
-0.000477
-0.000465
-0.000450
-0.000431
-0.000409
-0.000386
-0.000360
-0.000332
-0.000303
-0.000274
-0.000245
-0.000215
-0.000184
-0.000156
-0.000127
-0.000100
-0.000073
-0.000048
-0.000022
0.000002
0.000025
0.000047
0.000068
0.000090
0.000109
0.000126
0.000142
0.000155
0.000167
0.000177
0.000186
0.000195
0.000201
0.000207
0.000213
0.000219
0.000225
0.000232
0.000238
0.000244
0.000250
0.000255
0.000260
0.000264
0.000266
0.000268
0.000269
0.000270
0.000271
0.000271
0.000272
0.000272
0.000273
0.000273
0.000274
0.000273
0.000273
0.000271
0.000269
0.000266
0.000261
0.000254
0.000246
0.000238
0.000230
0.000222
0.000214
0.000205
0.000197
0.000190
0.000182
0.000175
0.000167
0.000160
0.000153
0.000146
0.000141
0.000135
0.000131
0.000128
0.000125
0.000124
0.000124
0.000126
0.000130
0.000136
0.000143
0.000153
0.000164
0.000176
0.000188
0.000200
0.000212
0.000226
0.000241
0.000256
0.000272
0.000289
0.000308
0.000327
0.000346
0.000366
0.000387
0.000406
0.000426
0.000445
0.000463
0.000479
0.000494
0.000508
0.000519
0.000531
0.000541
0.000550
0.000558
0.000566
0.000573
0.000579
0.000584
0.000587
0.000588
0.000586
0.000583
0.000577
0.000569
0.000560
0.000548
0.000535
0.000520
0.000505
0.000488
0.000471
0.000452
0.000434
0.000413
0.000391
0.000368
0.000343
0.000316
0.000287
0.000257
0.000226
0.000193
0.000160
0.000127
0.000092
0.000060
0.000026
-0.000009
-0.000043
-0.000077
-0.000112
-0.000148
-0.000184
-0.000221
-0.000256
-0.000292
-0.000327
-0.000360
-0.000392
-0.000422
-0.000449
-0.000474
-0.000496
-0.000514
-0.000531
-0.000545
-0.000558
-0.000567
-0.000574
-0.000579
-0.000581
-0.000579
-0.000574
-0.000566
-0.000553
-0.000537
-0.000517
-0.000495
-0.000469
-0.000439
-0.000407
-0.000373
-0.000338
-0.000302
-0.000265
-0.000227
-0.000191
-0.000154
-0.000118
-0.000081
-0.000044
-0.000009
0.000026
0.000061
0.000092
0.000123
0.000150
0.000175
0.000194
0.000210
0.000222
0.000230
0.000233
0.000231
0.000225
0.000215
0.000202
0.000186
0.000167
0.000146
0.000121
0.000094
0.000065
0.000034
-0.000000
-0.000038
-0.000076
-0.000116
-0.000155
-0.000197
-0.000236
-0.000276
-0.000312
-0.000348
-0.000381
-0.000411
-0.000439
-0.000462
-0.000484
-0.000503
-0.000518
-0.000531
-0.000540
-0.000547
-0.000551
-0.000552
-0.000550
-0.000543
-0.000533
-0.000520
-0.000504
-0.000485
-0.000463
-0.000440
-0.000415
-0.000389
-0.000364
-0.000336
-0.000310
-0.000284
-0.000258
-0.000232
-0.000208
-0.000184
-0.000158
-0.000135
-0.000110
-0.000087
-0.000065
-0.000046
-0.000028
-0.000012
0.000002
0.000015
0.000025
0.000034
0.000041
0.000049
0.000055
0.000061
0.000068
0.000075
0.000083
0.000089
0.000097
0.000105
0.000113
0.000121
0.000129
0.000137
0.000144
0.000151
0.000159
0.000167
0.000176
0.000186
0.000196
0.000206
0.000215
0.000226
0.000236
0.000245
0.000253
0.000259
0.000263
0.000264
0.000263
0.000258
0.000253
0.000245
0.000234
0.000221
0.000208
0.000191
0.000172
0.000151
0.000127
0.000100
0.000071
0.000039
0.000005
-0.000032
-0.000072
-0.000113
-0.000155
-0.000198
-0.000241
-0.000284
-0.000327
-0.000369
-0.000410
-0.000450
-0.000488
-0.000524
-0.000559
-0.000592
-0.000623
-0.000652
-0.000679
-0.000702
-0.000723
-0.000741
-0.000754
-0.000762
-0.000768
-0.000771
-0.000770
-0.000765
-0.000759
-0.000752
-0.000742
-0.000732
-0.000719
-0.000707
-0.000693
-0.000678
-0.000663
-0.000647
-0.000631
-0.000614
-0.000597
-0.000580
-0.000563
-0.000547
-0.000534
-0.000522
-0.000512
-0.000505
-0.000500
-0.000496
-0.000495
-0.000495
-0.000497
-0.000500
-0.000504
-0.000509
-0.000514
-0.000519
-0.000523
-0.000530
-0.000536
-0.000545
-0.000552
-0.000561
-0.000567
-0.000575
-0.000582
-0.000588
-0.000592
-0.000594
-0.000592
-0.000589
-0.000582
-0.000572
-0.000560
-0.000546
-0.000529
-0.000511
-0.000492
-0.000471
-0.000448
-0.000423
-0.000397
-0.000369
-0.000340
-0.000307
-0.000273
-0.000238
-0.000203
-0.000165
-0.000127
-0.000089
-0.000052
-0.000016
0.000018
0.000051
0.000082
0.000112
0.000140
0.000166
0.000191
0.000213
0.000234
0.000254
0.000272
0.000288
0.000300
0.000309
0.000317
0.000321
0.000322
0.000321
0.000317
0.000311
0.000301
0.000291
0.000280
0.000267
0.000253
0.000239
0.000225
0.000210
0.000194
0.000177
0.000159
0.000140
0.000120
0.000099
0.000078
0.000057
0.000036
0.000015
-0.000004
-0.000020
-0.000037
-0.000051
-0.000066
-0.000079
-0.000092
-0.000104
-0.000115
-0.000127
-0.000139
-0.000149
-0.000160
-0.000170
-0.000178
-0.000187
-0.000194
-0.000200
-0.000203
-0.000206
-0.000209
-0.000210
-0.000211
-0.000211
-0.000211
-0.000211
-0.000210
-0.000210
-0.000210
-0.000210
-0.000208
-0.000207
-0.000205
-0.000203
-0.000199
-0.000195
-0.000189
-0.000182
-0.000176
-0.000169
-0.000164
-0.000160
-0.000155
-0.000151
-0.000148
-0.000144
-0.000140
-0.000135
-0.000130
-0.000125
-0.000119
-0.000114
-0.000107
-0.000101
-0.000095
-0.000090
-0.000087
-0.000084
-0.000082
-0.000081
-0.000081
-0.000081
-0.000079
-0.000079
-0.000077
-0.000075
-0.000072
-0.000069
-0.000067
-0.000063
-0.000060
-0.000060
-0.000058
-0.000057
-0.000055
-0.000054
-0.000053
-0.000052
-0.000050
-0.000046
-0.000043
-0.000038
-0.000033
-0.000026
-0.000018
-0.000011
-0.000004
0.000003
0.000011
0.000018
0.000025
0.000032
0.000040
0.000048
0.000057
0.000066
0.000077
0.000087
0.000099
0.000110
0.000120
0.000130
0.000139
0.000148
0.000156
0.000163
0.000168
0.000173
0.000178
0.000182
0.000185
0.000189
0.000193
0.000196
0.000198
0.000200
0.000199
0.000199
0.000197
0.000193
0.000188
0.000182
0.000175
0.000168
0.000159
0.000150
0.000141
0.000131
0.000122
0.000113
0.000105
0.000097
0.000088
0.000080
0.000070
0.000060
0.000049
0.000037
0.000026
0.000015
0.000005
-0.000005
-0.000015
-0.000023
-0.000031
-0.000037
-0.000041
-0.000045
-0.000050
-0.000055
-0.000061
-0.000067
-0.000074
-0.000081
-0.000087
-0.000094
-0.000099
-0.000106
-0.000112
-0.000117
-0.000121
-0.000126
-0.000130
-0.000134
-0.000138
-0.000143
-0.000147
-0.000154
-0.000160
-0.000167
-0.000175
-0.000182
-0.000190
-0.000196
-0.000202
-0.000207
-0.000210
-0.000211
-0.000212
-0.000211
-0.000210
-0.000208
-0.000207
-0.000206
-0.000203
-0.000200
-0.000195
-0.000189
-0.000181
-0.000172
-0.000161
-0.000149
-0.000135
-0.000120
-0.000103
-0.000085
-0.000067
-0.000048
-0.000028
-0.000009
0.000011
0.000030
0.000049
0.000068
0.000088
0.000107
0.000127
0.000146
0.000165
0.000183
0.000199
0.000212
0.000224
0.000234
0.000242
0.000247
0.000250
0.000250
0.000247
0.000243
0.000237
0.000230
0.000221
0.000212
0.000201
0.000189
0.000175
0.000159
0.000142
0.000125
0.000107
0.000089
0.000070
0.000051
0.000033
0.000015
-0.000000
-0.000015
-0.000027
-0.000038
-0.000048
-0.000056
-0.000062
-0.000066
-0.000069
-0.000071
-0.000072
-0.000071
-0.000069
-0.000065
-0.000061
-0.000054
-0.000046
-0.000036
-0.000026
-0.000014
-0.000001
0.000013
0.000026
0.000038
0.000050
0.000060
0.000069
0.000077
0.000083
0.000087
0.000090
0.000092
0.000094
0.000094
0.000093
0.000090
0.000087
0.000082
0.000076
0.000069
0.000059
0.000048
0.000034
0.000019
0.000003
-0.000014
-0.000030
-0.000046
-0.000062
-0.000076
-0.000090
-0.000101
-0.000111
-0.000119
-0.000126
-0.000132
-0.000136
-0.000139
-0.000140
-0.000139
-0.000136
-0.000130
-0.000121
-0.000110
-0.000095
-0.000078
-0.000059
-0.000036
-0.000012
0.000014
0.000041
0.000069
0.000098
0.000126
0.000155
0.000185
0.000214
0.000243
0.000272
0.000300
0.000328
0.000356
0.000383
0.000408
0.000432
0.000454
0.000473
0.000490
0.000503
0.000514
0.000521
0.000523
0.000525
0.000523
0.000520
0.000515
0.000507
0.000500
0.000490
0.000480
0.000468
0.000454
0.000437
0.000418
0.000397
0.000376
0.000355
0.000334
0.000311
0.000290
0.000270
0.000251
0.000233
0.000216
0.000201
0.000186
0.000173
0.000160
0.000148
0.000135
0.000124
0.000114
0.000103
0.000095
0.000086
0.000079
0.000073
0.000069
0.000066
0.000064
0.000062
0.000061
0.000061
0.000059
0.000058
0.000055
0.000053
0.000049
0.000044
0.000037
0.000030
0.000023
0.000016
0.000010
0.000002
-0.000004
-0.000011
-0.000018
-0.000025
-0.000033
-0.000041
-0.000049
-0.000057
-0.000067
-0.000075
-0.000084
-0.000092
-0.000099
-0.000105
-0.000108
-0.000109
-0.000110
-0.000109
-0.000107
-0.000104
-0.000098
-0.000092
-0.000085
-0.000078
-0.000070
-0.000062
-0.000051
-0.000040
-0.000028
-0.000015
0.000000
0.000016
0.000030
0.000046
0.000062
0.000077
0.000093
0.000107
0.000120
0.000133
0.000142
0.000149
0.000156
0.000161
0.000166
0.000169
0.000172
0.000174
0.000175
0.000173
0.000170
0.000164
0.000156
0.000145
0.000131
0.000117
0.000101
0.000083
0.000064
0.000044
0.000023
0.000002
-0.000019
-0.000040
-0.000062
-0.000084
-0.000107
-0.000131
-0.000154
-0.000178
-0.000201
-0.000225
-0.000247
-0.000269
-0.000289
-0.000309
-0.000326
-0.000341
-0.000352
-0.000363
-0.000372
-0.000379
-0.000384
-0.000386
-0.000390
-0.000392
-0.000392
-0.000391
-0.000389
-0.000386
-0.000383
-0.000377
-0.000370
-0.000362
-0.000352
-0.000342
-0.000331
-0.000321
-0.000310
-0.000299
-0.000291
-0.000283
-0.000276
-0.000270
-0.000265
-0.000260
-0.000256
-0.000252
-0.000250
-0.000248
-0.000246
-0.000245
-0.000246
-0.000249
-0.000253
-0.000259
-0.000267
-0.000276
-0.000287
-0.000299
-0.000312
-0.000325
-0.000338
-0.000350
-0.000363
-0.000374
-0.000385
-0.000395
-0.000404
-0.000413
-0.000421
-0.000426
-0.000432
-0.000436
-0.000440
-0.000440
-0.000440
-0.000437
-0.000430
-0.000420
-0.000408
-0.000393
-0.000375
-0.000355
-0.000333
-0.000309
-0.000283
-0.000256
-0.000228
-0.000199
-0.000170
-0.000140
-0.000110
-0.000079
-0.000046
-0.000013
0.000019
0.000052
0.000085
0.000116
0.000146
0.000174
0.000200
0.000222
0.000241
0.000259
0.000271
0.000282
0.000291
0.000296
0.000300
0.000302
0.000301
0.000299
0.000294
0.000286
0.000275
0.000261
0.000244
0.000225
0.000203
0.000179
0.000154
0.000128
0.000101
0.000074
0.000047
0.000021
-0.000006
-0.000031
-0.000055
-0.000077
-0.000099
-0.000120
-0.000140
-0.000160
-0.000178
-0.000194
-0.000208
-0.000220
-0.000230
-0.000235
-0.000239
-0.000239
-0.000235
-0.000230
-0.000221
-0.000210
-0.000197
-0.000184
-0.000168
-0.000151
-0.000135
-0.000117
-0.000097
-0.000077
-0.000055
-0.000033
-0.000010
0.000014
0.000037
0.000061
0.000084
0.000106
0.000127
0.000146
0.000163
0.000178
0.000191
0.000204
0.000214
0.000223
0.000230
0.000236
0.000240
0.000243
0.000245
0.000246
0.000245
0.000241
0.000236
0.000228
0.000217
0.000204
0.000191
0.000176
0.000159
0.000144
0.000127
0.000110
0.000094
0.000077
0.000061
0.000044
0.000027
0.000009
-0.000010
-0.000028
-0.000047
-0.000066
-0.000084
-0.000102
-0.000120
-0.000137
-0.000153
-0.000167
-0.000180
-0.000192
-0.000203
-0.000213
-0.000223
-0.000231
-0.000239
-0.000245
-0.000251
-0.000257
-0.000262
-0.000265
-0.000266
-0.000265
-0.000263
-0.000258
-0.000252
-0.000244
-0.000234
-0.000222
-0.000209
-0.000196
-0.000183
-0.000169
-0.000154
-0.000140
-0.000125
-0.000110
-0.000093
-0.000075
-0.000056
-0.000036
-0.000015
0.000007
0.000029
0.000052
0.000074
0.000094
0.000113
0.000131
0.000146
0.000159
0.000171
0.000183
0.000191
0.000199
0.000205
0.000210
0.000212
0.000213
0.000212
0.000208
0.000201
0.000192
0.000179
0.000163
0.000144
0.000122
0.000098
0.000073
0.000046
0.000017
-0.000011
-0.000041
-0.000072
-0.000103
-0.000134
-0.000164
-0.000197
-0.000230
-0.000261
-0.000295
-0.000328
-0.000362
-0.000394
-0.000423
-0.000449
-0.000473
-0.000494
-0.000513
-0.000529
-0.000541
-0.000551
-0.000559
-0.000565
-0.000568
-0.000569
-0.000567
-0.000563
-0.000556
-0.000547
-0.000535
-0.000521
-0.000506
-0.000486
-0.000464
-0.000441
-0.000417
-0.000390
-0.000363
-0.000336
-0.000309
-0.000283
-0.000257
-0.000233
-0.000209
-0.000187
-0.000165
-0.000145
-0.000125
-0.000107
-0.000088
-0.000072
-0.000059
-0.000048
-0.000038
-0.000032
-0.000029
-0.000029
-0.000031
-0.000037
-0.000047
-0.000059
-0.000073
-0.000089
-0.000104
-0.000122
-0.000139
-0.000157
-0.000177
-0.000197
-0.000218
-0.000241
-0.000265
-0.000290
-0.000314
-0.000338
-0.000363
-0.000387
-0.000410
-0.000432
-0.000454
-0.000473
-0.000490
-0.000505
-0.000521
-0.000535
-0.000547
-0.000558
-0.000569
-0.000579
-0.000587
-0.000595
-0.000601
-0.000605
-0.000608
-0.000610
-0.000610
-0.000609
-0.000605
-0.000602
-0.000596
-0.000592
-0.000587
-0.000582
-0.000577
-0.000572
-0.000568
-0.000563
-0.000557
-0.000552
-0.000545
-0.000538
-0.000530
-0.000520
-0.000509
-0.000499
-0.000489
-0.000479
-0.000469
-0.000459
-0.000448
-0.000438
-0.000428
-0.000417
-0.000405
-0.000392
-0.000378
-0.000363
-0.000347
-0.000329
-0.000310
-0.000291
-0.000273
-0.000254
-0.000235
-0.000216
-0.000198
-0.000179
-0.000161
-0.000143
-0.000125
-0.000106
-0.000088
-0.000070
-0.000053
-0.000036
-0.000021
-0.000006
0.000006
0.000017
0.000026
0.000033
0.000038
0.000041
0.000042
0.000040
0.000037
0.000031
0.000024
0.000015
0.000005
-0.000006
-0.000018
-0.000032
-0.000047
-0.000065
-0.000085
-0.000105
-0.000127
-0.000151
-0.000175
-0.000199
-0.000224
-0.000248
-0.000271
-0.000294
-0.000315
-0.000335
-0.000352
-0.000370
-0.000387
-0.000403
-0.000418
-0.000431
-0.000443
-0.000453
-0.000460
-0.000466
-0.000469
-0.000470
-0.000469
-0.000465
-0.000459
-0.000450
-0.000439
-0.000427
-0.000413
-0.000398
-0.000382
-0.000365
-0.000346
-0.000326
-0.000306
-0.000285
-0.000264
-0.000242
-0.000219
-0.000194
-0.000170
-0.000145
-0.000120
-0.000097
-0.000074
-0.000054
-0.000034
-0.000015
0.000003
0.000020
0.000034
0.000046
0.000058
0.000068
0.000076
0.000083
0.000088
0.000092
0.000093
0.000092
0.000090
0.000085
0.000078
0.000069
0.000059
0.000045
0.000031
0.000016
0.000001
-0.000015
-0.000031
-0.000048
-0.000064
-0.000080
-0.000096
-0.000112
-0.000128
-0.000145
-0.000161
-0.000176
-0.000191
-0.000204
-0.000216
-0.000226
-0.000235
-0.000242
-0.000245
-0.000247
-0.000246
-0.000245
-0.000241
-0.000237
-0.000232
-0.000225
-0.000217
-0.000210
-0.000201
-0.000192
-0.000180
-0.000169
-0.000157
-0.000144
-0.000132
-0.000119
-0.000107
-0.000096
-0.000087
-0.000080
-0.000075
-0.000072
-0.000072
-0.000074
-0.000078
-0.000085
-0.000095
-0.000107
-0.000121
-0.000137
-0.000154
-0.000173
-0.000194
-0.000217
-0.000242
-0.000270
-0.000299
-0.000329
-0.000362
-0.000395
-0.000429
-0.000462
-0.000495
-0.000528
-0.000560
-0.000589
-0.000617
-0.000643
-0.000666
-0.000688
-0.000708
-0.000725
-0.000740
-0.000752
-0.000762
-0.000767
-0.000769
-0.000767
-0.000761
-0.000752
-0.000738
-0.000721
-0.000701
-0.000675
-0.000647
-0.000616
-0.000584
-0.000547
-0.000510
-0.000472
-0.000433
-0.000393
-0.000352
-0.000310
-0.000268
-0.000224
-0.000180
-0.000136
-0.000093
-0.000051
-0.000010
0.000029
0.000066
0.000099
0.000129
0.000157
0.000181
0.000203
0.000221
0.000237
0.000252
0.000264
0.000274
0.000283
0.000289
0.000291
0.000292
0.000290
0.000286
0.000280
0.000272
0.000261
0.000247
0.000232
0.000217
0.000202
0.000188
0.000173
0.000158
0.000145
0.000132
0.000119
0.000106
0.000094
0.000082
0.000069
0.000058
0.000046
0.000035
0.000023
0.000012
0.000003
-0.000004
-0.000010
-0.000016
-0.000021
-0.000025
-0.000029
-0.000032
-0.000035
-0.000039
-0.000044
-0.000050
-0.000056
-0.000062
-0.000068
-0.000074
-0.000081
-0.000087
-0.000093
-0.000100
-0.000106
-0.000112
-0.000120
-0.000128
-0.000135
-0.000144
-0.000152
-0.000161
-0.000171
-0.000181
-0.000191
-0.000200
-0.000209
-0.000217
-0.000224
-0.000229
-0.000234
-0.000238
-0.000242
-0.000244
-0.000246
-0.000246
-0.000247
-0.000246
-0.000244
-0.000242
-0.000239
-0.000234
-0.000227
-0.000219
-0.000209
-0.000199
-0.000187
-0.000174
-0.000160
-0.000146
-0.000131
-0.000117
-0.000103
-0.000088
-0.000074
-0.000060
-0.000046
-0.000032
-0.000018
-0.000003
0.000012
0.000027
0.000042
0.000056
0.000070
0.000081
0.000093
0.000103
0.000112
0.000120
0.000126
0.000131
0.000135
0.000139
0.000143
0.000146
0.000150
0.000153
0.000156
0.000159
0.000160
0.000161
0.000160
0.000159
0.000155
0.000153
0.000149
0.000146
0.000143
0.000141
0.000138
0.000137
0.000137
0.000137
0.000138
0.000138
0.000137
0.000138
0.000137
0.000137
0.000136
0.000133
0.000132
0.000129
0.000127
0.000125
0.000124
0.000121
0.000119
0.000117
0.000116
0.000112
0.000108
0.000103
0.000098
0.000090
0.000080
0.000070
0.000059
0.000046
0.000033
0.000019
0.000005
-0.000008
-0.000023
-0.000037
-0.000052
-0.000068
-0.000084
-0.000101
-0.000120
-0.000139
-0.000158
-0.000177
-0.000196
-0.000215
-0.000233
-0.000250
-0.000265
-0.000279
-0.000291
-0.000302
-0.000311
-0.000318
-0.000324
-0.000328
-0.000332
-0.000335
-0.000336
-0.000335
-0.000332
-0.000326
-0.000316
-0.000306
-0.000293
-0.000279
-0.000261
-0.000243
-0.000224
-0.000201
-0.000179
-0.000156
-0.000133
-0.000108
-0.000084
-0.000060
-0.000036
-0.000010
0.000017
0.000044
0.000070
0.000096
0.000122
0.000145
0.000169
0.000190
0.000210
0.000227
0.000241
0.000254
0.000265
0.000273
0.000280
0.000284
0.000286
0.000288
0.000288
0.000286
0.000284
0.000279
0.000271
0.000261
0.000249
0.000234
0.000216
0.000197
0.000177
0.000155
0.000132
0.000108
0.000083
0.000059
0.000034
0.000011
-0.000014
-0.000038
-0.000063
-0.000089
-0.000114
-0.000140
-0.000167
-0.000192
-0.000218
-0.000244
-0.000268
-0.000291
-0.000313
-0.000333
-0.000349
-0.000365
-0.000380
-0.000393
-0.000405
-0.000417
-0.000428
-0.000437
-0.000445
-0.000452
-0.000458
-0.000462
-0.000465
-0.000466
-0.000464
-0.000459
-0.000455
-0.000446
-0.000437
-0.000428
-0.000418
-0.000407
-0.000396
-0.000385
-0.000374
-0.000362
-0.000350
-0.000337
-0.000323
-0.000308
-0.000294
-0.000279
-0.000264
-0.000249
-0.000233
-0.000219
-0.000205
-0.000192
-0.000180
-0.000169
-0.000159
-0.000149
-0.000139
-0.000132
-0.000122
-0.000114
-0.000105
-0.000098
-0.000089
-0.000081
-0.000073
-0.000066
-0.000060
-0.000054
-0.000049
-0.000045
-0.000042
-0.000039
-0.000036
-0.000033
-0.000029
-0.000024
-0.000019
-0.000013
-0.000007
-0.000001
0.000006
0.000013
0.000020
0.000027
0.000032
0.000038
0.000043
0.000048
0.000053
0.000059
0.000065
0.000071
0.000077
0.000083
0.000089
0.000095
0.000099
0.000103
0.000105
0.000105
0.000104
0.000101
0.000097
0.000093
0.000088
0.000081
0.000072
0.000062
0.000052
0.000041
0.000030
0.000018
0.000005
-0.000010
-0.000025
-0.000042
-0.000060
-0.000078
-0.000096
-0.000113
-0.000130
-0.000148
-0.000163
-0.000176
-0.000187
-0.000198
-0.000207
-0.000214
-0.000219
-0.000223
-0.000224
-0.000224
-0.000223
-0.000218
-0.000213
-0.000203
-0.000191
-0.000176
-0.000159
-0.000138
-0.000114
-0.000088
-0.000059
-0.000028
0.000003
0.000036
0.000070
0.000103
0.000137
0.000172
0.000206
0.000240
0.000274
0.000308
0.000343
0.000378
0.000411
0.000442
0.000472
0.000498
0.000523
0.000544
0.000562
0.000575
0.000583
0.000590
0.000592
0.000592
0.000587
0.000580
0.000569
0.000556
0.000540
0.000520
0.000497
0.000472
0.000442
0.000411
0.000376
0.000338
0.000299
0.000258
0.000213
0.000170
0.000127
0.000084
0.000040
-0.000002
-0.000043
-0.000083
-0.000123
-0.000162
-0.000198
-0.000233
-0.000265
-0.000296
-0.000324
-0.000349
-0.000370
-0.000389
-0.000402
-0.000413
-0.000419
-0.000421
-0.000420
-0.000415
-0.000408
-0.000399
-0.000385
-0.000371
-0.000354
-0.000336
-0.000317
-0.000295
-0.000271
-0.000245
-0.000218
-0.000190
-0.000160
-0.000129
-0.000099
-0.000069
-0.000040
-0.000012
0.000014
0.000039
0.000062
0.000084
0.000103
0.000120
0.000136
0.000149
0.000162
0.000173
0.000182
0.000190
0.000197
0.000201
0.000204
0.000204
0.000202
0.000197
0.000190
0.000182
0.000174
0.000163
0.000151
0.000139
0.000126
0.000113
0.000101
0.000087
0.000074
0.000061
0.000049
0.000036
0.000021
0.000006
-0.000008
-0.000022
-0.000036
-0.000049
-0.000060
-0.000071
-0.000081
-0.000088
-0.000095
-0.000101
-0.000106
-0.000112
-0.000115
-0.000118
-0.000121
-0.000124
-0.000126
-0.000127
-0.000127
-0.000126
-0.000124
-0.000120
-0.000115
-0.000108
-0.000100
-0.000091
-0.000081
-0.000070
-0.000058
-0.000045
-0.000032
-0.000017
-0.000002
0.000015
0.000033
0.000051
0.000072
0.000093
0.000116
0.000139
0.000164
0.000188
0.000211
0.000235
0.000258
0.000279
0.000297
0.000314
0.000329
0.000343
0.000355
0.000366
0.000375
0.000381
0.000386
0.000388
0.000386
0.000381
0.000372
0.000361
0.000345
0.000325
0.000301
0.000274
0.000243
0.000208
0.000171
0.000131
0.000088
0.000046
0.000002
-0.000044
-0.000092
-0.000140
-0.000191
-0.000242
-0.000292
-0.000343
-0.000395
-0.000445
-0.000493
-0.000539
-0.000585
-0.000625
-0.000661
-0.000692
-0.000721
-0.000744
-0.000763
-0.000778
-0.000787
-0.000793
-0.000792
-0.000789
-0.000781
-0.000769
-0.000753
-0.000732
-0.000708
-0.000680
-0.000646
-0.000609
-0.000569
-0.000526
-0.000479
-0.000433
-0.000385
-0.000337
-0.000288
-0.000241
-0.000195
-0.000150
-0.000106
-0.000065
-0.000026
0.000012
0.000048
0.000081
0.000112
0.000139
0.000163
0.000183
0.000200
0.000213
0.000222
0.000225
0.000224
0.000219
0.000212
0.000202
0.000189
0.000174
0.000157
0.000138
0.000119
0.000098
0.000075
0.000052
0.000027
0.000002
-0.000024
-0.000050
-0.000078
-0.000104
-0.000129
-0.000152
-0.000174
-0.000195
-0.000213
-0.000230
-0.000243
-0.000254
-0.000264
-0.000273
-0.000280
-0.000286
-0.000291
-0.000295
-0.000298
-0.000299
-0.000300
-0.000299
-0.000299
-0.000297
-0.000293
-0.000288
-0.000282
-0.000278
-0.000273
-0.000268
-0.000263
-0.000261
-0.000258
-0.000257
-0.000257
-0.000258
-0.000260
-0.000262
-0.000265
-0.000265
-0.000268
-0.000269
-0.000270
-0.000271
-0.000273
-0.000275
-0.000276
-0.000278
-0.000280
-0.000282
-0.000283
-0.000284
-0.000283
-0.000281
-0.000276
-0.000270
-0.000263
-0.000253
-0.000241
-0.000229
-0.000215
-0.000200
-0.000183
-0.000167
-0.000148
-0.000129
-0.000108
-0.000084
-0.000061
-0.000036
-0.000009
0.000020
0.000049
0.000080
0.000112
0.000143
0.000174
0.000205
0.000236
0.000266
0.000295
0.000323
0.000351
0.000375
0.000401
0.000426
0.000449
0.000471
0.000492
0.000512
0.000528
0.000542
0.000555
0.000565
0.000572
0.000575
0.000575
0.000572
0.000566
0.000557
0.000546
0.000531
0.000514
0.000494
0.000472
0.000446
0.000418
0.000387
0.000353
0.000317
0.000278
0.000236
0.000192
0.000147
0.000100
0.000052
0.000005
-0.000044
-0.000092
-0.000138
-0.000183
-0.000228
-0.000272
-0.000313
-0.000353
-0.000392
-0.000429
-0.000463
-0.000495
-0.000523
-0.000549
-0.000571
-0.000588
-0.000601
-0.000608
-0.000612
-0.000610
-0.000604
-0.000593
-0.000579
-0.000562
-0.000541
-0.000516
-0.000489
-0.000459
-0.000425
-0.000388
-0.000348
-0.000306
-0.000261
-0.000213
-0.000163
-0.000113
-0.000063
-0.000013
0.000037
0.000086
0.000133
0.000179
0.000222
0.000263
0.000302
0.000337
0.000369
0.000398
0.000424
0.000447
0.000467
0.000481
0.000491
0.000498
0.000501
0.000499
0.000493
0.000482
0.000466
0.000446
0.000424
0.000399
0.000369
0.000339
0.000306
0.000272
0.000237
0.000201
0.000163
0.000126
0.000087
0.000047
0.000008
-0.000032
-0.000070
-0.000107
-0.000142
-0.000176
-0.000208
-0.000236
-0.000263
-0.000286
-0.000306
-0.000323
-0.000337
-0.000348
-0.000355
-0.000361
-0.000364
-0.000365
-0.000363
-0.000358
-0.000350
-0.000339
-0.000326
-0.000310
-0.000290
-0.000270
-0.000247
-0.000222
-0.000197
-0.000171
-0.000145
-0.000119
-0.000094
-0.000071
-0.000047
-0.000024
-0.000003
0.000019
0.000040
0.000061
0.000081
0.000100
0.000116
0.000131
0.000145
0.000156
0.000165
0.000173
0.000178
0.000181
0.000182
0.000181
0.000178
0.000176
0.000174
0.000169
0.000163
0.000157
0.000150
0.000143
0.000134
0.000124
0.000114
0.000102
0.000089
0.000076
0.000061
0.000046
0.000033
0.000021
0.000009
-0.000002
-0.000013
-0.000025
-0.000034
-0.000043
-0.000053
-0.000061
-0.000069
-0.000077
-0.000087
-0.000095
-0.000103
-0.000112
-0.000119
-0.000124
-0.000128
-0.000130
-0.000133
-0.000134
-0.000134
-0.000134
-0.000134
-0.000132
-0.000131
-0.000131
-0.000130
-0.000129
-0.000127
-0.000124
-0.000120
-0.000115
-0.000110
-0.000103
-0.000094
-0.000085
-0.000076
-0.000065
-0.000054
-0.000043
-0.000033
-0.000021
-0.000010
0.000001
0.000015
0.000029
0.000043
0.000059
0.000075
0.000093
0.000111
0.000130
0.000150
0.000170
0.000189
0.000209
0.000226
0.000243
0.000261
0.000277
0.000293
0.000309
0.000324
0.000339
0.000355
0.000371
0.000386
0.000401
0.000414
0.000425
0.000435
0.000443
0.000448
0.000453
0.000455
0.000455
0.000455
0.000452
0.000451
0.000448
0.000444
0.000437
0.000431
0.000423
0.000412
0.000400
0.000387
0.000369
0.000349
0.000329
0.000306
0.000282
0.000257
0.000230
0.000204
0.000177
0.000151
0.000124
0.000098
0.000071
0.000044
0.000017
-0.000011
-0.000038
-0.000066
-0.000093
-0.000120
-0.000146
-0.000171
-0.000195
-0.000216
-0.000235
-0.000253
-0.000268
-0.000282
-0.000292
-0.000302
-0.000309
-0.000314
-0.000318
-0.000320
-0.000320
-0.000318
-0.000314
-0.000308
-0.000298
-0.000286
-0.000271
-0.000254
-0.000235
-0.000215
-0.000193
-0.000170
-0.000145
-0.000121
-0.000098
-0.000074
-0.000049
-0.000024
-0.000001
0.000023
0.000046
0.000069
0.000093
0.000116
0.000137
0.000158
0.000177
0.000194
0.000208
0.000222
0.000232
0.000240
0.000244
0.000246
0.000246
0.000245
0.000240
0.000235
0.000230
0.000220
0.000210
0.000197
0.000184
0.000169
0.000151
0.000133
0.000113
0.000090
0.000068
0.000046
0.000025
0.000004
-0.000014
-0.000034
-0.000049
-0.000063
-0.000075
-0.000086
-0.000095
-0.000104
-0.000111
-0.000116
-0.000118
-0.000120
-0.000119
-0.000117
-0.000113
-0.000106
-0.000097
-0.000086
-0.000074
-0.000060
-0.000046
-0.000031
-0.000014
0.000001
0.000016
0.000030
0.000043
0.000052
0.000063
0.000071
0.000079
0.000085
0.000090
0.000093
0.000096
0.000097
0.000095
0.000092
0.000086
0.000077
0.000066
0.000053
0.000038
0.000022
0.000004
-0.000016
-0.000035
-0.000055
-0.000075
-0.000094
-0.000112
-0.000130
-0.000146
-0.000163
-0.000178
-0.000192
-0.000205
-0.000217
-0.000225
-0.000233
-0.000238
-0.000241
-0.000241
-0.000238
-0.000231
-0.000222
-0.000210
-0.000196
-0.000179
-0.000160
-0.000139
-0.000118
-0.000097
-0.000073
-0.000050
-0.000025
-0.000001
0.000024
0.000048
0.000073
0.000097
0.000120
0.000140
0.000160
0.000178
0.000192
0.000205
0.000214
0.000221
0.000225
0.000227
0.000225
0.000221
0.000215
0.000207
0.000198
0.000186
0.000172
0.000158
0.000141
0.000124
0.000104
0.000083
0.000060
0.000036
0.000012
-0.000013
-0.000037
-0.000061
-0.000083
-0.000104
-0.000123
-0.000140
-0.000157
-0.000172
-0.000185
-0.000197
-0.000207
-0.000216
-0.000223
-0.000229
-0.000234
-0.000236
-0.000238
-0.000237
-0.000234
-0.000228
-0.000223
-0.000215
-0.000206
-0.000194
-0.000182
-0.000168
-0.000155
-0.000142
-0.000130
-0.000118
-0.000106
-0.000093
-0.000080
-0.000067
-0.000053
-0.000039
-0.000023
-0.000008
0.000007
0.000023
0.000039
0.000053
0.000067
0.000079
0.000091
0.000102
0.000111
0.000120
0.000130
0.000140
0.000150
0.000160
0.000170
0.000178
0.000187
0.000196
0.000203
0.000209
0.000214
0.000217
0.000219
0.000221
0.000221
0.000219
0.000218
0.000216
0.000213
0.000208
0.000204
0.000198
0.000191
0.000183
0.000174
0.000161
0.000147
0.000130
0.000112
0.000093
0.000073
0.000050
0.000027
0.000004
-0.000020
-0.000044
-0.000068
-0.000093
-0.000119
-0.000145
-0.000171
-0.000199
-0.000227
-0.000254
-0.000282
-0.000308
-0.000335
-0.000360
-0.000384
-0.000406
-0.000427
-0.000445
-0.000462
-0.000477
-0.000489
-0.000499
-0.000509
-0.000517
-0.000523
-0.000529
-0.000532
-0.000533
-0.000534
-0.000532
-0.000528
-0.000520
-0.000510
-0.000498
-0.000484
-0.000468
-0.000452
-0.000435
-0.000417
-0.000400
-0.000381
-0.000363
-0.000346
-0.000328
-0.000310
-0.000293
-0.000276
-0.000259
-0.000242
-0.000225
-0.000208
-0.000192
-0.000177
-0.000163
-0.000150
-0.000140
-0.000130
-0.000124
-0.000119
-0.000115
-0.000112
-0.000111
-0.000111
-0.000110
-0.000112
-0.000114
-0.000117
-0.000120
-0.000124
-0.000129
-0.000136
-0.000143
-0.000151
-0.000159
-0.000166
-0.000173
-0.000180
-0.000186
-0.000190
-0.000193
-0.000193
-0.000191
-0.000188
-0.000183
-0.000177
-0.000170
-0.000160
-0.000151
-0.000139
-0.000126
-0.000110
-0.000094
-0.000075
-0.000054
-0.000031
-0.000006
0.000020
0.000048
0.000077
0.000108
0.000139
0.000172
0.000202
0.000232
0.000261
0.000289
0.000316
0.000343
0.000369
0.000394
0.000418
0.000439
0.000459
0.000478
0.000492
0.000504
0.000512
0.000517
0.000518
0.000515
0.000509
0.000498
0.000483
0.000466
0.000446
0.000422
0.000396
0.000367
0.000336
0.000304
0.000269
0.000233
0.000195
0.000154
0.000113
0.000070
0.000027
-0.000016
-0.000059
-0.000100
-0.000141
-0.000179
-0.000217
-0.000251
-0.000283
-0.000311
-0.000337
-0.000361
-0.000382
-0.000401
-0.000416
-0.000429
-0.000440
-0.000447
-0.000453
-0.000455
-0.000454
-0.000450
-0.000444
-0.000434
-0.000422
-0.000408
-0.000394
-0.000379
-0.000362
-0.000345
-0.000330
-0.000314
-0.000297
-0.000280
-0.000266
-0.000251
-0.000238
-0.000224
-0.000211
-0.000199
-0.000188
-0.000179
-0.000171
-0.000163
-0.000159
-0.000156
-0.000156
-0.000158
-0.000161
-0.000165
-0.000171
-0.000178
-0.000184
-0.000191
-0.000198
-0.000206
-0.000213
-0.000220
-0.000226
-0.000233
-0.000241
-0.000247
-0.000252
-0.000258
-0.000264
-0.000268
-0.000272
-0.000273
-0.000272
-0.000270
-0.000267
-0.000262
-0.000254
-0.000246
-0.000236
-0.000226
-0.000216
-0.000206
-0.000196
-0.000184
-0.000172
-0.000160
-0.000149
-0.000137
-0.000125
-0.000112
-0.000099
-0.000087
-0.000074
-0.000061
-0.000049
-0.000039
-0.000030
-0.000023
-0.000018
-0.000015
-0.000013
-0.000012
-0.000014
-0.000016
-0.000019
-0.000022
-0.000027
-0.000032
-0.000038
-0.000044
-0.000052
-0.000060
-0.000070
-0.000081
-0.000092
-0.000104
-0.000117
-0.000131
-0.000144
-0.000157
-0.000169
-0.000181
-0.000191
-0.000202
-0.000212
-0.000222
-0.000231
-0.000241
-0.000250
-0.000259
-0.000267
-0.000274
-0.000281
-0.000284
-0.000288
-0.000289
-0.000290
-0.000288
-0.000285
-0.000280
-0.000274
-0.000267
-0.000259
-0.000250
-0.000240
-0.000230
-0.000218
-0.000206
-0.000193
-0.000179
-0.000164
-0.000147
-0.000130
-0.000111
-0.000091
-0.000071
-0.000050
-0.000031
-0.000010
0.000009
0.000027
0.000046
0.000064
0.000081
0.000098
0.000116
0.000133
0.000150
0.000167
0.000183
0.000200
0.000216
0.000232
0.000246
0.000260
0.000272
0.000283
0.000293
0.000300
0.000307
0.000314
0.000321
0.000327
0.000333
0.000340
0.000347
0.000352
0.000358
0.000363
0.000367
0.000369
0.000371
0.000372
0.000371
0.000370
0.000368
0.000366
0.000365
0.000362
0.000360
0.000358
0.000356
0.000352
0.000348
0.000344
0.000338
0.000331
0.000324
0.000316
0.000306
0.000296
0.000284
0.000272
0.000260
0.000248
0.000235
0.000222
0.000209
0.000195
0.000179
0.000163
0.000146
0.000128
0.000108
0.000088
0.000066
0.000044
0.000021
-0.000001
-0.000024
-0.000046
-0.000067
-0.000088
-0.000108
-0.000127
-0.000146
-0.000164
-0.000182
-0.000199
-0.000214
-0.000228
-0.000242
-0.000255
-0.000266
-0.000275
-0.000282
-0.000287
-0.000288
-0.000288
-0.000286
-0.000282
-0.000275
-0.000269
-0.000260
-0.000250
-0.000240
-0.000227
-0.000214
-0.000200
-0.000185
-0.000170
-0.000154
-0.000136
-0.000119
-0.000099
-0.000079
-0.000060
-0.000040
-0.000021
-0.000002
0.000014
0.000029
0.000044
0.000057
0.000070
0.000082
0.000093
0.000103
0.000112
0.000119
0.000126
0.000132
0.000135
0.000137
0.000138
0.000138
0.000135
0.000129
0.000123
0.000115
0.000107
0.000098
0.000088
0.000077
0.000067
0.000057
0.000045
0.000033
0.000020
0.000006
-0.000008
-0.000024
-0.000039
-0.000056
-0.000073
-0.000091
-0.000107
-0.000123
-0.000138
-0.000152
-0.000166
-0.000178
-0.000190
-0.000201
-0.000211
-0.000221
-0.000231
-0.000241
-0.000250
-0.000259
-0.000268
-0.000277
-0.000285
-0.000292
-0.000298
-0.000301
-0.000305
-0.000307
-0.000309
-0.000310
-0.000310
-0.000310
-0.000310
-0.000310
-0.000310
-0.000309
-0.000309
-0.000310
-0.000309
-0.000308
-0.000306
-0.000301
-0.000296
-0.000290
-0.000285
-0.000279
-0.000273
-0.000267
-0.000261
-0.000256
-0.000251
-0.000246
-0.000240
-0.000234
-0.000229
-0.000222
-0.000216
-0.000210
-0.000203
-0.000195
-0.000187
-0.000179
-0.000171
-0.000164
-0.000158
-0.000152
-0.000147
-0.000142
-0.000138
-0.000133
-0.000129
-0.000123
-0.000117
-0.000110
-0.000104
-0.000096
-0.000088
-0.000081
-0.000074
-0.000068
-0.000061
-0.000056
-0.000050
-0.000044
-0.000040
-0.000035
-0.000028
-0.000020
-0.000013
-0.000004
0.000003
0.000010
0.000016
0.000022
0.000027
0.000030
0.000033
0.000035
0.000036
0.000035
0.000035
0.000033
0.000031
0.000029
0.000026
0.000024
0.000019
0.000014
0.000008
-0.000001
-0.000011
-0.000024
-0.000038
-0.000054
-0.000071
-0.000091
-0.000111
-0.000132
-0.000153
-0.000174
-0.000196
-0.000217
-0.000238
-0.000260
-0.000282
-0.000304
-0.000326
-0.000348
-0.000370
-0.000392
-0.000412
-0.000431
-0.000448
-0.000463
-0.000478
-0.000489
-0.000497
-0.000503
-0.000506
-0.000508
-0.000506
-0.000503
-0.000497
-0.000489
-0.000479
-0.000467
-0.000452
-0.000437
-0.000419
-0.000398
-0.000374
-0.000349
-0.000321
-0.000291
-0.000261
-0.000229
-0.000196
-0.000164
-0.000131
-0.000099
-0.000067
-0.000035
-0.000005
0.000024
0.000052
0.000081
0.000108
0.000134
0.000159
0.000183
0.000205
0.000226
0.000243
0.000257
0.000269
0.000279
0.000286
0.000290
0.000293
0.000294
0.000293
0.000291
0.000287
0.000283
0.000276
0.000268
0.000261
0.000252
0.000239
0.000226
0.000211
0.000196
0.000181
0.000164
0.000149
0.000133
0.000118
0.000104
0.000092
0.000081
0.000070
0.000060
0.000051
0.000044
0.000038
0.000032
0.000027
0.000021
0.000016
0.000012
0.000009
0.000007
0.000007
0.000009
0.000012
0.000017
0.000023
0.000031
0.000039
0.000049
0.000059
0.000067
0.000078
0.000087
0.000096
0.000106
0.000116
0.000127
0.000138
0.000150
0.000163
0.000176
0.000189
0.000203
0.000216
0.000228
0.000241
0.000252
0.000261
0.000270
0.000277
0.000284
0.000290
0.000297
0.000304
0.000311
0.000318
0.000327
0.000333
0.000340
0.000347
0.000352
0.000357
0.000361
0.000364
0.000366
0.000368
0.000370
0.000372
0.000374
0.000377
0.000381
0.000387
0.000393
0.000400
0.000406
0.000413
0.000419
0.000424
0.000429
0.000433
0.000438
0.000442
0.000445
0.000449
0.000454
0.000458
0.000462
0.000466
0.000471
0.000475
0.000478
0.000480
0.000480
0.000479
0.000477
0.000472
0.000466
0.000459
0.000451
0.000442
0.000432
0.000421
0.000409
0.000398
0.000384
0.000370
0.000355
0.000340
0.000322
0.000304
0.000285
0.000265
0.000244
0.000224
0.000203
0.000183
0.000162
0.000142
0.000123
0.000104
0.000087
0.000072
0.000057
0.000042
0.000027
0.000012
-0.000001
-0.000014
-0.000027
-0.000038
-0.000048
-0.000055
-0.000061
-0.000065
-0.000069
-0.000072
-0.000072
-0.000071
-0.000071
-0.000070
-0.000069
-0.000069
-0.000069
-0.000069
-0.000068
-0.000068
-0.000066
-0.000064
-0.000062
-0.000059
-0.000054
-0.000050
-0.000046
-0.000043
-0.000039
-0.000037
-0.000034
-0.000033
-0.000033
-0.000032
-0.000033
-0.000033
-0.000035
-0.000034
-0.000033
-0.000031
-0.000027
-0.000023
-0.000018
-0.000011
-0.000006
-0.000001
0.000005
0.000011
0.000017
0.000024
0.000031
0.000039
0.000048
0.000058
0.000070
0.000082
0.000095
0.000109
0.000123
0.000137
0.000150
0.000164
0.000176
0.000187
0.000198
0.000209
0.000218
0.000227
0.000237
0.000245
0.000253
0.000259
0.000264
0.000269
0.000274
0.000279
0.000282
0.000283
0.000283
0.000281
0.000279
0.000275
0.000271
0.000267
0.000264
0.000261
0.000257
0.000256
0.000255
0.000253
0.000253
0.000252
0.000252
0.000252
0.000253
0.000255
0.000258
0.000262
0.000267
0.000274
0.000282
0.000292
0.000304
0.000317
0.000330
0.000345
0.000359
0.000373
0.000388
0.000402
0.000415
0.000429
0.000443
0.000455
0.000467
0.000478
0.000488
0.000498
0.000508
0.000516
0.000523
0.000527
0.000530
0.000530
0.000527
0.000523
0.000517
0.000507
0.000496
0.000483
0.000469
0.000455
0.000440
0.000424
0.000409
0.000393
0.000376
0.000358
0.000340
0.000323
0.000305
0.000287
0.000269
0.000251
0.000234
0.000217
0.000203
0.000189
0.000179
0.000169
0.000162
0.000157
0.000153
0.000149
0.000148
0.000147
0.000145
0.000146
0.000147
0.000149
0.000150
0.000153
0.000155
0.000158
0.000161
0.000165
0.000170
0.000172
0.000175
0.000178
0.000176
0.000174
0.000172
0.000168
0.000161
0.000153
0.000144
0.000134
0.000123
0.000112
0.000100
0.000088
0.000075
0.000062
0.000049
0.000035
0.000022
0.000008
-0.000007
-0.000022
-0.000036
-0.000048
-0.000058
-0.000066
-0.000072
-0.000077
-0.000078
-0.000078
-0.000076
-0.000071
-0.000065
-0.000058
-0.000049
-0.000039
-0.000027
-0.000015
-0.000002
0.000010
0.000025
0.000040
0.000057
0.000074
0.000092
0.000109
0.000127
0.000144
0.000160
0.000174
0.000186
0.000198
0.000206
0.000212
0.000215
0.000217
0.000217
0.000216
0.000213
0.000208
0.000201
0.000193
0.000183
0.000172
0.000158
0.000143
0.000127
0.000109
0.000089
0.000069
0.000049
0.000027
0.000006
-0.000014
-0.000033
-0.000051
-0.000067
-0.000083
-0.000097
-0.000109
-0.000121
-0.000130
-0.000139
-0.000146
-0.000153
-0.000158
-0.000162
-0.000163
-0.000164
-0.000161
-0.000158
-0.000154
-0.000149
-0.000142
-0.000134
-0.000127
-0.000119
-0.000112
-0.000106
-0.000101
-0.000098
-0.000097
-0.000097
-0.000098
-0.000100
-0.000105
-0.000111
-0.000118
-0.000126
-0.000136
-0.000149
-0.000163
-0.000180
-0.000199
-0.000221
-0.000244
-0.000270
-0.000297
-0.000326
-0.000355
-0.000384
-0.000414
-0.000442
-0.000469
-0.000496
-0.000521
-0.000544
-0.000566
-0.000590
-0.000611
-0.000630
-0.000647
-0.000662
-0.000676
-0.000686
-0.000692
-0.000696
-0.000696
-0.000692
-0.000685
-0.000675
-0.000662
-0.000645
-0.000627
-0.000607
-0.000585
-0.000561
-0.000535
-0.000508
-0.000481
-0.000451
-0.000421
-0.000389
-0.000356
-0.000321
-0.000286
-0.000250
-0.000216
-0.000181
-0.000148
-0.000116
-0.000086
-0.000057
-0.000031
-0.000005
0.000019
0.000042
0.000065
0.000087
0.000107
0.000126
0.000145
0.000161
0.000177
0.000192
0.000206
0.000217
0.000226
0.000235
0.000242
0.000250
0.000257
0.000264
0.000271
0.000279
0.000287
0.000296
0.000305
0.000314
0.000324
0.000334
0.000343
0.000352
0.000361
0.000367
0.000374
0.000381
0.000388
0.000393
0.000399
0.000403
0.000405
0.000408
0.000410
0.000411
0.000410
0.000407
0.000403
0.000396
0.000385
0.000372
0.000357
0.000340
0.000322
0.000301
0.000280
0.000257
0.000233
0.000208
0.000182
0.000156
0.000128
0.000099
0.000069
0.000040
0.000008
-0.000022
-0.000052
-0.000082
-0.000112
-0.000141
-0.000167
-0.000192
-0.000214
-0.000235
-0.000252
-0.000268
-0.000282
-0.000292
-0.000301
-0.000308
-0.000312
-0.000314
-0.000313
-0.000310
-0.000305
-0.000298
-0.000287
-0.000275
-0.000260
-0.000242
-0.000223
-0.000202
-0.000179
-0.000156
-0.000133
-0.000109
-0.000085
-0.000060
-0.000036
-0.000011
0.000015
0.000040
0.000065
0.000089
0.000114
0.000139
0.000164
0.000188
0.000210
0.000230
0.000251
0.000267
0.000284
0.000297
0.000309
0.000320
0.000331
0.000340
0.000350
0.000358
0.000366
0.000373
0.000379
0.000382
0.000384
0.000387
0.000386
0.000384
0.000382
0.000377
0.000372
0.000366
0.000358
0.000350
0.000341
0.000333
0.000324
0.000314
0.000304
0.000292
0.000279
0.000264
0.000249
0.000231
0.000214
0.000195
0.000176
0.000158
0.000139
0.000121
0.000103
0.000086
0.000068
0.000051
0.000035
0.000019
0.000002
-0.000013
-0.000028
-0.000043
-0.000057
-0.000069
-0.000079
-0.000087
-0.000095
-0.000101
-0.000106
-0.000108
-0.000109
-0.000107
-0.000104
-0.000100
-0.000095
-0.000088
-0.000081
-0.000073
-0.000065
-0.000056
-0.000046
-0.000034
-0.000021
-0.000007
0.000008
0.000024
0.000041
0.000058
0.000074
0.000091
0.000106
0.000120
0.000134
0.000145
0.000156
0.000165
0.000175
0.000184
0.000191
0.000197
0.000204
0.000209
0.000214
0.000218
0.000219
0.000220
0.000219
0.000216
0.000212
0.000207
0.000200
0.000193
0.000185
0.000178
0.000171
0.000165
0.000160
0.000155
0.000150
0.000147
0.000144
0.000139
0.000136
0.000132
0.000130
0.000128
0.000127
0.000126
0.000127
0.000129
0.000131
0.000136
0.000139
0.000145
0.000151
0.000157
0.000163
0.000166
0.000169
0.000171
0.000171
0.000172
0.000170
0.000168
0.000166
0.000162
0.000158
0.000154
0.000149
0.000142
0.000135
0.000127
0.000117
0.000106
0.000092
0.000077
0.000062
0.000046
0.000029
0.000013
-0.000003
-0.000018
-0.000033
-0.000047
-0.000059
-0.000070
-0.000081
-0.000089
-0.000099
-0.000106
-0.000111
-0.000116
-0.000119
-0.000121
-0.000122
-0.000121
-0.000117
-0.000111
-0.000104
-0.000095
-0.000083
-0.000071
-0.000058
-0.000043
-0.000028
-0.000013
0.000002
0.000017
0.000032
0.000046
0.000061
0.000077
0.000092
0.000108
0.000122
0.000138
0.000153
0.000167
0.000179
0.000190
0.000200
0.000208
0.000214
0.000220
0.000224
0.000226
0.000228
0.000229
0.000230
0.000229
0.000230
0.000230
0.000229
0.000229
0.000229
0.000229
0.000228
0.000226
0.000224
0.000222
0.000220
0.000218
0.000215
0.000214
0.000214
0.000214
0.000215
0.000215
0.000217
0.000219
0.000221
0.000222
0.000222
0.000220
0.000218
0.000215
0.000212
0.000209
0.000204
0.000198
0.000192
0.000186
0.000179
0.000171
0.000163
0.000155
0.000145
0.000133
0.000119
0.000104
0.000087
0.000070
0.000052
0.000034
0.000015
-0.000004
-0.000023
-0.000042
-0.000060
-0.000078
-0.000096
-0.000113
-0.000131
-0.000149
-0.000167
-0.000183
-0.000200
-0.000215
-0.000229
-0.000243
-0.000254
-0.000262
-0.000267
-0.000270
-0.000270
-0.000269
-0.000266
-0.000261
-0.000255
-0.000246
-0.000236
-0.000225
-0.000213
-0.000199
-0.000185
-0.000169
-0.000150
-0.000130
-0.000109
-0.000086
-0.000061
-0.000036
-0.000012
0.000014
0.000039
0.000063
0.000086
0.000109
0.000131
0.000152
0.000171
0.000190
0.000207
0.000224
0.000240
0.000256
0.000270
0.000283
0.000294
0.000302
0.000309
0.000314
0.000316
0.000316
0.000314
0.000310
0.000305
0.000299
0.000292
0.000283
0.000275
0.000266
0.000255
0.000245
0.000234
0.000220
0.000207
0.000192
0.000177
0.000161
0.000145
0.000129
0.000113
0.000096
0.000081
0.000066
0.000052
0.000040
0.000028
0.000016
0.000004
-0.000007
-0.000018
-0.000028
-0.000038
-0.000049
-0.000057
-0.000066
-0.000072
-0.000079
-0.000084
-0.000087
-0.000088
-0.000089
-0.000089
-0.000089
-0.000088
-0.000087
-0.000086
-0.000084
-0.000084
-0.000084
-0.000084
-0.000084
-0.000083
-0.000084
-0.000082
-0.000082
-0.000081
-0.000079
-0.000079
-0.000078
-0.000079
-0.000082
-0.000084
-0.000089
-0.000095
-0.000101
-0.000108
-0.000116
-0.000124
-0.000131
-0.000139
-0.000147
-0.000156
-0.000165
-0.000175
-0.000185
-0.000197
-0.000209
-0.000224
-0.000239
-0.000254
-0.000269
-0.000285
-0.000301
-0.000315
-0.000329
-0.000342
-0.000352
-0.000362
-0.000372
-0.000381
-0.000388
-0.000396
-0.000403
-0.000410
-0.000415
-0.000419
-0.000423
-0.000425
-0.000424
-0.000422
-0.000417
-0.000411
-0.000402
-0.000393
-0.000382
-0.000370
-0.000357
-0.000345
-0.000334
-0.000320
-0.000306
-0.000293
-0.000279
-0.000267
-0.000255
-0.000241
-0.000228
-0.000215
-0.000201
-0.000188
-0.000177
-0.000166
-0.000157
-0.000151
-0.000146
-0.000143
-0.000141
-0.000141
-0.000141
-0.000143
-0.000145
-0.000148
-0.000151
-0.000154
-0.000157
-0.000159
-0.000164
-0.000168
-0.000173
-0.000177
-0.000182
-0.000187
-0.000191
-0.000194
-0.000197
-0.000198
-0.000197
-0.000194
-0.000189
-0.000183
-0.000174
-0.000162
-0.000150
-0.000135
-0.000119
-0.000104
-0.000086
-0.000068
-0.000049
-0.000031
-0.000012
0.000009
0.000031
0.000053
0.000075
0.000098
0.000122
0.000145
0.000166
0.000187
0.000205
0.000221
0.000234
0.000245
0.000253
0.000258
0.000262
0.000264
0.000262
0.000259
0.000253
0.000247
0.000238
0.000226
0.000212
0.000196
0.000180
0.000159
0.000137
0.000115
0.000091
0.000068
0.000043
0.000021
-0.000000
-0.000020
-0.000036
-0.000051
-0.000062
-0.000070
-0.000075
-0.000076
-0.000076
-0.000072
-0.000066
-0.000055
-0.000043
-0.000025
-0.000005
0.000020
0.000048
0.000081
0.000115
0.000154
0.000195
0.000238
0.000282
0.000327
0.000371
0.000415
0.000459
0.000499
0.000540
0.000577
0.000612
0.000645
0.000674
0.000701
0.000724
0.000742
0.000757
0.000768
0.000771
0.000770
0.000762
0.000748
0.000729
0.000705
0.000675
0.000641
0.000602
0.000561
0.000517
0.000472
0.000424
0.000375
0.000323
0.000271
0.000218
0.000165
0.000113
0.000063
0.000013
-0.000035
-0.000079
-0.000120
-0.000156
-0.000188
-0.000216
-0.000238
-0.000255
-0.000268
-0.000276
-0.000280
-0.000278
-0.000273
-0.000264
-0.000252
-0.000236
-0.000217
-0.000196
-0.000172
-0.000145
-0.000115
-0.000084
-0.000052
-0.000021
0.000011
0.000042
0.000072
0.000099
0.000124
0.000146
0.000164
0.000180
0.000191
0.000198
0.000204
0.000206
0.000204
0.000200
0.000192
0.000182
0.000169
0.000153
0.000134
0.000112
0.000087
0.000059
0.000030
-0.000001
-0.000032
-0.000064
-0.000095
-0.000126
-0.000155
-0.000183
-0.000208
-0.000231
-0.000251
-0.000268
-0.000284
-0.000298
-0.000309
-0.000318
-0.000324
-0.000328
-0.000330
-0.000330
-0.000327
-0.000322
-0.000312
-0.000301
-0.000288
-0.000273
-0.000256
-0.000240
-0.000224
-0.000207
-0.000191
-0.000177
-0.000163
-0.000150
-0.000138
-0.000128
-0.000119
-0.000111
-0.000105
-0.000099
-0.000096
-0.000094
-0.000095
-0.000096
-0.000100
-0.000108
-0.000116
-0.000127
-0.000138
-0.000150
-0.000162
-0.000174
-0.000187
-0.000199
-0.000210
-0.000220
-0.000228
-0.000236
-0.000243
-0.000248
-0.000252
-0.000254
-0.000256
-0.000257
-0.000256
-0.000252
-0.000247
-0.000239
-0.000229
-0.000217
-0.000203
-0.000187
-0.000170
-0.000152
-0.000134
-0.000114
-0.000094
-0.000074
-0.000055
-0.000035
-0.000016
0.000003
0.000020
0.000037
0.000054
0.000070
0.000087
0.000102
0.000117
0.000130
0.000142
0.000153
0.000162
0.000170
0.000177
0.000183
0.000188
0.000190
0.000193
0.000196
0.000198
0.000201
0.000203
0.000206
0.000208
0.000211
0.000212
0.000214
0.000215
0.000215
0.000216
0.000215
0.000213
0.000212
0.000209
0.000207
0.000206
0.000204
0.000201
0.000198
0.000194
0.000189
0.000183
0.000174
0.000165
0.000153
0.000141
0.000128
0.000113
0.000097
0.000079
0.000060
0.000042
0.000023
0.000003
-0.000017
-0.000038
-0.000060
-0.000082
-0.000103
-0.000124
-0.000146
-0.000167
-0.000187
-0.000206
-0.000223
-0.000237
-0.000251
-0.000259
-0.000266
-0.000269
-0.000268
-0.000265
-0.000259
-0.000251
-0.000242
-0.000229
-0.000215
-0.000198
-0.000179
-0.000156
-0.000130
-0.000102
-0.000072
-0.000039
-0.000004
0.000033
0.000070
0.000107
0.000143
0.000178
0.000212
0.000245
0.000275
0.000303
0.000329
0.000355
0.000378
0.000399
0.000418
0.000435
0.000448
0.000460
0.000469
0.000474
0.000476
0.000475
0.000470
0.000462
0.000452
0.000438
0.000422
0.000405
0.000387
0.000369
0.000351
0.000332
0.000313
0.000296
0.000278
0.000260
0.000243
0.000226
0.000210
0.000194
0.000180
0.000166
0.000155
0.000147
0.000140
0.000138
0.000138
0.000142
0.000147
0.000155
0.000164
0.000175
0.000187
0.000199
0.000211
0.000223
0.000236
0.000247
0.000259
0.000271
0.000284
0.000296
0.000306
0.000316
0.000324
0.000330
0.000335
0.000337
0.000336
0.000332
0.000323
0.000313
0.000300
0.000286
0.000268
0.000249
0.000228
0.000207
0.000182
0.000157
0.000131
0.000104
0.000076
0.000048
0.000019
-0.000010
-0.000038
-0.000067
-0.000095
-0.000122
-0.000145
-0.000168
-0.000186
-0.000202
-0.000215
-0.000226
-0.000233
-0.000238
-0.000240
-0.000239
-0.000236
-0.000230
-0.000222
-0.000210
-0.000196
-0.000181
-0.000163
-0.000142
-0.000118
-0.000092
-0.000065
-0.000037
-0.000008
0.000022
0.000051
0.000079
0.000105
0.000130
0.000152
0.000173
0.000192
0.000209
0.000223
0.000236
0.000246
0.000254
0.000260
0.000263
0.000263
0.000261
0.000254
0.000244
0.000231
0.000215
0.000196
0.000175
0.000152
0.000126
0.000099
0.000072
0.000044
0.000017
-0.000011
-0.000037
-0.000063
-0.000089
-0.000114
-0.000139
-0.000163
-0.000184
-0.000204
-0.000221
-0.000237
-0.000249
-0.000256
-0.000260
-0.000260
-0.000255
-0.000248
-0.000237
-0.000223
-0.000207
-0.000187
-0.000165
-0.000141
-0.000115
-0.000087
-0.000058
-0.000028
0.000004
0.000038
0.000071
0.000105
0.000140
0.000174
0.000208
0.000240
0.000269
0.000295
0.000318
0.000336
0.000351
0.000362
0.000369
0.000372
0.000370
0.000364
0.000355
0.000342
0.000325
0.000304
0.000278
0.000247
0.000212
0.000174
0.000131
0.000086
0.000036
-0.000016
-0.000070
-0.000126
-0.000182
-0.000240
-0.000297
-0.000353
-0.000407
-0.000461
-0.000512
-0.000563
-0.000611
-0.000655
-0.000699
-0.000738
-0.000775
-0.000806
-0.000834
-0.000857
-0.000877
-0.000889
-0.000896
-0.000897
-0.000894
-0.000887
-0.000875
-0.000860
-0.000841
-0.000818
-0.000792
-0.000764
-0.000733
-0.000699
-0.000664
-0.000627
-0.000588
-0.000548
-0.000507
-0.000464
-0.000422
-0.000380
-0.000340
-0.000302
-0.000265
-0.000232
-0.000202
-0.000173
-0.000148
-0.000125
-0.000106
-0.000088
-0.000073
-0.000059
-0.000049
-0.000041
-0.000036
-0.000033
-0.000034
-0.000038
-0.000045
-0.000053
-0.000064
-0.000078
-0.000092
-0.000108
-0.000124
-0.000143
-0.000160
-0.000176
-0.000191
-0.000207
-0.000221
-0.000236
-0.000249
-0.000262
-0.000276
-0.000288
-0.000299
-0.000310
-0.000319
-0.000328
-0.000334
-0.000338
-0.000341
-0.000343
-0.000339
-0.000337
-0.000333
-0.000327
-0.000321
-0.000314
-0.000307
-0.000300
-0.000292
-0.000282
-0.000272
-0.000264
-0.000253
-0.000242
-0.000231
-0.000219
-0.000205
-0.000191
-0.000177
-0.000165
-0.000153
-0.000141
-0.000129
-0.000118
-0.000108
-0.000098
-0.000090
-0.000081
-0.000071
-0.000062
-0.000053
-0.000044
-0.000035
-0.000025
-0.000015
-0.000007
-0.000001
0.000006
0.000010
0.000015
0.000018
0.000019
0.000020
0.000022
0.000023
0.000024
0.000025
0.000027
0.000029
0.000031
0.000034
0.000035
0.000036
0.000038
0.000039
0.000039
0.000039
0.000040
0.000042
0.000045
0.000048
0.000051
0.000056
0.000062
0.000068
0.000075
0.000084
0.000091
0.000099
0.000106
0.000114
0.000120
0.000127
0.000133
0.000140
0.000148
0.000155
0.000163
0.000171
0.000179
0.000187
0.000194
0.000200
0.000205
0.000207
0.000208
0.000205
0.000200
0.000194
0.000185
0.000175
0.000162
0.000149
0.000134
0.000116
0.000097
0.000076
0.000053
0.000028
-0.000000
-0.000031
-0.000063
-0.000099
-0.000138
-0.000178
-0.000219
-0.000259
-0.000301
-0.000343
-0.000384
-0.000425
-0.000465
-0.000504
-0.000541
-0.000576
-0.000610
-0.000644
-0.000675
-0.000702
-0.000729
-0.000753
-0.000774
-0.000791
-0.000804
-0.000813
-0.000818
-0.000819
-0.000817
-0.000811
-0.000801
-0.000789
-0.000773
-0.000754
-0.000734
-0.000710
-0.000684
-0.000656
-0.000625
-0.000594
-0.000561
-0.000526
-0.000490
-0.000454
-0.000416
-0.000379
-0.000343
-0.000308
-0.000276
-0.000246
-0.000216
-0.000190
-0.000168
-0.000147
-0.000129
-0.000114
-0.000100
-0.000088
-0.000079
-0.000070
-0.000065
-0.000060
-0.000059
-0.000060
-0.000064
-0.000072
-0.000081
-0.000092
-0.000103
-0.000117
-0.000131
-0.000144
-0.000158
-0.000171
-0.000184
-0.000197
-0.000209
-0.000220
-0.000231
-0.000241
-0.000249
-0.000256
-0.000263
-0.000268
-0.000272
-0.000276
-0.000277
-0.000275
-0.000270
-0.000264
-0.000257
-0.000246
-0.000234
-0.000220
-0.000206
-0.000191
-0.000176
-0.000162
-0.000146
-0.000131
-0.000115
-0.000099
-0.000082
-0.000066
-0.000049
-0.000031
-0.000014
0.000001
0.000017
0.000032
0.000047
0.000061
0.000073
0.000084
0.000094
0.000102
0.000110
0.000117
0.000123
0.000128
0.000134
0.000139
0.000145
0.000149
0.000154
0.000157
0.000160
0.000162
0.000165
0.000166
0.000167
0.000169
0.000170
0.000172
0.000174
0.000177
0.000181
0.000185
0.000190
0.000195
0.000202
0.000208
0.000213
0.000219
0.000225
0.000231
0.000238
0.000243
0.000249
0.000255
0.000263
0.000272
0.000280
0.000289
0.000299
0.000309
0.000319
0.000327
0.000335
0.000342
0.000347
0.000353
0.000356
0.000358
0.000359
0.000360
0.000360
0.000360
0.000358
0.000356
0.000353
0.000350
0.000345
0.000340
0.000334
0.000325
0.000315
0.000303
0.000289
0.000275
0.000258
0.000242
0.000225
0.000209
0.000193
0.000176
0.000159
0.000141
0.000123
0.000105
0.000086
0.000068
0.000051
0.000032
0.000015
-0.000003
-0.000018
-0.000033
-0.000046
-0.000057
-0.000066
-0.000072
-0.000078
-0.000081
-0.000082
-0.000083
-0.000082
-0.000080
-0.000077
-0.000071
-0.000066
-0.000059
-0.000050
-0.000037
-0.000023
-0.000008
0.000009
0.000029
0.000047
0.000067
0.000086
0.000105
0.000124
0.000142
0.000159
0.000174
0.000189
0.000203
0.000217
0.000231
0.000243
0.000253
0.000264
0.000271
0.000278
0.000281
0.000282
0.000281
0.000278
0.000273
0.000267
0.000257
0.000247
0.000235
0.000223
0.000210
0.000196
0.000184
0.000171
0.000158
0.000145
0.000132
0.000118
0.000104
0.000091
0.000076
0.000063
0.000051
0.000040
0.000030
0.000021
0.000015
0.000012
0.000011
0.000012
0.000015
0.000019
0.000024
0.000029
0.000035
0.000041
0.000049
0.000057
0.000067
0.000077
0.000087
0.000099
0.000112
0.000126
0.000139
0.000153
0.000164
0.000177
0.000187
0.000197
0.000204
0.000210
0.000214
0.000217
0.000219
0.000220
0.000219
0.000219
0.000217
0.000214
0.000210
0.000207
0.000203
0.000198
0.000191
0.000184
0.000175
0.000166
0.000155
0.000145
0.000135
0.000125
0.000116
0.000107
0.000099
0.000093
0.000087
0.000082
0.000079
0.000075
0.000072
0.000069
0.000067
0.000066
0.000066
0.000065
0.000064
0.000066
0.000068
0.000070
0.000072
0.000077
0.000081
0.000086
0.000091
0.000097
0.000101
0.000104
0.000107
0.000108
0.000108
0.000108
0.000107
0.000105
0.000102
0.000099
0.000097
0.000094
0.000090
0.000086
0.000081
0.000075
0.000066
0.000058
0.000048
0.000037
0.000025
0.000012
-0.000001
-0.000013
-0.000025
-0.000037
-0.000048
-0.000058
-0.000070
-0.000083
-0.000094
-0.000107
-0.000120
-0.000134
-0.000149
-0.000162
-0.000176
-0.000189
-0.000201
-0.000214
-0.000226
-0.000238
-0.000249
-0.000258
-0.000268
-0.000278
-0.000289
-0.000300
-0.000311
-0.000321
-0.000333
-0.000346
-0.000357
-0.000369
-0.000379
-0.000390
-0.000399
-0.000407
-0.000413
-0.000418
-0.000422
-0.000426
-0.000431
-0.000435
-0.000439
-0.000441
-0.000443
-0.000444
-0.000444
-0.000441
-0.000438
-0.000432
-0.000424
-0.000414
-0.000401
-0.000388
-0.000373
-0.000355
-0.000338
-0.000318
-0.000299
-0.000279
-0.000260
-0.000239
-0.000219
-0.000197
-0.000175
-0.000151
-0.000128
-0.000103
-0.000078
-0.000053
-0.000029
-0.000006
0.000016
0.000037
0.000054
0.000070
0.000084
0.000097
0.000108
0.000116
0.000124
0.000130
0.000134
0.000138
0.000140
0.000140
0.000139
0.000136
0.000130
0.000124
0.000115
0.000105
0.000093
0.000081
0.000068
0.000055
0.000042
0.000028
0.000013
-0.000001
-0.000014
-0.000028
-0.000041
-0.000054
-0.000069
-0.000083
-0.000096
-0.000111
-0.000125
-0.000138
-0.000150
-0.000160
-0.000170
-0.000177
-0.000182
-0.000186
-0.000188
-0.000189
-0.000190
-0.000190
-0.000191
-0.000193
-0.000194
-0.000195
-0.000196
-0.000198
-0.000200
-0.000201
-0.000201
-0.000202
-0.000203
-0.000203
-0.000204
-0.000204
-0.000206
-0.000207
-0.000210
-0.000214
-0.000220
-0.000228
-0.000235
-0.000244
-0.000253
-0.000263
-0.000271
-0.000280
-0.000287
-0.000296
-0.000303
-0.000311
-0.000318
-0.000326
-0.000334
-0.000342
-0.000350
-0.000359
-0.000367
-0.000374
-0.000379
-0.000384
-0.000388
-0.000390
-0.000390
-0.000390
-0.000387
-0.000383
-0.000378
-0.000374
-0.000369
-0.000362
-0.000355
-0.000347
-0.000338
-0.000327
-0.000315
-0.000302
-0.000287
-0.000271
-0.000254
-0.000235
-0.000217
-0.000195
-0.000175
-0.000156
-0.000135
-0.000115
-0.000096
-0.000077
-0.000059
-0.000039
-0.000020
-0.000002
0.000017
0.000035
0.000052
0.000067
0.000082
0.000094
0.000104
0.000112
0.000118
0.000123
0.000125
0.000126
0.000125
0.000122
0.000118
0.000112
0.000104
0.000096
0.000085
0.000073
0.000059
0.000043
0.000024
0.000005
-0.000017
-0.000039
-0.000063
-0.000087
-0.000113
-0.000138
-0.000162
-0.000185
-0.000209
-0.000232
-0.000254
-0.000274
-0.000294
-0.000313
-0.000331
-0.000349
-0.000366
-0.000382
-0.000397
-0.000410
-0.000420
-0.000429
-0.000434
-0.000437
-0.000437
-0.000435
-0.000431
-0.000425
-0.000417
-0.000408
-0.000399
-0.000388
-0.000378
-0.000365
-0.000352
-0.000337
-0.000321
-0.000303
-0.000284
-0.000263
-0.000240
-0.000217
-0.000192
-0.000166
-0.000141
-0.000118
-0.000093
-0.000070
-0.000047
-0.000024
-0.000003
0.000017
0.000038
0.000058
0.000078
0.000098
0.000119
0.000138
0.000156
0.000174
0.000191
0.000206
0.000218
0.000229
0.000239
0.000247
0.000253
0.000258
0.000263
0.000267
0.000270
0.000272
0.000274
0.000275
0.000273
0.000270
0.000266
0.000259
0.000250
0.000239
0.000227
0.000212
0.000197
0.000180
0.000164
0.000146
0.000126
0.000106
0.000085
0.000063
0.000040
0.000016
-0.000009
-0.000036
-0.000066
-0.000095
-0.000126
-0.000158
-0.000190
-0.000221
-0.000253
-0.000285
-0.000315
-0.000345
-0.000375
-0.000402
-0.000430
-0.000457
-0.000483
-0.000508
-0.000533
-0.000556
-0.000578
-0.000598
-0.000615
-0.000630
-0.000641
-0.000650
-0.000655
-0.000657
-0.000656
-0.000653
-0.000648
-0.000640
-0.000629
-0.000617
-0.000602
-0.000585
-0.000566
-0.000545
-0.000520
-0.000495
-0.000467
-0.000437
-0.000405
-0.000372
-0.000337
-0.000301
-0.000264
-0.000227
-0.000191
-0.000153
-0.000119
-0.000084
-0.000050
-0.000017
0.000016
0.000048
0.000078
0.000108
0.000134
0.000160
0.000185
0.000207
0.000226
0.000243
0.000256
0.000267
0.000273
0.000277
0.000279
0.000279
0.000277
0.000271
0.000264
0.000255
0.000245
0.000233
0.000219
0.000203
0.000184
0.000164
0.000142
0.000119
0.000094
0.000068
0.000042
0.000016
-0.000011
-0.000037
-0.000064
-0.000090
-0.000113
-0.000136
-0.000158
-0.000180
-0.000200
-0.000221
-0.000240
-0.000257
-0.000275
-0.000290
-0.000304
-0.000315
-0.000325
-0.000331
-0.000335
-0.000337
-0.000338
-0.000338
-0.000336
-0.000333
-0.000330
-0.000327
-0.000324
-0.000319
-0.000316
-0.000311
-0.000307
-0.000301
-0.000293
-0.000284
-0.000275
-0.000265
-0.000255
-0.000245
-0.000235
-0.000227
-0.000219
-0.000214
-0.000210
-0.000207
-0.000205
-0.000204
-0.000204
-0.000204
-0.000204
-0.000206
-0.000206
-0.000208
-0.000209
-0.000212
-0.000215
-0.000219
-0.000224
-0.000231
-0.000238
-0.000246
-0.000255
-0.000265
-0.000273
-0.000282
-0.000289
-0.000297
-0.000302
-0.000306
-0.000311
-0.000313
-0.000314
-0.000316
-0.000316
-0.000316
-0.000315
-0.000314
-0.000311
-0.000307
-0.000301
-0.000293
-0.000284
-0.000273
-0.000258
-0.000243
-0.000225
-0.000206
-0.000185
-0.000164
-0.000143
-0.000121
-0.000098
-0.000075
-0.000051
-0.000027
-0.000001
0.000026
0.000053
0.000081
0.000109
0.000138
0.000167
0.000195
0.000222
0.000248
0.000273
0.000296
0.000318
0.000339
0.000356
0.000372
0.000387
0.000400
0.000411
0.000421
0.000429
0.000435
0.000439
0.000439
0.000437
0.000432
0.000423
0.000412
0.000396
0.000378
0.000358
0.000336
0.000312
0.000287
0.000260
0.000232
0.000203
0.000174
0.000144
0.000114
0.000081
0.000048
0.000015
-0.000018
-0.000050
-0.000081
-0.000111
-0.000138
-0.000163
-0.000186
-0.000205
-0.000223
-0.000238
-0.000249
-0.000257
-0.000262
-0.000265
-0.000267
-0.000266
-0.000261
-0.000255
-0.000245
-0.000233
-0.000220
-0.000203
-0.000184
-0.000162
-0.000138
-0.000112
-0.000086
-0.000058
-0.000031
-0.000004
0.000023
0.000049
0.000075
0.000101
0.000124
0.000147
0.000167
0.000188
0.000209
0.000228
0.000246
0.000263
0.000279
0.000293
0.000305
0.000314
0.000322
0.000327
0.000333
0.000336
0.000339
0.000342
0.000345
0.000347
0.000352
0.000357
0.000362
0.000368
0.000374
0.000381
0.000388
0.000395
0.000403
0.000411
0.000419
0.000428
0.000436
0.000446
0.000458
0.000468
0.000478
0.000490
0.000502
0.000514
0.000524
0.000533
0.000542
0.000549
0.000554
0.000557
0.000557
0.000555
0.000552
0.000546
0.000539
0.000529
0.000518
0.000503
0.000486
0.000467
0.000445
0.000420
0.000392
0.000361
0.000328
0.000293
0.000254
0.000215
0.000176
0.000135
0.000094
0.000054
0.000014
-0.000025
-0.000063
-0.000100
-0.000135
-0.000169
-0.000201
-0.000232
-0.000260
-0.000286
-0.000309
-0.000330
-0.000347
-0.000360
-0.000370
-0.000374
-0.000373
-0.000370
-0.000362
-0.000351
-0.000338
-0.000322
-0.000305
-0.000283
-0.000261
-0.000237
-0.000212
-0.000186
-0.000159
-0.000131
-0.000101
-0.000072
-0.000044
-0.000015
0.000015
0.000042
0.000069
0.000092
0.000112
0.000130
0.000146
0.000157
0.000168
0.000176
0.000180
0.000183
0.000183
0.000181
0.000178
0.000171
0.000163
0.000152
0.000139
0.000125
0.000109
0.000092
0.000073
0.000054
0.000034
0.000011
-0.000010
-0.000031
-0.000050
-0.000068
-0.000086
-0.000101
-0.000114
-0.000126
-0.000139
-0.000149
-0.000158
-0.000166
-0.000173
-0.000180
-0.000184
-0.000186
-0.000187
-0.000186
-0.000183
-0.000179
-0.000173
-0.000167
-0.000159
-0.000151
-0.000143
-0.000136
-0.000129
-0.000122
-0.000117
-0.000111
-0.000105
-0.000100
-0.000096
-0.000093
-0.000090
-0.000088
-0.000086
-0.000085
-0.000085
-0.000086
-0.000089
-0.000092
-0.000096
-0.000101
-0.000107
-0.000115
-0.000122
-0.000130
-0.000136
-0.000143
-0.000149
-0.000155
-0.000160
-0.000164
-0.000168
-0.000171
-0.000174
-0.000178
-0.000180
-0.000182
-0.000183
-0.000185
-0.000186
-0.000185
-0.000184
-0.000181
-0.000177
-0.000171
-0.000167
-0.000161
-0.000155
-0.000150
-0.000146
-0.000142
-0.000140
-0.000140
-0.000140
-0.000142
-0.000144
-0.000147
-0.000151
-0.000155
-0.000160
-0.000166
-0.000173
-0.000180
-0.000189
-0.000199
-0.000213
-0.000225
-0.000239
-0.000254
-0.000270
-0.000287
-0.000302
-0.000317
-0.000332
-0.000345
-0.000358
-0.000368
-0.000377
-0.000384
-0.000390
-0.000394
-0.000397
-0.000398
-0.000398
-0.000395
-0.000390
-0.000384
-0.000373
-0.000360
-0.000346
-0.000328
-0.000307
-0.000285
-0.000260
-0.000234
-0.000207
-0.000179
-0.000152
-0.000124
-0.000097
-0.000070
-0.000044
-0.000018
0.000006
0.000031
0.000054
0.000077
0.000097
0.000115
0.000132
0.000143
0.000152
0.000157
0.000160
0.000159
0.000154
0.000145
0.000134
0.000118
0.000101
0.000081
0.000059
0.000036
0.000011
-0.000015
-0.000042
-0.000070
-0.000099
-0.000130
-0.000159
-0.000189
-0.000217
-0.000246
-0.000273
-0.000297
-0.000319
-0.000338
-0.000352
-0.000364
-0.000372
-0.000376
-0.000376
-0.000372
-0.000365
-0.000356
-0.000343
-0.000328
-0.000309
-0.000287
-0.000262
-0.000235
-0.000206
-0.000173
-0.000139
-0.000103
-0.000065
-0.000027
0.000010
0.000047
0.000083
0.000118
0.000152
0.000182
0.000210
0.000234
0.000257
0.000277
0.000293
0.000307
0.000317
0.000323
0.000326
0.000327
0.000322
0.000315
0.000302
0.000288
0.000269
0.000247
0.000222
0.000195
0.000168
0.000138
0.000108
0.000077
0.000048
0.000018
-0.000012
-0.000041
-0.000070
-0.000097
-0.000124
-0.000151
-0.000177
-0.000202
-0.000224
-0.000244
-0.000262
-0.000278
-0.000291
-0.000301
-0.000309
-0.000315
-0.000319
-0.000321
-0.000321
-0.000320
-0.000317
-0.000314
-0.000310
-0.000306
-0.000301
-0.000295
-0.000286
-0.000278
-0.000269
-0.000259
-0.000248
-0.000237
-0.000226
-0.000215
-0.000204
-0.000193
-0.000185
-0.000176
-0.000168
-0.000160
-0.000151
-0.000142
-0.000132
-0.000121
-0.000108
-0.000094
-0.000080
-0.000065
-0.000048
-0.000029
-0.000009
0.000011
0.000033
0.000056
0.000078
0.000101
0.000125
0.000150
0.000176
0.000203
0.000231
0.000260
0.000288
0.000318
0.000345
0.000371
0.000396
0.000418
0.000437
0.000454
0.000468
0.000480
0.000488
0.000492
0.000494
0.000492
0.000486
0.000477
0.000465
0.000448
0.000428
0.000403
0.000374
0.000340
0.000301
0.000258
0.000213
0.000163
0.000110
0.000056
0.000000
-0.000056
-0.000113
-0.000170
-0.000227
-0.000283
-0.000340
-0.000395
-0.000450
-0.000503
-0.000556
-0.000606
-0.000653
-0.000697
-0.000736
-0.000771
-0.000803
-0.000829
-0.000851
-0.000866
-0.000877
-0.000884
-0.000885
-0.000884
-0.000878
-0.000869
-0.000856
-0.000839
-0.000818
-0.000794
-0.000768
-0.000738
-0.000706
-0.000671
-0.000634
-0.000595
-0.000555
-0.000515
-0.000474
-0.000435
-0.000397
-0.000360
-0.000325
-0.000293
-0.000262
-0.000234
-0.000207
-0.000182
-0.000159
-0.000139
-0.000122
-0.000107
-0.000094
-0.000084
-0.000077
-0.000073
-0.000073
-0.000075
-0.000079
-0.000086
-0.000095
-0.000106
-0.000117
-0.000129
-0.000142
-0.000155
-0.000169
-0.000183
-0.000198
-0.000212
-0.000226
-0.000241
-0.000254
-0.000268
-0.000281
-0.000294
-0.000304
-0.000313
-0.000320
-0.000325
-0.000328
-0.000330
-0.000328
-0.000323
-0.000317
-0.000311
-0.000304
-0.000296
-0.000287
-0.000276
-0.000266
-0.000255
-0.000244
-0.000232
-0.000220
-0.000207
-0.000194
-0.000180
-0.000166
-0.000152
-0.000139
-0.000128
-0.000119
-0.000112
-0.000107
-0.000103
-0.000103
-0.000104
-0.000109
-0.000115
-0.000123
-0.000132
-0.000142
-0.000155
-0.000168
-0.000183
-0.000201
-0.000221
-0.000243
-0.000269
-0.000296
-0.000325
-0.000356
-0.000387
-0.000419
-0.000452
-0.000485
-0.000516
-0.000547
-0.000578
-0.000609
-0.000637
-0.000666
-0.000694
-0.000721
-0.000747
-0.000772
-0.000795
-0.000817
-0.000837
-0.000854
-0.000868
-0.000879
-0.000887
-0.000892
-0.000895
-0.000894
-0.000890
-0.000884
-0.000875
-0.000864
-0.000850
-0.000835
-0.000819
-0.000800
-0.000779
-0.000755
-0.000729
-0.000700
-0.000669
-0.000636
-0.000601
-0.000565
-0.000528
-0.000491
-0.000452
-0.000416
-0.000380
-0.000344
-0.000310
-0.000276
-0.000244
-0.000211
-0.000180
-0.000149
-0.000119
-0.000090
-0.000061
-0.000034
-0.000009
0.000013
0.000034
0.000052
0.000067
0.000079
0.000089
0.000097
0.000103
0.000108
0.000113
0.000117
0.000120
0.000122
0.000124
0.000126
0.000126
0.000126
0.000124
0.000122
0.000119
0.000116
0.000112
0.000109
0.000105
0.000102
0.000100
0.000100
0.000100
0.000102
0.000104
0.000106
0.000109
0.000113
0.000117
0.000119
0.000123
0.000125
0.000129
0.000131
0.000134
0.000138
0.000141
0.000145
0.000148
0.000150
0.000152
0.000154
0.000154
0.000153
0.000150
0.000145
0.000138
0.000128
0.000118
0.000105
0.000092
0.000077
0.000061
0.000046
0.000029
0.000011
-0.000008
-0.000028
-0.000048
-0.000069
-0.000092
-0.000115
-0.000138
-0.000160
-0.000183
-0.000205
-0.000226
-0.000246
-0.000263
-0.000278
-0.000292
-0.000303
-0.000312
-0.000319
-0.000323
-0.000327
-0.000330
-0.000330
-0.000330
-0.000327
-0.000322
-0.000314
-0.000303
-0.000290
-0.000273
-0.000255
-0.000235
-0.000212
-0.000189
-0.000163
-0.000136
-0.000110
-0.000084
-0.000057
-0.000031
-0.000005
0.000021
0.000048
0.000074
0.000101
0.000128
0.000155
0.000181
0.000206
0.000230
0.000252
0.000272
0.000290
0.000306
0.000321
0.000333
0.000344
0.000353
0.000361
0.000369
0.000374
0.000380
0.000384
0.000388
0.000390
0.000392
0.000391
0.000389
0.000384
0.000379
0.000373
0.000365
0.000357
0.000347
0.000338
0.000327
0.000318
0.000310
0.000301
0.000292
0.000281
0.000270
0.000258
0.000245
0.000232
0.000217
0.000201
0.000185
0.000167
0.000148
0.000130
0.000110
0.000091
0.000072
0.000053
0.000034
0.000013
-0.000008
-0.000031
-0.000054
-0.000079
-0.000105
-0.000131
-0.000158
-0.000186
-0.000211
-0.000237
-0.000262
-0.000286
-0.000308
-0.000329
-0.000350
-0.000368
-0.000386
-0.000402
-0.000417
-0.000429
-0.000440
-0.000449
-0.000456
-0.000460
-0.000462
-0.000461
-0.000456
-0.000446
-0.000434
-0.000419
-0.000399
-0.000377
-0.000353
-0.000324
-0.000296
-0.000266
-0.000233
-0.000199
-0.000163
-0.000127
-0.000088
-0.000049
-0.000009
0.000032
0.000074
0.000114
0.000153
0.000191
0.000226
0.000260
0.000290
0.000317
0.000341
0.000362
0.000379
0.000393
0.000404
0.000412
0.000417
0.000418
0.000417
0.000412
0.000403
0.000391
0.000374
0.000354
0.000330
0.000303
0.000273
0.000240
0.000206
0.000171
0.000136
0.000101
0.000066
0.000031
-0.000004
-0.000037
-0.000069
-0.000103
-0.000134
-0.000164
-0.000194
-0.000221
-0.000246
-0.000269
-0.000289
-0.000306
-0.000320
-0.000330
-0.000337
-0.000340
-0.000341
-0.000340
-0.000335
-0.000328
-0.000319
-0.000310
-0.000298
-0.000285
-0.000272
-0.000256
-0.000240
-0.000223
-0.000204
-0.000185
-0.000166
-0.000147
-0.000127
-0.000108
-0.000089
-0.000072
-0.000057
-0.000043
-0.000032
-0.000023
-0.000013
-0.000006
-0.000001
0.000004
0.000008
0.000011
0.000013
0.000015
0.000016
0.000017
0.000019
0.000018
0.000015
0.000011
0.000008
0.000004
0.000002
-0.000001
-0.000003
-0.000003
-0.000003
-0.000000
0.000003
0.000007
0.000013
0.000018
0.000025
0.000032
0.000039
0.000045
0.000052
0.000058
0.000065
0.000072
0.000079
0.000087
0.000093
0.000099
0.000105
0.000110
0.000113
0.000115
0.000115
0.000112
0.000107
0.000100
0.000091
0.000080
0.000066
0.000051
0.000035
0.000018
0.000001
-0.000019
-0.000038
-0.000058
-0.000080
-0.000101
-0.000124
-0.000146
-0.000169
-0.000192
-0.000213
-0.000235
-0.000254
-0.000272
-0.000286
-0.000298
-0.000308
-0.000312
-0.000314
-0.000311
-0.000306
-0.000296
-0.000285
-0.000270
-0.000252
-0.000231
-0.000207
-0.000183
-0.000153
-0.000122
-0.000086
-0.000050
-0.000010
0.000030
0.000072
0.000114
0.000156
0.000197
0.000237
0.000274
0.000310
0.000343
0.000373
0.000401
0.000426
0.000449
0.000468
0.000485
0.000498
0.000508
0.000513
0.000515
0.000513
0.000507
0.000497
0.000480
0.000460
0.000437
0.000411
0.000382
0.000351
0.000318
0.000285
0.000251
0.000217
0.000182
0.000149
0.000115
0.000081
0.000049
0.000017
-0.000014
-0.000042
-0.000068
-0.000092
-0.000114
-0.000131
-0.000147
-0.000158
-0.000165
-0.000167
-0.000167
-0.000165
-0.000159
-0.000151
-0.000141
-0.000128
-0.000114
-0.000098
-0.000081
-0.000062
-0.000042
-0.000021
0.000002
0.000025
0.000049
0.000075
0.000100
0.000126
0.000149
0.000172
0.000193
0.000212
0.000230
0.000246
0.000259
0.000271
0.000282
0.000293
0.000303
0.000313
0.000323
0.000330
0.000337
0.000344
0.000351
0.000356
0.000361
0.000365
0.000369
0.000372
0.000376
0.000379
0.000382
0.000387
0.000392
0.000398
0.000405
0.000412
0.000421
0.000429
0.000436
0.000444
0.000451
0.000457
0.000462
0.000466
0.000469
0.000470
0.000471
0.000470
0.000468
0.000464
0.000459
0.000453
0.000444
0.000433
0.000420
0.000404
0.000386
0.000364
0.000340
0.000313
0.000285
0.000256
0.000224
0.000192
0.000161
0.000129
0.000098
0.000065
0.000033
0.000002
-0.000029
-0.000058
-0.000087
-0.000115
-0.000141
-0.000164
-0.000186
-0.000204
-0.000219
-0.000229
-0.000237
-0.000239
-0.000237
-0.000231
-0.000223
-0.000210
-0.000193
-0.000174
-0.000152
-0.000128
-0.000100
-0.000071
-0.000039
-0.000006
0.000029
0.000067
0.000105
0.000142
0.000179
0.000217
0.000253
0.000287
0.000319
0.000348
0.000374
0.000397
0.000416
0.000432
0.000445
0.000454
0.000460
0.000463
0.000460
0.000455
0.000446
0.000434
0.000418
0.000398
0.000374
0.000346
0.000315
0.000282
0.000248
0.000212
0.000174
0.000136
0.000099
0.000062
0.000027
-0.000008
-0.000039
-0.000071
-0.000101
-0.000128
-0.000154
-0.000179
-0.000201
-0.000220
-0.000236
-0.000251
-0.000261
-0.000269
-0.000274
-0.000275
-0.000273
-0.000269
-0.000261
-0.000250
-0.000239
-0.000227
-0.000213
-0.000199
-0.000184
-0.000169
-0.000154
-0.000140
-0.000124
-0.000110
-0.000095
-0.000080
-0.000067
-0.000055
-0.000042
-0.000031
-0.000023
-0.000017
-0.000015
-0.000014
-0.000015
-0.000017
-0.000021
-0.000028
-0.000035
-0.000043
-0.000050
-0.000058
-0.000067
-0.000076
-0.000085
-0.000094
-0.000104
-0.000114
-0.000124
-0.000133
-0.000143
-0.000152
-0.000160
-0.000166
-0.000170
-0.000173
-0.000174
-0.000172
-0.000168
-0.000161
-0.000153
-0.000144
-0.000133
-0.000122
-0.000108
-0.000094
-0.000078
-0.000063
-0.000048
-0.000031
-0.000013
0.000005
0.000024
0.000043
0.000062
0.000083
0.000102
0.000119
0.000138
0.000154
0.000169
0.000183
0.000195
0.000207
0.000218
0.000228
0.000237
0.000245
0.000254
0.000263
0.000270
0.000277
0.000283
0.000288
0.000292
0.000294
0.000295
0.000295
0.000295
0.000294
0.000293
0.000293
0.000292
0.000293
0.000293
0.000294
0.000294
0.000296
0.000297
0.000297
0.000297
0.000296
0.000295
0.000292
0.000289
0.000285
0.000281
0.000277
0.000272
0.000268
0.000265
0.000260
0.000255
0.000250
0.000243
0.000235
0.000227
0.000217
0.000206
0.000194
0.000180
0.000166
0.000152
0.000138
0.000124
0.000112
0.000098
0.000085
0.000073
0.000062
0.000051
0.000040
0.000029
0.000018
0.000009
-0.000001
-0.000010
-0.000017
-0.000023
-0.000027
-0.000028
-0.000028
-0.000025
-0.000020
-0.000013
-0.000006
0.000003
0.000013
0.000025
0.000037
0.000050
0.000064
0.000077
0.000093
0.000108
0.000124
0.000141
0.000159
0.000178
0.000196
0.000213
0.000230
0.000244
0.000258
0.000268
0.000278
0.000286
0.000291
0.000295
0.000297
0.000298
0.000297
0.000295
0.000291
0.000287
0.000281
0.000273
0.000263
0.000251
0.000237
0.000221
0.000204
0.000184
0.000164
0.000143
0.000121
0.000100
0.000079
0.000060
0.000043
0.000025
0.000009
-0.000006
-0.000021
-0.000036
-0.000049
-0.000062
-0.000073
-0.000084
-0.000093
-0.000100
-0.000105
-0.000107
-0.000107
-0.000105
-0.000101
-0.000095
-0.000087
-0.000077
-0.000067
-0.000055
-0.000042
-0.000029
-0.000017
-0.000003
0.000011
0.000024
0.000039
0.000053
0.000069
0.000086
0.000101
0.000115
0.000128
0.000141
0.000153
0.000163
0.000172
0.000177
0.000180
0.000182
0.000181
0.000180
0.000177
0.000173
0.000170
0.000164
0.000159
0.000152
0.000143
0.000134
0.000124
0.000112
0.000098
0.000083
0.000069
0.000053
0.000036
0.000020
0.000004
-0.000011
-0.000025
-0.000039
-0.000050
-0.000060
-0.000069
-0.000078
-0.000083
-0.000089
-0.000095
-0.000100
-0.000102
-0.000104
-0.000103
-0.000102
-0.000097
-0.000091
-0.000083
-0.000073
-0.000060
-0.000047
-0.000032
-0.000016
0.000000
0.000017
0.000036
0.000054
0.000073
0.000092
0.000112
0.000132
0.000154
0.000177
0.000198
0.000221
0.000243
0.000264
0.000285
0.000304
0.000322
0.000339
0.000355
0.000369
0.000382
0.000393
0.000404
0.000415
0.000424
0.000433
0.000442
0.000449
0.000456
0.000462
0.000465
0.000467
0.000468
0.000467
0.000462
0.000457
0.000451
0.000444
0.000437
0.000429
0.000419
0.000409
0.000400
0.000390
0.000380
0.000368
0.000354
0.000339
0.000323
0.000305
0.000287
0.000267
0.000246
0.000225
0.000205
0.000184
0.000163
0.000144
0.000124
0.000105
0.000086
0.000067
0.000048
0.000032
0.000015
-0.000002
-0.000020
-0.000037
-0.000052
-0.000066
-0.000079
-0.000089
-0.000098
-0.000105
-0.000109
-0.000110
-0.000110
-0.000107
-0.000104
-0.000097
-0.000090
-0.000082
-0.000072
-0.000060
-0.000047
-0.000031
-0.000011
0.000009
0.000032
0.000058
0.000085
0.000113
0.000144
0.000174
0.000205
0.000237
0.000268
0.000298
0.000327
0.000357
0.000385
0.000412
0.000438
0.000463
0.000486
0.000509
0.000529
0.000548
0.000564
0.000577
0.000588
0.000595
0.000600
0.000601
0.000599
0.000594
0.000586
0.000576
0.000562
0.000547
0.000530
0.000511
0.000491
0.000468
0.000444
0.000417
0.000389
0.000360
0.000328
0.000296
0.000263
0.000230
0.000197
0.000165
0.000133
0.000104
0.000075
0.000047
0.000020
-0.000005
-0.000030
-0.000053
-0.000076
-0.000097
-0.000119
-0.000140
-0.000160
-0.000177
-0.000192
-0.000204
-0.000215
-0.000223
-0.000229
-0.000235
-0.000237
-0.000239
-0.000241
-0.000243
-0.000245
-0.000247
-0.000247
-0.000249
-0.000250
-0.000250
-0.000250
-0.000250
-0.000249
-0.000247
-0.000245
-0.000242
-0.000240
-0.000238
-0.000236
-0.000235
-0.000234
-0.000235
-0.000237
-0.000238
-0.000241
-0.000243
-0.000243
-0.000244
-0.000242
-0.000239
-0.000237
-0.000232
-0.000227
-0.000221
-0.000215
-0.000208
-0.000201
-0.000194
-0.000186
-0.000178
-0.000169
-0.000160
-0.000149
-0.000136
-0.000123
-0.000109
-0.000093
-0.000077
-0.000060
-0.000042
-0.000025
-0.000008
0.000008
0.000023
0.000038
0.000054
0.000068
0.000080
0.000093
0.000108
0.000120
0.000133
0.000145
0.000156
0.000167
0.000176
0.000183
0.000187
0.000190
0.000191
0.000189
0.000186
0.000182
0.000175
0.000168
0.000161
0.000153
0.000145
0.000135
0.000125
0.000115
0.000103
0.000090
0.000077
0.000063
0.000047
0.000030
0.000014
-0.000003
-0.000019
-0.000033
-0.000048
-0.000061
-0.000073
-0.000085
-0.000096
-0.000106
-0.000116
-0.000127
-0.000137
-0.000147
-0.000157
-0.000166
-0.000174
-0.000182
-0.000188
-0.000192
-0.000195
-0.000198
-0.000201
-0.000202
-0.000202
-0.000202
-0.000201
-0.000202
-0.000203
-0.000204
-0.000205
-0.000207
-0.000209
-0.000210
-0.000211
-0.000211
-0.000209
-0.000208
-0.000206
-0.000204
-0.000201
-0.000198
-0.000194
-0.000191
-0.000189
-0.000186
-0.000185
-0.000182
-0.000180
-0.000178
-0.000175
-0.000171
-0.000167
-0.000162
-0.000157
-0.000151
-0.000145
-0.000140
-0.000135
-0.000130
-0.000125
-0.000122
-0.000117
-0.000114
-0.000110
-0.000106
-0.000102
-0.000098
-0.000093
-0.000088
-0.000082
-0.000078
-0.000073
-0.000069
-0.000066
-0.000063
-0.000062
-0.000060
-0.000060
-0.000060
-0.000060
-0.000059
-0.000059
-0.000059
-0.000059
-0.000059
-0.000059
-0.000059
-0.000060
-0.000062
-0.000063
-0.000066
-0.000069
-0.000072
-0.000075
-0.000078
-0.000081
-0.000083
-0.000085
-0.000085
-0.000085
-0.000084
-0.000082
-0.000080
-0.000077
-0.000074
-0.000071
-0.000068
-0.000064
-0.000061
-0.000056
-0.000049
-0.000042
-0.000033
-0.000024
-0.000014
-0.000002
0.000010
0.000024
0.000037
0.000050
0.000063
0.000076
0.000088
0.000100
0.000110
0.000121
0.000132
0.000142
0.000153
0.000165
0.000176
0.000186
0.000196
0.000205
0.000212
0.000218
0.000222
0.000225
0.000225
0.000224
0.000221
0.000217
0.000212
0.000206
0.000197
0.000188
0.000178
0.000167
0.000155
0.000141
0.000127
0.000110
0.000093
0.000074
0.000055
0.000035
0.000014
-0.000007
-0.000027
-0.000047
-0.000067
-0.000085
-0.000100
-0.000114
-0.000127
-0.000138
-0.000148
-0.000156
-0.000164
-0.000170
-0.000175
-0.000179
-0.000181
-0.000180
-0.000177
-0.000173
-0.000164
-0.000153
-0.000138
-0.000123
-0.000106
-0.000087
-0.000068
-0.000046
-0.000024
-0.000002
0.000020
0.000042
0.000065
0.000089
0.000113
0.000137
0.000162
0.000187
0.000212
0.000237
0.000262
0.000285
0.000308
0.000328
0.000346
0.000363
0.000379
0.000393
0.000407
0.000419
0.000431
0.000441
0.000450
0.000459
0.000466
0.000472
0.000477
0.000479
0.000482
0.000482
0.000481
0.000479
0.000474
0.000468
0.000462
0.000454
0.000447
0.000439
0.000429
0.000420
0.000411
0.000401
0.000390
0.000378
0.000365
0.000349
0.000332
0.000315
0.000297
0.000277
0.000257
0.000236
0.000216
0.000196
0.000174
0.000153
0.000131
0.000108
0.000084
0.000060
0.000034
0.000009
-0.000018
-0.000046
-0.000074
-0.000101
-0.000129
-0.000157
-0.000183
-0.000206
-0.000230
-0.000253
-0.000274
-0.000293
-0.000312
-0.000330
-0.000347
-0.000363
-0.000377
-0.000389
-0.000401
-0.000410
-0.000417
-0.000422
-0.000423
-0.000422
-0.000418
-0.000413
-0.000405
-0.000397
-0.000387
-0.000376
-0.000364
-0.000352
-0.000340
-0.000326
-0.000311
-0.000295
-0.000278
-0.000260
-0.000242
-0.000221
-0.000202
-0.000182
-0.000162
-0.000142
-0.000123
-0.000105
-0.000088
-0.000074
-0.000060
-0.000049
-0.000038
-0.000028
-0.000019
-0.000010
-0.000002
0.000006
0.000013
0.000021
0.000028
0.000034
0.000039
0.000043
0.000047
0.000050
0.000054
0.000056
0.000059
0.000062
0.000067
0.000073
0.000079
0.000087
0.000095
0.000105
0.000115
0.000126
0.000137
0.000148
0.000159
0.000170
0.000181
0.000193
0.000206
0.000219
0.000233
0.000248
0.000264
0.000280
0.000294
0.000309
0.000322
0.000334
0.000343
0.000351
0.000357
0.000360
0.000361
0.000360
0.000357
0.000353
0.000347
0.000340
0.000331
0.000321
0.000309
0.000296
0.000281
0.000263
0.000243
0.000221
0.000198
0.000173
0.000147
0.000120
0.000090
0.000062
0.000034
0.000008
-0.000019
-0.000045
-0.000069
-0.000094
-0.000118
-0.000140
-0.000163
-0.000185
-0.000207
-0.000227
-0.000245
-0.000263
-0.000278
-0.000291
-0.000302
-0.000311
-0.000318
-0.000322
-0.000325
-0.000326
-0.000327
-0.000326
-0.000324
-0.000322
-0.000320
-0.000316
-0.000312
-0.000308
-0.000302
-0.000295
-0.000287
-0.000278
-0.000268
-0.000258
-0.000248
-0.000237
-0.000227
-0.000218
-0.000209
-0.000201
-0.000194
-0.000186
-0.000181
-0.000174
-0.000167
-0.000160
-0.000153
-0.000145
-0.000137
-0.000129
-0.000121
-0.000113
-0.000105
-0.000098
-0.000091
-0.000086
-0.000080
-0.000076
-0.000073
-0.000069
-0.000065
-0.000061
-0.000057
-0.000052
-0.000047
-0.000042
-0.000038
-0.000034
-0.000031
-0.000030
-0.000030
-0.000031
-0.000034
-0.000039
-0.000045
-0.000052
-0.000059
-0.000066
-0.000074
-0.000081
-0.000089
-0.000098
-0.000108
-0.000118
-0.000129
-0.000142
-0.000154
-0.000168
-0.000183
-0.000199
-0.000214
-0.000229
-0.000243
-0.000259
-0.000272
-0.000284
-0.000295
-0.000306
-0.000315
-0.000325
-0.000335
-0.000345
-0.000355
-0.000365
-0.000374
-0.000382
-0.000388
-0.000393
-0.000396
-0.000398
-0.000398
-0.000397
-0.000395
-0.000393
-0.000389
-0.000384
-0.000378
-0.000373
-0.000368
-0.000362
-0.000357
-0.000349
-0.000340
-0.000332
-0.000321
-0.000310
-0.000296
-0.000283
-0.000268
-0.000254
-0.000240
-0.000226
-0.000212
-0.000199
-0.000186
-0.000174
-0.000160
-0.000147
-0.000134
-0.000121
-0.000107
-0.000093
-0.000078
-0.000063
-0.000049
-0.000034
-0.000020
-0.000008
0.000004
0.000014
0.000022
0.000030
0.000037
0.000043
0.000048
0.000053
0.000057
0.000060
0.000063
0.000065
0.000066
0.000066
0.000063
0.000059
0.000054
0.000047
0.000040
0.000030
0.000019
0.000008
-0.000003
-0.000015
-0.000025
-0.000036
-0.000046
-0.000055
-0.000063
-0.000071
-0.000079
-0.000086
-0.000092
-0.000097
-0.000103
-0.000107
-0.000109
-0.000110
-0.000108
-0.000102
-0.000093
-0.000082
-0.000069
-0.000053
-0.000033
-0.000012
0.000010
0.000034
0.000059
0.000085
0.000113
0.000142
0.000172
0.000203
0.000235
0.000268
0.000302
0.000337
0.000371
0.000405
0.000437
0.000469
0.000499
0.000526
0.000549
0.000571
0.000588
0.000604
0.000617
0.000627
0.000634
0.000638
0.000640
0.000640
0.000636
0.000630
0.000620
0.000606
0.000589
0.000569
0.000545
0.000519
0.000491
0.000461
0.000430
0.000398
0.000367
0.000337
0.000307
0.000279
0.000252
0.000227
0.000202
0.000179
0.000157
0.000137
0.000118
0.000102
0.000089
0.000078
0.000070
0.000066
0.000067
0.000069
0.000075
0.000085
0.000097
0.000112
0.000129
0.000148
0.000167
0.000188
0.000209
0.000230
0.000251
0.000273
0.000295
0.000317
0.000339
0.000359
0.000378
0.000397
0.000413
0.000428
0.000439
0.000449
0.000457
0.000462
0.000465
0.000464
0.000461
0.000455
0.000447
0.000438
0.000428
0.000415
0.000402
0.000387
0.000372
0.000355
0.000336
0.000315
0.000293
0.000273
0.000252
0.000231
0.000209
0.000190
0.000171
0.000155
0.000141
0.000127
0.000116
0.000107
0.000100
0.000094
0.000089
0.000085
0.000083
0.000083
0.000083
0.000085
0.000088
0.000094
0.000100
0.000108
0.000117
0.000128
0.000139
0.000149
0.000161
0.000172
0.000182
0.000191
0.000198
0.000204
0.000208
0.000211
0.000212
0.000214
0.000214
0.000213
0.000212
0.000209
0.000205
0.000199
0.000193
0.000187
0.000177
0.000166
0.000154
0.000140
0.000126
0.000111
0.000095
0.000081
0.000067
0.000054
0.000043
0.000032
0.000022
0.000013
0.000004
-0.000003
-0.000008
-0.000015
-0.000019
-0.000022
-0.000024
-0.000023
-0.000020
-0.000016
-0.000009
0.000000
0.000012
0.000026
0.000042
0.000058
0.000076
0.000095
0.000113
0.000132
0.000150
0.000169
0.000189
0.000210
0.000231
0.000253
0.000275
0.000297
0.000320
0.000342
0.000364
0.000385
0.000404
0.000422
0.000437
0.000449
0.000459
0.000466
0.000473
0.000477
0.000481
0.000481
0.000481
0.000477
0.000474
0.000468
0.000460
0.000450
0.000437
0.000421
0.000403
0.000383
0.000360
0.000336
0.000311
0.000283
0.000256
0.000227
0.000198
0.000169
0.000139
0.000109
0.000078
0.000048
0.000017
-0.000015
-0.000048
-0.000081
-0.000115
-0.000148
-0.000180
-0.000211
-0.000241
-0.000269
-0.000294
-0.000319
-0.000342
-0.000363
-0.000382
-0.000402
-0.000419
-0.000436
-0.000451
-0.000464
-0.000475
-0.000486
-0.000493
-0.000499
-0.000502
-0.000502
-0.000500
-0.000494
-0.000487
-0.000478
-0.000468
-0.000455
-0.000442
-0.000430
-0.000416
-0.000401
-0.000386
-0.000370
-0.000352
-0.000335
-0.000316
-0.000296
-0.000276
-0.000254
-0.000231
-0.000209
-0.000187
-0.000164
-0.000144
-0.000124
-0.000105
-0.000087
-0.000070
-0.000054
-0.000039
-0.000023
-0.000008
0.000007
0.000022
0.000036
0.000050
0.000061
0.000071
0.000080
0.000089
0.000096
0.000100
0.000103
0.000105
0.000108
0.000109
0.000110
0.000112
0.000112
0.000113
0.000111
0.000111
0.000110
0.000108
0.000105
0.000101
0.000097
0.000092
0.000085
0.000079
0.000073
0.000066
0.000060
0.000056
0.000052
0.000048
0.000045
0.000042
0.000039
0.000034
0.000030
0.000025
0.000020
0.000013
0.000008
0.000002
-0.000002
-0.000006
-0.000010
-0.000013
-0.000016
-0.000018
-0.000021
-0.000024
-0.000027
-0.000031
-0.000034
-0.000037
-0.000042
-0.000046
-0.000050
-0.000055
-0.000059
-0.000063
-0.000066
-0.000069
-0.000071
-0.000071
-0.000072
-0.000072
-0.000073
-0.000074
-0.000076
-0.000077
-0.000080
-0.000083
-0.000085
-0.000086
-0.000088
-0.000089
-0.000088
-0.000087
-0.000085
-0.000081
-0.000078
-0.000074
-0.000071
-0.000069
-0.000066
-0.000063
-0.000061
-0.000059
-0.000058
-0.000056
-0.000052
-0.000049
-0.000045
-0.000041
-0.000037
-0.000031
-0.000026
-0.000021
-0.000016
-0.000013
-0.000009
-0.000008
-0.000007
-0.000007
-0.000010
-0.000012
-0.000014
-0.000017
-0.000020
-0.000025
-0.000029
-0.000034
-0.000041
-0.000049
-0.000059
-0.000070
-0.000082
-0.000096
-0.000110
-0.000126
-0.000143
-0.000160
-0.000176
-0.000192
-0.000207
-0.000222
-0.000236
-0.000250
-0.000264
-0.000277
-0.000290
-0.000302
-0.000315
-0.000326
-0.000337
-0.000347
-0.000354
-0.000359
-0.000362
-0.000364
-0.000363
-0.000361
-0.000357
-0.000350
-0.000343
-0.000334
-0.000325
-0.000315
-0.000304
-0.000293
-0.000280
-0.000267
-0.000253
-0.000239
-0.000225
-0.000210
-0.000195
-0.000180
-0.000165
-0.000151
-0.000138
-0.000126
-0.000117
-0.000110
-0.000105
-0.000103
-0.000102
-0.000103
-0.000106
-0.000110
-0.000115
-0.000119
-0.000127
-0.000136
-0.000145
-0.000156
-0.000169
-0.000183
-0.000198
-0.000213
-0.000230
-0.000248
-0.000267
-0.000285
-0.000302
-0.000319
-0.000334
-0.000348
-0.000360
-0.000371
-0.000378
-0.000386
-0.000392
-0.000397
-0.000400
-0.000403
-0.000405
-0.000404
-0.000402
-0.000397
-0.000392
-0.000383
-0.000373
-0.000362
-0.000349
-0.000334
-0.000319
-0.000303
-0.000287
-0.000270
-0.000252
-0.000236
-0.000221
-0.000205
-0.000189
-0.000173
-0.000158
-0.000143
-0.000129
-0.000113
-0.000100
-0.000086
-0.000074
-0.000063
-0.000054
-0.000048
-0.000043
-0.000039
-0.000037
-0.000036
-0.000036
-0.000036
-0.000037
-0.000038
-0.000038
-0.000039
-0.000040
-0.000041
-0.000042
-0.000043
-0.000044
-0.000046
-0.000048
-0.000050
-0.000050
-0.000052
-0.000051
-0.000050
-0.000047
-0.000042
-0.000036
-0.000029
-0.000021
-0.000012
-0.000002
0.000007
0.000016
0.000026
0.000036
0.000045
0.000055
0.000064
0.000074
0.000084
0.000094
0.000105
0.000116
0.000125
0.000134
0.000142
0.000149
0.000155
0.000159
0.000161
0.000160
0.000159
0.000155
0.000151
0.000145
0.000137
0.000131
0.000123
0.000116
0.000108
0.000100
0.000090
0.000078
0.000067
0.000054
0.000039
0.000023
0.000008
-0.000010
-0.000026
-0.000043
-0.000059
-0.000075
-0.000090
-0.000105
-0.000119
-0.000133
-0.000146
-0.000158
-0.000170
-0.000181
-0.000194
-0.000206
-0.000219
-0.000232
-0.000243
-0.000254
-0.000264
-0.000272
-0.000279
-0.000284
-0.000287
-0.000290
-0.000291
-0.000291
-0.000291
-0.000291
-0.000290
-0.000289
-0.000287
-0.000284
-0.000280
-0.000275
-0.000269
-0.000260
-0.000251
-0.000239
-0.000228
-0.000215
-0.000201
-0.000187
-0.000172
-0.000157
-0.000143
-0.000130
-0.000117
-0.000105
-0.000093
-0.000081
-0.000069
-0.000058
-0.000047
-0.000038
-0.000028
-0.000020
-0.000013
-0.000007
-0.000003
-0.000000
-0.000000
-0.000003
-0.000008
-0.000014
-0.000022
-0.000031
-0.000040
-0.000051
-0.000061
-0.000071
-0.000082
-0.000095
-0.000109
-0.000124
-0.000138
-0.000153
-0.000169
-0.000186
-0.000201
-0.000215
-0.000228
-0.000240
-0.000248
-0.000254
-0.000258
-0.000260
-0.000260
-0.000258
-0.000253
-0.000247
-0.000238
-0.000228
-0.000217
-0.000203
-0.000189
-0.000172
-0.000151
-0.000129
-0.000105
-0.000080
-0.000054
-0.000026
0.000003
0.000032
0.000062
0.000089
0.000115
0.000139
0.000161
0.000181
0.000199
0.000215
0.000230
0.000243
0.000252
0.000260
0.000267
0.000270
0.000271
0.000270
0.000265
0.000257
0.000245
0.000233
0.000218
0.000200
0.000181
0.000162
0.000141
0.000121
0.000101
0.000082
0.000062
0.000043
0.000025
0.000007
-0.000010
-0.000025
-0.000038
-0.000050
-0.000061
-0.000068
-0.000073
-0.000075
-0.000075
-0.000072
-0.000066
-0.000056
-0.000043
-0.000026
-0.000008
0.000010
0.000031
0.000052
0.000074
0.000095
0.000117
0.000139
0.000162
0.000184
0.000206
0.000228
0.000251
0.000272
0.000292
0.000310
0.000326
0.000339
0.000348
0.000355
0.000357
0.000356
0.000352
0.000345
0.000334
0.000321
0.000305
0.000289
0.000269
0.000247
0.000223
0.000197
0.000168
0.000137
0.000104
0.000069
0.000031
-0.000007
-0.000047
-0.000086
-0.000125
-0.000164
-0.000201
-0.000236
-0.000270
-0.000301
-0.000329
-0.000355
-0.000379
-0.000400
-0.000418
-0.000434
-0.000447
-0.000457
-0.000463
-0.000466
-0.000464
-0.000458
-0.000447
-0.000434
-0.000415
-0.000392
-0.000365
-0.000335
-0.000302
-0.000267
-0.000231
-0.000193
-0.000155
-0.000113
-0.000071
-0.000028
0.000017
0.000061
0.000107
0.000152
0.000198
0.000242
0.000285
0.000326
0.000365
0.000402
0.000437
0.000469
0.000497
0.000523
0.000545
0.000564
0.000582
0.000596
0.000608
0.000618
0.000624
0.000628
0.000629
0.000627
0.000623
0.000614
0.000604
0.000591
0.000576
0.000557
0.000537
0.000516
0.000495
0.000471
0.000449
0.000425
0.000402
0.000378
0.000355
0.000332
0.000307
0.000282
0.000258
0.000234
0.000211
0.000188
0.000166
0.000146
0.000126
0.000108
0.000092
0.000078
0.000065
0.000054
0.000043
0.000033
0.000024
0.000015
0.000007
-0.000000
-0.000007
-0.000014
-0.000019
-0.000024
-0.000026
-0.000027
-0.000029
-0.000029
-0.000030
-0.000029
-0.000029
-0.000028
-0.000029
-0.000029
-0.000031
-0.000033
-0.000035
-0.000037
-0.000039
-0.000040
-0.000041
-0.000041
-0.000043
-0.000042
-0.000042
-0.000042
-0.000042
-0.000043
-0.000045
-0.000047
-0.000049
-0.000050
-0.000053
-0.000055
-0.000055
-0.000055
-0.000053
-0.000050
-0.000047
-0.000044
-0.000038
-0.000034
-0.000028
-0.000023
-0.000018
-0.000014
-0.000008
-0.000002
0.000004
0.000011
0.000018
0.000026
0.000035
0.000045
0.000055
0.000065
0.000077
0.000087
0.000098
0.000108
0.000117
0.000125
0.000132
0.000139
0.000145
0.000152
0.000158
0.000166
0.000173
0.000180
0.000187
0.000195
0.000202
0.000208
0.000214
0.000218
0.000220
0.000222
0.000222
0.000221
0.000221
0.000221
0.000221
0.000219
0.000219
0.000219
0.000218
0.000217
0.000215
0.000213
0.000209
0.000205
0.000200
0.000192
0.000186
0.000178
0.000170
0.000163
0.000156
0.000150
0.000145
0.000140
0.000135
0.000130
0.000125
0.000120
0.000115
0.000110
0.000103
0.000096
0.000090
0.000085
0.000079
0.000075
0.000073
0.000071
0.000070
0.000070
0.000071
0.000073
0.000076
0.000078
0.000081
0.000082
0.000084
0.000087
0.000091
0.000096
0.000102
0.000108
0.000115
0.000124
0.000134
0.000146
0.000158
0.000169
0.000181
0.000193
0.000203
0.000214
0.000224
0.000233
0.000242
0.000250
0.000258
0.000267
0.000275
0.000284
0.000292
0.000301
0.000307
0.000313
0.000318
0.000322
0.000325
0.000325
0.000324
0.000321
0.000317
0.000314
0.000309
0.000303
0.000298
0.000293
0.000288
0.000281
0.000274
0.000265
0.000255
0.000245
0.000233
0.000220
0.000205
0.000190
0.000176
0.000161
0.000147
0.000132
0.000120
0.000108
0.000095
0.000083
0.000072
0.000060
0.000049
0.000037
0.000025
0.000012
-0.000000
-0.000012
-0.000024
-0.000034
-0.000044
-0.000051
-0.000056
-0.000059
-0.000062
-0.000064
-0.000064
-0.000064
-0.000064
-0.000062
-0.000060
-0.000056
-0.000050
-0.000043
-0.000036
-0.000027
-0.000016
-0.000003
0.000014
0.000030
0.000050
0.000070
0.000091
0.000113
0.000134
0.000155
0.000176
0.000197
0.000217
0.000237
0.000256
0.000276
0.000295
0.000313
0.000331
0.000347
0.000363
0.000376
0.000389
0.000399
0.000406
0.000410
0.000412
0.000412
0.000410
0.000404
0.000397
0.000390
0.000379
0.000367
0.000354
0.000340
0.000324
0.000308
0.000290
0.000271
0.000252
0.000232
0.000210
0.000187
0.000165
0.000143
0.000122
0.000103
0.000086
0.000069
0.000054
0.000041
0.000030
0.000020
0.000011
0.000003
-0.000004
-0.000009
-0.000014
-0.000019
-0.000022
-0.000023
-0.000023
-0.000021
-0.000017
-0.000012
-0.000004
0.000002
0.000010
0.000018
0.000024
0.000028
0.000032
0.000035
0.000036
0.000036
0.000036
0.000033
0.000031
0.000027
0.000022
0.000017
0.000010
0.000003
-0.000005
-0.000016
-0.000029
-0.000044
-0.000059
-0.000077
-0.000097
-0.000118
-0.000138
-0.000158
-0.000178
-0.000197
-0.000215
-0.000230
-0.000245
-0.000258
-0.000269
-0.000279
-0.000289
-0.000297
-0.000303
-0.000308
-0.000311
-0.000311
-0.000310
-0.000305
-0.000299
-0.000288
-0.000275
-0.000259
-0.000242
-0.000220
-0.000198
-0.000175
-0.000150
-0.000124
-0.000099
-0.000072
-0.000046
-0.000019
0.000007
0.000034
0.000062
0.000090
0.000118
0.000145
0.000172
0.000199
0.000223
0.000246
0.000266
0.000283
0.000299
0.000313
0.000325
0.000335
0.000343
0.000350
0.000356
0.000362
0.000367
0.000371
0.000375
0.000378
0.000380
0.000381
0.000382
0.000382
0.000380
0.000378
0.000376
0.000373
0.000370
0.000369
0.000369
0.000369
0.000370
0.000372
0.000375
0.000377
0.000377
0.000379
0.000378
0.000378
0.000376
0.000374
0.000371
0.000366
0.000362
0.000358
0.000352
0.000348
0.000343
0.000337
0.000331
0.000322
0.000312
0.000301
0.000287
0.000271
0.000254
0.000235
0.000216
0.000195
0.000174
0.000152
0.000131
0.000109
0.000088
0.000066
0.000044
0.000022
-0.000001
-0.000024
-0.000047
-0.000071
-0.000095
-0.000117
-0.000140
-0.000160
-0.000179
-0.000194
-0.000210
-0.000223
-0.000235
-0.000243
-0.000251
-0.000256
-0.000261
-0.000263
-0.000265
-0.000266
-0.000265
-0.000263
-0.000259
-0.000255
-0.000248
-0.000242
-0.000232
-0.000221
-0.000209
-0.000197
-0.000185
-0.000172
-0.000158
-0.000146
-0.000134
-0.000123
-0.000112
-0.000101
-0.000091
-0.000081
-0.000070
-0.000059
-0.000048
-0.000037
-0.000027
-0.000016
-0.000007
0.000003
0.000011
0.000018
0.000024
0.000030
0.000036
0.000041
0.000047
0.000053
0.000058
0.000065
0.000073
0.000081
0.000090
0.000099
0.000108
0.000116
0.000125
0.000134
0.000141
0.000149
0.000158
0.000168
0.000178
0.000190
0.000203
0.000216
0.000231
0.000246
0.000262
0.000279
0.000295
0.000311
0.000327
0.000340
0.000353
0.000365
0.000376
0.000387
0.000398
0.000408
0.000418
0.000427
0.000436
0.000443
0.000450
0.000455
0.000457
0.000457
0.000455
0.000448
0.000440
0.000429
0.000415
0.000399
0.000380
0.000360
0.000339
0.000317
0.000293
0.000267
0.000240
0.000211
0.000180
0.000148
0.000115
0.000079
0.000042
0.000005
-0.000034
-0.000073
-0.000112
-0.000148
-0.000183
-0.000216
-0.000248
-0.000278
-0.000306
-0.000331
-0.000355
-0.000377
-0.000396
-0.000414
-0.000428
-0.000439
-0.000447
-0.000452
-0.000453
-0.000450
-0.000444
-0.000433
-0.000420
-0.000402
-0.000382
-0.000359
-0.000334
-0.000306
-0.000276
-0.000245
-0.000214
-0.000181
-0.000148
-0.000113
-0.000078
-0.000042
-0.000005
0.000032
0.000068
0.000104
0.000139
0.000172
0.000203
0.000230
0.000255
0.000277
0.000295
0.000312
0.000325
0.000336
0.000345
0.000350
0.000355
0.000356
0.000355
0.000351
0.000345
0.000337
0.000324
0.000310
0.000293
0.000274
0.000254
0.000231
0.000208
0.000185
0.000161
0.000137
0.000115
0.000092
0.000070
0.000049
0.000027
0.000006
-0.000015
-0.000033
-0.000050
-0.000068
-0.000083
-0.000097
-0.000109
-0.000119
-0.000127
-0.000133
-0.000135
-0.000135
-0.000135
-0.000132
-0.000126
-0.000120
-0.000114
-0.000107
-0.000100
-0.000091
-0.000084
-0.000076
-0.000066
-0.000056
-0.000047
-0.000035
-0.000025
-0.000014
-0.000004
0.000005
0.000013
0.000020
0.000025
0.000027
0.000028
0.000028
0.000025
0.000022
0.000017
0.000009
0.000001
-0.000008
-0.000019
-0.000031
-0.000045
-0.000062
-0.000080
-0.000099
-0.000120
-0.000143
-0.000167
-0.000191
-0.000217
-0.000243
-0.000269
-0.000294
-0.000320
-0.000344
-0.000367
-0.000390
-0.000412
-0.000433
-0.000454
-0.000475
-0.000496
-0.000517
-0.000537
-0.000556
-0.000573
-0.000589
-0.000602
-0.000614
-0.000623
-0.000631
-0.000636
-0.000639
-0.000641
-0.000642
-0.000642
-0.000640
-0.000638
-0.000633
-0.000629
-0.000623
-0.000614
-0.000605
-0.000594
-0.000580
-0.000565
-0.000548
-0.000530
-0.000510
-0.000491
-0.000471
-0.000451
-0.000430
-0.000411
-0.000391
-0.000372
-0.000353
-0.000333
-0.000313
-0.000293
-0.000273
-0.000252
-0.000232
-0.000211
-0.000192
-0.000173
-0.000154
-0.000137
-0.000122
-0.000106
-0.000093
-0.000081
-0.000070
-0.000061
-0.000050
-0.000041
-0.000033
-0.000025
-0.000017
-0.000010
-0.000004
0.000001
0.000005
0.000005
0.000007
0.000005
0.000002
-0.000002
-0.000007
-0.000012
-0.000018
-0.000021
-0.000026
-0.000031
-0.000035
-0.000040
-0.000045
-0.000050
-0.000056
-0.000062
-0.000069
-0.000076
-0.000084
-0.000092
-0.000100
-0.000107
-0.000112
-0.000117
-0.000121
-0.000123
-0.000125
-0.000125
-0.000124
-0.000124
-0.000124
-0.000123
-0.000121
-0.000120
-0.000117
-0.000116
-0.000112
-0.000108
-0.000103
-0.000097
-0.000089
-0.000080
-0.000071
-0.000061
-0.000053
-0.000044
-0.000037
-0.000030
-0.000024
-0.000019
-0.000014
-0.000009
-0.000004
-0.000002
0.000002
0.000003
0.000004
0.000006
0.000008
0.000006
0.000003
-0.000002
-0.000009
-0.000018
-0.000028
-0.000040
-0.000053
-0.000067
-0.000082
-0.000097
-0.000112
-0.000127
-0.000141
-0.000156
-0.000171
-0.000186
-0.000202
-0.000218
-0.000234
-0.000251
-0.000267
-0.000282
-0.000298
-0.000312
-0.000325
-0.000337
-0.000346
-0.000353
-0.000359
-0.000363
-0.000366
-0.000367
-0.000366
-0.000364
-0.000362
-0.000359
-0.000355
-0.000351
-0.000344
-0.000335
-0.000325
-0.000312
-0.000298
-0.000282
-0.000264
-0.000245
-0.000225
-0.000205
-0.000183
-0.000161
-0.000138
-0.000117
-0.000095
-0.000074
-0.000053
-0.000030
-0.000008
0.000015
0.000039
0.000064
0.000089
0.000113
0.000138
0.000162
0.000185
0.000207
0.000227
0.000245
0.000261
0.000276
0.000290
0.000303
0.000316
0.000328
0.000339
0.000350
0.000359
0.000368
0.000375
0.000379
0.000382
0.000381
0.000377
0.000371
0.000364
0.000354
0.000343
0.000332
0.000318
0.000304
0.000288
0.000272
0.000254
0.000236
0.000216
0.000194
0.000171
0.000145
0.000118
0.000089
0.000060
0.000030
-0.000001
-0.000032
-0.000061
-0.000091
-0.000119
-0.000147
-0.000174
-0.000200
-0.000226
-0.000251
-0.000277
-0.000302
-0.000327
-0.000351
-0.000374
-0.000395
-0.000413
-0.000430
-0.000445
-0.000457
-0.000466
-0.000473
-0.000477
-0.000480
-0.000481
-0.000481
-0.000480
-0.000478
-0.000475
-0.000470
-0.000463
-0.000455
-0.000443
-0.000430
-0.000417
-0.000401
-0.000381
-0.000361
-0.000338
-0.000315
-0.000291
-0.000267
-0.000241
-0.000217
-0.000193
-0.000168
-0.000142
-0.000117
-0.000090
-0.000064
-0.000036
-0.000008
0.000020
0.000048
0.000075
0.000102
0.000126
0.000150
0.000171
0.000190
0.000206
0.000220
0.000232
0.000243
0.000252
0.000258
0.000261
0.000263
0.000263
0.000261
0.000255
0.000247
0.000235
0.000220
0.000201
0.000179
0.000153
0.000126
0.000096
0.000063
0.000029
-0.000005
-0.000041
-0.000077
-0.000114
-0.000151
-0.000189
-0.000228
-0.000267
-0.000305
-0.000342
-0.000378
-0.000415
-0.000449
-0.000481
-0.000510
-0.000537
-0.000559
-0.000577
-0.000592
-0.000603
-0.000610
-0.000614
-0.000615
-0.000611
-0.000606
-0.000597
-0.000585
-0.000569
-0.000552
-0.000530
-0.000506
-0.000478
-0.000446
-0.000413
-0.000378
-0.000342
-0.000303
-0.000265
-0.000227
-0.000190
-0.000153
-0.000117
-0.000083
-0.000053
-0.000023
0.000006
0.000033
0.000059
0.000083
0.000104
0.000125
0.000142
0.000156
0.000167
0.000177
0.000181
0.000181
0.000180
0.000174
0.000165
0.000155
0.000142
0.000126
0.000110
0.000092
0.000072
0.000051
0.000030
0.000007
-0.000018
-0.000042
-0.000068
-0.000094
-0.000121
-0.000149
-0.000177
-0.000202
-0.000226
-0.000248
-0.000270
-0.000289
-0.000306
-0.000321
-0.000335
-0.000347
-0.000357
-0.000366
-0.000374
-0.000381
-0.000388
-0.000393
-0.000395
-0.000396
-0.000395
-0.000393
-0.000388
-0.000381
-0.000372
-0.000362
-0.000352
-0.000341
-0.000330
-0.000318
-0.000308
-0.000296
-0.000285
-0.000274
-0.000262
-0.000249
-0.000236
-0.000223
-0.000207
-0.000192
-0.000174
-0.000157
-0.000140
-0.000124
-0.000108
-0.000094
-0.000079
-0.000066
-0.000053
-0.000040
-0.000027
-0.000016
-0.000004
0.000009
0.000022
0.000035
0.000046
0.000057
0.000068
0.000078
0.000087
0.000093
0.000098
0.000102
0.000104
0.000104
0.000103
0.000101
0.000099
0.000096
0.000092
0.000087
0.000081
0.000075
0.000068
0.000058
0.000047
0.000035
0.000020
0.000004
-0.000013
-0.000032
-0.000050
-0.000069
-0.000089
-0.000107
-0.000125
-0.000142
-0.000158
-0.000175
-0.000191
-0.000206
-0.000222
-0.000237
-0.000253
-0.000268
-0.000282
-0.000294
-0.000304
-0.000312
-0.000318
-0.000320
-0.000320
-0.000318
-0.000314
-0.000307
-0.000298
-0.000287
-0.000275
-0.000261
-0.000246
-0.000230
-0.000213
-0.000192
-0.000170
-0.000147
-0.000122
-0.000094
-0.000066
-0.000036
-0.000006
0.000023
0.000052
0.000079
0.000106
0.000130
0.000155
0.000177
0.000198
0.000217
0.000236
0.000252
0.000268
0.000281
0.000293
0.000304
0.000312
0.000317
0.000318
0.000316
0.000312
0.000303
0.000292
0.000278
0.000262
0.000242
0.000221
0.000200
0.000177
0.000153
0.000128
0.000101
0.000075
0.000046
0.000017
-0.000013
-0.000045
-0.000077
-0.000107
-0.000137
-0.000168
-0.000198
-0.000225
-0.000252
-0.000276
-0.000297
-0.000316
-0.000333
-0.000346
-0.000360
-0.000371
-0.000382
-0.000391
-0.000398
-0.000403
-0.000406
-0.000406
-0.000406
-0.000402
-0.000395
-0.000387
-0.000375
-0.000361
-0.000347
-0.000332
-0.000315
-0.000298
-0.000281
-0.000265
-0.000249
-0.000232
-0.000216
-0.000200
-0.000183
-0.000168
-0.000152
-0.000137
-0.000121
-0.000107
-0.000093
-0.000080
-0.000070
-0.000061
-0.000055
-0.000050
-0.000048
-0.000047
-0.000049
-0.000052
-0.000056
-0.000062
-0.000069
-0.000075
-0.000083
-0.000091
-0.000100
-0.000111
-0.000124
-0.000138
-0.000154
-0.000171
-0.000188
-0.000206
-0.000223
-0.000241
-0.000257
-0.000273
-0.000287
-0.000301
-0.000314
-0.000326
-0.000337
-0.000348
-0.000359
-0.000370
-0.000380
-0.000389
-0.000398
-0.000407
-0.000414
-0.000420
-0.000423
-0.000424
-0.000423
-0.000420
-0.000416
-0.000411
-0.000406
-0.000399
-0.000392
-0.000385
-0.000378
-0.000371
-0.000364
-0.000357
-0.000348
-0.000339
-0.000329
-0.000317
-0.000304
-0.000291
-0.000277
-0.000262
-0.000247
-0.000232
-0.000216
-0.000201
-0.000186
-0.000171
-0.000156
-0.000141
-0.000124
-0.000107
-0.000090
-0.000071
-0.000052
-0.000032
-0.000011
0.000008
0.000028
0.000046
0.000064
0.000081
0.000096
0.000112
0.000126
0.000140
0.000153
0.000165
0.000178
0.000191
0.000203
0.000214
0.000224
0.000234
0.000241
0.000247
0.000252
0.000254
0.000254
0.000251
0.000249
0.000245
0.000241
0.000235
0.000228
0.000219
0.000210
0.000200
0.000188
0.000175
0.000161
0.000144
0.000125
0.000102
0.000080
0.000057
0.000033
0.000007
-0.000019
-0.000046
-0.000071
-0.000098
-0.000124
-0.000149
-0.000175
-0.000201
-0.000227
-0.000253
-0.000278
-0.000303
-0.000328
-0.000351
-0.000372
-0.000390
-0.000405
-0.000418
-0.000428
-0.000434
-0.000439
-0.000440
-0.000438
-0.000435
-0.000428
-0.000420
-0.000410
-0.000396
-0.000379
-0.000359
-0.000337
-0.000312
-0.000283
-0.000251
-0.000216
-0.000179
-0.000140
-0.000099
-0.000058
-0.000015
0.000028
0.000070
0.000111
0.000152
0.000191
0.000230
0.000267
0.000303
0.000338
0.000371
0.000403
0.000431
0.000457
0.000480
0.000500
0.000516
0.000527
0.000535
0.000538
0.000535
0.000528
0.000518
0.000505
0.000488
0.000469
0.000447
0.000423
0.000395
0.000366
0.000334
0.000299
0.000264
0.000225
0.000186
0.000145
0.000104
0.000063
0.000022
-0.000019
-0.000057
-0.000093
-0.000128
-0.000159
-0.000189
-0.000215
-0.000238
-0.000258
-0.000275
-0.000289
-0.000301
-0.000310
-0.000316
-0.000319
-0.000317
-0.000311
-0.000301
-0.000288
-0.000270
-0.000249
-0.000224
-0.000196
-0.000167
-0.000134
-0.000100
-0.000065
-0.000030
0.000007
0.000044
0.000080
0.000118
0.000156
0.000194
0.000231
0.000269
0.000305
0.000340
0.000373
0.000404
0.000431
0.000456
0.000479
0.000496
0.000510
0.000521
0.000529
0.000533
0.000535
0.000536
0.000534
0.000530
0.000524
0.000515
0.000504
0.000490
0.000473
0.000453
0.000431
0.000405
0.000380
0.000353
0.000325
0.000296
0.000268
0.000241
0.000214
0.000188
0.000163
0.000138
0.000114
0.000090
0.000066
0.000043
0.000022
0.000001
-0.000017
-0.000037
-0.000054
-0.000070
-0.000084
-0.000095
-0.000104
-0.000111
-0.000117
-0.000122
-0.000126
-0.000128
-0.000131
-0.000134
-0.000137
-0.000141
-0.000143
-0.000146
-0.000149
-0.000151
-0.000153
-0.000155
-0.000157
-0.000159
-0.000162
-0.000166
-0.000171
-0.000179
-0.000188
-0.000199
-0.000213
-0.000227
-0.000243
-0.000261
-0.000279
-0.000297
-0.000315
-0.000332
-0.000349
-0.000366
-0.000382
-0.000398
-0.000416
-0.000433
-0.000451
-0.000467
-0.000484
-0.000501
-0.000516
-0.000530
-0.000543
-0.000554
-0.000564
-0.000571
-0.000574
-0.000577
-0.000576
-0.000574
-0.000571
-0.000567
-0.000561
-0.000554
-0.000545
-0.000535
-0.000523
-0.000510
-0.000496
-0.000480
-0.000463
-0.000444
-0.000424
-0.000404
-0.000383
-0.000362
-0.000340
-0.000320
-0.000301
-0.000283
-0.000265
-0.000249
-0.000233
-0.000216
-0.000201
-0.000187
-0.000172
-0.000158
-0.000144
-0.000131
-0.000119
-0.000108
-0.000098
-0.000089
-0.000081
-0.000076
-0.000072
-0.000068
-0.000064
-0.000061
-0.000058
-0.000054
-0.000050
-0.000045
-0.000041
-0.000036
-0.000032
-0.000027
-0.000022
-0.000018
-0.000013
-0.000010
-0.000006
-0.000003
0.000001
0.000005
0.000010
0.000015
0.000021
0.000027
0.000034
0.000041
0.000049
0.000054
0.000059
0.000064
0.000068
0.000071
0.000072
0.000074
0.000076
0.000076
0.000076
0.000077
0.000077
0.000078
0.000079
0.000079
0.000079
0.000078
0.000075
0.000070
0.000066
0.000060
0.000054
0.000048
0.000041
0.000035
0.000030
0.000025
0.000023
0.000021
0.000020
0.000019
0.000019
0.000018
0.000020
0.000021
0.000022
0.000022
0.000023
0.000025
0.000029
0.000034
0.000040
0.000046
0.000052
0.000058
0.000065
0.000072
0.000077
0.000082
0.000086
0.000089
0.000091
0.000091
0.000092
0.000090
0.000088
0.000086
0.000083
0.000079
0.000074
0.000069
0.000063
0.000055
0.000047
0.000038
0.000027
0.000016
0.000004
-0.000008
-0.000020
-0.000032
-0.000043
-0.000053
-0.000062
-0.000068
-0.000073
-0.000078
-0.000080
-0.000082
-0.000085
-0.000086
-0.000086
-0.000085
-0.000083
-0.000081
-0.000076
-0.000070
-0.000062
-0.000052
-0.000041
-0.000028
-0.000014
0.000001
0.000017
0.000031
0.000044
0.000056
0.000067
0.000077
0.000085
0.000091
0.000095
0.000100
0.000102
0.000105
0.000106
0.000104
0.000103
0.000100
0.000094
0.000085
0.000073
0.000059
0.000042
0.000023
0.000000
-0.000023
-0.000049
-0.000074
-0.000099
-0.000124
-0.000150
-0.000175
-0.000199
-0.000223
-0.000246
-0.000268
-0.000290
-0.000312
-0.000333
-0.000353
-0.000371
-0.000388
-0.000402
-0.000413
-0.000420
-0.000425
-0.000425
-0.000421
-0.000416
-0.000407
-0.000394
-0.000380
-0.000365
-0.000347
-0.000327
-0.000306
-0.000283
-0.000259
-0.000233
-0.000205
-0.000175
-0.000143
-0.000110
-0.000078
-0.000045
-0.000012
0.000020
0.000050
0.000078
0.000103
0.000128
0.000150
0.000171
0.000189
0.000205
0.000220
0.000233
0.000245
0.000256
0.000264
0.000271
0.000276
0.000281
0.000283
0.000284
0.000281
0.000277
0.000271
0.000265
0.000258
0.000252
0.000247
0.000242
0.000238
0.000234
0.000232
0.000229
0.000227
0.000225
0.000224
0.000223
0.000222
0.000222
0.000222
0.000224
0.000227
0.000230
0.000234
0.000239
0.000245
0.000252
0.000261
0.000267
0.000275
0.000281
0.000286
0.000290
0.000294
0.000296
0.000297
0.000298
0.000297
0.000296
0.000295
0.000293
0.000290
0.000287
0.000282
0.000276
0.000270
0.000261
0.000253
0.000241
0.000229
0.000215
0.000201
0.000186
0.000171
0.000158
0.000145
0.000134
0.000124
0.000115
0.000106
0.000098
0.000090
0.000083
0.000076
0.000071
0.000066
0.000062
0.000059
0.000057
0.000058
0.000062
0.000067
0.000074
0.000083
0.000092
0.000104
0.000116
0.000127
0.000140
0.000153
0.000165
0.000175
0.000186
0.000195
0.000204
0.000213
0.000222
0.000230
0.000238
0.000245
0.000252
0.000256
0.000258
0.000258
0.000256
0.000251
0.000244
0.000234
0.000222
0.000207
0.000191
0.000173
0.000155
0.000136
0.000116
0.000097
0.000074
0.000051
0.000027
0.000003
-0.000023
-0.000050
-0.000077
-0.000104
-0.000131
-0.000157
-0.000183
-0.000208
-0.000230
-0.000250
-0.000268
-0.000284
-0.000299
-0.000312
-0.000324
-0.000334
-0.000343
-0.000350
-0.000357
-0.000362
-0.000366
-0.000369
-0.000370
-0.000369
-0.000366
-0.000362
-0.000356
-0.000349
-0.000343
-0.000336
-0.000331
-0.000326
-0.000321
-0.000317
-0.000313
-0.000312
-0.000309
-0.000308
-0.000307
-0.000306
-0.000304
-0.000303
-0.000302
-0.000302
-0.000303
-0.000305
-0.000308
-0.000312
-0.000318
-0.000326
-0.000335
-0.000345
-0.000356
-0.000366
-0.000376
-0.000387
-0.000399
-0.000410
-0.000421
-0.000431
-0.000441
-0.000451
-0.000462
-0.000473
-0.000483
-0.000494
-0.000504
-0.000515
-0.000524
-0.000532
-0.000540
-0.000546
-0.000551
-0.000553
-0.000554
-0.000555
-0.000554
-0.000552
-0.000549
-0.000545
-0.000542
-0.000537
-0.000532
-0.000525
-0.000517
-0.000508
-0.000496
-0.000483
-0.000468
-0.000453
-0.000436
-0.000419
-0.000400
-0.000380
-0.000360
-0.000339
-0.000317
-0.000296
-0.000274
-0.000251
-0.000228
-0.000204
-0.000179
-0.000153
-0.000126
-0.000099
-0.000071
-0.000045
-0.000019
0.000007
0.000032
0.000056
0.000078
0.000100
0.000119
0.000138
0.000157
0.000175
0.000190
0.000205
0.000218
0.000231
0.000241
0.000249
0.000255
0.000258
0.000258
0.000257
0.000252
0.000245
0.000237
0.000226
0.000215
0.000204
0.000189
0.000175
0.000159
0.000142
0.000124
0.000105
0.000086
0.000064
0.000041
0.000018
-0.000007
-0.000031
-0.000055
-0.000079
-0.000102
-0.000124
-0.000144
-0.000163
-0.000180
-0.000197
-0.000213
-0.000227
-0.000241
-0.000255
-0.000269
-0.000281
-0.000293
-0.000305
-0.000315
-0.000324
-0.000331
-0.000336
-0.000341
-0.000343
-0.000345
-0.000346
-0.000345
-0.000345
-0.000346
-0.000348
-0.000349
-0.000350
-0.000351
-0.000352
-0.000352
-0.000350
-0.000347
-0.000343
-0.000337
-0.000332
-0.000326
-0.000317
-0.000308
-0.000298
-0.000288
-0.000279
-0.000269
-0.000259
-0.000246
-0.000233
-0.000218
-0.000202
-0.000184
-0.000163
-0.000141
-0.000117
-0.000090
-0.000063
-0.000034
-0.000003
0.000027
0.000058
0.000091
0.000123
0.000155
0.000189
0.000222
0.000256
0.000290
0.000324
0.000359
0.000394
0.000427
0.000459
0.000489
0.000518
0.000544
0.000568
0.000589
0.000607
0.000623
0.000634
0.000643
0.000649
0.000653
0.000654
0.000653
0.000650
0.000643
0.000632
0.000620
0.000603
0.000583
0.000560
0.000533
0.000504
0.000474
0.000443
0.000411
0.000378
0.000346
0.000315
0.000284
0.000253
0.000222
0.000193
0.000164
0.000137
0.000111
0.000086
0.000064
0.000043
0.000024
0.000009
-0.000002
-0.000010
-0.000016
-0.000018
-0.000017
-0.000011
-0.000003
0.000008
0.000019
0.000034
0.000050
0.000067
0.000085
0.000103
0.000124
0.000144
0.000166
0.000189
0.000212
0.000234
0.000257
0.000278
0.000297
0.000315
0.000331
0.000343
0.000352
0.000359
0.000362
0.000362
0.000358
0.000352
0.000345
0.000335
0.000324
0.000310
0.000293
0.000275
0.000254
0.000231
0.000206
0.000180
0.000151
0.000121
0.000089
0.000057
0.000025
-0.000007
-0.000037
-0.000066
-0.000093
-0.000118
-0.000141
-0.000163
-0.000181
-0.000198
-0.000214
-0.000227
-0.000239
-0.000250
-0.000257
-0.000263
-0.000266
-0.000266
-0.000262
-0.000256
-0.000247
-0.000237
-0.000223
-0.000207
-0.000192
-0.000176
-0.000159
-0.000142
-0.000125
-0.000110
-0.000094
-0.000079
-0.000064
-0.000050
-0.000036
-0.000024
-0.000012
-0.000002
0.000005
0.000010
0.000012
0.000012
0.000009
0.000001
-0.000008
-0.000020
-0.000036
-0.000053
-0.000072
-0.000093
-0.000114
-0.000136
-0.000158
-0.000180
-0.000202
-0.000225
-0.000248
-0.000270
-0.000294
-0.000317
-0.000338
-0.000358
-0.000378
-0.000395
-0.000408
-0.000419
-0.000427
-0.000431
-0.000432
-0.000429
-0.000423
-0.000415
-0.000402
-0.000387
-0.000370
-0.000351
-0.000329
-0.000303
-0.000275
-0.000245
-0.000213
-0.000178
-0.000140
-0.000101
-0.000060
-0.000017
0.000028
0.000072
0.000117
0.000160
0.000202
0.000244
0.000283
0.000321
0.000359
0.000394
0.000428
0.000461
0.000493
0.000524
0.000553
0.000580
0.000604
0.000625
0.000644
0.000658
0.000670
0.000677
0.000680
0.000681
0.000679
0.000674
0.000667
0.000658
0.000647
0.000634
0.000619
0.000603
0.000585
0.000564
0.000541
0.000516
0.000487
0.000459
0.000427
0.000395
0.000363
0.000329
0.000295
0.000261
0.000227
0.000195
0.000161
0.000127
0.000095
0.000063
0.000030
-0.000003
-0.000036
-0.000068
-0.000099
-0.000129
-0.000157
-0.000183
-0.000208
-0.000229
-0.000248
-0.000265
-0.000279
-0.000291
-0.000302
-0.000308
-0.000314
-0.000318
-0.000321
-0.000320
-0.000316
-0.000310
-0.000302
-0.000290
-0.000275
-0.000258
-0.000238
-0.000216
-0.000192
-0.000165
-0.000138
-0.000111
-0.000083
-0.000054
-0.000026
0.000003
0.000033
0.000062
0.000091
0.000122
0.000151
0.000179
0.000207
0.000234
0.000261
0.000286
0.000308
0.000328
0.000343
0.000356
0.000367
0.000375
0.000380
0.000382
0.000383
0.000381
0.000380
0.000376
0.000371
0.000363
0.000354
0.000343
0.000329
0.000314
0.000296
0.000276
0.000256
0.000233
0.000210
0.000187
0.000162
0.000140
0.000118
0.000098
0.000078
0.000057
0.000037
0.000019
0.000001
-0.000016
-0.000033
-0.000051
-0.000068
-0.000084
-0.000100
-0.000115
-0.000127
-0.000137
-0.000145
-0.000152
-0.000157
-0.000162
-0.000165
-0.000167
-0.000169
-0.000171
-0.000173
-0.000175
-0.000176
-0.000178
-0.000179
-0.000180
-0.000181
-0.000181
-0.000181
-0.000180
-0.000180
-0.000177
-0.000176
-0.000174
-0.000174
-0.000174
-0.000175
-0.000177
-0.000180
-0.000183
-0.000186
-0.000187
-0.000189
-0.000190
-0.000190
-0.000189
-0.000188
-0.000187
-0.000186
-0.000184
-0.000184
-0.000183
-0.000182
-0.000181
-0.000181
-0.000180
-0.000178
-0.000176
-0.000172
-0.000166
-0.000159
-0.000151
-0.000141
-0.000131
-0.000121
-0.000110
-0.000100
-0.000089
-0.000078
-0.000065
-0.000054
-0.000042
-0.000027
-0.000011
0.000005
0.000023
0.000042
0.000061
0.000081
0.000101
0.000120
0.000139
0.000157
0.000174
0.000189
0.000204
0.000219
0.000235
0.000248
0.000262
0.000276
0.000288
0.000301
0.000313
0.000323
0.000332
0.000338
0.000342
0.000344
0.000344
0.000342
0.000338
0.000333
0.000325
0.000317
0.000309
0.000300
0.000290
0.000280
0.000270
0.000259
0.000245
0.000229
0.000214
0.000197
0.000178
0.000159
0.000140
0.000119
0.000099
0.000080
0.000062
0.000045
0.000029
0.000014
0.000001
-0.000012
-0.000023
-0.000035
-0.000044
-0.000053
-0.000061
-0.000070
-0.000076
-0.000082
-0.000086
-0.000086
-0.000085
-0.000082
-0.000077
-0.000071
-0.000064
-0.000056
-0.000048
-0.000040
-0.000032
-0.000024
-0.000018
-0.000010
-0.000003
0.000003
0.000010
0.000018
0.000025
0.000032
0.000039
0.000046
0.000052
0.000056
0.000059
0.000062
0.000061
0.000059
0.000056
0.000053
0.000048
0.000041
0.000035
0.000029
0.000023
0.000018
0.000012
0.000007
0.000001
-0.000006
-0.000013
-0.000020
-0.000028
-0.000036
-0.000045
-0.000053
-0.000061
-0.000068
-0.000074
-0.000077
-0.000079
-0.000081
-0.000080
-0.000079
-0.000078
-0.000077
-0.000076
-0.000075
-0.000074
-0.000073
-0.000073
-0.000073
-0.000072
-0.000069
-0.000066
-0.000062
-0.000057
-0.000053
-0.000048
-0.000042
-0.000038
-0.000034
-0.000033
-0.000032
-0.000033
-0.000035
-0.000037
-0.000041
-0.000043
-0.000046
-0.000050
-0.000052
-0.000054
-0.000056
-0.000057
-0.000058
-0.000058
-0.000059
-0.000061
-0.000062
-0.000063
-0.000064
-0.000065
-0.000064
-0.000063
-0.000059
-0.000056
-0.000049
-0.000041
-0.000030
-0.000018
-0.000005
0.000009
0.000024
0.000040
0.000057
0.000075
0.000092
0.000112
0.000130
0.000150
0.000171
0.000193
0.000216
0.000241
0.000266
0.000291
0.000316
0.000340
0.000362
0.000384
0.000404
0.000423
0.000440
0.000457
0.000472
0.000485
0.000499
0.000511
0.000522
0.000531
0.000540
0.000547
0.000551
0.000552
0.000550
0.000546
0.000539
0.000530
0.000520
0.000507
0.000491
0.000475
0.000458
0.000440
0.000421
0.000400
0.000378
0.000355
0.000330
0.000303
0.000275
0.000243
0.000211
0.000179
0.000145
0.000111
0.000077
0.000044
0.000010
-0.000022
-0.000054
-0.000086
-0.000117
-0.000147
-0.000177
-0.000205
-0.000236
-0.000266
-0.000296
-0.000325
-0.000353
-0.000380
-0.000404
-0.000427
-0.000446
-0.000465
-0.000480
-0.000493
-0.000504
-0.000513
-0.000521
-0.000527
-0.000532
-0.000536
-0.000539
-0.000540
-0.000539
-0.000536
-0.000530
-0.000522
-0.000510
-0.000495
-0.000476
-0.000455
-0.000432
-0.000408
-0.000382
-0.000355
-0.000327
-0.000299
-0.000270
-0.000238
-0.000206
-0.000172
-0.000137
-0.000101
-0.000063
-0.000024
0.000015
0.000054
0.000094
0.000132
0.000168
0.000205
0.000238
0.000271
0.000301
0.000330
0.000356
0.000383
0.000407
0.000430
0.000451
0.000472
0.000489
0.000505
0.000518
0.000527
0.000534
0.000538
0.000540
0.000539
0.000535
0.000528
0.000520
0.000512
0.000502
0.000490
0.000478
0.000464
0.000449
0.000433
0.000416
0.000397
0.000377
0.000356
0.000335
0.000312
0.000289
0.000266
0.000244
0.000221
0.000198
0.000179
0.000160
0.000141
0.000123
0.000106
0.000091
0.000075
0.000060
0.000046
0.000033
0.000020
0.000007
-0.000004
-0.000014
-0.000022
-0.000029
-0.000034
-0.000037
-0.000038
-0.000038
-0.000037
-0.000037
-0.000038
-0.000036
-0.000033
-0.000032
-0.000030
-0.000028
-0.000026
-0.000023
-0.000017
-0.000012
-0.000005
0.000002
0.000010
0.000018
0.000027
0.000035
0.000042
0.000049
0.000056
0.000060
0.000064
0.000067
0.000071
0.000075
0.000078
0.000081
0.000082
0.000084
0.000084
0.000084
0.000082
0.000080
0.000075
0.000068
0.000061
0.000050
0.000038
0.000026
0.000011
-0.000004
-0.000021
-0.000038
-0.000056
-0.000074
-0.000093
-0.000115
-0.000138
-0.000160
-0.000185
-0.000210
-0.000237
-0.000264
-0.000291
-0.000318
-0.000346
-0.000374
-0.000399
-0.000424
-0.000447
-0.000469
-0.000491
-0.000510
-0.000528
-0.000545
-0.000562
-0.000577
-0.000592
-0.000605
-0.000616
-0.000625
-0.000632
-0.000637
-0.000640
-0.000640
-0.000638
-0.000634
-0.000628
-0.000621
-0.000613
-0.000604
-0.000596
-0.000586
-0.000576
-0.000567
-0.000557
-0.000546
-0.000534
-0.000522
-0.000511
-0.000498
-0.000486
-0.000474
-0.000461
-0.000450
-0.000440
-0.000432
-0.000425
-0.000418
-0.000413
-0.000409
-0.000407
-0.000404
-0.000401
-0.000399
-0.000396
-0.000392
-0.000388
-0.000384
-0.000380
-0.000376
-0.000373
-0.000370
-0.000366
-0.000363
-0.000360
-0.000355
-0.000348
-0.000341
-0.000332
-0.000320
-0.000305
-0.000288
-0.000269
-0.000249
-0.000227
-0.000204
-0.000179
-0.000154
-0.000129
-0.000103
-0.000075
-0.000047
-0.000018
0.000011
0.000041
0.000073
0.000105
0.000138
0.000169
0.000200
0.000231
0.000259
0.000285
0.000310
0.000331
0.000349
0.000366
0.000381
0.000394
0.000404
0.000413
0.000419
0.000425
0.000427
0.000427
0.000423
0.000416
0.000406
0.000393
0.000378
0.000359
0.000338
0.000314
0.000289
0.000260
0.000230
0.000202
0.000173
0.000142
0.000111
0.000080
0.000049
0.000017
-0.000015
-0.000047
-0.000079
-0.000111
-0.000142
-0.000173
-0.000204
-0.000232
-0.000258
-0.000282
-0.000305
-0.000325
-0.000342
-0.000358
-0.000371
-0.000384
-0.000394
-0.000404
-0.000412
-0.000419
-0.000424
-0.000428
-0.000430
-0.000430
-0.000427
-0.000421
-0.000412
-0.000403
-0.000391
-0.000377
-0.000363
-0.000348
-0.000332
-0.000316
-0.000299
-0.000282
-0.000266
-0.000248
-0.000229
-0.000209
-0.000188
-0.000167
-0.000144
-0.000121
-0.000098
-0.000074
-0.000052
-0.000029
-0.000007
0.000014
0.000032
0.000052
0.000069
0.000086
0.000103
0.000118
0.000135
0.000150
0.000166
0.000181
0.000196
0.000209
0.000220
0.000230
0.000238
0.000243
0.000246
0.000247
0.000248
0.000247
0.000244
0.000241
0.000237
0.000232
0.000227
0.000222
0.000214
0.000206
0.000197
0.000188
0.000177
0.000164
0.000149
0.000134
0.000118
0.000102
0.000086
0.000071
0.000055
0.000041
0.000028
0.000015
0.000003
-0.000009
-0.000020
-0.000030
-0.000039
-0.000049
-0.000058
-0.000067
-0.000074
-0.000081
-0.000085
-0.000087
-0.000088
-0.000087
-0.000084
-0.000078
-0.000071
-0.000063
-0.000055
-0.000047
-0.000039
-0.000030
-0.000022
-0.000013
-0.000003
0.000007
0.000018
0.000030
0.000043
0.000057
0.000072
0.000086
0.000098
0.000111
0.000124
0.000135
0.000145
0.000154
0.000162
0.000168
0.000174
0.000182
0.000188
0.000195
0.000200
0.000206
0.000212
0.000217
0.000221
0.000224
0.000226
0.000228
0.000229
0.000228
0.000226
0.000224
0.000222
0.000220
0.000219
0.000216
0.000215
0.000215
0.000215
0.000215
0.000215
0.000214
0.000212
0.000208
0.000203
0.000196
0.000188
0.000180
0.000171
0.000162
0.000152
0.000142
0.000131
0.000122
0.000112
0.000102
0.000090
0.000078
0.000065
0.000051
0.000036
0.000018
0.000001
-0.000016
-0.000034
-0.000051
-0.000067
-0.000083
-0.000097
-0.000111
-0.000125
-0.000137
-0.000149
-0.000162
-0.000175
-0.000188
-0.000200
-0.000211
-0.000220
-0.000228
-0.000234
-0.000238
-0.000240
-0.000240
-0.000237
-0.000231
-0.000224
-0.000214
-0.000205
-0.000193
-0.000181
-0.000169
-0.000154
-0.000139
-0.000123
-0.000104
-0.000086
-0.000066
-0.000044
-0.000020
0.000005
0.000030
0.000056
0.000081
0.000104
0.000127
0.000148
0.000167
0.000184
0.000200
0.000215
0.000228
0.000239
0.000249
0.000258
0.000265
0.000269
0.000272
0.000272
0.000269
0.000262
0.000252
0.000239
0.000223
0.000205
0.000185
0.000163
0.000140
0.000114
0.000087
0.000059
0.000031
0.000000
-0.000031
-0.000062
-0.000095
-0.000127
-0.000160
-0.000194
-0.000228
-0.000261
-0.000295
-0.000328
-0.000360
-0.000388
-0.000414
-0.000437
-0.000458
-0.000476
-0.000492
-0.000505
-0.000515
-0.000525
-0.000532
-0.000537
-0.000540
-0.000540
-0.000538
-0.000534
-0.000527
-0.000520
-0.000507
-0.000494
-0.000479
-0.000462
-0.000444
-0.000426
-0.000407
-0.000388
-0.000369
-0.000351
-0.000335
-0.000318
-0.000303
-0.000288
-0.000273
-0.000257
-0.000242
-0.000229
-0.000218
-0.000208
-0.000199
-0.000193
-0.000188
-0.000186
-0.000186
-0.000189
-0.000195
-0.000201
-0.000209
-0.000218
-0.000227
-0.000236
-0.000246
-0.000257
-0.000267
-0.000278
-0.000288
-0.000299
-0.000310
-0.000321
-0.000333
-0.000344
-0.000353
-0.000362
-0.000369
-0.000373
-0.000375
-0.000375
-0.000373
-0.000367
-0.000360
-0.000351
-0.000339
-0.000327
-0.000311
-0.000296
-0.000280
-0.000263
-0.000245
-0.000227
-0.000206
-0.000183
-0.000160
-0.000134
-0.000109
-0.000083
-0.000056
-0.000029
-0.000004
0.000020
0.000043
0.000064
0.000084
0.000102
0.000117
0.000131
0.000144
0.000156
0.000167
0.000176
0.000183
0.000189
0.000194
0.000197
0.000197
0.000196
0.000193
0.000187
0.000180
0.000173
0.000164
0.000156
0.000146
0.000137
0.000129
0.000123
0.000117
0.000113
0.000109
0.000105
0.000103
0.000102
0.000100
0.000100
0.000099
0.000098
0.000100
0.000103
0.000109
0.000115
0.000123
0.000133
0.000144
0.000155
0.000167
0.000178
0.000189
0.000198
0.000206
0.000213
0.000218
0.000222
0.000225
0.000227
0.000226
0.000225
0.000222
0.000219
0.000214
0.000206
0.000195
0.000181
0.000166
0.000147
0.000128
0.000107
0.000082
0.000058
0.000032
0.000006
-0.000020
-0.000045
-0.000071
-0.000094
-0.000117
-0.000139
-0.000159
-0.000178
-0.000195
-0.000212
-0.000228
-0.000240
-0.000250
-0.000258
-0.000263
-0.000263
-0.000261
-0.000255
-0.000245
-0.000231
-0.000214
-0.000193
-0.000171
-0.000146
-0.000119
-0.000091
-0.000062
-0.000033
-0.000003
0.000028
0.000059
0.000091
0.000122
0.000152
0.000182
0.000213
0.000241
0.000266
0.000289
0.000309
0.000326
0.000338
0.000347
0.000351
0.000351
0.000349
0.000343
0.000335
0.000323
0.000310
0.000293
0.000275
0.000255
0.000231
0.000205
0.000176
0.000144
0.000110
0.000075
0.000038
0.000002
-0.000034
-0.000069
-0.000103
-0.000136
-0.000166
-0.000195
-0.000221
-0.000246
-0.000269
-0.000289
-0.000307
-0.000323
-0.000337
-0.000349
-0.000358
-0.000364
-0.000368
-0.000370
-0.000369
-0.000364
-0.000358
-0.000348
-0.000337
-0.000324
-0.000311
-0.000297
-0.000284
-0.000270
-0.000256
-0.000244
-0.000231
-0.000219
-0.000208
-0.000197
-0.000186
-0.000176
-0.000166
-0.000158
-0.000151
-0.000145
-0.000140
-0.000138
-0.000138
-0.000138
-0.000141
-0.000145
-0.000149
-0.000153
-0.000158
-0.000162
-0.000167
-0.000169
-0.000171
-0.000171
-0.000170
-0.000169
-0.000165
-0.000162
-0.000157
-0.000150
-0.000142
-0.000132
-0.000121
-0.000108
-0.000092
-0.000075
-0.000055
-0.000032
-0.000007
0.000021
0.000049
0.000079
0.000109
0.000138
0.000167
0.000195
0.000223
0.000250
0.000276
0.000302
0.000328
0.000353
0.000377
0.000400
0.000423
0.000444
0.000463
0.000480
0.000494
0.000504
0.000512
0.000517
0.000518
0.000518
0.000516
0.000511
0.000504
0.000497
0.000489
0.000480
0.000470
0.000459
0.000446
0.000433
0.000419
0.000403
0.000387
0.000369
0.000351
0.000332
0.000314
0.000295
0.000277
0.000260
0.000244
0.000229
0.000215
0.000201
0.000188
0.000174
0.000161
0.000148
0.000132
0.000116
0.000100
0.000082
0.000064
0.000046
0.000026
0.000007
-0.000013
-0.000032
-0.000053
-0.000074
-0.000097
-0.000120
-0.000144
-0.000170
-0.000197
-0.000226
-0.000255
-0.000283
-0.000313
-0.000340
-0.000368
-0.000396
-0.000421
-0.000443
-0.000465
-0.000486
-0.000505
-0.000523
-0.000539
-0.000554
-0.000568
-0.000580
-0.000589
-0.000595
-0.000598
-0.000598
-0.000595
-0.000589
-0.000580
-0.000568
-0.000552
-0.000535
-0.000516
-0.000496
-0.000475
-0.000454
-0.000432
-0.000409
-0.000387
-0.000364
-0.000342
-0.000318
-0.000297
-0.000275
-0.000252
-0.000232
-0.000212
-0.000194
-0.000178
-0.000165
-0.000154
-0.000145
-0.000140
-0.000136
-0.000134
-0.000134
-0.000135
-0.000137
-0.000139
-0.000142
-0.000146
-0.000149
-0.000152
-0.000156
-0.000160
-0.000165
-0.000169
-0.000175
-0.000179
-0.000183
-0.000184
-0.000183
-0.000181
-0.000176
-0.000169
-0.000159
-0.000146
-0.000130
-0.000112
-0.000092
-0.000071
-0.000048
-0.000024
0.000001
0.000027
0.000054
0.000083
0.000111
0.000141
0.000171
0.000203
0.000234
0.000265
0.000293
0.000322
0.000349
0.000374
0.000397
0.000416
0.000434
0.000447
0.000457
0.000464
0.000469
0.000472
0.000472
0.000470
0.000465
0.000459
0.000450
0.000439
0.000425
0.000410
0.000391
0.000372
0.000352
0.000331
0.000309
0.000288
0.000268
0.000247
0.000228
0.000212
0.000198
0.000186
0.000174
0.000163
0.000154
0.000148
0.000142
0.000137
0.000135
0.000135
0.000137
0.000142
0.000149
0.000159
0.000172
0.000186
0.000202
0.000219
0.000236
0.000254
0.000272
0.000288
0.000303
0.000317
0.000329
0.000340
0.000351
0.000361
0.000368
0.000376
0.000380
0.000383
0.000385
0.000387
0.000386
0.000383
0.000376
0.000368
0.000357
0.000345
0.000330
0.000313
0.000296
0.000278
0.000260
0.000241
0.000223
0.000206
0.000188
0.000172
0.000155
0.000140
0.000125
0.000109
0.000094
0.000081
0.000067
0.000056
0.000046
0.000039
0.000032
0.000028
0.000026
0.000026
0.000027
0.000031
0.000035
0.000039
0.000044
0.000048
0.000053
0.000057
0.000060
0.000063
0.000065
0.000068
0.000070
0.000071
0.000072
0.000073
0.000073
0.000072
0.000069
0.000066
0.000060
0.000053
0.000043
0.000032
0.000020
0.000006
-0.000007
-0.000021
-0.000033
-0.000047
-0.000059
-0.000070
-0.000081
-0.000092
-0.000102
-0.000112
-0.000121
-0.000128
-0.000136
-0.000142
-0.000147
-0.000149
-0.000150
-0.000147
-0.000142
-0.000134
-0.000124
-0.000110
-0.000095
-0.000078
-0.000059
-0.000038
-0.000016
0.000008
0.000031
0.000057
0.000084
0.000112
0.000142
0.000172
0.000204
0.000236
0.000269
0.000301
0.000333
0.000364
0.000394
0.000422
0.000447
0.000469
0.000489
0.000508
0.000523
0.000536
0.000548
0.000557
0.000565
0.000570
0.000575
0.000576
0.000574
0.000571
0.000566
0.000558
0.000546
0.000532
0.000517
0.000499
0.000480
0.000460
0.000441
0.000421
0.000403
0.000386
0.000368
0.000351
0.000334
0.000317
0.000302
0.000287
0.000273
0.000259
0.000247
0.000237
0.000229
0.000224
0.000220
0.000220
0.000223
0.000229
0.000237
0.000247
0.000259
0.000272
0.000287
0.000302
0.000317
0.000333
0.000349
0.000365
0.000383
0.000400
0.000418
0.000435
0.000453
0.000471
0.000488
0.000503
0.000517
0.000528
0.000538
0.000544
0.000548
0.000549
0.000548
0.000545
0.000540
0.000533
0.000525
0.000515
0.000503
0.000489
0.000475
0.000457
0.000438
0.000417
0.000394
0.000368
0.000341
0.000313
0.000284
0.000254
0.000224
0.000194
0.000164
0.000135
0.000107
0.000080
0.000052
0.000025
-0.000001
-0.000026
-0.000053
-0.000079
-0.000104
-0.000130
-0.000155
-0.000179
-0.000203
-0.000225
-0.000245
-0.000265
-0.000283
-0.000301
-0.000317
-0.000333
-0.000350
-0.000366
-0.000382
-0.000397
-0.000412
-0.000425
-0.000439
-0.000451
-0.000461
-0.000469
-0.000474
-0.000476
-0.000477
-0.000474
-0.000469
-0.000462
-0.000454
-0.000444
-0.000432
-0.000418
-0.000402
-0.000383
-0.000363
-0.000338
-0.000311
-0.000281
-0.000248
-0.000212
-0.000173
-0.000133
-0.000089
-0.000044
0.000001
0.000048
0.000094
0.000141
0.000188
0.000235
0.000281
0.000328
0.000374
0.000419
0.000463
0.000505
0.000545
0.000582
0.000615
0.000646
0.000671
0.000691
0.000706
0.000717
0.000721
0.000720
0.000715
0.000705
0.000688
0.000668
0.000642
0.000612
0.000576
0.000536
0.000491
0.000442
0.000389
0.000331
0.000268
0.000204
0.000137
0.000068
-0.000003
-0.000075
-0.000147
-0.000217
-0.000287
-0.000356
-0.000423
-0.000487
-0.000547
-0.000606
-0.000662
-0.000715
-0.000764
-0.000809
-0.000850
-0.000886
-0.000917
-0.000943
-0.000962
-0.000973
-0.000980
-0.000981
-0.000975
-0.000965
-0.000951
-0.000933
-0.000910
-0.000883
-0.000853
-0.000818
-0.000780
-0.000739
-0.000693
-0.000644
-0.000592
-0.000537
-0.000480
-0.000421
-0.000362
-0.000301
-0.000241
-0.000179
-0.000119
-0.000062
-0.000003
0.000054
0.000108
0.000161
0.000213
0.000263
0.000311
0.000358
0.000403
0.000445
0.000485
0.000522
0.000554
0.000581
0.000605
0.000625
0.000642
0.000654
0.000662
0.000667
0.000669
0.000668
0.000663
0.000656
0.000648
0.000637
0.000623
0.000606
0.000585
0.000561
0.000534
0.000505
0.000473
0.000441
0.000406
0.000371
0.000336
0.000300
0.000265
0.000230
0.000196
0.000163
0.000129
0.000097
0.000067
0.000035
0.000006
-0.000023
-0.000050
-0.000074
-0.000096
-0.000115
-0.000131
-0.000144
-0.000154
-0.000160
-0.000161
-0.000161
-0.000157
-0.000151
-0.000144
-0.000135
-0.000126
-0.000114
-0.000103
-0.000090
-0.000076
-0.000060
-0.000044
-0.000027
-0.000011
0.000008
0.000025
0.000041
0.000056
0.000068
0.000077
0.000083
0.000086
0.000087
0.000086
0.000081
0.000074
0.000065
0.000054
0.000040
0.000025
0.000008
-0.000011
-0.000033
-0.000057
-0.000083
-0.000111
-0.000141
-0.000173
-0.000206
-0.000239
-0.000271
-0.000303
-0.000333
-0.000361
-0.000389
-0.000413
-0.000435
-0.000455
-0.000472
-0.000486
-0.000497
-0.000505
-0.000512
-0.000516
-0.000516
-0.000514
-0.000507
-0.000496
-0.000482
-0.000463
-0.000441
-0.000415
-0.000386
-0.000355
-0.000322
-0.000288
-0.000253
-0.000218
-0.000184
-0.000149
-0.000115
-0.000082
-0.000050
-0.000019
0.000011
0.000042
0.000070
0.000096
0.000121
0.000143
0.000162
0.000177
0.000189
0.000197
0.000201
0.000201
0.000198
0.000191
0.000182
0.000170
0.000156
0.000141
0.000124
0.000106
0.000086
0.000065
0.000043
0.000020
-0.000005
-0.000031
-0.000058
-0.000082
-0.000108
-0.000131
-0.000153
-0.000172
-0.000190
-0.000204
-0.000214
-0.000223
-0.000228
-0.000232
-0.000234
-0.000232
-0.000228
-0.000223
-0.000215
-0.000205
-0.000193
-0.000181
-0.000165
-0.000147
-0.000127
-0.000104
-0.000080
-0.000054
-0.000029
-0.000004
0.000020
0.000045
0.000069
0.000090
0.000110
0.000127
0.000143
0.000156
0.000168
0.000178
0.000186
0.000193
0.000196
0.000196
0.000194
0.000189
0.000180
0.000169
0.000153
0.000133
0.000110
0.000087
0.000060
0.000032
0.000004
-0.000025
-0.000055
-0.000085
-0.000115
-0.000144
-0.000173
-0.000202
-0.000230
-0.000257
-0.000285
-0.000311
-0.000336
-0.000359
-0.000381
-0.000400
-0.000417
-0.000431
-0.000441
-0.000449
-0.000454
-0.000456
-0.000457
-0.000454
-0.000450
-0.000444
-0.000437
-0.000428
-0.000418
-0.000406
-0.000393
-0.000377
-0.000361
-0.000344
-0.000325
-0.000304
-0.000282
-0.000260
-0.000237
-0.000216
-0.000196
-0.000178
-0.000160
-0.000144
-0.000129
-0.000116
-0.000101
-0.000088
-0.000075
-0.000063
-0.000050
-0.000038
-0.000028
-0.000017
-0.000008
0.000000
0.000006
0.000011
0.000014
0.000017
0.000018
0.000019
0.000020
0.000022
0.000023
0.000027
0.000030
0.000034
0.000038
0.000043
0.000047
0.000052
0.000056
0.000060
0.000064
0.000069
0.000073
0.000078
0.000084
0.000091
0.000099
0.000108
0.000116
0.000126
0.000137
0.000149
0.000159
0.000170
0.000180
0.000189
0.000197
0.000205
0.000213
0.000220
0.000228
0.000236
0.000244
0.000253
0.000263
0.000273
0.000282
0.000291
0.000300
0.000307
0.000314
0.000320
0.000327
0.000332
0.000335
0.000341
0.000346
0.000351
0.000357
0.000364
0.000371
0.000378
0.000384
0.000390
0.000395
0.000399
0.000402
0.000404
0.000405
0.000403
0.000401
0.000398
0.000394
0.000389
0.000385
0.000380
0.000375
0.000367
0.000358
0.000348
0.000336
0.000322
0.000305
0.000287
0.000267
0.000247
0.000223
0.000200
0.000176
0.000151
0.000127
0.000102
0.000079
0.000055
0.000030
0.000006
-0.000020
-0.000047
-0.000071
-0.000095
-0.000119
-0.000142
-0.000163
-0.000183
-0.000200
-0.000214
-0.000225
-0.000233
-0.000238
-0.000242
-0.000243
-0.000243
-0.000239
-0.000233
-0.000224
-0.000215
-0.000203
-0.000189
-0.000173
-0.000154
-0.000134
-0.000110
-0.000085
-0.000058
-0.000029
0.000001
0.000031
0.000061
0.000090
0.000118
0.000145
0.000172
0.000197
0.000221
0.000243
0.000264
0.000284
0.000303
0.000319
0.000333
0.000347
0.000356
0.000363
0.000367
0.000367
0.000363
0.000356
0.000347
0.000334
0.000319
0.000302
0.000283
0.000261
0.000238
0.000213
0.000187
0.000159
0.000130
0.000098
0.000065
0.000031
-0.000004
-0.000039
-0.000073
-0.000107
-0.000139
-0.000170
-0.000198
-0.000224
-0.000246
-0.000268
-0.000285
-0.000300
-0.000314
-0.000325
-0.000334
-0.000340
-0.000344
-0.000347
-0.000346
-0.000341
-0.000334
-0.000323
-0.000310
-0.000293
-0.000272
-0.000250
-0.000226
-0.000200
-0.000172
-0.000145
-0.000117
-0.000089
-0.000061
-0.000034
-0.000006
0.000021
0.000049
0.000075
0.000102
0.000127
0.000152
0.000174
0.000195
0.000213
0.000228
0.000242
0.000253
0.000259
0.000263
0.000264
0.000260
0.000256
0.000250
0.000242
0.000233
0.000222
0.000210
0.000195
0.000179
0.000161
0.000142
0.000122
0.000100
0.000075
0.000050
0.000024
-0.000000
-0.000024
-0.000045
-0.000065
-0.000084
-0.000099
-0.000111
-0.000122
-0.000131
-0.000137
-0.000141
-0.000143
-0.000143
-0.000141
-0.000136
-0.000128
-0.000117
-0.000104
-0.000088
-0.000067
-0.000045
-0.000020
0.000008
0.000037
0.000068
0.000099
0.000130
0.000162
0.000193
0.000223
0.000253
0.000281
0.000309
0.000335
0.000361
0.000387
0.000411
0.000432
0.000452
0.000469
0.000483
0.000494
0.000502
0.000505
0.000507
0.000503
0.000497
0.000486
0.000475
0.000461
0.000444
0.000427
0.000407
0.000387
0.000364
0.000339
0.000313
0.000285
0.000257
0.000227
0.000197
0.000168
0.000139
0.000110
0.000082
0.000056
0.000031
0.000009
-0.000012
-0.000030
-0.000046
-0.000061
-0.000073
-0.000084
-0.000094
-0.000102
-0.000110
-0.000117
-0.000120
-0.000124
-0.000124
-0.000123
-0.000121
-0.000117
-0.000110
-0.000104
-0.000096
-0.000088
-0.000081
-0.000073
-0.000066
-0.000060
-0.000055
-0.000050
-0.000048
-0.000045
-0.000042
-0.000040
-0.000037
-0.000035
-0.000033
-0.000031
-0.000030
-0.000030
-0.000032
-0.000036
-0.000039
-0.000043
-0.000049
-0.000055
-0.000062
-0.000069
-0.000076
-0.000080
-0.000087
-0.000090
-0.000094
-0.000097
-0.000100
-0.000103
-0.000106
-0.000109
-0.000115
-0.000118
-0.000124
-0.000129
-0.000134
-0.000138
-0.000141
-0.000145
-0.000147
-0.000149
-0.000150
-0.000152
-0.000154
-0.000156
-0.000158
-0.000162
-0.000167
-0.000173
-0.000180
-0.000186
-0.000193
-0.000200
-0.000207
-0.000213
-0.000217
-0.000222
-0.000226
-0.000229
-0.000235
-0.000238
-0.000242
-0.000244
-0.000247
-0.000249
-0.000250
-0.000248
-0.000247
-0.000242
-0.000235
-0.000225
-0.000213
-0.000197
-0.000180
-0.000159
-0.000137
-0.000113
-0.000088
-0.000062
-0.000034
-0.000004
0.000026
0.000056
0.000089
0.000123
0.000159
0.000196
0.000233
0.000271
0.000309
0.000344
0.000379
0.000411
0.000442
0.000469
0.000493
0.000514
0.000530
0.000544
0.000554
0.000562
0.000566
0.000568
0.000565
0.000560
0.000551
0.000538
0.000519
0.000497
0.000470
0.000440
0.000406
0.000370
0.000329
0.000286
0.000242
0.000196
0.000152
0.000106
0.000060
0.000016
-0.000028
-0.000070
-0.000112
-0.000152
-0.000191
-0.000227
-0.000262
-0.000293
-0.000320
-0.000343
-0.000363
-0.000378
-0.000389
-0.000394
-0.000396
-0.000393
-0.000386
-0.000375
-0.000361
-0.000344
-0.000325
-0.000303
-0.000279
-0.000252
-0.000223
-0.000193
-0.000162
-0.000130
-0.000096
-0.000061
-0.000026
0.000006
0.000039
0.000068
0.000097
0.000122
0.000144
0.000161
0.000176
0.000187
0.000195
0.000201
0.000203
0.000203
0.000200
0.000194
0.000187
0.000176
0.000162
0.000147
0.000129
0.000108
0.000086
0.000062
0.000038
0.000012
-0.000013
-0.000038
-0.000062
-0.000084
-0.000105
-0.000124
-0.000140
-0.000154
-0.000166
-0.000176
-0.000183
-0.000187
-0.000189
-0.000189
-0.000187
-0.000181
-0.000172
-0.000161
-0.000146
-0.000129
-0.000108
-0.000085
-0.000061
-0.000034
-0.000006
0.000021
0.000050
0.000078
0.000106
0.000132
0.000158
0.000183
0.000207
0.000230
0.000251
0.000270
0.000288
0.000303
0.000316
0.000325
0.000333
0.000337
0.000337
0.000333
0.000325
0.000314
0.000300
0.000284
0.000263
0.000241
0.000218
0.000194
0.000167
0.000141
0.000113
0.000083
0.000053
0.000024
-0.000009
-0.000040
-0.000071
-0.000103
-0.000132
-0.000161
-0.000186
-0.000209
-0.000230
-0.000248
-0.000264
-0.000277
-0.000287
-0.000295
-0.000300
-0.000304
-0.000306
-0.000306
-0.000304
-0.000300
-0.000293
-0.000284
-0.000272
-0.000259
-0.000243
-0.000224
-0.000205
-0.000183
-0.000161
-0.000138
-0.000115
-0.000091
-0.000069
-0.000049
-0.000029
-0.000010
0.000008
0.000025
0.000042
0.000058
0.000074
0.000090
0.000106
0.000121
0.000134
0.000146
0.000157
0.000166
0.000173
0.000179
0.000182
0.000185
0.000186
0.000187
0.000189
0.000190
0.000190
0.000193
0.000195
0.000197
0.000200
0.000202
0.000203
0.000203
0.000202
0.000202
0.000201
0.000200
0.000198
0.000198
0.000199
0.000199
0.000200
0.000200
0.000201
0.000200
0.000199
0.000197
0.000193
0.000189
0.000182
0.000172
0.000162
0.000150
0.000137
0.000123
0.000109
0.000094
0.000077
0.000060
0.000042
0.000022
0.000002
-0.000020
-0.000043
-0.000068
-0.000093
-0.000118
-0.000144
-0.000170
-0.000196
-0.000221
-0.000245
-0.000266
-0.000286
-0.000304
-0.000319
-0.000334
-0.000347
-0.000359
-0.000368
-0.000376
-0.000382
-0.000387
-0.000391
-0.000392
-0.000391
-0.000387
-0.000379
-0.000368
-0.000355
-0.000339
-0.000321
-0.000302
-0.000282
-0.000259
-0.000236
-0.000211
-0.000188
-0.000165
-0.000140
-0.000117
-0.000093
-0.000068
-0.000044
-0.000020
0.000005
0.000027
0.000048
0.000067
0.000084
0.000098
0.000110
0.000120
0.000125
0.000130
0.000131
0.000130
0.000127
0.000122
0.000116
0.000108
0.000098
0.000087
0.000073
0.000057
0.000041
0.000020
-0.000001
-0.000023
-0.000047
-0.000071
-0.000096
-0.000120
-0.000144
-0.000166
-0.000185
-0.000204
-0.000221
-0.000235
-0.000249
-0.000260
-0.000271
-0.000278
-0.000284
-0.000288
-0.000291
-0.000291
-0.000289
-0.000283
-0.000274
-0.000262
-0.000246
-0.000228
-0.000207
-0.000184
-0.000158
-0.000131
-0.000102
-0.000072
-0.000042
-0.000013
0.000017
0.000048
0.000078
0.000108
0.000138
0.000168
0.000198
0.000227
0.000256
0.000283
0.000309
0.000332
0.000352
0.000369
0.000383
0.000396
0.000405
0.000411
0.000415
0.000418
0.000417
0.000416
0.000413
0.000407
0.000400
0.000390
0.000379
0.000365
0.000350
0.000331
0.000312
0.000292
0.000272
0.000251
0.000231
0.000210
0.000191
0.000174
0.000158
0.000143
0.000130
0.000117
0.000106
0.000096
0.000087
0.000079
0.000071
0.000066
0.000060
0.000057
0.000056
0.000058
0.000061
0.000066
0.000073
0.000082
0.000093
0.000102
0.000114
0.000125
0.000136
0.000146
0.000155
0.000163
0.000172
0.000179
0.000186
0.000192
0.000199
0.000206
0.000212
0.000217
0.000221
0.000223
0.000224
0.000221
0.000218
0.000211
0.000202
0.000191
0.000180
0.000168
0.000155
0.000143
0.000129
0.000117
0.000104
0.000090
0.000078
0.000066
0.000052
0.000038
0.000023
0.000007
-0.000007
-0.000021
-0.000034
-0.000046
-0.000057
-0.000066
-0.000073
-0.000079
-0.000082
-0.000085
-0.000087
-0.000088
-0.000089
-0.000090
-0.000091
-0.000092
-0.000092
-0.000093
-0.000094
-0.000095
-0.000094
-0.000094
-0.000093
-0.000092
-0.000090
-0.000088
-0.000088
-0.000087
-0.000088
-0.000090
-0.000093
-0.000095
-0.000098
-0.000101
-0.000105
-0.000110
-0.000114
-0.000118
-0.000120
-0.000122
-0.000124
-0.000126
-0.000130
-0.000133
-0.000135
-0.000138
-0.000141
-0.000144
-0.000147
-0.000149
-0.000150
-0.000151
-0.000150
-0.000148
-0.000143
-0.000137
-0.000131
-0.000123
-0.000116
-0.000108
-0.000101
-0.000094
-0.000086
-0.000079
-0.000071
-0.000062
-0.000054
-0.000042
-0.000031
-0.000019
-0.000007
0.000005
0.000017
0.000028
0.000038
0.000048
0.000056
0.000064
0.000069
0.000074
0.000077
0.000080
0.000081
0.000085
0.000087
0.000089
0.000090
0.000091
0.000091
0.000091
0.000090
0.000087
0.000083
0.000078
0.000072
0.000065
0.000059
0.000052
0.000045
0.000038
0.000031
0.000024
0.000018
0.000012
0.000007
-0.000000
-0.000008
-0.000015
-0.000024
-0.000033
-0.000042
-0.000053
-0.000063
-0.000073
-0.000083
-0.000093
-0.000102
-0.000111
-0.000120
-0.000129
-0.000138
-0.000149
-0.000160
-0.000172
-0.000183
-0.000196
-0.000211
-0.000226
-0.000240
-0.000253
-0.000265
-0.000275
-0.000286
-0.000295
-0.000303
-0.000310
-0.000316
-0.000322
-0.000326
-0.000330
-0.000335
-0.000338
-0.000340
-0.000341
-0.000339
-0.000335
-0.000330
-0.000323
-0.000311
-0.000298
-0.000282
-0.000265
-0.000246
-0.000225
-0.000203
-0.000180
-0.000156
-0.000133
-0.000108
-0.000082
-0.000055
-0.000028
0.000000
0.000029
0.000060
0.000090
0.000119
0.000149
0.000176
0.000203
0.000227
0.000249
0.000271
0.000289
0.000305
0.000318
0.000330
0.000340
0.000349
0.000357
0.000364
0.000366
0.000367
0.000366
0.000361
0.000355
0.000345
0.000332
0.000316
0.000298
0.000277
0.000256
0.000233
0.000210
0.000188
0.000164
0.000141
0.000118
0.000093
0.000068
0.000043
0.000018
-0.000010
-0.000038
-0.000066
-0.000094
-0.000121
-0.000147
-0.000173
-0.000197
-0.000220
-0.000242
-0.000262
-0.000279
-0.000295
-0.000311
-0.000325
-0.000341
-0.000354
-0.000368
-0.000381
-0.000393
-0.000405
-0.000414
-0.000421
-0.000428
-0.000433
-0.000435
-0.000436
-0.000436
-0.000433
-0.000431
-0.000428
-0.000423
-0.000417
-0.000411
-0.000403
-0.000393
-0.000382
-0.000369
-0.000354
-0.000337
-0.000317
-0.000295
-0.000271
-0.000245
-0.000218
-0.000190
-0.000162
-0.000133
-0.000105
-0.000076
-0.000047
-0.000018
0.000010
0.000039
0.000068
0.000097
0.000126
0.000155
0.000182
0.000207
0.000230
0.000251
0.000270
0.000285
0.000297
0.000305
0.000310
0.000312
0.000312
0.000309
0.000304
0.000297
0.000289
0.000278
0.000264
0.000248
0.000228
0.000206
0.000182
0.000157
0.000130
0.000101
0.000072
0.000042
0.000012
-0.000016
-0.000044
-0.000071
-0.000095
-0.000119
-0.000140
-0.000160
-0.000178
-0.000196
-0.000212
-0.000225
-0.000237
-0.000245
-0.000253
-0.000258
-0.000260
-0.000260
-0.000255
-0.000250
-0.000241
-0.000230
-0.000218
-0.000206
-0.000194
-0.000182
-0.000169
-0.000157
-0.000145
-0.000133
-0.000123
-0.000114
-0.000105
-0.000096
-0.000087
-0.000079
-0.000072
-0.000066
-0.000062
-0.000060
-0.000061
-0.000064
-0.000069
-0.000078
-0.000088
-0.000100
-0.000114
-0.000129
-0.000145
-0.000160
-0.000175
-0.000190
-0.000205
-0.000221
-0.000235
-0.000249
-0.000262
-0.000274
-0.000286
-0.000297
-0.000306
-0.000314
-0.000321
-0.000325
-0.000325
-0.000323
-0.000318
-0.000309
-0.000299
-0.000285
-0.000269
-0.000251
-0.000232
-0.000211
-0.000191
-0.000169
-0.000147
-0.000123
-0.000099
-0.000076
-0.000051
-0.000026
-0.000001
0.000024
0.000050
0.000073
0.000094
0.000113
0.000130
0.000146
0.000159
0.000169
0.000176
0.000182
0.000186
0.000189
0.000190
0.000190
0.000188
0.000184
0.000179
0.000172
0.000165
0.000156
0.000146
0.000135
0.000122
0.000108
0.000094
0.000080
0.000067
0.000053
0.000041
0.000031
0.000023
0.000015
0.000009
0.000003
-0.000001
-0.000006
-0.000011
-0.000015
-0.000019
-0.000023
-0.000027
-0.000030
-0.000032
-0.000035
-0.000038
-0.000040
-0.000042
-0.000044
-0.000045
-0.000048
-0.000052
-0.000058
-0.000065
-0.000073
-0.000081
-0.000091
-0.000103
-0.000115
-0.000127
-0.000139
-0.000152
-0.000164
-0.000177
-0.000188
-0.000199
-0.000210
-0.000220
-0.000232
-0.000242
-0.000254
-0.000265
-0.000273
-0.000279
-0.000285
-0.000289
-0.000290
-0.000290
-0.000284
-0.000277
-0.000269
-0.000259
-0.000248
-0.000233
-0.000220
-0.000205
-0.000190
-0.000175
-0.000158
-0.000141
-0.000123
-0.000104
-0.000085
-0.000066
-0.000047
-0.000028
-0.000010
0.000007
0.000023
0.000035
0.000047
0.000056
0.000062
0.000066
0.000067
0.000066
0.000062
0.000057
0.000050
0.000042
0.000033
0.000021
0.000007
-0.000007
-0.000023
-0.000040
-0.000059
-0.000079
-0.000099
-0.000119
-0.000140
-0.000161
-0.000180
-0.000196
-0.000210
-0.000223
-0.000233
-0.000241
-0.000247
-0.000251
-0.000251
-0.000250
-0.000245
-0.000239
-0.000230
-0.000218
-0.000204
-0.000187
-0.000166
-0.000142
-0.000114
-0.000084
-0.000051
-0.000014
0.000023
0.000060
0.000098
0.000135
0.000171
0.000207
0.000241
0.000273
0.000305
0.000335
0.000364
0.000390
0.000416
0.000439
0.000458
0.000477
0.000490
0.000501
0.000507
0.000508
0.000505
0.000497
0.000484
0.000467
0.000445
0.000421
0.000392
0.000362
0.000330
0.000296
0.000259
0.000220
0.000178
0.000134
0.000090
0.000043
-0.000005
-0.000053
-0.000101
-0.000150
-0.000196
-0.000241
-0.000284
-0.000323
-0.000358
-0.000391
-0.000418
-0.000443
-0.000463
-0.000479
-0.000491
-0.000499
-0.000504
-0.000504
-0.000500
-0.000491
-0.000477
-0.000458
-0.000435
-0.000406
-0.000373
-0.000337
-0.000298
-0.000256
-0.000211
-0.000165
-0.000118
-0.000068
-0.000019
0.000029
0.000078
0.000126
0.000173
0.000220
0.000266
0.000309
0.000353
0.000394
0.000432
0.000468
0.000499
0.000528
0.000551
0.000571
0.000584
0.000594
0.000602
0.000603
0.000602
0.000599
0.000591
0.000581
0.000567
0.000551
0.000532
0.000511
0.000487
0.000460
0.000433
0.000403
0.000371
0.000338
0.000304
0.000270
0.000237
0.000206
0.000175
0.000145
0.000117
0.000091
0.000067
0.000044
0.000023
0.000004
-0.000014
-0.000029
-0.000044
-0.000055
-0.000065
-0.000071
-0.000076
-0.000077
-0.000076
-0.000072
-0.000066
-0.000056
-0.000045
-0.000031
-0.000017
-0.000002
0.000014
0.000029
0.000044
0.000061
0.000078
0.000096
0.000115
0.000135
0.000156
0.000177
0.000199
0.000220
0.000241
0.000261
0.000281
0.000298
0.000315
0.000329
0.000343
0.000356
0.000368
0.000378
0.000388
0.000399
0.000408
0.000417
0.000425
0.000432
0.000438
0.000443
0.000446
0.000446
0.000445
0.000442
0.000437
0.000430
0.000422
0.000412
0.000402
0.000391
0.000379
0.000366
0.000353
0.000338
0.000320
0.000302
0.000281
0.000258
0.000234
0.000208
0.000180
0.000152
0.000122
0.000092
0.000061
0.000031
0.000000
-0.000031
-0.000061
-0.000092
-0.000123
-0.000155
-0.000187
-0.000217
-0.000248
-0.000277
-0.000306
-0.000334
-0.000360
-0.000384
-0.000405
-0.000423
-0.000437
-0.000448
-0.000456
-0.000462
-0.000465
-0.000466
-0.000463
-0.000459
-0.000452
-0.000443
-0.000433
-0.000421
-0.000405
-0.000386
-0.000365
-0.000340
-0.000313
-0.000285
-0.000256
-0.000225
-0.000194
-0.000165
-0.000136
-0.000108
-0.000080
-0.000053
-0.000027
-0.000002
0.000022
0.000044
0.000066
0.000087
0.000107
0.000125
0.000140
0.000154
0.000165
0.000173
0.000178
0.000180
0.000181
0.000180
0.000176
0.000170
0.000164
0.000157
0.000148
0.000140
0.000131
0.000121
0.000111
0.000099
0.000087
0.000074
0.000059
0.000044
0.000028
0.000012
-0.000004
-0.000019
-0.000033
-0.000046
-0.000058
-0.000069
-0.000078
-0.000087
-0.000095
-0.000103
-0.000111
-0.000120
-0.000129
-0.000139
-0.000149
-0.000158
-0.000168
-0.000176
-0.000183
-0.000189
-0.000194
-0.000200
-0.000205
-0.000209
-0.000212
-0.000217
-0.000222
-0.000228
-0.000234
-0.000242
-0.000249
-0.000255
-0.000261
-0.000266
-0.000271
-0.000275
-0.000279
-0.000282
-0.000284
-0.000286
-0.000288
-0.000292
-0.000295
-0.000298
-0.000301
-0.000305
-0.000309
-0.000312
-0.000314
-0.000316
-0.000316
-0.000315
-0.000312
-0.000310
-0.000305
-0.000302
-0.000298
-0.000295
-0.000293
-0.000291
-0.000289
-0.000288
-0.000286
-0.000283
-0.000279
-0.000276
-0.000272
-0.000267
-0.000262
-0.000257
-0.000252
-0.000247
-0.000243
-0.000240
-0.000238
-0.000237
-0.000238
-0.000239
-0.000239
-0.000240
-0.000240
-0.000240
-0.000239
-0.000238
-0.000236
-0.000233
-0.000230
-0.000228
-0.000226
-0.000223
-0.000223
-0.000224
-0.000224
-0.000225
-0.000225
-0.000224
-0.000223
-0.000220
-0.000216
-0.000211
-0.000206
-0.000199
-0.000191
-0.000183
-0.000174
-0.000166
-0.000156
-0.000146
-0.000136
-0.000126
-0.000114
-0.000101
-0.000086
-0.000070
-0.000053
-0.000034
-0.000014
0.000007
0.000027
0.000048
0.000069
0.000089
0.000106
0.000124
0.000142
0.000160
0.000177
0.000193
0.000209
0.000224
0.000238
0.000252
0.000265
0.000277
0.000287
0.000295
0.000300
0.000303
0.000305
0.000303
0.000299
0.000294
0.000287
0.000279
0.000269
0.000258
0.000246
0.000234
0.000220
0.000204
0.000186
0.000165
0.000144
0.000119
0.000093
0.000064
0.000034
0.000003
-0.000029
-0.000061
-0.000093
-0.000125
-0.000157
-0.000188
-0.000219
-0.000251
-0.000283
-0.000314
-0.000346
-0.000379
-0.000412
-0.000445
-0.000476
-0.000508
-0.000538
-0.000567
-0.000594
-0.000618
-0.000641
-0.000662
-0.000682
-0.000700
-0.000717
-0.000731
-0.000746
-0.000760
-0.000772
-0.000783
-0.000793
-0.000799
-0.000802
-0.000804
-0.000802
-0.000797
-0.000791
-0.000781
-0.000769
-0.000756
-0.000740
-0.000724
-0.000707
-0.000687
-0.000666
-0.000644
-0.000620
-0.000593
-0.000564
-0.000532
-0.000498
-0.000464
-0.000428
-0.000390
-0.000352
-0.000314
-0.000276
-0.000237
-0.000199
-0.000161
-0.000124
-0.000088
-0.000053
-0.000017
0.000017
0.000051
0.000084
0.000116
0.000148
0.000178
0.000206
0.000231
0.000255
0.000276
0.000294
0.000308
0.000321
0.000332
0.000338
0.000345
0.000350
0.000354
0.000356
0.000357
0.000358
0.000356
0.000352
0.000346
0.000338
0.000329
0.000319
0.000306
0.000294
0.000280
0.000267
0.000256
0.000244
0.000234
0.000225
0.000216
0.000209
0.000203
0.000198
0.000195
0.000191
0.000187
0.000186
0.000184
0.000186
0.000188
0.000191
0.000195
0.000204
0.000213
0.000225
0.000238
0.000251
0.000266
0.000281
0.000296
0.000309
0.000323
0.000336
0.000348
0.000360
0.000371
0.000382
0.000393
0.000403
0.000412
0.000420
0.000427
0.000433
0.000437
0.000439
0.000438
0.000435
0.000430
0.000422
0.000414
0.000403
0.000391
0.000378
0.000364
0.000348
0.000332
0.000316
0.000300
0.000281
0.000262
0.000242
0.000220
0.000197
0.000175
0.000151
0.000126
0.000103
0.000080
0.000057
0.000037
0.000017
-0.000003
-0.000022
-0.000041
-0.000057
-0.000073
-0.000089
-0.000105
-0.000120
-0.000136
-0.000151
-0.000165
-0.000179
-0.000191
-0.000203
-0.000214
-0.000224
-0.000231
-0.000237
-0.000243
-0.000248
-0.000252
-0.000256
-0.000260
-0.000263
-0.000264
-0.000264
-0.000265
-0.000264
-0.000260
-0.000255
-0.000248
-0.000239
-0.000226
-0.000213
-0.000197
-0.000181
-0.000164
-0.000146
-0.000127
-0.000108
-0.000086
-0.000065
-0.000042
-0.000017
0.000009
0.000037
0.000068
0.000101
0.000135
0.000171
0.000207
0.000244
0.000281
0.000318
0.000353
0.000389
0.000424
0.000460
0.000495
0.000530
0.000564
0.000600
0.000635
0.000671
0.000706
0.000740
0.000772
0.000803
0.000831
0.000857
0.000881
0.000901
0.000921
0.000937
0.000951
0.000963
0.000972
0.000979
0.000985
0.000987
0.000988
0.000987
0.000983
0.000975
0.000963
0.000947
0.000928
0.000907
0.000880
0.000851
0.000819
0.000786
0.000749
0.000710
0.000669
0.000626
0.000581
0.000535
0.000487
0.000437
0.000386
0.000333
0.000279
0.000224
0.000169
0.000114
0.000059
0.000006
-0.000045
-0.000095
-0.000142
-0.000185
-0.000226
-0.000265
-0.000301
-0.000334
-0.000364
-0.000391
-0.000415
-0.000435
-0.000453
-0.000466
-0.000474
-0.000480
-0.000481
-0.000478
-0.000470
-0.000459
-0.000445
-0.000428
-0.000408
-0.000386
-0.000362
-0.000337
-0.000311
-0.000284
-0.000256
-0.000228
-0.000199
-0.000170
-0.000139
-0.000109
-0.000079
-0.000051
-0.000023
0.000002
0.000025
0.000045
0.000062
0.000075
0.000084
0.000091
0.000095
0.000095
0.000092
0.000087
0.000081
0.000072
0.000060
0.000047
0.000030
0.000011
-0.000009
-0.000032
-0.000057
-0.000084
-0.000113
-0.000143
-0.000172
-0.000202
-0.000231
-0.000258
-0.000285
-0.000309
-0.000331
-0.000352
-0.000372
-0.000389
-0.000403
-0.000417
-0.000429
-0.000439
-0.000447
-0.000453
-0.000456
-0.000456
-0.000453
-0.000447
-0.000438
-0.000425
-0.000410
-0.000392
-0.000371
-0.000350
-0.000326
-0.000301
-0.000274
-0.000249
-0.000222
-0.000194
-0.000166
-0.000138
-0.000108
-0.000079
-0.000048
-0.000018
0.000014
0.000045
0.000076
0.000105
0.000132
0.000158
0.000182
0.000204
0.000226
0.000246
0.000263
0.000280
0.000296
0.000309
0.000321
0.000333
0.000342
0.000349
0.000353
0.000356
0.000356
0.000354
0.000349
0.000342
0.000331
0.000318
0.000304
0.000287
0.000269
0.000250
0.000227
0.000204
0.000180
0.000154
0.000126
0.000094
0.000061
0.000025
-0.000013
-0.000052
-0.000093
-0.000134
-0.000177
-0.000219
-0.000260
-0.000301
-0.000342
-0.000381
-0.000421
-0.000458
-0.000496
-0.000533
-0.000568
-0.000603
-0.000635
-0.000665
-0.000693
-0.000719
-0.000740
-0.000760
-0.000775
-0.000786
-0.000792
-0.000795
-0.000795
-0.000791
-0.000783
-0.000773
-0.000760
-0.000744
-0.000725
-0.000703
-0.000679
-0.000653
-0.000624
-0.000593
-0.000559
-0.000523
-0.000484
-0.000445
-0.000404
-0.000361
-0.000320
-0.000278
-0.000237
-0.000196
-0.000157
-0.000120
-0.000083
-0.000047
-0.000012
0.000021
0.000053
0.000083
0.000112
0.000140
0.000166
0.000189
0.000209
0.000226
0.000240
0.000251
0.000260
0.000265
0.000269
0.000271
0.000272
0.000272
0.000272
0.000269
0.000267
0.000264
0.000259
0.000254
0.000248
0.000240
0.000233
0.000224
0.000214
0.000204
0.000193
0.000183
0.000175
0.000166
0.000159
0.000153
0.000146
0.000140
0.000135
0.000130
0.000124
0.000119
0.000114
0.000108
0.000104
0.000098
0.000095
0.000091
0.000088
0.000086
0.000085
0.000084
0.000084
0.000084
0.000084
0.000083
0.000083
0.000082
0.000081
0.000080
0.000078
0.000078
0.000078
0.000080
0.000083
0.000087
0.000091
0.000096
0.000101
0.000107
0.000113
0.000119
0.000124
0.000130
0.000134
0.000139
0.000143
0.000147
0.000151
0.000156
0.000162
0.000168
0.000175
0.000182
0.000190
0.000195
0.000199
0.000203
0.000205
0.000207
0.000208
0.000208
0.000206
0.000205
0.000203
0.000200
0.000196
0.000193
0.000190
0.000187
0.000183
0.000178
0.000172
0.000164
0.000154
0.000143
0.000131
0.000117
0.000103
0.000089
0.000074
0.000061
0.000046
0.000032
0.000019
0.000006
-0.000008
-0.000021
-0.000035
-0.000048
-0.000061
-0.000074
-0.000088
-0.000102
-0.000115
-0.000127
-0.000138
-0.000147
-0.000154
-0.000161
-0.000166
-0.000171
-0.000173
-0.000175
-0.000176
-0.000176
-0.000177
-0.000178
-0.000176
-0.000174
-0.000170
-0.000166
-0.000159
-0.000151
-0.000140
-0.000129
-0.000116
-0.000102
-0.000087
-0.000074
-0.000058
-0.000043
-0.000028
-0.000012
0.000003
0.000018
0.000033
0.000049
0.000066
0.000084
0.000100
0.000117
0.000134
0.000150
0.000165
0.000179
0.000191
0.000200
0.000209
0.000215
0.000220
0.000223
0.000226
0.000228
0.000229
0.000229
0.000226
0.000223
0.000219
0.000213
0.000205
0.000196
0.000184
0.000170
0.000155
0.000138
0.000119
0.000102
0.000083
0.000065
0.000048
0.000032
0.000016
0.000001
-0.000013
-0.000027
-0.000041
-0.000054
-0.000067
-0.000080
-0.000091
-0.000103
-0.000111
-0.000118
-0.000124
-0.000127
-0.000127
-0.000126
-0.000122
-0.000115
-0.000106
-0.000096
-0.000085
-0.000073
-0.000061
-0.000047
-0.000036
-0.000022
-0.000009
0.000004
0.000017
0.000031
0.000044
0.000058
0.000073
0.000087
0.000100
0.000112
0.000123
0.000133
0.000141
0.000146
0.000149
0.000151
0.000151
0.000150
0.000147
0.000144
0.000141
0.000137
0.000132
0.000126
0.000120
0.000112
0.000103
0.000093
0.000082
0.000070
0.000057
0.000043
0.000030
0.000017
0.000004
-0.000007
-0.000018
-0.000028
-0.000037
-0.000046
-0.000055
-0.000063
-0.000072
-0.000080
-0.000089
-0.000099
-0.000108
-0.000116
-0.000126
-0.000133
-0.000139
-0.000146
-0.000150
-0.000154
-0.000159
-0.000164
-0.000168
-0.000173
-0.000178
-0.000184
-0.000191
-0.000198
-0.000205
-0.000213
-0.000220
-0.000228
-0.000234
-0.000238
-0.000243
-0.000246
-0.000248
-0.000250
-0.000251
-0.000253
-0.000255
-0.000258
-0.000260
-0.000262
-0.000265
-0.000266
-0.000266
-0.000264
-0.000263
-0.000259
-0.000253
-0.000247
-0.000240
-0.000233
-0.000225
-0.000219
-0.000212
-0.000206
-0.000199
-0.000194
-0.000188
-0.000184
-0.000178
-0.000174
-0.000168
-0.000162
-0.000156
-0.000151
-0.000146
-0.000142
-0.000139
-0.000137
-0.000136
-0.000136
-0.000138
-0.000140
-0.000144
-0.000146
-0.000150
-0.000153
-0.000155
-0.000157
-0.000157
-0.000157
-0.000157
-0.000155
-0.000153
-0.000152
-0.000150
-0.000147
-0.000143
-0.000141
-0.000136
-0.000130
-0.000123
-0.000113
-0.000102
-0.000088
-0.000073
-0.000056
-0.000038
-0.000019
0.000001
0.000021
0.000042
0.000062
0.000083
0.000103
0.000124
0.000144
0.000166
0.000188
0.000209
0.000229
0.000248
0.000269
0.000286
0.000302
0.000315
0.000328
0.000337
0.000346
0.000351
0.000356
0.000357
0.000359
0.000358
0.000357
0.000355
0.000352
0.000349
0.000345
0.000339
0.000332
0.000325
0.000317
0.000308
0.000299
0.000292
0.000283
0.000274
0.000267
0.000260
0.000256
0.000254
0.000253
0.000254
0.000257
0.000260
0.000264
0.000269
0.000274
0.000280
0.000288
0.000296
0.000304
0.000313
0.000323
0.000332
0.000343
0.000354
0.000365
0.000376
0.000386
0.000395
0.000402
0.000406
0.000409
0.000407
0.000402
0.000396
0.000386
0.000374
0.000361
0.000346
0.000328
0.000307
0.000284
0.000259
0.000233
0.000205
0.000175
0.000141
0.000107
0.000070
0.000032
-0.000006
-0.000045
-0.000083
-0.000121
-0.000156
-0.000190
-0.000222
-0.000253
-0.000281
-0.000306
-0.000331
-0.000352
-0.000372
-0.000389
-0.000403
-0.000414
-0.000422
-0.000425
-0.000425
-0.000421
-0.000412
-0.000400
-0.000384
-0.000364
-0.000340
-0.000314
-0.000287
-0.000257
-0.000225
-0.000191
-0.000156
-0.000120
-0.000082
-0.000043
-0.000004
0.000035
0.000075
0.000115
0.000155
0.000195
0.000233
0.000268
0.000302
0.000333
0.000361
0.000387
0.000410
0.000430
0.000448
0.000464
0.000476
0.000488
0.000496
0.000501
0.000503
0.000503
0.000502
0.000496
0.000489
0.000479
0.000466
0.000450
0.000434
0.000415
0.000396
0.000376
0.000356
0.000336
0.000317
0.000298
0.000279
0.000261
0.000243
0.000225
0.000208
0.000191
0.000173
0.000156
0.000140
0.000127
0.000114
0.000104
0.000097
0.000093
0.000091
0.000091
0.000094
0.000099
0.000106
0.000114
0.000125
0.000136
0.000148
0.000160
0.000175
0.000191
0.000207
0.000225
0.000245
0.000266
0.000289
0.000311
0.000333
0.000356
0.000378
0.000399
0.000418
0.000437
0.000453
0.000468
0.000480
0.000492
0.000501
0.000510
0.000517
0.000522
0.000526
0.000527
0.000527
0.000524
0.000517
0.000508
0.000495
0.000478
0.000459
0.000437
0.000413
0.000387
0.000359
0.000330
0.000298
0.000265
0.000232
0.000198
0.000163
0.000127
0.000091
0.000054
0.000016
-0.000021
-0.000059
-0.000096
-0.000132
-0.000165
-0.000197
-0.000226
-0.000252
-0.000275
-0.000295
-0.000312
-0.000326
-0.000336
-0.000344
-0.000350
-0.000351
-0.000349
-0.000345
-0.000337
-0.000326
-0.000312
-0.000293
-0.000271
-0.000245
-0.000216
-0.000185
-0.000153
-0.000119
-0.000083
-0.000048
-0.000013
0.000022
0.000056
0.000090
0.000122
0.000155
0.000184
0.000212
0.000238
0.000264
0.000286
0.000306
0.000323
0.000336
0.000347
0.000353
0.000355
0.000353
0.000347
0.000336
0.000322
0.000303
0.000283
0.000259
0.000235
0.000207
0.000178
0.000146
0.000112
0.000077
0.000040
0.000000
-0.000041
-0.000082
-0.000124
-0.000165
-0.000206
-0.000245
-0.000282
-0.000317
-0.000348
-0.000378
-0.000403
-0.000425
-0.000445
-0.000462
-0.000476
-0.000487
-0.000496
-0.000502
-0.000506
-0.000508
-0.000505
-0.000498
-0.000489
-0.000475
-0.000459
-0.000440
-0.000418
-0.000394
-0.000366
-0.000338
-0.000308
-0.000276
-0.000245
-0.000214
-0.000183
-0.000152
-0.000119
-0.000086
-0.000052
-0.000018
0.000017
0.000051
0.000086
0.000120
0.000153
0.000185
0.000217
0.000246
0.000274
0.000301
0.000325
0.000347
0.000367
0.000387
0.000406
0.000423
0.000440
0.000454
0.000468
0.000479
0.000488
0.000493
0.000496
0.000496
0.000493
0.000486
0.000478
0.000465
0.000451
0.000435
0.000415
0.000394
0.000370
0.000344
0.000316
0.000286
0.000252
0.000217
0.000179
0.000137
0.000093
0.000048
0.000002
-0.000044
-0.000091
-0.000137
-0.000183
-0.000229
-0.000273
-0.000316
-0.000357
-0.000396
-0.000433
-0.000469
-0.000505
-0.000537
-0.000566
-0.000593
-0.000616
-0.000636
-0.000652
-0.000664
-0.000671
-0.000674
-0.000671
-0.000665
-0.000655
-0.000640
-0.000623
-0.000602
-0.000579
-0.000552
-0.000522
-0.000491
-0.000456
-0.000420
-0.000382
-0.000341
-0.000298
-0.000252
-0.000206
-0.000160
-0.000113
-0.000067
-0.000021
0.000023
0.000067
0.000108
0.000147
0.000183
0.000218
0.000250
0.000279
0.000308
0.000335
0.000359
0.000380
0.000400
0.000418
0.000431
0.000443
0.000452
0.000458
0.000460
0.000462
0.000460
0.000456
0.000451
0.000444
0.000437
0.000430
0.000422
0.000414
0.000406
0.000397
0.000388
0.000377
0.000367
0.000356
0.000344
0.000331
0.000320
0.000307
0.000296
0.000286
0.000277
0.000268
0.000259
0.000251
0.000242
0.000234
0.000226
0.000216
0.000205
0.000194
0.000180
0.000167
0.000154
0.000139
0.000125
0.000112
0.000098
0.000084
0.000070
0.000055
0.000040
0.000024
0.000008
-0.000009
-0.000027
-0.000046
-0.000065
-0.000086
-0.000105
-0.000124
-0.000143
-0.000160
-0.000175
-0.000189
-0.000203
-0.000214
-0.000225
-0.000234
-0.000242
-0.000250
-0.000257
-0.000262
-0.000266
-0.000268
-0.000271
-0.000270
-0.000267
-0.000262
-0.000255
-0.000245
-0.000234
-0.000221
-0.000208
-0.000193
-0.000177
-0.000161
-0.000145
-0.000127
-0.000110
-0.000092
-0.000074
-0.000055
-0.000036
-0.000017
0.000003
0.000024
0.000045
0.000065
0.000083
0.000100
0.000115
0.000129
0.000140
0.000150
0.000159
0.000166
0.000172
0.000177
0.000181
0.000185
0.000187
0.000189
0.000191
0.000190
0.000187
0.000183
0.000176
0.000168
0.000158
0.000146
0.000133
0.000120
0.000105
0.000091
0.000077
0.000063
0.000048
0.000034
0.000019
0.000006
-0.000009
-0.000023
-0.000039
-0.000056
-0.000072
-0.000088
-0.000104
-0.000120
-0.000135
-0.000149
-0.000161
-0.000171
-0.000180
-0.000187
-0.000194
-0.000200
-0.000206
-0.000211
-0.000216
-0.000221
-0.000226
-0.000232
-0.000237
-0.000241
-0.000243
-0.000245
-0.000247
-0.000247
-0.000247
-0.000247
-0.000246
-0.000246
-0.000245
-0.000246
-0.000247
-0.000248
-0.000250
-0.000252
-0.000254
-0.000254
-0.000256
-0.000257
-0.000257
-0.000258
-0.000259
-0.000259
-0.000261
-0.000261
-0.000262
-0.000264
-0.000267
-0.000271
-0.000276
-0.000281
-0.000285
-0.000287
-0.000289
-0.000290
-0.000290
-0.000290
-0.000287
-0.000284
-0.000280
-0.000274
-0.000269
-0.000262
-0.000255
-0.000249
-0.000241
-0.000233
-0.000223
-0.000211
-0.000198
-0.000184
-0.000167
-0.000150
-0.000132
-0.000111
-0.000091
-0.000070
-0.000051
-0.000033
-0.000014
0.000003
0.000019
0.000035
0.000048
0.000063
0.000077
0.000090
0.000103
0.000114
0.000126
0.000135
0.000143
0.000151
0.000154
0.000158
0.000157
0.000155
0.000152
0.000147
0.000140
0.000133
0.000124
0.000114
0.000106
0.000096
0.000086
0.000075
0.000064
0.000052
0.000040
0.000026
0.000013
0.000000
-0.000013
-0.000025
-0.000036
-0.000047
-0.000056
-0.000063
-0.000068
-0.000072
-0.000075
-0.000076
-0.000077
-0.000078
-0.000077
-0.000076
-0.000074
-0.000070
-0.000067
-0.000062
-0.000057
-0.000049
-0.000040
-0.000028
-0.000018
-0.000005
0.000007
0.000019
0.000031
0.000042
0.000053
0.000063
0.000071
0.000078
0.000084
0.000091
0.000097
0.000103
0.000109
0.000114
0.000119
0.000122
0.000124
0.000125
0.000122
0.000118
0.000112
0.000103
0.000092
0.000079
0.000064
0.000049
0.000032
0.000015
-0.000001
-0.000018
-0.000036
-0.000055
-0.000074
-0.000093
-0.000115
-0.000136
-0.000158
-0.000181
-0.000204
-0.000227
-0.000250
-0.000272
-0.000291
-0.000309
-0.000324
-0.000337
-0.000348
-0.000358
-0.000364
-0.000369
-0.000373
-0.000374
-0.000375
-0.000373
-0.000368
-0.000363
-0.000355
-0.000344
-0.000329
-0.000311
-0.000291
-0.000268
-0.000242
-0.000214
-0.000183
-0.000152
-0.000120
-0.000088
-0.000055
-0.000021
0.000014
0.000049
0.000085
0.000121
0.000158
0.000194
0.000230
0.000265
0.000299
0.000332
0.000363
0.000390
0.000417
0.000439
0.000459
0.000475
0.000488
0.000497
0.000505
0.000508
0.000508
0.000506
0.000501
0.000492
0.000480
0.000465
0.000447
0.000424
0.000398
0.000369
0.000338
0.000303
0.000266
0.000228
0.000189
0.000150
0.000111
0.000071
0.000032
-0.000006
-0.000043
-0.000079
-0.000115
-0.000150
-0.000185
-0.000217
-0.000247
-0.000275
-0.000300
-0.000322
-0.000341
-0.000357
-0.000368
-0.000375
-0.000378
-0.000378
-0.000374
-0.000367
-0.000356
-0.000344
-0.000329
-0.000311
-0.000291
-0.000268
-0.000244
-0.000218
-0.000191
-0.000160
-0.000129
-0.000097
-0.000064
-0.000032
0.000000
0.000031
0.000062
0.000091
0.000117
0.000141
0.000163
0.000183
0.000200
0.000215
0.000229
0.000241
0.000250
0.000257
0.000262
0.000265
0.000265
0.000261
0.000254
0.000244
0.000232
0.000217
0.000201
0.000184
0.000165
0.000145
0.000126
0.000107
0.000088
0.000069
0.000052
0.000034
0.000018
0.000002
-0.000012
-0.000027
-0.000041
-0.000054
-0.000065
-0.000075
-0.000082
-0.000087
-0.000090
-0.000091
-0.000088
-0.000083
-0.000076
-0.000067
-0.000056
-0.000043
-0.000029
-0.000014
0.000001
0.000019
0.000037
0.000057
0.000077
0.000097
0.000119
0.000142
0.000165
0.000190
0.000216
0.000240
0.000264
0.000288
0.000310
0.000331
0.000352
0.000371
0.000390
0.000408
0.000426
0.000445
0.000463
0.000480
0.000496
0.000511
0.000528
0.000542
0.000555
0.000567
0.000576
0.000583
0.000589
0.000593
0.000596
0.000597
0.000597
0.000599
0.000597
0.000594
0.000591
0.000586
0.000579
0.000572
0.000560
0.000547
0.000531
0.000513
0.000494
0.000472
0.000448
0.000424
0.000399
0.000374
0.000348
0.000323
0.000297
0.000271
0.000244
0.000217
0.000189
0.000160
0.000130
0.000100
0.000070
0.000040
0.000012
-0.000018
-0.000044
-0.000068
-0.000090
-0.000109
-0.000126
-0.000141
-0.000154
-0.000166
-0.000175
-0.000183
-0.000190
-0.000195
-0.000198
-0.000199
-0.000197
-0.000193
-0.000186
-0.000176
-0.000164
-0.000151
-0.000134
-0.000117
-0.000098
-0.000078
-0.000060
-0.000039
-0.000019
0.000002
0.000021
0.000041
0.000061
0.000082
0.000102
0.000122
0.000142
0.000161
0.000180
0.000198
0.000213
0.000228
0.000241
0.000252
0.000260
0.000266
0.000271
0.000274
0.000276
0.000278
0.000278
0.000278
0.000278
0.000279
0.000277
0.000275
0.000271
0.000268
0.000262
0.000257
0.000251
0.000244
0.000238
0.000231
0.000226
0.000221
0.000219
0.000218
0.000217
0.000218
0.000220
0.000222
0.000226
0.000231
0.000235
0.000240
0.000245
0.000251
0.000257
0.000265
0.000274
0.000285
0.000297
0.000311
0.000325
0.000340
0.000355
0.000369
0.000383
0.000397
0.000410
0.000421
0.000432
0.000441
0.000451
0.000458
0.000468
0.000476
0.000484
0.000490
0.000496
0.000502
0.000505
0.000507
0.000507
0.000504
0.000500
0.000494
0.000485
0.000475
0.000464
0.000451
0.000437
0.000423
0.000407
0.000389
0.000372
0.000352
0.000331
0.000310
0.000286
0.000260
0.000233
0.000203
0.000172
0.000137
0.000104
0.000069
0.000034
-0.000001
-0.000035
-0.000070
-0.000104
-0.000138
-0.000171
-0.000204
-0.000237
-0.000270
-0.000303
-0.000333
-0.000363
-0.000392
-0.000419
-0.000442
-0.000463
-0.000481
-0.000496
-0.000508
-0.000516
-0.000520
-0.000521
-0.000519
-0.000513
-0.000506
-0.000494
-0.000479
-0.000461
-0.000441
-0.000417
-0.000389
-0.000357
-0.000321
-0.000280
-0.000238
-0.000194
-0.000145
-0.000094
-0.000043
0.000008
0.000060
0.000112
0.000163
0.000215
0.000266
0.000317
0.000367
0.000415
0.000461
0.000507
0.000549
0.000589
0.000627
0.000659
0.000687
0.000710
0.000728
0.000741
0.000751
0.000756
0.000756
0.000753
0.000745
0.000733
0.000717
0.000698
0.000675
0.000649
0.000619
0.000587
0.000551
0.000512
0.000471
0.000428
0.000383
0.000337
0.000291
0.000245
0.000200
0.000156
0.000115
0.000075
0.000038
0.000003
-0.000031
-0.000061
-0.000091
-0.000118
-0.000143
-0.000164
-0.000182
-0.000197
-0.000209
-0.000217
-0.000220
-0.000219
-0.000215
-0.000208
-0.000196
-0.000183
-0.000166
-0.000148
-0.000128
-0.000108
-0.000087
-0.000066
-0.000044
-0.000022
-0.000000
0.000022
0.000046
0.000069
0.000093
0.000116
0.000138
0.000157
0.000174
0.000190
0.000202
0.000213
0.000221
0.000228
0.000232
0.000234
0.000235
0.000234
0.000232
0.000229
0.000225
0.000219
0.000215
0.000208
0.000200
0.000190
0.000180
0.000168
0.000156
0.000143
0.000130
0.000117
0.000106
0.000096
0.000086
0.000077
0.000069
0.000062
0.000057
0.000051
0.000045
0.000040
0.000035
0.000030
0.000023
0.000020
0.000014
0.000011
0.000007
0.000004
0.000000
-0.000002
-0.000006
-0.000010
-0.000013
-0.000020
-0.000026
-0.000035
-0.000045
-0.000057
-0.000070
-0.000084
-0.000099
-0.000114
-0.000130
-0.000146
-0.000163
-0.000179
-0.000196
-0.000213
-0.000229
-0.000245
-0.000262
-0.000278
-0.000294
-0.000310
-0.000324
-0.000336
-0.000348
-0.000356
-0.000363
-0.000366
-0.000367
-0.000366
-0.000362
-0.000355
-0.000346
-0.000335
-0.000321
-0.000307
-0.000291
-0.000274
-0.000256
-0.000237
-0.000214
-0.000190
-0.000166
-0.000140
-0.000113
-0.000085
-0.000058
-0.000030
-0.000004
0.000021
0.000045
0.000066
0.000085
0.000102
0.000117
0.000130
0.000139
0.000147
0.000153
0.000156
0.000158
0.000156
0.000151
0.000144
0.000133
0.000121
0.000104
0.000084
0.000062
0.000038
0.000012
-0.000016
-0.000046
-0.000074
-0.000101
-0.000130
-0.000159
-0.000187
-0.000214
-0.000239
-0.000265
-0.000288
-0.000309
-0.000331
-0.000350
-0.000367
-0.000382
-0.000394
-0.000403
-0.000410
-0.000412
-0.000411
-0.000407
-0.000400
-0.000391
-0.000379
-0.000366
-0.000350
-0.000332
-0.000313
-0.000292
-0.000270
-0.000246
-0.000221
-0.000195
-0.000168
-0.000140
-0.000110
-0.000080
-0.000049
-0.000019
0.000012
0.000041
0.000069
0.000095
0.000120
0.000143
0.000164
0.000184
0.000203
0.000221
0.000239
0.000255
0.000268
0.000281
0.000291
0.000302
0.000309
0.000314
0.000317
0.000318
0.000316
0.000312
0.000307
0.000300
0.000293
0.000284
0.000274
0.000265
0.000254
0.000244
0.000232
0.000218
0.000205
0.000189
0.000174
0.000156
0.000138
0.000119
0.000099
0.000080
0.000061
0.000043
0.000025
0.000006
-0.000011
-0.000027
-0.000045
-0.000061
-0.000078
-0.000095
-0.000112
-0.000130
-0.000146
-0.000162
-0.000177
-0.000191
-0.000204
-0.000215
-0.000224
-0.000232
-0.000239
-0.000244
-0.000248
-0.000252
-0.000256
-0.000260
-0.000262
-0.000265
-0.000268
-0.000270
-0.000273
-0.000274
-0.000275
-0.000276
-0.000276
-0.000276
-0.000275
-0.000274
-0.000274
-0.000273
-0.000275
-0.000278
-0.000281
-0.000286
-0.000293
-0.000302
-0.000311
-0.000320
-0.000331
-0.000343
-0.000354
-0.000365
-0.000376
-0.000387
-0.000399
-0.000412
-0.000426
-0.000441
-0.000457
-0.000473
-0.000488
-0.000503
-0.000517
-0.000528
-0.000538
-0.000547
-0.000553
-0.000558
-0.000561
-0.000562
-0.000561
-0.000559
-0.000555
-0.000549
-0.000541
-0.000532
-0.000520
-0.000506
-0.000492
-0.000474
-0.000455
-0.000433
-0.000409
-0.000383
-0.000354
-0.000325
-0.000296
-0.000268
-0.000238
-0.000210
-0.000183
-0.000156
-0.000129
-0.000102
-0.000075
-0.000049
-0.000023
0.000002
0.000028
0.000053
0.000075
0.000097
0.000117
0.000136
0.000153
0.000169
0.000183
0.000196
0.000207
0.000216
0.000226
0.000236
0.000246
0.000256
0.000266
0.000276
0.000286
0.000296
0.000306
0.000314
0.000322
0.000330
0.000337
0.000345
0.000352
0.000361
0.000369
0.000377
0.000385
0.000393
0.000401
0.000410
0.000417
0.000423
0.000428
0.000431
0.000432
0.000430
0.000426
0.000421
0.000415
0.000405
0.000393
0.000380
0.000364
0.000348
0.000330
0.000309
0.000286
0.000262
0.000234
0.000205
0.000174
0.000143
0.000109
0.000077
0.000043
0.000010
-0.000023
-0.000054
-0.000084
-0.000112
-0.000136
-0.000160
-0.000180
-0.000198
-0.000215
-0.000229
-0.000239
-0.000248
-0.000252
-0.000252
-0.000249
-0.000242
-0.000230
-0.000214
-0.000193
-0.000168
-0.000140
-0.000109
-0.000073
-0.000037
0.000002
0.000041
0.000081
0.000123
0.000165
0.000207
0.000251
0.000295
0.000339
0.000381
0.000424
0.000464
0.000503
0.000540
0.000573
0.000603
0.000629
0.000650
0.000668
0.000680
0.000688
0.000692
0.000691
0.000687
0.000679
0.000668
0.000655
0.000637
0.000616
0.000593
0.000569
0.000539
0.000508
0.000473
0.000437
0.000400
0.000361
0.000321
0.000280
0.000241
0.000203
0.000165
0.000129
0.000096
0.000064
0.000035
0.000007
-0.000019
-0.000043
-0.000066
-0.000086
-0.000105
-0.000120
-0.000133
-0.000143
-0.000149
-0.000152
-0.000151
-0.000149
-0.000145
-0.000138
-0.000129
-0.000118
-0.000107
-0.000095
-0.000082
-0.000070
-0.000057
-0.000044
-0.000031
-0.000019
-0.000006
0.000007
0.000019
0.000031
0.000041
0.000050
0.000057
0.000061
0.000062
0.000061
0.000057
0.000049
0.000041
0.000030
0.000018
0.000003
-0.000013
-0.000030
-0.000049
-0.000068
-0.000088
-0.000110
-0.000133
-0.000157
-0.000182
-0.000209
-0.000236
-0.000263
-0.000290
-0.000315
-0.000341
-0.000363
-0.000384
-0.000401
-0.000417
-0.000431
-0.000442
-0.000451
-0.000457
-0.000461
-0.000464
-0.000464
-0.000461
-0.000457
-0.000448
-0.000436
-0.000421
-0.000403
-0.000382
-0.000357
-0.000330
-0.000300
-0.000266
-0.000231
-0.000196
-0.000160
-0.000123
-0.000086
-0.000050
-0.000013
0.000024
0.000060
0.000096
0.000130
0.000164
0.000197
0.000229
0.000257
0.000284
0.000308
0.000328
0.000345
0.000357
0.000366
0.000371
0.000372
0.000370
0.000363
0.000356
0.000344
0.000331
0.000314
0.000296
0.000275
0.000252
0.000226
0.000197
0.000166
0.000134
0.000099
0.000063
0.000027
-0.000008
-0.000043
-0.000077
-0.000110
-0.000140
-0.000167
-0.000193
-0.000217
-0.000240
-0.000260
-0.000278
-0.000295
-0.000309
-0.000321
-0.000330
-0.000336
-0.000339
-0.000339
-0.000336
-0.000331
-0.000322
-0.000310
-0.000297
-0.000283
-0.000266
-0.000250
-0.000233
-0.000216
-0.000200
-0.000184
-0.000168
-0.000154
-0.000139
-0.000126
-0.000112
-0.000099
-0.000086
-0.000075
-0.000065
-0.000057
-0.000053
-0.000050
-0.000049
-0.000050
-0.000054
-0.000061
-0.000068
-0.000076
-0.000085
-0.000094
-0.000106
-0.000116
-0.000126
-0.000136
-0.000147
-0.000157
-0.000167
-0.000177
-0.000185
-0.000193
-0.000199
-0.000205
-0.000209
-0.000210
-0.000208
-0.000203
-0.000195
-0.000185
-0.000171
-0.000153
-0.000135
-0.000114
-0.000091
-0.000066
-0.000039
-0.000012
0.000017
0.000047
0.000078
0.000110
0.000143
0.000178
0.000212
0.000247
0.000281
0.000314
0.000345
0.000375
0.000402
0.000428
0.000449
0.000467
0.000482
0.000494
0.000503
0.000507
0.000509
0.000508
0.000505
0.000497
0.000487
0.000474
0.000458
0.000438
0.000415
0.000389
0.000360
0.000327
0.000293
0.000257
0.000221
0.000182
0.000144
0.000107
0.000070
0.000035
0.000002
-0.000031
-0.000062
-0.000090
-0.000118
-0.000143
-0.000166
-0.000186
-0.000203
-0.000216
-0.000227
-0.000233
-0.000235
-0.000233
-0.000226
-0.000215
-0.000201
-0.000184
-0.000163
-0.000141
-0.000116
-0.000090
-0.000063
-0.000033
-0.000003
0.000028
0.000062
0.000096
0.000131
0.000165
0.000200
0.000235
0.000268
0.000299
0.000329
0.000356
0.000381
0.000403
0.000422
0.000437
0.000449
0.000460
0.000467
0.000472
0.000475
0.000475
0.000474
0.000471
0.000466
0.000459
0.000449
0.000438
0.000423
0.000408
0.000390
0.000371
0.000351
0.000330
0.000310
0.000290
0.000272
0.000255
0.000237
0.000222
0.000207
0.000193
0.000180
0.000168
0.000157
0.000146
0.000137
0.000127
0.000118
0.000110
0.000104
0.000099
0.000094
0.000092
0.000090
0.000089
0.000088
0.000085
0.000083
0.000080
0.000074
0.000068
0.000061
0.000052
0.000042
0.000031
0.000019
0.000006
-0.000009
-0.000023
-0.000040
-0.000057
-0.000075
-0.000095
-0.000116
-0.000139
-0.000163
-0.000188
-0.000213
-0.000239
-0.000265
-0.000292
-0.000318
-0.000342
-0.000365
-0.000387
-0.000407
-0.000427
-0.000444
-0.000461
-0.000476
-0.000489
-0.000502
-0.000513
-0.000520
-0.000528
-0.000531
-0.000533
-0.000532
-0.000527
-0.000520
-0.000510
-0.000498
-0.000485
-0.000469
-0.000451
-0.000432
-0.000413
-0.000391
-0.000370
-0.000347
-0.000323
-0.000298
-0.000274
-0.000248
-0.000223
-0.000198
-0.000171
-0.000147
-0.000122
-0.000100
-0.000079
-0.000060
-0.000042
-0.000026
-0.000012
0.000001
0.000011
0.000021
0.000030
0.000038
0.000045
0.000052
0.000057
0.000062
0.000065
0.000068
0.000069
0.000070
0.000069
0.000067
0.000065
0.000062
0.000060
0.000058
0.000057
0.000058
0.000060
0.000062
0.000066
0.000070
0.000076
0.000081
0.000088
0.000094
0.000101
0.000107
0.000113
0.000120
0.000129
0.000137
0.000146
0.000156
0.000168
0.000180
0.000193
0.000205
0.000217
0.000228
0.000239
0.000247
0.000254
0.000260
0.000264
0.000269
0.000273
0.000276
0.000276
0.000277
0.000277
0.000277
0.000276
0.000274
0.000270
0.000266
0.000260
0.000252
0.000244
0.000235
0.000226
0.000217
0.000208
0.000199
0.000189
0.000181
0.000174
0.000167
0.000161
0.000156
0.000150
0.000146
0.000142
0.000139
0.000134
0.000131
0.000128
0.000127
0.000126
0.000126
0.000127
0.000129
0.000132
0.000135
0.000139
0.000143
0.000147
0.000149
0.000151
0.000153
0.000154
0.000153
0.000152
0.000150
0.000148
0.000145
0.000142
0.000139
0.000135
0.000130
0.000124
0.000117
0.000109
0.000100
0.000088
0.000075
0.000060
0.000045
0.000029
0.000013
-0.000003
-0.000018
-0.000034
-0.000049
-0.000064
-0.000079
-0.000093
-0.000106
-0.000119
-0.000133
-0.000147
-0.000161
-0.000175
-0.000187
-0.000198
-0.000208
-0.000215
-0.000221
-0.000225
-0.000227
-0.000227
-0.000226
-0.000224
-0.000219
-0.000215
-0.000209
-0.000202
-0.000195
-0.000186
-0.000176
-0.000166
-0.000154
-0.000142
-0.000128
-0.000113
-0.000098
-0.000083
-0.000067
-0.000053
-0.000038
-0.000025
-0.000013
-0.000002
0.000007
0.000016
0.000024
0.000030
0.000036
0.000041
0.000045
0.000050
0.000053
0.000055
0.000056
0.000056
0.000055
0.000053
0.000048
0.000042
0.000035
0.000027
0.000018
0.000010
0.000000
-0.000008
-0.000016
-0.000023
-0.000030
-0.000036
-0.000043
-0.000046
-0.000051
-0.000055
-0.000060
-0.000064
-0.000068
-0.000070
-0.000072
-0.000071
-0.000070
-0.000066
-0.000060
-0.000052
-0.000042
-0.000030
-0.000017
-0.000003
0.000013
0.000030
0.000046
0.000063
0.000082
0.000101
0.000121
0.000145
0.000169
0.000193
0.000220
0.000248
0.000276
0.000305
0.000335
0.000362
0.000389
0.000415
0.000438
0.000461
0.000483
0.000502
0.000520
0.000538
0.000554
0.000569
0.000582
0.000595
0.000604
0.000611
0.000615
0.000617
0.000615
0.000610
0.000600
0.000588
0.000573
0.000554
0.000533
0.000510
0.000485
0.000458
0.000428
0.000397
0.000365
0.000331
0.000295
0.000256
0.000215
0.000172
0.000129
0.000083
0.000036
-0.000010
-0.000057
-0.000104
-0.000149
-0.000193
-0.000237
-0.000279
-0.000319
-0.000357
-0.000393
-0.000428
-0.000462
-0.000493
-0.000524
-0.000551
-0.000577
-0.000598
-0.000616
-0.000631
-0.000641
-0.000648
-0.000651
-0.000650
-0.000646
-0.000639
-0.000629
-0.000617
-0.000602
-0.000585
-0.000565
-0.000545
-0.000520
-0.000492
-0.000463
-0.000432
-0.000397
-0.000362
-0.000323
-0.000283
-0.000243
-0.000203
-0.000163
-0.000122
-0.000082
-0.000043
-0.000006
0.000031
0.000068
0.000103
0.000137
0.000170
0.000202
0.000232
0.000260
0.000284
0.000308
0.000328
0.000343
0.000357
0.000365
0.000370
0.000372
0.000369
0.000365
0.000358
0.000347
0.000335
0.000320
0.000305
0.000286
0.000265
0.000242
0.000217
0.000190
0.000161
0.000129
0.000096
0.000062
0.000029
-0.000005
-0.000039
-0.000072
-0.000101
-0.000130
-0.000157
-0.000181
-0.000204
-0.000226
-0.000246
-0.000264
-0.000280
-0.000296
-0.000308
-0.000318
-0.000326
-0.000331
-0.000333
-0.000331
-0.000326
-0.000317
-0.000304
-0.000289
-0.000272
-0.000255
-0.000235
-0.000213
-0.000191
-0.000169
-0.000145
-0.000121
-0.000097
-0.000073
-0.000049
-0.000024
0.000001
0.000026
0.000051
0.000075
0.000098
0.000121
0.000142
0.000161
0.000177
0.000191
0.000203
0.000213
0.000222
0.000230
0.000236
0.000242
0.000247
0.000251
0.000255
0.000256
0.000259
0.000260
0.000260
0.000258
0.000255
0.000251
0.000247
0.000241
0.000236
0.000230
0.000226
0.000221
0.000217
0.000212
0.000206
0.000200
0.000194
0.000187
0.000178
0.000168
0.000156
0.000145
0.000131
0.000116
0.000102
0.000085
0.000069
0.000050
0.000030
0.000010
-0.000012
-0.000036
-0.000060
-0.000089
-0.000118
-0.000148
-0.000180
-0.000213
-0.000247
-0.000280
-0.000313
-0.000347
-0.000379
-0.000409
-0.000439
-0.000466
-0.000492
-0.000516
-0.000539
-0.000559
-0.000578
-0.000595
-0.000610
-0.000623
-0.000630
-0.000635
-0.000637
-0.000634
-0.000627
-0.000615
-0.000598
-0.000578
-0.000553
-0.000523
-0.000492
-0.000458
-0.000421
-0.000382
-0.000341
-0.000298
-0.000252
-0.000205
-0.000156
-0.000106
-0.000055
-0.000005
0.000048
0.000099
0.000150
0.000198
0.000245
0.000288
0.000329
0.000365
0.000399
0.000429
0.000455
0.000479
0.000498
0.000514
0.000528
0.000536
0.000542
0.000543
0.000540
0.000532
0.000522
0.000505
0.000485
0.000460
0.000432
0.000401
0.000366
0.000329
0.000291
0.000251
0.000210
0.000169
0.000127
0.000083
0.000039
-0.000005
-0.000050
-0.000095
-0.000141
-0.000186
-0.000231
-0.000275
-0.000318
-0.000359
-0.000400
-0.000439
-0.000474
-0.000507
-0.000539
-0.000570
-0.000599
-0.000626
-0.000651
-0.000676
-0.000698
-0.000719
-0.000737
-0.000754
-0.000768
-0.000780
-0.000787
-0.000792
-0.000794
-0.000793
-0.000789
-0.000784
-0.000776
-0.000764
-0.000752
-0.000737
-0.000720
-0.000701
-0.000680
-0.000657
-0.000632
-0.000603
-0.000572
-0.000539
-0.000504
-0.000466
-0.000426
-0.000386
-0.000344
-0.000304
-0.000264
-0.000223
-0.000184
-0.000145
-0.000107
-0.000069
-0.000032
0.000003
0.000037
0.000071
0.000103
0.000133
0.000163
0.000189
0.000212
0.000232
0.000248
0.000260
0.000268
0.000273
0.000277
0.000276
0.000272
0.000266
0.000257
0.000246
0.000231
0.000216
0.000198
0.000178
0.000154
0.000129
0.000102
0.000073
0.000043
0.000012
-0.000020
-0.000050
-0.000081
-0.000111
-0.000139
-0.000166
-0.000192
-0.000216
-0.000237
-0.000258
-0.000276
-0.000293
-0.000308
-0.000321
-0.000331
-0.000340
-0.000347
-0.000349
-0.000351
-0.000349
-0.000344
-0.000335
-0.000325
-0.000311
-0.000296
-0.000278
-0.000261
-0.000241
-0.000220
-0.000199
-0.000176
-0.000153
-0.000130
-0.000106
-0.000080
-0.000055
-0.000029
-0.000003
0.000022
0.000046
0.000070
0.000092
0.000114
0.000133
0.000150
0.000164
0.000176
0.000188
0.000197
0.000205
0.000211
0.000218
0.000223
0.000226
0.000227
0.000226
0.000226
0.000223
0.000217
0.000210
0.000202
0.000191
0.000180
0.000168
0.000156
0.000144
0.000132
0.000120
0.000108
0.000098
0.000086
0.000074
0.000062
0.000051
0.000039
0.000027
0.000014
0.000002
-0.000009
-0.000020
-0.000030
-0.000038
-0.000045
-0.000050
-0.000054
-0.000057
-0.000059
-0.000060
-0.000060
-0.000058
-0.000058
-0.000056
-0.000055
-0.000054
-0.000053
-0.000051
-0.000048
-0.000044
-0.000039
-0.000033
-0.000026
-0.000020
-0.000012
-0.000004
0.000003
0.000009
0.000015
0.000020
0.000024
0.000027
0.000030
0.000033
0.000037
0.000040
0.000044
0.000048
0.000053
0.000058
0.000065
0.000071
0.000077
0.000081
0.000086
0.000089
0.000093
0.000098
0.000101
0.000107
0.000111
0.000116
0.000123
0.000130
0.000139
0.000148
0.000158
0.000168
0.000177
0.000185
0.000195
0.000203
0.000211
0.000219
0.000227
0.000234
0.000242
0.000250
0.000258
0.000266
0.000273
0.000280
0.000287
0.000291
0.000294
0.000296
0.000296
0.000295
0.000292
0.000288
0.000284
0.000278
0.000272
0.000265
0.000259
0.000252
0.000244
0.000234
0.000224
0.000213
0.000200
0.000185
0.000169
0.000154
0.000138
0.000121
0.000106
0.000089
0.000074
0.000060
0.000048
0.000036
0.000027
0.000018
0.000010
0.000003
-0.000002
-0.000007
-0.000012
-0.000017
-0.000020
-0.000021
-0.000021
-0.000019
-0.000016
-0.000010
-0.000004
0.000003
0.000012
0.000020
0.000029
0.000039
0.000048
0.000054
0.000061
0.000066
0.000070
0.000074
0.000076
0.000078
0.000079
0.000079
0.000078
0.000074
0.000068
0.000060
0.000051
0.000038
0.000023
0.000005
-0.000014
-0.000036
-0.000060
-0.000086
-0.000113
-0.000139
-0.000166
-0.000192
-0.000219
-0.000245
-0.000272
-0.000301
-0.000327
-0.000354
-0.000380
-0.000407
-0.000433
-0.000456
-0.000478
-0.000497
-0.000515
-0.000528
-0.000539
-0.000548
-0.000554
-0.000556
-0.000555
-0.000552
-0.000547
-0.000540
-0.000533
-0.000524
-0.000512
-0.000498
-0.000482
-0.000464
-0.000443
-0.000420
-0.000395
-0.000369
-0.000340
-0.000310
-0.000279
-0.000246
-0.000215
-0.000184
-0.000152
-0.000120
-0.000090
-0.000061
-0.000031
-0.000001
0.000027
0.000057
0.000086
0.000115
0.000143
0.000171
0.000196
0.000219
0.000240
0.000260
0.000277
0.000292
0.000305
0.000316
0.000325
0.000332
0.000338
0.000343
0.000348
0.000350
0.000351
0.000351
0.000348
0.000343
0.000335
0.000326
0.000315
0.000301
0.000288
0.000273
0.000257
0.000239
0.000222
0.000205
0.000188
0.000169
0.000151
0.000134
0.000117
0.000100
0.000082
0.000064
0.000047
0.000031
0.000016
0.000001
-0.000011
-0.000020
-0.000028
-0.000033
-0.000035
-0.000034
-0.000031
-0.000026
-0.000020
-0.000011
-0.000002
0.000011
0.000023
0.000037
0.000054
0.000071
0.000090
0.000112
0.000135
0.000159
0.000186
0.000213
0.000240
0.000268
0.000296
0.000323
0.000348
0.000370
0.000391
0.000410
0.000428
0.000445
0.000460
0.000473
0.000485
0.000495
0.000501
0.000507
0.000510
0.000511
0.000509
0.000503
0.000493
0.000481
0.000467
0.000450
0.000431
0.000412
0.000391
0.000369
0.000347
0.000325
0.000302
0.000279
0.000257
0.000236
0.000213
0.000191
0.000170
0.000149
0.000129
0.000112
0.000096
0.000083
0.000072
0.000064
0.000058
0.000057
0.000057
0.000059
0.000065
0.000072
0.000081
0.000092
0.000103
0.000115
0.000128
0.000142
0.000157
0.000173
0.000191
0.000209
0.000229
0.000249
0.000269
0.000287
0.000306
0.000322
0.000336
0.000349
0.000359
0.000366
0.000371
0.000375
0.000377
0.000377
0.000375
0.000373
0.000369
0.000364
0.000357
0.000347
0.000335
0.000320
0.000301
0.000282
0.000260
0.000237
0.000212
0.000188
0.000161
0.000135
0.000108
0.000083
0.000058
0.000034
0.000010
-0.000013
-0.000036
-0.000059
-0.000081
-0.000103
-0.000125
-0.000146
-0.000165
-0.000184
-0.000200
-0.000215
-0.000227
-0.000237
-0.000245
-0.000250
-0.000255
-0.000257
-0.000260
-0.000261
-0.000262
-0.000262
-0.000260
-0.000259
-0.000255
-0.000252
-0.000245
-0.000238
-0.000231
-0.000222
-0.000212
-0.000200
-0.000187
-0.000175
-0.000162
-0.000151
-0.000140
-0.000129
-0.000118
-0.000107
-0.000096
-0.000084
-0.000072
-0.000060
-0.000047
-0.000033
-0.000019
-0.000006
0.000008
0.000021
0.000033
0.000044
0.000053
0.000061
0.000067
0.000074
0.000079
0.000084
0.000087
0.000091
0.000094
0.000096
0.000097
0.000098
0.000097
0.000095
0.000092
0.000086
0.000077
0.000067
0.000056
0.000043
0.000028
0.000014
-0.000000
-0.000014
-0.000029
-0.000043
-0.000057
-0.000070
-0.000084
-0.000098
-0.000112
-0.000126
-0.000139
-0.000151
-0.000162
-0.000172
-0.000180
-0.000186
-0.000189
-0.000190
-0.000189
-0.000186
-0.000179
-0.000171
-0.000161
-0.000148
-0.000134
-0.000120
-0.000101
-0.000083
-0.000062
-0.000040
-0.000017
0.000009
0.000036
0.000065
0.000094
0.000125
0.000158
0.000190
0.000221
0.000251
0.000280
0.000308
0.000333
0.000359
0.000382
0.000403
0.000422
0.000440
0.000456
0.000470
0.000482
0.000492
0.000500
0.000505
0.000506
0.000504
0.000496
0.000487
0.000473
0.000456
0.000437
0.000417
0.000395
0.000372
0.000346
0.000321
0.000295
0.000269
0.000241
0.000214
0.000186
0.000159
0.000132
0.000105
0.000080
0.000055
0.000032
0.000010
-0.000008
-0.000023
-0.000035
-0.000044
-0.000049
-0.000053
-0.000054
-0.000052
-0.000047
-0.000041
-0.000034
-0.000024
-0.000014
-0.000001
0.000013
0.000027
0.000044
0.000063
0.000083
0.000104
0.000125
0.000147
0.000169
0.000191
0.000210
0.000228
0.000243
0.000257
0.000269
0.000279
0.000288
0.000293
0.000297
0.000299
0.000300
0.000300
0.000298
0.000293
0.000286
0.000276
0.000263
0.000247
0.000228
0.000208
0.000186
0.000162
0.000138
0.000113
0.000089
0.000064
0.000039
0.000015
-0.000009
-0.000032
-0.000055
-0.000078
-0.000101
-0.000123
-0.000145
-0.000167
-0.000188
-0.000206
-0.000222
-0.000236
-0.000248
-0.000256
-0.000264
-0.000269
-0.000271
-0.000272
-0.000271
-0.000271
-0.000269
-0.000267
-0.000263
-0.000259
-0.000254
-0.000249
-0.000242
-0.000234
-0.000226
-0.000216
-0.000205
-0.000194
-0.000183
-0.000171
-0.000159
-0.000149
-0.000140
-0.000130
-0.000121
-0.000114
-0.000107
-0.000101
-0.000095
-0.000089
-0.000085
-0.000079
-0.000074
-0.000069
-0.000065
-0.000061
-0.000058
-0.000057
-0.000057
-0.000058
-0.000059
-0.000062
-0.000065
-0.000069
-0.000073
-0.000076
-0.000079
-0.000081
-0.000083
-0.000084
-0.000085
-0.000086
-0.000087
-0.000089
-0.000092
-0.000095
-0.000097
-0.000099
-0.000100
-0.000100
-0.000099
-0.000096
-0.000093
-0.000088
-0.000082
-0.000076
-0.000068
-0.000061
-0.000053
-0.000044
-0.000035
-0.000027
-0.000017
-0.000008
0.000001
0.000012
0.000023
0.000034
0.000046
0.000058
0.000071
0.000084
0.000096
0.000108
0.000118
0.000126
0.000133
0.000139
0.000143
0.000147
0.000148
0.000148
0.000147
0.000146
0.000144
0.000140
0.000135
0.000128
0.000119
0.000108
0.000095
0.000081
0.000063
0.000045
0.000024
0.000002
-0.000020
-0.000043
-0.000066
-0.000090
-0.000112
-0.000134
-0.000155
-0.000177
-0.000197
-0.000218
-0.000239
-0.000257
-0.000274
-0.000290
-0.000305
-0.000316
-0.000325
-0.000333
-0.000336
-0.000336
-0.000333
-0.000326
-0.000316
-0.000305
-0.000290
-0.000273
-0.000254
-0.000234
-0.000211
-0.000187
-0.000161
-0.000133
-0.000104
-0.000072
-0.000040
-0.000005
0.000029
0.000063
0.000099
0.000133
0.000166
0.000198
0.000227
0.000253
0.000276
0.000297
0.000315
0.000331
0.000343
0.000354
0.000361
0.000365
0.000367
0.000366
0.000360
0.000350
0.000337
0.000320
0.000299
0.000275
0.000247
0.000216
0.000184
0.000147
0.000109
0.000070
0.000030
-0.000012
-0.000053
-0.000094
-0.000135
-0.000176
-0.000218
-0.000258
-0.000299
-0.000338
-0.000374
-0.000411
-0.000446
-0.000478
-0.000507
-0.000533
-0.000556
-0.000575
-0.000590
-0.000602
-0.000612
-0.000619
-0.000622
-0.000622
-0.000620
-0.000615
-0.000609
-0.000598
-0.000586
-0.000572
-0.000554
-0.000532
-0.000510
-0.000484
-0.000455
-0.000424
-0.000392
-0.000360
-0.000328
-0.000295
-0.000262
-0.000228
-0.000194
-0.000159
-0.000124
-0.000089
-0.000055
-0.000020
0.000015
0.000049
0.000084
0.000116
0.000148
0.000178
0.000206
0.000231
0.000255
0.000276
0.000295
0.000312
0.000326
0.000341
0.000354
0.000367
0.000377
0.000386
0.000394
0.000399
0.000404
0.000405
0.000406
0.000404
0.000401
0.000396
0.000390
0.000383
0.000376
0.000368
0.000361
0.000353
0.000346
0.000338
0.000330
0.000322
0.000313
0.000304
0.000293
0.000281
0.000268
0.000258
0.000245
0.000233
0.000221
0.000209
0.000200
0.000191
0.000183
0.000176
0.000169
0.000161
0.000156
0.000148
0.000141
0.000134
0.000129
0.000122
0.000117
0.000112
0.000109
0.000107
0.000106
0.000106
0.000108
0.000111
0.000115
0.000119
0.000124
0.000128
0.000134
0.000139
0.000144
0.000149
0.000155
0.000162
0.000169
0.000176
0.000183
0.000191
0.000199
0.000207
0.000215
0.000221
0.000226
0.000230
0.000233
0.000234
0.000233
0.000232
0.000228
0.000223
0.000219
0.000212
0.000205
0.000195
0.000185
0.000173
0.000160
0.000144
0.000126
0.000107
0.000085
0.000061
0.000036
0.000009
-0.000019
-0.000048
-0.000077
-0.000105
-0.000132
-0.000158
-0.000185
-0.000211
-0.000236
-0.000261
-0.000285
-0.000308
-0.000330
-0.000350
-0.000367
-0.000383
-0.000395
-0.000405
-0.000409
-0.000411
-0.000410
-0.000405
-0.000398
-0.000386
-0.000373
-0.000357
-0.000338
-0.000317
-0.000294
-0.000268
-0.000241
-0.000212
-0.000181
-0.000148
-0.000113
-0.000078
-0.000041
-0.000002
0.000036
0.000075
0.000111
0.000147
0.000181
0.000211
0.000240
0.000266
0.000290
0.000311
0.000328
0.000344
0.000356
0.000367
0.000375
0.000380
0.000383
0.000381
0.000376
0.000368
0.000356
0.000341
0.000324
0.000303
0.000280
0.000255
0.000228
0.000201
0.000174
0.000146
0.000117
0.000088
0.000061
0.000033
0.000005
-0.000023
-0.000049
-0.000077
-0.000102
-0.000125
-0.000146
-0.000165
-0.000180
-0.000193
-0.000202
-0.000208
-0.000211
-0.000212
-0.000210
-0.000206
-0.000200
-0.000192
-0.000183
-0.000172
-0.000161
-0.000147
-0.000132
-0.000116
-0.000099
-0.000082
-0.000062
-0.000042
-0.000023
-0.000003
0.000016
0.000034
0.000051
0.000065
0.000079
0.000090
0.000100
0.000109
0.000116
0.000122
0.000127
0.000131
0.000136
0.000139
0.000143
0.000144
0.000145
0.000145
0.000145
0.000143
0.000139
0.000135
0.000131
0.000128
0.000125
0.000124
0.000124
0.000126
0.000130
0.000137
0.000144
0.000153
0.000163
0.000175
0.000188
0.000202
0.000218
0.000235
0.000254
0.000273
0.000295
0.000317
0.000343
0.000370
0.000399
0.000429
0.000460
0.000491
0.000522
0.000553
0.000582
0.000610
0.000635
0.000659
0.000680
0.000699
0.000718
0.000736
0.000751
0.000763
0.000773
0.000782
0.000788
0.000791
0.000790
0.000786
0.000777
0.000766
0.000749
0.000730
0.000706
0.000681
0.000653
0.000622
0.000591
0.000557
0.000521
0.000484
0.000447
0.000407
0.000365
0.000321
0.000277
0.000231
0.000185
0.000138
0.000090
0.000045
-0.000001
-0.000045
-0.000088
-0.000128
-0.000166
-0.000202
-0.000236
-0.000267
-0.000298
-0.000326
-0.000354
-0.000380
-0.000403
-0.000424
-0.000441
-0.000457
-0.000470
-0.000479
-0.000486
-0.000490
-0.000492
-0.000492
-0.000490
-0.000488
-0.000484
-0.000478
-0.000472
-0.000465
-0.000459
-0.000453
-0.000445
-0.000437
-0.000427
-0.000417
-0.000405
-0.000394
-0.000382
-0.000370
-0.000359
-0.000348
-0.000337
-0.000327
-0.000319
-0.000311
-0.000302
-0.000295
-0.000288
-0.000280
-0.000272
-0.000263
-0.000253
-0.000244
-0.000233
-0.000222
-0.000212
-0.000202
-0.000191
-0.000181
-0.000172
-0.000164
-0.000155
-0.000147
-0.000138
-0.000130
-0.000121
-0.000111
-0.000100
-0.000088
-0.000077
-0.000067
-0.000056
-0.000047
-0.000039
-0.000033
-0.000028
-0.000024
-0.000021
-0.000019
-0.000017
-0.000016
-0.000014
-0.000012
-0.000008
-0.000005
-0.000004
-0.000003
-0.000002
-0.000002
-0.000003
-0.000005
-0.000009
-0.000012
-0.000014
-0.000017
-0.000020
-0.000020
-0.000020
-0.000019
-0.000016
-0.000011
-0.000006
0.000000
0.000007
0.000016
0.000024
0.000033
0.000043
0.000053
0.000066
0.000079
0.000092
0.000109
0.000126
0.000144
0.000164
0.000186
0.000207
0.000230
0.000250
0.000270
0.000290
0.000309
0.000327
0.000345
0.000361
0.000376
0.000390
0.000402
0.000413
0.000424
0.000432
0.000440
0.000445
0.000449
0.000449
0.000447
0.000441
0.000432
0.000422
0.000410
0.000395
0.000378
0.000361
0.000343
0.000323
0.000302
0.000281
0.000259
0.000235
0.000210
0.000183
0.000156
0.000128
0.000099
0.000069
0.000040
0.000010
-0.000018
-0.000044
-0.000069
-0.000091
-0.000112
-0.000131
-0.000148
-0.000165
-0.000179
-0.000192
-0.000205
-0.000217
-0.000228
-0.000237
-0.000246
-0.000253
-0.000259
-0.000262
-0.000263
-0.000263
-0.000260
-0.000257
-0.000253
-0.000248
-0.000244
-0.000238
-0.000233
-0.000228
-0.000224
-0.000218
-0.000212
-0.000206
-0.000200
-0.000194
-0.000188
-0.000181
-0.000174
-0.000166
-0.000160
-0.000153
-0.000146
-0.000139
-0.000134
-0.000131
-0.000128
-0.000124
-0.000120
-0.000117
-0.000113
-0.000109
-0.000104
-0.000098
-0.000092
-0.000086
-0.000080
-0.000073
-0.000068
-0.000064
-0.000059
-0.000054
-0.000052
-0.000050
-0.000048
-0.000045
-0.000043
-0.000042
-0.000040
-0.000039
-0.000038
-0.000038
-0.000040
-0.000043
-0.000048
-0.000056
-0.000066
-0.000077
-0.000090
-0.000104
-0.000119
-0.000136
-0.000152
-0.000171
-0.000190
-0.000209
-0.000229
-0.000250
-0.000273
-0.000298
-0.000323
-0.000350
-0.000378
-0.000406
-0.000435
-0.000463
-0.000491
-0.000518
-0.000544
-0.000568
-0.000590
-0.000611
-0.000632
-0.000652
-0.000669
-0.000686
-0.000702
-0.000718
-0.000732
-0.000744
-0.000755
-0.000762
-0.000768
-0.000770
-0.000770
-0.000769
-0.000764
-0.000757
-0.000749
-0.000738
-0.000726
-0.000714
-0.000699
-0.000684
-0.000667
-0.000650
-0.000631
-0.000612
-0.000590
-0.000568
-0.000544
-0.000519
-0.000493
-0.000466
-0.000439
-0.000412
-0.000387
-0.000362
-0.000338
-0.000315
-0.000293
-0.000273
-0.000254
-0.000235
-0.000216
-0.000198
-0.000180
-0.000163
-0.000147
-0.000133
-0.000120
-0.000108
-0.000098
-0.000092
-0.000086
-0.000083
-0.000081
-0.000079
-0.000080
-0.000082
-0.000084
-0.000087
-0.000091
-0.000095
-0.000099
-0.000104
-0.000109
-0.000115
-0.000122
-0.000129
-0.000138
-0.000148
-0.000158
-0.000168
-0.000177
-0.000186
-0.000193
-0.000200
-0.000206
-0.000210
-0.000214
-0.000217
-0.000219
-0.000220
-0.000222
-0.000222
-0.000223
-0.000224
-0.000223
-0.000223
-0.000222
-0.000219
-0.000214
-0.000209
-0.000203
-0.000195
-0.000186
-0.000177
-0.000168
-0.000158
-0.000148
-0.000139
-0.000131
-0.000123
-0.000116
-0.000108
-0.000101
-0.000092
-0.000083
-0.000073
-0.000063
-0.000053
-0.000044
-0.000036
-0.000027
-0.000020
-0.000015
-0.000009
-0.000007
-0.000004
-0.000003
-0.000002
-0.000002
-0.000003
-0.000005
-0.000007
-0.000010
-0.000012
-0.000017
-0.000022
-0.000028
-0.000036
-0.000044
-0.000054
-0.000065
-0.000077
-0.000088
-0.000101
-0.000113
-0.000125
-0.000135
-0.000146
-0.000156
-0.000165
-0.000174
-0.000181
-0.000189
-0.000197
-0.000206
-0.000214
-0.000221
-0.000228
-0.000233
-0.000237
-0.000240
-0.000240
-0.000237
-0.000234
-0.000229
-0.000222
-0.000214
-0.000205
-0.000196
-0.000187
-0.000176
-0.000164
-0.000153
-0.000141
-0.000128
-0.000115
-0.000101
-0.000086
-0.000072
-0.000055
-0.000039
-0.000023
-0.000006
0.000009
0.000023
0.000036
0.000047
0.000057
0.000066
0.000075
0.000080
0.000085
0.000089
0.000093
0.000094
0.000095
0.000096
0.000095
0.000093
0.000089
0.000082
0.000073
0.000062
0.000049
0.000035
0.000018
0.000001
-0.000016
-0.000033
-0.000049
-0.000066
-0.000083
-0.000099
-0.000116
-0.000132
-0.000148
-0.000164
-0.000179
-0.000196
-0.000211
-0.000223
-0.000236
-0.000246
-0.000256
-0.000263
-0.000267
-0.000267
-0.000266
-0.000262
-0.000256
-0.000248
-0.000238
-0.000227
-0.000214
-0.000199
-0.000183
-0.000167
-0.000148
-0.000129
-0.000108
-0.000086
-0.000062
-0.000036
-0.000010
0.000017
0.000042
0.000068
0.000093
0.000117
0.000138
0.000158
0.000177
0.000195
0.000211
0.000226
0.000240
0.000252
0.000263
0.000273
0.000280
0.000286
0.000290
0.000293
0.000293
0.000291
0.000286
0.000279
0.000271
0.000263
0.000254
0.000245
0.000236
0.000227
0.000220
0.000212
0.000206
0.000200
0.000193
0.000187
0.000180
0.000173
0.000168
0.000162
0.000157
0.000152
0.000148
0.000147
0.000146
0.000147
0.000149
0.000153
0.000158
0.000165
0.000170
0.000177
0.000183
0.000189
0.000193
0.000199
0.000202
0.000207
0.000210
0.000214
0.000218
0.000223
0.000229
0.000234
0.000239
0.000243
0.000247
0.000251
0.000252
0.000253
0.000255
0.000256
0.000255
0.000255
0.000256
0.000257
0.000257
0.000258
0.000260
0.000262
0.000264
0.000267
0.000270
0.000273
0.000275
0.000277
0.000279
0.000280
0.000280
0.000280
0.000281
0.000282
0.000282
0.000284
0.000284
0.000285
0.000284
0.000283
0.000279
0.000274
0.000266
0.000259
0.000248
0.000237
0.000225
0.000211
0.000196
0.000181
0.000164
0.000147
0.000128
0.000110
0.000090
0.000071
0.000048
0.000026
0.000003
-0.000021
-0.000046
-0.000071
-0.000095
-0.000118
-0.000140
-0.000160
-0.000179
-0.000196
-0.000211
-0.000224
-0.000236
-0.000246
-0.000257
-0.000266
-0.000273
-0.000278
-0.000283
-0.000285
-0.000286
-0.000284
-0.000280
-0.000275
-0.000268
-0.000259
-0.000249
-0.000238
-0.000228
-0.000217
-0.000207
-0.000198
-0.000189
-0.000181
-0.000175
-0.000171
-0.000166
-0.000163
-0.000160
-0.000157
-0.000157
-0.000157
-0.000158
-0.000162
-0.000168
-0.000176
-0.000184
-0.000195
-0.000209
-0.000222
-0.000236
-0.000251
-0.000265
-0.000279
-0.000293
-0.000305
-0.000315
-0.000324
-0.000332
-0.000337
-0.000342
-0.000344
-0.000347
-0.000347
-0.000344
-0.000341
-0.000333
-0.000324
-0.000313
-0.000297
-0.000279
-0.000257
-0.000233
-0.000206
-0.000176
-0.000145
-0.000113
-0.000081
-0.000048
-0.000014
0.000020
0.000053
0.000085
0.000117
0.000149
0.000180
0.000209
0.000238
0.000263
0.000287
0.000309
0.000329
0.000345
0.000357
0.000366
0.000374
0.000378
0.000379
0.000377
0.000374
0.000367
0.000358
0.000348
0.000336
0.000322
0.000307
0.000292
0.000276
0.000259
0.000239
0.000219
0.000199
0.000177
0.000157
0.000137
0.000118
0.000099
0.000083
0.000068
0.000056
0.000046
0.000037
0.000029
0.000021
0.000015
0.000010
0.000003
-0.000001
-0.000006
-0.000010
-0.000014
-0.000016
-0.000018
-0.000018
-0.000016
-0.000015
-0.000011
-0.000007
-0.000003
-0.000001
0.000002
0.000003
0.000003
0.000003
0.000002
-0.000000
-0.000001
-0.000002
-0.000003
-0.000003
-0.000002
-0.000000
0.000002
0.000005
0.000007
0.000009
0.000011
0.000014
0.000014
0.000015
0.000018
0.000021
0.000023
0.000025
0.000029
0.000034
0.000039
0.000045
0.000051
0.000056
0.000061
0.000064
0.000067
0.000067
0.000068
0.000067
0.000064
0.000061
0.000058
0.000053
0.000048
0.000043
0.000037
0.000030
0.000023
0.000013
0.000003
-0.000008
-0.000020
-0.000035
-0.000050
-0.000065
-0.000080
-0.000096
-0.000112
-0.000125
-0.000140
-0.000153
-0.000163
-0.000173
-0.000181
-0.000187
-0.000192
-0.000196
-0.000198
-0.000200
-0.000201
-0.000198
-0.000194
-0.000188
-0.000179
-0.000167
-0.000154
-0.000139
-0.000122
-0.000104
-0.000084
-0.000063
-0.000042
-0.000020
0.000001
0.000023
0.000043
0.000062
0.000081
0.000100
0.000119
0.000136
0.000152
0.000168
0.000182
0.000193
0.000203
0.000209
0.000212
0.000213
0.000210
0.000204
0.000195
0.000184
0.000169
0.000153
0.000134
0.000114
0.000093
0.000070
0.000045
0.000019
-0.000007
-0.000036
-0.000066
-0.000095
-0.000126
-0.000156
-0.000187
-0.000217
-0.000246
-0.000273
-0.000297
-0.000319
-0.000339
-0.000355
-0.000370
-0.000381
-0.000389
-0.000394
-0.000397
-0.000397
-0.000394
-0.000388
-0.000380
-0.000369
-0.000353
-0.000335
-0.000313
-0.000287
-0.000259
-0.000227
-0.000192
-0.000156
-0.000120
-0.000082
-0.000043
-0.000004
0.000035
0.000075
0.000112
0.000150
0.000187
0.000224
0.000260
0.000295
0.000329
0.000361
0.000392
0.000419
0.000444
0.000464
0.000481
0.000495
0.000505
0.000510
0.000512
0.000509
0.000504
0.000496
0.000486
0.000471
0.000454
0.000434
0.000412
0.000387
0.000358
0.000326
0.000291
0.000253
0.000213
0.000171
0.000128
0.000084
0.000039
-0.000005
-0.000050
-0.000093
-0.000135
-0.000178
-0.000219
-0.000258
-0.000297
-0.000335
-0.000372
-0.000407
-0.000440
-0.000472
-0.000501
-0.000527
-0.000549
-0.000568
-0.000584
-0.000597
-0.000606
-0.000613
-0.000616
-0.000617
-0.000614
-0.000610
-0.000603
-0.000596
-0.000586
-0.000575
-0.000562
-0.000546
-0.000529
-0.000510
-0.000491
-0.000469
-0.000449
-0.000426
-0.000404
-0.000383
-0.000363
-0.000343
-0.000326
-0.000309
-0.000295
-0.000282
-0.000269
-0.000258
-0.000249
-0.000240
-0.000235
-0.000229
-0.000224
-0.000221
-0.000219
-0.000218
-0.000219
-0.000220
-0.000223
-0.000227
-0.000232
-0.000238
-0.000244
-0.000248
-0.000252
-0.000254
-0.000255
-0.000253
-0.000251
-0.000246
-0.000239
-0.000231
-0.000222
-0.000212
-0.000201
-0.000187
-0.000174
-0.000160
-0.000143
-0.000125
-0.000105
-0.000084
-0.000060
-0.000033
-0.000007
0.000021
0.000048
0.000073
0.000097
0.000121
0.000143
0.000165
0.000185
0.000203
0.000220
0.000234
0.000247
0.000258
0.000267
0.000273
0.000277
0.000277
0.000273
0.000267
0.000257
0.000245
0.000227
0.000207
0.000185
0.000160
0.000134
0.000106
0.000076
0.000047
0.000015
-0.000018
-0.000050
-0.000085
-0.000120
-0.000155
-0.000190
-0.000226
-0.000261
-0.000295
-0.000327
-0.000358
-0.000385
-0.000410
-0.000431
-0.000450
-0.000466
-0.000479
-0.000489
-0.000498
-0.000504
-0.000507
-0.000509
-0.000508
-0.000505
-0.000499
-0.000492
-0.000482
-0.000470
-0.000457
-0.000441
-0.000422
-0.000402
-0.000379
-0.000355
-0.000331
-0.000305
-0.000280
-0.000256
-0.000231
-0.000206
-0.000182
-0.000158
-0.000134
-0.000109
-0.000086
-0.000062
-0.000038
-0.000014
0.000008
0.000030
0.000050
0.000071
0.000090
0.000107
0.000123
0.000138
0.000151
0.000164
0.000176
0.000188
0.000199
0.000210
0.000222
0.000235
0.000245
0.000256
0.000265
0.000273
0.000280
0.000287
0.000292
0.000297
0.000301
0.000305
0.000308
0.000312
0.000316
0.000320
0.000324
0.000329
0.000333
0.000337
0.000340
0.000342
0.000343
0.000342
0.000339
0.000336
0.000332
0.000329
0.000325
0.000321
0.000317
0.000313
0.000310
0.000305
0.000300
0.000295
0.000289
0.000282
0.000274
0.000264
0.000253
0.000241
0.000230
0.000219
0.000208
0.000198
0.000189
0.000181
0.000173
0.000166
0.000160
0.000155
0.000148
0.000142
0.000135
0.000128
0.000121
0.000114
0.000108
0.000103
0.000099
0.000095
0.000093
0.000092
0.000091
0.000092
0.000093
0.000094
0.000096
0.000096
0.000097
0.000098
0.000099
0.000099
0.000101
0.000102
0.000105
0.000109
0.000114
0.000119
0.000123
0.000127
0.000131
0.000133
0.000136
0.000138
0.000139
0.000139
0.000138
0.000137
0.000136
0.000134
0.000133
0.000131
0.000130
0.000127
0.000124
0.000120
0.000114
0.000108
0.000099
0.000090
0.000078
0.000066
0.000053
0.000039
0.000026
0.000014
0.000001
-0.000011
-0.000022
-0.000034
-0.000046
-0.000058
-0.000071
-0.000084
-0.000097
-0.000111
-0.000126
-0.000139
-0.000153
-0.000165
-0.000176
-0.000186
-0.000194
-0.000200
-0.000206
-0.000210
-0.000212
-0.000213
-0.000213
-0.000212
-0.000210
-0.000208
-0.000204
-0.000201
-0.000196
-0.000189
-0.000180
-0.000171
-0.000159
-0.000146
-0.000131
-0.000116
-0.000098
-0.000080
-0.000062
-0.000045
-0.000028
-0.000010
0.000006
0.000024
0.000041
0.000058
0.000075
0.000092
0.000108
0.000124
0.000140
0.000156
0.000171
0.000184
0.000196
0.000205
0.000213
0.000220
0.000224
0.000227
0.000229
0.000229
0.000227
0.000225
0.000222
0.000219
0.000215
0.000210
0.000204
0.000197
0.000187
0.000175
0.000162
0.000148
0.000134
0.000120
0.000105
0.000091
0.000077
0.000063
0.000050
0.000039
0.000027
0.000015
0.000005
-0.000006
-0.000017
-0.000027
-0.000037
-0.000045
-0.000053
-0.000060
-0.000065
-0.000068
-0.000068
-0.000066
-0.000063
-0.000056
-0.000050
-0.000042
-0.000033
-0.000023
-0.000014
-0.000003
0.000009
0.000020
0.000032
0.000044
0.000057
0.000070
0.000084
0.000099
0.000114
0.000129
0.000142
0.000156
0.000170
0.000181
0.000191
0.000199
0.000204
0.000206
0.000208
0.000208
0.000205
0.000202
0.000198
0.000192
0.000186
0.000177
0.000167
0.000155
0.000141
0.000124
0.000106
0.000085
0.000063
0.000038
0.000013
-0.000014
-0.000042
-0.000070
-0.000098
-0.000126
-0.000155
-0.000182
-0.000209
-0.000236
-0.000263
-0.000289
-0.000314
-0.000338
-0.000361
-0.000383
-0.000403
-0.000421
-0.000436
-0.000448
-0.000458
-0.000463
-0.000466
-0.000466
-0.000463
-0.000457
-0.000450
-0.000441
-0.000431
-0.000417
-0.000402
-0.000384
-0.000364
-0.000342
-0.000318
-0.000290
-0.000263
-0.000231
-0.000199
-0.000165
-0.000131
-0.000096
-0.000061
-0.000027
0.000006
0.000038
0.000069
0.000100
0.000131
0.000161
0.000190
0.000219
0.000246
0.000272
0.000297
0.000321
0.000342
0.000360
0.000377
0.000391
0.000402
0.000410
0.000416
0.000419
0.000422
0.000422
0.000420
0.000419
0.000415
0.000410
0.000403
0.000395
0.000384
0.000371
0.000356
0.000339
0.000318
0.000295
0.000273
0.000249
0.000225
0.000201
0.000177
0.000153
0.000130
0.000107
0.000085
0.000064
0.000043
0.000023
0.000003
-0.000017
-0.000038
-0.000057
-0.000074
-0.000088
-0.000102
-0.000112
-0.000121
-0.000127
-0.000132
-0.000133
-0.000132
-0.000130
-0.000127
-0.000123
-0.000118
-0.000112
-0.000106
-0.000097
-0.000088
-0.000078
-0.000066
-0.000053
-0.000039
-0.000023
-0.000007
0.000009
0.000026
0.000042
0.000058
0.000072
0.000085
0.000096
0.000107
0.000116
0.000125
0.000133
0.000143
0.000150
0.000158
0.000165
0.000171
0.000177
0.000183
0.000188
0.000191
0.000194
0.000197
0.000199
0.000199
0.000200
0.000200
0.000201
0.000203
0.000205
0.000209
0.000213
0.000218
0.000224
0.000230
0.000237
0.000243
0.000250
0.000256
0.000262
0.000268
0.000275
0.000282
0.000290
0.000298
0.000306
0.000315
0.000324
0.000332
0.000340
0.000347
0.000354
0.000358
0.000361
0.000361
0.000360
0.000356
0.000352
0.000346
0.000340
0.000333
0.000324
0.000315
0.000305
0.000293
0.000280
0.000267
0.000251
0.000234
0.000214
0.000193
0.000172
0.000149
0.000127
0.000104
0.000083
0.000063
0.000043
0.000024
0.000006
-0.000011
-0.000027
-0.000043
-0.000058
-0.000072
-0.000086
-0.000099
-0.000112
-0.000122
-0.000131
-0.000139
-0.000146
-0.000151
-0.000153
-0.000154
-0.000153
-0.000152
-0.000148
-0.000145
-0.000140
-0.000136
-0.000131
-0.000125
-0.000120
-0.000114
-0.000107
-0.000100
-0.000092
-0.000082
-0.000071
-0.000060
-0.000047
-0.000034
-0.000021
-0.000007
0.000005
0.000016
0.000028
0.000041
0.000053
0.000067
0.000082
0.000096
0.000111
0.000127
0.000145
0.000164
0.000183
0.000202
0.000222
0.000242
0.000262
0.000280
0.000297
0.000316
0.000333
0.000349
0.000367
0.000383
0.000400
0.000418
0.000435
0.000452
0.000468
0.000482
0.000497
0.000509
0.000519
0.000526
0.000532
0.000535
0.000535
0.000535
0.000533
0.000530
0.000527
0.000523
0.000518
0.000510
0.000502
0.000491
0.000479
0.000464
0.000447
0.000430
0.000411
0.000391
0.000369
0.000347
0.000327
0.000305
0.000284
0.000263
0.000242
0.000221
0.000200
0.000178
0.000158
0.000137
0.000115
0.000094
0.000072
0.000049
0.000029
0.000009
-0.000010
-0.000027
-0.000042
-0.000057
-0.000070
-0.000082
-0.000092
-0.000102
-0.000112
-0.000120
-0.000129
-0.000137
-0.000145
-0.000154
-0.000162
-0.000168
-0.000172
-0.000176
-0.000178
-0.000180
-0.000180
-0.000180
-0.000178
-0.000176
-0.000173
-0.000171
-0.000168
-0.000164
-0.000161
-0.000158
-0.000155
-0.000150
-0.000146
-0.000139
-0.000130
-0.000121
-0.000111
-0.000100
-0.000090
-0.000079
-0.000069
-0.000060
-0.000052
-0.000044
-0.000035
-0.000028
-0.000020
-0.000011
-0.000003
0.000006
0.000015
0.000023
0.000032
0.000041
0.000049
0.000056
0.000062
0.000065
0.000068
0.000068
0.000067
0.000066
0.000064
0.000062
0.000058
0.000054
0.000050
0.000046
0.000041
0.000035
0.000029
0.000020
0.000011
0.000001
-0.000010
-0.000023
-0.000035
-0.000048
-0.000061
-0.000074
-0.000087
-0.000099
-0.000110
-0.000119
-0.000129
-0.000137
-0.000146
-0.000154
-0.000162
-0.000171
-0.000179
-0.000187
-0.000193
-0.000200
-0.000206
-0.000208
-0.000210
-0.000210
-0.000208
-0.000206
-0.000202
-0.000197
-0.000192
-0.000185
-0.000179
-0.000174
-0.000167
-0.000160
-0.000151
-0.000142
-0.000130
-0.000119
-0.000106
-0.000092
-0.000077
-0.000061
-0.000045
-0.000028
-0.000012
0.000004
0.000020
0.000035
0.000050
0.000065
0.000080
0.000094
0.000108
0.000123
0.000136
0.000151
0.000164
0.000176
0.000188
0.000197
0.000204
0.000210
0.000213
0.000214
0.000212
0.000208
0.000203
0.000196
0.000189
0.000180
0.000170
0.000158
0.000147
0.000133
0.000117
0.000100
0.000081
0.000061
0.000040
0.000017
-0.000007
-0.000031
-0.000054
-0.000077
-0.000100
-0.000121
-0.000141
-0.000158
-0.000175
-0.000192
-0.000207
-0.000221
-0.000233
-0.000246
-0.000256
-0.000266
-0.000274
-0.000282
-0.000285
-0.000287
-0.000287
-0.000283
-0.000278
-0.000270
-0.000260
-0.000249
-0.000236
-0.000221
-0.000207
-0.000193
-0.000179
-0.000162
-0.000147
-0.000131
-0.000114
-0.000098
-0.000080
-0.000062
-0.000044
-0.000026
-0.000008
0.000010
0.000026
0.000041
0.000053
0.000064
0.000072
0.000079
0.000085
0.000088
0.000090
0.000090
0.000090
0.000089
0.000088
0.000084
0.000079
0.000073
0.000067
0.000057
0.000048
0.000036
0.000022
0.000007
-0.000008
-0.000024
-0.000041
-0.000057
-0.000072
-0.000087
-0.000102
-0.000116
-0.000130
-0.000144
-0.000158
-0.000172
-0.000186
-0.000199
-0.000211
-0.000222
-0.000232
-0.000240
-0.000248
-0.000253
-0.000256
-0.000257
-0.000255
-0.000254
-0.000250
-0.000243
-0.000237
-0.000228
-0.000218
-0.000209
-0.000198
-0.000184
-0.000169
-0.000153
-0.000134
-0.000115
-0.000092
-0.000067
-0.000042
-0.000015
0.000013
0.000040
0.000068
0.000096
0.000122
0.000148
0.000174
0.000200
0.000224
0.000250
0.000274
0.000300
0.000324
0.000346
0.000366
0.000385
0.000402
0.000417
0.000430
0.000441
0.000449
0.000454
0.000455
0.000454
0.000452
0.000446
0.000441
0.000432
0.000424
0.000412
0.000401
0.000388
0.000372
0.000356
0.000338
0.000319
0.000297
0.000274
0.000252
0.000228
0.000205
0.000182
0.000160
0.000139
0.000119
0.000100
0.000082
0.000064
0.000046
0.000028
0.000012
-0.000004
-0.000020
-0.000035
-0.000049
-0.000062
-0.000074
-0.000085
-0.000094
-0.000100
-0.000106
-0.000111
-0.000114
-0.000117
-0.000119
-0.000121
-0.000125
-0.000128
-0.000131
-0.000136
-0.000140
-0.000144
-0.000146
-0.000149
-0.000150
-0.000151
-0.000152
-0.000152
-0.000154
-0.000156
-0.000158
-0.000161
-0.000164
-0.000167
-0.000170
-0.000171
-0.000173
-0.000174
-0.000174
-0.000172
-0.000170
-0.000166
-0.000160
-0.000154
-0.000146
-0.000139
-0.000130
-0.000121
-0.000113
-0.000105
-0.000096
-0.000086
-0.000075
-0.000064
-0.000053
-0.000041
-0.000028
-0.000014
0.000000
0.000015
0.000028
0.000040
0.000050
0.000059
0.000067
0.000073
0.000075
0.000077
0.000078
0.000076
0.000074
0.000071
0.000068
0.000064
0.000059
0.000053
0.000047
0.000038
0.000028
0.000016
0.000002
-0.000011
-0.000026
-0.000041
-0.000055
-0.000070
-0.000083
-0.000094
-0.000105
-0.000114
-0.000122
-0.000128
-0.000133
-0.000136
-0.000139
-0.000141
-0.000142
-0.000141
-0.000137
-0.000131
-0.000124
-0.000115
-0.000105
-0.000093
-0.000079
-0.000062
-0.000045
-0.000026
-0.000006
0.000013
0.000031
0.000050
0.000067
0.000084
0.000099
0.000114
0.000128
0.000141
0.000153
0.000166
0.000176
0.000185
0.000193
0.000197
0.000200
0.000201
0.000199
0.000196
0.000190
0.000181
0.000172
0.000161
0.000151
0.000139
0.000128
0.000117
0.000106
0.000095
0.000084
0.000075
0.000064
0.000055
0.000046
0.000038
0.000030
0.000023
0.000019
0.000016
0.000016
0.000017
0.000022
0.000030
0.000039
0.000049
0.000060
0.000072
0.000087
0.000101
0.000115
0.000129
0.000144
0.000157
0.000170
0.000184
0.000198
0.000211
0.000225
0.000238
0.000250
0.000261
0.000269
0.000277
0.000281
0.000283
0.000282
0.000279
0.000273
0.000264
0.000253
0.000241
0.000228
0.000215
0.000201
0.000185
0.000169
0.000152
0.000134
0.000114
0.000095
0.000074
0.000052
0.000031
0.000010
-0.000009
-0.000030
-0.000049
-0.000064
-0.000078
-0.000089
-0.000098
-0.000104
-0.000109
-0.000111
-0.000110
-0.000109
-0.000106
-0.000100
-0.000094
-0.000086
-0.000075
-0.000063
-0.000049
-0.000032
-0.000014
0.000006
0.000027
0.000048
0.000070
0.000093
0.000116
0.000138
0.000159
0.000179
0.000198
0.000216
0.000231
0.000247
0.000262
0.000276
0.000289
0.000302
0.000313
0.000323
0.000331
0.000337
0.000341
0.000341
0.000340
0.000336
0.000331
0.000324
0.000316
0.000307
0.000296
0.000285
0.000274
0.000263
0.000250
0.000236
0.000222
0.000207
0.000189
0.000170
0.000149
0.000127
0.000103
0.000080
0.000057
0.000033
0.000009
-0.000014
-0.000037
-0.000060
-0.000081
-0.000101
-0.000121
-0.000141
-0.000160
-0.000179
-0.000198
-0.000217
-0.000235
-0.000252
-0.000268
-0.000282
-0.000294
-0.000305
-0.000314
-0.000321
-0.000327
-0.000331
-0.000333
-0.000334
-0.000335
-0.000335
-0.000336
-0.000335
-0.000334
-0.000331
-0.000328
-0.000322
-0.000315
-0.000307
-0.000298
-0.000289
-0.000280
-0.000269
-0.000258
-0.000249
-0.000239
-0.000231
-0.000222
-0.000216
-0.000208
-0.000203
-0.000196
-0.000190
-0.000185
-0.000179
-0.000173
-0.000169
-0.000165
-0.000162
-0.000160
-0.000159
-0.000160
-0.000162
-0.000165
-0.000169
-0.000176
-0.000181
-0.000186
-0.000192
-0.000197
-0.000201
-0.000205
-0.000208
-0.000211
-0.000214
-0.000216
-0.000218
-0.000220
-0.000222
-0.000223
-0.000225
-0.000226
-0.000227
-0.000227
-0.000225
-0.000221
-0.000218
-0.000213
-0.000207
-0.000201
-0.000193
-0.000188
-0.000182
-0.000177
-0.000173
-0.000169
-0.000165
-0.000161
-0.000158
-0.000154
-0.000150
-0.000146
-0.000141
-0.000136
-0.000132
-0.000128
-0.000125
-0.000123
-0.000121
-0.000120
-0.000120
-0.000121
-0.000124
-0.000124
-0.000125
-0.000127
-0.000125
-0.000123
-0.000121
-0.000118
-0.000115
-0.000112
-0.000109
-0.000106
-0.000105
-0.000103
-0.000102
-0.000101
-0.000101
-0.000101
-0.000101
-0.000100
-0.000099
-0.000097
-0.000097
-0.000095
-0.000094
-0.000094
-0.000095
-0.000096
-0.000099
-0.000103
-0.000108
-0.000113
-0.000118
-0.000124
-0.000130
-0.000136
-0.000141
-0.000146
-0.000152
-0.000157
-0.000162
-0.000166
-0.000172
-0.000178
-0.000183
-0.000188
-0.000193
-0.000198
-0.000201
-0.000202
-0.000201
-0.000199
-0.000195
-0.000189
-0.000181
-0.000171
-0.000160
-0.000149
-0.000136
-0.000122
-0.000107
-0.000091
-0.000076
-0.000059
-0.000041
-0.000022
-0.000001
0.000020
0.000042
0.000065
0.000087
0.000110
0.000132
0.000153
0.000173
0.000191
0.000207
0.000221
0.000233
0.000243
0.000251
0.000258
0.000263
0.000267
0.000268
0.000267
0.000265
0.000260
0.000253
0.000244
0.000233
0.000219
0.000203
0.000184
0.000165
0.000144
0.000122
0.000101
0.000079
0.000058
0.000037
0.000017
-0.000002
-0.000020
-0.000039
-0.000056
-0.000072
-0.000089
-0.000104
-0.000119
-0.000133
-0.000145
-0.000154
-0.000160
-0.000164
-0.000166
-0.000166
-0.000164
-0.000161
-0.000156
-0.000149
-0.000142
-0.000135
-0.000128
-0.000121
-0.000112
-0.000104
-0.000095
-0.000085
-0.000075
-0.000063
-0.000051
-0.000039
-0.000027
-0.000015
-0.000004
0.000006
0.000014
0.000021
0.000027
0.000031
0.000033
0.000034
0.000034
0.000033
0.000032
0.000030
0.000028
0.000028
0.000027
0.000026
0.000023
0.000021
0.000017
0.000013
0.000008
0.000004
0.000000
-0.000003
-0.000007
-0.000008
-0.000007
-0.000006
-0.000003
0.000002
0.000007
0.000013
0.000020
0.000027
0.000035
0.000042
0.000051
0.000060
0.000069
0.000077
0.000088
0.000099
0.000111
0.000125
0.000139
0.000153
0.000167
0.000180
0.000193
0.000203
0.000212
0.000222
0.000229
0.000236
0.000240
0.000246
0.000249
0.000252
0.000256
0.000259
0.000260
0.000263
0.000265
0.000265
0.000263
0.000260
0.000255
0.000250
0.000242
0.000234
0.000226
0.000217
0.000208
0.000199
0.000191
0.000183
0.000176
0.000169
0.000162
0.000154
0.000148
0.000139
0.000131
0.000123
0.000115
0.000108
0.000101
0.000095
0.000090
0.000089
0.000087
0.000086
0.000087
0.000089
0.000090
0.000093
0.000095
0.000096
0.000097
0.000098
0.000100
0.000100
0.000101
0.000102
0.000103
0.000105
0.000107
0.000110
0.000112
0.000116
0.000117
0.000117
0.000116
0.000114
0.000109
0.000104
0.000097
0.000090
0.000082
0.000073
0.000064
0.000055
0.000046
0.000037
0.000027
0.000017
0.000006
-0.000007
-0.000021
-0.000037
-0.000053
-0.000071
-0.000087
-0.000105
-0.000122
-0.000139
-0.000153
-0.000166
-0.000178
-0.000187
-0.000195
-0.000203
-0.000209
-0.000214
-0.000218
-0.000221
-0.000221
-0.000222
-0.000220
-0.000217
-0.000211
-0.000203
-0.000191
-0.000179
-0.000164
-0.000147
-0.000127
-0.000107
-0.000087
-0.000065
-0.000044
-0.000024
-0.000004
0.000017
0.000035
0.000055
0.000074
0.000093
0.000111
0.000128
0.000144
0.000158
0.000171
0.000181
0.000189
0.000195
0.000196
0.000195
0.000192
0.000185
0.000175
0.000164
0.000152
0.000138
0.000123
0.000107
0.000091
0.000072
0.000054
0.000034
0.000013
-0.000009
-0.000031
-0.000054
-0.000076
-0.000097
-0.000118
-0.000137
-0.000155
-0.000169
-0.000182
-0.000192
-0.000201
-0.000206
-0.000209
-0.000210
-0.000209
-0.000207
-0.000203
-0.000199
-0.000193
-0.000184
-0.000176
-0.000164
-0.000152
-0.000137
-0.000122
-0.000105
-0.000088
-0.000069
-0.000052
-0.000035
-0.000020
-0.000005
0.000007
0.000018
0.000027
0.000036
0.000042
0.000046
0.000051
0.000054
0.000056
0.000056
0.000055
0.000051
0.000046
0.000040
0.000031
0.000021
0.000007
-0.000007
-0.000022
-0.000039
-0.000055
-0.000071
-0.000086
-0.000101
-0.000115
-0.000128
-0.000139
-0.000149
-0.000159
-0.000168
-0.000176
-0.000183
-0.000189
-0.000194
-0.000199
-0.000201
-0.000201
-0.000200
-0.000197
-0.000193
-0.000186
-0.000179
-0.000171
-0.000162
-0.000155
-0.000147
-0.000141
-0.000136
-0.000133
-0.000131
-0.000130
-0.000129
-0.000128
-0.000129
-0.000132
-0.000136
-0.000141
-0.000149
-0.000159
-0.000171
-0.000184
-0.000200
-0.000220
-0.000241
-0.000264
-0.000289
-0.000315
-0.000342
-0.000369
-0.000396
-0.000423
-0.000449
-0.000476
-0.000500
-0.000525
-0.000550
-0.000572
-0.000595
-0.000616
-0.000636
-0.000654
-0.000670
-0.000683
-0.000693
-0.000700
-0.000701
-0.000701
-0.000696
-0.000688
-0.000677
-0.000664
-0.000648
-0.000631
-0.000612
-0.000591
-0.000570
-0.000548
-0.000524
-0.000500
-0.000474
-0.000449
-0.000421
-0.000394
-0.000368
-0.000341
-0.000315
-0.000291
-0.000269
-0.000249
-0.000230
-0.000214
-0.000202
-0.000191
-0.000183
-0.000176
-0.000171
-0.000167
-0.000166
-0.000166
-0.000168
-0.000171
-0.000175
-0.000182
-0.000190
-0.000198
-0.000207
-0.000218
-0.000229
-0.000239
-0.000249
-0.000259
-0.000266
-0.000274
-0.000277
-0.000279
-0.000278
-0.000276
-0.000271
-0.000263
-0.000254
-0.000245
-0.000233
-0.000219
-0.000204
-0.000187
-0.000167
-0.000147
-0.000124
-0.000100
-0.000073
-0.000046
-0.000017
0.000013
0.000042
0.000072
0.000100
0.000128
0.000153
0.000178
0.000201
0.000221
0.000240
0.000258
0.000274
0.000289
0.000301
0.000312
0.000321
0.000328
0.000332
0.000334
0.000334
0.000331
0.000325
0.000317
0.000308
0.000297
0.000285
0.000273
0.000260
0.000248
0.000236
0.000224
0.000213
0.000201
0.000190
0.000177
0.000164
0.000152
0.000141
0.000130
0.000120
0.000110
0.000103
0.000098
0.000093
0.000092
0.000091
0.000090
0.000092
0.000095
0.000099
0.000102
0.000104
0.000107
0.000109
0.000110
0.000111
0.000113
0.000114
0.000114
0.000115
0.000115
0.000114
0.000113
0.000110
0.000105
0.000099
0.000090
0.000078
0.000064
0.000047
0.000029
0.000007
-0.000014
-0.000038
-0.000062
-0.000087
-0.000112
-0.000138
-0.000165
-0.000192
-0.000219
-0.000246
-0.000274
-0.000300
-0.000328
-0.000354
-0.000380
-0.000404
-0.000425
-0.000443
-0.000458
-0.000471
-0.000479
-0.000482
-0.000482
-0.000479
-0.000471
-0.000462
-0.000449
-0.000433
-0.000414
-0.000391
-0.000367
-0.000338
-0.000306
-0.000270
-0.000231
-0.000190
-0.000146
-0.000100
-0.000051
-0.000005
0.000045
0.000093
0.000141
0.000189
0.000234
0.000277
0.000319
0.000358
0.000395
0.000430
0.000462
0.000492
0.000518
0.000541
0.000559
0.000573
0.000583
0.000589
0.000589
0.000585
0.000576
0.000562
0.000546
0.000525
0.000502
0.000475
0.000446
0.000415
0.000384
0.000351
0.000315
0.000277
0.000238
0.000198
0.000156
0.000114
0.000071
0.000028
-0.000014
-0.000054
-0.000094
-0.000131
-0.000166
-0.000199
-0.000230
-0.000259
-0.000285
-0.000308
-0.000330
-0.000350
-0.000368
-0.000385
-0.000399
-0.000411
-0.000421
-0.000428
-0.000433
-0.000434
-0.000432
-0.000428
-0.000421
-0.000412
-0.000401
-0.000390
-0.000376
-0.000363
-0.000349
-0.000334
-0.000318
-0.000302
-0.000285
-0.000267
-0.000248
-0.000228
-0.000207
-0.000186
-0.000162
-0.000140
-0.000116
-0.000093
-0.000070
-0.000047
-0.000026
-0.000005
0.000015
0.000035
0.000055
0.000075
0.000095
0.000115
0.000134
0.000153
0.000173
0.000191
0.000209
0.000226
0.000242
0.000255
0.000268
0.000279
0.000289
0.000297
0.000305
0.000311
0.000318
0.000324
0.000330
0.000335
0.000339
0.000343
0.000345
0.000347
0.000347
0.000346
0.000345
0.000342
0.000339
0.000336
0.000333
0.000330
0.000329
0.000328
0.000327
0.000327
0.000328
0.000330
0.000333
0.000335
0.000337
0.000339
0.000342
0.000345
0.000350
0.000356
0.000363
0.000370
0.000378
0.000389
0.000399
0.000410
0.000423
0.000435
0.000445
0.000455
0.000463
0.000471
0.000476
0.000480
0.000483
0.000484
0.000484
0.000482
0.000478
0.000473
0.000467
0.000458
0.000448
0.000435
0.000420
0.000401
0.000380
0.000355
0.000329
0.000300
0.000270
0.000237
0.000204
0.000169
0.000136
0.000103
0.000069
0.000036
0.000004
-0.000028
-0.000061
-0.000092
-0.000123
-0.000151
-0.000178
-0.000202
-0.000224
-0.000244
-0.000259
-0.000272
-0.000280
-0.000283
-0.000283
-0.000279
-0.000271
-0.000260
-0.000245
-0.000227
-0.000206
-0.000183
-0.000157
-0.000129
-0.000098
-0.000064
-0.000027
0.000013
0.000053
0.000097
0.000142
0.000187
0.000232
0.000277
0.000320
0.000363
0.000403
0.000443
0.000481
0.000516
0.000549
0.000580
0.000608
0.000634
0.000659
0.000681
0.000700
0.000717
0.000729
0.000737
0.000742
0.000745
0.000744
0.000740
0.000733
0.000723
0.000711
0.000697
0.000683
0.000667
0.000649
0.000631
0.000613
0.000593
0.000572
0.000550
0.000526
0.000502
0.000477
0.000452
0.000427
0.000404
0.000381
0.000359
0.000338
0.000319
0.000301
0.000285
0.000270
0.000256
0.000242
0.000229
0.000217
0.000205
0.000194
0.000183
0.000173
0.000164
0.000155
0.000148
0.000143
0.000137
0.000134
0.000131
0.000128
0.000126
0.000124
0.000123
0.000119
0.000114
0.000110
0.000105
0.000099
0.000094
0.000089
0.000085
0.000080
0.000076
0.000072
0.000067
0.000062
0.000056
0.000049
0.000042
0.000034
0.000025
0.000016
0.000007
-0.000003
-0.000013
-0.000022
-0.000031
-0.000040
-0.000048
-0.000055
-0.000061
-0.000067
-0.000073
-0.000079
-0.000085
-0.000091
-0.000097
-0.000103
-0.000108
-0.000112
-0.000115
-0.000117
-0.000118
-0.000117
-0.000115
-0.000112
-0.000108
-0.000105
-0.000100
-0.000095
-0.000089
-0.000084
-0.000079
-0.000073
-0.000068
-0.000061
-0.000054
-0.000045
-0.000036
-0.000027
-0.000016
-0.000005
0.000005
0.000013
0.000021
0.000028
0.000034
0.000039
0.000045
0.000050
0.000053
0.000058
0.000061
0.000064
0.000067
0.000071
0.000074
0.000078
0.000083
0.000088
0.000092
0.000097
0.000101
0.000105
0.000109
0.000114
0.000119
0.000126
0.000134
0.000143
0.000155
0.000166
0.000179
0.000193
0.000207
0.000221
0.000234
0.000248
0.000262
0.000275
0.000288
0.000300
0.000313
0.000326
0.000339
0.000353
0.000367
0.000380
0.000393
0.000405
0.000415
0.000425
0.000431
0.000435
0.000436
0.000435
0.000432
0.000427
0.000420
0.000413
0.000403
0.000392
0.000381
0.000367
0.000352
0.000336
0.000318
0.000299
0.000278
0.000255
0.000230
0.000204
0.000177
0.000149
0.000122
0.000095
0.000070
0.000044
0.000019
-0.000002
-0.000024
-0.000044
-0.000063
-0.000081
-0.000098
-0.000113
-0.000128
-0.000142
-0.000154
-0.000164
-0.000172
-0.000178
-0.000182
-0.000182
-0.000181
-0.000178
-0.000174
-0.000167
-0.000160
-0.000153
-0.000145
-0.000137
-0.000129
-0.000121
-0.000112
-0.000104
-0.000096
-0.000087
-0.000079
-0.000071
-0.000064
-0.000058
-0.000052
-0.000048
-0.000046
-0.000046
-0.000046
-0.000049
-0.000054
-0.000059
-0.000066
-0.000074
-0.000082
-0.000090
-0.000098
-0.000105
-0.000112
-0.000119
-0.000125
-0.000131
-0.000136
-0.000140
-0.000144
-0.000147
-0.000149
-0.000150
-0.000148
-0.000145
-0.000138
-0.000128
-0.000115
-0.000100
-0.000082
-0.000061
-0.000039
-0.000015
0.000010
0.000036
0.000065
0.000094
0.000123
0.000152
0.000182
0.000212
0.000243
0.000275
0.000307
0.000339
0.000370
0.000400
0.000428
0.000455
0.000479
0.000499
0.000516
0.000532
0.000543
0.000552
0.000558
0.000562
0.000563
0.000563
0.000559
0.000554
0.000545
0.000534
0.000520
0.000504
0.000485
0.000462
0.000438
0.000411
0.000382
0.000352
0.000320
0.000289
0.000257
0.000225
0.000193
0.000161
0.000131
0.000099
0.000068
0.000039
0.000009
-0.000020
-0.000048
-0.000076
-0.000102
-0.000127
-0.000149
-0.000169
-0.000188
-0.000205
-0.000220
-0.000233
-0.000243
-0.000252
-0.000260
-0.000266
-0.000272
-0.000277
-0.000281
-0.000283
-0.000285
-0.000285
-0.000284
-0.000281
-0.000276
-0.000271
-0.000262
-0.000253
-0.000243
-0.000232
-0.000221
-0.000209
-0.000198
-0.000187
-0.000175
-0.000163
-0.000151
-0.000137
-0.000122
-0.000106
-0.000089
-0.000071
-0.000053
-0.000034
-0.000013
0.000006
0.000026
0.000045
0.000062
0.000081
0.000099
0.000116
0.000132
0.000148
0.000166
0.000183
0.000199
0.000216
0.000231
0.000247
0.000261
0.000274
0.000286
0.000297
0.000305
0.000311
0.000315
0.000319
0.000321
0.000321
0.000320
0.000318
0.000314
0.000311
0.000308
0.000303
0.000296
0.000287
0.000278
0.000266
0.000255
0.000241
0.000227
0.000213
0.000197
0.000183
0.000169
0.000155
0.000144
0.000132
0.000123
0.000115
0.000107
0.000101
0.000097
0.000093
0.000090
0.000087
0.000086
0.000085
0.000086
0.000091
0.000098
0.000106
0.000116
0.000129
0.000144
0.000159
0.000175
0.000191
0.000209
0.000226
0.000245
0.000265
0.000283
0.000302
0.000322
0.000342
0.000361
0.000382
0.000403
0.000425
0.000445
0.000466
0.000484
0.000502
0.000518
0.000533
0.000546
0.000556
0.000565
0.000572
0.000579
0.000584
0.000587
0.000591
0.000594
0.000594
0.000594
0.000591
0.000587
0.000581
0.000575
0.000568
0.000558
0.000547
0.000535
0.000522
0.000511
0.000498
0.000485
0.000470
0.000456
0.000441
0.000427
0.000412
0.000395
0.000377
0.000359
0.000339
0.000319
0.000298
0.000277
0.000254
0.000232
0.000210
0.000187
0.000164
0.000142
0.000121
0.000099
0.000077
0.000055
0.000031
0.000008
-0.000017
-0.000041
-0.000067
-0.000092
-0.000115
-0.000139
-0.000162
-0.000183
-0.000202
-0.000220
-0.000235
-0.000251
-0.000266
-0.000280
-0.000292
-0.000304
-0.000316
-0.000328
-0.000337
-0.000344
-0.000349
-0.000351
-0.000352
-0.000352
-0.000348
-0.000343
-0.000336
-0.000327
-0.000317
-0.000306
-0.000296
-0.000283
-0.000271
-0.000257
-0.000244
-0.000230
-0.000214
-0.000198
-0.000181
-0.000164
-0.000146
-0.000127
-0.000108
-0.000090
-0.000073
-0.000057
-0.000042
-0.000027
-0.000014
-0.000000
0.000012
0.000023
0.000034
0.000045
0.000055
0.000066
0.000075
0.000084
0.000091
0.000097
0.000102
0.000107
0.000108
0.000107
0.000105
0.000103
0.000101
0.000099
0.000096
0.000093
0.000089
0.000086
0.000083
0.000079
0.000075
0.000070
0.000064
0.000057
0.000049
0.000041
0.000031
0.000021
0.000010
-0.000000
-0.000011
-0.000020
-0.000029
-0.000038
-0.000046
-0.000055
-0.000064
-0.000073
-0.000083
-0.000094
-0.000105
-0.000115
-0.000125
-0.000137
-0.000147
-0.000157
-0.000165
-0.000173
-0.000179
-0.000184
-0.000187
-0.000189
-0.000191
-0.000191
-0.000191
-0.000190
-0.000188
-0.000184
-0.000181
-0.000175
-0.000169
-0.000161
-0.000151
-0.000139
-0.000125
-0.000108
-0.000090
-0.000070
-0.000049
-0.000028
-0.000006
0.000015
0.000037
0.000059
0.000080
0.000102
0.000124
0.000146
0.000168
0.000189
0.000211
0.000231
0.000251
0.000270
0.000286
0.000300
0.000311
0.000321
0.000327
0.000331
0.000333
0.000333
0.000331
0.000327
0.000321
0.000314
0.000306
0.000296
0.000284
0.000272
0.000258
0.000241
0.000224
0.000205
0.000185
0.000166
0.000146
0.000126
0.000106
0.000087
0.000069
0.000053
0.000039
0.000027
0.000014
0.000003
-0.000007
-0.000016
-0.000025
-0.000033
-0.000039
-0.000046
-0.000051
-0.000055
-0.000059
-0.000061
-0.000062
-0.000062
-0.000060
-0.000059
-0.000056
-0.000055
-0.000054
-0.000055
-0.000058
-0.000061
-0.000067
-0.000074
-0.000083
-0.000094
-0.000105
-0.000117
-0.000129
-0.000142
-0.000155
-0.000169
-0.000186
-0.000204
-0.000223
-0.000243
-0.000264
-0.000285
-0.000308
-0.000330
-0.000353
-0.000374
-0.000394
-0.000413
-0.000430
-0.000443
-0.000455
-0.000464
-0.000472
-0.000477
-0.000480
-0.000481
-0.000480
-0.000476
-0.000471
-0.000462
-0.000449
-0.000432
-0.000411
-0.000388
-0.000362
-0.000333
-0.000301
-0.000267
-0.000232
-0.000196
-0.000158
-0.000120
-0.000082
-0.000044
-0.000005
0.000032
0.000071
0.000108
0.000145
0.000180
0.000216
0.000250
0.000281
0.000310
0.000336
0.000359
0.000380
0.000395
0.000408
0.000416
0.000422
0.000426
0.000428
0.000427
0.000425
0.000421
0.000414
0.000406
0.000395
0.000384
0.000369
0.000353
0.000336
0.000317
0.000295
0.000272
0.000250
0.000228
0.000206
0.000184
0.000164
0.000146
0.000128
0.000112
0.000096
0.000082
0.000066
0.000051
0.000037
0.000024
0.000011
-0.000001
-0.000013
-0.000024
-0.000034
-0.000042
-0.000048
-0.000054
-0.000058
-0.000062
-0.000065
-0.000068
-0.000071
-0.000074
-0.000080
-0.000085
-0.000092
-0.000100
-0.000107
-0.000113
-0.000120
-0.000126
-0.000131
-0.000135
-0.000139
-0.000144
-0.000148
-0.000153
-0.000158
-0.000162
-0.000166
-0.000171
-0.000175
-0.000177
-0.000178
-0.000177
-0.000173
-0.000168
-0.000160
-0.000149
-0.000135
-0.000119
-0.000100
-0.000080
-0.000058
-0.000035
-0.000010
0.000016
0.000044
0.000074
0.000105
0.000139
0.000175
0.000211
0.000250
0.000289
0.000330
0.000371
0.000412
0.000451
0.000490
0.000527
0.000563
0.000598
0.000630
0.000661
0.000689
0.000718
0.000744
0.000768
0.000789
0.000810
0.000826
0.000841
0.000852
0.000860
0.000863
0.000864
0.000860
0.000852
0.000845
0.000833
0.000819
0.000802
0.000784
0.000763
0.000741
0.000718
0.000692
0.000662
0.000632
0.000600
0.000565
0.000529
0.000490
0.000451
0.000409
0.000369
0.000328
0.000288
0.000249
0.000211
0.000175
0.000139
0.000104
0.000071
0.000038
0.000006
-0.000024
-0.000053
-0.000080
-0.000106
-0.000130
-0.000150
-0.000167
-0.000182
-0.000193
-0.000200
-0.000204
-0.000204
-0.000202
-0.000199
-0.000193
-0.000185
-0.000175
-0.000163
-0.000149
-0.000135
-0.000118
-0.000098
-0.000078
-0.000054
-0.000028
-0.000001
0.000028
0.000057
0.000087
0.000116
0.000145
0.000172
0.000198
0.000222
0.000245
0.000266
0.000285
0.000304
0.000321
0.000338
0.000353
0.000366
0.000378
0.000387
0.000394
0.000398
0.000399
0.000396
0.000391
0.000383
0.000371
0.000359
0.000344
0.000327
0.000310
0.000291
0.000270
0.000250
0.000229
0.000207
0.000184
0.000159
0.000134
0.000107
0.000080
0.000053
0.000025
-0.000002
-0.000029
-0.000055
-0.000081
-0.000105
-0.000127
-0.000146
-0.000166
-0.000186
-0.000206
-0.000224
-0.000243
-0.000260
-0.000278
-0.000295
-0.000312
-0.000328
-0.000344
-0.000357
-0.000370
-0.000380
-0.000390
-0.000399
-0.000407
-0.000414
-0.000421
-0.000430
-0.000437
-0.000446
-0.000454
-0.000461
-0.000469
-0.000476
-0.000483
-0.000487
-0.000489
-0.000492
-0.000492
-0.000492
-0.000491
-0.000488
-0.000485
-0.000483
-0.000479
-0.000476
-0.000472
-0.000467
-0.000462
-0.000454
-0.000445
-0.000435
-0.000422
-0.000407
-0.000389
-0.000371
-0.000351
-0.000332
-0.000312
-0.000291
-0.000270
-0.000250
-0.000232
-0.000213
-0.000194
-0.000175
-0.000155
-0.000135
-0.000117
-0.000098
-0.000080
-0.000062
-0.000046
-0.000033
-0.000022
-0.000013
-0.000006
-0.000002
-0.000000
-0.000001
-0.000003
-0.000007
-0.000012
-0.000019
-0.000027
-0.000037
-0.000048
-0.000062
-0.000076
-0.000093
-0.000112
-0.000131
-0.000153
-0.000174
-0.000196
-0.000218
-0.000240
-0.000261
-0.000282
-0.000303
-0.000323
-0.000342
-0.000359
-0.000375
-0.000390
-0.000404
-0.000417
-0.000429
-0.000439
-0.000449
-0.000455
-0.000461
-0.000463
-0.000462
-0.000458
-0.000452
-0.000443
-0.000432
-0.000418
-0.000402
-0.000384
-0.000364
-0.000343
-0.000320
-0.000296
-0.000271
-0.000245
-0.000217
-0.000188
-0.000157
-0.000124
-0.000089
-0.000054
-0.000018
0.000020
0.000057
0.000095
0.000130
0.000163
0.000195
0.000226
0.000256
0.000285
0.000312
0.000340
0.000366
0.000390
0.000413
0.000435
0.000455
0.000473
0.000489
0.000502
0.000512
0.000520
0.000525
0.000526
0.000524
0.000521
0.000514
0.000506
0.000497
0.000484
0.000471
0.000455
0.000438
0.000419
0.000398
0.000376
0.000350
0.000322
0.000292
0.000261
0.000230
0.000198
0.000167
0.000135
0.000104
0.000074
0.000045
0.000018
-0.000009
-0.000034
-0.000059
-0.000082
-0.000104
-0.000124
-0.000144
-0.000162
-0.000177
-0.000192
-0.000203
-0.000213
-0.000220
-0.000224
-0.000226
-0.000226
-0.000224
-0.000220
-0.000215
-0.000209
-0.000203
-0.000197
-0.000190
-0.000184
-0.000176
-0.000166
-0.000158
-0.000149
-0.000140
-0.000130
-0.000122
-0.000113
-0.000105
-0.000098
-0.000091
-0.000086
-0.000083
-0.000082
-0.000082
-0.000084
-0.000087
-0.000091
-0.000094
-0.000098
-0.000101
-0.000105
-0.000109
-0.000115
-0.000120
-0.000126
-0.000132
-0.000140
-0.000147
-0.000155
-0.000163
-0.000170
-0.000178
-0.000185
-0.000190
-0.000196
-0.000200
-0.000202
-0.000204
-0.000205
-0.000207
-0.000208
-0.000208
-0.000208
-0.000209
-0.000209
-0.000209
-0.000208
-0.000208
-0.000206
-0.000202
-0.000199
-0.000194
-0.000188
-0.000184
-0.000179
-0.000174
-0.000170
-0.000167
-0.000164
-0.000162
-0.000162
-0.000161
-0.000162
-0.000162
-0.000163
-0.000163
-0.000164
-0.000165
-0.000167
-0.000170
-0.000173
-0.000178
-0.000183
-0.000190
-0.000198
-0.000208
-0.000218
-0.000229
-0.000241
-0.000253
-0.000267
-0.000279
-0.000292
-0.000304
-0.000316
-0.000328
-0.000341
-0.000354
-0.000369
-0.000383
-0.000397
-0.000413
-0.000429
-0.000445
-0.000461
-0.000477
-0.000492
-0.000506
-0.000519
-0.000532
-0.000544
-0.000555
-0.000565
-0.000577
-0.000587
-0.000596
-0.000605
-0.000612
-0.000621
-0.000629
-0.000635
-0.000639
-0.000642
-0.000643
-0.000641
-0.000637
-0.000631
-0.000623
-0.000613
-0.000602
-0.000589
-0.000575
-0.000560
-0.000544
-0.000525
-0.000505
-0.000484
-0.000461
-0.000436
-0.000409
-0.000380
-0.000349
-0.000316
-0.000282
-0.000247
-0.000212
-0.000178
-0.000143
-0.000108
-0.000073
-0.000037
-0.000003
0.000032
0.000067
0.000100
0.000134
0.000167
0.000200
0.000232
0.000263
0.000292
0.000318
0.000343
0.000364
0.000384
0.000401
0.000417
0.000431
0.000442
0.000453
0.000462
0.000469
0.000475
0.000481
0.000484
0.000487
0.000488
0.000487
0.000484
0.000479
0.000472
0.000464
0.000455
0.000445
0.000435
0.000424
0.000414
0.000403
0.000391
0.000380
0.000368
0.000356
0.000343
0.000328
0.000314
0.000298
0.000282
0.000265
0.000248
0.000231
0.000213
0.000196
0.000180
0.000163
0.000147
0.000132
0.000117
0.000102
0.000087
0.000072
0.000057
0.000041
0.000025
0.000010
-0.000004
-0.000018
-0.000031
-0.000042
-0.000053
-0.000063
-0.000069
-0.000075
-0.000079
-0.000082
-0.000085
-0.000089
-0.000091
-0.000092
-0.000092
-0.000089
-0.000086
-0.000081
-0.000074
-0.000065
-0.000055
-0.000044
-0.000030
-0.000014
0.000003
0.000021
0.000039
0.000057
0.000076
0.000097
0.000117
0.000136
0.000155
0.000175
0.000196
0.000216
0.000237
0.000257
0.000276
0.000295
0.000313
0.000329
0.000343
0.000356
0.000365
0.000373
0.000378
0.000381
0.000383
0.000383
0.000382
0.000379
0.000374
0.000369
0.000361
0.000352
0.000341
0.000328
0.000311
0.000294
0.000274
0.000252
0.000231
0.000208
0.000184
0.000160
0.000134
0.000111
0.000087
0.000063
0.000041
0.000018
-0.000004
-0.000026
-0.000047
-0.000070
-0.000092
-0.000115
-0.000135
-0.000153
-0.000171
-0.000187
-0.000201
-0.000213
-0.000221
-0.000230
-0.000238
-0.000244
-0.000248
-0.000251
-0.000254
-0.000257
-0.000260
-0.000260
-0.000262
-0.000261
-0.000260
-0.000259
-0.000256
-0.000253
-0.000248
-0.000244
-0.000241
-0.000236
-0.000231
-0.000229
-0.000227
-0.000227
-0.000227
-0.000228
-0.000229
-0.000230
-0.000232
-0.000233
-0.000235
-0.000238
-0.000241
-0.000244
-0.000247
-0.000249
-0.000253
-0.000256
-0.000262
-0.000267
-0.000274
-0.000280
-0.000286
-0.000292
-0.000296
-0.000299
-0.000301
-0.000301
-0.000301
-0.000300
-0.000297
-0.000294
-0.000290
-0.000284
-0.000278
-0.000272
-0.000264
-0.000256
-0.000247
-0.000237
-0.000226
-0.000212
-0.000199
-0.000184
-0.000167
-0.000151
-0.000134
-0.000117
-0.000100
-0.000084
-0.000069
-0.000055
-0.000040
-0.000026
-0.000013
-0.000000
0.000012
0.000023
0.000035
0.000046
0.000056
0.000066
0.000075
0.000082
0.000088
0.000093
0.000095
0.000096
0.000097
0.000096
0.000094
0.000090
0.000087
0.000085
0.000082
0.000079
0.000077
0.000075
0.000072
0.000069
0.000066
0.000063
0.000060
0.000056
0.000054
0.000052
0.000050
0.000051
0.000053
0.000057
0.000062
0.000068
0.000077
0.000086
0.000096
0.000107
0.000119
0.000130
0.000142
0.000153
0.000164
0.000176
0.000189
0.000202
0.000215
0.000229
0.000242
0.000257
0.000270
0.000282
0.000294
0.000303
0.000311
0.000316
0.000319
0.000319
0.000318
0.000314
0.000309
0.000300
0.000292
0.000284
0.000275
0.000263
0.000251
0.000237
0.000222
0.000204
0.000186
0.000166
0.000145
0.000124
0.000102
0.000079
0.000057
0.000036
0.000016
-0.000002
-0.000018
-0.000033
-0.000047
-0.000059
-0.000071
-0.000083
-0.000094
-0.000105
-0.000114
-0.000121
-0.000127
-0.000130
-0.000132
-0.000131
-0.000128
-0.000123
-0.000116
-0.000107
-0.000098
-0.000088
-0.000077
-0.000067
-0.000057
-0.000047
-0.000038
-0.000030
-0.000021
-0.000012
-0.000004
0.000005
0.000013
0.000021
0.000028
0.000034
0.000038
0.000041
0.000043
0.000041
0.000041
0.000038
0.000033
0.000026
0.000018
0.000010
0.000000
-0.000010
-0.000020
-0.000031
-0.000042
-0.000053
-0.000065
-0.000079
-0.000093
-0.000108
-0.000124
-0.000143
-0.000160
-0.000177
-0.000194
-0.000210
-0.000226
-0.000241
-0.000254
-0.000267
-0.000279
-0.000291
-0.000302
-0.000314
-0.000326
-0.000338
-0.000349
-0.000361
-0.000373
-0.000383
-0.000395
-0.000405
-0.000413
-0.000421
-0.000428
-0.000433
-0.000437
-0.000443
-0.000448
-0.000453
-0.000459
-0.000466
-0.000474
-0.000481
-0.000489
-0.000497
-0.000505
-0.000510
-0.000515
-0.000518
-0.000520
-0.000522
-0.000521
-0.000520
-0.000517
-0.000514
-0.000512
-0.000509
-0.000506
-0.000503
-0.000499
-0.000493
-0.000486
-0.000477
-0.000468
-0.000456
-0.000443
-0.000429
-0.000414
-0.000399
-0.000383
-0.000368
-0.000353
-0.000339
-0.000324
-0.000309
-0.000294
-0.000280
-0.000263
-0.000247
-0.000231
-0.000214
-0.000198
-0.000181
-0.000165
-0.000151
-0.000138
-0.000125
-0.000114
-0.000104
-0.000093
-0.000085
-0.000076
-0.000068
-0.000060
-0.000051
-0.000043
-0.000033
-0.000024
-0.000015
-0.000006
0.000003
0.000010
0.000016
0.000022
0.000027
0.000032
0.000036
0.000040
0.000046
0.000052
0.000059
0.000067
0.000074
0.000081
0.000088
0.000096
0.000104
0.000110
0.000116
0.000121
0.000124
0.000127
0.000130
0.000131
0.000134
0.000136
0.000138
0.000140
0.000141
0.000142
0.000141
0.000141
0.000139
0.000136
0.000130
0.000123
0.000115
0.000105
0.000096
0.000085
0.000076
0.000066
0.000056
0.000046
0.000036
0.000026
0.000016
0.000006
-0.000005
-0.000017
-0.000029
-0.000042
-0.000055
-0.000067
-0.000080
-0.000092
-0.000104
-0.000114
-0.000123
-0.000132
-0.000139
-0.000146
-0.000153
-0.000159
-0.000165
-0.000173
-0.000181
-0.000189
-0.000198
-0.000208
-0.000217
-0.000226
-0.000235
-0.000244
-0.000252
-0.000260
-0.000268
-0.000275
-0.000283
-0.000293
-0.000303
-0.000314
-0.000326
-0.000339
-0.000353
-0.000367
-0.000380
-0.000393
-0.000405
-0.000416
-0.000424
-0.000432
-0.000440
-0.000446
-0.000452
-0.000458
-0.000462
-0.000465
-0.000467
-0.000469
-0.000470
-0.000470
-0.000468
-0.000464
-0.000457
-0.000449
-0.000438
-0.000426
-0.000412
-0.000397
-0.000382
-0.000365
-0.000350
-0.000333
-0.000318
-0.000302
-0.000286
-0.000270
-0.000254
-0.000237
-0.000220
-0.000204
-0.000186
-0.000168
-0.000152
-0.000138
-0.000125
-0.000114
-0.000105
-0.000098
-0.000094
-0.000092
-0.000092
-0.000093
-0.000094
-0.000097
-0.000099
-0.000101
-0.000103
-0.000107
-0.000111
-0.000116
-0.000121
-0.000126
-0.000133
-0.000140
-0.000147
-0.000155
-0.000161
-0.000168
-0.000174
-0.000175
-0.000177
-0.000176
-0.000173
-0.000169
-0.000163
-0.000156
-0.000149
-0.000140
-0.000130
-0.000119
-0.000107
-0.000093
-0.000078
-0.000062
-0.000045
-0.000027
-0.000008
0.000013
0.000035
0.000057
0.000078
0.000099
0.000119
0.000137
0.000153
0.000169
0.000183
0.000194
0.000206
0.000217
0.000227
0.000236
0.000244
0.000252
0.000258
0.000262
0.000265
0.000266
0.000265
0.000262
0.000257
0.000251
0.000242
0.000234
0.000223
0.000212
0.000203
0.000193
0.000185
0.000177
0.000169
0.000161
0.000154
0.000146
0.000138
0.000129
0.000119
0.000111
0.000104
0.000096
0.000090
0.000085
0.000081
0.000077
0.000076
0.000075
0.000074
0.000074
0.000074
0.000074
0.000073
0.000070
0.000067
0.000064
0.000060
0.000055
0.000049
0.000044
0.000040
0.000035
0.000030
0.000023
0.000016
0.000008
-0.000002
-0.000012
-0.000023
-0.000034
-0.000048
-0.000060
-0.000072
-0.000084
-0.000096
-0.000107
-0.000116
-0.000122
-0.000128
-0.000133
-0.000136
-0.000138
-0.000140
-0.000141
-0.000142
-0.000143
-0.000141
-0.000138
-0.000135
-0.000130
-0.000122
-0.000112
-0.000101
-0.000086
-0.000072
-0.000055
-0.000036
-0.000018
0.000000
0.000019
0.000036
0.000054
0.000071
0.000088
0.000104
0.000120
0.000135
0.000149
0.000162
0.000174
0.000185
0.000195
0.000202
0.000207
0.000209
0.000210
0.000208
0.000202
0.000193
0.000183
0.000171
0.000157
0.000142
0.000126
0.000111
0.000093
0.000074
0.000055
0.000034
0.000013
-0.000009
-0.000031
-0.000054
-0.000076
-0.000099
-0.000121
-0.000141
-0.000160
-0.000177
-0.000191
-0.000203
-0.000214
-0.000221
-0.000227
-0.000231
-0.000232
-0.000232
-0.000231
-0.000227
-0.000223
-0.000218
-0.000212
-0.000203
-0.000193
-0.000181
-0.000168
-0.000152
-0.000136
-0.000120
-0.000103
-0.000086
-0.000070
-0.000055
-0.000041
-0.000028
-0.000016
-0.000005
0.000004
0.000012
0.000019
0.000026
0.000031
0.000035
0.000038
0.000040
0.000040
0.000040
0.000037
0.000032
0.000025
0.000016
0.000007
-0.000004
-0.000016
-0.000027
-0.000038
-0.000047
-0.000056
-0.000063
-0.000071
-0.000077
-0.000084
-0.000090
-0.000095
-0.000101
-0.000106
-0.000111
-0.000114
-0.000117
-0.000118
-0.000118
-0.000116
-0.000114
-0.000109
-0.000104
-0.000097
-0.000090
-0.000085
-0.000079
-0.000073
-0.000070
-0.000068
-0.000067
-0.000067
-0.000068
-0.000070
-0.000072
-0.000075
-0.000080
-0.000084
-0.000090
-0.000097
-0.000105
-0.000116
-0.000128
-0.000144
-0.000160
-0.000179
-0.000200
-0.000223
-0.000244
-0.000266
-0.000287
-0.000308
-0.000326
-0.000344
-0.000361
-0.000376
-0.000390
-0.000402
-0.000413
-0.000423
-0.000433
-0.000438
-0.000443
-0.000445
-0.000445
-0.000441
-0.000434
-0.000424
-0.000412
-0.000396
-0.000377
-0.000356
-0.000334
-0.000311
-0.000286
-0.000261
-0.000235
-0.000210
-0.000185
-0.000159
-0.000133
-0.000107
-0.000081
-0.000057
-0.000033
-0.000012
0.000009
0.000027
0.000043
0.000054
0.000062
0.000066
0.000067
0.000063
0.000056
0.000045
0.000033
0.000017
-0.000000
-0.000021
-0.000044
-0.000068
-0.000093
-0.000121
-0.000150
-0.000181
-0.000214
-0.000248
-0.000284
-0.000319
-0.000357
-0.000392
-0.000427
-0.000460
-0.000491
-0.000518
-0.000544
-0.000567
-0.000588
-0.000607
-0.000624
-0.000638
-0.000649
-0.000660
-0.000668
-0.000673
-0.000677
-0.000677
-0.000674
-0.000669
-0.000660
-0.000649
-0.000636
-0.000619
-0.000602
-0.000584
-0.000564
-0.000545
-0.000524
-0.000504
-0.000483
-0.000462
-0.000442
-0.000420
-0.000400
-0.000377
-0.000353
-0.000328
-0.000304
-0.000280
-0.000256
-0.000233
-0.000210
-0.000189
-0.000169
-0.000149
-0.000129
-0.000111
-0.000093
-0.000073
-0.000053
-0.000033
-0.000012
0.000010
0.000031
0.000053
0.000076
0.000098
0.000120
0.000140
0.000159
0.000177
0.000195
0.000213
0.000229
0.000245
0.000262
0.000279
0.000294
0.000309
0.000323
0.000337
0.000351
0.000362
0.000371
0.000378
0.000383
0.000386
0.000385
0.000384
0.000380
0.000375
0.000367
0.000359
0.000351
0.000341
0.000330
0.000319
0.000306
0.000292
0.000275
0.000258
0.000240
0.000221
0.000202
0.000183
0.000164
0.000147
0.000131
0.000116
0.000103
0.000091
0.000081
0.000074
0.000068
0.000062
0.000058
0.000056
0.000056
0.000057
0.000059
0.000063
0.000069
0.000076
0.000087
0.000100
0.000114
0.000129
0.000146
0.000163
0.000181
0.000200
0.000218
0.000236
0.000252
0.000268
0.000282
0.000296
0.000309
0.000320
0.000331
0.000340
0.000348
0.000354
0.000358
0.000360
0.000360
0.000358
0.000352
0.000345
0.000335
0.000323
0.000308
0.000291
0.000275
0.000257
0.000239
0.000220
0.000200
0.000179
0.000159
0.000137
0.000115
0.000091
0.000067
0.000041
0.000017
-0.000008
-0.000031
-0.000053
-0.000073
-0.000090
-0.000106
-0.000120
-0.000133
-0.000144
-0.000155
-0.000164
-0.000172
-0.000179
-0.000185
-0.000190
-0.000196
-0.000200
-0.000203
-0.000206
-0.000206
-0.000206
-0.000202
-0.000200
-0.000196
-0.000192
-0.000187
-0.000184
-0.000180
-0.000178
-0.000176
-0.000176
-0.000176
-0.000177
-0.000178
-0.000179
-0.000180
-0.000181
-0.000183
-0.000185
-0.000186
-0.000188
-0.000189
-0.000191
-0.000193
-0.000195
-0.000197
-0.000200
-0.000203
-0.000205
-0.000207
-0.000206
-0.000205
-0.000201
-0.000196
-0.000188
-0.000179
-0.000166
-0.000153
-0.000138
-0.000122
-0.000104
-0.000087
-0.000067
-0.000046
-0.000023
0.000003
0.000030
0.000060
0.000090
0.000124
0.000158
0.000193
0.000229
0.000265
0.000299
0.000334
0.000367
0.000399
0.000430
0.000460
0.000488
0.000516
0.000541
0.000566
0.000589
0.000610
0.000629
0.000645
0.000656
0.000665
0.000669
0.000670
0.000667
0.000660
0.000650
0.000635
0.000617
0.000595
0.000572
0.000546
0.000516
0.000487
0.000454
0.000419
0.000382
0.000344
0.000303
0.000260
0.000215
0.000169
0.000122
0.000076
0.000029
-0.000018
-0.000064
-0.000108
-0.000150
-0.000190
-0.000227
-0.000262
-0.000295
-0.000327
-0.000356
-0.000384
-0.000407
-0.000428
-0.000447
-0.000462
-0.000475
-0.000483
-0.000488
-0.000488
-0.000486
-0.000478
-0.000468
-0.000456
-0.000441
-0.000424
-0.000404
-0.000384
-0.000361
-0.000337
-0.000312
-0.000287
-0.000258
-0.000229
-0.000198
-0.000167
-0.000134
-0.000102
-0.000069
-0.000037
-0.000006
0.000023
0.000052
0.000077
0.000101
0.000124
0.000145
0.000164
0.000182
0.000199
0.000216
0.000231
0.000245
0.000259
0.000270
0.000281
0.000289
0.000296
0.000301
0.000304
0.000306
0.000308
0.000309
0.000310
0.000312
0.000314
0.000318
0.000323
0.000329
0.000335
0.000342
0.000350
0.000358
0.000366
0.000374
0.000382
0.000392
0.000400
0.000411
0.000422
0.000433
0.000445
0.000459
0.000474
0.000489
0.000504
0.000520
0.000534
0.000546
0.000555
0.000563
0.000569
0.000573
0.000576
0.000577
0.000575
0.000572
0.000568
0.000562
0.000555
0.000547
0.000537
0.000524
0.000508
0.000490
0.000469
0.000447
0.000422
0.000395
0.000366
0.000337
0.000306
0.000276
0.000246
0.000218
0.000190
0.000163
0.000136
0.000110
0.000085
0.000060
0.000037
0.000014
-0.000007
-0.000027
-0.000045
-0.000060
-0.000074
-0.000084
-0.000092
-0.000095
-0.000096
-0.000096
-0.000093
-0.000089
-0.000083
-0.000076
-0.000069
-0.000062
-0.000055
-0.000048
-0.000040
-0.000031
-0.000023
-0.000014
-0.000004
0.000005
0.000014
0.000023
0.000029
0.000035
0.000040
0.000041
0.000041
0.000037
0.000031
0.000025
0.000017
0.000009
0.000000
-0.000009
-0.000017
-0.000027
-0.000037
-0.000046
-0.000057
-0.000067
-0.000077
-0.000088
-0.000099
-0.000110
-0.000121
-0.000131
-0.000140
-0.000147
-0.000152
-0.000155
-0.000156
-0.000153
-0.000149
-0.000145
-0.000138
-0.000129
-0.000121
-0.000112
-0.000103
-0.000092
-0.000080
-0.000069
-0.000056
-0.000043
-0.000030
-0.000015
-0.000001
0.000012
0.000025
0.000037
0.000048
0.000056
0.000062
0.000066
0.000066
0.000065
0.000062
0.000057
0.000050
0.000041
0.000030
0.000018
0.000005
-0.000011
-0.000027
-0.000045
-0.000064
-0.000086
-0.000109
-0.000134
-0.000160
-0.000187
-0.000214
-0.000240
-0.000264
-0.000287
-0.000309
-0.000329
-0.000346
-0.000361
-0.000373
-0.000385
-0.000393
-0.000401
-0.000406
-0.000411
-0.000413
-0.000414
-0.000411
-0.000406
-0.000399
-0.000389
-0.000376
-0.000361
-0.000344
-0.000324
-0.000304
-0.000283
-0.000262
-0.000242
-0.000222
-0.000203
-0.000184
-0.000166
-0.000149
-0.000132
-0.000115
-0.000098
-0.000081
-0.000066
-0.000049
-0.000035
-0.000021
-0.000009
0.000002
0.000011
0.000018
0.000025
0.000030
0.000034
0.000038
0.000042
0.000048
0.000055
0.000062
0.000071
0.000080
0.000090
0.000099
0.000109
0.000122
0.000134
0.000147
0.000159
0.000173
0.000188
0.000204
0.000222
0.000240
0.000261
0.000282
0.000305
0.000329
0.000352
0.000375
0.000397
0.000418
0.000437
0.000454
0.000470
0.000484
0.000495
0.000504
0.000512
0.000518
0.000523
0.000525
0.000526
0.000525
0.000521
0.000514
0.000504
0.000490
0.000472
0.000451
0.000428
0.000401
0.000372
0.000342
0.000310
0.000277
0.000243
0.000211
0.000177
0.000142
0.000107
0.000073
0.000040
0.000005
-0.000028
-0.000063
-0.000096
-0.000127
-0.000157
-0.000184
-0.000208
-0.000229
-0.000247
-0.000260
-0.000269
-0.000277
-0.000281
-0.000283
-0.000282
-0.000279
-0.000274
-0.000266
-0.000256
-0.000243
-0.000228
-0.000210
-0.000189
-0.000167
-0.000141
-0.000115
-0.000088
-0.000059
-0.000031
-0.000003
0.000023
0.000049
0.000073
0.000096
0.000117
0.000136
0.000154
0.000171
0.000186
0.000200
0.000211
0.000220
0.000226
0.000231
0.000232
0.000229
0.000222
0.000212
0.000200
0.000186
0.000168
0.000150
0.000131
0.000112
0.000093
0.000074
0.000056
0.000038
0.000021
0.000004
-0.000012
-0.000029
-0.000044
-0.000058
-0.000070
-0.000079
-0.000086
-0.000091
-0.000091
-0.000088
-0.000080
-0.000068
-0.000052
-0.000033
-0.000010
0.000015
0.000043
0.000073
0.000104
0.000137
0.000171
0.000206
0.000242
0.000278
0.000316
0.000357
0.000396
0.000437
0.000477
0.000515
0.000551
0.000585
0.000615
0.000642
0.000665
0.000684
0.000698
0.000709
0.000716
0.000719
0.000718
0.000713
0.000705
0.000693
0.000678
0.000658
0.000634
0.000606
0.000574
0.000538
0.000497
0.000453
0.000408
0.000359
0.000308
0.000257
0.000205
0.000154
0.000103
0.000054
0.000005
-0.000042
-0.000087
-0.000132
-0.000175
-0.000216
-0.000255
-0.000292
-0.000327
-0.000357
-0.000385
-0.000410
-0.000429
-0.000444
-0.000456
-0.000464
-0.000469
-0.000471
-0.000468
-0.000464
-0.000455
-0.000444
-0.000433
-0.000419
-0.000404
-0.000387
-0.000369
-0.000347
-0.000324
-0.000300
-0.000274
-0.000246
-0.000219
-0.000193
-0.000167
-0.000141
-0.000117
-0.000094
-0.000072
-0.000052
-0.000033
-0.000015
0.000002
0.000018
0.000033
0.000047
0.000061
0.000072
0.000082
0.000091
0.000098
0.000103
0.000107
0.000109
0.000111
0.000110
0.000108
0.000105
0.000102
0.000097
0.000094
0.000091
0.000089
0.000086
0.000083
0.000080
0.000077
0.000074
0.000070
0.000066
0.000060
0.000056
0.000052
0.000049
0.000047
0.000046
0.000046
0.000047
0.000050
0.000054
0.000058
0.000063
0.000068
0.000073
0.000078
0.000083
0.000087
0.000092
0.000097
0.000103
0.000108
0.000116
0.000124
0.000133
0.000144
0.000154
0.000165
0.000176
0.000186
0.000194
0.000203
0.000212
0.000220
0.000228
0.000235
0.000243
0.000253
0.000264
0.000274
0.000285
0.000298
0.000311
0.000323
0.000335
0.000346
0.000357
0.000368
0.000377
0.000386
0.000394
0.000402
0.000410
0.000419
0.000429
0.000436
0.000443
0.000450
0.000456
0.000459
0.000462
0.000464
0.000462
0.000459
0.000453
0.000446
0.000436
0.000425
0.000412
0.000399
0.000384
0.000368
0.000351
0.000334
0.000315
0.000294
0.000271
0.000247
0.000221
0.000193
0.000163
0.000133
0.000102
0.000071
0.000041
0.000012
-0.000018
-0.000046
-0.000073
-0.000099
-0.000123
-0.000146
-0.000170
-0.000192
-0.000212
-0.000231
-0.000248
-0.000263
-0.000276
-0.000286
-0.000294
-0.000299
-0.000300
-0.000297
-0.000292
-0.000285
-0.000276
-0.000265
-0.000252
-0.000239
-0.000224
-0.000209
-0.000194
-0.000176
-0.000158
-0.000140
-0.000120
-0.000100
-0.000079
-0.000058
-0.000036
-0.000018
-0.000000
0.000015
0.000029
0.000040
0.000048
0.000054
0.000058
0.000058
0.000055
0.000050
0.000044
0.000035
0.000024
0.000011
-0.000006
-0.000024
-0.000044
-0.000068
-0.000094
-0.000123
-0.000154
-0.000187
-0.000221
-0.000255
-0.000290
-0.000324
-0.000357
-0.000388
-0.000418
-0.000448
-0.000474
-0.000499
-0.000522
-0.000546
-0.000566
-0.000584
-0.000599
-0.000612
-0.000622
-0.000628
-0.000630
-0.000629
-0.000624
-0.000616
-0.000605
-0.000589
-0.000571
-0.000550
-0.000529
-0.000506
-0.000481
-0.000455
-0.000427
-0.000400
-0.000373
-0.000343
-0.000314
-0.000283
-0.000253
-0.000222
-0.000193
-0.000164
-0.000136
-0.000110
-0.000086
-0.000065
-0.000047
-0.000032
-0.000020
-0.000011
-0.000003
0.000000
0.000002
0.000003
0.000003
0.000000
-0.000004
-0.000009
-0.000017
-0.000025
-0.000035
-0.000048
-0.000061
-0.000075
-0.000090
-0.000105
-0.000121
-0.000137
-0.000152
-0.000167
-0.000182
-0.000194
-0.000205
-0.000215
-0.000223
-0.000230
-0.000236
-0.000240
-0.000245
-0.000248
-0.000249
-0.000248
-0.000246
-0.000241
-0.000234
-0.000223
-0.000210
-0.000194
-0.000177
-0.000159
-0.000140
-0.000118
-0.000095
-0.000072
-0.000050
-0.000026
-0.000001
0.000024
0.000052
0.000079
0.000108
0.000137
0.000167
0.000196
0.000225
0.000253
0.000282
0.000309
0.000335
0.000358
0.000378
0.000396
0.000412
0.000426
0.000439
0.000449
0.000459
0.000466
0.000471
0.000474
0.000474
0.000471
0.000466
0.000457
0.000444
0.000428
0.000407
0.000383
0.000357
0.000329
0.000299
0.000266
0.000231
0.000196
0.000159
0.000122
0.000083
0.000044
0.000006
-0.000034
-0.000075
-0.000115
-0.000156
-0.000195
-0.000233
-0.000268
-0.000301
-0.000331
-0.000357
-0.000379
-0.000399
-0.000414
-0.000426
-0.000431
-0.000434
-0.000432
-0.000427
-0.000420
-0.000409
-0.000393
-0.000375
-0.000352
-0.000325
-0.000296
-0.000262
-0.000226
-0.000187
-0.000147
-0.000105
-0.000062
-0.000021
0.000021
0.000061
0.000100
0.000137
0.000172
0.000205
0.000235
0.000262
0.000288
0.000310
0.000328
0.000343
0.000354
0.000360
0.000361
0.000357
0.000348
0.000334
0.000315
0.000292
0.000264
0.000232
0.000198
0.000161
0.000121
0.000080
0.000038
-0.000005
-0.000050
-0.000096
-0.000142
-0.000188
-0.000234
-0.000279
-0.000324
-0.000369
-0.000410
-0.000448
-0.000482
-0.000513
-0.000538
-0.000561
-0.000579
-0.000593
-0.000602
-0.000607
-0.000608
-0.000604
-0.000599
-0.000589
-0.000576
-0.000560
-0.000541
-0.000518
-0.000491
-0.000463
-0.000432
-0.000398
-0.000362
-0.000324
-0.000286
-0.000249
-0.000212
-0.000176
-0.000142
-0.000110
-0.000080
-0.000052
-0.000026
-0.000001
0.000022
0.000043
0.000062
0.000080
0.000095
0.000108
0.000118
0.000126
0.000131
0.000132
0.000130
0.000125
0.000117
0.000107
0.000096
0.000085
0.000071
0.000058
0.000044
0.000030
0.000016
0.000002
-0.000013
-0.000028
-0.000042
-0.000056
-0.000071
-0.000085
-0.000100
-0.000115
-0.000128
-0.000140
-0.000151
-0.000160
-0.000169
-0.000176
-0.000182
-0.000188
-0.000194
-0.000200
-0.000206
-0.000211
-0.000218
-0.000226
-0.000233
-0.000240
-0.000247
-0.000253
-0.000258
-0.000263
-0.000266
-0.000268
-0.000271
-0.000272
-0.000272
-0.000274
-0.000274
-0.000273
-0.000273
-0.000273
-0.000270
-0.000268
-0.000262
-0.000255
-0.000246
-0.000235
-0.000222
-0.000207
-0.000191
-0.000174
-0.000154
-0.000134
-0.000114
-0.000092
-0.000070
-0.000048
-0.000025
-0.000001
0.000023
0.000048
0.000073
0.000099
0.000125
0.000151
0.000177
0.000201
0.000224
0.000243
0.000262
0.000278
0.000290
0.000301
0.000309
0.000315
0.000320
0.000322
0.000322
0.000323
0.000320
0.000316
0.000309
0.000300
0.000288
0.000275
0.000258
0.000239
0.000218
0.000197
0.000175
0.000152
0.000128
0.000106
0.000085
0.000064
0.000043
0.000024
0.000005
-0.000014
-0.000032
-0.000050
-0.000068
-0.000084
-0.000100
-0.000116
-0.000130
-0.000143
-0.000154
-0.000161
-0.000168
-0.000172
-0.000173
-0.000173
-0.000173
-0.000172
-0.000170
-0.000168
-0.000166
-0.000165
-0.000162
-0.000160
-0.000156
-0.000151
-0.000145
-0.000139
-0.000130
-0.000121
-0.000112
-0.000103
-0.000093
-0.000082
-0.000072
-0.000062
-0.000054
-0.000044
-0.000033
-0.000022
-0.000010
0.000002
0.000014
0.000029
0.000044
0.000062
0.000081
0.000099
0.000119
0.000139
0.000158
0.000177
0.000197
0.000214
0.000233
0.000251
0.000269
0.000287
0.000306
0.000323
0.000341
0.000358
0.000375
0.000391
0.000403
0.000413
0.000421
0.000425
0.000428
0.000428
0.000425
0.000420
0.000413
0.000404
0.000393
0.000382
0.000368
0.000352
0.000334
0.000315
0.000293
0.000269
0.000243
0.000214
0.000186
0.000155
0.000125
0.000094
0.000064
0.000034
0.000006
-0.000021
-0.000044
-0.000067
-0.000088
-0.000107
-0.000123
-0.000139
-0.000154
-0.000167
-0.000178
-0.000187
-0.000193
-0.000198
-0.000199
-0.000197
-0.000192
-0.000185
-0.000175
-0.000163
-0.000150
-0.000136
-0.000122
-0.000108
-0.000093
-0.000081
-0.000069
-0.000058
-0.000049
-0.000041
-0.000033
-0.000027
-0.000021
-0.000018
-0.000016
-0.000015
-0.000016
-0.000022
-0.000029
-0.000041
-0.000055
-0.000072
-0.000091
-0.000114
-0.000138
-0.000164
-0.000190
-0.000217
-0.000245
-0.000273
-0.000302
-0.000330
-0.000358
-0.000386
-0.000413
-0.000440
-0.000466
-0.000490
-0.000515
-0.000536
-0.000554
-0.000569
-0.000582
-0.000591
-0.000596
-0.000598
-0.000595
-0.000589
-0.000580
-0.000569
-0.000554
-0.000537
-0.000518
-0.000497
-0.000474
-0.000449
-0.000422
-0.000393
-0.000363
-0.000329
-0.000293
-0.000256
-0.000219
-0.000183
-0.000149
-0.000114
-0.000080
-0.000049
-0.000022
0.000003
0.000027
0.000049
0.000068
0.000086
0.000102
0.000115
0.000126
0.000135
0.000141
0.000145
0.000145
0.000141
0.000133
0.000123
0.000108
0.000092
0.000074
0.000056
0.000035
0.000015
-0.000007
-0.000029
-0.000049
-0.000070
-0.000091
-0.000112
-0.000134
-0.000154
-0.000176
-0.000197
-0.000218
-0.000236
-0.000256
-0.000271
-0.000284
-0.000296
-0.000305
-0.000311
-0.000314
-0.000314
-0.000311
-0.000306
-0.000300
-0.000292
-0.000284
-0.000273
-0.000262
-0.000248
-0.000232
-0.000216
-0.000198
-0.000178
-0.000157
-0.000134
-0.000111
-0.000088
-0.000064
-0.000042
-0.000022
-0.000002
0.000016
0.000031
0.000044
0.000056
0.000067
0.000076
0.000083
0.000089
0.000092
0.000094
0.000096
0.000094
0.000091
0.000085
0.000076
0.000065
0.000050
0.000034
0.000016
-0.000005
-0.000027
-0.000050
-0.000072
-0.000096
-0.000119
-0.000141
-0.000164
-0.000186
-0.000209
-0.000231
-0.000253
-0.000276
-0.000297
-0.000319
-0.000337
-0.000354
-0.000368
-0.000381
-0.000390
-0.000396
-0.000398
-0.000396
-0.000394
-0.000387
-0.000378
-0.000367
-0.000354
-0.000338
-0.000321
-0.000300
-0.000278
-0.000254
-0.000227
-0.000197
-0.000165
-0.000131
-0.000094
-0.000057
-0.000017
0.000023
0.000064
0.000104
0.000143
0.000181
0.000219
0.000254
0.000289
0.000322
0.000354
0.000386
0.000415
0.000444
0.000471
0.000494
0.000516
0.000533
0.000547
0.000559
0.000565
0.000568
0.000567
0.000563
0.000555
0.000544
0.000530
0.000514
0.000495
0.000474
0.000451
0.000425
0.000398
0.000368
0.000335
0.000300
0.000264
0.000225
0.000184
0.000142
0.000100
0.000058
0.000015
-0.000028
-0.000070
-0.000110
-0.000149
-0.000187
-0.000224
-0.000262
-0.000297
-0.000332
-0.000366
-0.000398
-0.000430
-0.000461
-0.000488
-0.000514
-0.000537
-0.000557
-0.000574
-0.000588
-0.000599
-0.000608
-0.000614
-0.000620
-0.000623
-0.000625
-0.000625
-0.000624
-0.000622
-0.000618
-0.000613
-0.000606
-0.000596
-0.000584
-0.000572
-0.000557
-0.000542
-0.000525
-0.000506
-0.000488
-0.000469
-0.000452
-0.000433
-0.000416
-0.000397
-0.000378
-0.000360
-0.000342
-0.000322
-0.000303
-0.000283
-0.000263
-0.000243
-0.000224
-0.000204
-0.000185
-0.000167
-0.000149
-0.000133
-0.000117
-0.000102
-0.000089
-0.000074
-0.000060
-0.000045
-0.000031
-0.000016
-0.000001
0.000014
0.000029
0.000041
0.000052
0.000063
0.000074
0.000083
0.000091
0.000098
0.000105
0.000112
0.000120
0.000128
0.000135
0.000143
0.000151
0.000158
0.000164
0.000169
0.000172
0.000174
0.000175
0.000175
0.000174
0.000172
0.000170
0.000168
0.000164
0.000162
0.000159
0.000155
0.000153
0.000149
0.000145
0.000141
0.000136
0.000130
0.000124
0.000116
0.000108
0.000099
0.000091
0.000084
0.000079
0.000074
0.000070
0.000067
0.000064
0.000062
0.000059
0.000056
0.000054
0.000052
0.000049
0.000047
0.000045
0.000043
0.000042
0.000043
0.000044
0.000046
0.000048
0.000050
0.000052
0.000054
0.000055
0.000054
0.000053
0.000052
0.000048
0.000044
0.000039
0.000035
0.000029
0.000022
0.000016
0.000008
0.000001
-0.000008
-0.000018
-0.000029
-0.000041
-0.000054
-0.000068
-0.000085
-0.000102
-0.000121
-0.000139
-0.000158
-0.000175
-0.000193
-0.000209
-0.000224
-0.000237
-0.000250
-0.000262
-0.000273
-0.000283
-0.000292
-0.000300
-0.000309
-0.000315
-0.000319
-0.000322
-0.000324
-0.000321
-0.000317
-0.000310
-0.000300
-0.000287
-0.000274
-0.000259
-0.000242
-0.000224
-0.000207
-0.000189
-0.000171
-0.000151
-0.000133
-0.000114
-0.000096
-0.000076
-0.000057
-0.000036
-0.000016
0.000003
0.000022
0.000039
0.000055
0.000068
0.000080
0.000090
0.000097
0.000101
0.000103
0.000104
0.000104
0.000102
0.000099
0.000095
0.000091
0.000085
0.000080
0.000072
0.000061
0.000051
0.000040
0.000028
0.000014
0.000000
-0.000014
-0.000028
-0.000041
-0.000052
-0.000062
-0.000071
-0.000079
-0.000085
-0.000090
-0.000094
-0.000096
-0.000098
-0.000099
-0.000099
-0.000097
-0.000095
-0.000091
-0.000085
-0.000077
-0.000069
-0.000058
-0.000046
-0.000032
-0.000018
-0.000004
0.000010
0.000024
0.000038
0.000050
0.000061
0.000071
0.000080
0.000089
0.000098
0.000106
0.000113
0.000119
0.000124
0.000129
0.000132
0.000134
0.000134
0.000133
0.000128
0.000122
0.000115
0.000106
0.000096
0.000086
0.000076
0.000065
0.000054
0.000045
0.000037
0.000029
0.000021
0.000013
0.000007
0.000002
-0.000002
-0.000007
-0.000009
-0.000010
-0.000009
-0.000006
-0.000001
0.000005
0.000015
0.000027
0.000041
0.000057
0.000075
0.000094
0.000115
0.000135
0.000156
0.000176
0.000196
0.000215
0.000234
0.000253
0.000271
0.000289
0.000307
0.000325
0.000341
0.000357
0.000370
0.000381
0.000390
0.000396
0.000399
0.000399
0.000395
0.000389
0.000381
0.000372
0.000360
0.000347
0.000332
0.000316
0.000298
0.000280
0.000259
0.000238
0.000214
0.000190
0.000164
0.000137
0.000111
0.000085
0.000059
0.000035
0.000013
-0.000007
-0.000025
-0.000041
-0.000055
-0.000066
-0.000075
-0.000082
-0.000086
-0.000090
-0.000092
-0.000090
-0.000087
-0.000082
-0.000075
-0.000065
-0.000053
-0.000037
-0.000020
0.000000
0.000022
0.000045
0.000068
0.000093
0.000116
0.000138
0.000160
0.000181
0.000200
0.000218
0.000237
0.000254
0.000270
0.000285
0.000299
0.000312
0.000324
0.000333
0.000339
0.000342
0.000343
0.000341
0.000335
0.000326
0.000315
0.000302
0.000288
0.000273
0.000256
0.000238
0.000219
0.000200
0.000181
0.000161
0.000140
0.000119
0.000097
0.000074
0.000052
0.000028
0.000006
-0.000016
-0.000036
-0.000055
-0.000073
-0.000088
-0.000101
-0.000113
-0.000123
-0.000131
-0.000138
-0.000144
-0.000150
-0.000154
-0.000159
-0.000162
-0.000163
-0.000163
-0.000161
-0.000158
-0.000153
-0.000147
-0.000139
-0.000130
-0.000121
-0.000110
-0.000100
-0.000089
-0.000080
-0.000072
-0.000065
-0.000058
-0.000052
-0.000045
-0.000039
-0.000034
-0.000028
-0.000022
-0.000015
-0.000009
-0.000003
0.000003
0.000007
0.000010
0.000013
0.000014
0.000014
0.000013
0.000013
0.000012
0.000011
0.000012
0.000013
0.000013
0.000014
0.000017
0.000018
0.000020
0.000021
0.000022
0.000021
0.000020
0.000018
0.000017
0.000016
0.000014
0.000013
0.000012
0.000011
0.000010
0.000008
0.000006
0.000004
-0.000000
-0.000005
-0.000011
-0.000020
-0.000028
-0.000039
-0.000050
-0.000062
-0.000075
-0.000089
-0.000104
-0.000118
-0.000134
-0.000151
-0.000169
-0.000188
-0.000209
-0.000232
-0.000254
-0.000279
-0.000304
-0.000330
-0.000356
-0.000382
-0.000406
-0.000430
-0.000453
-0.000473
-0.000493
-0.000513
-0.000530
-0.000547
-0.000564
-0.000579
-0.000593
-0.000605
-0.000616
-0.000624
-0.000630
-0.000633
-0.000632
-0.000627
-0.000620
-0.000609
-0.000596
-0.000580
-0.000561
-0.000541
-0.000519
-0.000495
-0.000470
-0.000444
-0.000417
-0.000389
-0.000358
-0.000328
-0.000295
-0.000261
-0.000226
-0.000190
-0.000153
-0.000117
-0.000082
-0.000048
-0.000016
0.000015
0.000043
0.000069
0.000092
0.000114
0.000133
0.000151
0.000167
0.000182
0.000195
0.000206
0.000215
0.000221
0.000226
0.000228
0.000228
0.000225
0.000220
0.000212
0.000203
0.000193
0.000180
0.000167
0.000154
0.000141
0.000127
0.000114
0.000101
0.000086
0.000073
0.000058
0.000044
0.000031
0.000018
0.000005
-0.000007
-0.000017
-0.000026
-0.000033
-0.000038
-0.000041
-0.000043
-0.000042
-0.000040
-0.000039
-0.000035
-0.000031
-0.000027
-0.000022
-0.000017
-0.000012
-0.000006
0.000000
0.000008
0.000015
0.000024
0.000033
0.000043
0.000053
0.000062
0.000070
0.000076
0.000081
0.000083
0.000086
0.000086
0.000086
0.000085
0.000083
0.000082
0.000080
0.000078
0.000076
0.000073
0.000070
0.000066
0.000060
0.000053
0.000044
0.000034
0.000022
0.000010
-0.000003
-0.000016
-0.000029
-0.000042
-0.000055
-0.000067
-0.000077
-0.000088
-0.000098
-0.000108
-0.000118
-0.000128
-0.000140
-0.000150
-0.000161
-0.000171
-0.000181
-0.000191
-0.000199
-0.000205
-0.000209
-0.000211
-0.000213
-0.000212
-0.000208
-0.000206
-0.000201
-0.000197
-0.000192
-0.000187
-0.000181
-0.000173
-0.000164
-0.000154
-0.000142
-0.000129
-0.000115
-0.000098
-0.000080
-0.000061
-0.000042
-0.000023
-0.000003
0.000017
0.000037
0.000056
0.000074
0.000092
0.000110
0.000127
0.000144
0.000160
0.000176
0.000190
0.000204
0.000216
0.000225
0.000232
0.000235
0.000235
0.000233
0.000228
0.000221
0.000211
0.000198
0.000182
0.000164
0.000145
0.000123
0.000100
0.000073
0.000046
0.000017
-0.000016
-0.000050
-0.000086
-0.000125
-0.000165
-0.000206
-0.000248
-0.000289
-0.000330
-0.000369
-0.000408
-0.000445
-0.000479
-0.000511
-0.000544
-0.000574
-0.000602
-0.000629
-0.000655
-0.000679
-0.000700
-0.000720
-0.000735
-0.000749
-0.000759
-0.000766
-0.000768
-0.000767
-0.000763
-0.000756
-0.000747
-0.000736
-0.000722
-0.000709
-0.000694
-0.000678
-0.000659
-0.000641
-0.000621
-0.000600
-0.000577
-0.000552
-0.000527
-0.000499
-0.000471
-0.000442
-0.000414
-0.000388
-0.000362
-0.000337
-0.000314
-0.000292
-0.000271
-0.000251
-0.000231
-0.000213
-0.000194
-0.000174
-0.000154
-0.000135
-0.000116
-0.000095
-0.000076
-0.000059
-0.000040
-0.000024
-0.000009
0.000006
0.000020
0.000034
0.000048
0.000063
0.000078
0.000095
0.000114
0.000133
0.000152
0.000172
0.000192
0.000212
0.000230
0.000247
0.000264
0.000279
0.000293
0.000307
0.000320
0.000333
0.000346
0.000358
0.000370
0.000380
0.000389
0.000397
0.000403
0.000406
0.000407
0.000406
0.000401
0.000394
0.000385
0.000374
0.000362
0.000349
0.000334
0.000317
0.000300
0.000281
0.000261
0.000239
0.000217
0.000191
0.000165
0.000137
0.000111
0.000082
0.000053
0.000025
-0.000004
-0.000030
-0.000056
-0.000080
-0.000104
-0.000125
-0.000146
-0.000164
-0.000183
-0.000200
-0.000216
-0.000231
-0.000244
-0.000256
-0.000265
-0.000273
-0.000278
-0.000280
-0.000279
-0.000276
-0.000271
-0.000264
-0.000255
-0.000245
-0.000233
-0.000220
-0.000206
-0.000193
-0.000179
-0.000165
-0.000150
-0.000135
-0.000119
-0.000102
-0.000085
-0.000069
-0.000053
-0.000039
-0.000024
-0.000011
0.000000
0.000009
0.000016
0.000020
0.000022
0.000021
0.000019
0.000015
0.000011
0.000005
-0.000002
-0.000011
-0.000020
-0.000030
-0.000043
-0.000055
-0.000068
-0.000084
-0.000100
-0.000117
-0.000134
-0.000152
-0.000169
-0.000185
-0.000200
-0.000214
-0.000225
-0.000233
-0.000241
-0.000246
-0.000250
-0.000253
-0.000254
-0.000254
-0.000254
-0.000251
-0.000248
-0.000241
-0.000233
-0.000223
-0.000210
-0.000197
-0.000181
-0.000162
-0.000143
-0.000123
-0.000103
-0.000082
-0.000060
-0.000040
-0.000019
0.000000
0.000019
0.000037
0.000053
0.000069
0.000084
0.000099
0.000112
0.000123
0.000133
0.000140
0.000147
0.000151
0.000150
0.000148
0.000143
0.000135
0.000125
0.000113
0.000101
0.000087
0.000073
0.000058
0.000043
0.000027
0.000011
-0.000007
-0.000023
-0.000041
-0.000058
-0.000076
-0.000093
-0.000109
-0.000125
-0.000139
-0.000151
-0.000162
-0.000169
-0.000175
-0.000177
-0.000178
-0.000175
-0.000172
-0.000166
-0.000158
-0.000150
-0.000139
-0.000127
-0.000113
-0.000097
-0.000079
-0.000060
-0.000038
-0.000016
0.000009
0.000036
0.000063
0.000091
0.000119
0.000146
0.000173
0.000198
0.000222
0.000245
0.000267
0.000287
0.000307
0.000325
0.000342
0.000357
0.000372
0.000383
0.000394
0.000402
0.000407
0.000410
0.000410
0.000405
0.000399
0.000390
0.000378
0.000364
0.000347
0.000330
0.000312
0.000293
0.000274
0.000252
0.000231
0.000210
0.000187
0.000163
0.000138
0.000113
0.000088
0.000063
0.000039
0.000015
-0.000006
-0.000025
-0.000041
-0.000056
-0.000068
-0.000078
-0.000086
-0.000091
-0.000095
-0.000097
-0.000097
-0.000096
-0.000093
-0.000087
-0.000078
-0.000066
-0.000053
-0.000035
-0.000014
0.000008
0.000033
0.000060
0.000087
0.000116
0.000146
0.000175
0.000204
0.000233
0.000261
0.000289
0.000316
0.000343
0.000370
0.000397
0.000421
0.000445
0.000468
0.000489
0.000507
0.000523
0.000535
0.000544
0.000551
0.000553
0.000554
0.000552
0.000548
0.000542
0.000536
0.000528
0.000519
0.000507
0.000495
0.000482
0.000468
0.000452
0.000435
0.000415
0.000393
0.000371
0.000348
0.000325
0.000303
0.000282
0.000263
0.000245
0.000229
0.000212
0.000197
0.000184
0.000172
0.000160
0.000148
0.000138
0.000127
0.000116
0.000107
0.000100
0.000095
0.000090
0.000086
0.000084
0.000083
0.000083
0.000083
0.000083
0.000083
0.000082
0.000080
0.000076
0.000072
0.000066
0.000059
0.000051
0.000043
0.000034
0.000025
0.000016
0.000006
-0.000005
-0.000016
-0.000028
-0.000043
-0.000059
-0.000077
-0.000096
-0.000117
-0.000138
-0.000162
-0.000184
-0.000206
-0.000228
-0.000249
-0.000269
-0.000288
-0.000308
-0.000327
-0.000346
-0.000363
-0.000380
-0.000396
-0.000411
-0.000425
-0.000438
-0.000449
-0.000457
-0.000463
-0.000467
-0.000468
-0.000467
-0.000463
-0.000457
-0.000447
-0.000437
-0.000424
-0.000410
-0.000395
-0.000379
-0.000360
-0.000340
-0.000318
-0.000295
-0.000269
-0.000240
-0.000211
-0.000180
-0.000147
-0.000113
-0.000078
-0.000042
-0.000006
0.000030
0.000065
0.000099
0.000133
0.000166
0.000197
0.000230
0.000263
0.000294
0.000325
0.000355
0.000384
0.000410
0.000434
0.000456
0.000476
0.000492
0.000505
0.000514
0.000522
0.000525
0.000525
0.000523
0.000518
0.000511
0.000501
0.000488
0.000473
0.000453
0.000431
0.000405
0.000377
0.000344
0.000309
0.000273
0.000235
0.000196
0.000156
0.000114
0.000074
0.000033
-0.000008
-0.000046
-0.000084
-0.000122
-0.000159
-0.000194
-0.000227
-0.000259
-0.000290
-0.000318
-0.000345
-0.000368
-0.000389
-0.000406
-0.000418
-0.000427
-0.000431
-0.000433
-0.000431
-0.000426
-0.000419
-0.000410
-0.000399
-0.000387
-0.000372
-0.000356
-0.000340
-0.000321
-0.000302
-0.000280
-0.000258
-0.000233
-0.000209
-0.000184
-0.000161
-0.000139
-0.000118
-0.000099
-0.000082
-0.000068
-0.000056
-0.000046
-0.000038
-0.000033
-0.000029
-0.000026
-0.000025
-0.000024
-0.000025
-0.000026
-0.000029
-0.000034
-0.000040
-0.000048
-0.000059
-0.000070
-0.000081
-0.000093
-0.000106
-0.000118
-0.000129
-0.000139
-0.000149
-0.000157
-0.000163
-0.000167
-0.000171
-0.000172
-0.000175
-0.000175
-0.000176
-0.000176
-0.000174
-0.000172
-0.000169
-0.000164
-0.000158
-0.000151
-0.000143
-0.000133
-0.000122
-0.000112
-0.000101
-0.000092
-0.000084
-0.000077
-0.000071
-0.000065
-0.000061
-0.000058
-0.000057
-0.000056
-0.000057
-0.000058
-0.000059
-0.000061
-0.000065
-0.000071
-0.000078
-0.000088
-0.000100
-0.000114
-0.000128
-0.000145
-0.000162
-0.000180
-0.000199
-0.000216
-0.000233
-0.000250
-0.000266
-0.000281
-0.000296
-0.000310
-0.000323
-0.000336
-0.000350
-0.000363
-0.000373
-0.000383
-0.000390
-0.000397
-0.000401
-0.000404
-0.000402
-0.000398
-0.000392
-0.000384
-0.000373
-0.000361
-0.000348
-0.000333
-0.000317
-0.000302
-0.000286
-0.000270
-0.000253
-0.000236
-0.000218
-0.000198
-0.000178
-0.000157
-0.000135
-0.000113
-0.000091
-0.000070
-0.000051
-0.000033
-0.000018
-0.000005
0.000008
0.000019
0.000028
0.000036
0.000042
0.000047
0.000052
0.000056
0.000058
0.000060
0.000060
0.000057
0.000053
0.000047
0.000040
0.000028
0.000016
0.000002
-0.000012
-0.000026
-0.000040
-0.000054
-0.000068
-0.000082
-0.000095
-0.000107
-0.000119
-0.000131
-0.000143
-0.000155
-0.000167
-0.000178
-0.000190
-0.000200
-0.000207
-0.000215
-0.000219
-0.000224
-0.000226
-0.000226
-0.000224
-0.000221
-0.000219
-0.000214
-0.000209
-0.000204
-0.000199
-0.000194
-0.000189
-0.000184
-0.000177
-0.000169
-0.000161
-0.000153
-0.000143
-0.000134
-0.000124
-0.000115
-0.000107
-0.000099
-0.000093
-0.000088
-0.000085
-0.000082
-0.000080
-0.000080
-0.000079
-0.000078
-0.000078
-0.000079
-0.000079
-0.000078
-0.000078
-0.000078
-0.000079
-0.000078
-0.000078
-0.000080
-0.000082
-0.000083
-0.000085
-0.000087
-0.000088
-0.000089
-0.000087
-0.000085
-0.000081
-0.000075
-0.000068
-0.000060
-0.000050
-0.000041
-0.000030
-0.000021
-0.000010
0.000001
0.000011
0.000021
0.000032
0.000044
0.000057
0.000072
0.000085
0.000100
0.000114
0.000128
0.000142
0.000153
0.000163
0.000170
0.000175
0.000179
0.000181
0.000182
0.000182
0.000181
0.000179
0.000175
0.000171
0.000166
0.000160
0.000152
0.000143
0.000131
0.000117
0.000101
0.000084
0.000066
0.000047
0.000027
0.000008
-0.000010
-0.000028
-0.000045
-0.000062
-0.000077
-0.000091
-0.000106
-0.000119
-0.000131
-0.000143
-0.000153
-0.000163
-0.000171
-0.000179
-0.000185
-0.000189
-0.000190
-0.000190
-0.000189
-0.000184
-0.000179
-0.000173
-0.000166
-0.000159
-0.000152
-0.000144
-0.000137
-0.000129
-0.000121
-0.000112
-0.000101
-0.000090
-0.000078
-0.000065
-0.000051
-0.000036
-0.000021
-0.000006
0.000008
0.000022
0.000035
0.000047
0.000060
0.000072
0.000084
0.000096
0.000110
0.000125
0.000141
0.000157
0.000174
0.000190
0.000207
0.000224
0.000240
0.000255
0.000269
0.000282
0.000296
0.000307
0.000318
0.000330
0.000341
0.000352
0.000363
0.000373
0.000384
0.000393
0.000401
0.000408
0.000412
0.000414
0.000413
0.000412
0.000407
0.000400
0.000392
0.000382
0.000372
0.000361
0.000350
0.000337
0.000324
0.000311
0.000297
0.000281
0.000265
0.000246
0.000228
0.000208
0.000188
0.000168
0.000149
0.000131
0.000113
0.000098
0.000084
0.000073
0.000063
0.000055
0.000047
0.000041
0.000037
0.000035
0.000034
0.000033
0.000034
0.000035
0.000039
0.000046
0.000054
0.000064
0.000076
0.000091
0.000105
0.000120
0.000137
0.000153
0.000168
0.000183
0.000198
0.000211
0.000223
0.000234
0.000244
0.000254
0.000262
0.000269
0.000273
0.000277
0.000278
0.000278
0.000275
0.000270
0.000261
0.000250
0.000238
0.000222
0.000203
0.000184
0.000163
0.000142
0.000120
0.000098
0.000075
0.000052
0.000030
0.000005
-0.000019
-0.000045
-0.000070
-0.000096
-0.000120
-0.000144
-0.000165
-0.000186
-0.000203
-0.000218
-0.000229
-0.000238
-0.000245
-0.000249
-0.000251
-0.000253
-0.000252
-0.000250
-0.000246
-0.000241
-0.000235
-0.000227
-0.000220
-0.000211
-0.000200
-0.000187
-0.000174
-0.000160
-0.000145
-0.000131
-0.000117
-0.000105
-0.000094
-0.000083
-0.000074
-0.000067
-0.000062
-0.000058
-0.000054
-0.000051
-0.000049
-0.000048
-0.000047
-0.000046
-0.000047
-0.000048
-0.000050
-0.000053
-0.000057
-0.000062
-0.000069
-0.000076
-0.000084
-0.000091
-0.000096
-0.000102
-0.000107
-0.000109
-0.000110
-0.000108
-0.000105
-0.000101
-0.000095
-0.000088
-0.000080
-0.000071
-0.000062
-0.000052
-0.000039
-0.000025
-0.000009
0.000008
0.000027
0.000047
0.000070
0.000094
0.000119
0.000144
0.000167
0.000193
0.000216
0.000238
0.000259
0.000280
0.000298
0.000316
0.000332
0.000347
0.000361
0.000374
0.000386
0.000397
0.000405
0.000410
0.000413
0.000414
0.000412
0.000407
0.000400
0.000390
0.000377
0.000363
0.000349
0.000334
0.000319
0.000303
0.000286
0.000270
0.000253
0.000236
0.000219
0.000202
0.000185
0.000167
0.000149
0.000133
0.000116
0.000101
0.000088
0.000077
0.000069
0.000063
0.000058
0.000055
0.000054
0.000055
0.000056
0.000058
0.000059
0.000062
0.000065
0.000069
0.000073
0.000078
0.000083
0.000088
0.000094
0.000100
0.000106
0.000112
0.000117
0.000120
0.000121
0.000121
0.000118
0.000114
0.000107
0.000098
0.000088
0.000077
0.000064
0.000050
0.000035
0.000019
0.000002
-0.000016
-0.000034
-0.000055
-0.000077
-0.000100
-0.000123
-0.000149
-0.000175
-0.000202
-0.000229
-0.000255
-0.000279
-0.000302
-0.000324
-0.000344
-0.000362
-0.000379
-0.000394
-0.000408
-0.000421
-0.000432
-0.000442
-0.000450
-0.000456
-0.000460
-0.000462
-0.000462
-0.000458
-0.000453
-0.000445
-0.000434
-0.000422
-0.000408
-0.000393
-0.000377
-0.000361
-0.000344
-0.000326
-0.000308
-0.000288
-0.000270
-0.000251
-0.000230
-0.000209
-0.000187
-0.000166
-0.000144
-0.000122
-0.000100
-0.000079
-0.000058
-0.000040
-0.000021
-0.000004
0.000011
0.000027
0.000042
0.000057
0.000073
0.000088
0.000103
0.000119
0.000136
0.000152
0.000168
0.000183
0.000197
0.000210
0.000222
0.000233
0.000245
0.000255
0.000266
0.000276
0.000288
0.000300
0.000312
0.000325
0.000337
0.000349
0.000361
0.000373
0.000384
0.000393
0.000401
0.000408
0.000413
0.000418
0.000424
0.000428
0.000434
0.000439
0.000444
0.000448
0.000452
0.000454
0.000456
0.000457
0.000456
0.000455
0.000451
0.000445
0.000437
0.000429
0.000421
0.000414
0.000406
0.000398
0.000389
0.000381
0.000371
0.000361
0.000350
0.000337
0.000322
0.000307
0.000291
0.000274
0.000256
0.000238
0.000221
0.000204
0.000186
0.000169
0.000153
0.000137
0.000123
0.000108
0.000093
0.000078
0.000063
0.000047
0.000032
0.000017
0.000003
-0.000009
-0.000020
-0.000030
-0.000039
-0.000045
-0.000049
-0.000053
-0.000056
-0.000058
-0.000061
-0.000061
-0.000062
-0.000061
-0.000061
-0.000059
-0.000057
-0.000052
-0.000046
-0.000039
-0.000032
-0.000025
-0.000016
-0.000006
0.000004
0.000013
0.000022
0.000030
0.000038
0.000045
0.000050
0.000055
0.000058
0.000063
0.000068
0.000072
0.000075
0.000077
0.000080
0.000083
0.000083
0.000082
0.000079
0.000076
0.000071
0.000063
0.000054
0.000045
0.000034
0.000023
0.000012
-0.000001
-0.000012
-0.000025
-0.000038
-0.000052
-0.000066
-0.000080
-0.000096
-0.000113
-0.000130
-0.000148
-0.000167
-0.000184
-0.000202
-0.000219
-0.000236
-0.000251
-0.000264
-0.000277
-0.000290
-0.000302
-0.000313
-0.000324
-0.000335
-0.000347
-0.000356
-0.000367
-0.000376
-0.000384
-0.000392
-0.000399
-0.000405
-0.000409
-0.000411
-0.000412
-0.000412
-0.000412
-0.000412
-0.000411
-0.000409
-0.000409
-0.000408
-0.000407
-0.000404
-0.000403
-0.000399
-0.000396
-0.000391
-0.000385
-0.000379
-0.000371
-0.000364
-0.000356
-0.000348
-0.000340
-0.000331
-0.000324
-0.000316
-0.000308
-0.000301
-0.000292
-0.000283
-0.000272
-0.000261
-0.000250
-0.000238
-0.000224
-0.000209
-0.000194
-0.000180
-0.000164
-0.000151
-0.000139
-0.000125
-0.000113
-0.000100
-0.000087
-0.000073
-0.000060
-0.000044
-0.000028
-0.000011
0.000007
0.000024
0.000043
0.000060
0.000076
0.000093
0.000108
0.000122
0.000137
0.000150
0.000164
0.000178
0.000193
0.000209
0.000226
0.000242
0.000258
0.000274
0.000289
0.000303
0.000315
0.000325
0.000333
0.000341
0.000347
0.000351
0.000356
0.000359
0.000362
0.000364
0.000365
0.000365
0.000363
0.000361
0.000356
0.000349
0.000339
0.000328
0.000314
0.000297
0.000279
0.000261
0.000241
0.000220
0.000198
0.000176
0.000154
0.000130
0.000107
0.000082
0.000057
0.000032
0.000006
-0.000021
-0.000048
-0.000075
-0.000100
-0.000124
-0.000147
-0.000168
-0.000186
-0.000201
-0.000215
-0.000226
-0.000235
-0.000243
-0.000249
-0.000252
-0.000255
-0.000255
-0.000254
-0.000250
-0.000244
-0.000236
-0.000226
-0.000211
-0.000194
-0.000174
-0.000152
-0.000130
-0.000105
-0.000080
-0.000055
-0.000030
-0.000006
0.000019
0.000042
0.000066
0.000090
0.000112
0.000134
0.000156
0.000176
0.000196
0.000214
0.000231
0.000244
0.000255
0.000263
0.000268
0.000270
0.000269
0.000265
0.000258
0.000248
0.000237
0.000225
0.000212
0.000197
0.000183
0.000167
0.000151
0.000132
0.000114
0.000095
0.000074
0.000053
0.000033
0.000011
-0.000008
-0.000025
-0.000040
-0.000054
-0.000066
-0.000076
-0.000083
-0.000086
-0.000087
-0.000086
-0.000083
-0.000077
-0.000070
-0.000060
-0.000049
-0.000034
-0.000018
0.000002
0.000025
0.000050
0.000077
0.000105
0.000136
0.000169
0.000201
0.000235
0.000267
0.000299
0.000331
0.000361
0.000390
0.000417
0.000443
0.000467
0.000490
0.000512
0.000530
0.000546
0.000559
0.000570
0.000578
0.000582
0.000583
0.000579
0.000570
0.000559
0.000544
0.000525
0.000504
0.000480
0.000454
0.000426
0.000396
0.000365
0.000331
0.000297
0.000261
0.000223
0.000184
0.000144
0.000103
0.000063
0.000023
-0.000015
-0.000053
-0.000089
-0.000125
-0.000157
-0.000186
-0.000213
-0.000236
-0.000257
-0.000277
-0.000293
-0.000308
-0.000321
-0.000331
-0.000340
-0.000346
-0.000349
-0.000350
-0.000347
-0.000343
-0.000334
-0.000322
-0.000308
-0.000292
-0.000275
-0.000257
-0.000237
-0.000216
-0.000195
-0.000175
-0.000155
-0.000133
-0.000111
-0.000089
-0.000067
-0.000044
-0.000021
0.000003
0.000027
0.000050
0.000073
0.000094
0.000115
0.000133
0.000150
0.000165
0.000177
0.000189
0.000201
0.000211
0.000222
0.000231
0.000238
0.000246
0.000253
0.000257
0.000261
0.000262
0.000261
0.000259
0.000255
0.000250
0.000241
0.000233
0.000223
0.000212
0.000199
0.000187
0.000175
0.000163
0.000150
0.000136
0.000120
0.000104
0.000088
0.000070
0.000052
0.000034
0.000015
-0.000003
-0.000020
-0.000035
-0.000049
-0.000061
-0.000072
-0.000081
-0.000088
-0.000094
-0.000098
-0.000101
-0.000101
-0.000100
-0.000097
-0.000093
-0.000085
-0.000076
-0.000062
-0.000047
-0.000029
-0.000008
0.000015
0.000039
0.000066
0.000093
0.000120
0.000148
0.000176
0.000204
0.000230
0.000256
0.000281
0.000306
0.000329
0.000353
0.000374
0.000395
0.000413
0.000429
0.000442
0.000452
0.000458
0.000458
0.000454
0.000446
0.000433
0.000416
0.000396
0.000372
0.000346
0.000318
0.000287
0.000255
0.000219
0.000182
0.000143
0.000104
0.000063
0.000019
-0.000026
-0.000070
-0.000113
-0.000155
-0.000195
-0.000233
-0.000268
-0.000300
-0.000328
-0.000351
-0.000372
-0.000388
-0.000400
-0.000409
-0.000415
-0.000418
-0.000417
-0.000412
-0.000403
-0.000391
-0.000374
-0.000355
-0.000333
-0.000307
-0.000279
-0.000249
-0.000217
-0.000184
-0.000152
-0.000119
-0.000087
-0.000057
-0.000029
-0.000003
0.000021
0.000043
0.000064
0.000082
0.000097
0.000109
0.000118
0.000125
0.000128
0.000128
0.000124
0.000115
0.000104
0.000089
0.000071
0.000051
0.000027
0.000003
-0.000024
-0.000051
-0.000079
-0.000106
-0.000134
-0.000160
-0.000187
-0.000214
-0.000240
-0.000264
-0.000288
-0.000310
-0.000332
-0.000349
-0.000365
-0.000378
-0.000388
-0.000394
-0.000397
-0.000396
-0.000393
-0.000385
-0.000375
-0.000363
-0.000348
-0.000332
-0.000315
-0.000296
-0.000275
-0.000255
-0.000232
-0.000209
-0.000184
-0.000156
-0.000129
-0.000100
-0.000072
-0.000045
-0.000018
0.000008
0.000031
0.000053
0.000072
0.000088
0.000102
0.000113
0.000122
0.000128
0.000134
0.000137
0.000138
0.000139
0.000139
0.000136
0.000132
0.000125
0.000116
0.000105
0.000093
0.000079
0.000063
0.000046
0.000029
0.000011
-0.000006
-0.000024
-0.000041
-0.000057
-0.000074
-0.000089
-0.000104
-0.000118
-0.000134
-0.000147
-0.000162
-0.000176
-0.000190
-0.000202
-0.000213
-0.000222
-0.000230
-0.000236
-0.000240
-0.000242
-0.000242
-0.000241
-0.000238
-0.000235
-0.000232
-0.000228
-0.000224
-0.000219
-0.000213
-0.000207
-0.000200
-0.000190
-0.000182
-0.000172
-0.000160
-0.000148
-0.000136
-0.000124
-0.000112
-0.000100
-0.000090
-0.000081
-0.000074
-0.000067
-0.000062
-0.000058
-0.000055
-0.000052
-0.000051
-0.000050
-0.000049
-0.000050
-0.000051
-0.000053
-0.000057
-0.000064
-0.000072
-0.000083
-0.000095
-0.000109
-0.000125
-0.000141
-0.000158
-0.000175
-0.000193
-0.000211
-0.000226
-0.000243
-0.000261
-0.000277
-0.000294
-0.000311
-0.000328
-0.000345
-0.000361
-0.000376
-0.000389
-0.000400
-0.000410
-0.000418
-0.000423
-0.000426
-0.000426
-0.000424
-0.000420
-0.000415
-0.000408
-0.000401
-0.000391
-0.000381
-0.000370
-0.000358
-0.000343
-0.000327
-0.000310
-0.000292
-0.000273
-0.000254
-0.000234
-0.000213
-0.000192
-0.000172
-0.000153
-0.000134
-0.000116
-0.000100
-0.000087
-0.000074
-0.000062
-0.000051
-0.000041
-0.000032
-0.000022
-0.000014
-0.000008
-0.000002
0.000003
0.000006
0.000007
0.000007
0.000006
0.000003
-0.000002
-0.000009
-0.000015
-0.000021
-0.000026
-0.000032
-0.000037
-0.000042
-0.000048
-0.000051
-0.000055
-0.000059
-0.000063
-0.000067
-0.000070
-0.000075
-0.000079
-0.000084
-0.000087
-0.000090
-0.000091
-0.000093
-0.000094
-0.000095
-0.000094
-0.000094
-0.000093
-0.000093
-0.000094
-0.000096
-0.000100
-0.000104
-0.000109
-0.000115
-0.000120
-0.000126
-0.000132
-0.000139
-0.000144
-0.000149
-0.000156
-0.000161
-0.000170
-0.000179
-0.000188
-0.000200
-0.000211
-0.000222
-0.000233
-0.000243
-0.000252
-0.000261
-0.000268
-0.000275
-0.000279
-0.000282
-0.000284
-0.000284
-0.000283
-0.000281
-0.000278
-0.000274
-0.000267
-0.000257
-0.000248
-0.000236
-0.000222
-0.000207
-0.000188
-0.000167
-0.000144
-0.000120
-0.000094
-0.000066
-0.000037
-0.000008
0.000021
0.000050
0.000080
0.000107
0.000135
0.000161
0.000187
0.000213
0.000238
0.000262
0.000284
0.000306
0.000325
0.000341
0.000355
0.000367
0.000374
0.000378
0.000379
0.000378
0.000373
0.000366
0.000356
0.000343
0.000330
0.000314
0.000296
0.000276
0.000253
0.000229
0.000202
0.000174
0.000145
0.000114
0.000082
0.000050
0.000017
-0.000014
-0.000044
-0.000073
-0.000098
-0.000123
-0.000146
-0.000165
-0.000183
-0.000199
-0.000212
-0.000223
-0.000231
-0.000237
-0.000241
-0.000240
-0.000237
-0.000230
-0.000219
-0.000205
-0.000189
-0.000169
-0.000145
-0.000120
-0.000094
-0.000066
-0.000038
-0.000009
0.000020
0.000048
0.000076
0.000104
0.000132
0.000158
0.000185
0.000210
0.000234
0.000256
0.000277
0.000295
0.000310
0.000322
0.000330
0.000334
0.000335
0.000332
0.000327
0.000319
0.000309
0.000295
0.000281
0.000265
0.000248
0.000229
0.000209
0.000187
0.000163
0.000140
0.000115
0.000089
0.000063
0.000035
0.000009
-0.000018
-0.000043
-0.000067
-0.000090
-0.000109
-0.000127
-0.000142
-0.000155
-0.000167
-0.000177
-0.000186
-0.000195
-0.000200
-0.000204
-0.000208
-0.000209
-0.000209
-0.000209
-0.000206
-0.000202
-0.000197
-0.000189
-0.000181
-0.000174
-0.000165
-0.000156
-0.000149
-0.000140
-0.000133
-0.000128
-0.000122
-0.000117
-0.000112
-0.000106
-0.000100
-0.000095
-0.000089
-0.000082
-0.000077
-0.000071
-0.000066
-0.000061
-0.000058
-0.000056
-0.000055
-0.000054
-0.000053
-0.000052
-0.000051
-0.000049
-0.000047
-0.000043
-0.000038
-0.000033
-0.000028
-0.000023
-0.000020
-0.000018
-0.000016
-0.000015
-0.000016
-0.000018
-0.000021
-0.000024
-0.000028
-0.000034
-0.000039
-0.000044
-0.000051
-0.000059
-0.000067
-0.000078
-0.000089
-0.000104
-0.000120
-0.000137
-0.000156
-0.000176
-0.000200
-0.000224
-0.000249
-0.000273
-0.000298
-0.000322
-0.000346
-0.000368
-0.000392
-0.000414
-0.000436
-0.000457
-0.000477
-0.000497
-0.000516
-0.000532
-0.000547
-0.000558
-0.000567
-0.000572
-0.000575
-0.000573
-0.000569
-0.000560
-0.000548
-0.000534
-0.000516
-0.000496
-0.000474
-0.000451
-0.000425
-0.000397
-0.000366
-0.000333
-0.000300
-0.000264
-0.000226
-0.000186
-0.000146
-0.000106
-0.000065
-0.000025
0.000014
0.000050
0.000086
0.000120
0.000151
0.000180
0.000207
0.000233
0.000258
0.000279
0.000298
0.000316
0.000332
0.000344
0.000351
0.000357
0.000358
0.000356
0.000350
0.000342
0.000330
0.000316
0.000299
0.000280
0.000259
0.000238
0.000215
0.000190
0.000163
0.000135
0.000105
0.000073
0.000039
0.000002
-0.000034
-0.000072
-0.000111
-0.000150
-0.000190
-0.000229
-0.000267
-0.000304
-0.000340
-0.000376
-0.000412
-0.000446
-0.000480
-0.000514
-0.000546
-0.000578
-0.000611
-0.000641
-0.000670
-0.000697
-0.000722
-0.000744
-0.000764
-0.000781
-0.000795
-0.000805
-0.000813
-0.000820
-0.000824
-0.000825
-0.000825
-0.000824
-0.000821
-0.000816
-0.000809
-0.000800
-0.000788
-0.000773
-0.000755
-0.000734
-0.000711
-0.000685
-0.000657
-0.000628
-0.000597
-0.000565
-0.000534
-0.000503
-0.000471
-0.000439
-0.000407
-0.000373
-0.000339
-0.000305
-0.000271
-0.000237
-0.000203
-0.000169
-0.000136
-0.000105
-0.000075
-0.000048
-0.000020
0.000003
0.000026
0.000047
0.000066
0.000084
0.000101
0.000117
0.000132
0.000145
0.000157
0.000168
0.000178
0.000187
0.000194
0.000200
0.000205
0.000206
0.000207
0.000208
0.000207
0.000206
0.000206
0.000205
0.000205
0.000205
0.000205
0.000206
0.000206
0.000206
0.000206
0.000205
0.000204
0.000202
0.000199
0.000196
0.000193
0.000190
0.000188
0.000185
0.000183
0.000182
0.000181
0.000181
0.000178
0.000175
0.000171
0.000166
0.000160
0.000152
0.000143
0.000134
0.000126
0.000117
0.000107
0.000099
0.000091
0.000082
0.000074
0.000066
0.000056
0.000047
0.000037
0.000025
0.000013
0.000001
-0.000012
-0.000025
-0.000038
-0.000051
-0.000063
-0.000074
-0.000084
-0.000094
-0.000104
-0.000113
-0.000124
-0.000135
-0.000146
-0.000158
-0.000170
-0.000181
-0.000194
-0.000206
-0.000218
-0.000228
-0.000238
-0.000246
-0.000253
-0.000260
-0.000268
-0.000276
-0.000284
-0.000292
-0.000299
-0.000308
-0.000317
-0.000326
-0.000337
-0.000346
-0.000355
-0.000362
-0.000368
-0.000372
-0.000376
-0.000378
-0.000380
-0.000381
-0.000382
-0.000384
-0.000385
-0.000386
-0.000388
-0.000390
-0.000390
-0.000389
-0.000387
-0.000385
-0.000380
-0.000376
-0.000370
-0.000363
-0.000357
-0.000351
-0.000345
-0.000340
-0.000335
-0.000331
-0.000327
-0.000323
-0.000318
-0.000313
-0.000308
-0.000303
-0.000295
-0.000288
-0.000281
-0.000273
-0.000265
-0.000258
-0.000251
-0.000244
-0.000238
-0.000233
-0.000229
-0.000225
-0.000220
-0.000214
-0.000208
-0.000200
-0.000191
-0.000182
-0.000171
-0.000159
-0.000148
-0.000137
-0.000126
-0.000115
-0.000105
-0.000094
-0.000083
-0.000073
-0.000062
-0.000051
-0.000039
-0.000025
-0.000012
0.000002
0.000016
0.000032
0.000045
0.000058
0.000071
0.000083
0.000092
0.000100
0.000108
0.000114
0.000120
0.000124
0.000129
0.000133
0.000137
0.000140
0.000140
0.000140
0.000139
0.000136
0.000131
0.000124
0.000115
0.000106
0.000094
0.000082
0.000069
0.000055
0.000042
0.000029
0.000015
0.000002
-0.000011
-0.000025
-0.000038
-0.000052
-0.000068
-0.000083
-0.000097
-0.000111
-0.000125
-0.000137
-0.000148
-0.000158
-0.000167
-0.000173
-0.000178
-0.000181
-0.000185
-0.000187
-0.000189
-0.000191
-0.000193
-0.000194
-0.000194
-0.000195
-0.000196
-0.000196
-0.000193
-0.000190
-0.000186
-0.000181
-0.000176
-0.000171
-0.000166
-0.000161
-0.000155
-0.000151
-0.000147
-0.000144
-0.000140
-0.000138
-0.000136
-0.000134
-0.000131
-0.000129
-0.000125
-0.000121
-0.000116
-0.000112
-0.000107
-0.000104
-0.000100
-0.000098
-0.000095
-0.000094
-0.000093
-0.000092
-0.000091
-0.000089
-0.000087
-0.000084
-0.000080
-0.000076
-0.000071
-0.000067
-0.000063
-0.000058
-0.000053
-0.000049
-0.000045
-0.000043
-0.000040
-0.000037
-0.000034
-0.000031
-0.000026
-0.000020
-0.000014
-0.000007
0.000001
0.000009
0.000016
0.000024
0.000033
0.000041
0.000045
0.000051
0.000055
0.000061
0.000067
0.000073
0.000079
0.000088
0.000096
0.000105
0.000115
0.000124
0.000133
0.000141
0.000150
0.000159
0.000167
0.000174
0.000180
0.000187
0.000194
0.000203
0.000212
0.000220
0.000228
0.000238
0.000248
0.000256
0.000265
0.000272
0.000277
0.000281
0.000284
0.000285
0.000286
0.000286
0.000285
0.000284
0.000284
0.000283
0.000284
0.000283
0.000281
0.000280
0.000277
0.000272
0.000266
0.000258
0.000249
0.000241
0.000230
0.000220
0.000210
0.000201
0.000194
0.000188
0.000181
0.000176
0.000171
0.000165
0.000160
0.000154
0.000149
0.000144
0.000139
0.000135
0.000133
0.000131
0.000131
0.000132
0.000135
0.000140
0.000144
0.000150
0.000156
0.000162
0.000168
0.000173
0.000176
0.000180
0.000182
0.000183
0.000183
0.000182
0.000181
0.000181
0.000179
0.000176
0.000174
0.000168
0.000162
0.000155
0.000145
0.000133
0.000119
0.000104
0.000087
0.000068
0.000047
0.000026
0.000004
-0.000017
-0.000041
-0.000063
-0.000086
-0.000110
-0.000134
-0.000157
-0.000181
-0.000205
-0.000229
-0.000254
-0.000278
-0.000300
-0.000322
-0.000341
-0.000358
-0.000373
-0.000385
-0.000395
-0.000404
-0.000409
-0.000414
-0.000417
-0.000418
-0.000418
-0.000416
-0.000415
-0.000411
-0.000406
-0.000397
-0.000388
-0.000377
-0.000364
-0.000349
-0.000333
-0.000316
-0.000298
-0.000280
-0.000262
-0.000244
-0.000226
-0.000209
-0.000193
-0.000177
-0.000162
-0.000147
-0.000132
-0.000117
-0.000101
-0.000086
-0.000071
-0.000057
-0.000044
-0.000033
-0.000023
-0.000014
-0.000008
-0.000004
0.000000
0.000002
0.000004
0.000006
0.000007
0.000009
0.000011
0.000010
0.000011
0.000012
0.000012
0.000012
0.000011
0.000008
0.000005
0.000002
-0.000002
-0.000007
-0.000011
-0.000016
-0.000018
-0.000020
-0.000021
-0.000020
-0.000019
-0.000018
-0.000016
-0.000016
-0.000015
-0.000014
-0.000015
-0.000015
-0.000016
-0.000018
-0.000018
-0.000017
-0.000016
-0.000014
-0.000011
-0.000008
-0.000005
-0.000001
0.000003
0.000007
0.000010
0.000012
0.000014
0.000016
0.000017
0.000018
0.000019
0.000021
0.000024
0.000029
0.000033
0.000038
0.000044
0.000051
0.000056
0.000062
0.000067
0.000072
0.000076
0.000081
0.000085
0.000090
0.000095
0.000101
0.000107
0.000115
0.000123
0.000131
0.000139
0.000149
0.000157
0.000164
0.000171
0.000178
0.000185
0.000191
0.000197
0.000204
0.000210
0.000217
0.000223
0.000230
0.000235
0.000241
0.000247
0.000252
0.000255
0.000257
0.000256
0.000252
0.000249
0.000241
0.000234
0.000225
0.000217
0.000207
0.000196
0.000186
0.000175
0.000162
0.000149
0.000134
0.000119
0.000102
0.000083
0.000064
0.000045
0.000025
0.000006
-0.000012
-0.000030
-0.000047
-0.000063
-0.000077
-0.000089
-0.000100
-0.000110
-0.000118
-0.000127
-0.000135
-0.000143
-0.000149
-0.000153
-0.000156
-0.000156
-0.000153
-0.000149
-0.000143
-0.000134
-0.000123
-0.000111
-0.000098
-0.000084
-0.000070
-0.000055
-0.000042
-0.000029
-0.000019
-0.000006
0.000005
0.000017
0.000029
0.000039
0.000049
0.000060
0.000069
0.000076
0.000082
0.000085
0.000086
0.000086
0.000083
0.000078
0.000069
0.000060
0.000049
0.000037
0.000026
0.000012
-0.000001
-0.000015
-0.000028
-0.000042
-0.000056
-0.000070
-0.000085
-0.000100
-0.000116
-0.000131
-0.000145
-0.000159
-0.000171
-0.000180
-0.000187
-0.000191
-0.000190
-0.000187
-0.000183
-0.000176
-0.000167
-0.000156
-0.000144
-0.000129
-0.000114
-0.000096
-0.000077
-0.000056
-0.000033
-0.000008
0.000019
0.000049
0.000080
0.000111
0.000144
0.000176
0.000209
0.000241
0.000272
0.000300
0.000327
0.000353
0.000378
0.000399
0.000420
0.000439
0.000457
0.000472
0.000485
0.000498
0.000508
0.000516
0.000520
0.000523
0.000521
0.000518
0.000513
0.000504
0.000492
0.000481
0.000468
0.000455
0.000440
0.000425
0.000410
0.000395
0.000380
0.000365
0.000350
0.000334
0.000318
0.000302
0.000285
0.000269
0.000254
0.000240
0.000228
0.000218
0.000209
0.000203
0.000197
0.000194
0.000192
0.000191
0.000190
0.000189
0.000189
0.000189
0.000189
0.000190
0.000192
0.000195
0.000198
0.000202
0.000208
0.000215
0.000222
0.000230
0.000238
0.000246
0.000253
0.000259
0.000264
0.000268
0.000272
0.000274
0.000277
0.000280
0.000283
0.000285
0.000288
0.000292
0.000296
0.000299
0.000302
0.000304
0.000304
0.000304
0.000303
0.000300
0.000297
0.000292
0.000288
0.000283
0.000279
0.000274
0.000269
0.000264
0.000259
0.000253
0.000246
0.000237
0.000226
0.000214
0.000200
0.000184
0.000167
0.000149
0.000129
0.000111
0.000091
0.000071
0.000051
0.000031
0.000011
-0.000007
-0.000026
-0.000046
-0.000066
-0.000086
-0.000107
-0.000126
-0.000146
-0.000164
-0.000180
-0.000195
-0.000206
-0.000215
-0.000223
-0.000226
-0.000230
-0.000231
-0.000231
-0.000229
-0.000226
-0.000221
-0.000215
-0.000208
-0.000199
-0.000187
-0.000174
-0.000158
-0.000141
-0.000123
-0.000104
-0.000084
-0.000063
-0.000044
-0.000025
-0.000007
0.000009
0.000023
0.000034
0.000043
0.000050
0.000054
0.000056
0.000057
0.000056
0.000053
0.000048
0.000040
0.000028
0.000013
-0.000004
-0.000026
-0.000051
-0.000081
-0.000112
-0.000146
-0.000181
-0.000217
-0.000254
-0.000292
-0.000328
-0.000364
-0.000399
-0.000434
-0.000467
-0.000500
-0.000532
-0.000563
-0.000593
-0.000621
-0.000647
-0.000671
-0.000692
-0.000710
-0.000725
-0.000734
-0.000740
-0.000742
-0.000739
-0.000733
-0.000724
-0.000712
-0.000698
-0.000682
-0.000664
-0.000645
-0.000625
-0.000602
-0.000579
-0.000552
-0.000524
-0.000495
-0.000465
-0.000434
-0.000403
-0.000371
-0.000340
-0.000310
-0.000282
-0.000255
-0.000231
-0.000208
-0.000186
-0.000167
-0.000149
-0.000133
-0.000118
-0.000103
-0.000089
-0.000076
-0.000062
-0.000050
-0.000040
-0.000031
-0.000024
-0.000019
-0.000013
-0.000007
-0.000002
0.000003
0.000007
0.000012
0.000018
0.000023
0.000030
0.000038
0.000045
0.000055
0.000062
0.000070
0.000077
0.000082
0.000087
0.000090
0.000091
0.000092
0.000092
0.000090
0.000087
0.000082
0.000078
0.000071
0.000061
0.000048
0.000032
0.000013
-0.000009
-0.000034
-0.000062
-0.000093
-0.000127
-0.000163
-0.000201
-0.000241
-0.000282
-0.000324
-0.000367
-0.000410
-0.000454
-0.000499
-0.000546
-0.000592
-0.000639
-0.000685
-0.000731
-0.000775
-0.000817
-0.000857
-0.000892
-0.000923
-0.000951
-0.000973
-0.000991
-0.001006
-0.001016
-0.001022
-0.001024
-0.001022
-0.001016
-0.001008
-0.000995
-0.000978
-0.000959
-0.000935
-0.000907
-0.000876
-0.000841
-0.000802
-0.000761
-0.000719
-0.000675
-0.000630
-0.000584
-0.000539
-0.000495
-0.000452
-0.000411
-0.000369
-0.000329
-0.000290
-0.000252
-0.000215
-0.000179
-0.000144
-0.000110
-0.000078
-0.000049
-0.000021
0.000004
0.000027
0.000049
0.000068
0.000085
0.000101
0.000116
0.000130
0.000143
0.000157
0.000173
0.000190
0.000206
0.000222
0.000240
0.000257
0.000275
0.000293
0.000313
0.000332
0.000351
0.000372
0.000394
0.000417
0.000442
0.000468
0.000496
0.000525
0.000555
0.000585
0.000614
0.000642
0.000669
0.000696
0.000721
0.000744
0.000766
0.000786
0.000805
0.000821
0.000836
0.000850
0.000864
0.000875
0.000884
0.000891
0.000894
0.000893
0.000890
0.000884
0.000874
0.000862
0.000848
0.000831
0.000814
0.000795
0.000775
0.000756
0.000736
0.000716
0.000695
0.000673
0.000652
0.000631
0.000607
0.000585
0.000563
0.000541
0.000521
0.000501
0.000483
0.000468
0.000456
0.000446
0.000439
0.000434
0.000431
0.000428
0.000427
0.000426
0.000427
0.000427
0.000429
0.000431
0.000434
0.000437
0.000442
0.000448
0.000454
0.000461
0.000469
0.000477
0.000484
0.000491
0.000495
0.000496
0.000494
0.000490
0.000485
0.000478
0.000468
0.000457
0.000445
0.000431
0.000416
0.000399
0.000381
0.000364
0.000344
0.000321
0.000300
0.000276
0.000252
0.000225
0.000200
0.000174
0.000149
0.000125
0.000102
0.000082
0.000063
0.000047
0.000034
0.000023
0.000015
0.000008
0.000005
0.000004
0.000005
0.000007
0.000013
0.000022
0.000033
0.000048
0.000067
0.000088
0.000112
0.000141
0.000170
0.000201
0.000234
0.000268
0.000302
0.000336
0.000370
0.000404
0.000436
0.000467
0.000498
0.000528
0.000556
0.000581
0.000605
0.000626
0.000645
0.000658
0.000670
0.000676
0.000678
0.000676
0.000668
0.000657
0.000640
0.000619
0.000597
0.000571
0.000542
0.000511
0.000476
0.000438
0.000399
0.000358
0.000314
0.000267
0.000218
0.000168
0.000116
0.000064
0.000012
-0.000040
-0.000091
-0.000139
-0.000185
-0.000229
-0.000269
-0.000307
-0.000342
-0.000373
-0.000403
-0.000431
-0.000455
-0.000478
-0.000497
-0.000512
-0.000523
-0.000532
-0.000536
-0.000536
-0.000533
-0.000526
-0.000515
-0.000501
-0.000484
-0.000467
-0.000447
-0.000427
-0.000405
-0.000383
-0.000360
-0.000336
-0.000313
-0.000289
-0.000264
-0.000238
-0.000214
-0.000189
-0.000163
-0.000139
-0.000115
-0.000093
-0.000073
-0.000056
-0.000039
-0.000027
-0.000015
-0.000005
0.000003
0.000011
0.000018
0.000026
0.000033
0.000040
0.000047
0.000052
0.000057
0.000061
0.000065
0.000068
0.000071
0.000072
0.000075
0.000077
0.000079
0.000083
0.000088
0.000094
0.000101
0.000110
0.000120
0.000131
0.000143
0.000154
0.000165
0.000176
0.000187
0.000197
0.000207
0.000218
0.000230
0.000242
0.000255
0.000267
0.000279
0.000291
0.000301
0.000310
0.000317
0.000322
0.000323
0.000323
0.000320
0.000313
0.000305
0.000295
0.000281
0.000267
0.000250
0.000231
0.000210
0.000187
0.000161
0.000133
0.000103
0.000070
0.000034
-0.000004
-0.000044
-0.000087
-0.000131
-0.000176
-0.000221
-0.000266
-0.000311
-0.000354
-0.000397
-0.000440
-0.000481
-0.000521
-0.000559
-0.000597
-0.000633
-0.000668
-0.000702
-0.000732
-0.000761
-0.000786
-0.000808
-0.000825
-0.000837
-0.000845
-0.000848
-0.000848
-0.000845
-0.000839
-0.000829
-0.000815
-0.000800
-0.000782
-0.000763
-0.000741
-0.000716
-0.000687
-0.000656
-0.000623
-0.000587
-0.000550
-0.000511
-0.000472
-0.000433
-0.000395
-0.000358
-0.000323
-0.000288
-0.000256
-0.000227
-0.000199
-0.000172
-0.000148
-0.000125
-0.000104
-0.000084
-0.000066
-0.000051
-0.000038
-0.000027
-0.000018
-0.000014
-0.000013
-0.000014
-0.000018
-0.000024
-0.000032
-0.000043
-0.000054
-0.000064
-0.000076
-0.000086
-0.000097
-0.000108
-0.000119
-0.000130
-0.000141
-0.000152
-0.000162
-0.000174
-0.000184
-0.000193
-0.000203
-0.000210
-0.000218
-0.000222
-0.000224
-0.000224
-0.000224
-0.000223
-0.000221
-0.000219
-0.000217
-0.000215
-0.000213
-0.000210
-0.000207
-0.000204
-0.000201
-0.000197
-0.000192
-0.000184
-0.000176
-0.000168
-0.000159
-0.000149
-0.000139
-0.000131
-0.000122
-0.000114
-0.000107
-0.000098
-0.000090
-0.000081
-0.000072
-0.000061
-0.000049
-0.000034
-0.000019
-0.000001
0.000019
0.000041
0.000064
0.000088
0.000111
0.000134
0.000158
0.000182
0.000206
0.000233
0.000259
0.000287
0.000317
0.000346
0.000376
0.000406
0.000437
0.000466
0.000495
0.000521
0.000544
0.000565
0.000582
0.000598
0.000609
0.000619
0.000627
0.000632
0.000635
0.000637
0.000637
0.000633
0.000627
0.000618
0.000605
0.000590
0.000570
0.000548
0.000522
0.000493
0.000462
0.000430
0.000397
0.000363
0.000327
0.000293
0.000259
0.000224
0.000192
0.000160
0.000128
0.000097
0.000065
0.000034
0.000005
-0.000023
-0.000050
-0.000075
-0.000095
-0.000113
-0.000129
-0.000141
-0.000150
-0.000156
-0.000161
-0.000162
-0.000163
-0.000164
-0.000164
-0.000162
-0.000159
-0.000154
-0.000148
-0.000143
-0.000135
-0.000126
-0.000116
-0.000104
-0.000093
-0.000082
-0.000070
-0.000059
-0.000050
-0.000042
-0.000035
-0.000030
-0.000025
-0.000022
-0.000019
-0.000017
-0.000016
-0.000014
-0.000013
-0.000013
-0.000013
-0.000013
-0.000014
-0.000015
-0.000017
-0.000020
-0.000024
-0.000029
-0.000034
-0.000039
-0.000044
-0.000049
-0.000051
-0.000054
-0.000055
-0.000055
-0.000052
-0.000049
-0.000045
-0.000040
-0.000034
-0.000028
-0.000023
-0.000016
-0.000009
0.000000
0.000010
0.000021
0.000034
0.000049
0.000066
0.000083
0.000102
0.000122
0.000143
0.000164
0.000184
0.000203
0.000223
0.000241
0.000260
0.000278
0.000297
0.000316
0.000334
0.000352
0.000370
0.000387
0.000404
0.000419
0.000432
0.000444
0.000453
0.000459
0.000463
0.000466
0.000465
0.000463
0.000459
0.000454
0.000447
0.000438
0.000427
0.000416
0.000402
0.000386
0.000368
0.000349
0.000327
0.000303
0.000278
0.000250
0.000222
0.000194
0.000164
0.000134
0.000106
0.000078
0.000053
0.000028
0.000004
-0.000018
-0.000040
-0.000061
-0.000082
-0.000101
-0.000120
-0.000135
-0.000149
-0.000161
-0.000170
-0.000176
-0.000178
-0.000177
-0.000172
-0.000165
-0.000154
-0.000140
-0.000124
-0.000107
-0.000089
-0.000070
-0.000050
-0.000029
-0.000006
0.000016
0.000040
0.000065
0.000091
0.000116
0.000141
0.000164
0.000187
0.000207
0.000225
0.000240
0.000252
0.000261
0.000266
0.000269
0.000268
0.000266
0.000260
0.000250
0.000238
0.000224
0.000207
0.000189
0.000167
0.000143
0.000117
0.000089
0.000058
0.000026
-0.000007
-0.000041
-0.000072
-0.000104
-0.000133
-0.000163
-0.000189
-0.000212
-0.000231
-0.000249
-0.000264
-0.000275
-0.000284
-0.000291
-0.000294
-0.000294
-0.000291
-0.000285
-0.000275
-0.000260
-0.000241
-0.000219
-0.000192
-0.000162
-0.000131
-0.000096
-0.000061
-0.000024
0.000012
0.000049
0.000084
0.000119
0.000154
0.000186
0.000218
0.000250
0.000279
0.000308
0.000335
0.000358
0.000379
0.000398
0.000413
0.000423
0.000430
0.000432
0.000429
0.000424
0.000415
0.000403
0.000386
0.000368
0.000348
0.000325
0.000301
0.000275
0.000247
0.000217
0.000185
0.000151
0.000117
0.000082
0.000046
0.000010
-0.000026
-0.000059
-0.000093
-0.000124
-0.000153
-0.000179
-0.000204
-0.000227
-0.000248
-0.000267
-0.000283
-0.000299
-0.000313
-0.000325
-0.000334
-0.000342
-0.000347
-0.000350
-0.000350
-0.000347
-0.000342
-0.000335
-0.000324
-0.000311
-0.000298
-0.000284
-0.000269
-0.000255
-0.000240
-0.000224
-0.000210
-0.000193
-0.000177
-0.000161
-0.000144
-0.000126
-0.000110
-0.000092
-0.000075
-0.000059
-0.000043
-0.000028
-0.000017
-0.000007
0.000001
0.000006
0.000010
0.000011
0.000010
0.000007
0.000002
-0.000003
-0.000011
-0.000019
-0.000030
-0.000044
-0.000059
-0.000077
-0.000098
-0.000122
-0.000149
-0.000178
-0.000209
-0.000242
-0.000276
-0.000311
-0.000347
-0.000383
-0.000419
-0.000454
-0.000489
-0.000522
-0.000556
-0.000588
-0.000621
-0.000652
-0.000682
-0.000709
-0.000735
-0.000758
-0.000779
-0.000797
-0.000810
-0.000820
-0.000825
-0.000826
-0.000823
-0.000816
-0.000804
-0.000790
-0.000773
-0.000753
-0.000730
-0.000703
-0.000674
-0.000644
-0.000610
-0.000575
-0.000537
-0.000496
-0.000455
-0.000412
-0.000367
-0.000324
-0.000282
-0.000240
-0.000201
-0.000164
-0.000130
-0.000098
-0.000069
-0.000043
-0.000019
0.000004
0.000024
0.000041
0.000057
0.000068
0.000077
0.000082
0.000084
0.000083
0.000078
0.000071
0.000060
0.000047
0.000034
0.000019
0.000004
-0.000010
-0.000024
-0.000037
-0.000048
-0.000059
-0.000067
-0.000075
-0.000082
-0.000089
-0.000095
-0.000098
-0.000098
-0.000096
-0.000092
-0.000085
-0.000073
-0.000059
-0.000042
-0.000020
0.000003
0.000030
0.000058
0.000089
0.000120
0.000150
0.000181
0.000211
0.000242
0.000272
0.000301
0.000330
0.000357
0.000384
0.000410
0.000433
0.000455
0.000474
0.000490
0.000501
0.000510
0.000514
0.000514
0.000511
0.000503
0.000491
0.000477
0.000461
0.000441
0.000420
0.000398
0.000375
0.000349
0.000321
0.000291
0.000261
0.000229
0.000196
0.000163
0.000130
0.000096
0.000065
0.000035
0.000007
-0.000018
-0.000040
-0.000060
-0.000076
-0.000091
-0.000102
-0.000112
-0.000121
-0.000126
-0.000130
-0.000133
-0.000134
-0.000132
-0.000129
-0.000123
-0.000116
-0.000105
-0.000094
-0.000082
-0.000068
-0.000054
-0.000040
-0.000026
-0.000015
-0.000004
0.000006
0.000014
0.000020
0.000026
0.000030
0.000034
0.000036
0.000039
0.000039
0.000041
0.000041
0.000042
0.000040
0.000036
0.000032
0.000026
0.000018
0.000009
0.000000
-0.000009
-0.000018
-0.000025
-0.000031
-0.000037
-0.000041
-0.000043
-0.000043
-0.000042
-0.000041
-0.000039
-0.000037
-0.000036
-0.000034
-0.000031
-0.000028
-0.000024
-0.000020
-0.000014
-0.000007
0.000002
0.000012
0.000023
0.000033
0.000044
0.000053
0.000062
0.000070
0.000076
0.000081
0.000085
0.000087
0.000089
0.000090
0.000091
0.000090
0.000090
0.000089
0.000086
0.000081
0.000075
0.000069
0.000059
0.000049
0.000037
0.000024
0.000010
-0.000003
-0.000017
-0.000032
-0.000045
-0.000057
-0.000069
-0.000080
-0.000089
-0.000099
-0.000107
-0.000116
-0.000122
-0.000130
-0.000136
-0.000142
-0.000147
-0.000153
-0.000156
-0.000158
-0.000158
-0.000156
-0.000151
-0.000147
-0.000141
-0.000135
-0.000127
-0.000118
-0.000111
-0.000104
-0.000097
-0.000091
-0.000085
-0.000079
-0.000074
-0.000068
-0.000063
-0.000057
-0.000052
-0.000048
-0.000044
-0.000043
-0.000043
-0.000044
-0.000048
-0.000053
-0.000060
-0.000068
-0.000078
-0.000089
-0.000101
-0.000112
-0.000124
-0.000136
-0.000148
-0.000160
-0.000171
-0.000184
-0.000196
-0.000210
-0.000223
-0.000238
-0.000252
-0.000266
-0.000279
-0.000292
-0.000303
-0.000312
-0.000321
-0.000325
-0.000329
-0.000330
-0.000331
-0.000329
-0.000327
-0.000323
-0.000319
-0.000314
-0.000308
-0.000302
-0.000294
-0.000285
-0.000275
-0.000262
-0.000247
-0.000231
-0.000214
-0.000196
-0.000179
-0.000161
-0.000144
-0.000129
-0.000114
-0.000101
-0.000090
-0.000079
-0.000070
-0.000060
-0.000053
-0.000046
-0.000039
-0.000034
-0.000030
-0.000028
-0.000028
-0.000029
-0.000031
-0.000037
-0.000044
-0.000052
-0.000063
-0.000075
-0.000087
-0.000100
-0.000111
-0.000121
-0.000130
-0.000138
-0.000145
-0.000151
-0.000156
-0.000160
-0.000162
-0.000163
-0.000164
-0.000163
-0.000160
-0.000155
-0.000147
-0.000136
-0.000122
-0.000106
-0.000088
-0.000067
-0.000043
-0.000019
0.000009
0.000036
0.000065
0.000094
0.000121
0.000148
0.000175
0.000202
0.000229
0.000256
0.000280
0.000305
0.000327
0.000347
0.000366
0.000380
0.000392
0.000400
0.000403
0.000403
0.000399
0.000389
0.000375
0.000359
0.000339
0.000316
0.000290
0.000262
0.000230
0.000197
0.000160
0.000123
0.000082
0.000039
-0.000006
-0.000052
-0.000099
-0.000146
-0.000192
-0.000239
-0.000285
-0.000327
-0.000367
-0.000404
-0.000436
-0.000467
-0.000494
-0.000517
-0.000537
-0.000553
-0.000566
-0.000576
-0.000582
-0.000585
-0.000583
-0.000577
-0.000567
-0.000554
-0.000535
-0.000513
-0.000487
-0.000458
-0.000427
-0.000393
-0.000358
-0.000322
-0.000285
-0.000249
-0.000212
-0.000175
-0.000139
-0.000103
-0.000068
-0.000034
-0.000001
0.000031
0.000061
0.000091
0.000117
0.000142
0.000163
0.000181
0.000196
0.000208
0.000216
0.000221
0.000223
0.000223
0.000222
0.000219
0.000215
0.000209
0.000202
0.000194
0.000185
0.000174
0.000162
0.000148
0.000135
0.000121
0.000107
0.000094
0.000080
0.000068
0.000058
0.000049
0.000043
0.000037
0.000032
0.000030
0.000028
0.000027
0.000027
0.000027
0.000026
0.000027
0.000028
0.000030
0.000034
0.000040
0.000045
0.000051
0.000058
0.000065
0.000073
0.000081
0.000088
0.000092
0.000095
0.000098
0.000098
0.000098
0.000096
0.000092
0.000088
0.000084
0.000079
0.000073
0.000066
0.000058
0.000048
0.000038
0.000025
0.000011
-0.000005
-0.000022
-0.000042
-0.000063
-0.000084
-0.000106
-0.000129
-0.000151
-0.000174
-0.000198
-0.000221
-0.000244
-0.000267
-0.000289
-0.000311
-0.000333
-0.000356
-0.000379
-0.000401
-0.000422
-0.000442
-0.000460
-0.000479
-0.000494
-0.000507
-0.000518
-0.000525
-0.000530
-0.000534
-0.000534
-0.000533
-0.000530
-0.000526
-0.000520
-0.000510
-0.000499
-0.000485
-0.000468
-0.000447
-0.000424
-0.000396
-0.000366
-0.000333
-0.000298
-0.000260
-0.000220
-0.000179
-0.000137
-0.000094
-0.000050
-0.000007
0.000037
0.000082
0.000129
0.000174
0.000220
0.000266
0.000311
0.000353
0.000397
0.000439
0.000478
0.000514
0.000546
0.000575
0.000600
0.000622
0.000641
0.000656
0.000668
0.000677
0.000684
0.000688
0.000689
0.000686
0.000680
0.000672
0.000659
0.000644
0.000624
0.000603
0.000579
0.000552
0.000522
0.000490
0.000458
0.000426
0.000394
0.000362
0.000332
0.000301
0.000271
0.000242
0.000213
0.000184
0.000156
0.000128
0.000102
0.000078
0.000055
0.000036
0.000018
0.000003
-0.000008
-0.000018
-0.000025
-0.000030
-0.000032
-0.000032
-0.000031
-0.000030
-0.000027
-0.000025
-0.000022
-0.000018
-0.000013
-0.000007
-0.000001
0.000005
0.000013
0.000020
0.000027
0.000034
0.000041
0.000048
0.000053
0.000057
0.000060
0.000062
0.000062
0.000061
0.000060
0.000059
0.000058
0.000057
0.000057
0.000058
0.000058
0.000059
0.000059
0.000059
0.000061
0.000061
0.000062
0.000063
0.000064
0.000067
0.000071
0.000076
0.000082
0.000090
0.000102
0.000114
0.000128
0.000143
0.000159
0.000176
0.000193
0.000210
0.000227
0.000243
0.000260
0.000277
0.000295
0.000312
0.000329
0.000347
0.000364
0.000380
0.000394
0.000409
0.000420
0.000430
0.000437
0.000440
0.000441
0.000439
0.000433
0.000426
0.000417
0.000407
0.000394
0.000378
0.000362
0.000344
0.000324
0.000302
0.000278
0.000252
0.000223
0.000192
0.000159
0.000125
0.000091
0.000056
0.000023
-0.000010
-0.000042
-0.000072
-0.000101
-0.000128
-0.000153
-0.000178
-0.000200
-0.000222
-0.000243
-0.000262
-0.000280
-0.000296
-0.000308
-0.000318
-0.000325
-0.000329
-0.000329
-0.000325
-0.000319
-0.000311
-0.000300
-0.000286
-0.000272
-0.000255
-0.000236
-0.000216
-0.000196
-0.000175
-0.000152
-0.000128
-0.000101
-0.000073
-0.000044
-0.000014
0.000017
0.000047
0.000079
0.000110
0.000140
0.000169
0.000196
0.000222
0.000247
0.000271
0.000292
0.000314
0.000334
0.000354
0.000373
0.000392
0.000409
0.000425
0.000439
0.000451
0.000461
0.000470
0.000476
0.000480
0.000483
0.000483
0.000483
0.000481
0.000478
0.000475
0.000471
0.000466
0.000459
0.000452
0.000444
0.000433
0.000422
0.000407
0.000391
0.000374
0.000356
0.000338
0.000318
0.000298
0.000279
0.000257
0.000236
0.000215
0.000194
0.000172
0.000150
0.000125
0.000100
0.000075
0.000049
0.000022
-0.000005
-0.000032
-0.000058
-0.000084
-0.000109
-0.000133
-0.000156
-0.000177
-0.000196
-0.000215
-0.000234
-0.000253
-0.000270
-0.000287
-0.000304
-0.000319
-0.000334
-0.000347
-0.000357
-0.000366
-0.000372
-0.000375
-0.000376
-0.000376
-0.000373
-0.000367
-0.000360
-0.000352
-0.000343
-0.000332
-0.000320
-0.000308
-0.000294
-0.000280
-0.000263
-0.000244
-0.000224
-0.000202
-0.000178
-0.000154
-0.000130
-0.000106
-0.000080
-0.000057
-0.000034
-0.000013
0.000007
0.000026
0.000044
0.000061
0.000077
0.000094
0.000109
0.000123
0.000137
0.000149
0.000159
0.000167
0.000174
0.000179
0.000181
0.000180
0.000178
0.000174
0.000170
0.000166
0.000159
0.000152
0.000145
0.000138
0.000132
0.000127
0.000121
0.000114
0.000108
0.000100
0.000092
0.000084
0.000076
0.000070
0.000064
0.000060
0.000057
0.000057
0.000059
0.000062
0.000066
0.000072
0.000078
0.000085
0.000092
0.000099
0.000105
0.000112
0.000117
0.000122
0.000130
0.000138
0.000147
0.000157
0.000166
0.000174
0.000182
0.000189
0.000195
0.000198
0.000200
0.000200
0.000198
0.000192
0.000186
0.000179
0.000169
0.000158
0.000146
0.000132
0.000119
0.000105
0.000089
0.000073
0.000054
0.000034
0.000010
-0.000014
-0.000039
-0.000065
-0.000090
-0.000116
-0.000140
-0.000164
-0.000186
-0.000207
-0.000225
-0.000242
-0.000256
-0.000268
-0.000279
-0.000289
-0.000296
-0.000302
-0.000305
-0.000307
-0.000306
-0.000303
-0.000296
-0.000285
-0.000272
-0.000255
-0.000236
-0.000213
-0.000190
-0.000164
-0.000138
-0.000111
-0.000084
-0.000058
-0.000032
-0.000007
0.000017
0.000042
0.000066
0.000089
0.000112
0.000134
0.000155
0.000174
0.000190
0.000204
0.000214
0.000220
0.000224
0.000224
0.000220
0.000213
0.000204
0.000193
0.000179
0.000163
0.000147
0.000128
0.000110
0.000089
0.000066
0.000042
0.000016
-0.000012
-0.000039
-0.000069
-0.000098
-0.000129
-0.000157
-0.000183
-0.000207
-0.000230
-0.000251
-0.000269
-0.000284
-0.000298
-0.000310
-0.000321
-0.000330
-0.000338
-0.000345
-0.000350
-0.000354
-0.000356
-0.000357
-0.000356
-0.000354
-0.000350
-0.000345
-0.000338
-0.000331
-0.000322
-0.000315
-0.000310
-0.000305
-0.000303
-0.000300
-0.000300
-0.000301
-0.000303
-0.000306
-0.000311
-0.000316
-0.000322
-0.000329
-0.000336
-0.000345
-0.000355
-0.000365
-0.000377
-0.000390
-0.000404
-0.000420
-0.000435
-0.000451
-0.000465
-0.000480
-0.000493
-0.000504
-0.000515
-0.000523
-0.000528
-0.000532
-0.000534
-0.000532
-0.000530
-0.000526
-0.000519
-0.000511
-0.000500
-0.000487
-0.000470
-0.000451
-0.000429
-0.000403
-0.000374
-0.000342
-0.000307
-0.000272
-0.000235
-0.000197
-0.000159
-0.000120
-0.000081
-0.000043
-0.000005
0.000033
0.000070
0.000107
0.000144
0.000179
0.000214
0.000247
0.000278
0.000308
0.000335
0.000360
0.000379
0.000396
0.000410
0.000421
0.000428
0.000433
0.000435
0.000437
0.000435
0.000431
0.000426
0.000418
0.000410
0.000400
0.000388
0.000374
0.000359
0.000342
0.000322
0.000302
0.000280
0.000258
0.000237
0.000215
0.000195
0.000177
0.000158
0.000140
0.000123
0.000107
0.000090
0.000075
0.000058
0.000044
0.000030
0.000016
0.000004
-0.000006
-0.000015
-0.000022
-0.000028
-0.000031
-0.000033
-0.000033
-0.000031
-0.000029
-0.000024
-0.000021
-0.000017
-0.000013
-0.000008
-0.000003
0.000003
0.000011
0.000020
0.000031
0.000043
0.000056
0.000070
0.000087
0.000103
0.000119
0.000135
0.000151
0.000166
0.000180
0.000195
0.000210
0.000223
0.000237
0.000251
0.000265
0.000278
0.000291
0.000304
0.000316
0.000326
0.000335
0.000343
0.000347
0.000350
0.000349
0.000347
0.000342
0.000335
0.000327
0.000316
0.000303
0.000290
0.000275
0.000259
0.000241
0.000220
0.000197
0.000172
0.000145
0.000115
0.000083
0.000050
0.000016
-0.000019
-0.000054
-0.000088
-0.000122
-0.000156
-0.000188
-0.000219
-0.000250
-0.000279
-0.000309
-0.000336
-0.000362
-0.000387
-0.000411
-0.000432
-0.000451
-0.000465
-0.000477
-0.000487
-0.000493
-0.000495
-0.000495
-0.000491
-0.000485
-0.000477
-0.000466
-0.000455
-0.000440
-0.000425
-0.000409
-0.000391
-0.000373
-0.000354
-0.000334
-0.000312
-0.000289
-0.000266
-0.000244
-0.000222
-0.000202
-0.000183
-0.000166
-0.000151
-0.000138
-0.000127
-0.000119
-0.000113
-0.000110
-0.000108
-0.000109
-0.000111
-0.000115
-0.000122
-0.000129
-0.000139
-0.000151
-0.000165
-0.000181
-0.000199
-0.000219
-0.000240
-0.000262
-0.000286
-0.000310
-0.000332
-0.000353
-0.000374
-0.000394
-0.000413
-0.000430
-0.000446
-0.000462
-0.000475
-0.000488
-0.000500
-0.000511
-0.000520
-0.000526
-0.000530
-0.000531
-0.000530
-0.000526
-0.000520
-0.000511
-0.000499
-0.000485
-0.000469
-0.000451
-0.000432
-0.000414
-0.000393
-0.000372
-0.000351
-0.000329
-0.000307
-0.000284
-0.000260
-0.000235
-0.000210
-0.000184
-0.000159
-0.000134
-0.000111
-0.000087
-0.000066
-0.000046
-0.000027
-0.000010
0.000005
0.000020
0.000033
0.000046
0.000057
0.000068
0.000079
0.000089
0.000099
0.000106
0.000112
0.000117
0.000121
0.000124
0.000125
0.000126
0.000124
0.000124
0.000123
0.000122
0.000122
0.000122
0.000124
0.000126
0.000129
0.000132
0.000135
0.000137
0.000139
0.000142
0.000144
0.000146
0.000148
0.000151
0.000154
0.000158
0.000164
0.000171
0.000178
0.000186
0.000194
0.000204
0.000212
0.000220
0.000226
0.000232
0.000237
0.000241
0.000245
0.000248
0.000249
0.000251
0.000253
0.000256
0.000258
0.000261
0.000264
0.000265
0.000265
0.000264
0.000261
0.000256
0.000249
0.000240
0.000230
0.000219
0.000207
0.000194
0.000181
0.000168
0.000152
0.000135
0.000117
0.000098
0.000077
0.000054
0.000029
0.000003
-0.000027
-0.000057
-0.000088
-0.000121
-0.000154
-0.000188
-0.000223
-0.000259
-0.000294
-0.000330
-0.000367
-0.000405
-0.000442
-0.000481
-0.000522
-0.000562
-0.000602
-0.000641
-0.000681
-0.000719
-0.000755
-0.000790
-0.000823
-0.000852
-0.000879
-0.000905
-0.000929
-0.000950
-0.000971
-0.000988
-0.001004
-0.001018
-0.001028
-0.001035
-0.001040
-0.001040
-0.001037
-0.001030
-0.001020
-0.001006
-0.000990
-0.000970
-0.000947
-0.000923
-0.000897
-0.000870
-0.000841
-0.000811
-0.000780
-0.000749
-0.000716
-0.000683
-0.000649
-0.000615
-0.000581
-0.000546
-0.000512
-0.000478
-0.000448
-0.000419
-0.000392
-0.000368
-0.000347
-0.000329
-0.000312
-0.000298
-0.000286
-0.000275
-0.000265
-0.000257
-0.000252
-0.000248
-0.000245
-0.000244
-0.000246
-0.000249
-0.000253
-0.000258
-0.000265
-0.000273
-0.000281
-0.000289
-0.000297
-0.000304
-0.000308
-0.000310
-0.000310
-0.000309
-0.000305
-0.000300
-0.000293
-0.000285
-0.000275
-0.000262
-0.000248
-0.000231
-0.000212
-0.000191
-0.000167
-0.000140
-0.000110
-0.000077
-0.000042
-0.000005
0.000034
0.000075
0.000115
0.000155
0.000194
0.000234
0.000272
0.000310
0.000348
0.000384
0.000419
0.000453
0.000488
0.000519
0.000548
0.000574
0.000598
0.000618
0.000634
0.000647
0.000657
0.000661
0.000661
0.000658
0.000653
0.000643
0.000631
0.000616
0.000597
0.000577
0.000555
0.000529
0.000501
0.000470
0.000438
0.000403
0.000366
0.000329
0.000289
0.000249
0.000210
0.000173
0.000138
0.000103
0.000070
0.000038
0.000010
-0.000017
-0.000042
-0.000066
-0.000087
-0.000107
-0.000125
-0.000141
-0.000155
-0.000168
-0.000178
-0.000186
-0.000191
-0.000193
-0.000194
-0.000194
-0.000191
-0.000186
-0.000182
-0.000178
-0.000173
-0.000169
-0.000166
-0.000164
-0.000163
-0.000162
-0.000162
-0.000163
-0.000164
-0.000166
-0.000168
-0.000172
-0.000178
-0.000185
-0.000194
-0.000204
-0.000215
-0.000228
-0.000241
-0.000255
-0.000269
-0.000283
-0.000297
-0.000310
-0.000322
-0.000334
-0.000345
-0.000355
-0.000363
-0.000371
-0.000378
-0.000385
-0.000391
-0.000396
-0.000399
-0.000400
-0.000400
-0.000399
-0.000396
-0.000390
-0.000385
-0.000378
-0.000369
-0.000360
-0.000350
-0.000341
-0.000332
-0.000325
-0.000320
-0.000314
-0.000310
-0.000306
-0.000303
-0.000300
-0.000299
-0.000298
-0.000297
-0.000298
-0.000300
-0.000305
-0.000311
-0.000318
-0.000327
-0.000339
-0.000351
-0.000365
-0.000379
-0.000394
-0.000409
-0.000423
-0.000437
-0.000451
-0.000466
-0.000478
-0.000490
-0.000502
-0.000513
-0.000522
-0.000532
-0.000539
-0.000545
-0.000549
-0.000551
-0.000550
-0.000547
-0.000540
-0.000530
-0.000517
-0.000501
-0.000481
-0.000461
-0.000437
-0.000411
-0.000383
-0.000354
-0.000323
-0.000289
-0.000253
-0.000216
-0.000177
-0.000136
-0.000095
-0.000053
-0.000009
0.000035
0.000079
0.000123
0.000165
0.000205
0.000244
0.000280
0.000315
0.000347
0.000377
0.000403
0.000426
0.000446
0.000462
0.000473
0.000480
0.000480
0.000476
0.000471
0.000466
0.000458
0.000446
0.000439
0.000437
0.000436
0.000428
0.000422
0.000437
0.000440
0.000422
0.000404
0.000408
0.000390
0.000326
0.000276
0.000225
0.000147
0.000018
-0.000084
-0.000179
-0.000339
-0.000538
-0.000696
-0.000859
-0.001095
-0.001336
-0.001534
-0.001754
-0.002029
-0.002273
-0.002458
-0.002680
-0.002950
-0.003159
-0.003298
-0.003471
-0.003656
-0.003741
-0.003783
-0.003867
-0.003932
-0.003892
-0.003818
-0.003786
-0.003697
-0.003515
-0.003347
-0.003221
-0.003019
-0.002730
-0.002503
-0.002324
-0.002066
-0.001771
-0.001554
-0.001360
-0.001095
-0.000832
-0.000690
-0.000572
-0.000378
-0.000295
-0.000288
-0.000291
-0.000275
-0.000355
-0.000535
-0.000714
-0.000912
-0.001158
-0.001471
-0.001773
-0.002047
-0.002325
-0.002618
-0.002882
-0.003051
-0.003140
-0.003214
-0.003206
-0.003032
-0.002703
-0.002358
-0.001845
-0.001116
-0.000233
0.000733
0.001831
0.003162
0.004590
0.006099
0.007708
0.009479
0.011279
0.013068
0.014913
0.016817
0.018624
0.020332
0.021993
0.023572
0.024957
0.026135
0.027138
0.027941
0.028461
0.028657
0.028547
0.028157
0.027426
0.026273
0.024752
0.022946
0.020789
0.018198
0.015274
0.012125
0.008687
0.004910
0.000971
-0.003092
-0.007239
-0.011548
-0.015803
-0.019924
-0.023951
-0.027845
-0.031413
-0.034597
-0.037391
-0.039746
-0.041499
-0.042607
-0.043021
-0.042707
-0.041599
-0.039539
-0.036533
-0.032640
-0.027731
-0.021646
-0.014446
-0.006244
0.003114
0.013808
0.025679
0.038590
0.052790
0.068384
0.085128
0.102931
0.122094
0.142648
0.164267
0.186963
0.211061
0.236466
0.262861
0.290373
0.319314
0.349436
0.380508
0.412761
0.446382
0.481083
0.516668
0.553504
0.591591
0.630612
0.670471
0.711501
0.753573
0.796296
0.839763
0.884123
0.929133
0.974397
1.020066
1.066127
1.112157
1.157876
1.203325
1.248354
1.292437
1.335336
1.377011
1.417123
1.455144
1.490824
1.524078
1.554409
1.581313
1.604611
1.624108
1.639263
1.649671
1.655221
1.655657
1.650490
1.639488
1.622613
1.599628
1.570208
1.534302
1.491996
1.443193
1.387798
1.325985
1.257981
1.183874
1.103854
1.018325
0.927695
0.832308
0.732561
0.629130
0.522594
0.413474
0.302458
0.190335
0.077799
-0.034426
-0.145548
-0.254727
-0.361174
-0.464111
-0.562758
-0.656307
-0.743993
-0.825121
-0.899040
-0.965088
-1.022645
-1.071225
-1.110451
-1.139870
-1.159181
-1.168194
-1.166843
-1.155018
-1.132707
-1.100192
-1.057727
-1.005520
-0.944004
-0.873859
-0.795599
-0.709779
-0.617270
-0.518993
-0.415755
-0.308347
-0.197954
-0.085700
0.027530
0.140745
0.252621
0.362028
0.468135
0.569872
0.665946
0.755424
0.837647
0.911584
0.976186
1.030894
1.075262
1.108485
1.129921
1.139448
1.136896
1.121790
1.094007
1.053876
1.001513
0.936889
0.860369
0.772691
0.674221
0.565350
0.446911
0.319876
0.184868
0.042595
-0.105777
-0.259187
-0.416871
-0.577870
-0.740940
-0.905053
-1.069381
-1.232916
-1.394486
-1.553217
-1.708358
-1.859004
-2.004243
-2.143430
-2.275970
-2.401209
-2.518540
-2.627628
-2.728175
-2.819811
-2.902312
-2.975633
-3.039736
-3.094604
-3.140343
-3.177166
-3.205305
-3.225037
-3.236704
-3.240706
-3.237459
-3.227480
-3.211203
-3.189135
-3.161860
-3.129955
-3.093861
-3.054102
-3.011292
-2.965973
-2.918513
-2.869418
-2.819180
-2.768265
-2.716887
-2.665404
-2.614303
-2.563700
-2.513760
-2.464690
-2.416713
-2.369860
-2.324086
-2.279486
-2.236135
-2.193798
-2.152341
-2.111785
-2.072012
-2.032721
-1.993696
-1.954882
-1.916085
-1.876949
-1.837225
-1.796868
-1.755683
-1.713269
-1.669441
-1.624171
-1.577299
-1.528481
-1.477650
-1.424812
-1.369835
-1.312462
-1.252666
-1.190698
-1.126292
-1.059413
-0.990199
-0.918822
-0.845224
-0.769322
-0.691430
-0.611774
-0.530342
-0.447136
-0.362512
-0.276810
-0.189954
-0.102009
-0.013438
0.075476
0.164821
0.254470
0.343960
0.433056
0.521877
0.610258
0.697707
0.784161
0.869732
0.954155
1.037107
1.118589
1.198732
1.277165
1.353737
1.428523
1.501616
1.572659
1.641579
1.708558
1.773560
1.836299
1.896815
1.955278
2.011536
2.065414
2.117032
2.166481
2.213528
2.258144
2.300483
2.340480
2.377915
2.412857
2.445423
2.475415
2.502643
2.527262
2.549305
2.568488
2.584723
2.598130
2.608580
2.615926
2.619996
2.620934
2.618552
2.612651
2.603207
2.590251
2.573583
2.553084
2.528741
2.500493
2.468239
2.431946
2.391501
2.346898
2.298242
2.245383
2.188249
2.127023
2.061836
1.992518
1.919061
1.841849
1.761060
1.676492
1.588287
1.497034
1.402862
1.305593
1.205632
1.103658
0.999737
0.893767
0.786470
0.678488
0.569821
0.460578
0.351641
0.243597
0.136354
0.030291
-0.073632
-0.175028
-0.273925
-0.369802
-0.461655
-0.549394
-0.632958
-0.711676
-0.784772
-0.852295
-0.914160
-0.969591
-1.018212
-1.060163
-1.095310
-1.122961
-1.143092
-1.155958
-1.161351
-1.158866
-1.148697
-1.131243
-1.106308
-1.073724
-1.033976
-0.987506
-0.934191
-0.874100
-0.807994
-0.736275
-0.658908
-0.576213
-0.489134
-0.397976
-0.302796
-0.204182
-0.103055
0.000337
0.105890
0.212797
0.320298
0.428196
0.536382
0.643980
0.750349
0.855490
0.959156
1.060603
1.159381
1.255641
1.349072
1.439091
1.525523
1.608574
1.687959
1.763293
1.834677
1.902223
1.965799
2.025308
2.080871
2.132670
2.180723
2.225076
2.265865
2.303304
2.337569
2.368729
2.396879
2.422297
2.445234
2.465668
2.483629
2.499492
2.513434
2.525322
2.535127
2.543246
2.549727
2.554174
2.556664
2.557519
2.556516
2.553186
2.547684
2.540121
2.530035
2.517011
2.501169
2.482502
2.460309
2.434297
2.404672
2.371136
2.333019
2.290205
2.242873
2.190563
2.132722
2.069508
2.001019
1.926751
1.846460
1.760489
1.668929
1.571313
1.467793
1.358866
1.244591
1.124760
0.999856
0.870537
0.736811
0.598831
0.457332
0.313015
0.165959
0.016622
-0.134068
-0.285449
-0.437353
-0.589104
-0.739701
-0.888568
-1.035499
-1.179680
-1.320160
-1.456583
-1.588664
-1.715637
-1.836725
-1.951819
-2.060666
-2.162626
-2.257199
-2.344534
-2.424491
-2.496646
-2.560892
-2.617619
-2.666857
-2.708394
-2.742513
-2.769821
-2.790490
-2.804618
-2.812786
-2.815762
-2.813821
-2.807279
-2.796975
-2.783696
-2.767770
-2.749712
-2.730425
-2.710641
-2.690690
-2.671088
-2.652706
-2.636100
-2.621467
-2.609301
-2.600255
-2.594610
-2.592357
-2.593894
-2.599503
-2.609118
-2.622587
-2.639977
-2.661333
-2.686125
-2.714008
-2.744884
-2.778326
-2.813573
-2.850123
-2.887610
-2.925329
-2.962338
-2.998061
-3.031969
-3.063117
-3.090573
-3.113826
-3.132200
-3.144669
-3.150522
-3.149358
-3.140450
-3.122933
-3.096404
-3.060657
-3.015030
-2.959016
-2.892563
-2.815702
-2.727987
-2.629376
-2.520260
-2.400767
-2.270895
-2.131055
-1.981895
-1.823831
-1.657199
-1.482867
-1.301672
-1.114163
-0.921150
-0.723677
-0.522686
-0.318872
-0.113340
0.092813
0.298731
0.503530
0.706071
0.905366
1.100684
1.291088
1.475542
1.653389
1.824049
1.986631
2.140426
2.285166
2.420382
2.545435
2.660056
2.764305
2.857945
2.940678
3.012594
3.074108
3.125195
3.165864
3.196677
3.218206
3.230686
3.234411
3.230213
3.218825
3.200625
3.176118
3.146285
3.111914
3.073441
3.031474
2.986996
2.940791
2.893208
2.844892
2.796721
2.749331
2.702936
2.658074
2.615454
2.575447
2.538162
2.503908
2.473190
2.446110
2.422601
2.402792
2.386911
2.374776
2.366232
2.361175
2.359504
2.361053
2.365406
2.372276
2.381494
2.392773
2.405586
2.419533
2.434435
2.450032
2.465700
2.481009
2.495973
2.510307
2.523373
2.534886
2.545089
2.553688
2.560083
2.564340
2.566830
2.567272
2.565249
2.561187
2.555507
2.547996
2.538465
2.527673
2.516026
2.503320
2.489701
2.476085
2.462768
2.449602
2.437026
2.425946
2.416455
2.408467
2.402615
2.399580
2.399275
2.401640
2.407310
2.416649
2.429347
2.445380
2.465205
2.488782
2.515605
2.545607
2.578986
2.615263
2.653780
2.694413
2.737000
2.780699
2.824796
2.869075
2.913025
2.955578
2.996051
3.034151
3.069099
3.099720
3.125573
3.146240
3.160806
3.168290
3.168442
3.160897
3.144710
3.119372
3.084786
3.040765
2.986547
2.922097
2.847720
2.763264
2.668537
2.563860
2.449948
2.326852
2.194919
2.054969
1.907854
1.754072
1.594332
1.429877
1.261677
1.090600
0.917696
0.744260
0.571476
0.400382
0.232154
0.068034
-0.090767
-0.243160
-0.388128
-0.524615
-0.651503
-0.767918
-0.873213
-0.966568
-1.047140
-1.114515
-1.168488
-1.208592
-1.234380
-1.246059
-1.243929
-1.227826
-1.197950
-1.155051
-1.099859
-1.032634
-0.954102
-0.865589
-0.768091
-0.662227
-0.549219
-0.430755
-0.307952
-0.181672
-0.053501
0.074817
0.202179
0.327605
0.449406
0.565995
0.676521
0.779986
0.874865
0.959963
1.034765
1.098476
1.149856
1.188361
1.213839
1.225797
1.223541
1.207131
1.176872
1.132580
1.074225
1.002408
0.917816
0.820649
0.711417
0.591258
0.461085
0.321389
0.173193
0.017924
-0.143412
-0.310130
-0.480861
-0.654103
-0.828998
-1.004647
-1.179627
-1.352589
-1.522883
-1.689582
-1.851366
-2.007316
-2.157002
-2.299563
-2.434034
-2.560001
-2.677161
-2.784982
-2.882910
-2.970963
-3.049118
-3.117060
-3.174798
-3.222697
-3.260872
-3.289364
-3.308677
-3.319302
-3.321454
-3.315598
-3.302486
-3.282596
-3.256297
-3.224306
-3.187452
-3.146112
-3.100725
-3.052213
-3.001228
-2.947996
-2.893002
-2.837162
-2.780830
-2.724088
-2.667463
-2.611626
-2.556703
-2.502573
-2.449735
-2.398599
-2.348987
-2.300714
-2.254092
-2.209314
-2.165973
-2.123798
-2.082974
-2.043498
-2.004827
-1.966609
-1.928955
-1.891741
-1.854331
-1.816352
-1.777933
-1.738896
-1.698548
-1.656572
-1.613203
-1.568230
-1.520964
-1.471242
-1.419430
-1.365293
-1.308194
-1.248237
-1.185848
-1.120823
-1.052611
-0.981655
-0.908357
-0.832482
-0.753782
-0.672813
-0.590021
-0.505154
-0.418262
-0.329933
-0.240583
-0.150062
-0.058546
0.033333
0.125247
0.217263
0.309145
0.400267
0.490423
0.579633
0.667619
0.753907
0.838355
0.920973
1.001578
1.079831
1.155596
1.229031
1.300037
1.368310
1.433907
1.497014
1.557597
1.615555
1.670986
1.724181
1.775165
1.823925
1.870666
1.915637
1.958983
2.000736
2.041084
2.080312
2.118577
2.155903
2.192402
2.228364
2.263879
2.298910
2.333441
2.367698
2.401652
2.435144
2.468051
2.500395
2.532093
2.562731
2.592118
2.620185
2.646561
2.670790
2.692509
2.711526
2.727330
2.739345
2.747251
2.750628
2.748935
2.741649
2.728346
2.708626
2.682010
2.648032
2.606323
2.556552
2.498456
2.431702
2.355974
2.271252
2.177557
2.074664
1.962550
1.841541
1.711961
1.573782
1.427338
1.273372
1.112428
0.944773
0.771161
0.592668
0.410063
0.223864
0.035237
-0.154561
-0.344634
-0.534201
-0.721858
-0.906233
-1.086486
-1.261631
-1.430168
-1.590897
-1.743086
-1.885645
-2.017218
-2.136923
-2.244186
-2.338037
-2.417448
-2.481956
-2.531260
-2.564655
-2.581640
-2.582222
-2.566399
-2.533879
-2.484726
-2.419427
-2.338306
-2.241529
-2.129732
-2.003826
-1.864427
-1.712182
-1.548205
-1.373649
-1.189423
-0.996523
-0.796400
-0.590332
-0.379363
-0.164799
0.051860
0.269333
0.486519
0.702053
0.914528
1.122845
1.325906
1.522539
1.711556
1.892112
2.063323
2.224245
2.374097
2.512331
2.638397
2.751647
2.851742
2.938478
3.011537
3.070778
3.116216
3.147975
3.166039
3.170654
3.162180
3.140936
3.107257
3.061678
3.004753
2.936989
2.859008
2.771514
2.675179
2.570625
2.458606
2.339965
2.215341
2.085411
1.951048
1.813028
1.671958
1.528541
1.383663
1.237906
1.091842
0.946209
0.801707
0.658889
0.518148
0.380208
0.245677
0.114810
-0.011900
-0.133856
-0.250658
-0.362146
-0.467901
-0.567371
-0.660402
-0.746912
-0.826490
-0.898737
-0.963737
-1.021419
-1.071415
-1.113547
-1.148037
-1.174870
-1.193717
-1.204660
-1.208041
-1.203822
-1.191858
-1.172438
-1.146005
-1.112542
-1.072069
-1.025149
-0.972196
-0.913260
-0.848572
-0.778866
-0.704542
-0.625700
-0.542815
-0.456733
-0.367720
-0.276030
-0.182324
-0.087336
0.008594
0.105214
0.201702
0.297465
0.392251
0.485687
0.577048
0.665843
0.751930
0.834936
0.914242
0.989526
1.060772
1.127646
1.189749
1.246896
1.299233
1.346542
1.388573
1.425393
1.457195
1.483946
1.505639
1.522418
1.534590
1.542374
1.545817
1.545162
1.540871
1.533257
1.522396
1.508634
1.492518
1.474417
1.454358
1.432722
1.410184
1.386978
1.363090
1.338927
1.315165
1.291838
1.268901
1.246843
1.226101
1.206630
1.188287
1.171578
1.156772
1.143603
1.132014
1.122302
1.114671
1.108727
1.104370
1.101905
1.101216
1.101976
1.104058
1.107643
1.112585
1.118537
1.125402
1.133183
1.141850
1.151014
1.160509
1.170422
1.180703
1.191011
1.201102
1.211246
1.221339
1.231012
1.240090
1.248921
1.257443
1.265152
1.272198
1.278846
1.284934
1.290103
1.294529
1.298525
1.301825
1.304194
1.305890
1.307134
1.307673
1.307325
1.306420
1.305084
1.303090
1.300320
1.297104
1.293534
1.289336
1.284565
1.279474
1.274145
1.268305
1.262059
1.255670
1.249128
1.242299
1.235269
1.228336
1.221459
1.214554
1.207773
1.201337
1.195273
1.189470
1.184157
1.179518
1.175560
1.172257
1.169771
1.168318
1.167850
1.168350
1.170018
1.172936
1.177086
1.182366
1.188967
1.196924
1.206144
1.216531
1.228188
1.241065
1.254965
1.269863
1.285697
1.302351
1.319575
1.337284
1.355394
1.373597
1.391698
1.409563
1.426988
1.443638
1.459276
1.473796
1.486861
1.498122
1.507433
1.514659
1.519350
1.521261
1.520367
1.516436
1.509032
1.498079
1.483663
1.465441
1.443097
1.416793
1.386590
1.352169
1.313363
1.270546
1.223745
1.172700
1.117537
1.058625
0.996032
0.929612
0.859656
0.786642
0.710492
0.631372
0.549605
0.465686
0.379578
0.291529
0.202013
0.111342
0.019648
-0.072748
-0.165379
-0.258031
-0.350469
-0.442298
-0.533233
-0.622986
-0.711314
-0.797858
-0.882380
-0.964666
-1.044314
-1.121155
-1.194980
-1.265528
-1.332439
-1.395665
-1.455071
-1.510261
-1.561047
-1.607417
-1.649218
-1.686070
-1.717860
-1.744747
-1.766434
-1.782665
-1.793459
-1.798953
-1.798887
-1.793035
-1.781641
-1.764768
-1.742167
-1.713809
-1.680016
-1.640872
-1.596145
-1.546039
-1.490952
-1.430897
-1.365822
-1.296133
-1.222264
-1.144234
-1.062193
-0.976681
-0.888145
-0.796679
-0.702578
-0.606550
-0.508978
-0.410053
-0.310249
-0.210296
-0.110528
-0.011196
0.087111
0.183733
0.278392
0.370811
0.460347
0.546493
0.629052
0.707759
0.782089
0.851681
0.916492
0.976344
1.030836
1.079868
1.123535
1.161767
1.194408
1.221572
1.243591
1.260500
1.272388
1.279615
1.282640
1.281666
1.276989
1.269195
1.258765
1.246115
1.231686
1.216073
1.199933
1.183680
1.167788
1.152889
1.139625
1.128337
1.119466
1.113588
1.111213
1.112533
1.117858
1.127669
1.142203
1.161440
1.185526
1.214708
1.248911
1.287894
1.331625
1.380104
1.432846
1.489562
1.549895
1.613588
1.679945
1.748359
1.818483
1.889677
1.961124
2.032206
2.102343
2.170817
2.236730
2.299450
2.358431
2.412858
2.461926
2.505133
2.541941
2.571675
2.593716
2.607763
2.613409
2.610104
2.597570
2.575800
2.544517
2.503461
2.452698
2.392457
2.322701
2.243452
2.155171
2.058277
1.952944
1.839516
1.718680
1.591106
1.457110
1.317271
1.172489
1.023512
0.870758
0.714930
0.557060
0.397886
0.237801
0.077609
-0.081673
-0.239442
-0.395377
-0.548696
-0.698465
-0.844352
-0.986106
-1.123039
-1.254455
-1.380295
-1.500412
-1.614279
-1.721483
-1.822200
-1.916412
-2.003811
-2.084263
-2.158056
-2.225420
-2.286165
-2.340402
-2.388632
-2.431072
-2.467724
-2.498876
-2.525054
-2.546545
-2.563485
-2.576234
-2.585259
-2.590941
-2.593381
-2.592875
-2.589899
-2.584769
-2.577484
-2.568333
-2.557712
-2.545743
-2.532384
-2.517758
-2.502187
-2.485600
-2.467857
-2.449054
-2.429281
-2.408348
-2.386066
-2.362408
-2.337295
-2.310466
-2.281744
-2.250951
-2.217910
-2.182459
-2.144297
-2.103188
-2.059042
-2.011751
-1.960997
-1.906560
-1.848496
-1.786773
-1.721104
-1.651362
-1.577887
-1.500668
-1.419470
-1.334464
-1.246106
-1.154504
-1.059533
-0.961634
-0.861441
-0.759082
-0.654616
-0.548720
-0.442145
-0.334969
-0.227447
-0.120490
-0.014746
0.089695
0.192427
0.292456
0.389358
0.483012
0.572884
0.658161
0.738626
0.814225
0.884443
0.948712
1.007059
1.059553
1.105770
1.145510
1.179082
1.206616
1.227972
1.243333
1.253222
1.257886
1.257454
1.252478
1.243620
1.231209
1.215721
1.197902
1.178457
1.157810
1.136677
1.115899
1.096009
1.077569
1.061381
1.048162
1.038232
1.032202
1.030788
1.034386
1.043124
1.057518
1.078007
1.104566
1.137173
1.176080
1.221372
1.272566
1.329447
1.392000
1.459731
1.531966
1.608191
1.688084
1.770787
1.855305
1.941091
2.027421
2.113253
2.197484
2.279443
2.358266
2.432832
2.502155
2.565474
2.622016
2.670790
2.710977
2.741971
2.763176
2.773984
2.773743
2.762212
2.739186
2.704350
2.657517
2.598777
2.528432
2.446521
2.353313
2.249354
2.135343
2.011792
1.879228
1.738733
1.591321
1.437743
1.278909
1.116210
0.950849
0.783767
0.616090
0.449302
0.284656
0.123086
-0.034185
-0.185719
-0.330489
-0.467650
-0.596069
-0.714538
-0.822341
-0.918916
-1.003328
-1.074788
-1.133034
-1.177740
-1.208323
-1.224497
-1.226490
-1.214227
-1.187561
-1.146747
-1.092371
-1.024611
-0.943778
-0.850640
-0.745915
-0.630113
-0.503888
-0.368354
-0.224353
-0.072547
0.086040
0.250232
0.419162
0.592038
0.767667
0.944921
1.123026
1.301113
1.477957
1.652650
1.824568
1.992786
2.156229
2.314292
2.466466
2.611825
2.749641
2.879511
3.001054
3.113494
3.216375
3.309584
3.392801
3.465431
3.527354
3.578656
3.619000
3.648077
3.666116
3.673214
3.669120
3.653885
3.627905
3.591283
3.543926
3.486183
3.418566
3.341183
3.254154
3.158099
3.053580
2.940698
2.819863
2.691889
2.557315
2.416389
2.269756
2.118365
1.962678
1.803182
1.640639
1.476103
1.310002
1.142917
0.975938
0.809911
0.645368
0.482983
0.323879
0.168823
0.018275
-0.126968
-0.265911
-0.397951
-0.522677
-0.639273
-0.747014
-0.845435
-0.934277
-1.012940
-1.080911
-1.138062
-1.184242
-1.219091
-1.242529
-1.254658
-1.255512
-1.245087
-1.223685
-1.191654
-1.149248
-1.096878
-1.035144
-0.964561
-0.885644
-0.799164
-0.705903
-0.606495
-0.501705
-0.392561
-0.279870
-0.164281
-0.046765
0.071593
0.190074
0.308073
0.424524
0.538465
0.649441
0.756868
0.859764
0.957460
1.049806
1.136287
1.216156
1.289166
1.355443
1.414603
1.466271
1.510659
1.548051
1.578251
1.601383
1.617958
1.628351
1.632664
1.631372
1.625211
1.614585
1.599861
1.581822
1.561194
1.538342
1.513880
1.488704
1.463343
1.438210
1.414023
1.391571
1.371108
1.353007
1.338039
1.326607
1.318830
1.314952
1.315594
1.320830
1.330485
1.344806
1.364060
1.388023
1.416334
1.449087
1.486296
1.527456
1.572115
1.620203
1.671487
1.725344
1.781212
1.838958
1.898224
1.958280
2.018555
2.078951
2.139062
2.198138
2.255767
2.311856
2.366063
2.417698
2.466536
2.512647
2.555715
2.595227
2.631191
2.663835
2.692874
2.717997
2.739499
2.757678
2.772323
2.783339
2.791256
2.796422
2.798594
2.797960
2.795226
2.790548
2.783771
2.775302
2.765815
2.755305
2.743684
2.731483
2.719215
2.706668
2.693828
2.681245
2.669150
2.657144
2.645308
2.634035
2.623292
2.612561
2.601948
2.591629
2.581258
2.570387
2.558955
2.547014
2.534031
2.519564
2.503477
2.485620
2.465489
2.442594
2.416763
2.387798
2.355248
2.318664
2.277824
2.232655
2.182767
2.127787
2.067572
2.002232
1.931483
1.854984
1.772859
1.685384
1.592372
1.493612
1.389512
1.280472
1.166395
1.047312
0.923843
0.796484
0.665241
0.530420
0.392724
0.252683
0.110503
-0.033408
-0.178282
-0.323597
-0.469034
-0.614108
-0.758135
-0.900584
-1.041062
-1.179165
-1.314343
-1.446017
-1.573877
-1.697678
-1.816956
-1.931171
-2.040170
-2.143918
-2.241997
-2.333958
-2.419893
-2.499938
-2.573673
-2.640838
-2.701813
-2.756761
-2.805299
-2.847459
-2.883717
-2.914256
-2.938816
-2.957655
-2.971259
-2.979840
-2.983231
-2.981906
-2.976291
-2.966502
-2.952645
-2.935131
-2.914414
-2.890575
-2.863808
-2.834543
-2.803135
-2.769769
-2.734665
-2.698187
-2.660727
-2.622401
-2.583494
-2.544405
-2.505426
-2.466730
-2.428631
-2.391492
-2.355564
-2.321036
-2.288297
-2.257647
-2.229259
-2.203359
-2.180392
-2.160591
-2.144011
-2.130989
-2.121943
-2.116917
-2.115894
-2.119292
-2.127418
-2.140063
-2.157174
-2.179179
-2.206114
-2.237556
-2.273389
-2.313957
-2.358962
-2.407732
-2.460129
-2.516232
-2.575426
-2.636848
-2.700243
-2.765402
-2.831438
-2.897373
-2.962765
-3.027182
-3.089508
-3.148673
-3.204169
-3.255357
-3.301068
-3.340194
-3.372235
-3.396564
-3.411988
-3.417556
-3.412911
-3.397564
-3.370460
-3.330916
-3.278920
-3.214208
-3.136007
-3.044110
-2.938983
-2.820608
-2.688671
-2.543578
-2.386231
-2.216955
-2.035997
-1.844417
-1.643463
-1.433840
-1.216413
-0.992754
-0.764337
-0.532224
-0.297800
-0.062940
0.170791
0.402063
0.629187
0.850268
1.063844
1.268462
1.462377
1.644066
1.812238
1.965560
2.102651
2.222418
2.323990
2.406377
2.468850
2.510973
2.532324
2.532602
2.511773
2.470096
2.407777
2.325191
2.223140
2.102482
1.964062
1.809029
1.638756
1.454623
1.258036
1.050721
0.834383
0.610784
0.381711
0.149142
-0.085128
-0.319249
-0.551242
-0.779320
-1.001825
-1.217004
-1.423155
-1.618899
-1.802984
-1.973991
-2.130782
-2.272621
-2.398806
-2.508512
-2.601315
-2.677287
-2.736289
-2.778201
-2.803513
-2.812938
-2.806912
-2.786048
-2.751598
-2.704800
-2.646512
-2.578018
-2.501092
-2.417147
-2.327392
-2.233486
-2.137391
-2.040428
-1.943883
-1.849558
-1.759138
-1.673643
-1.594235
-1.522457
-1.459445
-1.405701
-1.362038
-1.329467
-1.308368
-1.298631
-1.300552
-1.314441
-1.339864
-1.376110
-1.422898
-1.479777
-1.545615
-1.619201
-1.699676
-1.786017
-1.876626
-1.969901
-2.064651
-2.159508
-2.252663
-2.342367
-2.427410
-2.506392
-2.577556
-2.639306
-2.690694
-2.730608
-2.757535
-2.770414
-2.768781
-2.752011
-2.719061
-2.669652
-2.603947
-2.521870
-2.423089
-2.308134
-2.177872
-2.032724
-1.873132
-1.700432
-1.515981
-1.320684
-1.115689
-0.902909
-0.683971
-0.460098
-0.233055
-0.004962
0.222596
0.448163
0.669721
0.885340
1.093657
1.293175
1.481991
1.658704
1.822275
1.971453
2.104811
2.221611
2.321329
2.403045
2.466171
2.510631
2.536392
2.543148
2.531129
2.500948
2.452935
2.387597
2.305807
2.208673
2.096910
1.971726
1.834499
1.686468
1.528857
1.363281
1.191298
1.014160
0.833424
0.650895
0.467935
0.285777
0.106081
-0.069436
-0.239870
-0.404059
-0.560375
-0.707620
-0.845274
-0.972363
-1.087523
-1.190238
-1.280300
-1.356960
-1.419405
-1.467672
-1.501867
-1.521536
-1.526488
-1.517147
-1.493856
-1.456590
-1.405646
-1.341705
-1.265298
-1.176835
-1.076926
-0.966338
-0.845852
-0.716207
-0.578097
-0.432346
-0.279974
-0.121883
0.041301
0.208698
0.379055
0.551536
0.725647
0.900349
1.074315
1.246919
1.417740
1.585611
1.749282
1.908342
2.062417
2.210209
2.350737
2.483799
2.608928
2.724908
2.831084
2.927349
3.013212
3.087652
3.150321
3.201210
3.239832
3.265513
3.278169
3.277867
3.264282
3.237104
3.196507
3.142683
3.075548
2.995173
2.901950
2.796307
2.678429
2.548763
2.407946
2.256554
2.095180
1.924544
1.745531
1.558888
1.365510
1.166410
0.962555
0.754905
0.544538
0.332688
0.120386
-0.091421
-0.301360
-0.508234
-0.711115
-0.909007
-1.100518
-1.284524
-1.460359
-1.627058
-1.783252
-1.928206
-2.061456
-2.182187
-2.289270
-2.382403
-2.461406
-2.525596
-2.574346
-2.607692
-2.625774
-2.628191
-2.614791
-2.585989
-2.542161
-2.483280
-2.409600
-2.321883
-2.220711
-2.106411
-1.979630
-1.841282
-1.692226
-1.533080
-1.364642
-1.187984
-1.004184
-0.813975
-0.618259
-0.418189
-0.214980
-0.009361
0.197770
0.405176
0.611704
0.816707
1.019342
1.218303
1.412720
1.602023
1.785405
1.961679
2.130172
2.290527
2.441916
2.583430
2.714614
2.835191
2.944523
3.041927
3.127169
3.200105
3.260306
3.307320
3.341118
3.361714
3.368892
3.362501
3.342639
3.309533
3.263205
3.203758
3.131448
3.046786
2.950015
2.841355
2.721352
2.590715
2.449885
2.299289
2.139718
1.971997
1.796745
1.614585
1.426465
1.233346
1.035928
0.835002
0.631627
0.426819
0.221373
0.016125
-0.187868
-0.389578
-0.588214
-0.782962
-0.972861
-1.156990
-1.334594
-1.505042
-1.667535
-1.821281
-1.965748
-2.100544
-2.225094
-2.338827
-2.441521
-2.533028
-2.613087
-2.681367
-2.738015
-2.783206
-2.816840
-2.838974
-2.850049
-2.850517
-2.840566
-2.820474
-2.790975
-2.752772
-2.706178
-2.651710
-2.590342
-2.522873
-2.449693
-2.371481
-2.289353
-2.204093
-2.116083
-2.026090
-1.935242
-1.844187
-1.753237
-1.663198
-1.575073
-1.489264
-1.405997
-1.326026
-1.250153
-1.178518
-1.111246
-1.048939
-0.992123
-0.940716
-0.894742
-0.854622
-0.820616
-0.792435
-0.770058
-0.753631
-0.743241
-0.738470
-0.739136
-0.745280
-0.756766
-0.773116
-0.794014
-0.819425
-0.849094
-0.882484
-0.919184
-0.959033
-1.001815
-1.046856
-1.093658
-1.142148
-1.191968
-1.242450
-1.293063
-1.343842
-1.394267
-1.443619
-1.491511
-1.537906
-1.582241
-1.623795
-1.662321
-1.697711
-1.729390
-1.756742
-1.779571
-1.797750
-1.810749
-1.818070
-1.819614
-1.815260
-1.804606
-1.787348
-1.763446
-1.732862
-1.695389
-1.650891
-1.599501
-1.541345
-1.476440
-1.404812
-1.326769
-1.242711
-1.152848
-1.057401
-0.956942
-0.852054
-0.743204
-0.630711
-0.515427
-0.398150
-0.279419
-0.159695
-0.040068
0.078579
0.195711
0.310677
0.422359
0.529852
0.632714
0.730278
0.821422
0.905418
0.981979
1.050546
1.110071
1.160221
1.200922
1.231739
1.251968
1.261671
1.261038
1.249821
1.227838
1.195456
1.153193
1.101109
1.039415
0.968885
0.890269
0.803941
0.710461
0.610924
0.506183
0.396949
0.284022
0.168569
0.051635
-0.065975
-0.183373
-0.299368
-0.412918
-0.523237
-0.629519
-0.730635
-0.825704
-0.914104
-0.995252
-1.068181
-1.132251
-1.187221
-1.232673
-1.267952
-1.292736
-1.307192
-1.311166
-1.304269
-1.286656
-1.258810
-1.220772
-1.172537
-1.114673
-1.047850
-0.972314
-0.888406
-0.796991
-0.698846
-0.594357
-0.484176
-0.369292
-0.250477
-0.128192
-0.003353
0.123099
0.250533
0.378300
0.505526
0.631411
0.755394
0.876860
0.995006
1.109234
1.219100
1.324030
1.423434
1.516941
1.604190
1.684771
1.758232
1.824495
1.883235
1.934237
1.977271
2.012372
2.039413
2.058228
2.068879
2.071501
2.066018
2.052461
2.031049
2.002015
1.965360
1.921251
1.870078
1.812137
1.747454
1.676402
1.599461
1.516946
1.429059
1.336240
1.239077
1.137892
1.033033
0.925036
0.814526
0.701931
0.587628
0.472275
0.356561
0.240884
0.125703
0.011753
-0.100310
-0.210083
-0.317037
-0.420455
-0.519733
-0.614483
-0.704224
-0.788323
-0.866228
-0.937704
-1.002304
-1.059560
-1.109035
-1.150668
-1.184144
-1.209150
-1.225517
-1.233338
-1.232527
-1.222878
-1.204604
-1.177945
-1.143018
-1.099855
-1.048889
-0.990656
-0.925315
-0.853201
-0.774946
-0.691198
-0.602324
-0.508789
-0.411376
-0.310860
-0.207599
-0.102269
0.004372
0.111534
0.218850
0.325693
0.431234
0.534845
0.636205
0.734735
0.829764
0.920794
1.007669
1.089914
1.167055
1.238809
1.305154
1.365801
1.420427
1.469098
1.511923
1.548770
1.579591
1.604611
1.624060
1.638041
1.646674
1.650314
1.649284
1.643874
1.634331
1.621033
1.604409
1.584843
1.562613
1.538113
1.511809
1.484097
1.455223
1.425542
1.395565
1.365585
1.335770
1.306498
1.278157
1.250951
1.225004
1.200556
1.177994
1.157329
1.138585
1.122025
1.107860
1.095971
1.086376
1.079277
1.074654
1.072377
1.072439
1.074926
1.079708
1.086654
1.095753
1.106911
1.119959
1.134820
1.151412
1.169518
1.188979
1.209736
1.231630
1.254393
1.277880
1.302047
1.326655
1.351370
1.376112
1.400843
1.425189
1.448885
1.471867
1.494052
1.514965
1.534420
1.552436
1.568745
1.582995
1.594947
1.604723
1.611936
1.616244
1.617584
1.615977
1.611050
1.602506
1.590407
1.574733
1.555143
1.531469
1.503792
1.472150
1.436230
1.395971
1.351575
1.303046
1.250221
1.193123
1.132110
1.067155
0.998217
0.925521
0.849375
0.769853
0.687066
0.601317
0.512891
0.422042
0.328989
0.233989
0.137397
0.039594
-0.059152
-0.158691
-0.258502
-0.358138
-0.457431
-0.556199
-0.653862
-0.749997
-0.844494
-0.937123
-1.027281
-1.114585
-1.199083
-1.280488
-1.358144
-1.431851
-1.501720
-1.567338
-1.628201
-1.684211
-1.735544
-1.781732
-1.822357
-1.857555
-1.887431
-1.911517
-1.929623
-1.941931
-1.948485
-1.948962
-1.943288
-1.931691
-1.914223
-1.890707
-1.861145
-1.825835
-1.784852
-1.738138
-1.685827
-1.628231
-1.565498
-1.497714
-1.425102
-1.347995
-1.266683
-1.181287
-1.092150
-0.999751
-0.904329
-0.806144
-0.705660
-0.603379
-0.499543
-0.394501
-0.288925
-0.183117
-0.077434
0.027659
0.131544
0.233943
0.334544
0.432751
0.528062
0.620340
0.709236
0.794174
0.874791
0.951167
1.022861
1.089489
1.150900
1.207272
1.258278
1.303625
1.343594
1.378302
1.407630
1.431529
1.450448
1.464697
1.474203
1.479243
1.480403
1.478047
1.472312
1.463649
1.452680
1.439838
1.425405
1.409895
1.393938
1.377978
1.362335
1.347418
1.333858
1.322083
1.312198
1.304605
1.299778
1.297916
1.299030
1.303281
1.310951
1.322030
1.336253
1.353598
1.374127
1.397507
1.423232
1.451139
1.481008
1.512151
1.543994
1.576171
1.608253
1.639302
1.668738
1.696095
1.720641
1.741557
1.758183
1.770092
1.776506
1.776674
1.770188
1.756573
1.735217
1.705598
1.667598
1.620909
1.565109
1.500110
1.426024
1.342829
1.250441
1.149203
1.039553
0.921713
0.796028
0.663167
0.523914
0.378748
0.228369
0.073742
-0.084110
-0.244520
-0.406608
-0.569136
-0.731059
-0.891620
-1.049838
-1.204440
-1.354466
-1.499259
-1.637875
-1.769172
-1.892437
-2.007288
-2.112901
-2.208467
-2.293679
-2.368435
-2.432235
-2.484649
-2.525888
-2.556176
-2.575347
-2.583492
-2.581285
-2.569251
-2.547570
-2.516843
-2.478078
-2.432037
-2.379261
-2.320701
-2.257540
-2.190693
-2.120929
-2.049313
-1.977162
-1.905247
-1.834479
-1.765882
-1.700592
-1.639310
-1.582721
-1.531702
-1.487046
-1.449177
-1.418519
-1.395579
-1.380732
-1.374009
-1.375518
-1.385273
-1.403201
-1.428983
-1.462237
-1.502703
-1.549730
-1.602666
-1.660924
-1.723691
-1.790033
-1.859126
-1.930131
-2.001916
-2.073407
-2.143809
-2.212083
-2.276974
-2.337534
-2.393079
-2.442517
-2.484712
-2.519050
-2.545049
-2.561694
-2.568257
-2.564545
-2.550294
-2.524810
-2.487866
-2.439745
-2.380440
-2.309712
-2.227885
-2.135588
-2.033112
-1.920730
-1.799252
-1.669546
-1.532208
-1.387964
-1.237946
-1.083090
-0.924271
-0.762540
-0.599015
-0.434714
-0.270684
-0.108023
0.052341
0.209434
0.362160
0.509682
0.651315
0.786251
0.913551
1.032826
1.143711
1.245587
1.337909
1.420722
1.494054
1.557549
1.611152
1.655399
1.690513
1.716513
1.733835
1.743348
1.745497
1.740613
1.729520
1.713228
1.692365
1.667476
1.639586
1.609732
1.578579
1.546742
1.515243
1.485019
1.456663
1.430724
1.408019
1.389287
1.374911
1.365154
1.360641
1.361740
1.368491
1.380946
1.399355
1.423707
1.453658
1.489124
1.529860
1.575467
1.625476
1.679461
1.736869
1.797008
1.859328
1.923154
1.987634
2.052061
2.115875
2.178232
2.238169
2.295204
2.348774
2.397982
2.442062
2.480796
2.513771
2.540150
2.559585
2.572149
2.577644
2.575450
2.565742
2.548947
2.525009
2.493741
2.455770
2.411825
2.362006
2.306603
2.246682
2.183042
2.116013
2.046278
1.975119
1.903315
1.831392
1.760288
1.691212
1.624894
1.561907
1.503195
1.449765
1.402140
1.360817
1.326586
1.300007
1.281373
1.270967
1.269173
1.276102
1.291729
1.315957
1.348735
1.389744
1.438474
1.494534
1.557465
1.626438
1.700580
1.779286
1.861659
1.946483
2.032696
2.119528
2.205774
2.289998
2.371165
2.448452
2.520502
2.585878
2.643802
2.693515
2.733682
2.763150
2.781536
2.788302
2.782283
2.762897
2.730189
2.683917
2.623343
2.548527
2.460046
2.357870
2.241914
2.112863
1.971671
1.818689
1.654435
1.480134
1.296926
1.105610
0.907243
0.703274
0.494960
0.283507
0.070251
-0.143402
-0.356109
-0.566461
-0.773170
-0.975058
-1.170754
-1.358903
-1.538610
-1.708954
-1.868725
-2.016935
-2.153174
-2.276900
-2.387170
-2.483596
-2.566333
-2.635169
-2.689639
-2.730045
-2.756970
-2.770547
-2.770976
-2.759078
-2.735730
-2.701472
-2.657069
-2.603697
-2.542342
-2.473990
-2.399768
-2.320853
-2.238410
-2.153602
-2.067663
-1.981630
-1.896639
-1.813949
-1.734508
-1.659098
-1.588718
-1.524491
-1.466911
-1.416371
-1.373670
-1.339505
-1.313799
-1.296616
-1.288437
-1.289375
-1.298913
-1.316720
-1.342848
-1.376905
-1.418016
-1.465537
-1.519086
-1.577946
-1.641006
-1.707312
-1.776260
-1.846995
-1.918281
-1.989014
-2.058614
-2.126274
-2.190690
-2.250887
-2.306525
-2.356976
-2.400984
-2.438002
-2.468012
-2.490626
-2.504933
-2.510851
-2.508831
-2.498702
-2.480025
-2.453362
-2.419449
-2.378372
-2.330331
-2.276373
-2.217341
-2.153718
-2.086246
-2.016151
-1.944378
-1.871718
-1.799253
-1.728124
-1.659264
-1.593696
-1.532472
-1.476437
-1.426468
-1.383549
-1.348388
-1.321434
-1.303334
-1.294821
-1.295985
-1.306851
-1.327768
-1.358898
-1.399703
-1.449757
-1.508958
-1.576833
-1.652233
-1.734392
-1.822608
-1.915889
-2.012745
-2.111923
-2.212399
-2.312824
-2.411450
-2.506796
-2.597688
-2.682698
-2.760033
-2.828229
-2.886275
-2.932926
-2.966558
-2.986042
-2.990844
-2.980093
-2.952568
-2.907800
-2.845903
-2.766514
-2.669068
-2.553937
-2.421991
-2.273411
-2.108506
-1.928470
-1.734823
-1.528416
-1.310298
-1.082493
-0.846918
-0.605036
-0.358499
-0.109778
0.138910
0.385820
0.628963
0.865770
1.094027
1.312025
1.517816
1.709107
1.883998
2.041167
2.179090
2.296098
2.390933
2.462942
2.511436
2.535461
2.534708
2.509433
2.459846
2.385990
2.288518
2.168663
2.027575
1.866182
1.686115
1.489495
1.278169
1.053832
0.818839
0.575941
0.327375
0.075287
-0.177555
-0.428235
-0.674427
-0.913959
-1.144095
-1.362171
-1.566220
-1.754398
-1.924451
-2.074397
-2.202976
-2.309058
-2.391237
-2.448410
-2.480400
-2.486946
-2.467636
-2.422581
-2.352657
-2.258499
-2.140796
-2.000918
-1.840502
-1.661092
-1.464447
-1.252746
-1.028283
-0.793248
-0.550100
-0.301487
-0.049914
0.202052
0.451676
0.696402
0.933849
1.161459
1.376749
1.577744
1.762468
1.928806
2.075000
2.199980
2.302407
2.381006
2.435078
2.464538
2.468917
2.447952
2.402116
2.332293
2.238930
2.122813
1.985485
1.828613
1.653416
1.461608
1.255548
1.037324
0.808809
0.572267
0.330404
0.085511
-0.160250
-0.404481
-0.644614
-0.878343
-1.103744
-1.318621
-1.520862
-1.708576
-1.880290
-2.034456
-2.169527
-2.284391
-2.378275
-2.450402
-2.499958
-2.526765
-2.530823
-2.512058
-2.470602
-2.407040
-2.322192
-2.216586
-2.091173
-1.947256
-1.786190
-1.609012
-1.417179
-1.212640
-0.996868
-0.771233
-0.537621
-0.298122
-0.054190
0.192738
0.440566
0.687384
0.932029
1.173035
1.408434
1.636704
1.857082
2.068223
2.268457
2.456890
2.633070
2.795881
2.944167
3.077628
3.196038
3.298641
3.384858
3.454795
3.508502
3.545641
3.566097
3.570262
3.558404
3.530647
3.487146
3.428503
3.355237
3.267787
3.166519
3.052103
2.925415
2.787041
2.637405
2.477357
2.308047
2.130071
1.943924
1.750727
1.551715
1.347455
1.138626
0.926517
0.712391
0.496814
0.280616
0.065181
-0.148247
-0.359094
-0.566361
-0.768696
-0.964981
-1.154515
-1.336359
-1.509285
-1.672252
-1.824559
-1.965435
-2.093847
-2.208871
-2.310027
-2.396797
-2.468392
-2.524112
-2.563820
-2.587383
-2.594277
-2.584189
-2.557460
-2.514312
-2.454570
-2.378463
-2.286798
-2.180133
-2.058711
-1.923336
-1.775221
-1.615176
-1.443967
-1.262900
-1.073321
-0.876362
-0.673261
-0.465553
-0.254637
-0.041887
0.171136
0.382956
0.592253
0.797436
0.996951
1.189632
1.374243
1.549189
1.713217
1.865616
2.005281
2.130840
2.241599
2.337303
2.417094
2.480030
2.526062
2.555379
2.567423
2.561871
2.539254
2.500105
2.444305
2.372117
2.284525
2.182349
2.065911
1.935927
1.793694
1.640262
1.476305
1.302820
1.121227
0.932786
0.738330
0.538943
0.336072
0.131050
-0.075317
-0.282004
-0.487594
-0.690881
-0.891214
-1.087696
-1.279059
-1.464265
-1.642971
-1.814404
-1.977503
-2.131681
-2.276712
-2.412007
-2.536855
-2.650967
-2.754299
-2.846476
-2.927125
-2.996213
-3.053842
-3.099891
-3.134264
-3.157085
-3.168594
-3.168936
-3.158190
-3.136576
-3.104512
-3.062343
-3.010237
-2.948488
-2.877675
-2.798319
-2.710563
-2.614837
-2.511966
-2.402359
-2.286244
-2.164238
-2.037142
-1.905419
-1.769318
-1.629653
-1.487220
-1.342390
-1.195559
-1.047580
-0.899229
-0.750798
-0.602764
-0.456024
-0.311199
-0.168514
-0.028566
0.107817
0.240234
0.368518
0.492038
0.610125
0.722694
0.829455
0.929953
1.023759
1.110965
1.191361
1.264640
1.330787
1.389908
1.441950
1.486901
1.524962
1.556332
1.581178
1.599758
1.612397
1.619426
1.621260
1.618333
1.611017
1.599792
1.585301
1.568020
1.548301
1.526789
1.504213
1.480971
1.457408
1.434245
1.412168
1.391414
1.372298
1.355559
1.341693
1.330729
1.322948
1.318963
1.319015
1.322962
1.330973
1.343462
1.360411
1.381511
1.406814
1.436439
1.470139
1.507518
1.548424
1.592762
1.640151
1.690084
1.742221
1.796311
1.851960
1.908513
1.965517
2.022749
2.079747
2.135819
2.190445
2.243557
2.294657
2.342973
2.388187
2.430294
2.468809
2.503016
2.532844
2.558369
2.579087
2.594518
2.604761
2.610015
2.609787
2.603869
2.592579
2.576068
2.554051
2.526465
2.493849
2.456272
2.413651
2.366181
2.314322
2.258181
2.197845
2.133715
2.066055
1.995045
1.920950
1.844189
1.764865
1.683270
1.599752
1.514480
1.427647
1.339544
1.250480
1.160502
1.069782
0.978631
0.887235
0.795555
0.703667
0.611962
0.520493
0.429098
0.337843
0.247133
0.156925
0.066877
-0.022745
-0.111641
-0.199986
-0.288083
-0.375564
-0.462150
-0.548162
-0.633770
-0.718446
-0.802017
-0.884834
-0.966866
-1.047433
-1.126496
-1.204330
-1.280605
-1.354650
-1.426461
-1.496176
-1.563213
-1.626971
-1.687429
-1.744551
-1.797622
-1.846092
-1.889938
-1.928966
-1.962419
-1.989866
-2.011285
-2.026417
-2.034533
-2.035400
-2.028995
-2.015065
-1.993146
-1.963104
-1.925040
-1.878901
-1.824416
-1.761615
-1.690903
-1.612346
-1.525989
-1.432185
-1.331477
-1.224229
-1.110781
-0.991735
-0.867908
-0.739878
-0.608234
-0.473826
-0.337732
-0.200620
-0.063300
0.073170
0.207689
0.339445
0.467566
0.590958
0.708545
0.819508
0.923062
1.018183
1.103955
1.179778
1.245023
1.298877
1.340714
1.370272
1.387178
1.390952
1.381472
1.358771
1.322832
1.273620
1.211459
1.136785
1.049961
0.951386
0.841823
0.722139
0.592872
0.454946
0.309467
0.157492
-0.000175
-0.162341
-0.327641
-0.495017
-0.663473
-0.831685
-0.998281
-1.162369
-1.322916
-1.478590
-1.628284
-1.771295
-1.906805
-2.033635
-2.151125
-2.258905
-2.356320
-2.442647
-2.517681
-2.581452
-2.633601
-2.673882
-2.702652
-2.720241
-2.726622
-2.722081
-2.707420
-2.683209
-2.649750
-2.607802
-2.558438
-2.502383
-2.440198
-2.372970
-2.301862
-2.227638
-2.151014
-2.073194
-1.995251
-1.917843
-1.841755
-1.768094
-1.697710
-1.631099
-1.568933
-1.512057
-1.461035
-1.416093
-1.377690
-1.346311
-1.322211
-1.305294
-1.295754
-1.293786
-1.299153
-1.311614
-1.331023
-1.357236
-1.389760
-1.428100
-1.471910
-1.520825
-1.574105
-1.631091
-1.691404
-1.754419
-1.819363
-1.885561
-1.952517
-2.019633
-2.086117
-2.151372
-2.214964
-2.276328
-2.334744
-2.389796
-2.441160
-2.488327
-2.530813
-2.568289
-2.600690
-2.627598
-2.648674
-2.663924
-2.673327
-2.676626
-2.673677
-2.664697
-2.649707
-2.628608
-2.601499
-2.568636
-2.530157
-2.486058
-2.436579
-2.382108
-2.322738
-2.258596
-2.189987
-2.117332
-2.040750
-1.960401
-1.876680
-1.789963
-1.700320
-1.608019
-1.513441
-1.416918
-1.318491
-1.218502
-1.117365
-1.015254
-0.912281
-0.808831
-0.705185
-0.601528
-0.498005
-0.395003
-0.292709
-0.191285
-0.091004
0.007855
0.105148
0.200686
0.294188
0.385456
0.474430
0.560807
0.644318
0.724946
0.802580
0.876916
0.947765
1.015215
1.079163
1.139240
1.195474
1.248008
1.296674
1.341268
1.381897
1.418728
1.451654
1.480605
1.505713
1.527257
1.545165
1.559447
1.570397
1.578216
1.583008
1.584796
1.583943
1.580722
1.575244
1.567603
1.558142
1.547278
1.535027
1.521502
1.507133
1.492230
1.476844
1.461016
1.445231
1.429781
1.414568
1.399660
1.385536
1.372370
1.359918
1.348343
1.338088
1.329090
1.321088
1.314298
1.308983
1.304982
1.302028
1.300356
1.300047
1.300868
1.302603
1.305450
1.309363
1.313998
1.319322
1.325401
1.332079
1.339061
1.346380
1.354052
1.361845
1.369541
1.377238
1.384829
1.392101
1.399025
1.405644
1.411828
1.417452
1.422548
1.427117
1.431083
1.434329
1.436991
1.439099
1.440514
1.441218
1.441374
1.441102
1.440151
1.438577
1.436664
1.434375
1.431560
1.428322
1.424955
1.421352
1.417396
1.413249
1.409186
1.405024
1.400638
1.396333
1.392250
1.388156
1.384014
1.380136
1.376583
1.373047
1.369595
1.366541
1.363788
1.361080
1.358564
1.356495
1.354673
1.352908
1.351384
1.350284
1.349301
1.348356
1.347690
1.347366
1.347029
1.346749
1.346747
1.346885
1.346957
1.347100
1.347428
1.347760
1.348023
1.348323
1.348697
1.348983
1.349177
1.349444
1.349645
1.349723
1.349731
1.349740
1.349641
1.349409
1.349120
1.348788
1.348351
1.347795
1.347169
1.346464
1.345628
1.344688
1.343715
1.342601
1.341370
1.340100
1.338767
1.337276
1.335699
1.334147
1.332482
1.330673
1.328890
1.327121
1.325262
1.323309
1.321418
1.319566
1.317628
1.315650
1.313849
1.312081
1.310211
1.308419
1.306823
1.305203
1.303595
1.302103
1.300817
1.299500
1.298208
1.297139
1.296235
1.295307
1.294410
1.293780
1.293218
1.292623
1.292125
1.291861
1.291579
1.291236
1.291036
1.291003
1.290913
1.290747
1.290717
1.290769
1.290676
1.290530
1.290497
1.290420
1.290187
1.289917
1.289708
1.289380
1.288859
1.288295
1.287757
1.287030
1.286115
1.285234
1.284304
1.283160
1.281897
1.280699
1.279439
1.278005
1.276538
1.275145
1.273689
1.272095
1.270560
1.269134
1.267636
1.266090
1.264739
1.263489
1.262217
1.261005
1.260078
1.259214
1.258367
1.257715
1.257340
1.257087
1.256869
1.256901
1.257212
1.257610
1.258064
1.258848
1.259847
1.260848
1.261996
1.263447
1.265006
1.266599
1.268302
1.270260
1.272244
1.274197
1.276294
1.278532
1.280732
1.282859
1.285140
1.287461
1.289651
1.291779
1.294013
1.296196
1.298187
1.300137
1.302174
1.304077
1.305777
1.307476
1.309184
1.310715
1.312091
1.313481
1.314857
1.316025
1.317103
1.318242
1.319314
1.320228
1.321084
1.322046
1.322885
1.323624
1.324388
1.325241
1.325981
1.326659
1.327456
1.328310
1.329028
1.329751
1.330645
1.331575
1.332381
1.333266
1.334290
1.335316
1.336225
1.337251
1.338401
1.339461
1.340461
1.341597
1.342808
1.343921
1.344971
1.346163
1.347335
1.348400
1.349454
1.350594
1.351686
1.352611
1.353574
1.354596
1.355455
1.356223
1.357009
1.357807
1.358440
1.358975
1.359561
1.360107
1.360467
1.360786
1.361180
1.361458
1.361549
1.361687
1.361842
1.361904
1.361792
1.361770
1.361749
1.361579
1.361312
1.361151
1.360982
1.360623
1.360286
1.360025
1.359699
1.359262
1.358881
1.358555
1.358145
1.357662
1.357260
1.356910
1.356440
1.355945
1.355580
1.355217
1.354729
1.354255
1.353952
1.353554
1.353114
1.352704
1.352432
1.352088
1.351701
1.351419
1.351225
1.350944
1.350628
1.350482
1.350340
1.350109
1.349918
1.349864
1.349766
1.349585
1.349446
1.349428
1.349324
1.349121
1.349020
1.348988
1.348787
1.348521
1.348384
1.348172
1.347860
1.347475
1.347183
1.346804
1.346276
1.345734
1.345253
1.344649
1.343838
1.343096
1.342386
1.341449
1.340460
1.339533
1.338567
1.337427
1.336271
1.335200
1.334025
1.332735
1.331471
1.330326
1.329063
1.327731
1.326520
1.325411
1.324200
1.322973
1.321918
1.320924
1.319861
1.318872
1.318082
1.317327
1.316503
1.315825
1.315324
1.314822
1.314276
1.313926
1.313719
1.313474
1.313222
1.313190
1.313231
1.313182
1.313200
1.313421
1.313612
1.313686
1.313881
1.314210
1.314432
1.314592
1.314854
1.315185
1.315330
1.315459
1.315663
1.315836
1.315835
1.315819
1.315862
1.315807
1.315561
1.315315
1.315091
1.314710
1.314181
1.313663
1.313146
1.312418
1.311593
1.310818
1.310013
1.309012
1.307958
1.307033
1.305984
1.304835
1.303737
1.302732
1.301649
1.300489
1.299496
1.298559
1.297588
1.296625
1.295892
1.295222
1.294544
1.293981
1.293672
1.293420
1.293173
1.293112
1.293295
1.293521
1.293768
1.294282
1.294947
1.295639
1.296400
1.297415
1.298508
1.299596
1.300798
1.302213
1.303652
1.305060
1.306559
1.308243
1.309833
1.311352
1.312998
1.314712
1.316287
1.317787
1.319406
1.320992
1.322388
1.323739
1.325154
1.326480
1.327585
1.328710
1.329883
1.330889
1.331731
1.332632
1.333491
1.334200
1.334808
1.335506
1.336175
1.336664
1.337146
1.337745
1.338270
1.338650
1.339139
1.339729
1.340228
1.340677
1.341261
1.341911
1.342521
1.343144
1.343938
1.344750
1.345554
1.346413
1.347454
1.348507
1.349522
1.350638
1.351946
1.353186
1.354419
1.355804
1.357267
1.358670
1.360047
1.361593
1.363132
1.364591
1.366010
1.367565
1.369015
1.370338
1.371688
1.373094
1.374377
1.375487
1.376674
1.377804
1.378752
1.379557
1.380399
1.381140
1.381679
1.382123
1.382575
1.382877
1.382947
1.383005
1.383033
1.382899
1.382574
1.382277
1.381935
1.381407
1.380783
1.380206
1.379569
1.378767
1.377940
1.377209
1.376401
1.375467
1.374568
1.373780
1.372911
1.371963
1.371140
1.370382
1.369526
1.368685
1.368020
1.367374
1.366660
1.366012
1.365531
1.365067
1.364518
1.364104
1.363832
1.363506
1.363167
1.363002
1.362900
1.362761
1.362620
1.362627
1.362677
1.362623
1.362582
1.362679
1.362758
1.362691
1.362717
1.362837
1.362828
1.362733
1.362701
1.362731
1.362568
1.362356
1.362226
1.362080
1.361744
1.361408
1.361123
1.360729
1.360185
1.359663
1.359164
1.358546
1.357788
1.357089
1.356420
1.355566
1.354634
1.353807
1.352944
1.351900
1.350849
1.349888
1.348846
1.347654
1.346508
1.345423
1.344262
1.342951
1.341747
1.340552
1.339245
1.337862
1.336616
1.335369
1.333958
1.332553
1.331275
1.329911
1.328453
1.327050
1.325752
1.324350
1.322849
1.321449
1.320117
1.318645
1.317144
1.315783
1.314410
1.312927
1.311466
1.310133
1.308780
1.307322
1.305948
1.304719
1.303376
1.302006
1.300794
1.299659
1.298414
1.297193
1.296148
1.295107
1.294004
1.292936
1.292044
1.291148
1.290158
1.289266
1.288522
1.287710
1.286834
1.286093
1.285459
1.284701
1.283963
1.283356
1.282779
1.282098
1.281429
1.280926
1.280373
1.279727
1.279160
1.278719
1.278217
1.277607
1.277143
1.276762
1.276254
1.275730
1.275361
1.275030
1.274611
1.274218
1.273998
1.273735
1.273401
1.273194
1.273127
1.273017
1.272863
1.272915
1.273073
1.273163
1.273289
1.273626
1.274024
1.274361
1.274779
1.275417
1.276007
1.276602
1.277332
1.278240
1.279085
1.279894
1.280870
1.281970
1.282951
1.283938
1.285098
1.286315
1.287402
1.288524
1.289798
1.291012
1.292138
1.293351
1.294676
1.295881
1.297050
1.298306
1.299634
1.300853
1.302063
1.303401
1.304765
1.305994
1.307274
1.308705
1.310099
1.311425
1.312827
1.314357
1.315816
1.317236
1.318785
1.320376
1.321929
1.323430
1.325076
1.326743
1.328296
1.329849
1.331521
1.333106
1.334547
1.336030
1.337580
1.338951
1.340190
1.341488
1.342739
1.343796
1.344683
1.345633
1.346485
1.347087
1.347575
1.348120
1.348496
1.348596
1.348665
1.348730
1.348598
1.348286
1.347984
1.347683
1.347193
1.346570
1.346051
1.345492
1.344802
1.344119
1.343543
1.342973
1.342341
1.341837
1.341436
1.341086
1.340821
1.340728
1.340735
1.340894
1.341231
1.341756
1.342358
1.343171
1.344248
1.345426
1.346668
1.348163
1.349888
1.351625
1.353426
1.355420
1.357554
1.359593
1.361639
1.363788
1.365900
1.367851
1.369683
1.371520
1.373208
1.374587
1.375787
1.376909
1.377825
1.378369
1.378645
1.378814
1.378784
1.378339
1.377637
1.376934
1.376036
1.374743
1.373313
1.372008
1.370563
1.368868
1.367256
1.365931
1.364534
1.363033
1.361858
1.361032
1.360263
1.359555
1.359353
1.359523
1.359809
1.360305
1.361311
1.362640
1.364047
1.365709
1.367702
1.369847
1.371985
1.374221
1.376482
1.378642
1.380646
1.382404
1.383787
1.384829
1.385436
1.385374
1.384604
1.383262
1.381206
1.378144
1.374195
1.369542
1.363946
1.357239
1.349660
1.341432
1.332287
1.322183
1.311543
1.300495
1.288914
1.276852
1.264824
1.253020
1.241276
1.229888
1.219333
1.209743
1.201076
1.193741
1.188086
1.184246
1.182287
1.182444
1.185079
1.190310
1.198072
1.208520
1.221912
1.238229
1.257243
1.279012
1.303644
1.330896
1.360396
1.392045
1.425741
1.461056
1.497335
1.534432
1.572013
1.609421
1.645935
1.681272
1.714977
1.746156
1.774120
1.798565
1.818887
1.834135
1.843812
1.847650
1.844954
1.835003
1.817500
1.792315
1.758865
1.716722
1.665960
1.606606
1.538366
1.461196
1.375643
1.281930
1.180131
1.070723
0.954619
0.832258
0.704116
0.571247
0.434753
0.295383
0.153985
0.011933
-0.129532
-0.269483
-0.406805
-0.539953
-0.667701
-0.789174
-0.903076
-1.008008
-1.102977
-1.187187
-1.259518
-1.318900
-1.364734
-1.396533
-1.413501
-1.415120
-1.401354
-1.372032
-1.326982
-1.266369
-1.190647
-1.100185
-0.995462
-0.877295
-0.746650
-0.604434
-0.451777
-0.289963
-0.120388
0.055573
0.236312
0.420194
0.605609
0.790888
0.974199
1.153861
1.328231
1.495568
1.654096
1.802454
1.939139
2.062581
2.171472
2.264856
2.341666
2.400730
2.441453
2.463469
2.466263
2.449317
2.412863
2.357179
2.282300
2.188589
2.077025
1.948445
1.803570
1.643471
1.469798
1.283833
1.086842
0.880511
0.666764
0.447286
0.223633
-0.002188
-0.228132
-0.452485
-0.673578
-0.889398
-1.098136
-1.298206
-1.488142
-1.666218
-1.831061
-1.981530
-2.116511
-2.234889
-2.335765
-2.418617
-2.482933
-2.528175
-2.554205
-2.561113
-2.548969
-2.517916
-2.468522
-2.401430
-2.317198
-2.216684
-2.100997
-1.971166
-1.828142
-1.673347
-1.508178
-1.333853
-1.151649
-0.963205
-0.770019
-0.573270
-0.374326
-0.174881
0.023793
0.220694
0.414531
0.603841
0.787740
0.965580
1.136202
1.298679
1.452586
1.597560
1.732907
1.858178
1.973395
2.078574
2.173432
2.258030
2.332807
2.398076
2.453945
2.500858
2.539511
2.570468
2.594087
2.611053
2.622161
2.628104
2.629366
2.626582
2.620645
2.612193
2.601604
2.589437
2.576456
2.563110
2.549586
2.536232
2.523574
2.511815
2.500825
2.490755
2.481874
2.473953
2.466692
2.460001
2.453825
2.447676
2.441068
2.433710
2.425239
2.415085
2.402646
2.387438
2.369018
2.346833
2.320230
2.288659
2.251772
2.209172
2.160208
2.104424
2.041756
1.971980
1.894571
1.809328
1.716561
1.616210
1.508040
1.392208
1.269362
1.139692
1.003211
0.860540
0.712579
0.559741
0.402317
0.241325
0.077856
-0.087580
-0.254411
-0.421405
-0.587424
-0.751840
-0.913966
-1.072579
-1.226506
-1.375250
-1.518122
-1.653976
-1.781862
-1.901473
-2.012294
-2.113377
-2.204172
-2.284675
-2.354625
-2.413370
-2.460830
-2.497395
-2.523034
-2.537591
-2.541451
-2.535334
-2.519480
-2.494229
-2.460436
-2.418969
-2.370389
-2.315451
-2.255281
-2.190820
-2.122867
-2.052513
-1.980888
-1.908880
-1.837471
-1.767832
-1.700853
-1.637311
-1.578229
-1.524575
-1.476839
-1.435636
-1.401834
-1.375938
-1.357989
-1.348372
-1.347612
-1.355580
-1.371947
-1.396826
-1.430157
-1.471272
-1.519540
-1.574691
-1.636081
-1.702696
-1.773679
-1.848359
-1.925674
-2.004389
-2.083563
-2.162170
-2.238983
-2.312809
-2.382676
-2.447392
-2.505822
-2.557091
-2.600191
-2.634063
-2.658000
-2.671446
-2.673548
-2.663657
-2.641622
-2.607226
-2.559965
-2.499824
-2.427175
-2.342204
-2.244908
-2.135910
-2.016132
-1.886013
-1.746154
-1.597796
-1.442119
-1.279923
-1.112315
-0.940941
-0.767018
-0.591671
-0.416397
-0.242788
-0.072110
0.094410
0.255119
0.408781
0.554209
0.690178
0.815369
0.928822
1.029759
1.117113
1.190097
1.248252
1.291180
1.318251
1.329221
1.324307
1.303436
1.266563
1.214132
1.146859
1.065048
0.969206
0.860375
0.739594
0.607597
0.465304
0.314174
0.155463
-0.009853
-0.180590
-0.355133
-0.532151
-0.710614
-0.889274
-1.066573
-1.241299
-1.412564
-1.579270
-1.740089
-1.894087
-2.040742
-2.179127
-2.308368
-2.427996
-2.537810
-2.637319
-2.726092
-2.804132
-2.871619
-2.928514
-2.974829
-3.010965
-3.037591
-3.054952
-3.063429
-3.063798
-3.056946
-3.043366
-3.023656
-2.998816
-2.969826
-2.937220
-2.901685
-2.864239
-2.825835
-2.786841
-2.747857
-2.709840
-2.673392
-2.638685
-2.606108
-2.576350
-2.549654
-2.525826
-2.505026
-2.487627
-2.473328
-2.461653
-2.452548
-2.445940
-2.441090
-2.437367
-2.434489
-2.431985
-2.428818
-2.424317
-2.418091
-2.409288
-2.396837
-2.380227
-2.358955
-2.332026
-2.298616
-2.258406
-2.210940
-2.155263
-2.091021
-2.018181
-1.936352
-1.845038
-1.744288
-1.634438
-1.515329
-1.386982
-1.249984
-1.104909
-0.952040
-0.791867
-0.625402
-0.453553
-0.276970
-0.096538
0.086449
0.270790
0.455562
0.639670
0.821666
1.000162
1.174192
1.342664
1.504078
1.657066
1.800845
1.934499
2.056595
2.166063
2.262512
2.345263
2.413166
2.465645
2.502832
2.524346
2.529451
2.518309
2.491454
2.448902
2.390543
2.317151
2.229642
2.128470
2.014170
1.888005
1.751181
1.604567
1.449218
1.286683
1.118309
0.945373
0.769198
0.591339
0.413222
0.236351
0.062055
-0.108376
-0.273430
-0.431705
-0.582190
-0.723860
-0.855356
-0.975594
-1.084070
-1.180072
-1.262536
-1.330967
-1.385392
-1.425422
-1.450520
-1.460798
-1.456728
-1.438336
-1.405653
-1.359355
-1.300236
-1.228768
-1.145526
-1.051513
-0.947770
-0.835183
-0.714658
-0.587312
-0.454372
-0.316986
-0.176125
-0.032821
0.111547
0.255859
0.399335
0.541082
0.679775
0.814516
0.944956
1.070326
1.189532
1.302206
1.408339
1.507409
1.598737
1.682507
1.759062
1.828071
1.889459
1.943892
1.991874
2.033396
2.068906
2.099385
2.125345
2.147123
2.165592
2.181667
2.195890
2.208843
2.221514
2.234571
2.248507
2.263994
2.281808
2.302277
2.325730
2.352787
2.383718
2.418433
2.457107
2.499986
2.546795
2.597014
2.650653
2.707468
2.766560
2.827190
2.889069
2.951463
3.013014
3.072909
3.130579
3.184874
3.234295
3.278043
3.315435
3.345051
3.365551
3.376341
3.376698
3.365320
3.341254
3.304266
3.253786
3.188886
3.109270
3.015058
2.906146
2.782149
2.643483
2.490778
2.324438
2.144809
1.952999
1.750125
1.537120
1.315112
1.085640
0.850268
0.610470
0.367913
0.124395
-0.118264
-0.358190
-0.593585
-0.822614
-1.043338
-1.253854
-1.452556
-1.637878
-1.807988
-1.961305
-2.096758
-2.213207
-2.309278
-2.383998
-2.437122
-2.468027
-2.476031
-2.461139
-2.423838
-2.364258
-2.282534
-2.179652
-2.056850
-1.914984
-1.755081
-1.578900
-1.388326
-1.184835
-0.970181
-0.746637
-0.516486
-0.281627
-0.044223
0.193287
0.428533
0.659401
0.883825
1.099514
1.304298
1.496238
1.673754
1.835034
1.978247
2.102253
2.206055
2.288548
2.348611
2.386036
2.400648
2.392055
2.360201
2.305680
2.229259
2.131285
2.012633
1.874774
1.719117
1.546832
1.359488
1.159241
0.947861
0.727158
0.499190
0.266295
0.030547
-0.206028
-0.441240
-0.672847
-0.898834
-1.117191
-1.326016
-1.523438
-1.707701
-1.877233
-2.030627
-2.166633
-2.283903
-2.381635
-2.459136
-2.515671
-2.550633
-2.563983
-2.555737
-2.525774
-2.474260
-2.401856
-2.309217
-2.196785
-2.065382
-1.916318
-1.750623
-1.569188
-1.373394
-1.164904
-0.944969
-0.714814
-0.476128
-0.230662
0.020260
0.275302
0.532631
0.790636
1.048112
1.303674
1.555607
1.802585
2.043624
2.277421
2.502522
2.717989
2.923086
3.116666
3.297621
3.465446
3.619618
3.759185
3.883491
3.992393
4.085548
4.162271
4.222289
4.265810
4.292637
4.302345
4.295044
4.271230
4.230843
4.173732
4.100420
4.011547
3.907230
3.787611
3.653595
3.505961
3.344963
3.171193
2.985813
2.789676
2.583297
2.367685
2.144166
1.913671
1.677054
1.435661
1.190892
0.943784
0.695518
0.447652
0.201512
-0.041748
-0.280667
-0.513704
-0.739723
-0.957438
-1.165265
-1.361993
-1.546707
-1.718037
-1.874630
-2.015732
-2.140687
-2.248257
-2.337540
-2.408401
-2.460439
-2.492790
-2.505251
-2.498245
-2.471717
-2.425395
-2.359863
-2.275996
-2.174220
-2.054920
-1.919348
-1.768792
-1.604139
-1.426515
-1.237551
-1.038851
-0.831748
-0.617855
-0.398920
-0.176768
0.046892
0.270399
0.492071
0.709974
0.922329
1.127774
1.324818
1.511616
1.686657
1.849107
1.997798
2.131137
2.248281
2.348940
2.432329
2.497406
2.544097
2.572638
2.582707
2.573986
2.547086
2.502737
2.441061
2.362526
2.268217
2.159160
2.036066
1.899928
1.752043
1.593699
1.426067
1.250317
1.067778
0.879918
0.688140
0.493454
0.297104
0.100638
-0.094657
-0.288074
-0.478589
-0.664634
-0.845420
-1.020577
-1.189232
-1.350161
-1.503040
-1.647909
-1.783992
-1.910623
-2.027927
-2.136117
-2.234739
-2.323596
-2.403163
-2.473728
-2.535193
-2.587797
-2.632067
-2.668403
-2.697063
-2.718433
-2.733004
-2.741318
-2.743872
-2.740980
-2.733089
-2.720890
-2.704929
-2.685340
-2.662562
-2.637446
-2.610356
-2.581266
-2.550747
-2.519609
-2.488000
-2.455817
-2.423820
-2.392681
-2.362271
-2.332653
-2.304643
-2.278677
-2.254485
-2.232380
-2.213125
-2.196858
-2.183363
-2.173146
-2.166817
-2.164220
-2.165306
-2.170637
-2.180498
-2.194606
-2.213027
-2.236233
-2.264092
-2.296285
-2.332949
-2.374172
-2.419569
-2.468719
-2.521649
-2.577997
-2.637130
-2.698599
-2.762101
-2.826924
-2.892240
-2.957509
-3.022030
-3.084799
-3.145006
-3.201898
-3.254488
-3.301672
-3.342738
-3.376759
-3.402571
-3.419299
-3.426336
-3.422706
-3.407356
-3.379865
-3.339790
-3.286255
-3.218665
-3.137125
-3.041471
-2.931134
-2.806262
-2.667500
-2.514967
-2.348763
-2.169719
-1.978991
-1.777165
-1.564977
-1.343941
-1.115582
-0.880971
-0.641457
-0.398951
-0.155279
0.088131
0.329540
0.566883
0.798274
1.022062
1.236528
1.439728
1.629909
1.805500
1.965184
2.107435
2.230764
2.334150
2.416909
2.478056
2.516754
2.532742
2.526132
2.496610
2.444152
2.369468
2.273434
2.156500
2.019470
1.863973
1.691560
1.503324
1.300974
1.086724
0.862605
0.630239
0.391907
0.150103
-0.092957
-0.335300
-0.574567
-0.808253
-1.034232
-1.250619
-1.455260
-1.646057
-1.821307
-1.979533
-2.119177
-2.238761
-2.337267
-2.413931
-2.467970
-2.498736
-2.506004
-2.489975
-2.450675
-2.388317
-2.303642
-2.197619
-2.071114
-1.925157
-1.761275
-1.581156
-1.386221
-1.178147
-0.959084
-0.731058
-0.495849
-0.255535
-0.012492
0.231222
0.473739
0.712869
0.946401
1.172516
1.389572
1.595585
1.788787
1.967943
2.131741
2.278760
2.407871
2.518476
2.609842
2.681167
2.732123
2.762812
2.773101
2.762871
2.732569
2.682885
2.614179
2.527037
2.422562
2.301798
2.165587
2.014993
1.851529
1.676504
1.490968
1.296343
1.094280
0.886087
0.672913
0.456321
0.237858
0.018666
-0.200133
-0.417058
-0.630888
-0.840678
-1.045510
-1.244129
-1.435673
-1.619572
-1.795047
-1.961190
-2.117568
-2.263923
-2.399684
-2.524309
-2.637768
-2.740002
-2.830650
-2.909568
-2.976936
-3.032922
-3.077325
-3.110218
-3.132137
-3.143249
-3.143425
-3.133070
-3.112790
-3.082741
-3.042891
-2.993875
-2.936319
-2.870283
-2.795956
-2.714053
-2.625142
-2.529269
-2.426827
-2.318503
-2.204767
-2.085793
-1.962015
-1.834196
-1.702688
-1.567804
-1.430103
-1.290171
-1.148427
-1.005310
-0.861387
-0.717135
-0.573073
-0.429726
-0.287552
-0.146968
-0.008632
0.126953
0.259550
0.388656
0.513636
0.634062
0.749938
0.860715
0.965727
1.064908
1.158275
1.245376
1.325653
1.399377
1.466607
1.526936
1.580177
1.626695
1.666707
1.699924
1.726445
1.746758
1.761142
1.769571
1.772305
1.769909
1.762771
1.751069
1.735113
1.715555
1.692878
1.667333
1.639230
1.609231
1.577911
1.545463
1.512147
1.478626
1.445482
1.412682
1.380515
1.349592
1.320337
1.292556
1.266488
1.242686
1.221231
1.201933
1.184970
1.170682
1.158961
1.149535
1.142565
1.138077
1.135889
1.135797
1.137765
1.141644
1.147257
1.154445
1.162948
1.172582
1.183240
1.194754
1.206719
1.218993
1.231641
1.244349
1.256740
1.268794
1.280675
1.291988
1.302385
1.312100
1.321225
1.329385
1.336343
1.342506
1.347925
1.352213
1.355380
1.357801
1.359513
1.360193
1.360004
1.359306
1.358065
1.356104
1.353605
1.350919
1.347951
1.344599
1.341078
1.337608
1.334155
1.330624
1.327164
1.323994
1.321044
1.318203
1.315574
1.313367
1.311474
1.309761
1.308294
1.307271
1.306538
1.305916
1.305516
1.305491
1.305594
1.305655
1.305891
1.306353
1.306777
1.307010
1.307385
1.307813
1.307995
1.307934
1.307913
1.307797
1.307320
1.306613
1.305879
1.304987
1.303667
1.302188
1.300687
1.298959
1.296888
1.294758
1.292665
1.290344
1.287826
1.285385
1.282998
1.280471
1.277909
1.275506
1.273201
1.270849
1.268595
1.266601
1.264698
1.262850
1.261243
1.259817
1.258492
1.257333
1.256392
1.255579
1.254935
1.254463
1.254112
1.253837
1.253702
1.253707
1.253734
1.253734
1.253880
1.254083
1.254153
1.254210
1.254348
1.254395
1.254244
1.254036
1.253863
1.253488
1.252879
1.252222
1.251507
1.250539
1.249316
1.248092
1.246777
1.245162
1.243381
1.241636
1.239765
1.237638
1.235417
1.233248
1.230934
1.228460
1.226017
1.223655
1.221196
1.218661
1.216284
1.213989
1.211676
1.209368
1.207306
1.205354
1.203412
1.201629
1.200120
1.198729
1.197401
1.196311
1.195521
1.194819
1.194242
1.193960
1.193935
1.193970
1.194202
1.194733
1.195429
1.196203
1.197179
1.198438
1.199781
1.201196
1.202823
1.204666
1.206516
1.208408
1.210474
1.212659
1.214797
1.216937
1.219232
1.221557
1.223750
1.225924
1.228203
1.230397
1.232420
1.234433
1.236465
1.238269
1.239961
1.241627
1.243239
1.244602
1.245809
1.247023
1.248087
1.248898
1.249586
1.250294
1.250782
1.251083
1.251314
1.251555
1.251587
1.251485
1.251341
1.251201
1.250858
1.250450
1.250118
1.249766
1.249248
1.248755
1.248408
1.247992
1.247515
1.247164
1.246924
1.246625
1.246396
1.246287
1.246294
1.246290
1.246314
1.246540
1.246886
1.247140
1.247541
1.248151
1.248799
1.249401
1.250149
1.251073
1.251963
1.252805
1.253820
1.254955
1.255986
1.257079
1.258320
1.259599
1.260759
1.261977
1.263303
1.264586
1.265781
1.267056
1.268401
1.269646
1.270801
1.272049
1.273308
1.274461
1.275506
1.276651
1.277757
1.278693
1.279615
1.280598
1.281503
1.282240
1.283005
1.283783
1.284401
1.284928
1.285494
1.286059
1.286450
1.286788
1.287155
1.287482
1.287658
1.287798
1.288025
1.288138
1.288116
1.288125
1.288205
1.288137
1.287992
1.287943
1.287935
1.287778
1.287610
1.287574
1.287523
1.287368
1.287264
1.287274
1.287277
1.287200
1.287208
1.287306
1.287386
1.287414
1.287589
1.287844
1.288010
1.288175
1.288486
1.288827
1.289068
1.289362
1.289778
1.290129
1.290422
1.290735
1.291157
1.291473
1.291715
1.292001
1.292339
1.292526
1.292627
1.292790
1.292903
1.292839
1.292714
1.292641
1.292453
1.292092
1.291696
1.291298
1.290766
1.290032
1.289311
1.288570
1.287600
1.286526
1.285476
1.284369
1.283040
1.281663
1.280326
1.278873
1.277247
1.275623
1.274039
1.272358
1.270565
1.268859
1.267203
1.265416
1.263584
1.261929
1.260271
1.258528
1.256852
1.255343
1.253841
1.252307
1.250910
1.249688
1.248448
1.247208
1.246178
1.245323
1.244440
1.243651
1.243052
1.242585
1.242087
1.241701
1.241501
1.241383
1.241219
1.241207
1.241349
1.241504
1.241599
1.241842
1.242215
1.242446
1.242673
1.243018
1.243375
1.243578
1.243789
1.244054
1.244238
1.244287
1.244328
1.244391
1.244332
1.244136
1.243957
1.243775
1.243405
1.242926
1.242517
1.242050
1.241384
1.240672
1.240019
1.239266
1.238384
1.237521
1.236711
1.235818
1.234819
1.233923
1.233073
1.232136
1.231189
1.230416
1.229688
1.228903
1.228190
1.227671
1.227179
1.226673
1.226310
1.226150
1.226015
1.225887
1.226015
1.226261
1.226527
1.226859
1.227403
1.228062
1.228695
1.229415
1.230363
1.231344
1.232272
1.233343
1.234556
1.235738
1.236831
1.238097
1.239412
1.240625
1.241798
1.243111
1.244372
1.245526
1.246645
1.247874
1.249012
1.250012
1.251022
1.252072
1.252990
1.253782
1.254620
1.255449
1.256109
1.256647
1.257293
1.257842
1.258239
1.258604
1.259061
1.259417
1.259628
1.259884
1.260201
1.260424
1.260569
1.260812
1.261146
1.261354
1.261607
1.261975
1.262383
1.262730
1.263120
1.263687
1.264271
1.264807
1.265459
1.266282
1.267092
1.267854
1.268805
1.269855
1.270867
1.271906
1.273105
1.274388
1.275560
1.276814
1.278218
1.279580
1.280839
1.282177
1.283592
1.284931
1.286202
1.287518
1.288847
1.290015
1.291106
1.292248
1.293313
1.294179
1.294995
1.295841
1.296525
1.297052
1.297511
1.297969
1.298220
1.298285
1.298361
1.298384
1.298248
1.297974
1.297742
1.297436
1.296954
1.296443
1.295997
1.295424
1.294749
1.294090
1.293520
1.292808
1.292069
1.291397
1.290762
1.290050
1.289320
1.288732
1.288151
1.287501
1.286953
1.286494
1.286056
1.285549
1.285148
1.284876
1.284540
1.284163
1.283942
1.283801
1.283565
1.283334
1.283223
1.283097
1.282850
1.282647
1.282513
1.282302
1.281976
1.281662
1.281410
1.280988
1.280473
1.279983
1.279474
1.278789
1.277959
1.277231
1.276401
1.275399
1.274372
1.273384
1.272295
1.271086
1.269886
1.268738
1.267492
1.266187
1.264953
1.263783
1.262501
1.261246
1.260127
1.259066
1.257958
1.256918
1.256067
1.255250
1.254414
1.253710
1.253177
1.252623
1.252107
1.251764
1.251535
1.251277
1.251060
1.251020
1.251035
1.250982
1.250986
1.251125
1.251270
1.251283
1.251370
1.251545
1.251634
1.251592
1.251631
1.251657
1.251528
1.251292
1.251108
1.250853
1.250402
1.249883
1.249362
1.248761
1.247952
1.247087
1.246241
1.245208
1.243993
1.242801
1.241598
1.240154
1.238637
1.237174
1.235649
1.233953
1.232230
1.230579
1.228869
1.227017
1.225203
1.223492
1.221698
1.219827
1.218070
1.216408
1.214620
1.212855
1.211243
1.209675
1.208010
1.206423
1.205033
1.203618
1.202181
1.200854
1.199696
1.198558
1.197370
1.196368
1.195515
1.194577
1.193685
1.193013
1.192396
1.191717
1.191151
1.190776
1.190419
1.190047
1.189802
1.189721
1.189595
1.189462
1.189511
1.189643
1.189736
1.189839
1.190118
1.190451
1.190688
1.190989
1.191408
1.191862
1.192191
1.192616
1.193186
1.193664
1.194045
1.194576
1.195162
1.195604
1.196015
1.196565
1.197105
1.197509
1.197934
1.198492
1.198978
1.199342
1.199764
1.200280
1.200675
1.200975
1.201384
1.201825
1.202112
1.202373
1.202762
1.203084
1.203281
1.203500
1.203842
1.204124
1.204291
1.204527
1.204866
1.205130
1.205338
1.205662
1.206031
1.206364
1.206639
1.207086
1.207570
1.207953
1.208401
1.208999
1.209615
1.210140
1.210776
1.211548
1.212258
1.212936
1.213768
1.214642
1.215465
1.216268
1.217233
1.218210
1.219089
1.219997
1.221026
1.222023
1.222886
1.223845
1.224879
1.225797
1.226643
1.227602
1.228587
1.229447
1.230246
1.231174
1.232102
1.232873
1.233622
1.234483
1.235323
1.236016
1.236748
1.237600
1.238350
1.239046
1.239825
1.240670
1.241436
1.242193
1.243093
1.244039
1.244953
1.245907
1.247027
1.248152
1.249262
1.250471
1.251787
1.253136
1.254506
1.256000
1.257540
1.259097
1.260742
1.262437
1.264141
1.265873
1.267690
1.269512
1.271266
1.273041
1.274844
1.276567
1.278107
1.279673
1.281205
1.282533
1.283713
1.284841
1.285790
1.286531
1.287051
1.287516
1.287753
1.287728
1.287572
1.287346
1.286912
1.286260
1.285524
1.284756
1.283832
1.282773
1.281717
1.280739
1.279694
1.278607
1.277672
1.276886
1.276139
1.275479
1.275069
1.274907
1.274858
1.275001
1.275517
1.276304
1.277256
1.278427
1.280010
1.281843
1.283777
1.285913
1.288383
1.290954
1.293475
1.296110
1.298928
1.301523
1.303910
1.306209
1.308426
1.310159
1.311403
1.312402
1.312996
1.312841
1.312008
1.310767
1.308854
1.305962
1.302389
1.298272
1.293305
1.287401
1.280923
1.273922
1.266130
1.257619
1.248800
1.239658
1.229998
1.220046
1.210203
1.200411
1.190630
1.181162
1.172315
1.163999
1.156367
1.149672
1.144131
1.139720
1.136642
1.135110
1.135120
1.136810
1.140284
1.145621
1.152787
1.161886
1.172914
1.185782
1.200450
1.216939
1.235083
1.254648
1.275539
1.297729
1.320811
1.344491
1.368663
1.393101
1.417301
1.440929
1.463833
1.485650
1.505838
1.524077
1.540208
1.553761
1.564241
1.571353
1.574941
1.574609
1.569893
1.560641
1.546706
1.527795
1.503608
1.474154
1.439383
1.399101
1.353278
1.302044
1.245484
1.183584
1.116577
1.044699
0.968229
0.887357
0.802466
0.714036
0.622330
0.527835
0.431034
0.332540
0.232664
0.132024
0.031364
-0.068890
-0.168315
-0.266161
-0.361687
-0.454617
-0.544437
-0.630332
-0.711774
-0.788543
-0.860133
-0.925794
-0.985220
-1.038333
-1.084617
-1.123468
-1.154896
-1.178883
-1.195017
-1.202918
-1.202839
-1.194849
-1.178658
-1.154167
-1.121784
-1.081683
-1.033686
-0.978025
-0.915109
-0.845235
-0.768481
-0.685137
-0.595713
-0.500647
-0.400079
-0.294409
-0.184216
-0.070015
0.047959
0.169294
0.293325
0.419528
0.547628
0.677154
0.807410
0.937879
1.068307
1.198131
1.326713
1.453534
1.578340
1.700535
1.819442
1.934708
2.045969
2.152638
2.254122
2.350141
2.440247
2.523884
2.600711
2.670338
2.732316
2.786317
2.832083
2.869189
2.897306
2.916365
2.926134
2.926221
2.916532
2.897251
2.868197
2.829102
2.780173
2.721829
2.653908
2.576421
2.489915
2.394918
2.291468
2.179837
2.060901
1.935219
1.803079
1.665069
1.522172
1.375124
1.224395
1.070776
0.915325
0.758846
0.601973
0.445568
0.290645
0.138091
-0.011497
-0.157298
-0.298375
-0.433987
-0.563601
-0.686699
-0.802395
-0.910234
-1.009966
-1.101213
-1.183483
-1.256642
-1.320756
-1.375754
-1.421499
-1.458285
-1.486454
-1.506268
-1.518032
-1.522349
-1.519883
-1.511134
-1.496854
-1.477830
-1.454872
-1.428813
-1.400587
-1.371025
-1.341015
-1.311501
-1.283448
-1.257610
-1.234747
-1.215824
-1.201541
-1.192419
-1.189038
-1.192143
-1.202036
-1.218774
-1.242803
-1.274368
-1.313231
-1.359134
-1.412136
-1.471951
-1.537858
-1.609237
-1.685742
-1.766555
-1.850561
-1.936898
-2.024857
-2.113171
-2.200591
-2.286176
-2.368870
-2.447301
-2.520246
-2.586834
-2.645902
-2.696208
-2.736858
-2.767082
-2.785966
-2.792631
-2.786634
-2.767562
-2.734919
-2.688354
-2.628049
-2.554016
-2.466324
-2.365378
-2.251807
-2.126161
-1.989216
-1.841935
-1.685418
-1.520786
-1.349308
-1.172439
-0.991640
-0.808397
-0.624280
-0.440992
-0.260120
-0.083331
0.087725
0.251523
0.406473
0.551029
0.683864
0.803757
0.909439
0.999789
1.074000
1.131382
1.171204
1.193012
1.196702
1.182171
1.149412
1.098778
1.030796
0.946094
0.845360
0.729662
0.600237
0.458200
0.304936
0.142136
-0.028669
-0.205884
-0.387572
-0.571902
-0.757154
-0.941517
-1.122873
-1.299509
-1.469895
-1.632090
-1.784324
-1.925318
-2.053796
-2.168151
-2.267205
-2.350317
-2.416679
-2.465257
-2.495721
-2.508142
-2.502243
-2.477829
-2.435363
-2.375653
-2.299014
-2.206034
-2.097928
-1.976057
-1.841312
-1.694932
-1.538707
-1.374228
-1.202913
-1.026411
-0.846655
-0.665428
-0.484330
-0.305093
-0.129557
0.040621
0.203873
0.358783
0.503795
0.637528
0.758816
0.866713
0.960185
1.038291
1.100466
1.146389
1.175614
1.187737
1.182910
1.161366
1.123262
1.068789
0.998695
0.913816
0.814691
0.702093
0.577245
0.441308
0.295231
0.140102
-0.022564
-0.191449
-0.365375
-0.543126
-0.723184
-0.904149
-1.084899
-1.264230
-1.440798
-1.613280
-1.780856
-1.942446
-2.096886
-2.243315
-2.381053
-2.509355
-2.627378
-2.734622
-2.830746
-2.915237
-2.987739
-3.048028
-3.096112
-3.131701
-3.154760
-3.165456
-3.163925
-3.150160
-3.124444
-3.087205
-3.038616
-2.978944
-2.908779
-2.828573
-2.738587
-2.639337
-2.531592
-2.415781
-2.292237
-2.161727
-2.025098
-1.882704
-1.735040
-1.583044
-1.427562
-1.268912
-1.107808
-0.945269
-0.782071
-0.618599
-0.455764
-0.294618
-0.135802
0.020086
0.172104
0.319233
0.460839
0.596263
0.724512
0.844800
0.956474
1.058795
1.151013
1.232482
1.302661
1.360855
1.406665
1.439719
1.459504
1.465713
1.458320
1.437176
1.402114
1.353200
1.290887
1.215325
1.126726
1.025690
0.913007
0.789241
0.655005
0.511415
0.359586
0.200421
0.035007
-0.135285
-0.309059
-0.485114
-0.662135
-0.838594
-1.012931
-1.183832
-1.350002
-1.509899
-1.662010
-1.805143
-1.938235
-2.059920
-2.168939
-2.264488
-2.345940
-2.412257
-2.462643
-2.496886
-2.514808
-2.515897
-2.499994
-2.467624
-2.419030
-2.354320
-2.274120
-2.179456
-2.071041
-1.949638
-1.816555
-1.673102
-1.520439
-1.359904
-1.193178
-1.021725
-0.846970
-0.670647
-0.494424
-0.319697
-0.148063
0.018744
0.179306
0.332497
0.476781
0.610714
0.733517
0.844289
0.941876
1.025437
1.094821
1.149506
1.188945
1.213038
1.222175
1.216394
1.195787
1.160934
1.112709
1.051730
0.978634
0.894556
0.800733
0.698237
0.588145
0.471833
0.350768
0.226321
0.099703
-0.027722
-0.154392
-0.278911
-0.400207
-0.517123
-0.628159
-0.732170
-0.828516
-0.916269
-0.994200
-1.061663
-1.118565
-1.164213
-1.197861
-1.219521
-1.229486
-1.227442
-1.213170
-1.187302
-1.150406
-1.102544
-1.044053
-0.975994
-0.899135
-0.813780
-0.720819
-0.621423
-0.516387
-0.406371
-0.292413
-0.175680
-0.056876
0.063145
0.183318
0.302789
0.420834
0.536685
0.649465
0.758621
0.863572
0.963641
1.058369
1.147428
1.230430
1.306952
1.376900
1.440203
1.496526
1.545909
1.588464
1.624238
1.653190
1.675523
1.691572
1.701434
1.705333
1.703600
1.696594
1.684540
1.667756
1.646719
1.621635
1.592876
1.560859
1.525969
1.488448
1.448663
1.407068
1.363992
1.319626
1.274369
1.228732
1.182901
1.137097
1.091748
1.047297
1.003964
0.961928
0.921654
0.883634
0.847970
0.814898
0.784944
0.758530
0.735776
0.716855
0.702326
0.692623
0.687727
0.687797
0.693400
0.704835
0.721999
0.744876
0.774071
0.809676
0.851270
0.898846
0.952847
1.013026
1.078763
1.149937
1.226718
1.308516
1.394474
1.484369
1.577965
1.674407
1.772660
1.872277
1.972707
2.072888
2.171672
2.268372
2.362278
2.452169
2.536914
2.615687
2.687714
2.751889
2.807069
2.852489
2.887557
2.911327
2.922849
2.921570
2.907298
2.879345
2.837083
2.780452
2.709654
2.624388
2.524462
2.410469
2.282935
2.142110
1.988307
1.822716
1.646220
1.459534
1.263629
1.059942
0.849835
0.634388
0.415013
0.193333
-0.029078
-0.250795
-0.470325
-0.686013
-0.896190
-1.099400
-1.294287
-1.479379
-1.653103
-1.814266
-1.961905
-2.094863
-2.211884
-2.312340
-2.395800
-2.461504
-2.508753
-2.537663
-2.548281
-2.540431
-2.514092
-2.470112
-2.409004
-2.331158
-2.237340
-2.128820
-2.006706
-1.871832
-1.725586
-1.569503
-1.404987
-1.233349
-1.056183
-0.875187
-0.691818
-0.507622
-0.324108
-0.142831
0.034777
0.207364
0.373709
0.532590
0.682870
0.823611
0.954123
1.073624
1.181455
1.277299
1.361054
1.432451
1.491438
1.538383
1.573694
1.597670
1.610849
1.614181
1.608502
1.594571
1.573442
1.546353
1.514467
1.478796
1.440637
1.401376
1.362152
1.324128
1.288473
1.256493
1.229112
1.207218
1.191813
1.183736
1.183533
1.191673
1.208705
1.234888
1.270212
1.314626
1.368077
1.430175
1.500340
1.578005
1.662479
1.752795
1.847906
1.946768
2.048201
2.150841
2.253281
2.354264
2.452267
2.545767
2.633372
2.713731
2.785314
2.846683
2.896747
2.934309
2.958114
2.967166
2.960872
2.938401
2.899121
2.842628
2.768936
2.677845
2.569348
2.443913
2.302151
2.144637
1.972082
1.785626
1.586590
1.376182
1.155700
0.926878
0.691626
0.451530
0.208292
-0.035962
-0.279008
-0.519111
-0.754500
-0.982927
-1.202183
-1.410744
-1.607036
-1.788945
-1.954665
-2.103233
-2.233442
-2.343618
-2.432731
-2.500496
-2.546302
-2.569143
-2.569009
-2.546282
-2.501052
-2.433211
-2.343652
-2.233521
-2.103528
-1.954538
-1.788167
-1.606133
-1.409779
-1.200721
-0.981013
-0.752728
-0.517752
-0.278048
-0.035780
0.206816
0.447597
0.684694
0.916103
1.139637
1.353295
1.555679
1.745152
1.919804
2.078228
2.219670
2.343027
2.446898
2.530791
2.594628
2.637912
2.660015
2.661364
2.642597
2.603770
2.545197
2.468012
2.373449
2.262111
2.135120
1.994172
1.840724
1.676021
1.501611
1.319401
1.131038
0.938053
0.742155
0.545086
0.348543
0.154077
-0.036865
-0.222821
-0.402303
-0.574067
-0.737206
-0.890600
-1.033203
-1.164357
-1.283671
-1.390620
-1.484677
-1.565874
-1.634423
-1.690223
-1.733485
-1.764826
-1.784895
-1.794129
-1.793255
-1.783339
-1.765229
-1.739900
-1.708424
-1.671898
-1.631427
-1.588155
-1.543260
-1.497650
-1.452490
-1.408899
-1.367778
-1.329771
-1.295861
-1.266893
-1.243261
-1.225236
-1.213456
-1.208350
-1.209661
-1.217266
-1.231366
-1.251776
-1.277734
-1.308703
-1.344417
-1.384163
-1.426776
-1.471387
-1.517350
-1.563617
-1.608769
-1.651730
-1.691716
-1.727546
-1.757753
-1.781299
-1.797517
-1.805308
-1.803382
-1.790982
-1.767794
-1.733017
-1.685717
-1.625691
-1.553126
-1.467639
-1.368867
-1.257321
-1.133655
-0.998048
-0.850838
-0.693199
-0.526277
-0.350778
-0.167721
0.021245
0.214563
0.411050
0.609224
0.807160
1.003084
1.195487
1.382753
1.562961
1.734326
1.895349
2.044559
2.180337
2.301017
2.405545
2.492952
2.561965
2.611435
2.641048
2.650399
2.638830
2.606017
2.552392
2.478306
2.383725
2.269310
2.136226
1.985487
1.817847
1.634798
1.438133
1.229358
1.010022
0.782088
0.547756
0.308922
0.067570
-0.174125
-0.413911
-0.649690
-0.879471
-1.101266
-1.312973
-1.512674
-1.698775
-1.869748
-2.023940
-2.159927
-2.276848
-2.373873
-2.449966
-2.504539
-2.537581
-2.549083
-2.538747
-2.507010
-2.454687
-2.382584
-2.291195
-2.181859
-2.056187
-1.915476
-1.761112
-1.595006
-1.419287
-1.235618
-1.045994
-0.852628
-0.657712
-0.463155
-0.271043
-0.083575
0.097347
0.269820
0.432049
0.582293
0.719064
0.840917
0.946571
1.035110
1.105609
1.157271
1.189695
1.202749
1.196225
1.170141
1.124992
1.061439
0.979957
0.881423
0.767134
0.638320
0.496099
0.341967
0.177792
0.005216
-0.174255
-0.358694
-0.546029
-0.734522
-0.922462
-1.107897
-1.288846
-1.463738
-1.631051
-1.788994
-1.936036
-2.070961
-2.192645
-2.299796
-2.391473
-2.467098
-2.525970
-2.567590
-2.591595
-2.598051
-2.586907
-2.558259
-2.512518
-2.450239
-2.371994
-2.278504
-2.170703
-2.049578
-1.916150
-1.771587
-1.617166
-1.454076
-1.283642
-1.107336
-0.926439
-0.742179
-0.556002
-0.369339
-0.183327
0.000874
0.181975
0.358730
0.530357
0.695845
0.854278
1.004778
1.146830
1.279880
1.403190
1.516448
1.619469
1.711962
1.793663
1.864615
1.924896
1.974557
2.013719
2.042643
2.061625
2.071007
2.071153
2.062392
2.045203
2.020147
1.987650
1.948047
1.901898
1.849903
1.792378
1.729620
1.662291
1.591043
1.516036
1.437474
1.356133
1.272491
1.186510
1.098524
1.009174
0.918751
0.827152
0.734769
0.642118
0.549329
0.456386
0.363646
0.271500
0.180019
0.089328
-0.000324
-0.088605
-0.175396
-0.260545
-0.343845
-0.425041
-0.503867
-0.580228
-0.654022
-0.724925
-0.792616
-0.857129
-0.918425
-0.976098
-1.029883
-1.079997
-1.126424
-1.168729
-1.206822
-1.241050
-1.271408
-1.297539
-1.319621
-1.338063
-1.352853
-1.363875
-1.371502
-1.376188
-1.377965
-1.376980
-1.373685
-1.368483
-1.361533
-1.353205
-1.343984
-1.334156
-1.324063
-1.314127
-1.304664
-1.295934
-1.288393
-1.282252
-1.277718
-1.275020
-1.274508
-1.276248
-1.280215
-1.286543
-1.295428
-1.306691
-1.320093
-1.335632
-1.353257
-1.372564
-1.393126
-1.414806
-1.437243
-1.459897
-1.482247
-1.503927
-1.524441
-1.543243
-1.559683
-1.573251
-1.583529
-1.589984
-1.591944
-1.588911
-1.580657
-1.566759
-1.546573
-1.519843
-1.486663
-1.446650
-1.399428
-1.345131
-1.284064
-1.216085
-1.141095
-1.059680
-0.972374
-0.879254
-0.780627
-0.677429
-0.570358
-0.459697
-0.346216
-0.230947
-0.114719
0.001909
0.118000
0.232464
0.344450
0.453248
0.557903
0.657454
0.751123
0.838183
0.917875
0.989504
1.052393
1.106020
1.150005
1.183906
1.207314
1.220099
1.222263
1.213676
1.194316
1.164427
1.124416
1.074506
1.015062
0.946735
0.870274
0.786117
0.694986
0.597929
0.495768
0.389215
0.279253
0.167035
0.053527
-0.060512
-0.173987
-0.285761
-0.394964
-0.500818
-0.602340
-0.698493
-0.788660
-0.872197
-0.948245
-1.016105
-1.075457
-1.125859
-1.166744
-1.197825
-1.219087
-1.230321
-1.231286
-1.222159
-1.203151
-1.174323
-1.135824
-1.088124
-1.031692
-0.966837
-0.893996
-0.813850
-0.727068
-0.634103
-0.535593
-0.432376
-0.325146
-0.214502
-0.101142
0.014108
0.130481
0.247422
0.364284
0.480218
0.594612
0.706972
0.816685
0.923080
1.025638
1.124022
1.217719
1.306187
1.389164
1.466404
1.537501
1.602124
1.660150
1.711490
1.755815
1.792991
1.823084
1.846034
1.861661
1.870040
1.871315
1.865449
1.852491
1.832557
1.805900
1.772573
1.732644
1.686454
1.634274
1.576214
1.512484
1.443514
1.369606
1.290899
1.207790
1.120743
1.030069
0.936072
0.839216
0.740040
0.638909
0.536164
0.432403
0.328191
0.223882
0.119922
0.016970
-0.084391
-0.183791
-0.280785
-0.374673
-0.464929
-0.551222
-0.633074
-0.709908
-0.781190
-0.846748
-0.906155
-0.958864
-1.004577
-1.043183
-1.074446
-1.097930
-1.113564
-1.121436
-1.121372
-1.113253
-1.097129
-1.073372
-1.041913
-1.002838
-0.956544
-0.903467
-0.843809
-0.777763
-0.706012
-0.629091
-0.547294
-0.461095
-0.371187
-0.278263
-0.182676
-0.084995
0.014030
0.113736
0.213638
0.313264
0.411887
0.508823
0.603809
0.696324
0.785725
0.871531
0.953557
1.031360
1.104488
1.172711
1.235921
1.293924
1.346361
1.393297
1.434722
1.470621
1.500864
1.525662
1.545190
1.559548
1.568849
1.573371
1.573436
1.569279
1.561134
1.549333
1.534268
1.516302
1.495676
1.472747
1.447955
1.421698
1.394179
1.365741
1.336835
1.307777
1.278785
1.250105
1.222167
1.195211
1.169287
1.144730
1.121769
1.100612
1.081206
1.063855
1.048680
1.035662
1.024836
1.016370
1.010296
1.006486
1.004982
1.005818
1.008926
1.014177
1.021567
1.031020
1.042354
1.055497
1.070399
1.086834
1.104650
1.123790
1.144122
1.165335
1.187286
1.209956
1.233104
1.256389
1.279732
1.303074
1.326048
1.348402
1.370073
1.390928
1.410583
1.428797
1.445545
1.460666
1.473752
1.484659
1.493318
1.499530
1.502883
1.503388
1.500991
1.495404
1.486379
1.473966
1.458120
1.438540
1.415160
1.387985
1.357065
1.322148
1.283253
1.240534
1.193986
1.143490
1.089173
1.031288
0.969848
0.904814
0.836481
0.765130
0.690790
0.613582
0.533855
0.451948
0.367949
0.282057
0.194676
0.106160
0.016654
-0.073593
-0.164149
-0.254666
-0.344952
-0.434755
-0.523605
-0.611164
-0.697298
-0.781710
-0.863934
-0.943732
-1.020952
-1.095275
-1.166319
-1.233887
-1.297898
-1.358044
-1.414005
-1.465649
-1.512955
-1.555647
-1.593470
-1.626436
-1.654495
-1.677497
-1.695254
-1.707813
-1.715214
-1.717386
-1.714224
-1.705786
-1.692243
-1.673586
-1.649769
-1.620912
-1.587262
-1.548907
-1.505834
-1.458240
-1.406469
-1.350610
-1.290718
-1.227120
-1.160164
-1.090008
-1.016788
-0.940833
-0.862555
-0.782138
-0.699765
-0.615825
-0.530729
-0.444698
-0.357861
-0.270675
-0.183521
-0.096619
-0.010120
0.075559
0.159989
0.243081
0.324693
0.404387
0.481801
0.556950
0.629727
0.699736
0.766654
0.830635
0.891602
0.949161
1.003122
1.053776
1.101064
1.144558
1.184339
1.220730
1.253626
1.282742
1.308285
1.330636
1.349605
1.365062
1.377349
1.386848
1.393286
1.396692
1.397586
1.396111
1.392090
1.385694
1.377430
1.367343
1.355295
1.341604
1.326708
1.310580
1.293112
1.274782
1.255872
1.236259
1.216039
1.195625
1.175270
1.154763
1.134352
1.114465
1.095140
1.076254
1.058116
1.041172
1.025286
1.010404
0.997003
0.985331
0.975192
0.966623
0.960159
0.955824
0.953410
0.953081
0.955236
0.959820
0.966556
0.975691
0.987529
1.001801
1.018199
1.037019
1.058391
1.081788
1.107038
1.134356
1.163558
1.194094
1.225787
1.258653
1.292360
1.326233
1.360114
1.393880
1.426983
1.458764
1.489055
1.517595
1.543689
1.566802
1.586692
1.603038
1.615173
1.622638
1.625234
1.622635
1.614305
1.599908
1.579363
1.552433
1.518797
1.478314
1.431064
1.377026
1.316083
1.248361
1.174209
1.093797
1.007325
0.915184
0.817970
0.716064
0.609894
0.500226
0.387757
0.273134
0.156982
0.040341
-0.076031
-0.191386
-0.304874
-0.415471
-0.522295
-0.624684
-0.721634
-0.812263
-0.895791
-0.971550
-1.038741
-1.096658
-1.144710
-1.182478
-1.209384
-1.224972
-1.229082
-1.221441
-1.201833
-1.170249
-1.126808
-1.071652
-1.004892
-0.926918
-0.838252
-0.739275
-0.630522
-0.512689
-0.386601
-0.252915
-0.112459
0.033828
0.184998
0.340129
0.498269
0.658417
0.819539
0.980637
1.140800
1.299077
1.454475
1.606106
1.753209
1.895010
2.030688
2.159596
2.281239
2.395109
2.500623
2.597541
2.685662
2.764777
2.834600
2.895371
2.947095
2.989869
3.023838
3.049464
3.067134
3.077122
3.079899
3.076196
3.066510
3.051289
3.031293
3.007271
2.979778
2.949381
2.916882
2.883043
2.848317
2.813240
2.778630
2.744947
2.712591
2.681966
2.653683
2.628032
2.605115
2.585231
2.568683
2.555490
2.545535
2.538916
2.535661
2.535524
2.538205
2.543544
2.551386
2.561362
2.572912
2.585749
2.599624
2.614046
2.628339
2.642206
2.655397
2.667330
2.677379
2.685322
2.690968
2.693748
2.693167
2.689230
2.681807
2.670425
2.654838
2.635259
2.611706
2.583815
2.551672
2.515707
2.475961
2.432302
2.385146
2.334990
2.281958
2.226168
2.168231
2.108644
2.047594
1.985420
1.922758
1.860037
1.797541
1.735698
1.675040
1.615907
1.558615
1.503563
1.451089
1.401392
1.354821
1.311599
1.271844
1.235676
1.203312
1.174753
1.149908
1.128829
1.111556
1.097844
1.087544
1.080532
1.076702
1.075662
1.077096
1.080866
1.086650
1.093965
1.102570
1.112188
1.122348
1.132639
1.142835
1.152561
1.161289
1.168820
1.174861
1.179023
1.180906
1.180369
1.177196
1.170999
1.161564
1.148828
1.132636
1.112658
1.088835
1.061252
1.029740
0.994151
0.954542
0.911070
0.863596
0.812110
0.756828
0.697818
0.635182
0.568919
0.499265
0.426387
0.350461
0.271566
0.189946
0.105898
0.019622
-0.068758
-0.158967
-0.250596
-0.343417
-0.437285
-0.531876
-0.626618
-0.721318
-0.815849
-0.909710
-1.002252
-1.093367
-1.182858
-1.269999
-1.354248
-1.435440
-1.513347
-1.587138
-1.656259
-1.720730
-1.780061
-1.833400
-1.880372
-1.921054
-1.954784
-1.980816
-1.999029
-2.009371
-2.011292
-2.004198
-1.988164
-1.963222
-1.928829
-1.884741
-1.831244
-1.768448
-1.695969
-1.613978
-1.522947
-1.423068
-1.314318
-1.197183
-1.072397
-0.940207
-0.801001
-0.655629
-0.504840
-0.349153
-0.189303
-0.026348
0.138921
0.305794
0.473180
0.639997
0.805479
0.968721
1.128450
1.283750
1.433914
1.577877
1.714461
1.842994
1.962833
2.072905
2.172310
2.260746
2.337670
2.402182
2.453793
2.492585
2.518158
2.529900
2.527915
2.512533
2.483594
2.440973
2.385187
2.316878
2.236152
2.143354
2.039358
1.925014
1.800769
1.667277
1.525713
1.377053
1.222000
1.061433
0.896620
0.728667
0.558357
0.386630
0.214766
0.043874
-0.125344
-0.292001
-0.454910
-0.613114
-0.766109
-0.913162
-1.053228
-1.185651
-1.310219
-1.426407
-1.533411
-1.630962
-1.719173
-1.797635
-1.865892
-1.924159
-1.972702
-2.011308
-2.039923
-2.059121
-2.069247
-2.070307
-2.062588
-2.046856
-2.023524
-1.992739
-1.955088
-1.911357
-1.861953
-1.807140
-1.747621
-1.684120
-1.616944
-1.546405
-1.473225
-1.397957
-1.320728
-1.241918
-1.162140
-1.081673
-1.000519
-0.918993
-0.837584
-0.756262
-0.674932
-0.593876
-0.513361
-0.433169
-0.353091
-0.273402
-0.194154
-0.114997
-0.035752
0.043348
0.122358
0.201669
0.281391
0.361238
0.441343
0.522008
0.603187
0.684533
0.766163
0.848223
0.930417
1.012348
1.094027
1.175417
1.255980
1.335205
1.413023
1.489109
1.562781
1.633444
1.700936
1.764692
1.823894
1.878042
1.926791
1.969496
2.005343
2.033880
2.054770
2.067366
2.070937
2.065251
2.050032
2.024714
1.988914
1.942548
1.885590
1.817756
1.738908
1.649421
1.549391
1.438946
1.318404
1.188338
1.049285
0.901660
0.746286
0.583971
0.415598
0.241948
0.064070
-0.116874
-0.299819
-0.483657
-0.667177
-0.849133
-1.028226
-1.203259
-1.373033
-1.536279
-1.691656
-1.838083
-1.974572
-2.099898
-2.212926
-2.312900
-2.399080
-2.470544
-2.526474
-2.566594
-2.590537
-2.597756
-2.587943
-2.561350
-2.518066
-2.457908
-2.381222
-2.288751
-2.180926
-2.058112
-1.921201
-1.771302
-1.609187
-1.435639
-1.251975
-1.059545
-0.859399
-0.652635
-0.440727
-0.225133
-0.007058
0.212329
0.431570
0.649230
0.864174
1.075339
1.281454
1.481321
1.673952
1.858610
2.034354
2.200255
2.355766
2.500519
2.633903
2.755473
2.865034
2.962729
3.048254
3.121653
3.183141
3.233118
3.271860
3.299580
3.316931
3.324641
3.323156
3.312968
3.294965
3.270068
3.238817
3.201849
3.160190
3.114720
3.066051
3.014740
2.961839
2.908159
2.854095
2.800163
2.747277
2.696088
2.646678
2.599479
2.555301
2.514371
2.476612
2.442308
2.412025
2.385677
2.362981
2.344189
2.329551
2.318730
2.311319
2.307503
2.307306
2.310153
2.315661
2.323968
2.334849
2.347677
2.362103
2.378236
2.395682
2.413810
2.432395
2.451454
2.470528
2.489040
2.506871
2.524000
2.539906
2.554115
2.566629
2.577340
2.585687
2.591387
2.594378
2.594572
2.591462
2.584749
2.574544
2.560618
2.542473
2.519975
2.493245
2.461990
2.425818
2.384701
2.338700
2.287613
2.231193
2.169422
2.102533
2.030310
1.952638
1.869748
1.781851
1.688915
1.590991
1.488462
1.381674
1.270770
1.156054
1.038058
0.917207
0.793906
0.668683
0.542146
0.414874
0.287517
0.160735
0.035194
-0.088445
-0.209337
-0.326730
-0.440084
-0.548627
-0.651365
-0.747761
-0.837394
-0.919399
-0.992899
-1.057718
-1.113494
-1.159442
-1.195005
-1.220399
-1.235422
-1.239445
-1.232490
-1.215033
-1.187135
-1.148460
-1.099604
-1.041340
-0.973873
-0.897430
-0.812981
-0.721546
-0.623525
-0.519665
-0.411176
-0.299142
-0.184313
-0.067645
0.049564
0.166160
0.281230
0.393752
0.502531
0.606427
0.704533
0.795999
0.879865
0.955064
1.020880
1.076852
1.122250
1.156275
1.178625
1.189200
1.187529
1.173209
1.146441
1.107505
1.056200
0.992600
0.917399
0.831081
0.733766
0.626085
0.509019
0.383162
0.249018
0.107558
-0.040069
-0.193278
-0.351218
-0.512704
-0.676762
-0.842675
-1.009445
-1.175895
-1.341307
-1.504920
-1.665682
-1.822705
-1.975442
-2.123248
-2.265107
-2.400529
-2.529222
-2.650531
-2.763767
-2.868785
-2.965514
-3.053370
-3.131993
-3.201642
-3.262279
-3.313498
-3.355307
-3.388180
-3.412154
-3.426977
-3.433006
-3.430837
-3.420502
-3.401946
-3.375779
-3.342616
-3.302491
-3.255543
-3.202567
-3.144105
-3.080200
-3.011196
-2.937989
-2.861011
-2.780329
-2.696500
-2.610383
-2.522382
-2.432599
-2.341756
-2.250676
-2.159630
-2.068895
-1.979228
-1.891405
-1.805616
-1.722240
-1.642051
-1.565680
-1.493335
-1.425381
-1.362571
-1.305363
-1.253906
-1.208537
-1.169868
-1.138204
-1.113553
-1.096164
-1.086386
-1.084357
-1.089896
-1.103007
-1.123873
-1.152304
-1.187878
-1.230440
-1.279821
-1.335559
-1.396938
-1.463679
-1.535202
-1.610879
-1.689752
-1.771227
-1.854647
-1.939035
-2.023405
-2.106960
-2.188911
-2.268223
-2.343863
-2.415005
-2.480844
-2.540460
-2.592884
-2.637385
-2.673353
-2.700066
-2.716727
-2.722946
-2.718349
-2.702541
-2.675110
-2.635968
-2.585180
-2.522786
-2.448643
-2.363224
-2.267031
-2.160399
-2.043701
-1.917794
-1.783595
-1.641697
-1.492960
-1.338567
-1.179726
-1.017317
-0.852323
-0.686270
-0.520412
-0.355747
-0.193391
-0.034890
0.118518
0.265971
0.406352
0.538281
0.660753
0.773159
0.874519
0.963783
1.040375
1.103938
1.153839
1.189445
1.210652
1.217531
1.209668
1.187099
1.150112
1.099101
1.034079
0.955557
0.864302
0.760825
0.645654
0.519691
0.383926
0.239040
0.085923
-0.074211
-0.240419
-0.411824
-0.587285
-0.765594
-0.945845
-1.127111
-1.308149
-1.487915
-1.665678
-1.840446
-2.011051
-2.176799
-2.337100
-2.490958
-2.637494
-2.776332
-2.907010
-3.028648
-3.140763
-3.243209
-3.335675
-3.417484
-3.488485
-3.548789
-3.598147
-3.636149
-3.662995
-3.678935
-3.683730
-3.677331
-3.660210
-3.632586
-3.594392
-3.545855
-3.487615
-3.419858
-3.342669
-3.256557
-3.162187
-3.059749
-2.949479
-2.832139
-2.708354
-2.578305
-2.442502
-2.301790
-2.156685
-2.007518
-1.854957
-1.699854
-1.542687
-1.383921
-1.224355
-1.064782
-0.905722
-0.747641
-0.591449
-0.437853
-0.287292
-0.140422
0.001942
0.139250
0.271064
0.396650
0.515415
0.626908
0.730731
0.826293
0.913098
0.990955
1.059505
1.118316
1.167237
1.206206
1.234972
1.253392
1.261553
1.259605
1.247478
1.225325
1.193397
1.152105
1.101581
1.042149
0.974334
0.898724
0.815637
0.725489
0.629040
0.527027
0.419783
0.307828
0.192122
0.073405
-0.048064
-0.171586
-0.296237
-0.421364
-0.546773
-0.671746
-0.795340
-0.917230
-1.037211
-1.154634
-1.268706
-1.379344
-1.486387
-1.589315
-1.687616
-1.781345
-1.870510
-1.954597
-2.033482
-2.107337
-2.176143
-2.239683
-2.297996
-2.351305
-2.399695
-2.443126
-2.481737
-2.515755
-2.545330
-2.570574
-2.591627
-2.608658
-2.621964
-2.631652
-2.637739
-2.640428
-2.640062
-2.636680
-2.630232
-2.620921
-2.608987
-2.594459
-2.577153
-2.557360
-2.535214
-2.510623
-2.483420
-2.453838
-2.421974
-2.387687
-2.350872
-2.311634
-2.270152
-2.226184
-2.179691
-2.130782
-2.079573
-2.025933
-1.969748
-1.911269
-1.850615
-1.787631
-1.722278
-1.654874
-1.585597
-1.514222
-1.440867
-1.365830
-1.289321
-1.211170
-1.131493
-1.050775
-0.969092
-0.886235
-0.802512
-0.718369
-0.633806
-0.548607
-0.463236
-0.378036
-0.292868
-0.207681
-0.122922
-0.038836
0.044811
0.127935
0.210118
0.291238
0.371556
0.450880
0.528773
0.605313
0.680688
0.754616
0.826732
0.897206
0.966094
1.033007
1.097705
1.160350
1.220881
1.278827
1.334077
1.386693
1.436474
1.482958
1.526094
1.565836
1.601862
1.633820
1.661616
1.685119
1.703991
1.717993
1.726980
1.730780
1.729097
1.721825
1.708837
1.689915
1.664993
1.634040
1.596981
1.553697
1.504346
1.449010
1.387619
1.320366
1.247599
1.169458
1.086081
0.997868
0.905356
0.808756
0.708458
0.605056
0.499226
0.391268
0.281775
0.171524
0.061168
-0.048781
-0.157708
-0.264727
-0.369201
-0.470601
-0.568282
-0.661412
-0.749387
-0.831768
-0.907963
-0.977283
-1.039299
-1.093725
-1.140087
-1.177922
-1.207063
-1.227349
-1.238616
-1.240646
-1.233438
-1.217265
-1.192028
-1.157864
-1.115056
-1.064117
-1.005213
-0.938651
-0.865137
-0.785199
-0.699227
-0.607779
-0.511662
-0.411648
-0.308111
-0.201831
-0.093689
0.015597
0.125614
0.235559
0.344486
0.451949
0.557466
0.660279
0.759599
0.855226
0.946754
1.033512
1.115045
1.191311
1.262063
1.326805
1.385414
1.438078
1.484649
1.524881
1.558943
1.587224
1.609651
1.626263
1.637471
1.643766
1.645203
1.641979
1.634685
1.623847
1.609573
1.592198
1.572377
1.550561
1.526942
1.501842
1.475911
1.449522
1.422798
1.396101
1.369921
1.344537
1.320008
1.296631
1.274711
1.254432
1.235699
1.218755
1.203764
1.190770
1.179562
1.170339
1.163130
1.157790
1.154066
1.152111
1.151832
1.152970
1.155358
1.158970
1.163725
1.169314
1.175573
1.182462
1.189940
1.197675
1.205515
1.213506
1.221544
1.229316
1.236790
1.244013
1.250890
1.257235
1.263007
1.268329
1.273101
1.277130
1.280564
1.283459
1.285744
1.287293
1.288267
1.288760
1.288646
1.287958
1.286734
1.285122
1.283019
1.280381
1.277368
1.274068
1.270338
1.266154
1.261733
1.257100
1.252114
1.246767
1.241265
1.235663
1.229745
1.223572
1.217428
1.211214
1.204756
1.198256
1.191921
1.185624
1.179263
1.173063
1.167205
1.161616
1.156187
1.151172
1.146774
1.142853
1.139408
1.136674
1.134794
1.133674
1.133326
1.133961
1.135734
1.138484
1.142183
1.147085
1.153232
1.160433
1.168703
1.178185
1.188890
1.200477
1.213029
1.226624
1.241081
1.256162
1.271783
1.287954
1.304440
1.320962
1.337380
1.353660
1.369465
1.384480
1.398606
1.411642
1.423279
1.433233
1.441295
1.447295
1.450952
1.451973
1.450159
1.445353
1.437363
1.425906
1.410857
1.392107
1.369549
1.342973
1.312267
1.277510
1.238646
1.195515
1.148190
1.096834
1.041438
0.981947
0.918654
0.851747
0.781245
0.707288
0.630276
0.550436
0.467854
0.382870
0.295901
0.207219
0.116924
0.025515
-0.066554
-0.159134
-0.251977
-0.344510
-0.436314
-0.527332
-0.617231
-0.705376
-0.791513
-0.875596
-0.957238
-1.035815
-1.111338
-1.183700
-1.252446
-1.317165
-1.377931
-1.434652
-1.486920
-1.534468
-1.577493
-1.615849
-1.649201
-1.677483
-1.700933
-1.719401
-1.732637
-1.740750
-1.743964
-1.742171
-1.735194
-1.723310
-1.706687
-1.685239
-1.658945
-1.628094
-1.592834
-1.553172
-1.509171
-1.461135
-1.409225
-1.353467
-1.293991
-1.231115
-1.164998
-1.095729
-1.023487
-0.948622
-0.871253
-0.791491
-0.709639
-0.625937
-0.540576
-0.453685
-0.365631
-0.276619
-0.186821
-0.096504
-0.005982
0.084532
0.174919
0.264831
0.353949
0.442083
0.529140
0.614699
0.698468
0.780377
0.860229
0.937592
1.012264
1.084257
1.153250
1.218928
1.281132
1.339866
1.394881
1.445845
1.492777
1.535656
1.574256
1.608363
1.638031
1.663263
1.683946
1.699930
1.711260
1.718102
1.720359
1.717908
1.710918
1.699620
1.683955
1.663796
1.639454
1.611180
1.578862
1.542505
1.502511
1.459111
1.412142
1.361733
1.308310
1.252048
1.192751
1.130640
1.066166
0.999362
0.930060
0.858548
0.785281
0.710101
0.632912
0.554123
0.474018
0.392315
0.309084
0.224721
0.139349
0.052720
-0.035025
-0.123490
-0.212697
-0.302824
-0.393663
-0.484835
-0.576495
-0.668651
-0.760995
-0.853267
-0.945600
-1.037842
-1.129671
-1.220898
-1.311517
-1.401301
-1.489904
-1.577188
-1.662981
-1.746994
-1.828956
-1.908589
-1.985691
-2.059931
-2.131091
-2.198837
-2.262908
-2.323105
-2.379187
-2.430749
-2.477582
-2.519698
-2.556761
-2.588393
-2.614594
-2.635450
-2.650634
-2.659949
-2.663537
-2.661638
-2.653929
-2.640421
-2.621562
-2.597527
-2.568191
-2.533786
-2.494961
-2.451870
-2.404592
-2.353651
-2.299680
-2.242919
-2.183680
-2.122583
-2.060267
-1.996977
-1.933252
-1.869687
-1.806779
-1.744969
-1.684726
-1.626564
-1.570834
-1.518042
-1.468536
-1.422628
-1.380593
-1.342833
-1.309524
-1.280648
-1.256420
-1.237089
-1.222485
-1.212386
-1.206955
-1.206125
-1.209426
-1.216458
-1.227291
-1.241531
-1.258443
-1.277678
-1.299068
-1.321934
-1.345454
-1.369267
-1.393066
-1.415941
-1.437167
-1.456443
-1.473263
-1.486729
-1.496295
-1.501723
-1.502425
-1.497631
-1.487081
-1.470619
-1.447649
-1.417687
-1.380798
-1.336835
-1.285365
-1.226281
-1.159870
-1.086080
-1.004719
-0.916079
-0.820586
-0.718306
-0.609308
-0.494200
-0.373556
-0.247490
-0.116369
0.018941
0.157894
0.300214
0.445335
0.592285
0.740539
0.889736
1.039109
1.187695
1.335058
1.480801
1.623997
1.763807
1.899945
2.031886
2.158740
2.279821
2.394982
2.503628
2.604925
2.698453
2.784100
2.861276
2.929293
2.987990
3.037284
3.076622
3.105504
3.123977
3.132048
3.129190
3.115164
3.090194
3.054398
3.007327
2.948994
2.879879
2.800133
2.709463
2.608177
2.496977
2.376040
2.245291
2.105426
1.957257
1.801024
1.637023
1.466210
1.289435
1.107185
0.920011
0.729006
0.535230
0.339262
0.141934
-0.055578
-0.252103
-0.446935
-0.639168
-0.827538
-1.010887
-1.188435
-1.359351
-1.522365
-1.676347
-1.820682
-1.954632
-2.077063
-2.186974
-2.284094
-2.367878
-2.437335
-2.491860
-2.531527
-2.556076
-2.564736
-2.557421
-2.534631
-2.496296
-2.442107
-2.372497
-2.288351
-2.189772
-2.077001
-1.950989
-1.812727
-1.662672
-1.501535
-1.330631
-1.150975
-0.963351
-0.768891
-0.568907
-0.364489
-0.156667
0.053270
0.264147
0.474897
0.684327
0.891275
1.094813
1.293958
1.487497
1.674671
1.854811
2.027026
2.190404
2.344576
2.489195
2.623483
2.747010
2.859789
2.961739
3.052384
3.131704
3.200059
3.257591
3.304126
3.340022
3.365925
3.382082
3.388675
3.386318
3.375759
3.357419
3.331721
3.299324
3.261047
3.217420
3.168967
3.116339
3.060364
3.001655
2.940590
2.877838
2.814228
2.750278
2.686258
2.622840
2.560703
2.500278
2.441733
2.385684
2.332764
2.283136
2.236974
2.194811
2.157075
2.123879
2.095306
2.071790
2.053602
2.040767
2.033308
2.031432
2.035436
2.045132
2.060457
2.081444
2.108289
2.140646
2.178247
2.221140
2.269243
2.321983
2.378984
2.440140
2.505084
2.573054
2.643520
2.716261
2.790593
2.865614
2.940619
3.015256
3.088580
3.159498
3.227346
3.291555
3.351047
3.404671
3.451826
3.491844
3.523598
3.546079
3.558784
3.561119
3.552056
3.530876
3.497310
3.450962
3.391104
3.317419
3.230028
3.128804
3.013504
2.884344
2.741843
2.586309
2.418066
2.237822
2.046554
1.845086
1.634229
1.415198
1.189404
0.958065
0.722443
0.484068
0.244661
0.005760
-0.231191
-0.464478
-0.692249
-0.912894
-1.125011
-1.326982
-1.516977
-1.693639
-1.855865
-2.002298
-2.131459
-2.242433
-2.334616
-2.407155
-2.459048
-2.490155
-2.500444
-2.489630
-2.457439
-2.404524
-2.331504
-2.238672
-2.126605
-1.996607
-1.849930
-1.687392
-1.510337
-1.320548
-1.119743
-0.909221
-0.690718
-0.466415
-0.238194
-0.007643
0.223393
0.452639
0.678237
0.898690
1.112236
1.316808
1.510818
1.693141
1.862335
2.016731
2.155291
2.277462
2.382230
2.468532
2.536043
2.584800
2.614345
2.624333
2.615098
2.587319
2.541067
2.476662
2.395135
2.297584
2.184565
2.056926
1.916203
1.763786
1.600530
1.427724
1.247098
1.060129
0.867860
0.671701
0.473456
0.274492
0.075762
-0.121315
-0.315118
-0.504576
-0.688913
-0.866886
-1.037219
-1.199244
-1.352459
-1.495869
-1.628651
-1.750603
-1.861466
-1.960610
-2.047634
-2.122796
-2.186082
-2.237150
-2.276065
-2.303393
-2.319308
-2.323720
-2.317096
-2.300224
-2.273299
-2.236499
-2.190574
-2.136364
-2.074045
-2.004022
-1.927205
-1.844327
-1.755558
-1.661436
-1.562963
-1.460628
-1.354644
-1.245623
-1.134543
-1.021684
-0.907192
-0.791899
-0.676512
-0.561187
-0.446097
-0.332163
-0.219873
-0.109136
-0.000380
0.105580
0.208461
0.308375
0.404882
0.497083
0.585050
0.668856
0.747887
0.821413
0.889722
0.952866
1.009989
1.060767
1.105544
1.144246
1.176038
1.200887
1.219211
1.230699
1.234815
1.231698
1.221742
1.204649
1.180085
1.148401
1.109853
1.064311
1.011672
0.952330
0.886581
0.814440
0.736037
0.651725
0.561903
0.466814
0.366629
0.261726
0.152655
0.039837
-0.076611
-0.196240
-0.318290
-0.442345
-0.568280
-0.695615
-0.823336
-0.951178
-1.079059
-1.206281
-1.331857
-1.455625
-1.577518
-1.696630
-1.812138
-1.923991
-2.031996
-2.135306
-2.233165
-2.325672
-2.412567
-2.493038
-2.566539
-2.633187
-2.692770
-2.744534
-2.788149
-2.823774
-2.851283
-2.870064
-2.879927
-2.881182
-2.873773
-2.857255
-2.831574
-2.797266
-2.754302
-2.702410
-2.641820
-2.573117
-2.496461
-2.411656
-2.319252
-2.219908
-2.113846
-2.001131
-1.882452
-1.758570
-1.629732
-1.496285
-1.358999
-1.218650
-1.075544
-0.930183
-0.783407
-0.635858
-0.488005
-0.340347
-0.193664
-0.048513
0.094619
0.235281
0.372861
0.506868
0.636938
0.762740
0.883900
0.999994
1.110829
1.216367
1.316339
1.410514
1.498958
1.581870
1.659060
1.730565
1.796736
1.857854
1.913900
1.965172
2.012218
2.055358
2.094676
2.130721
2.164098
2.195034
2.223847
2.251049
2.277254
2.302582
2.327400
2.352231
2.377434
2.403077
2.429423
2.456897
2.485595
2.515372
2.546474
2.579076
2.612923
2.647800
2.683744
2.720660
2.757950
2.795393
2.832815
2.869799
2.905624
2.939950
2.972515
3.002538
3.029334
3.052596
3.071882
3.086278
3.095236
3.098557
3.095619
3.085624
3.068223
3.043341
3.010312
2.968572
2.918136
2.858950
2.790509
2.712615
2.625517
2.529320
2.423723
2.308933
2.185480
2.053576
1.913233
1.765029
1.609661
1.447395
1.278704
1.104305
0.925014
0.741286
0.553773
0.363366
0.170864
-0.023117
-0.217826
-0.412412
-0.606081
-0.798122
-0.987838
-1.174492
-1.357286
-1.535585
-1.708870
-1.876500
-2.037769
-2.192224
-2.339501
-2.479102
-2.610475
-2.733417
-2.847715
-2.953004
-3.048908
-3.135478
-3.212673
-3.280125
-3.337856
-3.385988
-3.424594
-3.453468
-3.472785
-3.482909
-3.483808
-3.475521
-3.458356
-3.432734
-3.398667
-3.356228
-3.306023
-3.248340
-3.183163
-3.110851
-3.032029
-2.946891
-2.855470
-2.758271
-2.655896
-2.548470
-2.436114
-2.319434
-2.198994
-2.074885
-1.947275
-1.816894
-1.684221
-1.549266
-1.412420
-1.274325
-1.135456
-0.995815
-0.855792
-0.716116
-0.577131
-0.438863
-0.301745
-0.166455
-0.033241
0.097880
0.226483
0.351921
0.474077
0.592999
0.708279
0.819369
0.926331
1.029253
1.127785
1.221566
1.310799
1.395665
1.475859
1.551262
1.622224
1.688967
1.751359
1.809385
1.863624
1.914303
1.961403
2.005112
2.045981
2.084400
2.120320
2.154078
2.186274
2.217224
2.246966
2.275778
2.304315
2.332726
2.361027
2.389486
2.418630
2.448472
2.478839
2.510008
2.542268
2.575408
2.609166
2.643698
2.679070
2.714787
2.750513
2.786256
2.821848
2.856561
2.889993
2.922113
2.952393
2.980027
3.004647
3.026138
3.043781
3.056760
3.064905
3.067955
3.065106
3.055779
3.039944
3.017348
2.987199
2.949295
2.903795
2.850437
2.788738
2.718834
2.641069
2.555316
2.461471
2.360002
2.251420
2.135830
2.013521
1.885233
1.751615
1.613037
1.470126
1.323766
1.174728
1.023615
0.871230
0.718479
0.566196
0.415153
0.266115
0.119907
-0.022619
-0.160724
-0.293830
-0.421290
-0.542292
-0.656362
-0.763217
-0.862379
-0.953248
-1.035763
-1.109951
-1.175533
-1.232260
-1.280484
-1.320564
-1.352396
-1.376170
-1.392658
-1.402333
-1.405392
-1.402392
-1.394398
-1.381954
-1.365405
-1.345701
-1.323890
-1.300561
-1.276194
-1.251856
-1.228538
-1.206602
-1.186649
-1.169678
-1.156390
-1.146943
-1.141912
-1.142038
-1.147601
-1.158550
-1.175253
-1.198142
-1.227027
-1.261635
-1.302050
-1.348278
-1.399772
-1.455982
-1.516769
-1.581720
-1.649999
-1.720846
-1.793916
-1.868539
-1.943595
-2.018336
-2.092224
-2.164464
-2.233883
-2.299757
-2.361565
-2.418501
-2.469492
-2.514006
-2.551642
-2.581685
-2.603244
-2.616112
-2.620130
-2.614689
-2.599214
-2.573830
-2.538641
-2.493373
-2.437778
-2.372221
-2.297194
-2.212831
-2.119210
-2.016963
-1.906833
-1.789265
-1.664685
-1.533842
-1.397620
-1.256604
-1.111377
-0.962844
-0.811861
-0.658959
-0.504868
-0.350533
-0.196721
-0.043878
0.107239
0.255709
0.400979
0.542676
0.680080
0.812446
0.939469
1.060876
1.175998
1.284391
1.385986
1.480557
1.567601
1.646899
1.718628
1.782566
1.838384
1.886111
1.926042
1.958015
1.981805
1.997768
2.006174
2.006889
1.999870
1.985657
1.964502
1.936238
1.901103
1.859663
1.812153
1.758445
1.698987
1.634370
1.564723
1.490080
1.411020
1.328095
1.241431
1.151177
1.058053
0.962514
0.864703
0.764941
0.663944
0.562119
0.459637
0.356982
0.254775
0.153377
0.053039
-0.045751
-0.142463
-0.236781
-0.328440
-0.417013
-0.502107
-0.583442
-0.660799
-0.733933
-0.802566
-0.866503
-0.925681
-0.980034
-1.029417
-1.073769
-1.113224
-1.147894
-1.177776
-1.203012
-1.223897
-1.240736
-1.253635
-1.262909
-1.269077
-1.272456
-1.273301
-1.272114
-1.269430
-1.265631
-1.261064
-1.256234
-1.251708
-1.247796
-1.244864
-1.243359
-1.243738
-1.246230
-1.251044
-1.258620
-1.269117
-1.282630
-1.299290
-1.319204
-1.342342
-1.368612
-1.397934
-1.430207
-1.465181
-1.502523
-1.542006
-1.583315
-1.625954
-1.669448
-1.713507
-1.757556
-1.800981
-1.843350
-1.884213
-1.922962
-1.958917
-1.991745
-2.021037
-2.046131
-2.066503
-2.081983
-2.092254
-2.096720
-2.095131
-2.087552
-2.073768
-2.053380
-2.026491
-1.993381
-1.953988
-1.908173
-1.856404
-1.799123
-1.736403
-1.668449
-1.595972
-1.519520
-1.439307
-1.355826
-1.269898
-1.182098
-1.092765
-1.002509
-0.912213
-0.822339
-0.733311
-0.645791
-0.560432
-0.477701
-0.397914
-0.321629
-0.249315
-0.181266
-0.117737
-0.058995
-0.005324
0.043163
0.086408
0.124379
0.157003
0.184331
0.206565
0.223866
0.236315
0.244176
0.247767
0.247437
0.243355
0.235894
0.225538
0.212659
0.197459
0.180384
0.161996
0.142545
0.122252
0.101628
0.081092
0.060807
0.040988
0.022028
0.004212
-0.012424
-0.027690
-0.041381
-0.053339
-0.063669
-0.072255
-0.078982
-0.083946
-0.087249
-0.088939
-0.088976
-0.087576
-0.084915
-0.081027
-0.076012
-0.070125
-0.063541
-0.056331
-0.048640
-0.040720
-0.032688
-0.024658
-0.016742
-0.009136
-0.001928
0.004815
0.011013
0.016573
0.021417
0.025537
0.028945
0.031606
0.033468
0.034584
0.035074
0.034891
0.034038
0.032646
0.030834
0.028598
0.025954
0.023076
0.020096
0.016950
0.013691
0.010535
0.007535
0.004619
0.001873
-0.000540
-0.002628
-0.004472
-0.005982
-0.007037
-0.007743
-0.008146
-0.008214
-0.007841
-0.007173
-0.006299
-0.005107
-0.003664
-0.002082
-0.000414
0.001420
0.003308
0.005184
0.007018
0.008824
0.010533
0.012036
0.013421
0.014671
0.015691
0.016440
0.017005
0.017413
0.017513
0.017372
0.017100
0.016671
0.015938
0.015057
0.014183
0.013153
0.011917
0.010665
0.009523
0.008276
0.006920
0.005709
0.004677
0.003592
0.002543
0.001810
0.001298
0.000725
0.000345
0.000364
0.000545
0.000594
0.000825
0.001353
0.001897
0.002220
0.002538
0.002956
0.003296
0.003459
0.003517
0.003560
0.003578
0.003548
0.003460
0.003362
0.003302
0.003278
0.003266
0.003257
0.003260
0.003285
0.003322
0.003354
0.003367
0.003371
0.003376
0.003378
0.003373
0.003361
0.003349
0.003345
0.003349
0.003357
0.003366
0.003378
0.003395
0.003413
0.003434
0.003454
0.003475
0.003498
0.003522
0.003546
0.003572
0.003599
0.003627
0.003657
0.003686
0.003718
0.003750
0.003782
0.003815
0.003848
0.003881
0.003913
0.003945
0.003975
0.004004
0.004032
0.004058
0.004082
0.004103
0.004121
0.004137
0.004150
0.004160
0.004168
0.004173
0.004177
0.004177
0.004175
0.004170
0.004163
0.004152
0.004138
0.004121
0.004101
0.004077
0.004049
0.004019
0.003987
0.003952
0.003916
0.003878
0.003839
0.003800
0.003759
0.003718
0.003678
0.003637
0.003598
0.003559
0.003520
0.003482
0.003445
0.003409
0.003374
0.003340
0.003307
0.003277
0.003249
0.003223
0.003199
0.003179
0.003160
0.003144
0.003131
0.003120
0.003112
0.003106
0.003102
0.003099
0.003096
0.003095
0.003096
0.003097
0.003097
0.003097
0.003097
0.003098
0.003098
0.003098
0.003099
0.003100
0.003100
0.003100
0.003100
0.003101
0.003100
0.003098
0.003098
0.003097
0.003096
0.003095
0.003092
0.003090
0.003086
0.003084
0.003081
0.003081
0.003082
0.003084
0.003087
0.003093
0.003099
0.003108
0.003119
0.003132
0.003148
0.003165
0.003184
0.003204
0.003227
0.003250
0.003275
0.003300
0.003327
0.003354
0.003383
0.003413
0.003443
0.003474
0.003505
0.003535
0.003564
0.003594
0.003621
0.003647
0.003670
0.003691
0.003708
0.003723
0.003733
0.003740
0.003743
0.003742
0.003737
0.003730
0.003718
0.003703
0.003685
0.003665
0.003641
0.003614
0.003585
0.003554
0.003522
0.003488
0.003451
0.003412
0.003373
0.003333
0.003293
0.003253
0.003213
0.003174
0.003137
0.003102
0.003069
0.003040
0.003013
0.002989
0.002968
0.002950
0.002934
0.002920
0.002908
0.002898
0.002889
0.002882
0.002876
0.002870
0.002866
0.002861
0.002857
0.002853
0.002849
0.002843
0.002838
0.002831
0.002821
0.002810
0.002796
0.002780
0.002761
0.002737
0.002711
0.002681
0.002648
0.002609
0.002568
0.002523
0.002474
0.002423
0.002367
0.002312
0.002254
0.002195
0.002135
0.002074
0.002013
0.001951
0.001890
0.001828
0.001766
0.001706
0.001648
0.001590
0.001535
0.001482
0.001432
0.001384
0.001340
0.001299
0.001263
0.001230
0.001201
0.001177
0.001156
0.001139
0.001124
0.001112
0.001102
0.001095
0.001090
0.001086
0.001081
0.001078
0.001076
0.001074
0.001072
0.001070
0.001067
0.001064
0.001060
0.001055
0.001048
0.001042
0.001033
0.001023
0.001009
0.000993
0.000977
0.000956
0.000934
0.000908
0.000880
0.000851
0.000820
0.000788
0.000755
0.000723
0.000690
0.000657
0.000625
0.000594
0.000564
0.000535
0.000507
0.000481
0.000456
0.000432
0.000409
0.000387
0.000366
0.000348
0.000331
0.000316
0.000302
0.000290
0.000279
0.000270
0.000262
0.000255
0.000248
0.000242
0.000237
0.000230
0.000223
0.000214
0.000204
0.000191
0.000178
0.000160
0.000140
0.000117
0.000091
0.000062
0.000032
0.000001
-0.000033
-0.000070
-0.000110
-0.000150
-0.000193
-0.000239
-0.000286
-0.000335
-0.000387
-0.000440
-0.000494
-0.000549
-0.000605
-0.000660
-0.000715
-0.000768
-0.000821
-0.000871
-0.000918
-0.000963
-0.001006
-0.001046
-0.001084
-0.001119
-0.001152
-0.001183
-0.001213
-0.001240
-0.001265
-0.001290
-0.001315
-0.001337
-0.001358
-0.001379
-0.001399
-0.001416
-0.001433
-0.001449
-0.001466
-0.001483
-0.001499
-0.001516
-0.001535
-0.001555
-0.001577
-0.001599
-0.001625
-0.001652
-0.001682
-0.001713
-0.001745
-0.001779
-0.001814
-0.001850
-0.001888
-0.001926
-0.001962
-0.001997
-0.002033
-0.002069
-0.002103
-0.002136
-0.002168
-0.002198
-0.002228
-0.002258
-0.002286
-0.002313
-0.002337
-0.002359
-0.002379
-0.002397
-0.002413
-0.002424
-0.002433
-0.002438
-0.002440
-0.002439
-0.002437
-0.002433
-0.002427
-0.002420
-0.002412
-0.002403
-0.002395
-0.002387
-0.002379
-0.002372
-0.002364
-0.002358
-0.002354
-0.002349
-0.002346
-0.002343
-0.002343
-0.002344
-0.002345
-0.002349
-0.002355
-0.002361
-0.002371
-0.002382
-0.002396
-0.002411
-0.002429
-0.002449
-0.002470
-0.002491
-0.002515
-0.002537
-0.002561
-0.002584
-0.002607
-0.002629
-0.002650
-0.002669
-0.002686
-0.002704
-0.002720
-0.002736
-0.002751
-0.002765
-0.002779
-0.002793
-0.002807
-0.002821
-0.002833
-0.002846
-0.002859
-0.002872
-0.002884
-0.002897
-0.002910
-0.002923
-0.002937
-0.002953
-0.002970
-0.002989
-0.003010
-0.003033
-0.003058
-0.003086
-0.003118
-0.003151
-0.003188
-0.003227
-0.003268
-0.003310
-0.003355
-0.003401
-0.003449
-0.003496
-0.003545
-0.003592
-0.003641
-0.003691
-0.003741
-0.003791
-0.003841
-0.003890
-0.003938
-0.003984
-0.004030
-0.004073
-0.004114
-0.004152
-0.004187
-0.004219
-0.004247
-0.004274
-0.004295
-0.004314
-0.004330
-0.004344
-0.004354
-0.004363
-0.004368
-0.004372
-0.004377
-0.004379
-0.004379
-0.004378
-0.004377
-0.004376
-0.004375
-0.004373
-0.004371
-0.004369
-0.004368
-0.004367
-0.004367
-0.004369
-0.004371
-0.004375
-0.004380
-0.004388
-0.004396
-0.004409
-0.004421
-0.004436
-0.004451
-0.004467
-0.004483
-0.004499
-0.004514
-0.004529
-0.004544
-0.004558
-0.004569
-0.004580
-0.004587
-0.004595
-0.004600
-0.004603
-0.004604
-0.004602
-0.004597
-0.004590
-0.004581
-0.004569
-0.004555
-0.004537
-0.004518
-0.004496
-0.004471
-0.004444
-0.004415
-0.004384
-0.004353
-0.004320
-0.004288
-0.004255
-0.004224
-0.004193
-0.004165
-0.004139
-0.004115
-0.004095
-0.004076
-0.004060
-0.004046
-0.004035
-0.004028
-0.004024
-0.004023
-0.004024
-0.004029
-0.004037
-0.004048
-0.004063
-0.004080
-0.004100
-0.004122
-0.004147
-0.004173
-0.004202
-0.004230
-0.004260
-0.004289
-0.004318
-0.004348
-0.004375
-0.004401
-0.004426
-0.004448
-0.004468
-0.004486
-0.004502
-0.004514
-0.004525
-0.004532
-0.004538
-0.004541
-0.004541
-0.004540
-0.004536
-0.004529
-0.004522
-0.004512
-0.004501
-0.004488
-0.004474
-0.004459
-0.004443
-0.004425
-0.004408
-0.004391
-0.004376
-0.004362
-0.004350
-0.004338
-0.004329
-0.004321
-0.004316
-0.004312
-0.004310
-0.004309
-0.004308
-0.004308
-0.004309
-0.004311
-0.004312
-0.004313
-0.004313
-0.004314
-0.004315
-0.004315
-0.004313
-0.004311
-0.004307
-0.004303
-0.004296
-0.004288
-0.004277
-0.004265
-0.004249
-0.004231
-0.004211
-0.004186
-0.004160
-0.004130
-0.004097
-0.004062
-0.004025
-0.003986
-0.003945
-0.003903
-0.003860
-0.003816
-0.003773
-0.003729
-0.003685
-0.003642
-0.003599
-0.003556
-0.003513
-0.003471
-0.003430
-0.003392
-0.003355
-0.003319
-0.003284
-0.003252
-0.003222
-0.003193
-0.003167
-0.003145
-0.003124
-0.003105
-0.003088
-0.003073
-0.003060
-0.003048
-0.003038
-0.003027
-0.003017
-0.003007
-0.002998
-0.002989
-0.002978
-0.002967
-0.002955
-0.002943
-0.002930
-0.002918
-0.002904
-0.002889
-0.002873
-0.002856
-0.002837
-0.002816
-0.002794
-0.002769
-0.002743
-0.002716
-0.002687
-0.002655
-0.002624
-0.002593
-0.002559
-0.002524
-0.002490
-0.002455
-0.002419
-0.002384
-0.002349
-0.002316
-0.002284
-0.002253
-0.002221
-0.002189
-0.002158
-0.002128
-0.002099
-0.002069
-0.002040
-0.002012
-0.001985
-0.001958
-0.001932
-0.001908
-0.001884
-0.001862
-0.001840
-0.001820
-0.001800
-0.001781
-0.001762
-0.001745
-0.001727
-0.001708
-0.001689
-0.001668
-0.001647
-0.001623
-0.001600
-0.001575
-0.001549
-0.001521
-0.001492
-0.001463
-0.001433
-0.001402
-0.001370
-0.001337
-0.001303
-0.001268
-0.001230
-0.001190
-0.001148
-0.001105
-0.001060
-0.001013
-0.000965
-0.000915
-0.000864
-0.000811
-0.000758
-0.000704
-0.000651
-0.000599
-0.000547
-0.000495
-0.000444
-0.000394
-0.000344
-0.000295
-0.000246
-0.000198
-0.000150
-0.000104
-0.000057
-0.000013
0.000032
0.000073
0.000114
0.000154
0.000192
0.000228
0.000262
0.000293
0.000322
0.000349
0.000375
0.000400
0.000422
0.000444
0.000464
0.000484
0.000504
0.000523
0.000541
0.000557
0.000574
0.000589
0.000604
0.000619
0.000633
0.000645
0.000658
0.000670
0.000682
0.000694
0.000705
0.000717
0.000730
0.000745
0.000759
0.000775
0.000792
0.000810
0.000830
0.000850
0.000871
0.000892
0.000914
0.000937
0.000959
0.000983
0.001007
0.001031
0.001055
0.001080
0.001107
0.001132
0.001160
0.001188
0.001217
0.001247
0.001277
0.001307
0.001338
0.001368
0.001399
0.001429
0.001459
0.001488
0.001516
0.001544
0.001570
0.001596
0.001621
0.001646
0.001672
0.001696
0.001722
0.001746
0.001770
0.001794
0.001817
0.001837
0.001857
0.001876
0.001893
0.001908
0.001923
0.001936
0.001947
0.001958
0.001969
0.001977
0.001985
0.001992
0.001999
0.002005
0.002011
0.002015
0.002020
0.002024
0.002027
0.002029
0.002031
0.002032
0.002032
0.002031
0.002029
0.002028
0.002025
0.002023
0.002024
0.002023
0.002025
0.002028
0.002032
0.002038
0.002045
0.002053
0.002062
0.002073
0.002085
0.002097
0.002110
0.002124
0.002140
0.002155
0.002174
0.002194
0.002216
0.002240
0.002264
0.002291
0.002319
0.002348
0.002379
0.002411
0.002443
0.002478
0.002511
0.002546
0.002581
0.002615
0.002649
0.002683
0.002717
0.002751
0.002786
0.002822
0.002856
0.002892
0.002926
0.002962
0.002998
0.003033
0.003068
0.003101
0.003135
0.003169
0.003202
0.003234
0.003265
0.003296
0.003328
0.003359
0.003391
0.003421
0.003453
0.003486
0.003519
0.003552
0.003586
0.003620
0.003655
0.003689
0.003723
0.003758
0.003792
0.003825
0.003858
0.003891
0.003920
0.003949
0.003978
0.004006
0.004033
0.004058
0.004082
0.004105
0.004125
0.004145
0.004163
0.004179
0.004194
0.004207
0.004217
0.004225
0.004231
0.004235
0.004237
0.004238
0.004236
0.004233
0.004228
0.004223
0.004217
0.004210
0.004205
0.004199
0.004195
0.004191
0.004188
0.004186
0.004184
0.004184
0.004185
0.004188
0.004193
0.004199
0.004207
0.004218
0.004230
0.004245
0.004262
0.004281
0.004302
0.004327
0.004354
0.004383
0.004415
0.004448
0.004485
0.004521
0.004557
0.004595
0.004632
0.004668
0.004704
0.004739
0.004773
0.004806
0.004838
0.004868
0.004895
0.004921
0.004945
0.004968
0.004988
0.005006
0.005021
0.005032
0.005041
0.005046
0.005049
0.005049
0.005045
0.005038
0.005029
0.005017
0.005003
0.004986
0.004970
0.004951
0.004931
0.004910
0.004889
0.004868
0.004845
0.004824
0.004803
0.004780
0.004756
0.004733
0.004710
0.004687
0.004664
0.004641
0.004620
0.004599
0.004580
0.004560
0.004541
0.004523
0.004507
0.004493
0.004479
0.004464
0.004452
0.004438
0.004425
0.004413
0.004399
0.004386
0.004374
0.004361
0.004348
0.004336
0.004323
0.004311
0.004301
0.004291
0.004282
0.004273
0.004266
0.004259
0.004253
0.004248
0.004244
0.004241
0.004237
0.004235
0.004232
0.004231
0.004229
0.004229
0.004230
0.004231
0.004233
0.004236
0.004240
0.004245
0.004252
0.004259
0.004266
0.004273
0.004281
0.004289
0.004296
0.004303
0.004308
0.004313
0.004318
0.004321
0.004323
0.004324
0.004325
0.004324
0.004324
0.004323
0.004320
0.004318
0.004314
0.004309
0.004303
0.004296
0.004288
0.004278
0.004269
0.004258
0.004246
0.004234
0.004220
0.004207
0.004194
0.004179
0.004166
0.004152
0.004139
0.004124
0.004112
0.004100
0.004086
0.004074
0.004061
0.004047
0.004032
0.004017
0.004002
0.003985
0.003968
0.003950
0.003931
0.003911
0.003891
0.003870
0.003849
0.003827
0.003803
0.003778
0.003752
0.003724
0.003695
0.003664
0.003634
0.003601
0.003565
0.003529
0.003490
0.003450
0.003409
0.003368
0.003325
0.003282
0.003239
0.003195
0.003152
0.003109
0.003066
0.003025
0.002985
0.002945
0.002908
0.002872
0.002838
0.002804
0.002773
0.002743
0.002714
0.002689
0.002666
0.002645
0.002627
0.002609
0.002594
0.002582
0.002571
0.002561
0.002553
0.002545
0.002539
0.002533
0.002527
0.002521
0.002514
0.002508
0.002499
0.002488
0.002477
0.002462
0.002446
0.002427
0.002407
0.002385
0.002359
0.002332
0.002302
0.002269
0.002233
0.002194
0.002151
0.002107
0.002058
0.002007
0.001953
0.001898
0.001840
0.001782
0.001723
0.001664
0.001605
0.001546
0.001487
0.001429
0.001371
0.001316
0.001262
0.001211
0.001164
0.001117
0.001074
0.001032
0.000993
0.000958
0.000925
0.000897
0.000870
0.000846
0.000825
0.000807
0.000791
0.000777
0.000766
0.000758
0.000751
0.000745
0.000740
0.000734
0.000727
0.000722
0.000715
0.000707
0.000697
0.000688
0.000677
0.000664
0.000648
0.000632
0.000614
0.000594
0.000572
0.000549
0.000524
0.000497
0.000469
0.000440
0.000409
0.000376
0.000342
0.000308
0.000272
0.000234
0.000196
0.000160
0.000123
0.000088
0.000054
0.000022
-0.000008
-0.000036
-0.000062
-0.000086
-0.000108
-0.000127
-0.000142
-0.000155
-0.000168
-0.000176
-0.000184
-0.000190
-0.000194
-0.000196
-0.000197
-0.000197
-0.000195
-0.000192
-0.000187
-0.000182
-0.000175
-0.000170
-0.000165
-0.000160
-0.000157
-0.000156
-0.000156
-0.000159
-0.000165
-0.000173
-0.000185
-0.000200
-0.000218
-0.000239
-0.000263
-0.000290
-0.000321
-0.000354
-0.000390
-0.000428
-0.000469
-0.000512
-0.000559
-0.000606
-0.000656
-0.000707
-0.000760
-0.000814
-0.000869
-0.000924
-0.000980
-0.001035
-0.001089
-0.001141
-0.001192
-0.001241
-0.001288
-0.001332
-0.001373
-0.001412
-0.001449
-0.001482
-0.001514
-0.001542
-0.001569
-0.001593
-0.001615
-0.001635
-0.001653
-0.001670
-0.001684
-0.001698
-0.001710
-0.001721
-0.001732
-0.001742
-0.001752
-0.001762
-0.001773
-0.001786
-0.001799
-0.001815
-0.001833
-0.001853
-0.001875
-0.001901
-0.001930
-0.001961
-0.001995
-0.002030
-0.002070
-0.002111
-0.002156
-0.002203
-0.002251
-0.002302
-0.002353
-0.002406
-0.002460
-0.002514
-0.002569
-0.002626
-0.002682
-0.002738
-0.002794
-0.002848
-0.002903
-0.002956
-0.003007
-0.003055
-0.003100
-0.003144
-0.003184
-0.003221
-0.003254
-0.003286
-0.003314
-0.003338
-0.003360
-0.003379
-0.003396
-0.003410
-0.003422
-0.003432
-0.003441
-0.003447
-0.003452
-0.003456
-0.003459
-0.003461
-0.003461
-0.003462
-0.003462
-0.003462
-0.003461
-0.003461
-0.003462
-0.003462
-0.003466
-0.003470
-0.003475
-0.003482
-0.003490
-0.003500
-0.003511
-0.003523
-0.003537
-0.003552
-0.003567
-0.003583
-0.003598
-0.003614
-0.003629
-0.003645
-0.003661
-0.003676
-0.003692
-0.003708
-0.003721
-0.003734
-0.003748
-0.003760
-0.003769
-0.003779
-0.003786
-0.003793
-0.003797
-0.003800
-0.003803
-0.003804
-0.003805
-0.003804
-0.003802
-0.003800
-0.003798
-0.003796
-0.003795
-0.003795
-0.003797
-0.003798
-0.003803
-0.003808
-0.003816
-0.003826
-0.003837
-0.003850
-0.003865
-0.003883
-0.003903
-0.003926
-0.003950
-0.003977
-0.004005
-0.004035
-0.004068
-0.004104
-0.004141
-0.004180
-0.004221
-0.004263
-0.004305
-0.004346
-0.004389
-0.004431
-0.004472
-0.004512
-0.004550
-0.004587
-0.004621
-0.004652
-0.004680
-0.004704
-0.004726
-0.004743
-0.004757
-0.004769
-0.004777
-0.004781
-0.004782
-0.004778
-0.004771
-0.004760
-0.004744
-0.004725
-0.004702
-0.004678
-0.004649
-0.004618
-0.004585
-0.004551
-0.004515
-0.004479
-0.004443
-0.004406
-0.004370
-0.004334
-0.004299
-0.004267
-0.004237
-0.004208
-0.004182
-0.004159
-0.004139
-0.004122
-0.004107
-0.004096
-0.004086
-0.004079
-0.004075
-0.004075
-0.004077
-0.004083
-0.004092
-0.004103
-0.004116
-0.004130
-0.004146
-0.004163
-0.004182
-0.004200
-0.004219
-0.004236
-0.004254
-0.004271
-0.004285
-0.004298
-0.004311
-0.004321
-0.004329
-0.004336
-0.004339
-0.004341
-0.004341
-0.004339
-0.004335
-0.004329
-0.004323
-0.004316
-0.004307
-0.004295
-0.004283
-0.004270
-0.004257
-0.004242
-0.004228
-0.004216
-0.004203
-0.004191
-0.004181
-0.004172
-0.004165
-0.004160
-0.004157
-0.004155
-0.004156
-0.004158
-0.004163
-0.004169
-0.004178
-0.004188
-0.004198
-0.004209
-0.004221
-0.004234
-0.004247
-0.004260
-0.004273
-0.004286
-0.004298
-0.004309
-0.004320
-0.004328
-0.004335
-0.004338
-0.004340
-0.004336
-0.004330
-0.004319
-0.004304
-0.004285
-0.004263
-0.004236
-0.004205
-0.004170
-0.004131
-0.004090
-0.004045
-0.003998
-0.003947
-0.003895
-0.003841
-0.003785
-0.003727
-0.003670
-0.003611
-0.003551
-0.003493
-0.003436
-0.003378
-0.003323
-0.003270
-0.003218
-0.003170
-0.003124
-0.003082
-0.003045
-0.003010
-0.002981
-0.002956
-0.002936
-0.002921
-0.002909
-0.002903
-0.002902
-0.002903
-0.002908
-0.002917
-0.002929
-0.002944
-0.002961
-0.002981
-0.003002
-0.003024
-0.003049
-0.003075
-0.003100
-0.003128
-0.003154
-0.003180
-0.003206
-0.003230
-0.003252
-0.003272
-0.003289
-0.003304
-0.003316
-0.003324
-0.003329
-0.003331
-0.003331
-0.003326
-0.003317
-0.003305
-0.003291
-0.003273
-0.003252
-0.003228
-0.003200
-0.003171
-0.003139
-0.003106
-0.003069
-0.003031
-0.002990
-0.002947
-0.002903
-0.002857
-0.002809
-0.002761
-0.002714
-0.002665
-0.002617
-0.002567
-0.002520
-0.002472
-0.002426
-0.002381
-0.002336
-0.002292
-0.002249
-0.002208
-0.002168
-0.002127
-0.002087
-0.002049
-0.002010
-0.001974
-0.001938
-0.001905
-0.001872
-0.001841
-0.001812
-0.001784
-0.001757
-0.001732
-0.001708
-0.001686
-0.001665
-0.001644
-0.001625
-0.001607
-0.001590
-0.001573
-0.001558
-0.001544
-0.001530
-0.001518
-0.001509
-0.001500
-0.001491
-0.001486
-0.001482
-0.001481
-0.001480
-0.001481
-0.001483
-0.001486
-0.001491
-0.001495
-0.001500
-0.001507
-0.001515
-0.001522
-0.001530
-0.001538
-0.001544
-0.001551
-0.001557
-0.001563
-0.001568
-0.001573
-0.001577
-0.001580
-0.001582
-0.001581
-0.001579
-0.001574
-0.001568
-0.001559
-0.001546
-0.001531
-0.001513
-0.001492
-0.001467
-0.001441
-0.001411
-0.001380
-0.001346
-0.001309
-0.001271
-0.001230
-0.001188
-0.001144
-0.001099
-0.001051
-0.001002
-0.000952
-0.000902
-0.000850
-0.000798
-0.000746
-0.000692
-0.000639
-0.000586
-0.000535
-0.000484
-0.000435
-0.000389
-0.000343
-0.000301
-0.000259
-0.000220
-0.000183
-0.000148
-0.000115
-0.000083
-0.000053
-0.000026
0.000000
0.000025
0.000048
0.000069
0.000086
0.000102
0.000118
0.000132
0.000143
0.000154
0.000164
0.000173
0.000181
0.000190
0.000198
0.000209
0.000220
0.000232
0.000245
0.000260
0.000276
0.000294
0.000313
0.000335
0.000357
0.000382
0.000408
0.000435
0.000464
0.000496
0.000530
0.000565
0.000602
0.000641
0.000684
0.000728
0.000773
0.000821
0.000871
0.000921
0.000972
0.001023
0.001075
0.001126
0.001176
0.001228
0.001277
0.001326
0.001372
0.001418
0.001462
0.001504
0.001546
0.001586
0.001623
0.001660
0.001694
0.001728
0.001758
0.001787
0.001813
0.001836
0.001858
0.001877
0.001895
0.001911
0.001924
0.001936
0.001948
0.001959
0.001969
0.001979
0.001988
0.001998
0.002009
0.002020
0.002032
0.002045
0.002060
0.002076
0.002094
0.002114
0.002134
0.002157
0.002180
0.002206
0.002233
0.002263
0.002295
0.002329
0.002364
0.002402
0.002442
0.002484
0.002528
0.002572
0.002618
0.002666
0.002713
0.002762
0.002810
0.002858
0.002907
0.002954
0.003000
0.003047
0.003092
0.003136
0.003180
0.003220
0.003260
0.003296
0.003332
0.003366
0.003398
0.003427
0.003455
0.003480
0.003502
0.003521
0.003537
0.003550
0.003560
0.003570
0.003576
0.003580
0.003583
0.003584
0.003584
0.003583
0.003582
0.003582
0.003579
0.003578
0.003576
0.003573
0.003572
0.003570
0.003566
0.003564
0.003564
0.003563
0.003564
0.003565
0.003567
0.003571
0.003576
0.003582
0.003589
0.003599
0.003609
0.003620
0.003633
0.003646
0.003660
0.003674
0.003688
0.003702
0.003716
0.003730
0.003744
0.003757
0.003771
0.003784
0.003796
0.003808
0.003820
0.003831
0.003842
0.003853
0.003862
0.003871
0.003881
0.003890
0.003898
0.003906
0.003913
0.003919
0.003926
0.003933
0.003939
0.003946
0.003953
0.003962
0.003972
0.003983
0.003994
0.004007
0.004022
0.004038
0.004055
0.004074
0.004094
0.004115
0.004136
0.004158
0.004181
0.004206
0.004230
0.004257
0.004284
0.004312
0.004340
0.004369
0.004397
0.004425
0.004453
0.004481
0.004508
0.004534
0.004558
0.004582
0.004604
0.004624
0.004643
0.004658
0.004670
0.004682
0.004691
0.004697
0.004701
0.004702
0.004702
0.004699
0.004695
0.004689
0.004681
0.004670
0.004658
0.004645
0.004630
0.004612
0.004592
0.004572
0.004552
0.004531
0.004509
0.004488
0.004467
0.004446
0.004425
0.004407
0.004389
0.004373
0.004359
0.004347
0.004337
0.004329
0.004322
0.004316
0.004314
0.004313
0.004314
0.004317
0.004323
0.004330
0.004339
0.004351
0.004365
0.004381
0.004398
0.004417
0.004437
0.004458
0.004481
0.004502
0.004525
0.004546
0.004567
0.004587
0.004606
0.004624
0.004640
0.004654
0.004666
0.004676
0.004684
0.004689
0.004691
0.004690
0.004689
0.004683
0.004676
0.004666
0.004652
0.004634
0.004613
0.004588
0.004561
0.004531
0.004499
0.004463
0.004426
0.004387
0.004346
0.004304
0.004261
0.004217
0.004171
0.004127
0.004082
0.004038
0.003993
0.003948
0.003905
0.003862
0.003821
0.003780
0.003741
0.003703
0.003666
0.003631
0.003600
0.003570
0.003543
0.003519
0.003497
0.003478
0.003462
0.003447
0.003435
0.003424
0.003415
0.003409
0.003403
0.003398
0.003394
0.003390
0.003387
0.003384
0.003381
0.003379
0.003376
0.003374
0.003372
0.003369
0.003365
0.003363
0.003358
0.003352
0.003345
0.003337
0.003327
0.003315
0.003304
0.003291
0.003275
0.003259
0.003242
0.003224
0.003204
0.003184
0.003165
0.003145
0.003125
0.003107
0.003088
0.003070
0.003052
0.003036
0.003020
0.003005
0.002989
0.002975
0.002961
0.002948
0.002936
0.002925
0.002916
0.002907
0.002898
0.002893
0.002888
0.002885
0.002884
0.002883
0.002884
0.002885
0.002888
0.002892
0.002896
0.002899
0.002901
0.002905
0.002907
0.002910
0.002911
0.002913
0.002914
0.002915
0.002916
0.002916
0.002916
0.002914
0.002911
0.002907
0.002903
0.002897
0.002889
0.002879
0.002867
0.002854
0.002839
0.002822
0.002804
0.002784
0.002762
0.002740
0.002714
0.002689
0.002662
0.002634
0.002605
0.002574
0.002541
0.002507
0.002471
0.002435
0.002395
0.002354
0.002312
0.002267
0.002221
0.002175
0.002125
0.002074
0.002022
0.001969
0.001915
0.001859
0.001804
0.001747
0.001688
0.001627
0.001566
0.001503
0.001441
0.001377
0.001312
0.001246
0.001180
0.001113
0.001048
0.000982
0.000917
0.000853
0.000791
0.000730
0.000673
0.000617
0.000562
0.000511
0.000462
0.000415
0.000370
0.000329
0.000290
0.000254
0.000221
0.000192
0.000166
0.000142
0.000121
0.000104
0.000090
0.000080
0.000073
0.000068
0.000065
0.000065
0.000067
0.000071
0.000076
0.000083
0.000090
0.000096
0.000103
0.000109
0.000116
0.000120
0.000124
0.000127
0.000128
0.000128
0.000126
0.000121
0.000115
0.000108
0.000098
0.000088
0.000074
0.000058
0.000039
0.000018
-0.000006
-0.000031
-0.000059
-0.000088
-0.000121
-0.000154
-0.000189
-0.000224
-0.000261
-0.000297
-0.000333
-0.000369
-0.000404
-0.000439
-0.000474
-0.000506
-0.000537
-0.000567
-0.000597
-0.000626
-0.000653
-0.000679
-0.000702
-0.000726
-0.000747
-0.000766
-0.000784
-0.000799
-0.000814
-0.000827
-0.000838
-0.000849
-0.000861
-0.000871
-0.000882
-0.000892
-0.000904
-0.000916
-0.000929
-0.000945
-0.000961
-0.000978
-0.000996
-0.001017
-0.001040
-0.001064
-0.001091
-0.001119
-0.001149
-0.001182
-0.001214
-0.001251
-0.001289
-0.001330
-0.001371
-0.001415
-0.001461
-0.001508
-0.001557
-0.001607
-0.001657
-0.001708
-0.001760
-0.001811
-0.001863
-0.001914
-0.001964
-0.002013
-0.002062
-0.002109
-0.002156
-0.002199
-0.002242
-0.002285
-0.002328
-0.002368
-0.002406
-0.002443
-0.002478
-0.002512
-0.002543
-0.002573
-0.002602
-0.002628
-0.002654
-0.002675
-0.002695
-0.002715
-0.002732
-0.002750
-0.002766
-0.002781
-0.002795
-0.002808
-0.002821
-0.002833
-0.002844
-0.002856
-0.002867
-0.002879
-0.002889
-0.002900
-0.002910
-0.002920
-0.002931
-0.002940
-0.002951
-0.002961
-0.002973
-0.002983
-0.002995
-0.003007
-0.003021
-0.003033
-0.003048
-0.003062
-0.003075
-0.003088
-0.003103
-0.003117
-0.003130
-0.003145
-0.003158
-0.003173
-0.003188
-0.003204
-0.003219
-0.003234
-0.003251
-0.003269
-0.003287
-0.003306
-0.003326
-0.003348
-0.003371
-0.003395
-0.003419
-0.003445
-0.003471
-0.003498
-0.003526
-0.003555
-0.003585
-0.003615
-0.003646
-0.003679
-0.003711
-0.003745
-0.003778
-0.003812
-0.003848
-0.003884
-0.003920
-0.003955
-0.003991
-0.004026
-0.004061
-0.004094
-0.004125
-0.004155
-0.004183
-0.004209
-0.004232
-0.004255
-0.004276
-0.004293
-0.004309
-0.004323
-0.004334
-0.004342
-0.004349
-0.004353
-0.004353
-0.004351
-0.004346
-0.004338
-0.004326
-0.004311
-0.004293
-0.004273
-0.004250
-0.004225
-0.004198
-0.004169
-0.004139
-0.004108
-0.004076
-0.004044
-0.004012
-0.003981
-0.003950
-0.003920
-0.003890
-0.003863
-0.003837
-0.003813
-0.003791
-0.003772
-0.003753
-0.003739
-0.003726
-0.003716
-0.003709
-0.003705
-0.003703
-0.003706
-0.003712
-0.003721
-0.003733
-0.003748
-0.003767
-0.003788
-0.003812
-0.003836
-0.003864
-0.003892
-0.003922
-0.003952
-0.003983
-0.004015
-0.004047
-0.004078
-0.004110
-0.004141
-0.004172
-0.004201
-0.004230
-0.004257
-0.004281
-0.004303
-0.004325
-0.004341
-0.004356
-0.004368
-0.004378
-0.004383
-0.004386
-0.004386
-0.004384
-0.004378
-0.004371
-0.004361
-0.004349
-0.004335
-0.004320
-0.004303
-0.004285
-0.004265
-0.004245
-0.004225
-0.004203
-0.004181
-0.004159
-0.004137
-0.004114
-0.004094
-0.004073
-0.004054
-0.004037
-0.004021
-0.004007
-0.003995
-0.003987
-0.003979
-0.003975
-0.003973
-0.003972
-0.003974
-0.003979
-0.003983
-0.003991
-0.003999
-0.004009
-0.004020
-0.004032
-0.004044
-0.004056
-0.004068
-0.004081
-0.004093
-0.004105
-0.004117
-0.004128
-0.004138
-0.004146
-0.004153
-0.004158
-0.004161
-0.004162
-0.004160
-0.004156
-0.004150
-0.004141
-0.004130
-0.004115
-0.004100
-0.004083
-0.004066
-0.004047
-0.004028
-0.004007
-0.003986
-0.003964
-0.003942
-0.003920
-0.003898
-0.003876
-0.003854
-0.003833
-0.003812
-0.003791
-0.003773
-0.003756
-0.003741
-0.003726
-0.003714
-0.003704
-0.003697
-0.003694
-0.003691
-0.003690
-0.003692
-0.003696
-0.003702
-0.003709
-0.003716
-0.003725
-0.003735
-0.003745
-0.003753
-0.003761
-0.003769
-0.003777
-0.003783
-0.003787
-0.003791
-0.003792
-0.003792
-0.003790
-0.003786
-0.003776
-0.003765
-0.003751
-0.003735
-0.003714
-0.003690
-0.003662
-0.003630
-0.003595
-0.003555
-0.003513
-0.003467
-0.003419
-0.003369
-0.003316
-0.003262
-0.003205
-0.003148
-0.003089
-0.003030
-0.002972
-0.002913
-0.002854
-0.002795
-0.002739
-0.002682
-0.002628
-0.002575
-0.002525
-0.002478
-0.002433
-0.002390
-0.002354
-0.002319
-0.002290
-0.002263
-0.002240
-0.002221
-0.002205
-0.002193
-0.002186
-0.002182
-0.002179
-0.002179
-0.002181
-0.002184
-0.002190
-0.002197
-0.002204
-0.002213
-0.002221
-0.002229
-0.002238
-0.002247
-0.002255
-0.002262
-0.002267
-0.002272
-0.002273
-0.002273
-0.002270
-0.002263
-0.002254
-0.002241
-0.002226
-0.002208
-0.002187
-0.002162
-0.002136
-0.002106
-0.002074
-0.002039
-0.002002
-0.001963
-0.001923
-0.001881
-0.001838
-0.001795
-0.001749
-0.001704
-0.001658
-0.001612
-0.001566
-0.001522
-0.001478
-0.001436
-0.001396
-0.001356
-0.001319
-0.001285
-0.001253
-0.001224
-0.001197
-0.001174
-0.001151
-0.001133
-0.001116
-0.001101
-0.001088
-0.001077
-0.001068
-0.001061
-0.001056
-0.001051
-0.001048
-0.001046
-0.001044
-0.001043
-0.001043
-0.001044
-0.001045
-0.001044
-0.001043
-0.001041
-0.001039
-0.001035
-0.001028
-0.001020
-0.001009
-0.000996
-0.000980
-0.000963
-0.000944
-0.000923
-0.000898
-0.000872
-0.000844
-0.000815
-0.000783
-0.000750
-0.000715
-0.000677
-0.000638
-0.000597
-0.000554
-0.000510
-0.000466
-0.000420
-0.000374
-0.000327
-0.000278
-0.000229
-0.000180
-0.000131
-0.000081
-0.000032
0.000018
0.000066
0.000114
0.000160
0.000206
0.000251
0.000296
0.000340
0.000383
0.000424
0.000465
0.000505
0.000544
0.000580
0.000616
0.000651
0.000684
0.000714
0.000743
0.000771
0.000796
0.000819
0.000842
0.000863
0.000884
0.000903
0.000920
0.000937
0.000953
0.000968
0.000983
0.000997
0.001010
0.001023
0.001036
0.001048
0.001059
0.001071
0.001082
0.001093
0.001105
0.001117
0.001129
0.001141
0.001153
0.001167
0.001182
0.001196
0.001212
0.001230
0.001249
0.001268
0.001290
0.001312
0.001336
0.001362
0.001389
0.001418
0.001448
0.001480
0.001514
0.001549
0.001586
0.001625
0.001665
0.001706
0.001748
0.001791
0.001836
0.001882
0.001928
0.001975
0.002022
0.002069
0.002117
0.002164
0.002211
0.002259
0.002304
0.002350
0.002396
0.002439
0.002483
0.002525
0.002565
0.002606
0.002645
0.002683
0.002720
0.002755
0.002789
0.002821
0.002852
0.002882
0.002909
0.002936
0.002961
0.002985
0.003008
0.003031
0.003051
0.003070
0.003088
0.003106
0.003121
0.003136
0.003152
0.003166
0.003179
0.003191
0.003203
0.003214
0.003225
0.003235
0.003244
0.003253
0.003260
0.003267
0.003274
0.003281
0.003287
0.003292
0.003297
0.003302
0.003306
0.003310
0.003314
0.003317
0.003321
0.003324
0.003325
0.003328
0.003329
0.003330
0.003330
0.003331
0.003332
0.003333
0.003334
0.003336
0.003338
0.003340
0.003343
0.003347
0.003352
0.003356
0.003361
0.003369
0.003377
0.003385
0.003394
0.003405
0.003415
0.003427
0.003440
0.003453
0.003468
0.003484
0.003500
0.003517
0.003536
0.003555
0.003574
0.003594
0.003614
0.003635
0.003655
0.003675
0.003696
0.003715
0.003735
0.003753
0.003770
0.003785
0.003800
0.003815
0.003827
0.003838
0.003848
0.003858
0.003864
0.003870
0.003874
0.003876
0.003876
0.003874
0.003871
0.003867
0.003862
0.003856
0.003848
0.003840
0.003831
0.003821
0.003811
0.003802
0.003794
0.003784
0.003776
0.003770
0.003764
0.003759
0.003755
0.003750
0.003750
0.003750
0.003751
0.003754
0.003759
0.003765
0.003773
0.003783
0.003796
0.003810
0.003826
0.003844
0.003864
0.003884
0.003906
0.003929
0.003955
0.003980
0.004006
0.004035
0.004063
0.004092
0.004121
0.004150
0.004180
0.004209
0.004238
0.004267
0.004295
0.004323
0.004350
0.004378
0.004404
0.004429
0.004455
0.004480
0.004504
0.004528
0.004551
0.004571
0.004593
0.004613
0.004631
0.004649
0.004665
0.004681
0.004696
0.004708
0.004720
0.004731
0.004740
0.004749
0.004755
0.004762
0.004766
0.004769
0.004770
0.004769
0.004765
0.004759
0.004752
0.004743
0.004730
0.004715
0.004698
0.004679
0.004658
0.004635
0.004608
0.004580
0.004550
0.004516
0.004481
0.004446
0.004407
0.004367
0.004327
0.004284
0.004241
0.004197
0.004152
0.004108
0.004064
0.004020
0.003977
0.003935
0.003896
0.003857
0.003821
0.003789
0.003758
0.003730
0.003705
0.003682
0.003663
0.003646
0.003633
0.003622
0.003613
0.003608
0.003605
0.003605
0.003607
0.003612
0.003620
0.003629
0.003642
0.003657
0.003674
0.003692
0.003713
0.003732
0.003754
0.003775
0.003796
0.003817
0.003838
0.003857
0.003877
0.003895
0.003910
0.003925
0.003938
0.003950
0.003960
0.003968
0.003974
0.003980
0.003982
0.003984
0.003983
0.003981
0.003977
0.003973
0.003966
0.003958
0.003948
0.003937
0.003925
0.003913
0.003901
0.003888
0.003875
0.003861
0.003848
0.003836
0.003824
0.003812
0.003799
0.003788
0.003776
0.003763
0.003751
0.003737
0.003724
0.003709
0.003693
0.003676
0.003658
0.003638
0.003618
0.003598
0.003574
0.003550
0.003523
0.003495
0.003464
0.003432
0.003398
0.003361
0.003322
0.003280
0.003236
0.003190
0.003141
0.003092
0.003039
0.002986
0.002931
0.002875
0.002820
0.002764
0.002708
0.002653
0.002598
0.002544
0.002491
0.002439
0.002390
0.002343
0.002298
0.002254
0.002213
0.002174
0.002138
0.002105
0.002074
0.002047
0.002023
0.002004
0.001987
0.001974
0.001965
0.001957
0.001953
0.001952
0.001953
0.001955
0.001960
0.001966
0.001973
0.001980
0.001988
0.001995
0.002001
0.002008
0.002014
0.002017
0.002021
0.002024
0.002024
0.002021
0.002017
0.002009
0.001998
0.001984
0.001967
0.001947
0.001924
0.001897
0.001868
0.001835
0.001800
0.001762
0.001721
0.001680
0.001635
0.001589
0.001544
0.001498
0.001451
0.001404
0.001357
0.001311
0.001266
0.001219
0.001175
0.001133
0.001093
0.001054
0.001018
0.000986
0.000955
0.000927
0.000903
0.000881
0.000864
0.000849
0.000838
0.000830
0.000825
0.000822
0.000820
0.000820
0.000823
0.000827
0.000832
0.000836
0.000841
0.000847
0.000853
0.000856
0.000858
0.000859
0.000860
0.000857
0.000853
0.000847
0.000836
0.000822
0.000806
0.000786
0.000763
0.000736
0.000703
0.000668
0.000628
0.000587
0.000541
0.000492
0.000441
0.000387
0.000331
0.000272
0.000213
0.000151
0.000089
0.000025
-0.000038
-0.000102
-0.000165
-0.000229
-0.000291
-0.000353
-0.000413
-0.000472
-0.000528
-0.000582
-0.000634
-0.000683
-0.000730
-0.000773
-0.000815
-0.000852
-0.000887
-0.000919
-0.000948
-0.000974
-0.000998
-0.001020
-0.001040
-0.001059
-0.001077
-0.001094
-0.001109
-0.001124
-0.001138
-0.001152
-0.001167
-0.001182
-0.001198
-0.001215
-0.001233
-0.001254
-0.001276
-0.001300
-0.001328
-0.001357
-0.001390
-0.001426
-0.001466
-0.001508
-0.001554
-0.001603
-0.001655
-0.001710
-0.001769
-0.001828
-0.001890
-0.001953
-0.002018
-0.002084
-0.002150
-0.002216
-0.002283
-0.002350
-0.002415
-0.002480
-0.002543
-0.002604
-0.002663
-0.002718
-0.002772
-0.002822
-0.002867
-0.002909
-0.002947
-0.002979
-0.003007
-0.003030
-0.003047
-0.003058
-0.003064
-0.003065
-0.003061
-0.003053
-0.003039
-0.003022
-0.003001
-0.002976
-0.002948
-0.002915
-0.002880
-0.002843
-0.002803
-0.002764
-0.002721
-0.002678
-0.002634
-0.002589
-0.002546
-0.002504
-0.002463
-0.002423
-0.002386
-0.002353
-0.002322
-0.002295
-0.002272
-0.002251
-0.002234
-0.002221
-0.002211
-0.002205
-0.002203
-0.002204
-0.002208
-0.002217
-0.002229
-0.002245
-0.002263
-0.002285
-0.002309
-0.002336
-0.002366
-0.002399
-0.002433
-0.002469
-0.002507
-0.002546
-0.002586
-0.002626
-0.002666
-0.002705
-0.002744
-0.002781
-0.002818
-0.002853
-0.002888
-0.002921
-0.002953
-0.002983
-0.003013
-0.003040
-0.003067
-0.003091
-0.003114
-0.003135
-0.003155
-0.003173
-0.003190
-0.003205
-0.003218
-0.003231
-0.003241
-0.003251
-0.003259
-0.003267
-0.003275
-0.003284
-0.003292
-0.003300
-0.003309
-0.003317
-0.003327
-0.003337
-0.003348
-0.003359
-0.003371
-0.003385
-0.003399
-0.003413
-0.003430
-0.003447
-0.003466
-0.003486
-0.003506
-0.003529
-0.003553
-0.003579
-0.003606
-0.003636
-0.003666
-0.003697
-0.003730
-0.003764
-0.003800
-0.003837
-0.003874
-0.003913
-0.003952
-0.003992
-0.004032
-0.004073
-0.004114
-0.004156
-0.004198
-0.004239
-0.004281
-0.004323
-0.004363
-0.004405
-0.004445
-0.004483
-0.004521
-0.004559
-0.004594
-0.004627
-0.004659
-0.004690
-0.004719
-0.004747
-0.004773
-0.004795
-0.004816
-0.004835
-0.004854
-0.004871
-0.004886
-0.004900
-0.004912
-0.004923
-0.004933
-0.004941
-0.004947
-0.004952
-0.004955
-0.004958
-0.004959
-0.004960
-0.004959
-0.004958
-0.004956
-0.004953
-0.004951
-0.004948
-0.004945
-0.004941
-0.004938
-0.004935
-0.004932
-0.004929
-0.004926
-0.004923
-0.004919
-0.004915
-0.004910
-0.004904
-0.004897
-0.004891
-0.004883
-0.004875
-0.004866
-0.004856
-0.004845
-0.004833
-0.004820
-0.004803
-0.004787
-0.004769
-0.004749
-0.004727
-0.004702
-0.004676
-0.004649
-0.004619
-0.004587
-0.004554
-0.004520
-0.004484
-0.004448
-0.004410
-0.004371
-0.004331
-0.004291
-0.004251
-0.004211
-0.004170
-0.004131
-0.004092
-0.004055
-0.004019
-0.003982
-0.003948
-0.003915
-0.003885
-0.003857
-0.003831
-0.003808
-0.003786
-0.003769
-0.003754
-0.003741
-0.003732
-0.003726
-0.003722
-0.003721
-0.003723
-0.003728
-0.003736
-0.003747
-0.003759
-0.003772
-0.003788
-0.003806
-0.003825
-0.003843
-0.003863
-0.003883
-0.003903
-0.003923
-0.003943
-0.003961
-0.003979
-0.003995
-0.004011
-0.004024
-0.004036
-0.004045
-0.004051
-0.004055
-0.004055
-0.004053
-0.004048
-0.004039
-0.004027
-0.004011
-0.003994
-0.003974
-0.003950
-0.003925
-0.003897
-0.003868
-0.003836
-0.003804
-0.003770
-0.003736
-0.003702
-0.003667
-0.003631
-0.003595
-0.003560
-0.003526
-0.003492
-0.003461
-0.003432
-0.003406
-0.003380
-0.003357
-0.003338
-0.003322
-0.003309
-0.003298
-0.003291
-0.003288
-0.003287
-0.003290
-0.003296
-0.003305
-0.003316
-0.003330
-0.003345
-0.003362
-0.003382
-0.003405
-0.003428
-0.003452
-0.003478
-0.003506
-0.003534
-0.003562
-0.003590
-0.003618
-0.003643
-0.003666
-0.003689
-0.003709
-0.003727
-0.003741
-0.003751
-0.003760
-0.003764
-0.003766
-0.003763
-0.003757
-0.003747
-0.003735
-0.003717
-0.003695
-0.003670
-0.003640
-0.003606
-0.003569
-0.003528
-0.003484
-0.003435
-0.003383
-0.003329
-0.003272
-0.003212
-0.003150
-0.003087
-0.003021
-0.002955
-0.002889
-0.002821
-0.002753
-0.002685
-0.002618
-0.002550
-0.002485
-0.002420
-0.002356
-0.002294
-0.002234
-0.002176
-0.002119
-0.002066
-0.002013
-0.001963
-0.001916
-0.001874
-0.001833
-0.001797
-0.001763
-0.001733
-0.001706
-0.001682
-0.001661
-0.001642
-0.001626
-0.001612
-0.001600
-0.001591
-0.001584
-0.001577
-0.001573
-0.001570
-0.001568
-0.001568
-0.001568
-0.001569
-0.001570
-0.001570
-0.001572
-0.001573
-0.001574
-0.001573
-0.001571
-0.001569
-0.001565
-0.001560
-0.001552
-0.001543
-0.001532
-0.001518
-0.001503
-0.001486
-0.001467
-0.001446
-0.001421
-0.001394
-0.001367
-0.001337
-0.001306
-0.001272
-0.001236
-0.001199
-0.001160
-0.001118
-0.001074
-0.001028
-0.000982
-0.000934
-0.000885
-0.000834
-0.000782
-0.000730
-0.000678
-0.000626
-0.000573
-0.000521
-0.000468
-0.000417
-0.000366
-0.000315
-0.000264
-0.000214
-0.000165
-0.000115
-0.000067
-0.000020
0.000027
0.000073
0.000118
0.000163
0.000206
0.000249
0.000291
0.000332
0.000371
0.000409
0.000446
0.000480
0.000514
0.000547
0.000580
0.000611
0.000641
0.000671
0.000700
0.000729
0.000756
0.000784
0.000809
0.000834
0.000858
0.000882
0.000904
0.000926
0.000948
0.000968
0.000988
0.001008
0.001027
0.001048
0.001068
0.001088
0.001107
0.001128
0.001149
0.001170
0.001190
0.001211
0.001232
0.001254
0.001276
0.001298
0.001320
0.001342
0.001365
0.001388
0.001413
0.001438
0.001464
0.001490
0.001517
0.001546
0.001575
0.001605
0.001635
0.001667
0.001699
0.001732
0.001765
0.001798
0.001831
0.001864
0.001897
0.001928
0.001962
0.001996
0.002028
0.002060
0.002092
0.002124
0.002155
0.002187
0.002218
0.002248
0.002277
0.002306
0.002334
0.002361
0.002387
0.002413
0.002438
0.002461
0.002484
0.002505
0.002527
0.002547
0.002568
0.002587
0.002606
0.002626
0.002644
0.002663
0.002681
0.002698
0.002716
0.002734
0.002751
0.002767
0.002783
0.002799
0.002816
0.002832
0.002848
0.002866
0.002884
0.002903
0.002922
0.002942
0.002961
0.002983
0.003004
0.003025
0.003047
0.003069
0.003091
0.003114
0.003136
0.003156
0.003177
0.003197
0.003218
0.003238
0.003258
0.003277
0.003296
0.003313
0.003330
0.003346
0.003361
0.003374
0.003384
0.003395
0.003403
0.003411
0.003417
0.003420
0.003423
0.003425
0.003425
0.003425
0.003422
0.003420
0.003416
0.003412
0.003407
0.003400
0.003395
0.003388
0.003381
0.003375
0.003369
0.003363
0.003357
0.003353
0.003350
0.003348
0.003348
0.003349
0.003352
0.003357
0.003364
0.003374
0.003387
0.003402
0.003419
0.003439
0.003460
0.003483
0.003509
0.003537
0.003566
0.003597
0.003630
0.003666
0.003701
0.003738
0.003777
0.003816
0.003855
0.003894
0.003934
0.003972
0.004011
0.004048
0.004082
0.004117
0.004149
0.004179
0.004207
0.004231
0.004253
0.004272
0.004289
0.004302
0.004312
0.004319
0.004323
0.004324
0.004322
0.004318
0.004311
0.004302
0.004290
0.004277
0.004262
0.004246
0.004229
0.004210
0.004190
0.004169
0.004148
0.004127
0.004106
0.004086
0.004065
0.004045
0.004027
0.004011
0.003996
0.003983
0.003970
0.003959
0.003950
0.003940
0.003932
0.003926
0.003921
0.003917
0.003915
0.003913
0.003912
0.003911
0.003911
0.003911
0.003912
0.003912
0.003912
0.003912
0.003912
0.003909
0.003907
0.003903
0.003898
0.003890
0.003884
0.003875
0.003865
0.003852
0.003838
0.003823
0.003809
0.003793
0.003776
0.003758
0.003741
0.003722
0.003705
0.003686
0.003668
0.003650
0.003633
0.003617
0.003602
0.003590
0.003578
0.003568
0.003559
0.003552
0.003549
0.003549
0.003551
0.003556
0.003564
0.003575
0.003589
0.003605
0.003624
0.003646
0.003670
0.003696
0.003724
0.003754
0.003785
0.003818
0.003853
0.003888
0.003924
0.003960
0.003997
0.004033
0.004069
0.004104
0.004138
0.004170
0.004200
0.004228
0.004255
0.004279
0.004300
0.004319
0.004334
0.004346
0.004355
0.004360
0.004363
0.004362
0.004358
0.004352
0.004343
0.004331
0.004318
0.004302
0.004284
0.004265
0.004244
0.004222
0.004199
0.004175
0.004149
0.004125
0.004100
0.004074
0.004050
0.004028
0.004006
0.003985
0.003966
0.003947
0.003931
0.003916
0.003903
0.003891
0.003882
0.003876
0.003871
0.003867
0.003866
0.003867
0.003870
0.003874
0.003879
0.003885
0.003892
0.003900
0.003909
0.003918
0.003928
0.003937
0.003948
0.003958
0.003970
0.003980
0.003988
0.003997
0.004004
0.004011
0.004016
0.004020
0.004021
0.004021
0.004019
0.004016
0.004012
0.004006
0.003999
0.003990
0.003979
0.003967
0.003954
0.003939
0.003924
0.003907
0.003888
0.003867
0.003846
0.003823
0.003799
0.003773
0.003747
0.003720
0.003692
0.003663
0.003634
0.003604
0.003572
0.003540
0.003507
0.003473
0.003439
0.003403
0.003366
0.003329
0.003291
0.003252
0.003212
0.003170
0.003127
0.003084
0.003039
0.002994
0.002947
0.002900
0.002852
0.002805
0.002755
0.002704
0.002653
0.002602
0.002550
0.002499
0.002447
0.002395
0.002344
0.002291
0.002239
0.002187
0.002135
0.002084
0.002035
0.001985
0.001936
0.001888
0.001842
0.001797
0.001755
0.001713
0.001674
0.001636
0.001598
0.001564
0.001530
0.001498
0.001467
0.001437
0.001408
0.001381
0.001356
0.001332
0.001306
0.001283
0.001261
0.001240
0.001218
0.001198
0.001177
0.001155
0.001134
0.001112
0.001091
0.001069
0.001046
0.001023
0.000999
0.000974
0.000946
0.000918
0.000887
0.000855
0.000820
0.000784
0.000746
0.000707
0.000666
0.000622
0.000577
0.000531
0.000482
0.000433
0.000382
0.000329
0.000274
0.000220
0.000163
0.000105
0.000047
-0.000011
-0.000070
-0.000128
-0.000187
-0.000245
-0.000303
-0.000360
-0.000416
-0.000471
-0.000525
-0.000577
-0.000628
-0.000678
-0.000725
-0.000771
-0.000814
-0.000854
-0.000891
-0.000927
-0.000959
-0.000987
-0.001013
-0.001037
-0.001057
-0.001075
-0.001089
-0.001100
-0.001109
-0.001115
-0.001120
-0.001121
-0.001123
-0.001122
-0.001121
-0.001118
-0.001114
-0.001111
-0.001106
-0.001102
-0.001099
-0.001095
-0.001092
-0.001089
-0.001089
-0.001089
-0.001091
-0.001095
-0.001101
-0.001109
-0.001118
-0.001131
-0.001145
-0.001163
-0.001183
-0.001206
-0.001232
-0.001261
-0.001292
-0.001327
-0.001363
-0.001402
-0.001443
-0.001486
-0.001532
-0.001579
-0.001627
-0.001677
-0.001729
-0.001782
-0.001834
-0.001888
-0.001943
-0.001997
-0.002051
-0.002105
-0.002158
-0.002211
-0.002263
-0.002313
-0.002362
-0.002409
-0.002453
-0.002496
-0.002535
-0.002572
-0.002606
-0.002638
-0.002666
-0.002693
-0.002717
-0.002737
-0.002755
-0.002771
-0.002782
-0.002791
-0.002798
-0.002802
-0.002803
-0.002803
-0.002800
-0.002796
-0.002790
-0.002783
-0.002775
-0.002766
-0.002757
-0.002747
-0.002738
-0.002728
-0.002722
-0.002716
-0.002710
-0.002707
-0.002706
-0.002707
-0.002710
-0.002716
-0.002724
-0.002735
-0.002748
-0.002763
-0.002781
-0.002802
-0.002825
-0.002851
-0.002880
-0.002911
-0.002944
-0.002980
-0.003017
-0.003055
-0.003095
-0.003137
-0.003179
-0.003221
-0.003265
-0.003307
-0.003349
-0.003389
-0.003428
-0.003466
-0.003504
-0.003539
-0.003571
-0.003602
-0.003631
-0.003656
-0.003679
-0.003700
-0.003719
-0.003734
-0.003746
-0.003754
-0.003760
-0.003763
-0.003761
-0.003758
-0.003750
-0.003740
-0.003729
-0.003715
-0.003699
-0.003683
-0.003664
-0.003646
-0.003627
-0.003608
-0.003588
-0.003568
-0.003549
-0.003531
-0.003513
-0.003496
-0.003481
-0.003468
-0.003457
-0.003449
-0.003442
-0.003438
-0.003437
-0.003438
-0.003444
-0.003452
-0.003462
-0.003476
-0.003493
-0.003510
-0.003531
-0.003555
-0.003581
-0.003609
-0.003639
-0.003671
-0.003703
-0.003738
-0.003772
-0.003808
-0.003843
-0.003879
-0.003914
-0.003950
-0.003984
-0.004017
-0.004049
-0.004079
-0.004108
-0.004134
-0.004158
-0.004181
-0.004201
-0.004219
-0.004235
-0.004248
-0.004258
-0.004266
-0.004270
-0.004273
-0.004275
-0.004274
-0.004272
-0.004269
-0.004263
-0.004257
-0.004249
-0.004240
-0.004230
-0.004220
-0.004209
-0.004199
-0.004189
-0.004178
-0.004168
-0.004158
-0.004149
-0.004141
-0.004135
-0.004130
-0.004128
-0.004129
-0.004130
-0.004134
-0.004139
-0.004145
-0.004154
-0.004166
-0.004179
-0.004192
-0.004207
-0.004225
-0.004244
-0.004263
-0.004286
-0.004309
-0.004334
-0.004359
-0.004386
-0.004414
-0.004441
-0.004470
-0.004499
-0.004527
-0.004556
-0.004584
-0.004612
-0.004640
-0.004666
-0.004692
-0.004718
-0.004741
-0.004764
-0.004786
-0.004805
-0.004825
-0.004843
-0.004860
-0.004876
-0.004891
-0.004905
-0.004918
-0.004928
-0.004938
-0.004947
-0.004953
-0.004957
-0.004960
-0.004960
-0.004959
-0.004955
-0.004950
-0.004943
-0.004934
-0.004924
-0.004914
-0.004902
-0.004888
-0.004873
-0.004856
-0.004839
-0.004820
-0.004799
-0.004777
-0.004755
-0.004731
-0.004707
-0.004682
-0.004657
-0.004631
-0.004605
-0.004579
-0.004552
-0.004524
-0.004498
-0.004473
-0.004447
-0.004421
-0.004396
-0.004373
-0.004350
-0.004328
-0.004307
-0.004288
-0.004270
-0.004252
-0.004236
-0.004221
-0.004207
-0.004195
-0.004186
-0.004176
-0.004169
-0.004163
-0.004159
-0.004156
-0.004154
-0.004152
-0.004150
-0.004150
-0.004150
-0.004150
-0.004150
-0.004150
-0.004150
-0.004148
-0.004147
-0.004143
-0.004140
-0.004136
-0.004131
-0.004123
-0.004115
-0.004105
-0.004095
-0.004082
-0.004069
-0.004053
-0.004036
-0.004016
-0.003995
-0.003973
-0.003948
-0.003922
-0.003895
-0.003866
-0.003835
-0.003803
-0.003770
-0.003735
-0.003699
-0.003662
-0.003624
-0.003586
-0.003547
-0.003506
-0.003465
-0.003425
-0.003383
-0.003340
-0.003297
-0.003255
-0.003212
-0.003169
-0.003125
-0.003081
-0.003039
-0.002996
-0.002954
-0.002913
-0.002873
-0.002832
-0.002793
-0.002756
-0.002718
-0.002681
-0.002645
-0.002611
-0.002578
-0.002545
-0.002514
-0.002484
-0.002455
-0.002429
-0.002403
-0.002379
-0.002357
-0.002335
-0.002315
-0.002297
-0.002281
-0.002267
-0.002254
-0.002242
-0.002231
-0.002224
-0.002217
-0.002210
-0.002205
-0.002202
-0.002199
-0.002197
-0.002196
-0.002194
-0.002195
-0.002195
-0.002195
-0.002196
-0.002197
-0.002198
-0.002198
-0.002198
-0.002196
-0.002195
-0.002191
-0.002187
-0.002181
-0.002174
-0.002165
-0.002154
-0.002141
-0.002126
-0.002110
-0.002092
-0.002071
-0.002050
-0.002025
-0.001999
-0.001971
-0.001941
-0.001909
-0.001876
-0.001841
-0.001803
-0.001765
-0.001725
-0.001684
-0.001642
-0.001600
-0.001559
-0.001515
-0.001473
-0.001432
-0.001390
-0.001349
-0.001310
-0.001272
-0.001235
-0.001200
-0.001167
-0.001135
-0.001104
-0.001077
-0.001054
-0.001031
-0.001011
-0.000993
-0.000977
-0.000964
-0.000952
-0.000945
-0.000939
-0.000935
-0.000933
-0.000934
-0.000935
-0.000939
-0.000943
-0.000948
-0.000955
-0.000963
-0.000971
-0.000979
-0.000987
-0.000994
-0.001001
-0.001005
-0.001008
-0.001009
-0.001009
-0.001006
-0.001002
-0.000995
-0.000986
-0.000973
-0.000957
-0.000939
-0.000917
-0.000893
-0.000865
-0.000835
-0.000801
-0.000764
-0.000725
-0.000682
-0.000637
-0.000589
-0.000539
-0.000487
-0.000434
-0.000377
-0.000320
-0.000260
-0.000199
-0.000138
-0.000076
-0.000014
0.000049
0.000111
0.000173
0.000235
0.000296
0.000354
0.000413
0.000470
0.000525
0.000577
0.000629
0.000678
0.000726
0.000771
0.000814
0.000856
0.000894
0.000931
0.000966
0.000997
0.001027
0.001055
0.001081
0.001105
0.001127
0.001147
0.001166
0.001183
0.001199
0.001213
0.001227
0.001239
0.001251
0.001262
0.001273
0.001284
0.001294
0.001305
0.001316
0.001328
0.001340
0.001353
0.001367
0.001381
0.001397
0.001414
0.001432
0.001453
0.001475
0.001499
0.001524
0.001551
0.001580
0.001610
0.001643
0.001676
0.001712
0.001750
0.001790
0.001830
0.001872
0.001917
0.001961
0.002006
0.002051
0.002098
0.002144
0.002189
0.002235
0.002281
0.002326
0.002368
0.002411
0.002452
0.002492
0.002530
0.002566
0.002600
0.002631
0.002661
0.002689
0.002716
0.002739
0.002759
0.002778
0.002795
0.002808
0.002820
0.002830
0.002838
0.002845
0.002849
0.002852
0.002853
0.002855
0.002854
0.002854
0.002852
0.002851
0.002851
0.002851
0.002851
0.002852
0.002854
0.002857
0.002862
0.002868
0.002875
0.002885
0.002896
0.002909
0.002924
0.002940
0.002958
0.002979
0.003001
0.003027
0.003053
0.003082
0.003112
0.003143
0.003177
0.003211
0.003247
0.003283
0.003319
0.003357
0.003394
0.003432
0.003470
0.003507
0.003542
0.003578
0.003612
0.003645
0.003677
0.003708
0.003739
0.003768
0.003795
0.003821
0.003845
0.003867
0.003887
0.003907
0.003924
0.003940
0.003953
0.003965
0.003975
0.003985
0.003993
0.003999
0.004004
0.004009
0.004011
0.004012
0.004012
0.004011
0.004010
0.004008
0.004006
0.004003
0.003999
0.003995
0.003990
0.003985
0.003981
0.003975
0.003970
0.003965
0.003960
0.003956
0.003952
0.003949
0.003946
0.003945
0.003944
0.003944
0.003945
0.003947
0.003948
0.003952
0.003956
0.003962
0.003968
0.003975
0.003983
0.003991
0.004002
0.004013
0.004024
0.004036
0.004050
0.004064
0.004078
0.004094
0.004110
0.004127
0.004143
0.004160
0.004176
0.004194
0.004212
0.004228
0.004245
0.004260
0.004275
0.004289
0.004302
0.004315
0.004325
0.004336
0.004345
0.004354
0.004361
0.004367
0.004371
0.004374
0.004376
0.004376
0.004374
0.004373
0.004369
0.004365
0.004360
0.004353
0.004346
0.004337
0.004328
0.004320
0.004309
0.004299
0.004291
0.004281
0.004271
0.004261
0.004251
0.004241
0.004233
0.004224
0.004215
0.004208
0.004202
0.004196
0.004190
0.004187
0.004184
0.004182
0.004180
0.004181
0.004181
0.004183
0.004186
0.004190
0.004195
0.004200
0.004207
0.004214
0.004220
0.004229
0.004236
0.004244
0.004253
0.004261
0.004272
0.004282
0.004292
0.004302
0.004312
0.004321
0.004330
0.004338
0.004347
0.004356
0.004363
0.004370
0.004376
0.004381
0.004385
0.004388
0.004390
0.004393
0.004393
0.004393
0.004391
0.004388
0.004385
0.004380
0.004374
0.004366
0.004357
0.004348
0.004338
0.004324
0.004309
0.004293
0.004274
0.004253
0.004233
0.004210
0.004185
0.004158
0.004131
0.004101
0.004070
0.004038
0.004004
0.003970
0.003935
0.003899
0.003863
0.003826
0.003790
0.003753
0.003717
0.003680
0.003644
0.003609
0.003575
0.003542
0.003510
0.003479
0.003450
0.003423
0.003398
0.003374
0.003354
0.003334
0.003318
0.003304
0.003292
0.003282
0.003276
0.003270
0.003268
0.003268
0.003270
0.003274
0.003280
0.003287
0.003296
0.003306
0.003318
0.003331
0.003344
0.003358
0.003372
0.003385
0.003399
0.003411
0.003424
0.003435
0.003446
0.003454
0.003462
0.003467
0.003471
0.003472
0.003471
0.003469
0.003464
0.003455
0.003446
0.003434
0.003419
0.003402
0.003382
0.003362
0.003338
0.003312
0.003284
0.003255
0.003224
0.003190
0.003156
0.003118
0.003080
0.003041
0.003002
0.002961
0.002920
0.002877
0.002833
0.002788
0.002743
0.002698
0.002652
0.002606
0.002559
0.002512
0.002465
0.002417
0.002369
0.002321
0.002274
0.002226
0.002178
0.002131
0.002083
0.002035
0.001988
0.001942
0.001896
0.001850
0.001806
0.001762
0.001719
0.001676
0.001636
0.001596
0.001559
0.001523
0.001489
0.001457
0.001427
0.001400
0.001374
0.001352
0.001332
0.001314
0.001298
0.001285
0.001275
0.001267
0.001262
0.001260
0.001260
0.001262
0.001266
0.001272
0.001279
0.001290
0.001300
0.001311
0.001323
0.001335
0.001348
0.001360
0.001372
0.001383
0.001394
0.001402
0.001409
0.001413
0.001414
0.001414
0.001410
0.001404
0.001395
0.001383
0.001368
0.001348
0.001326
0.001302
0.001273
0.001244
0.001210
0.001174
0.001136
0.001095
0.001053
0.001008
0.000962
0.000915
0.000867
0.000818
0.000770
0.000721
0.000673
0.000625
0.000579
0.000533
0.000490
0.000447
0.000406
0.000367
0.000330
0.000294
0.000262
0.000232
0.000203
0.000175
0.000150
0.000126
0.000104
0.000083
0.000063
0.000044
0.000026
0.000009
-0.000008
-0.000024
-0.000040
-0.000058
-0.000075
-0.000091
-0.000110
-0.000129
-0.000150
-0.000173
-0.000197
-0.000224
-0.000252
-0.000283
-0.000315
-0.000350
-0.000387
-0.000425
-0.000464
-0.000506
-0.000548
-0.000592
-0.000637
-0.000683
-0.000730
-0.000778
-0.000826
-0.000875
-0.000923
-0.000971
-0.001018
-0.001064
-0.001112
-0.001157
-0.001200
-0.001242
-0.001282
-0.001321
-0.001357
-0.001392
-0.001424
-0.001453
-0.001479
-0.001505
-0.001528
-0.001547
-0.001564
-0.001578
-0.001590
-0.001600
-0.001608
-0.001614
-0.001618
-0.001621
-0.001623
-0.001623
-0.001624
-0.001624
-0.001622
-0.001619
-0.001618
-0.001615
-0.001613
-0.001611
-0.001611
-0.001611
-0.001613
-0.001617
-0.001622
-0.001629
-0.001639
-0.001649
-0.001663
-0.001679
-0.001697
-0.001718
-0.001742
-0.001766
-0.001794
-0.001823
-0.001855
-0.001890
-0.001928
-0.001967
-0.002009
-0.002053
-0.002099
-0.002146
-0.002195
-0.002246
-0.002298
-0.002351
-0.002405
-0.002460
-0.002514
-0.002569
-0.002622
-0.002676
-0.002729
-0.002782
-0.002833
-0.002883
-0.002934
-0.002983
-0.003030
-0.003076
-0.003121
-0.003164
-0.003204
-0.003244
-0.003281
-0.003317
-0.003351
-0.003383
-0.003412
-0.003440
-0.003466
-0.003490
-0.003513
-0.003534
-0.003555
-0.003576
-0.003595
-0.003614
-0.003633
-0.003652
-0.003669
-0.003688
-0.003708
-0.003728
-0.003748
-0.003768
-0.003787
-0.003808
-0.003831
-0.003853
-0.003876
-0.003899
-0.003924
-0.003948
-0.003974
-0.004000
-0.004026
-0.004053
-0.004079
-0.004107
-0.004133
-0.004159
-0.004184
-0.004209
-0.004232
-0.004254
-0.004274
-0.004293
-0.004310
-0.004325
-0.004339
-0.004350
-0.004359
-0.004366
-0.004371
-0.004374
-0.004375
-0.004374
-0.004371
-0.004367
-0.004360
-0.004353
-0.004343
-0.004332
-0.004318
-0.004304
-0.004290
-0.004275
-0.004261
-0.004246
-0.004231
-0.004217
-0.004206
-0.004194
-0.004183
-0.004174
-0.004166
-0.004160
-0.004156
-0.004153
-0.004151
-0.004150
-0.004152
-0.004155
-0.004160
-0.004168
-0.004177
-0.004185
-0.004196
-0.004209
-0.004223
-0.004237
-0.004252
-0.004268
-0.004285
-0.004302
-0.004319
-0.004335
-0.004353
-0.004369
-0.004384
-0.004399
-0.004412
-0.004425
-0.004436
-0.004448
-0.004457
-0.004466
-0.004473
-0.004478
-0.004482
-0.004486
-0.004487
-0.004488
-0.004488
-0.004486
-0.004483
-0.004480
-0.004475
-0.004470
-0.004465
-0.004458
-0.004452
-0.004444
-0.004434
-0.004424
-0.004414
-0.004404
-0.004393
-0.004384
-0.004374
-0.004364
-0.004353
-0.004341
-0.004329
-0.004318
-0.004306
-0.004294
-0.004282
-0.004269
-0.004254
-0.004241
-0.004226
-0.004209
-0.004194
-0.004178
-0.004161
-0.004143
-0.004125
-0.004106
-0.004089
-0.004070
-0.004052
-0.004035
-0.004017
-0.004000
-0.003984
-0.003968
-0.003954
-0.003941
-0.003930
-0.003919
-0.003911
-0.003906
-0.003902
-0.003902
-0.003904
-0.003908
-0.003917
-0.003928
-0.003941
-0.003958
-0.003977
-0.003998
-0.004023
-0.004051
-0.004081
-0.004114
-0.004148
-0.004184
-0.004220
-0.004259
-0.004298
-0.004340
-0.004381
-0.004423
-0.004465
-0.004506
-0.004546
-0.004586
-0.004622
-0.004657
-0.004689
-0.004717
-0.004743
-0.004765
-0.004783
-0.004797
-0.004805
-0.004810
-0.004809
-0.004803
-0.004794
-0.004779
-0.004759
-0.004735
-0.004705
-0.004671
-0.004632
-0.004590
-0.004542
-0.004490
-0.004435
-0.004377
-0.004315
-0.004251
-0.004184
-0.004115
-0.004046
-0.003976
-0.003905
-0.003834
-0.003763
-0.003692
-0.003624
-0.003557
-0.003491
-0.003426
-0.003365
-0.003306
-0.003249
-0.003196
-0.003145
-0.003098
-0.003054
-0.003015
-0.002978
-0.002946
-0.002917
-0.002891
-0.002870
-0.002851
-0.002836
-0.002824
-0.002816
-0.002811
-0.002808
-0.002807
-0.002809
-0.002812
-0.002819
-0.002825
-0.002833
-0.002842
-0.002852
-0.002862
-0.002874
-0.002885
-0.002897
-0.002909
-0.002919
-0.002929
-0.002938
-0.002946
-0.002952
-0.002956
-0.002959
-0.002960
-0.002958
-0.002954
-0.002948
-0.002938
-0.002926
-0.002912
-0.002895
-0.002875
-0.002851
-0.002824
-0.002795
-0.002762
-0.002728
-0.002688
-0.002646
-0.002601
-0.002553
-0.002502
-0.002448
-0.002392
-0.002333
-0.002273
-0.002210
-0.002145
-0.002078
-0.002010
-0.001941
-0.001871
-0.001800
-0.001728
-0.001654
-0.001582
-0.001509
-0.001437
-0.001367
-0.001297
-0.001227
-0.001160
-0.001094
-0.001031
-0.000969
-0.000910
-0.000854
-0.000800
-0.000750
-0.000703
-0.000659
-0.000619
-0.000582
-0.000549
-0.000519
-0.000493
-0.000470
-0.000451
-0.000434
-0.000420
-0.000410
-0.000403
-0.000398
-0.000396
-0.000395
-0.000396
-0.000400
-0.000405
-0.000413
-0.000420
-0.000429
-0.000439
-0.000449
-0.000458
-0.000468
-0.000477
-0.000486
-0.000493
-0.000499
-0.000504
-0.000508
-0.000511
-0.000513
-0.000514
-0.000512
-0.000509
-0.000504
-0.000497
-0.000490
-0.000482
-0.000474
-0.000463
-0.000451
-0.000439
-0.000425
-0.000411
-0.000395
-0.000379
-0.000363
-0.000347
-0.000329
-0.000312
-0.000296
-0.000279
-0.000262
-0.000246
-0.000231
-0.000215
-0.000201
-0.000187
-0.000174
-0.000162
-0.000149
-0.000137
-0.000124
-0.000111
-0.000098
-0.000086
-0.000073
-0.000061
-0.000048
-0.000033
-0.000018
-0.000003
0.000013
0.000030
0.000048
0.000068
0.000089
0.000112
0.000136
0.000161
0.000188
0.000216
0.000246
0.000278
0.000312
0.000346
0.000382
0.000418
0.000457
0.000496
0.000537
0.000577
0.000618
0.000660
0.000701
0.000744
0.000787
0.000829
0.000871
0.000914
0.000955
0.000996
0.001036
0.001076
0.001116
0.001155
0.001192
0.001230
0.001266
0.001301
0.001336
0.001368
0.001400
0.001431
0.001462
0.001492
0.001521
0.001549
0.001575
0.001602
0.001629
0.001656
0.001682
0.001710
0.001737
0.001764
0.001793
0.001821
0.001849
0.001879
0.001909
0.001939
0.001970
0.002002
0.002034
0.002068
0.002101
0.002136
0.002172
0.002208
0.002244
0.002281
0.002318
0.002356
0.002395
0.002436
0.002476
0.002516
0.002556
0.002596
0.002636
0.002675
0.002714
0.002753
0.002791
0.002828
0.002866
0.002902
0.002936
0.002969
0.003001
0.003033
0.003064
0.003092
0.003119
0.003144
0.003167
0.003189
0.003209
0.003227
0.003244
0.003260
0.003275
0.003288
0.003299
0.003308
0.003317
0.003324
0.003329
0.003334
0.003338
0.003341
0.003344
0.003345
0.003346
0.003346
0.003345
0.003345
0.003345
0.003345
0.003346
0.003347
0.003349
0.003352
0.003357
0.003363
0.003370
0.003379
0.003389
0.003401
0.003414
0.003429
0.003447
0.003466
0.003487
0.003510
0.003534
0.003559
0.003586
0.003615
0.003646
0.003677
0.003710
0.003745
0.003780
0.003817
0.003854
0.003891
0.003928
0.003967
0.004005
0.004043
0.004080
0.004118
0.004154
0.004189
0.004223
0.004254
0.004284
0.004312
0.004339
0.004364
0.004387
0.004410
0.004429
0.004446
0.004462
0.004476
0.004487
0.004496
0.004504
0.004511
0.004515
0.004519
0.004520
0.004521
0.004520
0.004519
0.004517
0.004514
0.004511
0.004505
0.004502
0.004498
0.004495
0.004492
0.004488
0.004485
0.004483
0.004483
0.004483
0.004484
0.004486
0.004491
0.004496
0.004502
0.004509
0.004518
0.004529
0.004540
0.004553
0.004568
0.004586
0.004603
0.004624
0.004646
0.004669
0.004692
0.004718
0.004744
0.004772
0.004801
0.004830
0.004859
0.004888
0.004918
0.004948
0.004979
0.005010
0.005040
0.005069
0.005098
0.005127
0.005154
0.005181
0.005205
0.005229
0.005252
0.005272
0.005292
0.005310
0.005325
0.005338
0.005349
0.005357
0.005363
0.005366
0.005367
0.005366
0.005361
0.005356
0.005348
0.005335
0.005321
0.005304
0.005286
0.005265
0.005243
0.005218
0.005192
0.005164
0.005133
0.005101
0.005068
0.005033
0.004999
0.004963
0.004926
0.004888
0.004851
0.004815
0.004779
0.004743
0.004707
0.004672
0.004636
0.004602
0.004569
0.004537
0.004506
0.004477
0.004447
0.004418
0.004391
0.004364
0.004339
0.004314
0.004292
0.004270
0.004247
0.004224
0.004203
0.004181
0.004159
0.004140
0.004119
0.004098
0.004078
0.004059
0.004039
0.004019
0.003999
0.003978
0.003958
0.003937
0.003915
0.003895
0.003873
0.003853
0.003831
0.003808
0.003787
0.003765
0.003744
0.003723
0.003702
0.003682
0.003662
0.003642
0.003623
0.003606
0.003589
0.003572
0.003557
0.003543
0.003530
0.003519
0.003510
0.003501
0.003493
0.003488
0.003482
0.003478
0.003474
0.003472
0.003470
0.003468
0.003467
0.003466
0.003464
0.003462
0.003459
0.003457
0.003455
0.003452
0.003447
0.003441
0.003435
0.003428
0.003420
0.003410
0.003399
0.003387
0.003374
0.003360
0.003343
0.003326
0.003307
0.003287
0.003266
0.003244
0.003221
0.003198
0.003175
0.003150
0.003125
0.003100
0.003075
0.003050
0.003027
0.003003
0.002980
0.002957
0.002935
0.002913
0.002893
0.002872
0.002854
0.002836
0.002818
0.002802
0.002788
0.002774
0.002763
0.002751
0.002740
0.002730
0.002721
0.002713
0.002706
0.002700
0.002692
0.002686
0.002679
0.002673
0.002666
0.002660
0.002652
0.002644
0.002636
0.002627
0.002617
0.002607
0.002596
0.002582
0.002568
0.002554
0.002538
0.002521
0.002504
0.002486
0.002465
0.002444
0.002422
0.002398
0.002375
0.002352
0.002328
0.002305
0.002280
0.002255
0.002230
0.002207
0.002183
0.002159
0.002136
0.002114
0.002092
0.002070
0.002049
0.002028
0.002007
0.001987
0.001967
0.001947
0.001927
0.001907
0.001886
0.001867
0.001846
0.001825
0.001803
0.001782
0.001760
0.001736
0.001713
0.001688
0.001663
0.001637
0.001609
0.001581
0.001554
0.001524
0.001493
0.001461
0.001427
0.001392
0.001356
0.001318
0.001282
0.001241
0.001200
0.001159
0.001116
0.001072
0.001028
0.000982
0.000937
0.000891
0.000844
0.000796
0.000750
0.000702
0.000654
0.000606
0.000557
0.000509
0.000461
0.000414
0.000368
0.000322
0.000278
0.000234
0.000191
0.000149
0.000107
0.000066
0.000027
-0.000013
-0.000050
-0.000087
-0.000122
-0.000155
-0.000187
-0.000219
-0.000249
-0.000279
-0.000306
-0.000331
-0.000355
-0.000378
-0.000401
-0.000422
-0.000443
-0.000463
-0.000482
-0.000500
-0.000518
-0.000535
-0.000552
-0.000568
-0.000582
-0.000597
-0.000612
-0.000626
-0.000640
-0.000654
-0.000666
-0.000679
-0.000692
-0.000704
-0.000718
-0.000731
-0.000744
-0.000757
-0.000769
-0.000781
-0.000794
-0.000808
-0.000821
-0.000833
-0.000845
-0.000856
-0.000866
-0.000876
-0.000885
-0.000893
-0.000901
-0.000908
-0.000915
-0.000919
-0.000925
-0.000929
-0.000931
-0.000934
-0.000936
-0.000938
-0.000940
-0.000940
-0.000942
-0.000942
-0.000944
-0.000946
-0.000946
-0.000948
-0.000951
-0.000955
-0.000960
-0.000967
-0.000976
-0.000988
-0.001001
-0.001015
-0.001033
-0.001054
-0.001077
-0.001103
-0.001132
-0.001164
-0.001199
-0.001237
-0.001278
-0.001322
-0.001370
-0.001420
-0.001473
-0.001528
-0.001586
-0.001647
-0.001707
-0.001772
-0.001836
-0.001900
-0.001966
-0.002031
-0.002097
-0.002161
-0.002225
-0.002288
-0.002347
-0.002405
-0.002460
-0.002511
-0.002560
-0.002605
-0.002646
-0.002685
-0.002718
-0.002748
-0.002773
-0.002795
-0.002811
-0.002823
-0.002832
-0.002837
-0.002837
-0.002833
-0.002827
-0.002817
-0.002804
-0.002789
-0.002770
-0.002751
-0.002732
-0.002711
-0.002689
-0.002668
-0.002647
-0.002628
-0.002610
-0.002594
-0.002580
-0.002568
-0.002559
-0.002553
-0.002551
-0.002553
-0.002559
-0.002570
-0.002585
-0.002604
-0.002629
-0.002658
-0.002691
-0.002727
-0.002770
-0.002815
-0.002864
-0.002917
-0.002974
-0.003033
-0.003095
-0.003159
-0.003226
-0.003294
-0.003364
-0.003434
-0.003506
-0.003577
-0.003649
-0.003720
-0.003791
-0.003863
-0.003935
-0.004005
-0.004074
-0.004140
-0.004205
-0.004268
-0.004329
-0.004387
-0.004443
-0.004495
-0.004545
-0.004593
-0.004638
-0.004679
-0.004717
-0.004752
-0.004784
-0.004813
-0.004839
-0.004863
-0.004883
-0.004900
-0.004913
-0.004924
-0.004931
-0.004936
-0.004936
-0.004933
-0.004927
-0.004918
-0.004906
-0.004892
-0.004875
-0.004855
-0.004832
-0.004808
-0.004781
-0.004754
-0.004726
-0.004696
-0.004665
-0.004634
-0.004602
-0.004569
-0.004536
-0.004503
-0.004472
-0.004441
-0.004411
-0.004383
-0.004356
-0.004332
-0.004308
-0.004289
-0.004272
-0.004258
-0.004248
-0.004241
-0.004237
-0.004235
-0.004237
-0.004242
-0.004249
-0.004262
-0.004277
-0.004295
-0.004315
-0.004338
-0.004362
-0.004388
-0.004418
-0.004448
-0.004478
-0.004510
-0.004540
-0.004571
-0.004601
-0.004630
-0.004656
-0.004680
-0.004702
-0.004722
-0.004737
-0.004749
-0.004757
-0.004762
-0.004761
-0.004756
-0.004745
-0.004732
-0.004715
-0.004692
-0.004664
-0.004633
-0.004598
-0.004559
-0.004517
-0.004471
-0.004422
-0.004372
-0.004319
-0.004265
-0.004209
-0.004153
-0.004097
-0.004041
-0.003987
-0.003933
-0.003881
-0.003832
-0.003786
-0.003742
-0.003702
-0.003665
-0.003634
-0.003605
-0.003582
-0.003564
-0.003549
-0.003540
-0.003536
-0.003538
-0.003544
-0.003554
-0.003568
-0.003589
-0.003613
-0.003641
-0.003674
-0.003711
-0.003752
-0.003795
-0.003842
-0.003892
-0.003943
-0.003995
-0.004050
-0.004105
-0.004161
-0.004217
-0.004273
-0.004328
-0.004382
-0.004435
-0.004486
-0.004536
-0.004584
-0.004630
-0.004673
-0.004713
-0.004749
-0.004782
-0.004812
-0.004839
-0.004861
-0.004878
-0.004892
-0.004901
-0.004906
-0.004906
-0.004903
-0.004896
-0.004883
-0.004867
-0.004846
-0.004823
-0.004795
-0.004763
-0.004729
-0.004690
-0.004650
-0.004605
-0.004558
-0.004508
-0.004455
-0.004401
-0.004344
-0.004285
-0.004224
-0.004162
-0.004099
-0.004036
-0.003972
-0.003907
-0.003843
-0.003779
-0.003715
-0.003653
-0.003591
-0.003530
-0.003473
-0.003417
-0.003363
-0.003310
-0.003260
-0.003211
-0.003166
-0.003123
-0.003082
-0.003045
-0.003009
-0.002978
-0.002949
-0.002923
-0.002899
-0.002878
-0.002859
-0.002843
-0.002829
-0.002817
-0.002808
-0.002800
-0.002792
-0.002785
-0.002779
-0.002774
-0.002768
-0.002763
-0.002757
-0.002752
-0.002743
-0.002734
-0.002723
-0.002711
-0.002696
-0.002680
-0.002662
-0.002643
-0.002620
-0.002595
-0.002568
-0.002538
-0.002505
-0.002470
-0.002431
-0.002392
-0.002349
-0.002306
-0.002261
-0.002215
-0.002169
-0.002121
-0.002073
-0.002026
-0.001980
-0.001932
-0.001886
-0.001842
-0.001798
-0.001756
-0.001717
-0.001679
-0.001644
-0.001612
-0.001583
-0.001556
-0.001533
-0.001513
-0.001495
-0.001482
-0.001471
-0.001461
-0.001455
-0.001451
-0.001449
-0.001449
-0.001450
-0.001453
-0.001457
-0.001462
-0.001467
-0.001472
-0.001477
-0.001482
-0.001484
-0.001485
-0.001484
-0.001480
-0.001474
-0.001466
-0.001455
-0.001441
-0.001425
-0.001404
-0.001380
-0.001352
-0.001320
-0.001285
-0.001247
-0.001207
-0.001164
-0.001118
-0.001071
-0.001020
-0.000967
-0.000914
-0.000860
-0.000806
-0.000751
-0.000698
-0.000644
-0.000591
-0.000540
-0.000490
-0.000443
-0.000398
-0.000356
-0.000315
-0.000278
-0.000245
-0.000216
-0.000189
-0.000167
-0.000148
-0.000131
-0.000118
-0.000108
-0.000101
-0.000098
-0.000096
-0.000098
-0.000101
-0.000105
-0.000111
-0.000118
-0.000126
-0.000134
-0.000142
-0.000150
-0.000157
-0.000163
-0.000167
-0.000167
-0.000166
-0.000163
-0.000156
-0.000146
-0.000132
-0.000116
-0.000094
-0.000070
-0.000042
-0.000009
0.000026
0.000066
0.000108
0.000154
0.000202
0.000254
0.000305
0.000360
0.000416
0.000473
0.000532
0.000590
0.000648
0.000706
0.000763
0.000818
0.000870
0.000921
0.000970
0.001014
0.001056
0.001095
0.001131
0.001162
0.001190
0.001215
0.001235
0.001251
0.001265
0.001275
0.001282
0.001286
0.001286
0.001284
0.001281
0.001276
0.001270
0.001263
0.001257
0.001250
0.001244
0.001241
0.001239
0.001241
0.001244
0.001251
0.001261
0.001277
0.001298
0.001323
0.001352
0.001386
0.001425
0.001469
0.001519
0.001574
0.001633
0.001698
0.001768
0.001841
0.001919
0.002000
0.002084
0.002171
0.002260
0.002350
0.002441
0.002532
0.002624
0.002715
0.002803
0.002890
0.002974
0.003054
0.003131
0.003204
0.003271
0.003333
0.003389
0.003439
0.003483
0.003519
0.003550
0.003574
0.003592
0.003603
0.003607
0.003606
0.003600
0.003586
0.003567
0.003544
0.003516
0.003484
0.003449
0.003411
0.003371
0.003329
0.003285
0.003241
0.003197
0.003153
0.003110
0.003068
0.003029
0.002991
0.002955
0.002923
0.002893
0.002868
0.002847
0.002828
0.002814
0.002805
0.002800
0.002799
0.002802
0.002807
0.002818
0.002831
0.002847
0.002865
0.002886
0.002909
0.002934
0.002961
0.002990
0.003019
0.003051
0.003083
0.003115
0.003147
0.003180
0.003211
0.003243
0.003274
0.003305
0.003334
0.003363
0.003390
0.003419
0.003445
0.003469
0.003494
0.003518
0.003541
0.003562
0.003582
0.003604
0.003626
0.003647
0.003668
0.003690
0.003711
0.003733
0.003756
0.003780
0.003805
0.003829
0.003855
0.003882
0.003909
0.003937
0.003965
0.003993
0.004024
0.004054
0.004084
0.004115
0.004147
0.004178
0.004208
0.004239
0.004268
0.004298
0.004326
0.004354
0.004380
0.004404
0.004427
0.004448
0.004467
0.004483
0.004496
0.004507
0.004516
0.004523
0.004527
0.004529
0.004528
0.004525
0.004521
0.004514
0.004506
0.004495
0.004483
0.004469
0.004455
0.004440
0.004424
0.004407
0.004391
0.004374
0.004357
0.004339
0.004322
0.004305
0.004290
0.004275
0.004263
0.004251
0.004240
0.004231
0.004223
0.004217
0.004212
0.004208
0.004208
0.004208
0.004209
0.004212
0.004216
0.004222
0.004227
0.004235
0.004244
0.004254
0.004265
0.004277
0.004289
0.004303
0.004315
0.004328
0.004341
0.004354
0.004367
0.004380
0.004392
0.004404
0.004416
0.004428
0.004438
0.004447
0.004455
0.004463
0.004469
0.004475
0.004481
0.004485
0.004490
0.004494
0.004497
0.004499
0.004499
0.004500
0.004500
0.004499
0.004497
0.004495
0.004494
0.004491
0.004488
0.004483
0.004480
0.004476
0.004472
0.004466
0.004461
0.004456
0.004449
0.004442
0.004436
0.004428
0.004419
0.004410
0.004400
0.004390
0.004378
0.004367
0.004355
0.004341
0.004327
0.004313
0.004298
0.004283
0.004268
0.004253
0.004237
0.004222
0.004206
0.004189
0.004173
0.004157
0.004140
0.004124
0.004107
0.004090
0.004074
0.004057
0.004041
0.004023
0.004008
0.003992
0.003976
0.003960
0.003945
0.003931
0.003917
0.003902
0.003888
0.003873
0.003858
0.003844
0.003831
0.003817
0.003804
0.003791
0.003778
0.003764
0.003751
0.003737
0.003724
0.003711
0.003698
0.003685
0.003673
0.003660
0.003647
0.003635
0.003622
0.003609
0.003598
0.003586
0.003575
0.003565
0.003554
0.003543
0.003533
0.003524
0.003513
0.003504
0.003494
0.003484
0.003473
0.003462
0.003451
0.003439
0.003427
0.003415
0.003401
0.003387
0.003372
0.003357
0.003342
0.003327
0.003311
0.003294
0.003276
0.003257
0.003238
0.003218
0.003198
0.003177
0.003154
0.003132
0.003110
0.003086
0.003062
0.003037
0.003012
0.002986
0.002961
0.002935
0.002907
0.002880
0.002851
0.002823
0.002793
0.002766
0.002737
0.002709
0.002680
0.002653
0.002625
0.002598
0.002570
0.002543
0.002516
0.002489
0.002461
0.002435
0.002410
0.002385
0.002361
0.002337
0.002314
0.002291
0.002269
0.002248
0.002228
0.002207
0.002187
0.002167
0.002148
0.002132
0.002114
0.002097
0.002082
0.002066
0.002052
0.002038
0.002023
0.002009
0.001994
0.001979
0.001963
0.001946
0.001929
0.001913
0.001896
0.001877
0.001859
0.001840
0.001822
0.001803
0.001782
0.001762
0.001740
0.001718
0.001695
0.001672
0.001648
0.001624
0.001599
0.001574
0.001550
0.001526
0.001500
0.001475
0.001450
0.001426
0.001401
0.001375
0.001351
0.001327
0.001302
0.001277
0.001253
0.001230
0.001206
0.001183
0.001161
0.001140
0.001118
0.001097
0.001077
0.001056
0.001037
0.001018
0.000999
0.000980
0.000961
0.000942
0.000924
0.000907
0.000889
0.000869
0.000850
0.000832
0.000812
0.000791
0.000770
0.000749
0.000725
0.000700
0.000673
0.000645
0.000615
0.000583
0.000550
0.000514
0.000476
0.000436
0.000393
0.000350
0.000305
0.000260
0.000213
0.000164
0.000115
0.000065
0.000012
-0.000041
-0.000095
-0.000148
-0.000200
-0.000253
-0.000306
-0.000358
-0.000409
-0.000459
-0.000508
-0.000556
-0.000601
-0.000645
-0.000686
-0.000725
-0.000761
-0.000793
-0.000825
-0.000853
-0.000876
-0.000897
-0.000915
-0.000929
-0.000940
-0.000948
-0.000952
-0.000954
-0.000952
-0.000948
-0.000940
-0.000931
-0.000918
-0.000905
-0.000888
-0.000871
-0.000852
-0.000832
-0.000811
-0.000790
-0.000769
-0.000747
-0.000726
-0.000705
-0.000685
-0.000667
-0.000650
-0.000633
-0.000620
-0.000608
-0.000599
-0.000591
-0.000586
-0.000583
-0.000584
-0.000587
-0.000593
-0.000601
-0.000612
-0.000627
-0.000644
-0.000664
-0.000687
-0.000712
-0.000739
-0.000769
-0.000800
-0.000834
-0.000869
-0.000906
-0.000945
-0.000984
-0.001024
-0.001067
-0.001108
-0.001152
-0.001195
-0.001239
-0.001283
-0.001325
-0.001367
-0.001409
-0.001450
-0.001490
-0.001529
-0.001569
-0.001606
-0.001644
-0.001680
-0.001716
-0.001749
-0.001782
-0.001813
-0.001843
-0.001872
-0.001902
-0.001929
-0.001955
-0.001981
-0.002004
-0.002028
-0.002052
-0.002075
-0.002097
-0.002118
-0.002139
-0.002160
-0.002179
-0.002198
-0.002217
-0.002236
-0.002254
-0.002273
-0.002292
-0.002310
-0.002328
-0.002346
-0.002364
-0.002382
-0.002399
-0.002415
-0.002430
-0.002447
-0.002462
-0.002477
-0.002490
-0.002505
-0.002518
-0.002531
-0.002542
-0.002554
-0.002563
-0.002572
-0.002582
-0.002591
-0.002599
-0.002605
-0.002612
-0.002617
-0.002622
-0.002626
-0.002630
-0.002634
-0.002637
-0.002641
-0.002645
-0.002649
-0.002653
-0.002657
-0.002663
-0.002667
-0.002671
-0.002676
-0.002680
-0.002687
-0.002692
-0.002698
-0.002705
-0.002712
-0.002720
-0.002728
-0.002737
-0.002746
-0.002756
-0.002767
-0.002779
-0.002790
-0.002802
-0.002814
-0.002826
-0.002839
-0.002852
-0.002866
-0.002880
-0.002895
-0.002911
-0.002927
-0.002942
-0.002958
-0.002974
-0.002990
-0.003008
-0.003025
-0.003042
-0.003058
-0.003075
-0.003091
-0.003107
-0.003124
-0.003142
-0.003159
-0.003176
-0.003193
-0.003211
-0.003229
-0.003246
-0.003265
-0.003282
-0.003301
-0.003319
-0.003338
-0.003356
-0.003375
-0.003394
-0.003413
-0.003433
-0.003452
-0.003472
-0.003493
-0.003511
-0.003530
-0.003548
-0.003565
-0.003583
-0.003601
-0.003619
-0.003636
-0.003653
-0.003668
-0.003683
-0.003698
-0.003712
-0.003724
-0.003735
-0.003745
-0.003754
-0.003760
-0.003765
-0.003770
-0.003773
-0.003775
-0.003775
-0.003774
-0.003771
-0.003766
-0.003761
-0.003755
-0.003746
-0.003737
-0.003727
-0.003717
-0.003706
-0.003694
-0.003682
-0.003669
-0.003657
-0.003644
-0.003631
-0.003619
-0.003607
-0.003595
-0.003584
-0.003573
-0.003562
-0.003553
-0.003546
-0.003538
-0.003531
-0.003523
-0.003518
-0.003513
-0.003510
-0.003507
-0.003505
-0.003503
-0.003502
-0.003501
-0.003501
-0.003501
-0.003500
-0.003500
-0.003500
-0.003499
-0.003499
-0.003499
-0.003498
-0.003497
-0.003494
-0.003492
-0.003489
-0.003486
-0.003483
-0.003480
-0.003475
-0.003471
-0.003466
-0.003461
-0.003456
-0.003451
-0.003446
-0.003443
-0.003440
-0.003436
-0.003433
-0.003430
-0.003428
-0.003429
-0.003428
-0.003430
-0.003433
-0.003437
-0.003442
-0.003449
-0.003457
-0.003467
-0.003479
-0.003492
-0.003507
-0.003523
-0.003541
-0.003559
-0.003579
-0.003598
-0.003620
-0.003640
-0.003661
-0.003681
-0.003699
-0.003717
-0.003733
-0.003748
-0.003762
-0.003773
-0.003782
-0.003788
-0.003790
-0.003788
-0.003783
-0.003776
-0.003765
-0.003749
-0.003731
-0.003708
-0.003683
-0.003653
-0.003620
-0.003583
-0.003542
-0.003499
-0.003454
-0.003405
-0.003354
-0.003302
-0.003248
-0.003194
-0.003139
-0.003083
-0.003028
-0.002974
-0.002920
-0.002868
-0.002817
-0.002769
-0.002722
-0.002679
-0.002637
-0.002598
-0.002564
-0.002533
-0.002505
-0.002481
-0.002461
-0.002444
-0.002430
-0.002419
-0.002413
-0.002409
-0.002408
-0.002412
-0.002416
-0.002425
-0.002434
-0.002445
-0.002458
-0.002471
-0.002486
-0.002500
-0.002515
-0.002529
-0.002543
-0.002556
-0.002568
-0.002579
-0.002589
-0.002598
-0.002605
-0.002608
-0.002611
-0.002612
-0.002610
-0.002606
-0.002601
-0.002593
-0.002584
-0.002572
-0.002558
-0.002543
-0.002525
-0.002507
-0.002488
-0.002467
-0.002446
-0.002423
-0.002401
-0.002377
-0.002354
-0.002331
-0.002308
-0.002287
-0.002266
-0.002245
-0.002225
-0.002205
-0.002186
-0.002167
-0.002149
-0.002131
-0.002114
-0.002096
-0.002078
-0.002061
-0.002043
-0.002025
-0.002006
-0.001987
-0.001967
-0.001948
-0.001927
-0.001905
-0.001882
-0.001858
-0.001833
-0.001808
-0.001783
-0.001756
-0.001727
-0.001698
-0.001669
-0.001638
-0.001607
-0.001576
-0.001545
-0.001513
-0.001482
-0.001453
-0.001423
-0.001394
-0.001366
-0.001340
-0.001315
-0.001292
-0.001270
-0.001252
-0.001236
-0.001222
-0.001210
-0.001201
-0.001195
-0.001192
-0.001191
-0.001193
-0.001199
-0.001206
-0.001216
-0.001229
-0.001244
-0.001260
-0.001279
-0.001299
-0.001320
-0.001344
-0.001367
-0.001392
-0.001418
-0.001443
-0.001467
-0.001490
-0.001512
-0.001532
-0.001551
-0.001569
-0.001583
-0.001595
-0.001604
-0.001611
-0.001614
-0.001614
-0.001612
-0.001605
-0.001595
-0.001581
-0.001564
-0.001542
-0.001516
-0.001488
-0.001456
-0.001420
-0.001382
-0.001341
-0.001297
-0.001249
-0.001200
-0.001149
-0.001095
-0.001040
-0.000984
-0.000926
-0.000868
-0.000810
-0.000751
-0.000694
-0.000638
-0.000583
-0.000529
-0.000474
-0.000422
-0.000368
-0.000318
-0.000269
-0.000223
-0.000180
-0.000137
-0.000096
-0.000057
-0.000020
0.000014
0.000046
0.000075
0.000102
0.000127
0.000151
0.000174
0.000194
0.000215
0.000234
0.000251
0.000269
0.000285
0.000301
0.000317
0.000332
0.000349
0.000367
0.000385
0.000405
0.000426
0.000446
0.000469
0.000493
0.000519
0.000547
0.000575
0.000606
0.000638
0.000672
0.000708
0.000747
0.000787
0.000828
0.000870
0.000915
0.000962
0.001010
0.001060
0.001111
0.001164
0.001218
0.001272
0.001328
0.001384
0.001440
0.001498
0.001556
0.001614
0.001672
0.001729
0.001785
0.001840
0.001894
0.001945
0.001996
0.002044
0.002091
0.002137
0.002179
0.002220
0.002256
0.002290
0.002321
0.002351
0.002376
0.002398
0.002418
0.002433
0.002445
0.002455
0.002460
0.002462
0.002460
0.002454
0.002444
0.002432
0.002418
0.002400
0.002379
0.002355
0.002330
0.002302
0.002273
0.002242
0.002209
0.002176
0.002143
0.002109
0.002075
0.002042
0.002010
0.001980
0.001950
0.001924
0.001900
0.001878
0.001860
0.001843
0.001831
0.001822
0.001817
0.001816
0.001819
0.001825
0.001836
0.001852
0.001874
0.001899
0.001930
0.001965
0.002004
0.002047
0.002094
0.002145
0.002200
0.002257
0.002318
0.002382
0.002449
0.002517
0.002587
0.002659
0.002732
0.002805
0.002879
0.002952
0.003025
0.003096
0.003165
0.003232
0.003297
0.003358
0.003418
0.003474
0.003526
0.003576
0.003623
0.003665
0.003701
0.003734
0.003763
0.003787
0.003807
0.003823
0.003835
0.003843
0.003847
0.003847
0.003843
0.003835
0.003824
0.003810
0.003792
0.003773
0.003751
0.003727
0.003702
0.003675
0.003648
0.003620
0.003591
0.003562
0.003533
0.003506
0.003478
0.003451
0.003426
0.003401
0.003380
0.003359
0.003340
0.003323
0.003307
0.003294
0.003283
0.003273
0.003267
0.003262
0.003258
0.003256
0.003256
0.003258
0.003261
0.003267
0.003273
0.003281
0.003290
0.003299
0.003311
0.003322
0.003335
0.003348
0.003361
0.003374
0.003388
0.003400
0.003411
0.003422
0.003431
0.003440
0.003448
0.003456
0.003462
0.003466
0.003469
0.003472
0.003473
0.003473
0.003474
0.003473
0.003471
0.003469
0.003466
0.003462
0.003458
0.003455
0.003450
0.003445
0.003442
0.003438
0.003434
0.003431
0.003428
0.003427
0.003427
0.003427
0.003428
0.003431
0.003437
0.003443
0.003450
0.003458
0.003469
0.003479
0.003493
0.003507
0.003522
0.003539
0.003556
0.003574
0.003594
0.003616
0.003637
0.003660
0.003682
0.003704
0.003726
0.003748
0.003771
0.003794
0.003816
0.003838
0.003858
0.003875
0.003893
0.003909
0.003922
0.003934
0.003942
0.003949
0.003954
0.003956
0.003954
0.003951
0.003945
0.003936
0.003925
0.003910
0.003893
0.003872
0.003849
0.003822
0.003794
0.003763
0.003730
0.003694
0.003656
0.003615
0.003572
0.003529
0.003484
0.003438
0.003392
0.003345
0.003298
0.003253
0.003208
0.003164
0.003120
0.003077
0.003035
0.002992
0.002951
0.002912
0.002876
0.002842
0.002808
0.002777
0.002748
0.002722
0.002696
0.002674
0.002654
0.002634
0.002618
0.002602
0.002590
0.002579
0.002570
0.002562
0.002556
0.002550
0.002545
0.002543
0.002540
0.002539
0.002537
0.002536
0.002536
0.002535
0.002535
0.002535
0.002535
0.002535
0.002534
0.002533
0.002533
0.002531
0.002530
0.002528
0.002526
0.002525
0.002525
0.002524
0.002524
0.002523
0.002524
0.002525
0.002528
0.002532
0.002537
0.002542
0.002549
0.002558
0.002568
0.002580
0.002592
0.002605
0.002620
0.002637
0.002656
0.002674
0.002694
0.002715
0.002738
0.002760
0.002785
0.002809
0.002833
0.002856
0.002879
0.002902
0.002924
0.002944
0.002963
0.002980
0.002996
0.003009
0.003019
0.003028
0.003032
0.003035
0.003034
0.003029
0.003022
0.003011
0.002997
0.002979
0.002956
0.002932
0.002904
0.002872
0.002837
0.002800
0.002758
0.002716
0.002670
0.002622
0.002574
0.002523
0.002470
0.002417
0.002362
0.002308
0.002254
0.002201
0.002147
0.002096
0.002045
0.001995
0.001948
0.001902
0.001857
0.001814
0.001773
0.001735
0.001699
0.001664
0.001631
0.001601
0.001574
0.001548
0.001523
0.001501
0.001480
0.001460
0.001442
0.001424
0.001408
0.001391
0.001377
0.001362
0.001346
0.001330
0.001315
0.001299
0.001282
0.001263
0.001244
0.001225
0.001205
0.001185
0.001164
0.001141
0.001117
0.001092
0.001067
0.001040
0.001013
0.000985
0.000957
0.000928
0.000900
0.000870
0.000840
0.000811
0.000782
0.000753
0.000725
0.000698
0.000673
0.000648
0.000625
0.000602
0.000581
0.000559
0.000539
0.000520
0.000501
0.000483
0.000466
0.000450
0.000434
0.000418
0.000403
0.000388
0.000374
0.000358
0.000343
0.000326
0.000310
0.000292
0.000274
0.000255
0.000236
0.000215
0.000194
0.000171
0.000147
0.000122
0.000097
0.000071
0.000044
0.000018
-0.000010
-0.000037
-0.000066
-0.000093
-0.000121
-0.000149
-0.000176
-0.000203
-0.000229
-0.000254
-0.000277
-0.000299
-0.000318
-0.000336
-0.000354
-0.000367
-0.000379
-0.000389
-0.000398
-0.000403
-0.000406
-0.000408
-0.000408
-0.000404
-0.000400
-0.000394
-0.000387
-0.000378
-0.000370
-0.000360
-0.000351
-0.000341
-0.000332
-0.000323
-0.000315
-0.000310
-0.000305
-0.000302
-0.000300
-0.000300
-0.000305
-0.000312
-0.000321
-0.000333
-0.000348
-0.000368
-0.000390
-0.000414
-0.000443
-0.000474
-0.000507
-0.000544
-0.000585
-0.000627
-0.000671
-0.000717
-0.000763
-0.000812
-0.000862
-0.000912
-0.000962
-0.001013
-0.001062
-0.001111
-0.001157
-0.001203
-0.001247
-0.001290
-0.001330
-0.001368
-0.001402
-0.001433
-0.001462
-0.001488
-0.001511
-0.001530
-0.001547
-0.001560
-0.001570
-0.001577
-0.001583
-0.001584
-0.001585
-0.001583
-0.001580
-0.001576
-0.001572
-0.001566
-0.001562
-0.001557
-0.001553
-0.001550
-0.001549
-0.001550
-0.001552
-0.001556
-0.001563
-0.001574
-0.001587
-0.001604
-0.001623
-0.001646
-0.001674
-0.001705
-0.001739
-0.001776
-0.001818
-0.001863
-0.001910
-0.001960
-0.002011
-0.002067
-0.002123
-0.002181
-0.002242
-0.002303
-0.002366
-0.002428
-0.002491
-0.002554
-0.002614
-0.002674
-0.002733
-0.002790
-0.002846
-0.002900
-0.002952
-0.003001
-0.003049
-0.003092
-0.003133
-0.003170
-0.003205
-0.003237
-0.003265
-0.003292
-0.003316
-0.003337
-0.003355
-0.003371
-0.003386
-0.003398
-0.003408
-0.003417
-0.003425
-0.003432
-0.003438
-0.003443
-0.003449
-0.003454
-0.003460
-0.003465
-0.003470
-0.003475
-0.003481
-0.003488
-0.003498
-0.003508
-0.003517
-0.003528
-0.003539
-0.003553
-0.003567
-0.003581
-0.003596
-0.003612
-0.003628
-0.003644
-0.003659
-0.003673
-0.003688
-0.003701
-0.003713
-0.003725
-0.003736
-0.003745
-0.003752
-0.003758
-0.003761
-0.003761
-0.003760
-0.003757
-0.003753
-0.003746
-0.003738
-0.003726
-0.003713
-0.003697
-0.003681
-0.003663
-0.003642
-0.003620
-0.003596
-0.003572
-0.003546
-0.003521
-0.003496
-0.003470
-0.003444
-0.003420
-0.003396
-0.003374
-0.003353
-0.003333
-0.003315
-0.003300
-0.003286
-0.003273
-0.003263
-0.003255
-0.003249
-0.003247
-0.003247
-0.003250
-0.003257
-0.003266
-0.003277
-0.003292
-0.003309
-0.003328
-0.003349
-0.003371
-0.003394
-0.003419
-0.003444
-0.003470
-0.003496
-0.003523
-0.003549
-0.003575
-0.003598
-0.003620
-0.003641
-0.003661
-0.003678
-0.003694
-0.003707
-0.003720
-0.003730
-0.003736
-0.003741
-0.003743
-0.003743
-0.003742
-0.003737
-0.003732
-0.003724
-0.003715
-0.003705
-0.003693
-0.003681
-0.003668
-0.003655
-0.003643
-0.003631
-0.003619
-0.003606
-0.003595
-0.003586
-0.003577
-0.003570
-0.003565
-0.003561
-0.003561
-0.003561
-0.003564
-0.003568
-0.003575
-0.003584
-0.003594
-0.003606
-0.003620
-0.003635
-0.003652
-0.003670
-0.003688
-0.003707
-0.003726
-0.003745
-0.003763
-0.003782
-0.003798
-0.003815
-0.003830
-0.003842
-0.003853
-0.003861
-0.003867
-0.003871
-0.003873
-0.003872
-0.003868
-0.003862
-0.003853
-0.003843
-0.003830
-0.003815
-0.003798
-0.003778
-0.003757
-0.003736
-0.003712
-0.003688
-0.003662
-0.003637
-0.003610
-0.003585
-0.003560
-0.003536
-0.003511
-0.003489
-0.003468
-0.003449
-0.003431
-0.003415
-0.003401
-0.003389
-0.003378
-0.003370
-0.003364
-0.003360
-0.003357
-0.003355
-0.003355
-0.003357
-0.003359
-0.003361
-0.003364
-0.003368
-0.003371
-0.003375
-0.003377
-0.003378
-0.003378
-0.003378
-0.003375
-0.003371
-0.003365
-0.003356
-0.003345
-0.003332
-0.003314
-0.003294
-0.003270
-0.003245
-0.003216
-0.003183
-0.003149
-0.003113
-0.003073
-0.003032
-0.002989
-0.002944
-0.002897
-0.002849
-0.002800
-0.002750
-0.002701
-0.002652
-0.002604
-0.002555
-0.002508
-0.002461
-0.002418
-0.002375
-0.002335
-0.002298
-0.002264
-0.002232
-0.002202
-0.002176
-0.002153
-0.002133
-0.002116
-0.002102
-0.002092
-0.002083
-0.002078
-0.002076
-0.002074
-0.002076
-0.002080
-0.002086
-0.002094
-0.002104
-0.002114
-0.002126
-0.002137
-0.002150
-0.002163
-0.002175
-0.002188
-0.002199
-0.002209
-0.002217
-0.002223
-0.002229
-0.002232
-0.002232
-0.002231
-0.002228
-0.002222
-0.002214
-0.002203
-0.002189
-0.002173
-0.002155
-0.002134
-0.002110
-0.002086
-0.002060
-0.002032
-0.002001
-0.001970
-0.001938
-0.001904
-0.001869
-0.001833
-0.001798
-0.001761
-0.001724
-0.001688
-0.001651
-0.001615
-0.001580
-0.001546
-0.001513
-0.001481
-0.001450
-0.001421
-0.001394
-0.001369
-0.001344
-0.001321
-0.001300
-0.001281
-0.001263
-0.001247
-0.001233
-0.001221
-0.001212
-0.001202
-0.001195
-0.001190
-0.001185
-0.001182
-0.001180
-0.001179
-0.001178
-0.001179
-0.001180
-0.001180
-0.001180
-0.001181
-0.001181
-0.001181
-0.001179
-0.001176
-0.001172
-0.001166
-0.001159
-0.001150
-0.001137
-0.001122
-0.001105
-0.001084
-0.001061
-0.001035
-0.001005
-0.000972
-0.000938
-0.000899
-0.000857
-0.000813
-0.000765
-0.000715
-0.000663
-0.000609
-0.000552
-0.000494
-0.000435
-0.000373
-0.000311
-0.000248
-0.000185
-0.000120
-0.000057
0.000006
0.000069
0.000130
0.000191
0.000249
0.000305
0.000358
0.000409
0.000455
0.000498
0.000538
0.000574
0.000606
0.000634
0.000659
0.000680
0.000697
0.000712
0.000721
0.000727
0.000729
0.000728
0.000724
0.000718
0.000708
0.000696
0.000682
0.000666
0.000649
0.000632
0.000616
0.000598
0.000582
0.000566
0.000552
0.000538
0.000526
0.000516
0.000509
0.000503
0.000500
0.000501
0.000506
0.000512
0.000520
0.000532
0.000547
0.000564
0.000584
0.000606
0.000629
0.000657
0.000686
0.000718
0.000750
0.000784
0.000819
0.000856
0.000892
0.000929
0.000967
0.001006
0.001043
0.001079
0.001116
0.001152
0.001187
0.001221
0.001254
0.001285
0.001314
0.001341
0.001367
0.001390
0.001413
0.001435
0.001454
0.001473
0.001490
0.001506
0.001520
0.001532
0.001543
0.001554
0.001564
0.001572
0.001581
0.001589
0.001598
0.001605
0.001613
0.001621
0.001629
0.001639
0.001650
0.001661
0.001674
0.001687
0.001700
0.001714
0.001729
0.001745
0.001762
0.001780
0.001800
0.001819
0.001839
0.001860
0.001881
0.001903
0.001927
0.001950
0.001973
0.001996
0.002019
0.002042
0.002066
0.002090
0.002113
0.002136
0.002159
0.002183
0.002206
0.002228
0.002251
0.002274
0.002296
0.002318
0.002340
0.002364
0.002387
0.002410
0.002433
0.002458
0.002483
0.002507
0.002532
0.002558
0.002584
0.002611
0.002637
0.002662
0.002690
0.002717
0.002744
0.002772
0.002800
0.002827
0.002856
0.002884
0.002913
0.002942
0.002970
0.002998
0.003026
0.003053
0.003080
0.003106
0.003130
0.003154
0.003176
0.003199
0.003220
0.003239
0.003256
0.003274
0.003289
0.003304
0.003317
0.003328
0.003338
0.003348
0.003355
0.003362
0.003367
0.003371
0.003374
0.003376
0.003378
0.003378
0.003378
0.003377
0.003376
0.003374
0.003374
0.003371
0.003371
0.003370
0.003369
0.003368
0.003368
0.003368
0.003369
0.003371
0.003371
0.003374
0.003378
0.003382
0.003387
0.003391
0.003397
0.003402
0.003409
0.003416
0.003425
0.003436
0.003445
0.003455
0.003465
0.003476
0.003487
0.003498
0.003509
0.003521
0.003532
0.003543
0.003555
0.003564
0.003575
0.003584
0.003594
0.003602
0.003611
0.003621
0.003631
0.003640
0.003649
0.003659
0.003669
0.003681
0.003692
0.003704
0.003717
0.003730
0.003744
0.003758
0.003773
0.003790
0.003806
0.003823
0.003842
0.003861
0.003882
0.003903
0.003926
0.003949
0.003971
0.003995
0.004018
0.004040
0.004062
0.004084
0.004104
0.004124
0.004143
0.004159
0.004175
0.004187
0.004197
0.004205
0.004210
0.004213
0.004213
0.004210
0.004204
0.004196
0.004184
0.004168
0.004150
0.004128
0.004104
0.004077
0.004046
0.004013
0.003978
0.003940
0.003899
0.003858
0.003814
0.003770
0.003724
0.003679
0.003631
0.003585
0.003539
0.003495
0.003451
0.003410
0.003370
0.003333
0.003299
0.003269
0.003241
0.003216
0.003195
0.003177
0.003163
0.003154
0.003147
0.003142
0.003143
0.003148
0.003156
0.003167
0.003181
0.003197
0.003216
0.003237
0.003260
0.003286
0.003312
0.003340
0.003368
0.003397
0.003427
0.003456
0.003484
0.003510
0.003534
0.003557
0.003579
0.003598
0.003615
0.003630
0.003642
0.003651
0.003658
0.003660
0.003662
0.003658
0.003652
0.003642
0.003631
0.003616
0.003598
0.003577
0.003555
0.003528
0.003501
0.003471
0.003440
0.003405
0.003368
0.003329
0.003288
0.003248
0.003204
0.003159
0.003114
0.003067
0.003021
0.002972
0.002925
0.002876
0.002827
0.002777
0.002729
0.002679
0.002629
0.002579
0.002530
0.002480
0.002432
0.002385
0.002339
0.002293
0.002249
0.002205
0.002164
0.002123
0.002084
0.002046
0.002012
0.001979
0.001950
0.001921
0.001896
0.001874
0.001854
0.001838
0.001825
0.001815
0.001810
0.001808
0.001809
0.001814
0.001821
0.001831
0.001846
0.001864
0.001884
0.001908
0.001934
0.001961
0.001990
0.002022
0.002054
0.002086
0.002120
0.002154
0.002188
0.002221
0.002253
0.002285
0.002314
0.002341
0.002366
0.002390
0.002410
0.002428
0.002441
0.002452
0.002460
0.002463
0.002464
0.002462
0.002456
0.002446
0.002432
0.002415
0.002396
0.002373
0.002347
0.002318
0.002288
0.002254
0.002218
0.002180
0.002140
0.002099
0.002055
0.002012
0.001967
0.001922
0.001878
0.001833
0.001789
0.001746
0.001702
0.001661
0.001619
0.001579
0.001541
0.001503
0.001467
0.001432
0.001398
0.001364
0.001333
0.001303
0.001273
0.001244
0.001216
0.001189
0.001162
0.001137
0.001113
0.001088
0.001063
0.001038
0.001015
0.000992
0.000968
0.000944
0.000921
0.000897
0.000872
0.000848
0.000821
0.000796
0.000772
0.000747
0.000722
0.000697
0.000672
0.000647
0.000623
0.000599
0.000576
0.000553
0.000531
0.000511
0.000492
0.000473
0.000456
0.000438
0.000423
0.000407
0.000392
0.000379
0.000367
0.000355
0.000345
0.000334
0.000323
0.000314
0.000305
0.000295
0.000285
0.000276
0.000266
0.000256
0.000245
0.000234
0.000224
0.000212
0.000199
0.000186
0.000172
0.000157
0.000141
0.000124
0.000107
0.000090
0.000071
0.000053
0.000035
0.000016
-0.000002
-0.000021
-0.000039
-0.000057
-0.000073
-0.000090
-0.000106
-0.000122
-0.000137
-0.000150
-0.000162
-0.000174
-0.000185
-0.000195
-0.000204
-0.000212
-0.000219
-0.000226
-0.000233
-0.000239
-0.000246
-0.000251
-0.000258
-0.000265
-0.000274
-0.000283
-0.000293
-0.000305
-0.000318
-0.000333
-0.000351
-0.000371
-0.000393
-0.000418
-0.000446
-0.000477
-0.000510
-0.000545
-0.000583
-0.000626
-0.000670
-0.000716
-0.000767
-0.000819
-0.000874
-0.000932
-0.000991
-0.001054
-0.001118
-0.001182
-0.001248
-0.001315
-0.001382
-0.001451
-0.001520
-0.001588
-0.001656
-0.001723
-0.001788
-0.001851
-0.001913
-0.001972
-0.002030
-0.002085
-0.002137
-0.002186
-0.002232
-0.002275
-0.002316
-0.002354
-0.002388
-0.002420
-0.002449
-0.002475
-0.002499
-0.002520
-0.002538
-0.002554
-0.002568
-0.002580
-0.002590
-0.002598
-0.002604
-0.002610
-0.002615
-0.002618
-0.002621
-0.002624
-0.002626
-0.002628
-0.002630
-0.002633
-0.002636
-0.002640
-0.002645
-0.002650
-0.002656
-0.002664
-0.002672
-0.002681
-0.002690
-0.002699
-0.002709
-0.002720
-0.002731
-0.002743
-0.002755
-0.002767
-0.002780
-0.002794
-0.002806
-0.002819
-0.002831
-0.002844
-0.002857
-0.002870
-0.002883
-0.002896
-0.002910
-0.002923
-0.002937
-0.002950
-0.002964
-0.002978
-0.002992
-0.003006
-0.003021
-0.003035
-0.003051
-0.003066
-0.003080
-0.003096
-0.003114
-0.003131
-0.003148
-0.003166
-0.003184
-0.003203
-0.003221
-0.003241
-0.003260
-0.003280
-0.003298
-0.003317
-0.003336
-0.003356
-0.003376
-0.003396
-0.003415
-0.003434
-0.003452
-0.003470
-0.003487
-0.003502
-0.003517
-0.003531
-0.003544
-0.003556
-0.003567
-0.003577
-0.003586
-0.003594
-0.003600
-0.003606
-0.003611
-0.003616
-0.003620
-0.003624
-0.003628
-0.003631
-0.003633
-0.003637
-0.003640
-0.003642
-0.003646
-0.003649
-0.003651
-0.003654
-0.003658
-0.003663
-0.003667
-0.003672
-0.003678
-0.003685
-0.003691
-0.003698
-0.003706
-0.003712
-0.003720
-0.003728
-0.003737
-0.003744
-0.003752
-0.003759
-0.003765
-0.003772
-0.003778
-0.003783
-0.003786
-0.003788
-0.003790
-0.003792
-0.003792
-0.003792
-0.003791
-0.003788
-0.003785
-0.003779
-0.003773
-0.003764
-0.003754
-0.003741
-0.003727
-0.003712
-0.003695
-0.003677
-0.003658
-0.003640
-0.003621
-0.003602
-0.003582
-0.003563
-0.003543
-0.003525
-0.003507
-0.003492
-0.003476
-0.003463
-0.003450
-0.003440
-0.003432
-0.003426
-0.003421
-0.003419
-0.003420
-0.003423
-0.003428
-0.003436
-0.003448
-0.003462
-0.003479
-0.003497
-0.003518
-0.003542
-0.003569
-0.003598
-0.003627
-0.003659
-0.003691
-0.003724
-0.003757
-0.003790
-0.003822
-0.003855
-0.003888
-0.003919
-0.003949
-0.003977
-0.004003
-0.004029
-0.004052
-0.004072
-0.004090
-0.004104
-0.004117
-0.004126
-0.004133
-0.004136
-0.004136
-0.004135
-0.004129
-0.004121
-0.004110
-0.004096
-0.004080
-0.004063
-0.004044
-0.004024
-0.004002
-0.003978
-0.003955
-0.003931
-0.003906
-0.003881
-0.003855
-0.003831
-0.003806
-0.003782
-0.003760
-0.003738
-0.003718
-0.003700
-0.003682
-0.003667
-0.003651
-0.003637
-0.003625
-0.003613
-0.003603
-0.003595
-0.003586
-0.003579
-0.003573
-0.003566
-0.003560
-0.003555
-0.003549
-0.003542
-0.003535
-0.003527
-0.003518
-0.003509
-0.003499
-0.003488
-0.003475
-0.003461
-0.003446
-0.003429
-0.003410
-0.003390
-0.003367
-0.003345
-0.003319
-0.003292
-0.003264
-0.003233
-0.003202
-0.003170
-0.003138
-0.003104
-0.003071
-0.003037
-0.003003
-0.002970
-0.002937
-0.002905
-0.002874
-0.002846
-0.002819
-0.002795
-0.002773
-0.002753
-0.002736
-0.002722
-0.002712
-0.002703
-0.002698
-0.002695
-0.002695
-0.002699
-0.002707
-0.002717
-0.002731
-0.002746
-0.002764
-0.002783
-0.002804
-0.002827
-0.002851
-0.002877
-0.002903
-0.002930
-0.002957
-0.002984
-0.003011
-0.003038
-0.003064
-0.003089
-0.003111
-0.003132
-0.003150
-0.003167
-0.003180
-0.003191
-0.003199
-0.003203
-0.003203
-0.003200
-0.003193
-0.003183
-0.003169
-0.003153
-0.003133
-0.003109
-0.003080
-0.003049
-0.003013
-0.002975
-0.002933
-0.002888
-0.002841
-0.002791
-0.002739
-0.002685
-0.002629
-0.002571
-0.002513
-0.002452
-0.002391
-0.002330
-0.002269
-0.002207
-0.002147
-0.002088
-0.002030
-0.001972
-0.001917
-0.001864
-0.001813
-0.001764
-0.001717
-0.001673
-0.001632
-0.001594
-0.001559
-0.001527
-0.001497
-0.001470
-0.001446
-0.001423
-0.001404
-0.001387
-0.001374
-0.001362
-0.001352
-0.001343
-0.001338
-0.001333
-0.001330
-0.001327
-0.001326
-0.001325
-0.001326
-0.001325
-0.001326
-0.001325
-0.001325
-0.001324
-0.001321
-0.001319
-0.001315
-0.001310
-0.001302
-0.001295
-0.001285
-0.001273
-0.001259
-0.001242
-0.001224
-0.001204
-0.001183
-0.001157
-0.001132
-0.001105
-0.001075
-0.001045
-0.001011
-0.000977
-0.000940
-0.000902
-0.000862
-0.000821
-0.000780
-0.000736
-0.000692
-0.000648
-0.000602
-0.000556
-0.000508
-0.000461
-0.000413
-0.000366
-0.000318
-0.000271
-0.000224
-0.000176
-0.000130
-0.000085
-0.000041
0.000003
0.000045
0.000087
0.000127
0.000167
0.000205
0.000241
0.000276
0.000310
0.000342
0.000374
0.000404
0.000434
0.000462
0.000488
0.000512
0.000535
0.000558
0.000581
0.000602
0.000622
0.000642
0.000661
0.000681
0.000701
0.000720
0.000740
0.000760
0.000779
0.000799
0.000820
0.000840
0.000861
0.000882
0.000904
0.000926
0.000949
0.000972
0.000996
0.001022
0.001048
0.001076
0.001103
0.001132
0.001159
0.001188
0.001216
0.001245
0.001275
0.001304
0.001334
0.001363
0.001392
0.001422
0.001450
0.001477
0.001504
0.001530
0.001555
0.001579
0.001602
0.001626
0.001646
0.001667
0.001687
0.001706
0.001725
0.001742
0.001756
0.001771
0.001785
0.001797
0.001807
0.001818
0.001827
0.001834
0.001842
0.001849
0.001856
0.001863
0.001870
0.001876
0.001883
0.001889
0.001896
0.001904
0.001913
0.001922
0.001931
0.001941
0.001952
0.001964
0.001977
0.001991
0.002007
0.002022
0.002040
0.002059
0.002080
0.002103
0.002127
0.002152
0.002178
0.002206
0.002235
0.002264
0.002295
0.002328
0.002360
0.002393
0.002427
0.002461
0.002496
0.002531
0.002567
0.002604
0.002638
0.002674
0.002710
0.002743
0.002777
0.002810
0.002843
0.002875
0.002907
0.002938
0.002969
0.002999
0.003028
0.003057
0.003086
0.003114
0.003142
0.003171
0.003198
0.003226
0.003255
0.003284
0.003314
0.003344
0.003374
0.003405
0.003436
0.003469
0.003502
0.003537
0.003573
0.003607
0.003645
0.003682
0.003719
0.003757
0.003796
0.003834
0.003872
0.003910
0.003947
0.003981
0.004016
0.004050
0.004081
0.004111
0.004139
0.004166
0.004190
0.004211
0.004229
0.004244
0.004257
0.004267
0.004273
0.004277
0.004277
0.004275
0.004269
0.004260
0.004249
0.004235
0.004218
0.004199
0.004178
0.004155
0.004131
0.004104
0.004077
0.004049
0.004020
0.003992
0.003965
0.003937
0.003912
0.003887
0.003863
0.003841
0.003822
0.003805
0.003790
0.003777
0.003767
0.003758
0.003753
0.003750
0.003751
0.003755
0.003761
0.003769
0.003780
0.003793
0.003808
0.003826
0.003844
0.003864
0.003885
0.003907
0.003930
0.003954
0.003979
0.004002
0.004024
0.004045
0.004066
0.004086
0.004106
0.004123
0.004138
0.004152
0.004164
0.004175
0.004184
0.004191
0.004199
0.004204
0.004207
0.004210
0.004212
0.004212
0.004213
0.004212
0.004211
0.004209
0.004208
0.004207
0.004207
0.004208
0.004209
0.004211
0.004214
0.004217
0.004222
0.004230
0.004237
0.004246
0.004257
0.004268
0.004281
0.004296
0.004312
0.004329
0.004347
0.004365
0.004384
0.004404
0.004423
0.004444
0.004464
0.004483
0.004501
0.004518
0.004535
0.004550
0.004563
0.004575
0.004587
0.004595
0.004603
0.004610
0.004614
0.004616
0.004615
0.004613
0.004609
0.004602
0.004593
0.004584
0.004572
0.004556
0.004540
0.004522
0.004503
0.004483
0.004461
0.004439
0.004416
0.004394
0.004371
0.004348
0.004326
0.004303
0.004279
0.004256
0.004234
0.004212
0.004190
0.004168
0.004147
0.004127
0.004107
0.004087
0.004069
0.004050
0.004031
0.004012
0.003993
0.003974
0.003955
0.003936
0.003918
0.003898
0.003877
0.003856
0.003834
0.003811
0.003786
0.003762
0.003735
0.003707
0.003680
0.003651
0.003621
0.003591
0.003561
0.003529
0.003497
0.003465
0.003433
0.003401
0.003369
0.003336
0.003305
0.003274
0.003242
0.003210
0.003180
0.003150
0.003121
0.003092
0.003064
0.003038
0.003012
0.002988
0.002964
0.002941
0.002919
0.002899
0.002879
0.002860
0.002841
0.002822
0.002805
0.002788
0.002771
0.002755
0.002738
0.002722
0.002706
0.002689
0.002671
0.002654
0.002637
0.002621
0.002605
0.002588
0.002571
0.002555
0.002537
0.002520
0.002503
0.002486
0.002470
0.002453
0.002436
0.002419
0.002403
0.002389
0.002374
0.002359
0.002344
0.002331
0.002318
0.002306
0.002294
0.002283
0.002274
0.002264
0.002255
0.002246
0.002238
0.002230
0.002221
0.002212
0.002202
0.002193
0.002183
0.002172
0.002161
0.002148
0.002134
0.002119
0.002103
0.002087
0.002069
0.002049
0.002029
0.002008
0.001986
0.001961
0.001936
0.001910
0.001882
0.001854
0.001825
0.001795
0.001764
0.001733
0.001701
0.001670
0.001638
0.001606
0.001575
0.001545
0.001517
0.001488
0.001460
0.001433
0.001408
0.001383
0.001362
0.001342
0.001324
0.001306
0.001292
0.001279
0.001267
0.001257
0.001249
0.001241
0.001234
0.001227
0.001222
0.001217
0.001210
0.001205
0.001199
0.001193
0.001186
0.001176
0.001165
0.001154
0.001142
0.001127
0.001110
0.001091
0.001069
0.001044
0.001017
0.000986
0.000953
0.000919
0.000882
0.000841
0.000800
0.000754
0.000708
0.000659
0.000609
0.000557
0.000504
0.000450
0.000396
0.000340
0.000285
0.000230
0.000175
0.000120
0.000067
0.000015
-0.000033
-0.000081
-0.000126
-0.000167
-0.000207
-0.000243
-0.000277
-0.000308
-0.000334
-0.000359
-0.000381
-0.000398
-0.000412
-0.000424
-0.000432
-0.000438
-0.000441
-0.000442
-0.000441
-0.000436
-0.000431
-0.000425
-0.000418
-0.000412
-0.000406
-0.000399
-0.000393
-0.000387
-0.000382
-0.000380
-0.000380
-0.000383
-0.000389
-0.000396
-0.000407
-0.000420
-0.000437
-0.000457
-0.000480
-0.000507
-0.000537
-0.000569
-0.000605
-0.000643
-0.000685
-0.000729
-0.000776
-0.000824
-0.000874
-0.000926
-0.000978
-0.001033
-0.001088
-0.001143
-0.001197
-0.001251
-0.001305
-0.001360
-0.001414
-0.001465
-0.001515
-0.001563
-0.001609
-0.001653
-0.001695
-0.001733
-0.001769
-0.001803
-0.001833
-0.001861
-0.001885
-0.001908
-0.001927
-0.001944
-0.001957
-0.001968
-0.001977
-0.001984
-0.001990
-0.001995
-0.001997
-0.001999
-0.002000
-0.001999
-0.001999
-0.001998
-0.001997
-0.001998
-0.001998
-0.002000
-0.002004
-0.002008
-0.002012
-0.002019
-0.002028
-0.002038
-0.002049
-0.002063
-0.002079
-0.002097
-0.002115
-0.002135
-0.002157
-0.002181
-0.002205
-0.002231
-0.002258
-0.002286
-0.002315
-0.002343
-0.002374
-0.002405
-0.002435
-0.002464
-0.002494
-0.002523
-0.002550
-0.002577
-0.002602
-0.002626
-0.002649
-0.002669
-0.002688
-0.002705
-0.002720
-0.002733
-0.002742
-0.002750
-0.002755
-0.002759
-0.002759
-0.002759
-0.002755
-0.002748
-0.002741
-0.002730
-0.002718
-0.002704
-0.002690
-0.002674
-0.002655
-0.002637
-0.002619
-0.002599
-0.002580
-0.002561
-0.002544
-0.002528
-0.002512
-0.002499
-0.002487
-0.002476
-0.002468
-0.002462
-0.002459
-0.002457
-0.002459
-0.002465
-0.002472
-0.002482
-0.002496
-0.002512
-0.002529
-0.002551
-0.002576
-0.002603
-0.002632
-0.002663
-0.002697
-0.002732
-0.002768
-0.002806
-0.002845
-0.002884
-0.002925
-0.002966
-0.003007
-0.003048
-0.003087
-0.003127
-0.003165
-0.003202
-0.003236
-0.003269
-0.003302
-0.003333
-0.003361
-0.003387
-0.003411
-0.003432
-0.003451
-0.003467
-0.003481
-0.003494
-0.003504
-0.003512
-0.003520
-0.003525
-0.003530
-0.003533
-0.003534
-0.003536
-0.003538
-0.003538
-0.003538
-0.003538
-0.003539
-0.003540
-0.003541
-0.003542
-0.003545
-0.003550
-0.003554
-0.003559
-0.003565
-0.003573
-0.003581
-0.003590
-0.003601
-0.003614
-0.003625
-0.003639
-0.003652
-0.003667
-0.003683
-0.003699
-0.003715
-0.003730
-0.003748
-0.003762
-0.003777
-0.003792
-0.003805
-0.003818
-0.003830
-0.003840
-0.003848
-0.003855
-0.003859
-0.003862
-0.003863
-0.003863
-0.003860
-0.003856
-0.003850
-0.003843
-0.003834
-0.003823
-0.003810
-0.003795
-0.003779
-0.003763
-0.003746
-0.003729
-0.003712
-0.003695
-0.003678
-0.003661
-0.003645
-0.003631
-0.003617
-0.003604
-0.003593
-0.003584
-0.003577
-0.003571
-0.003568
-0.003565
-0.003566
-0.003568
-0.003572
-0.003578
-0.003585
-0.003596
-0.003608
-0.003622
-0.003639
-0.003656
-0.003674
-0.003694
-0.003715
-0.003737
-0.003759
-0.003781
-0.003803
-0.003826
-0.003849
-0.003872
-0.003894
-0.003917
-0.003938
-0.003957
-0.003976
-0.003995
-0.004012
-0.004027
-0.004042
-0.004055
-0.004066
-0.004076
-0.004086
-0.004093
-0.004098
-0.004102
-0.004107
-0.004110
-0.004113
-0.004112
-0.004112
-0.004112
-0.004109
-0.004106
-0.004102
-0.004098
-0.004093
-0.004087
-0.004080
-0.004074
-0.004066
-0.004058
-0.004050
-0.004042
-0.004032
-0.004022
-0.004011
-0.004000
-0.003988
-0.003975
-0.003962
-0.003948
-0.003934
-0.003918
-0.003901
-0.003882
-0.003862
-0.003841
-0.003818
-0.003794
-0.003769
-0.003742
-0.003712
-0.003681
-0.003649
-0.003613
-0.003578
-0.003540
-0.003502
-0.003462
-0.003422
-0.003380
-0.003338
-0.003295
-0.003252
-0.003207
-0.003162
-0.003119
-0.003075
-0.003033
-0.002990
-0.002948
-0.002907
-0.002868
-0.002829
-0.002792
-0.002756
-0.002723
-0.002691
-0.002661
-0.002634
-0.002609
-0.002586
-0.002565
-0.002546
-0.002528
-0.002514
-0.002501
-0.002491
-0.002482
-0.002475
-0.002470
-0.002466
-0.002464
-0.002462
-0.002461
-0.002461
-0.002462
-0.002462
-0.002463
-0.002462
-0.002461
-0.002459
-0.002456
-0.002453
-0.002448
-0.002441
-0.002433
-0.002422
-0.002410
-0.002396
-0.002378
-0.002359
-0.002338
-0.002314
-0.002287
-0.002257
-0.002223
-0.002188
-0.002151
-0.002110
-0.002067
-0.002023
-0.001976
-0.001927
-0.001876
-0.001825
-0.001771
-0.001716
-0.001661
-0.001604
-0.001549
-0.001493
-0.001437
-0.001381
-0.001326
-0.001271
-0.001218
-0.001165
-0.001114
-0.001067
-0.001021
-0.000979
-0.000939
-0.000903
-0.000868
-0.000838
-0.000810
-0.000787
-0.000770
-0.000756
-0.000745
-0.000737
-0.000736
-0.000738
-0.000744
-0.000753
-0.000766
-0.000783
-0.000802
-0.000823
-0.000847
-0.000872
-0.000900
-0.000930
-0.000960
-0.000992
-0.001022
-0.001054
-0.001084
-0.001115
-0.001144
-0.001172
-0.001197
-0.001220
-0.001241
-0.001260
-0.001275
-0.001287
-0.001296
-0.001302
-0.001304
-0.001303
-0.001298
-0.001290
-0.001278
-0.001263
-0.001243
-0.001220
-0.001194
-0.001164
-0.001131
-0.001095
-0.001057
-0.001017
-0.000975
-0.000931
-0.000885
-0.000837
-0.000790
-0.000740
-0.000691
-0.000641
-0.000592
-0.000542
-0.000494
-0.000446
-0.000399
-0.000352
-0.000305
-0.000260
-0.000215
-0.000171
-0.000129
-0.000087
-0.000046
-0.000007
0.000030
0.000067
0.000103
0.000137
0.000168
0.000199
0.000230
0.000260
0.000287
0.000315
0.000340
0.000364
0.000386
0.000408
0.000428
0.000447
0.000465
0.000483
0.000499
0.000514
0.000528
0.000542
0.000554
0.000566
0.000576
0.000585
0.000593
0.000601
0.000607
0.000613
0.000619
0.000622
0.000626
0.000630
0.000633
0.000636
0.000639
0.000641
0.000643
0.000646
0.000649
0.000653
0.000659
0.000664
0.000670
0.000677
0.000686
0.000698
0.000710
0.000725
0.000741
0.000760
0.000780
0.000803
0.000828
0.000857
0.000888
0.000921
0.000957
0.000996
0.001037
0.001080
0.001126
0.001175
0.001225
0.001278
0.001332
0.001389
0.001446
0.001505
0.001565
0.001626
0.001689
0.001752
0.001814
0.001876
0.001939
0.002001
0.002061
0.002120
0.002179
0.002236
0.002291
0.002345
0.002396
0.002447
0.002494
0.002539
0.002582
0.002622
0.002662
0.002698
0.002732
0.002764
0.002793
0.002819
0.002845
0.002867
0.002887
0.002904
0.002919
0.002934
0.002946
0.002955
0.002964
0.002971
0.002975
0.002978
0.002980
0.002981
0.002980
0.002977
0.002973
0.002968
0.002961
0.002954
0.002946
0.002937
0.002927
0.002916
0.002906
0.002896
0.002885
0.002873
0.002862
0.002851
0.002840
0.002829
0.002820
0.002810
0.002800
0.002793
0.002786
0.002780
0.002776
0.002774
0.002772
0.002772
0.002774
0.002776
0.002780
0.002786
0.002794
0.002804
0.002815
0.002829
0.002844
0.002861
0.002882
0.002902
0.002925
0.002951
0.002977
0.003006
0.003035
0.003065
0.003097
0.003129
0.003162
0.003197
0.003233
0.003269
0.003305
0.003341
0.003377
0.003413
0.003448
0.003482
0.003516
0.003549
0.003581
0.003610
0.003639
0.003667
0.003693
0.003719
0.003743
0.003766
0.003789
0.003810
0.003832
0.003852
0.003872
0.003892
0.003910
0.003928
0.003945
0.003962
0.003979
0.003996
0.004014
0.004031
0.004049
0.004068
0.004088
0.004108
0.004129
0.004150
0.004172
0.004193
0.004216
0.004238
0.004259
0.004282
0.004302
0.004322
0.004342
0.004360
0.004377
0.004391
0.004404
0.004414
0.004422
0.004428
0.004432
0.004432
0.004431
0.004426
0.004417
0.004405
0.004389
0.004369
0.004346
0.004319
0.004289
0.004256
0.004221
0.004183
0.004143
0.004100
0.004056
0.004009
0.003963
0.003918
0.003871
0.003826
0.003781
0.003738
0.003698
0.003660
0.003625
0.003592
0.003563
0.003539
0.003518
0.003501
0.003488
0.003481
0.003477
0.003478
0.003483
0.003493
0.003507
0.003525
0.003548
0.003574
0.003605
0.003637
0.003672
0.003709
0.003748
0.003788
0.003829
0.003870
0.003909
0.003948
0.003985
0.004020
0.004052
0.004081
0.004106
0.004128
0.004145
0.004157
0.004165
0.004169
0.004168
0.004161
0.004150
0.004133
0.004110
0.004083
0.004050
0.004013
0.003970
0.003924
0.003874
0.003821
0.003763
0.003704
0.003641
0.003577
0.003511
0.003444
0.003377
0.003309
0.003241
0.003174
0.003107
0.003044
0.002981
0.002921
0.002863
0.002808
0.002756
0.002708
0.002662
0.002620
0.002582
0.002548
0.002516
0.002488
0.002464
0.002444
0.002427
0.002414
0.002405
0.002397
0.002393
0.002390
0.002389
0.002391
0.002394
0.002398
0.002404
0.002410
0.002416
0.002424
0.002431
0.002439
0.002446
0.002452
0.002460
0.002465
0.002470
0.002475
0.002479
0.002481
0.002484
0.002484
0.002484
0.002484
0.002482
0.002478
0.002474
0.002468
0.002462
0.002455
0.002447
0.002439
0.002431
0.002422
0.002413
0.002403
0.002394
0.002384
0.002374
0.002364
0.002354
0.002344
0.002334
0.002324
0.002314
0.002304
0.002294
0.002284
0.002274
0.002263
0.002251
0.002240
0.002228
0.002215
0.002203
0.002190
0.002177
0.002163
0.002149
0.002134
0.002119
0.002103
0.002088
0.002070
0.002053
0.002036
0.002019
0.002001
0.001983
0.001966
0.001949
0.001931
0.001914
0.001896
0.001877
0.001860
0.001844
0.001828
0.001812
0.001796
0.001781
0.001766
0.001753
0.001739
0.001727
0.001715
0.001703
0.001692
0.001682
0.001673
0.001664
0.001656
0.001647
0.001640
0.001634
0.001627
0.001621
0.001615
0.001609
0.001603
0.001598
0.001591
0.001583
0.001575
0.001566
0.001558
0.001548
0.001537
0.001525
0.001512
0.001498
0.001482
0.001466
0.001448
0.001430
0.001409
0.001387
0.001363
0.001337
0.001310
0.001281
0.001250
0.001218
0.001185
0.001149
0.001113
0.001076
0.001038
0.000999
0.000959
0.000918
0.000876
0.000835
0.000793
0.000750
0.000707
0.000664
0.000622
0.000581
0.000540
0.000500
0.000461
0.000423
0.000385
0.000350
0.000316
0.000285
0.000255
0.000227
0.000200
0.000176
0.000155
0.000136
0.000119
0.000107
0.000097
0.000088
0.000082
0.000079
0.000077
0.000079
0.000082
0.000087
0.000093
0.000101
0.000109
0.000118
0.000128
0.000138
0.000149
0.000158
0.000168
0.000176
0.000183
0.000189
0.000193
0.000194
0.000193
0.000190
0.000185
0.000175
0.000163
0.000148
0.000128
0.000107
0.000082
0.000053
0.000022
-0.000013
-0.000051
-0.000092
-0.000134
-0.000179
-0.000225
-0.000273
-0.000321
-0.000372
-0.000423
-0.000474
-0.000526
-0.000577
-0.000627
-0.000676
-0.000724
-0.000769
-0.000812
-0.000853
-0.000891
-0.000925
-0.000954
-0.000982
-0.001005
-0.001025
-0.001042
-0.001055
-0.001065
-0.001071
-0.001074
-0.001074
-0.001072
-0.001068
-0.001062
-0.001053
-0.001045
-0.001036
-0.001026
-0.001018
-0.001009
-0.001000
-0.000993
-0.000990
-0.000988
-0.000988
-0.000991
-0.000998
-0.001008
-0.001021
-0.001039
-0.001061
-0.001087
-0.001119
-0.001153
-0.001193
-0.001237
-0.001285
-0.001336
-0.001393
-0.001451
-0.001513
-0.001576
-0.001642
-0.001710
-0.001779
-0.001848
-0.001916
-0.001984
-0.002050
-0.002115
-0.002179
-0.002241
-0.002299
-0.002355
-0.002408
-0.002456
-0.002500
-0.002541
-0.002577
-0.002607
-0.002633
-0.002655
-0.002672
-0.002683
-0.002691
-0.002695
-0.002695
-0.002691
-0.002685
-0.002676
-0.002664
-0.002650
-0.002634
-0.002618
-0.002601
-0.002584
-0.002568
-0.002553
-0.002540
-0.002527
-0.002518
-0.002510
-0.002505
-0.002505
-0.002507
-0.002512
-0.002521
-0.002533
-0.002549
-0.002571
-0.002596
-0.002626
-0.002658
-0.002694
-0.002732
-0.002774
-0.002819
-0.002865
-0.002914
-0.002964
-0.003014
-0.003065
-0.003116
-0.003167
-0.003218
-0.003267
-0.003315
-0.003362
-0.003406
-0.003448
-0.003488
-0.003527
-0.003563
-0.003595
-0.003625
-0.003651
-0.003675
-0.003695
-0.003714
-0.003728
-0.003740
-0.003750
-0.003757
-0.003762
-0.003765
-0.003767
-0.003767
-0.003766
-0.003763
-0.003759
-0.003755
-0.003750
-0.003747
-0.003744
-0.003740
-0.003737
-0.003734
-0.003732
-0.003732
-0.003733
-0.003735
-0.003736
-0.003739
-0.003743
-0.003748
-0.003753
-0.003758
-0.003766
-0.003774
-0.003782
-0.003790
-0.003798
-0.003806
-0.003813
-0.003821
-0.003828
-0.003834
-0.003840
-0.003845
-0.003849
-0.003854
-0.003857
-0.003860
-0.003861
-0.003863
-0.003863
-0.003862
-0.003861
-0.003860
-0.003858
-0.003856
-0.003854
-0.003850
-0.003847
-0.003844
-0.003842
-0.003839
-0.003838
-0.003836
-0.003834
-0.003833
-0.003832
-0.003834
-0.003834
-0.003836
-0.003839
-0.003844
-0.003848
-0.003851
-0.003856
-0.003861
-0.003867
-0.003872
-0.003877
-0.003881
-0.003884
-0.003887
-0.003889
-0.003891
-0.003892
-0.003891
-0.003888
-0.003884
-0.003878
-0.003871
-0.003862
-0.003851
-0.003839
-0.003827
-0.003812
-0.003795
-0.003778
-0.003762
-0.003742
-0.003721
-0.003700
-0.003679
-0.003657
-0.003635
-0.003613
-0.003592
-0.003572
-0.003552
-0.003532
-0.003516
-0.003499
-0.003487
-0.003476
-0.003466
-0.003459
-0.003455
-0.003454
-0.003456
-0.003460
-0.003464
-0.003473
-0.003484
-0.003498
-0.003513
-0.003531
-0.003551
-0.003573
-0.003594
-0.003619
-0.003643
-0.003668
-0.003694
-0.003721
-0.003748
-0.003773
-0.003796
-0.003820
-0.003840
-0.003860
-0.003879
-0.003894
-0.003906
-0.003917
-0.003924
-0.003927
-0.003928
-0.003924
-0.003918
-0.003906
-0.003891
-0.003873
-0.003850
-0.003823
-0.003793
-0.003758
-0.003720
-0.003679
-0.003636
-0.003589
-0.003539
-0.003487
-0.003432
-0.003376
-0.003318
-0.003260
-0.003200
-0.003139
-0.003078
-0.003017
-0.002957
-0.002897
-0.002839
-0.002783
-0.002728
-0.002674
-0.002625
-0.002577
-0.002532
-0.002491
-0.002452
-0.002417
-0.002384
-0.002354
-0.002329
-0.002306
-0.002287
-0.002273
-0.002263
-0.002256
-0.002252
-0.002252
-0.002254
-0.002259
-0.002268
-0.002278
-0.002291
-0.002306
-0.002324
-0.002343
-0.002362
-0.002383
-0.002406
-0.002429
-0.002453
-0.002476
-0.002498
-0.002521
-0.002543
-0.002563
-0.002581
-0.002598
-0.002613
-0.002626
-0.002637
-0.002646
-0.002653
-0.002657
-0.002659
-0.002656
-0.002652
-0.002644
-0.002635
-0.002622
-0.002605
-0.002586
-0.002563
-0.002539
-0.002511
-0.002480
-0.002447
-0.002411
-0.002374
-0.002334
-0.002293
-0.002249
-0.002205
-0.002161
-0.002116
-0.002070
-0.002025
-0.001980
-0.001935
-0.001892
-0.001850
-0.001807
-0.001766
-0.001728
-0.001689
-0.001653
-0.001620
-0.001588
-0.001558
-0.001529
-0.001504
-0.001481
-0.001459
-0.001440
-0.001422
-0.001407
-0.001392
-0.001380
-0.001369
-0.001358
-0.001349
-0.001340
-0.001333
-0.001325
-0.001317
-0.001310
-0.001300
-0.001290
-0.001280
-0.001269
-0.001257
-0.001243
-0.001226
-0.001209
-0.001189
-0.001168
-0.001145
-0.001121
-0.001094
-0.001065
-0.001034
-0.001003
-0.000969
-0.000933
-0.000896
-0.000860
-0.000822
-0.000783
-0.000743
-0.000703
-0.000663
-0.000623
-0.000584
-0.000545
-0.000506
-0.000468
-0.000431
-0.000396
-0.000362
-0.000330
-0.000300
-0.000272
-0.000244
-0.000220
-0.000198
-0.000178
-0.000161
-0.000145
-0.000130
-0.000119
-0.000108
-0.000102
-0.000097
-0.000094
-0.000093
-0.000093
-0.000094
-0.000096
-0.000100
-0.000103
-0.000110
-0.000116
-0.000123
-0.000129
-0.000136
-0.000141
-0.000145
-0.000149
-0.000153
-0.000156
-0.000156
-0.000155
-0.000153
-0.000149
-0.000144
-0.000136
-0.000128
-0.000117
-0.000105
-0.000091
-0.000073
-0.000054
-0.000033
-0.000010
0.000016
0.000043
0.000072
0.000103
0.000136
0.000172
0.000209
0.000248
0.000287
0.000329
0.000372
0.000415
0.000458
0.000503
0.000549
0.000596
0.000642
0.000689
0.000737
0.000785
0.000832
0.000880
0.000928
0.000976
0.001023
0.001071
0.001117
0.001163
0.001210
0.001255
0.001299
0.001342
0.001384
0.001426
0.001467
0.001506
0.001544
0.001582
0.001618
0.001653
0.001686
0.001717
0.001746
0.001775
0.001801
0.001826
0.001848
0.001872
0.001893
0.001911
0.001929
0.001947
0.001962
0.001976
0.001990
0.002002
0.002013
0.002022
0.002031
0.002039
0.002046
0.002052
0.002056
0.002060
0.002062
0.002065
0.002066
0.002066
0.002068
0.002069
0.002069
0.002068
0.002068
0.002066
0.002066
0.002064
0.002063
0.002062
0.002061
0.002060
0.002059
0.002060
0.002060
0.002060
0.002060
0.002061
0.002064
0.002067
0.002071
0.002075
0.002080
0.002086
0.002094
0.002103
0.002114
0.002125
0.002139
0.002154
0.002171
0.002190
0.002211
0.002234
0.002258
0.002284
0.002313
0.002343
0.002375
0.002408
0.002444
0.002481
0.002519
0.002560
0.002602
0.002646
0.002691
0.002736
0.002783
0.002831
0.002880
0.002929
0.002979
0.003028
0.003077
0.003126
0.003174
0.003222
0.003268
0.003312
0.003356
0.003398
0.003438
0.003477
0.003513
0.003548
0.003580
0.003610
0.003638
0.003663
0.003686
0.003706
0.003725
0.003741
0.003755
0.003765
0.003773
0.003780
0.003784
0.003787
0.003787
0.003785
0.003782
0.003777
0.003772
0.003764
0.003757
0.003748
0.003741
0.003732
0.003724
0.003714
0.003707
0.003698
0.003689
0.003682
0.003674
0.003666
0.003659
0.003653
0.003648
0.003643
0.003639
0.003637
0.003635
0.003634
0.003635
0.003635
0.003637
0.003639
0.003641
0.003644
0.003648
0.003650
0.003654
0.003656
0.003659
0.003662
0.003664
0.003666
0.003667
0.003667
0.003668
0.003668
0.003668
0.003667
0.003666
0.003665
0.003664
0.003662
0.003660
0.003658
0.003655
0.003653
0.003651
0.003647
0.003645
0.003643
0.003642
0.003641
0.003642
0.003643
0.003645
0.003648
0.003652
0.003656
0.003662
0.003669
0.003678
0.003688
0.003698
0.003711
0.003725
0.003739
0.003755
0.003770
0.003786
0.003802
0.003820
0.003838
0.003856
0.003873
0.003892
0.003910
0.003927
0.003944
0.003961
0.003977
0.003991
0.004004
0.004017
0.004028
0.004038
0.004045
0.004051
0.004057
0.004061
0.004064
0.004064
0.004063
0.004060
0.004055
0.004048
0.004039
0.004028
0.004016
0.004003
0.003987
0.003970
0.003953
0.003934
0.003913
0.003892
0.003869
0.003846
0.003823
0.003798
0.003771
0.003745
0.003718
0.003692
0.003665
0.003638
0.003612
0.003586
0.003561
0.003537
0.003513
0.003488
0.003466
0.003445
0.003425
0.003406
0.003388
0.003372
0.003356
0.003342
0.003330
0.003320
0.003310
0.003302
0.003296
0.003291
0.003289
0.003287
0.003288
0.003291
0.003295
0.003300
0.003308
0.003316
0.003327
0.003339
0.003351
0.003365
0.003380
0.003396
0.003412
0.003428
0.003445
0.003462
0.003479
0.003496
0.003513
0.003528
0.003545
0.003560
0.003574
0.003586
0.003598
0.003610
0.003620
0.003628
0.003635
0.003639
0.003643
0.003644
0.003644
0.003642
0.003638
0.003631
0.003622
0.003611
0.003600
0.003584
0.003567
0.003547
0.003525
0.003503
0.003478
0.003451
0.003423
0.003392
0.003360
0.003328
0.003295
0.003261
0.003226
0.003192
0.003158
0.003122
0.003088
0.003053
0.003019
0.002986
0.002953
0.002922
0.002891
0.002862
0.002835
0.002809
0.002783
0.002760
0.002737
0.002716
0.002696
0.002677
0.002661
0.002646
0.002632
0.002619
0.002607
0.002596
0.002587
0.002580
0.002572
0.002564
0.002557
0.002551
0.002545
0.002539
0.002533
0.002527
0.002521
0.002514
0.002509
0.002503
0.002496
0.002489
0.002482
0.002473
0.002464
0.002455
0.002446
0.002437
0.002426
0.002415
0.002404
0.002394
0.002382
0.002370
0.002356
0.002343
0.002329
0.002314
0.002300
0.002284
0.002271
0.002255
0.002240
0.002227
0.002213
0.002199
0.002184
0.002170
0.002155
0.002141
0.002126
0.002112
0.002098
0.002083
0.002068
0.002052
0.002034
0.002018
0.002002
0.001983
0.001966
0.001947
0.001928
0.001909
0.001888
0.001868
0.001847
0.001824
0.001802
0.001778
0.001754
0.001730
0.001703
0.001675
0.001647
0.001616
0.001585
0.001552
0.001519
0.001484
0.001447
0.001412
0.001374
0.001336
0.001296
0.001256
0.001215
0.001173
0.001131
0.001089
0.001046
0.001002
0.000959
0.000916
0.000873
0.000829
0.000786
0.000744
0.000703
0.000663
0.000623
0.000585
0.000549
0.000513
0.000479
0.000446
0.000415
0.000385
0.000357
0.000330
0.000304
0.000281
0.000259
0.000239
0.000220
0.000204
0.000187
0.000173
0.000159
0.000147
0.000136
0.000126
0.000116
0.000108
0.000099
0.000091
0.000083
0.000075
0.000066
0.000057
0.000048
0.000039
0.000029
0.000018
0.000007
-0.000005
-0.000019
-0.000033
-0.000048
-0.000063
-0.000080
-0.000098
-0.000118
-0.000138
-0.000160
-0.000183
-0.000206
-0.000231
-0.000257
-0.000283
-0.000311
-0.000339
-0.000368
-0.000398
-0.000427
-0.000457
-0.000486
-0.000516
-0.000545
-0.000573
-0.000600
-0.000627
-0.000654
-0.000680
-0.000704
-0.000728
-0.000750
-0.000772
-0.000791
-0.000810
-0.000828
-0.000845
-0.000860
-0.000873
-0.000886
-0.000897
-0.000907
-0.000916
-0.000924
-0.000932
-0.000940
-0.000948
-0.000955
-0.000964
-0.000972
-0.000980
-0.000990
-0.001000
-0.001011
-0.001024
-0.001038
-0.001054
-0.001072
-0.001092
-0.001115
-0.001139
-0.001166
-0.001196
-0.001228
-0.001264
-0.001301
-0.001342
-0.001385
-0.001431
-0.001481
-0.001532
-0.001586
-0.001642
-0.001700
-0.001762
-0.001825
-0.001889
-0.001953
-0.002021
-0.002088
-0.002156
-0.002226
-0.002294
-0.002363
-0.002431
-0.002498
-0.002565
-0.002629
-0.002691
-0.002750
-0.002808
-0.002862
-0.002914
-0.002962
-0.003006
-0.003047
-0.003085
-0.003119
-0.003149
-0.003174
-0.003197
-0.003216
-0.003230
-0.003243
-0.003251
-0.003255
-0.003255
-0.003252
-0.003246
-0.003238
-0.003228
-0.003215
-0.003200
-0.003184
-0.003167
-0.003149
-0.003129
-0.003111
-0.003092
-0.003074
-0.003057
-0.003041
-0.003026
-0.003013
-0.003003
-0.002994
-0.002987
-0.002983
-0.002980
-0.002981
-0.002985
-0.002990
-0.003000
-0.003010
-0.003024
-0.003040
-0.003057
-0.003078
-0.003100
-0.003123
-0.003148
-0.003173
-0.003199
-0.003225
-0.003251
-0.003277
-0.003301
-0.003326
-0.003350
-0.003372
-0.003392
-0.003409
-0.003424
-0.003437
-0.003447
-0.003455
-0.003460
-0.003462
-0.003462
-0.003458
-0.003452
-0.003443
-0.003431
-0.003415
-0.003398
-0.003378
-0.003356
-0.003333
-0.003308
-0.003282
-0.003255
-0.003228
-0.003201
-0.003174
-0.003147
-0.003121
-0.003096
-0.003074
-0.003053
-0.003033
-0.003015
-0.003001
-0.002989
-0.002979
-0.002972
-0.002969
-0.002969
-0.002971
-0.002977
-0.002985
-0.002998
-0.003011
-0.003029
-0.003050
-0.003073
-0.003098
-0.003126
-0.003155
-0.003185
-0.003216
-0.003247
-0.003279
-0.003312
-0.003343
-0.003373
-0.003401
-0.003430
-0.003456
-0.003481
-0.003505
-0.003527
-0.003546
-0.003562
-0.003576
-0.003588
-0.003597
-0.003604
-0.003608
-0.003611
-0.003610
-0.003608
-0.003604
-0.003597
-0.003589
-0.003579
-0.003567
-0.003555
-0.003543
-0.003531
-0.003519
-0.003506
-0.003494
-0.003483
-0.003473
-0.003466
-0.003460
-0.003456
-0.003456
-0.003457
-0.003460
-0.003465
-0.003473
-0.003484
-0.003498
-0.003514
-0.003533
-0.003555
-0.003579
-0.003605
-0.003634
-0.003664
-0.003697
-0.003731
-0.003767
-0.003805
-0.003844
-0.003882
-0.003922
-0.003961
-0.004000
-0.004039
-0.004077
-0.004114
-0.004149
-0.004183
-0.004215
-0.004245
-0.004273
-0.004298
-0.004321
-0.004341
-0.004357
-0.004370
-0.004381
-0.004389
-0.004393
-0.004394
-0.004393
-0.004388
-0.004381
-0.004370
-0.004356
-0.004340
-0.004320
-0.004299
-0.004275
-0.004250
-0.004223
-0.004194
-0.004165
-0.004134
-0.004102
-0.004069
-0.004035
-0.004000
-0.003966
-0.003931
-0.003896
-0.003861
-0.003826
-0.003793
-0.003760
-0.003726
-0.003694
-0.003663
-0.003633
-0.003604
-0.003575
-0.003549
-0.003522
-0.003497
-0.003473
-0.003452
-0.003431
-0.003410
-0.003391
-0.003373
-0.003355
-0.003337
-0.003319
-0.003304
-0.003288
-0.003273
-0.003258
-0.003242
-0.003227
-0.003212
-0.003196
-0.003180
-0.003164
-0.003148
-0.003131
-0.003115
-0.003098
-0.003082
-0.003065
-0.003049
-0.003032
-0.003015
-0.002997
-0.002980
-0.002962
-0.002944
-0.002927
-0.002909
-0.002890
-0.002872
-0.002854
-0.002836
-0.002819
-0.002801
-0.002784
-0.002766
-0.002749
-0.002733
-0.002716
-0.002701
-0.002684
-0.002669
-0.002654
-0.002641
-0.002627
-0.002613
-0.002599
-0.002586
-0.002572
-0.002559
-0.002547
-0.002536
-0.002523
-0.002511
-0.002498
-0.002486
-0.002475
-0.002464
-0.002452
-0.002439
-0.002428
-0.002416
-0.002402
-0.002388
-0.002374
-0.002359
-0.002344
-0.002328
-0.002313
-0.002297
-0.002280
-0.002265
-0.002248
-0.002232
-0.002216
-0.002200
-0.002185
-0.002170
-0.002157
-0.002143
-0.002128
-0.002114
-0.002102
-0.002090
-0.002078
-0.002068
-0.002057
-0.002046
-0.002035
-0.002028
-0.002020
-0.002013
-0.002007
-0.002001
-0.001995
-0.001990
-0.001986
-0.001982
-0.001978
-0.001973
-0.001969
-0.001965
-0.001960
-0.001955
-0.001950
-0.001944
-0.001937
-0.001929
-0.001919
-0.001911
-0.001899
-0.001888
-0.001876
-0.001863
-0.001849
-0.001835
-0.001819
-0.001803
-0.001785
-0.001767
-0.001748
-0.001728
-0.001707
-0.001686
-0.001664
-0.001642
-0.001619
-0.001596
-0.001573
-0.001549
-0.001526
-0.001504
-0.001479
-0.001456
-0.001433
-0.001410
-0.001388
-0.001364
-0.001341
-0.001318
-0.001295
-0.001272
-0.001248
-0.001226
-0.001202
-0.001178
-0.001154
-0.001129
-0.001103
-0.001078
-0.001050
-0.001022
-0.000993
-0.000962
-0.000930
-0.000896
-0.000861
-0.000824
-0.000786
-0.000745
-0.000701
-0.000656
-0.000609
-0.000559
-0.000507
-0.000454
-0.000398
-0.000341
-0.000284
-0.000225
-0.000165
-0.000103
-0.000041
0.000021
0.000085
0.000147
0.000209
0.000272
0.000334
0.000394
0.000454
0.000511
0.000567
0.000621
0.000672
0.000720
0.000767
0.000810
0.000848
0.000884
0.000916
0.000945
0.000971
0.000993
0.001011
0.001027
0.001039
0.001048
0.001055
0.001059
0.001060
0.001061
0.001059
0.001056
0.001051
0.001046
0.001041
0.001034
0.001029
0.001023
0.001019
0.001016
0.001014
0.001014
0.001017
0.001020
0.001026
0.001034
0.001046
0.001060
0.001076
0.001096
0.001118
0.001145
0.001172
0.001201
0.001233
0.001266
0.001301
0.001338
0.001376
0.001415
0.001455
0.001494
0.001534
0.001573
0.001613
0.001652
0.001691
0.001728
0.001764
0.001799
0.001831
0.001863
0.001891
0.001917
0.001941
0.001963
0.001981
0.001997
0.002010
0.002022
0.002031
0.002038
0.002043
0.002045
0.002047
0.002048
0.002046
0.002046
0.002045
0.002045
0.002044
0.002044
0.002044
0.002044
0.002047
0.002051
0.002059
0.002068
0.002080
0.002095
0.002113
0.002135
0.002161
0.002189
0.002220
0.002254
0.002291
0.002332
0.002377
0.002423
0.002472
0.002523
0.002575
0.002630
0.002685
0.002741
0.002797
0.002854
0.002910
0.002964
0.003019
0.003070
0.003120
0.003168
0.003215
0.003258
0.003298
0.003336
0.003371
0.003400
0.003427
0.003449
0.003468
0.003483
0.003492
0.003499
0.003502
0.003501
0.003499
0.003493
0.003483
0.003470
0.003456
0.003440
0.003424
0.003406
0.003389
0.003372
0.003356
0.003340
0.003326
0.003314
0.003304
0.003296
0.003291
0.003290
0.003291
0.003297
0.003306
0.003319
0.003336
0.003357
0.003382
0.003411
0.003442
0.003477
0.003516
0.003557
0.003601
0.003646
0.003694
0.003743
0.003794
0.003844
0.003896
0.003947
0.003996
0.004045
0.004093
0.004139
0.004183
0.004223
0.004261
0.004296
0.004328
0.004357
0.004383
0.004404
0.004420
0.004433
0.004442
0.004446
0.004447
0.004443
0.004437
0.004427
0.004414
0.004398
0.004379
0.004359
0.004337
0.004314
0.004288
0.004263
0.004238
0.004213
0.004188
0.004165
0.004142
0.004120
0.004100
0.004081
0.004064
0.004050
0.004038
0.004027
0.004018
0.004012
0.004009
0.004009
0.004011
0.004015
0.004020
0.004028
0.004036
0.004047
0.004060
0.004073
0.004087
0.004102
0.004118
0.004134
0.004151
0.004168
0.004184
0.004200
0.004214
0.004228
0.004242
0.004253
0.004264
0.004273
0.004281
0.004287
0.004293
0.004296
0.004299
0.004301
0.004301
0.004301
0.004300
0.004299
0.004297
0.004296
0.004293
0.004291
0.004289
0.004287
0.004284
0.004283
0.004283
0.004282
0.004283
0.004285
0.004287
0.004291
0.004295
0.004299
0.004304
0.004311
0.004318
0.004325
0.004333
0.004341
0.004349
0.004358
0.004367
0.004375
0.004383
0.004392
0.004399
0.004406
0.004412
0.004416
0.004419
0.004423
0.004424
0.004426
0.004425
0.004422
0.004419
0.004415
0.004408
0.004401
0.004393
0.004385
0.004374
0.004364
0.004352
0.004340
0.004328
0.004314
0.004299
0.004285
0.004271
0.004257
0.004244
0.004229
0.004215
0.004202
0.004189
0.004177
0.004164
0.004153
0.004141
0.004129
0.004118
0.004107
0.004096
0.004086
0.004076
0.004065
0.004054
0.004043
0.004032
0.004021
0.004008
0.003994
0.003979
0.003964
0.003947
0.003929
0.003909
0.003889
0.003866
0.003842
0.003816
0.003788
0.003758
0.003726
0.003693
0.003658
0.003620
0.003582
0.003541
0.003499
0.003456
0.003411
0.003367
0.003322
0.003275
0.003228
0.003182
0.003136
0.003089
0.003043
0.002999
0.002957
0.002915
0.002874
0.002836
0.002799
0.002764
0.002732
0.002702
0.002676
0.002652
0.002630
0.002610
0.002593
0.002579
0.002568
0.002559
0.002553
0.002550
0.002550
0.002552
0.002556
0.002562
0.002572
0.002583
0.002596
0.002611
0.002627
0.002644
0.002661
0.002681
0.002701
0.002720
0.002740
0.002759
0.002777
0.002795
0.002812
0.002828
0.002842
0.002855
0.002865
0.002874
0.002880
0.002884
0.002885
0.002883
0.002878
0.002870
0.002861
0.002848
0.002834
0.002816
0.002795
0.002771
0.002744
0.002716
0.002685
0.002653
0.002617
0.002580
0.002542
0.002503
0.002463
0.002421
0.002379
0.002336
0.002294
0.002252
0.002209
0.002168
0.002126
0.002086
0.002047
0.002009
0.001972
0.001937
0.001905
0.001874
0.001845
0.001819
0.001795
0.001774
0.001752
0.001733
0.001715
0.001702
0.001689
0.001679
0.001669
0.001661
0.001656
0.001650
0.001646
0.001643
0.001639
0.001635
0.001632
0.001629
0.001625
0.001620
0.001615
0.001608
0.001601
0.001590
0.001579
0.001565
0.001550
0.001532
0.001513
0.001491
0.001467
0.001441
0.001412
0.001381
0.001349
0.001315
0.001278
0.001240
0.001200
0.001159
0.001115
0.001070
0.001025
0.000977
0.000930
0.000883
0.000835
0.000786
0.000737
0.000689
0.000640
0.000593
0.000546
0.000501
0.000456
0.000413
0.000370
0.000330
0.000290
0.000251
0.000215
0.000180
0.000146
0.000113
0.000082
0.000053
0.000026
-0.000001
-0.000028
-0.000053
-0.000077
-0.000100
-0.000122
-0.000144
-0.000165
-0.000185
-0.000206
-0.000228
-0.000249
-0.000270
-0.000292
-0.000315
-0.000337
-0.000361
-0.000386
-0.000412
-0.000437
-0.000465
-0.000494
-0.000523
-0.000554
-0.000586
-0.000618
-0.000651
-0.000686
-0.000721
-0.000757
-0.000794
-0.000831
-0.000869
-0.000907
-0.000947
-0.000986
-0.001025
-0.001066
-0.001104
-0.001144
-0.001183
-0.001219
-0.001256
-0.001291
-0.001326
-0.001359
-0.001391
-0.001422
-0.001453
-0.001481
-0.001510
-0.001535
-0.001560
-0.001583
-0.001604
-0.001623
-0.001641
-0.001658
-0.001674
-0.001689
-0.001703
-0.001716
-0.001729
-0.001740
-0.001752
-0.001764
-0.001775
-0.001788
-0.001800
-0.001813
-0.001827
-0.001841
-0.001857
-0.001873
-0.001889
-0.001908
-0.001927
-0.001947
-0.001969
-0.001992
-0.002016
-0.002041
-0.002069
-0.002098
-0.002127
-0.002159
-0.002190
-0.002224
-0.002258
-0.002294
-0.002331
-0.002369
-0.002408
-0.002448
-0.002488
-0.002528
-0.002570
-0.002611
-0.002652
-0.002692
-0.002733
-0.002773
-0.002812
-0.002851
-0.002888
-0.002925
-0.002962
-0.002997
-0.003032
-0.003065
-0.003097
-0.003128
-0.003157
-0.003185
-0.003212
-0.003237
-0.003262
-0.003285
-0.003307
-0.003327
-0.003347
-0.003366
-0.003385
-0.003402
-0.003419
-0.003433
-0.003448
-0.003463
-0.003478
-0.003491
-0.003504
-0.003518
-0.003532
-0.003546
-0.003559
-0.003572
-0.003586
-0.003600
-0.003614
-0.003628
-0.003644
-0.003657
-0.003672
-0.003687
-0.003701
-0.003717
-0.003732
-0.003747
-0.003762
-0.003778
-0.003793
-0.003808
-0.003824
-0.003840
-0.003854
-0.003869
-0.003884
-0.003899
-0.003913
-0.003929
-0.003944
-0.003959
-0.003973
-0.003988
-0.004002
-0.004018
-0.004033
-0.004047
-0.004062
-0.004077
-0.004092
-0.004107
-0.004122
-0.004136
-0.004151
-0.004165
-0.004180
-0.004196
-0.004211
-0.004225
-0.004240
-0.004256
-0.004270
-0.004284
-0.004297
-0.004310
-0.004322
-0.004334
-0.004343
-0.004352
-0.004360
-0.004366
-0.004370
-0.004375
-0.004377
-0.004378
-0.004379
-0.004376
-0.004373
-0.004368
-0.004362
-0.004354
-0.004345
-0.004336
-0.004326
-0.004314
-0.004301
-0.004287
-0.004273
-0.004259
-0.004244
-0.004230
-0.004216
-0.004202
-0.004189
-0.004177
-0.004167
-0.004157
-0.004150
-0.004145
-0.004142
-0.004142
-0.004144
-0.004150
-0.004157
-0.004167
-0.004180
-0.004196
-0.004214
-0.004236
-0.004260
-0.004287
-0.004317
-0.004348
-0.004384
-0.004421
-0.004461
-0.004501
-0.004542
-0.004585
-0.004629
-0.004673
-0.004716
-0.004761
-0.004804
-0.004847
-0.004888
-0.004927
-0.004964
-0.004999
-0.005032
-0.005061
-0.005087
-0.005109
-0.005128
-0.005144
-0.005155
-0.005163
-0.005166
-0.005166
-0.005160
-0.005151
-0.005137
-0.005118
-0.005096
-0.005070
-0.005040
-0.005007
-0.004971
-0.004932
-0.004890
-0.004846
-0.004799
-0.004752
-0.004701
-0.004650
-0.004598
-0.004545
-0.004493
-0.004440
-0.004389
-0.004338
-0.004288
-0.004239
-0.004193
-0.004147
-0.004103
-0.004063
-0.004026
-0.003991
-0.003958
-0.003929
-0.003902
-0.003879
-0.003859
-0.003842
-0.003826
-0.003814
-0.003805
-0.003799
-0.003794
-0.003792
-0.003793
-0.003795
-0.003800
-0.003805
-0.003813
-0.003822
-0.003833
-0.003844
-0.003855
-0.003868
-0.003880
-0.003892
-0.003904
-0.003916
-0.003926
-0.003937
-0.003947
-0.003955
-0.003962
-0.003967
-0.003970
-0.003973
-0.003974
-0.003974
-0.003971
-0.003967
-0.003962
-0.003956
-0.003948
-0.003938
-0.003929
-0.003918
-0.003905
-0.003890
-0.003875
-0.003858
-0.003839
-0.003821
-0.003803
-0.003784
-0.003764
-0.003745
-0.003726
-0.003707
-0.003689
-0.003672
-0.003654
-0.003635
-0.003616
-0.003599
-0.003582
-0.003567
-0.003552
-0.003538
-0.003524
-0.003510
-0.003497
-0.003485
-0.003472
-0.003460
-0.003448
-0.003437
-0.003427
-0.003416
-0.003405
-0.003394
-0.003382
-0.003370
-0.003358
-0.003345
-0.003331
-0.003317
-0.003302
-0.003286
-0.003269
-0.003253
-0.003234
-0.003215
-0.003194
-0.003173
-0.003151
-0.003128
-0.003105
-0.003081
-0.003055
-0.003029
-0.003003
-0.002974
-0.002946
-0.002916
-0.002886
-0.002854
-0.002822
-0.002788
-0.002755
-0.002722
-0.002687
-0.002652
-0.002616
-0.002578
-0.002542
-0.002506
-0.002470
-0.002435
-0.002399
-0.002363
-0.002327
-0.002291
-0.002256
-0.002221
-0.002186
-0.002151
-0.002118
-0.002085
-0.002052
-0.002019
-0.001988
-0.001956
-0.001925
-0.001893
-0.001863
-0.001832
-0.001801
-0.001771
-0.001743
-0.001714
-0.001686
-0.001656
-0.001628
-0.001601
-0.001573
-0.001545
-0.001516
-0.001487
-0.001458
-0.001428
-0.001400
-0.001370
-0.001338
-0.001306
-0.001275
-0.001242
-0.001209
-0.001175
-0.001139
-0.001104
-0.001069
-0.001032
-0.000994
-0.000955
-0.000916
-0.000877
-0.000837
-0.000797
-0.000757
-0.000716
-0.000676
-0.000635
-0.000595
-0.000554
-0.000514
-0.000475
-0.000436
-0.000398
-0.000360
-0.000322
-0.000287
-0.000252
-0.000218
-0.000187
-0.000155
-0.000125
-0.000097
-0.000069
-0.000043
-0.000018
0.000005
0.000028
0.000048
0.000068
0.000088
0.000106
0.000121
0.000136
0.000150
0.000164
0.000176
0.000189
0.000200
0.000213
0.000224
0.000235
0.000246
0.000259
0.000270
0.000283
0.000296
0.000309
0.000324
0.000338
0.000354
0.000373
0.000391
0.000412
0.000433
0.000456
0.000480
0.000504
0.000531
0.000559
0.000587
0.000617
0.000648
0.000680
0.000712
0.000745
0.000779
0.000813
0.000847
0.000882
0.000917
0.000954
0.000990
0.001025
0.001059
0.001094
0.001129
0.001162
0.001195
0.001227
0.001259
0.001288
0.001316
0.001344
0.001370
0.001396
0.001420
0.001442
0.001464
0.001485
0.001504
0.001522
0.001540
0.001556
0.001572
0.001586
0.001600
0.001613
0.001626
0.001639
0.001652
0.001663
0.001673
0.001683
0.001693
0.001703
0.001714
0.001726
0.001737
0.001749
0.001761
0.001774
0.001787
0.001803
0.001818
0.001835
0.001852
0.001870
0.001889
0.001908
0.001928
0.001950
0.001973
0.001997
0.002022
0.002048
0.002074
0.002103
0.002132
0.002163
0.002195
0.002228
0.002262
0.002297
0.002332
0.002369
0.002406
0.002444
0.002483
0.002523
0.002564
0.002605
0.002647
0.002689
0.002732
0.002774
0.002818
0.002861
0.002904
0.002947
0.002989
0.003032
0.003074
0.003114
0.003155
0.003193
0.003232
0.003269
0.003306
0.003341
0.003374
0.003407
0.003438
0.003469
0.003499
0.003525
0.003552
0.003577
0.003601
0.003622
0.003643
0.003662
0.003680
0.003697
0.003712
0.003727
0.003741
0.003755
0.003769
0.003781
0.003792
0.003804
0.003816
0.003827
0.003837
0.003849
0.003860
0.003871
0.003882
0.003894
0.003907
0.003920
0.003935
0.003950
0.003966
0.003983
0.004002
0.004019
0.004038
0.004057
0.004077
0.004097
0.004118
0.004140
0.004163
0.004185
0.004207
0.004230
0.004251
0.004272
0.004293
0.004314
0.004333
0.004352
0.004371
0.004388
0.004405
0.004421
0.004435
0.004448
0.004461
0.004472
0.004483
0.004492
0.004501
0.004508
0.004514
0.004519
0.004523
0.004526
0.004527
0.004527
0.004527
0.004527
0.004525
0.004522
0.004520
0.004515
0.004512
0.004508
0.004504
0.004498
0.004492
0.004487
0.004481
0.004477
0.004472
0.004466
0.004461
0.004455
0.004448
0.004442
0.004436
0.004430
0.004424
0.004417
0.004409
0.004401
0.004393
0.004385
0.004375
0.004365
0.004355
0.004345
0.004333
0.004321
0.004310
0.004297
0.004284
0.004269
0.004254
0.004238
0.004222
0.004204
0.004186
0.004169
0.004151
0.004132
0.004113
0.004094
0.004074
0.004054
0.004035
0.004015
0.003994
0.003974
0.003954
0.003935
0.003917
0.003899
0.003882
0.003866
0.003852
0.003838
0.003825
0.003813
0.003803
0.003795
0.003789
0.003784
0.003781
0.003780
0.003783
0.003787
0.003793
0.003802
0.003813
0.003826
0.003841
0.003859
0.003878
0.003900
0.003923
0.003948
0.003976
0.004006
0.004036
0.004069
0.004102
0.004136
0.004171
0.004207
0.004243
0.004279
0.004313
0.004347
0.004380
0.004411
0.004441
0.004469
0.004494
0.004516
0.004536
0.004553
0.004567
0.004579
0.004586
0.004592
0.004593
0.004590
0.004583
0.004574
0.004560
0.004543
0.004522
0.004498
0.004469
0.004440
0.004407
0.004372
0.004335
0.004296
0.004255
0.004215
0.004172
0.004129
0.004085
0.004042
0.004000
0.003959
0.003919
0.003880
0.003843
0.003807
0.003774
0.003743
0.003714
0.003689
0.003668
0.003649
0.003633
0.003621
0.003610
0.003602
0.003598
0.003597
0.003598
0.003600
0.003606
0.003613
0.003621
0.003630
0.003643
0.003655
0.003668
0.003681
0.003694
0.003707
0.003720
0.003731
0.003741
0.003751
0.003758
0.003763
0.003767
0.003769
0.003768
0.003765
0.003759
0.003751
0.003741
0.003729
0.003714
0.003699
0.003681
0.003663
0.003643
0.003621
0.003598
0.003575
0.003551
0.003526
0.003501
0.003476
0.003451
0.003425
0.003400
0.003377
0.003355
0.003334
0.003313
0.003294
0.003276
0.003260
0.003244
0.003230
0.003216
0.003204
0.003192
0.003181
0.003172
0.003162
0.003152
0.003141
0.003131
0.003122
0.003112
0.003102
0.003090
0.003078
0.003064
0.003049
0.003033
0.003015
0.002996
0.002974
0.002950
0.002925
0.002899
0.002870
0.002840
0.002806
0.002772
0.002736
0.002699
0.002660
0.002621
0.002581
0.002540
0.002499
0.002458
0.002417
0.002376
0.002335
0.002295
0.002255
0.002217
0.002180
0.002145
0.002110
0.002078
0.002047
0.002018
0.001991
0.001965
0.001943
0.001922
0.001903
0.001885
0.001869
0.001855
0.001843
0.001832
0.001823
0.001815
0.001809
0.001803
0.001798
0.001794
0.001790
0.001787
0.001783
0.001780
0.001775
0.001770
0.001765
0.001760
0.001753
0.001745
0.001736
0.001725
0.001713
0.001699
0.001683
0.001666
0.001646
0.001625
0.001602
0.001577
0.001549
0.001521
0.001490
0.001456
0.001422
0.001385
0.001345
0.001305
0.001262
0.001218
0.001173
0.001126
0.001077
0.001028
0.000976
0.000923
0.000868
0.000814
0.000757
0.000700
0.000641
0.000581
0.000521
0.000461
0.000400
0.000339
0.000278
0.000216
0.000154
0.000094
0.000032
-0.000030
-0.000090
-0.000150
-0.000209
-0.000268
-0.000325
-0.000382
-0.000437
-0.000491
-0.000544
-0.000596
-0.000646
-0.000693
-0.000739
-0.000782
-0.000825
-0.000864
-0.000901
-0.000937
-0.000969
-0.001000
-0.001026
-0.001051
-0.001074
-0.001094
-0.001112
-0.001128
-0.001142
-0.001154
-0.001165
-0.001173
-0.001179
-0.001184
-0.001189
-0.001192
-0.001195
-0.001197
-0.001198
-0.001200
-0.001202
-0.001203
-0.001205
-0.001206
-0.001210
-0.001214
-0.001219
-0.001224
-0.001231
-0.001238
-0.001249
-0.001261
-0.001274
-0.001289
-0.001307
-0.001325
-0.001345
-0.001367
-0.001390
-0.001414
-0.001439
-0.001465
-0.001494
-0.001524
-0.001556
-0.001590
-0.001626
-0.001663
-0.001700
-0.001739
-0.001778
-0.001819
-0.001860
-0.001901
-0.001943
-0.001985
-0.002027
-0.002071
-0.002113
-0.002155
-0.002198
-0.002240
-0.002280
-0.002322
-0.002362
-0.002401
-0.002442
-0.002482
-0.002519
-0.002556
-0.002592
-0.002627
-0.002661
-0.002694
-0.002727
-0.002758
-0.002787
-0.002816
-0.002844
-0.002872
-0.002899
-0.002924
-0.002948
-0.002974
-0.002996
-0.003019
-0.003040
-0.003061
-0.003080
-0.003100
-0.003119
-0.003138
-0.003156
-0.003173
-0.003189
-0.003205
-0.003221
-0.003236
-0.003251
-0.003264
-0.003277
-0.003291
-0.003305
-0.003317
-0.003330
-0.003342
-0.003353
-0.003365
-0.003376
-0.003387
-0.003399
-0.003410
-0.003422
-0.003434
-0.003447
-0.003458
-0.003471
-0.003483
-0.003497
-0.003510
-0.003523
-0.003537
-0.003552
-0.003567
-0.003585
-0.003602
-0.003621
-0.003640
-0.003659
-0.003681
-0.003704
-0.003726
-0.003749
-0.003775
-0.003800
-0.003826
-0.003853
-0.003882
-0.003910
-0.003940
-0.003969
-0.003998
-0.004028
-0.004057
-0.004086
-0.004117
-0.004145
-0.004175
-0.004202
-0.004229
-0.004255
-0.004279
-0.004303
-0.004325
-0.004345
-0.004363
-0.004380
-0.004394
-0.004408
-0.004419
-0.004429
-0.004436
-0.004441
-0.004442
-0.004442
-0.004440
-0.004436
-0.004430
-0.004422
-0.004411
-0.004398
-0.004384
-0.004368
-0.004352
-0.004333
-0.004313
-0.004292
-0.004271
-0.004251
-0.004230
-0.004208
-0.004187
-0.004166
-0.004145
-0.004126
-0.004108
-0.004090
-0.004073
-0.004056
-0.004042
-0.004031
-0.004020
-0.004010
-0.004002
-0.003996
-0.003991
-0.003989
-0.003989
-0.003991
-0.003995
-0.004000
-0.004007
-0.004017
-0.004029
-0.004041
-0.004056
-0.004072
-0.004089
-0.004106
-0.004125
-0.004144
-0.004164
-0.004184
-0.004204
-0.004225
-0.004245
-0.004265
-0.004285
-0.004303
-0.004323
-0.004340
-0.004357
-0.004374
-0.004389
-0.004403
-0.004416
-0.004427
-0.004437
-0.004446
-0.004455
-0.004462
-0.004467
-0.004472
-0.004475
-0.004478
-0.004479
-0.004480
-0.004480
-0.004480
-0.004479
-0.004478
-0.004475
-0.004472
-0.004469
-0.004465
-0.004460
-0.004455
-0.004451
-0.004447
-0.004443
-0.004439
-0.004434
-0.004430
-0.004426
-0.004423
-0.004419
-0.004416
-0.004411
-0.004407
-0.004403
-0.004400
-0.004397
-0.004393
-0.004389
-0.004385
-0.004381
-0.004376
-0.004371
-0.004366
-0.004358
-0.004351
-0.004343
-0.004334
-0.004324
-0.004313
-0.004300
-0.004287
-0.004274
-0.004257
-0.004240
-0.004222
-0.004203
-0.004182
-0.004160
-0.004138
-0.004113
-0.004088
-0.004061
-0.004035
-0.004008
-0.003980
-0.003952
-0.003923
-0.003895
-0.003867
-0.003840
-0.003813
-0.003786
-0.003760
-0.003735
-0.003711
-0.003688
-0.003667
-0.003647
-0.003628
-0.003612
-0.003598
-0.003586
-0.003577
-0.003568
-0.003562
-0.003557
-0.003556
-0.003556
-0.003558
-0.003561
-0.003568
-0.003575
-0.003582
-0.003592
-0.003604
-0.003615
-0.003627
-0.003640
-0.003655
-0.003668
-0.003681
-0.003693
-0.003706
-0.003718
-0.003729
-0.003738
-0.003746
-0.003752
-0.003756
-0.003758
-0.003758
-0.003755
-0.003749
-0.003742
-0.003731
-0.003719
-0.003704
-0.003688
-0.003668
-0.003646
-0.003620
-0.003591
-0.003562
-0.003529
-0.003494
-0.003458
-0.003419
-0.003379
-0.003338
-0.003295
-0.003252
-0.003208
-0.003162
-0.003118
-0.003073
-0.003028
-0.002984
-0.002942
-0.002900
-0.002860
-0.002822
-0.002784
-0.002747
-0.002712
-0.002679
-0.002648
-0.002619
-0.002590
-0.002565
-0.002542
-0.002521
-0.002501
-0.002483
-0.002466
-0.002451
-0.002437
-0.002425
-0.002414
-0.002404
-0.002396
-0.002387
-0.002380
-0.002372
-0.002367
-0.002360
-0.002351
-0.002343
-0.002333
-0.002324
-0.002314
-0.002303
-0.002291
-0.002277
-0.002261
-0.002246
-0.002229
-0.002211
-0.002191
-0.002170
-0.002147
-0.002124
-0.002098
-0.002072
-0.002045
-0.002016
-0.001986
-0.001955
-0.001923
-0.001890
-0.001855
-0.001820
-0.001784
-0.001747
-0.001710
-0.001673
-0.001635
-0.001597
-0.001559
-0.001521
-0.001482
-0.001445
-0.001407
-0.001369
-0.001331
-0.001291
-0.001254
-0.001217
-0.001181
-0.001144
-0.001108
-0.001071
-0.001036
-0.001001
-0.000966
-0.000931
-0.000897
-0.000863
-0.000830
-0.000799
-0.000769
-0.000737
-0.000706
-0.000676
-0.000646
-0.000618
-0.000589
-0.000562
-0.000536
-0.000510
-0.000484
-0.000459
-0.000434
-0.000408
-0.000382
-0.000356
-0.000331
-0.000306
-0.000280
-0.000254
-0.000229
-0.000203
-0.000176
-0.000148
-0.000119
-0.000091
-0.000062
-0.000033
-0.000002
0.000030
0.000062
0.000095
0.000128
0.000164
0.000199
0.000237
0.000274
0.000313
0.000353
0.000394
0.000436
0.000479
0.000522
0.000564
0.000606
0.000649
0.000691
0.000734
0.000775
0.000816
0.000857
0.000895
0.000934
0.000972
0.001009
0.001045
0.001080
0.001113
0.001145
0.001176
0.001206
0.001234
0.001260
0.001286
0.001309
0.001330
0.001349
0.001367
0.001382
0.001396
0.001410
0.001422
0.001433
0.001442
0.001449
0.001458
0.001465
0.001471
0.001477
0.001482
0.001487
0.001491
0.001494
0.001497
0.001501
0.001504
0.001507
0.001510
0.001514
0.001518
0.001521
0.001525
0.001530
0.001536
0.001541
0.001548
0.001555
0.001561
0.001569
0.001576
0.001585
0.001593
0.001602
0.001611
0.001621
0.001632
0.001642
0.001653
0.001665
0.001677
0.001690
0.001703
0.001717
0.001732
0.001747
0.001763
0.001781
0.001802
0.001822
0.001844
0.001866
0.001890
0.001915
0.001941
0.001969
0.001998
0.002028
0.002061
0.002096
0.002131
0.002168
0.002206
0.002246
0.002288
0.002331
0.002374
0.002419
0.002465
0.002512
0.002561
0.002609
0.002657
0.002706
0.002755
0.002804
0.002852
0.002900
0.002949
0.002996
0.003042
0.003087
0.003131
0.003172
0.003211
0.003249
0.003285
0.003319
0.003350
0.003380
0.003408
0.003432
0.003454
0.003473
0.003491
0.003505
0.003517
0.003525
0.003531
0.003535
0.003538
0.003538
0.003536
0.003534
0.003529
0.003522
0.003515
0.003507
0.003498
0.003487
0.003476
0.003467
0.003456
0.003444
0.003435
0.003426
0.003417
0.003408
0.003400
0.003394
0.003389
0.003384
0.003383
0.003382
0.003382
0.003384
0.003388
0.003393
0.003399
0.003408
0.003417
0.003428
0.003439
0.003453
0.003467
0.003482
0.003499
0.003516
0.003534
0.003553
0.003573
0.003592
0.003613
0.003634
0.003655
0.003676
0.003698
0.003719
0.003741
0.003763
0.003786
0.003807
0.003828
0.003851
0.003874
0.003898
0.003920
0.003942
0.003964
0.003986
0.004008
0.004030
0.004053
0.004076
0.004099
0.004122
0.004147
0.004171
0.004196
0.004221
0.004247
0.004273
0.004300
0.004329
0.004357
0.004385
0.004415
0.004445
0.004474
0.004504
0.004534
0.004565
0.004595
0.004627
0.004658
0.004688
0.004719
0.004749
0.004779
0.004807
0.004836
0.004863
0.004890
0.004915
0.004939
0.004960
0.004980
0.004997
0.005013
0.005026
0.005038
0.005046
0.005051
0.005055
0.005055
0.005052
0.005046
0.005039
0.005028
0.005014
0.004996
0.004977
0.004955
0.004930
0.004903
0.004873
0.004840
0.004807
0.004772
0.004734
0.004695
0.004655
0.004614
0.004572
0.004531
0.004490
0.004447
0.004406
0.004366
0.004326
0.004288
0.004251
0.004216
0.004182
0.004150
0.004120
0.004093
0.004069
0.004048
0.004030
0.004015
0.004003
0.003995
0.003988
0.003985
0.003984
0.003987
0.003991
0.003999
0.004007
0.004018
0.004032
0.004046
0.004062
0.004078
0.004095
0.004112
0.004129
0.004147
0.004165
0.004183
0.004200
0.004216
0.004230
0.004244
0.004256
0.004266
0.004275
0.004281
0.004285
0.004287
0.004286
0.004282
0.004277
0.004269
0.004260
0.004249
0.004236
0.004221
0.004205
0.004188
0.004170
0.004150
0.004130
0.004108
0.004085
0.004063
0.004040
0.004017
0.003994
0.003970
0.003949
0.003926
0.003906
0.003886
0.003869
0.003851
0.003835
0.003822
0.003811
0.003801
0.003792
0.003785
0.003780
0.003776
0.003774
0.003774
0.003775
0.003776
0.003779
0.003783
0.003788
0.003792
0.003797
0.003802
0.003807
0.003813
0.003818
0.003823
0.003827
0.003830
0.003831
0.003832
0.003831
0.003830
0.003827
0.003822
0.003815
0.003808
0.003798
0.003787
0.003775
0.003760
0.003744
0.003728
0.003710
0.003690
0.003669
0.003647
0.003623
0.003599
0.003574
0.003549
0.003524
0.003497
0.003471
0.003444
0.003417
0.003389
0.003362
0.003334
0.003306
0.003278
0.003251
0.003224
0.003198
0.003171
0.003145
0.003120
0.003094
0.003068
0.003043
0.003016
0.002990
0.002963
0.002935
0.002907
0.002878
0.002850
0.002820
0.002791
0.002760
0.002729
0.002695
0.002661
0.002625
0.002589
0.002552
0.002514
0.002474
0.002434
0.002393
0.002350
0.002306
0.002261
0.002216
0.002169
0.002122
0.002076
0.002028
0.001980
0.001932
0.001884
0.001835
0.001788
0.001740
0.001694
0.001646
0.001600
0.001555
0.001510
0.001464
0.001421
0.001378
0.001336
0.001294
0.001254
0.001214
0.001175
0.001138
0.001101
0.001066
0.001031
0.000997
0.000963
0.000930
0.000898
0.000866
0.000835
0.000804
0.000774
0.000745
0.000717
0.000688
0.000660
0.000633
0.000605
0.000579
0.000552
0.000526
0.000501
0.000476
0.000451
0.000426
0.000401
0.000377
0.000353
0.000329
0.000306
0.000283
0.000260
0.000237
0.000214
0.000191
0.000169
0.000148
0.000126
0.000103
0.000082
0.000060
0.000038
0.000017
-0.000005
-0.000026
-0.000048
-0.000070
-0.000093
-0.000117
-0.000140
-0.000164
-0.000189
-0.000215
-0.000240
-0.000266
-0.000293
-0.000320
-0.000347
-0.000378
-0.000408
-0.000438
-0.000470
-0.000501
-0.000534
-0.000567
-0.000601
-0.000635
-0.000669
-0.000703
-0.000736
-0.000770
-0.000803
-0.000836
-0.000867
-0.000899
-0.000929
-0.000959
-0.000987
-0.001015
-0.001041
-0.001065
-0.001088
-0.001108
-0.001127
-0.001145
-0.001161
-0.001175
-0.001187
-0.001197
-0.001205
-0.001211
-0.001215
-0.001218
-0.001219
-0.001219
-0.001216
-0.001214
-0.001210
-0.001205
-0.001202
-0.001197
-0.001192
-0.001187
-0.001183
-0.001179
-0.001177
-0.001176
-0.001176
-0.001177
-0.001180
-0.001185
-0.001191
-0.001198
-0.001208
-0.001220
-0.001234
-0.001249
-0.001268
-0.001288
-0.001311
-0.001336
-0.001363
-0.001392
-0.001421
-0.001452
-0.001484
-0.001518
-0.001552
-0.001588
-0.001625
-0.001660
-0.001695
-0.001731
-0.001766
-0.001802
-0.001836
-0.001871
-0.001905
-0.001938
-0.001970
-0.002001
-0.002030
-0.002059
-0.002086
-0.002112
-0.002138
-0.002163
-0.002186
-0.002208
-0.002230
-0.002250
-0.002271
-0.002290
-0.002310
-0.002329
-0.002347
-0.002367
-0.002387
-0.002406
-0.002426
-0.002445
-0.002466
-0.002488
-0.002510
-0.002533
-0.002559
-0.002584
-0.002611
-0.002638
-0.002667
-0.002698
-0.002729
-0.002762
-0.002797
-0.002833
-0.002869
-0.002906
-0.002944
-0.002984
-0.003024
-0.003065
-0.003109
-0.003152
-0.003195
-0.003238
-0.003282
-0.003327
-0.003372
-0.003416
-0.003462
-0.003506
-0.003550
-0.003595
-0.003637
-0.003680
-0.003723
-0.003765
-0.003804
-0.003845
-0.003884
-0.003922
-0.003958
-0.003993
-0.004027
-0.004059
-0.004089
-0.004117
-0.004144
-0.004169
-0.004192
-0.004213
-0.004231
-0.004247
-0.004262
-0.004273
-0.004282
-0.004289
-0.004294
-0.004297
-0.004297
-0.004295
-0.004291
-0.004285
-0.004276
-0.004267
-0.004256
-0.004244
-0.004231
-0.004216
-0.004200
-0.004184
-0.004167
-0.004149
-0.004130
-0.004113
-0.004098
-0.004082
-0.004067
-0.004052
-0.004039
-0.004026
-0.004016
-0.004007
-0.004000
-0.003995
-0.003993
-0.003993
-0.003996
-0.004001
-0.004008
-0.004018
-0.004029
-0.004044
-0.004062
-0.004080
-0.004101
-0.004123
-0.004148
-0.004174
-0.004201
-0.004231
-0.004261
-0.004292
-0.004324
-0.004356
-0.004389
-0.004421
-0.004452
-0.004483
-0.004515
-0.004545
-0.004575
-0.004603
-0.004630
-0.004656
-0.004679
-0.004700
-0.004720
-0.004737
-0.004752
-0.004765
-0.004776
-0.004786
-0.004794
-0.004800
-0.004805
-0.004807
-0.004807
-0.004807
-0.004805
-0.004802
-0.004797
-0.004790
-0.004783
-0.004775
-0.004767
-0.004759
-0.004749
-0.004740
-0.004732
-0.004722
-0.004714
-0.004706
-0.004700
-0.004693
-0.004688
-0.004683
-0.004678
-0.004675
-0.004673
-0.004672
-0.004669
-0.004668
-0.004667
-0.004668
-0.004670
-0.004672
-0.004674
-0.004676
-0.004677
-0.004679
-0.004682
-0.004685
-0.004689
-0.004690
-0.004692
-0.004692
-0.004693
-0.004692
-0.004691
-0.004688
-0.004685
-0.004680
-0.004674
-0.004667
-0.004659
-0.004650
-0.004642
-0.004631
-0.004619
-0.004607
-0.004594
-0.004581
-0.004568
-0.004553
-0.004539
-0.004523
-0.004507
-0.004492
-0.004475
-0.004459
-0.004443
-0.004426
-0.004409
-0.004394
-0.004379
-0.004364
-0.004350
-0.004337
-0.004322
-0.004308
-0.004294
-0.004279
-0.004265
-0.004250
-0.004235
-0.004220
-0.004203
-0.004187
-0.004170
-0.004152
-0.004132
-0.004112
-0.004091
-0.004069
-0.004045
-0.004019
-0.003992
-0.003964
-0.003933
-0.003900
-0.003867
-0.003833
-0.003799
-0.003761
-0.003723
-0.003683
-0.003644
-0.003602
-0.003559
-0.003516
-0.003473
-0.003430
-0.003387
-0.003343
-0.003301
-0.003258
-0.003217
-0.003177
-0.003139
-0.003100
-0.003063
-0.003028
-0.002995
-0.002964
-0.002934
-0.002905
-0.002880
-0.002855
-0.002833
-0.002814
-0.002797
-0.002781
-0.002768
-0.002758
-0.002749
-0.002741
-0.002736
-0.002733
-0.002731
-0.002731
-0.002731
-0.002731
-0.002732
-0.002734
-0.002736
-0.002738
-0.002741
-0.002743
-0.002744
-0.002744
-0.002745
-0.002745
-0.002741
-0.002738
-0.002732
-0.002724
-0.002714
-0.002703
-0.002690
-0.002675
-0.002657
-0.002636
-0.002615
-0.002592
-0.002566
-0.002537
-0.002506
-0.002474
-0.002440
-0.002404
-0.002367
-0.002328
-0.002287
-0.002245
-0.002203
-0.002159
-0.002115
-0.002070
-0.002024
-0.001980
-0.001937
-0.001892
-0.001849
-0.001807
-0.001766
-0.001725
-0.001687
-0.001652
-0.001618
-0.001587
-0.001556
-0.001529
-0.001504
-0.001481
-0.001461
-0.001443
-0.001429
-0.001418
-0.001408
-0.001402
-0.001397
-0.001394
-0.001392
-0.001392
-0.001394
-0.001398
-0.001402
-0.001407
-0.001414
-0.001420
-0.001428
-0.001435
-0.001441
-0.001447
-0.001452
-0.001457
-0.001461
-0.001464
-0.001467
-0.001468
-0.001467
-0.001466
-0.001464
-0.001460
-0.001454
-0.001446
-0.001438
-0.001428
-0.001415
-0.001401
-0.001387
-0.001370
-0.001353
-0.001335
-0.001314
-0.001292
-0.001269
-0.001247
-0.001223
-0.001197
-0.001172
-0.001145
-0.001119
-0.001090
-0.001061
-0.001031
-0.001000
-0.000968
-0.000936
-0.000902
-0.000866
-0.000830
-0.000795
-0.000758
-0.000719
-0.000680
-0.000639
-0.000596
-0.000552
-0.000508
-0.000462
-0.000414
-0.000366
-0.000317
-0.000266
-0.000213
-0.000159
-0.000104
-0.000048
0.000009
0.000067
0.000125
0.000184
0.000243
0.000302
0.000362
0.000422
0.000481
0.000540
0.000601
0.000659
0.000717
0.000773
0.000828
0.000881
0.000934
0.000984
0.001031
0.001076
0.001121
0.001162
0.001201
0.001237
0.001271
0.001302
0.001330
0.001356
0.001379
0.001399
0.001416
0.001431
0.001441
0.001450
0.001456
0.001460
0.001462
0.001461
0.001458
0.001454
0.001449
0.001442
0.001434
0.001423
0.001413
0.001402
0.001392
0.001382
0.001371
0.001360
0.001350
0.001341
0.001333
0.001326
0.001322
0.001318
0.001317
0.001318
0.001321
0.001326
0.001335
0.001347
0.001360
0.001376
0.001396
0.001419
0.001445
0.001475
0.001507
0.001541
0.001578
0.001619
0.001662
0.001709
0.001757
0.001809
0.001862
0.001916
0.001973
0.002031
0.002089
0.002150
0.002210
0.002269
0.002330
0.002391
0.002452
0.002512
0.002571
0.002629
0.002685
0.002741
0.002795
0.002847
0.002898
0.002946
0.002992
0.003035
0.003077
0.003116
0.003153
0.003186
0.003218
0.003247
0.003273
0.003296
0.003317
0.003336
0.003352
0.003368
0.003380
0.003390
0.003396
0.003401
0.003403
0.003404
0.003403
0.003401
0.003397
0.003391
0.003385
0.003377
0.003367
0.003357
0.003346
0.003334
0.003322
0.003310
0.003297
0.003285
0.003272
0.003259
0.003247
0.003237
0.003226
0.003218
0.003209
0.003201
0.003195
0.003190
0.003186
0.003184
0.003184
0.003185
0.003188
0.003192
0.003198
0.003206
0.003215
0.003227
0.003242
0.003257
0.003275
0.003294
0.003315
0.003338
0.003363
0.003387
0.003415
0.003443
0.003472
0.003503
0.003535
0.003567
0.003600
0.003634
0.003666
0.003700
0.003734
0.003768
0.003800
0.003833
0.003865
0.003896
0.003925
0.003954
0.003981
0.004007
0.004031
0.004053
0.004075
0.004095
0.004113
0.004129
0.004143
0.004154
0.004164
0.004172
0.004179
0.004183
0.004187
0.004188
0.004188
0.004187
0.004186
0.004184
0.004181
0.004178
0.004175
0.004171
0.004170
0.004167
0.004165
0.004164
0.004165
0.004166
0.004169
0.004172
0.004177
0.004185
0.004195
0.004206
0.004218
0.004232
0.004248
0.004265
0.004285
0.004307
0.004331
0.004356
0.004384
0.004414
0.004444
0.004476
0.004509
0.004542
0.004577
0.004613
0.004650
0.004687
0.004723
0.004759
0.004795
0.004829
0.004862
0.004893
0.004923
0.004950
0.004975
0.004999
0.005020
0.005038
0.005053
0.005065
0.005073
0.005078
0.005079
0.005076
0.005070
0.005061
0.005048
0.005031
0.005011
0.004989
0.004963
0.004935
0.004904
0.004870
0.004834
0.004796
0.004756
0.004716
0.004674
0.004629
0.004585
0.004542
0.004498
0.004453
0.004409
0.004367
0.004326
0.004286
0.004248
0.004212
0.004178
0.004146
0.004117
0.004091
0.004068
0.004047
0.004030
0.004015
0.004002
0.003993
0.003987
0.003984
0.003984
0.003987
0.003992
0.004000
0.004010
0.004022
0.004036
0.004051
0.004068
0.004087
0.004106
0.004124
0.004144
0.004163
0.004182
0.004201
0.004219
0.004234
0.004250
0.004264
0.004276
0.004286
0.004294
0.004300
0.004301
0.004300
0.004296
0.004290
0.004279
0.004266
0.004249
0.004229
0.004206
0.004180
0.004151
0.004118
0.004083
0.004044
0.004004
0.003961
0.003915
0.003868
0.003819
0.003769
0.003718
0.003665
0.003610
0.003557
0.003503
0.003450
0.003396
0.003344
0.003293
0.003244
0.003195
0.003149
0.003107
0.003065
0.003028
0.002993
0.002960
0.002930
0.002904
0.002880
0.002860
0.002844
0.002832
0.002823
0.002817
0.002815
0.002815
0.002819
0.002826
0.002836
0.002849
0.002864
0.002881
0.002901
0.002921
0.002944
0.002966
0.002991
0.003016
0.003041
0.003067
0.003092
0.003116
0.003140
0.003163
0.003184
0.003203
0.003220
0.003237
0.003250
0.003262
0.003271
0.003277
0.003281
0.003282
0.003281
0.003276
0.003268
0.003258
0.003245
0.003230
0.003211
0.003190
0.003166
0.003140
0.003111
0.003079
0.003045
0.003009
0.002970
0.002929
0.002886
0.002842
0.002795
0.002747
0.002696
0.002644
0.002590
0.002536
0.002479
0.002422
0.002363
0.002304
0.002245
0.002185
0.002126
0.002066
0.002006
0.001946
0.001886
0.001826
0.001767
0.001710
0.001653
0.001597
0.001543
0.001490
0.001438
0.001388
0.001340
0.001294
0.001249
0.001207
0.001167
0.001129
0.001093
0.001059
0.001027
0.000997
0.000969
0.000945
0.000921
0.000900
0.000880
0.000862
0.000848
0.000835
0.000824
0.000813
0.000805
0.000798
0.000790
0.000785
0.000779
0.000774
0.000770
0.000765
0.000761
0.000756
0.000749
0.000742
0.000735
0.000725
0.000714
0.000701
0.000687
0.000672
0.000654
0.000635
0.000614
0.000592
0.000567
0.000541
0.000512
0.000481
0.000449
0.000415
0.000379
0.000341
0.000303
0.000264
0.000224
0.000183
0.000141
0.000098
0.000054
0.000011
-0.000032
-0.000076
-0.000119
-0.000160
-0.000201
-0.000242
-0.000282
-0.000322
-0.000360
-0.000398
-0.000433
-0.000468
-0.000502
-0.000534
-0.000567
-0.000597
-0.000626
-0.000654
-0.000682
-0.000709
-0.000736
-0.000761
-0.000785
-0.000809
-0.000835
-0.000858
-0.000882
-0.000905
-0.000929
-0.000952
-0.000976
-0.001002
-0.001027
-0.001052
-0.001077
-0.001105
-0.001131
-0.001158
-0.001186
-0.001214
-0.001243
-0.001273
-0.001303
-0.001333
-0.001363
-0.001393
-0.001425
-0.001454
-0.001484
-0.001516
-0.001544
-0.001572
-0.001600
-0.001628
-0.001655
-0.001681
-0.001708
-0.001733
-0.001757
-0.001779
-0.001803
-0.001823
-0.001842
-0.001861
-0.001879
-0.001896
-0.001913
-0.001930
-0.001945
-0.001960
-0.001975
-0.001990
-0.002005
-0.002020
-0.002035
-0.002052
-0.002069
-0.002085
-0.002103
-0.002121
-0.002139
-0.002159
-0.002180
-0.002201
-0.002223
-0.002247
-0.002272
-0.002297
-0.002323
-0.002351
-0.002380
-0.002410
-0.002442
-0.002473
-0.002506
-0.002541
-0.002575
-0.002609
-0.002645
-0.002680
-0.002717
-0.002753
-0.002789
-0.002826
-0.002864
-0.002900
-0.002936
-0.002973
-0.003009
-0.003043
-0.003078
-0.003112
-0.003146
-0.003178
-0.003209
-0.003241
-0.003273
-0.003302
-0.003331
-0.003360
-0.003390
-0.003418
-0.003446
-0.003474
-0.003501
-0.003528
-0.003554
-0.003579
-0.003603
-0.003628
-0.003650
-0.003673
-0.003696
-0.003717
-0.003737
-0.003758
-0.003777
-0.003795
-0.003813
-0.003829
-0.003844
-0.003858
-0.003872
-0.003884
-0.003894
-0.003902
-0.003907
-0.003912
-0.003914
-0.003913
-0.003912
-0.003907
-0.003901
-0.003894
-0.003885
-0.003875
-0.003863
-0.003849
-0.003834
-0.003818
-0.003801
-0.003783
-0.003764
-0.003743
-0.003723
-0.003703
-0.003682
-0.003662
-0.003643
-0.003624
-0.003605
-0.003588
-0.003573
-0.003559
-0.003547
-0.003537
-0.003530
-0.003524
-0.003521
-0.003521
-0.003522
-0.003526
-0.003533
-0.003542
-0.003555
-0.003570
-0.003586
-0.003606
-0.003627
-0.003650
-0.003676
-0.003702
-0.003732
-0.003762
-0.003793
-0.003824
-0.003856
-0.003890
-0.003923
-0.003956
-0.003989
-0.004020
-0.004051
-0.004082
-0.004111
-0.004140
-0.004167
-0.004193
-0.004217
-0.004238
-0.004258
-0.004275
-0.004290
-0.004303
-0.004315
-0.004325
-0.004333
-0.004340
-0.004346
-0.004348
-0.004349
-0.004350
-0.004348
-0.004346
-0.004342
-0.004336
-0.004328
-0.004320
-0.004312
-0.004303
-0.004294
-0.004283
-0.004272
-0.004261
-0.004249
-0.004237
-0.004225
-0.004212
-0.004200
-0.004189
-0.004177
-0.004167
-0.004156
-0.004146
-0.004136
-0.004126
-0.004118
-0.004111
-0.004104
-0.004098
-0.004093
-0.004087
-0.004083
-0.004080
-0.004078
-0.004077
-0.004076
-0.004077
-0.004079
-0.004082
-0.004086
-0.004092
-0.004098
-0.004106
-0.004116
-0.004127
-0.004138
-0.004151
-0.004164
-0.004178
-0.004194
-0.004210
-0.004227
-0.004245
-0.004263
-0.004282
-0.004300
-0.004320
-0.004340
-0.004359
-0.004379
-0.004398
-0.004418
-0.004437
-0.004456
-0.004475
-0.004492
-0.004509
-0.004524
-0.004538
-0.004551
-0.004563
-0.004574
-0.004583
-0.004589
-0.004595
-0.004599
-0.004601
-0.004600
-0.004598
-0.004594
-0.004590
-0.004582
-0.004573
-0.004564
-0.004553
-0.004539
-0.004524
-0.004509
-0.004492
-0.004473
-0.004454
-0.004435
-0.004414
-0.004394
-0.004372
-0.004351
-0.004330
-0.004307
-0.004285
-0.004262
-0.004239
-0.004217
-0.004195
-0.004173
-0.004151
-0.004130
-0.004108
-0.004087
-0.004066
-0.004045
-0.004024
-0.004002
-0.003981
-0.003961
-0.003940
-0.003919
-0.003898
-0.003876
-0.003854
-0.003832
-0.003810
-0.003788
-0.003764
-0.003740
-0.003716
-0.003690
-0.003664
-0.003638
-0.003610
-0.003581
-0.003554
-0.003527
-0.003498
-0.003469
-0.003440
-0.003411
-0.003382
-0.003353
-0.003326
-0.003298
-0.003270
-0.003243
-0.003217
-0.003193
-0.003169
-0.003146
-0.003125
-0.003105
-0.003087
-0.003070
-0.003056
-0.003042
-0.003030
-0.003020
-0.003010
-0.003003
-0.002996
-0.002991
-0.002986
-0.002983
-0.002981
-0.002979
-0.002979
-0.002978
-0.002978
-0.002978
-0.002977
-0.002977
-0.002977
-0.002975
-0.002973
-0.002970
-0.002966
-0.002960
-0.002952
-0.002942
-0.002930
-0.002917
-0.002902
-0.002885
-0.002864
-0.002842
-0.002817
-0.002788
-0.002757
-0.002723
-0.002687
-0.002649
-0.002608
-0.002565
-0.002520
-0.002473
-0.002424
-0.002373
-0.002321
-0.002266
-0.002210
-0.002154
-0.002098
-0.002041
-0.001984
-0.001927
-0.001870
-0.001812
-0.001756
-0.001700
-0.001646
-0.001594
-0.001543
-0.001494
-0.001447
-0.001402
-0.001359
-0.001320
-0.001284
-0.001250
-0.001219
-0.001190
-0.001164
-0.001143
-0.001123
-0.001105
-0.001092
-0.001080
-0.001072
-0.001066
-0.001064
-0.001063
-0.001064
-0.001066
-0.001070
-0.001075
-0.001082
-0.001089
-0.001096
-0.001102
-0.001108
-0.001114
-0.001120
-0.001124
-0.001127
-0.001127
-0.001125
-0.001122
-0.001116
-0.001106
-0.001093
-0.001078
-0.001059
-0.001038
-0.001013
-0.000986
-0.000955
-0.000920
-0.000882
-0.000841
-0.000797
-0.000749
-0.000698
-0.000645
-0.000591
-0.000534
-0.000476
-0.000416
-0.000355
-0.000293
-0.000231
-0.000169
-0.000108
-0.000048
0.000012
0.000070
0.000126
0.000180
0.000231
0.000279
0.000324
0.000365
0.000403
0.000438
0.000469
0.000496
0.000520
0.000539
0.000555
0.000567
0.000574
0.000579
0.000580
0.000577
0.000572
0.000562
0.000550
0.000536
0.000520
0.000503
0.000483
0.000464
0.000444
0.000424
0.000405
0.000387
0.000371
0.000357
0.000344
0.000334
0.000325
0.000320
0.000318
0.000319
0.000324
0.000333
0.000346
0.000362
0.000383
0.000407
0.000434
0.000466
0.000502
0.000542
0.000585
0.000632
0.000682
0.000735
0.000791
0.000850
0.000910
0.000971
0.001034
0.001100
0.001166
0.001232
0.001298
0.001363
0.001430
0.001495
0.001560
0.001623
0.001686
0.001746
0.001806
0.001864
0.001919
0.001974
0.002026
0.002077
0.002126
0.002172
0.002216
0.002257
0.002296
0.002332
0.002366
0.002398
0.002427
0.002456
0.002482
0.002507
0.002531
0.002553
0.002574
0.002594
0.002614
0.002631
0.002647
0.002663
0.002680
0.002695
0.002710
0.002725
0.002740
0.002755
0.002770
0.002785
0.002799
0.002812
0.002827
0.002840
0.002854
0.002867
0.002880
0.002894
0.002906
0.002920
0.002932
0.002945
0.002957
0.002968
0.002980
0.002991
0.003002
0.003013
0.003023
0.003034
0.003044
0.003055
0.003065
0.003076
0.003087
0.003098
0.003109
0.003120
0.003133
0.003145
0.003157
0.003172
0.003187
0.003202
0.003218
0.003235
0.003252
0.003272
0.003292
0.003315
0.003339
0.003365
0.003394
0.003423
0.003454
0.003487
0.003520
0.003556
0.003593
0.003630
0.003668
0.003708
0.003747
0.003789
0.003830
0.003871
0.003913
0.003955
0.003998
0.004041
0.004082
0.004124
0.004164
0.004203
0.004240
0.004277
0.004312
0.004345
0.004375
0.004403
0.004428
0.004451
0.004472
0.004489
0.004504
0.004516
0.004524
0.004530
0.004532
0.004532
0.004528
0.004522
0.004514
0.004502
0.004487
0.004469
0.004449
0.004427
0.004403
0.004378
0.004351
0.004322
0.004292
0.004261
0.004230
0.004198
0.004167
0.004136
0.004106
0.004077
0.004046
0.004017
0.003989
0.003962
0.003938
0.003915
0.003896
0.003878
0.003863
0.003850
0.003838
0.003829
0.003823
0.003820
0.003820
0.003822
0.003826
0.003833
0.003843
0.003855
0.003870
0.003886
0.003902
0.003921
0.003941
0.003964
0.003988
0.004014
0.004041
0.004068
0.004096
0.004125
0.004154
0.004182
0.004211
0.004240
0.004268
0.004296
0.004323
0.004348
0.004373
0.004398
0.004422
0.004445
0.004465
0.004486
0.004506
0.004525
0.004542
0.004559
0.004573
0.004587
0.004601
0.004614
0.004625
0.004635
0.004644
0.004652
0.004659
0.004666
0.004672
0.004675
0.004679
0.004682
0.004684
0.004686
0.004687
0.004687
0.004686
0.004684
0.004681
0.004677
0.004672
0.004666
0.004659
0.004651
0.004641
0.004631
0.004622
0.004610
0.004596
0.004582
0.004567
0.004551
0.004533
0.004513
0.004493
0.004472
0.004451
0.004428
0.004405
0.004382
0.004357
0.004332
0.004309
0.004285
0.004260
0.004237
0.004214
0.004191
0.004172
0.004153
0.004135
0.004120
0.004107
0.004096
0.004087
0.004081
0.004077
0.004075
0.004077
0.004081
0.004089
0.004099
0.004111
0.004126
0.004143
0.004161
0.004184
0.004208
0.004234
0.004261
0.004290
0.004320
0.004352
0.004385
0.004416
0.004447
0.004477
0.004507
0.004534
0.004559
0.004582
0.004601
0.004618
0.004631
0.004641
0.004647
0.004647
0.004644
0.004635
0.004622
0.004603
0.004581
0.004552
0.004517
0.004478
0.004435
0.004386
0.004333
0.004276
0.004214
0.004146
0.004078
0.004006
0.003931
0.003854
0.003775
0.003695
0.003615
0.003536
0.003454
0.003376
0.003299
0.003224
0.003150
0.003080
0.003012
0.002947
0.002886
0.002829
0.002775
0.002725
0.002679
0.002639
0.002603
0.002572
0.002547
0.002526
0.002509
0.002496
0.002488
0.002484
0.002483
0.002484
0.002489
0.002496
0.002506
0.002517
0.002530
0.002545
0.002561
0.002577
0.002592
0.002607
0.002622
0.002637
0.002650
0.002662
0.002672
0.002681
0.002687
0.002691
0.002692
0.002691
0.002687
0.002681
0.002673
0.002662
0.002648
0.002631
0.002611
0.002591
0.002567
0.002543
0.002516
0.002489
0.002459
0.002429
0.002396
0.002363
0.002328
0.002293
0.002258
0.002221
0.002184
0.002147
0.002109
0.002072
0.002035
0.001998
0.001963
0.001926
0.001889
0.001853
0.001817
0.001781
0.001746
0.001711
0.001675
0.001638
0.001603
0.001566
0.001528
0.001490
0.001451
0.001413
0.001374
0.001334
0.001294
0.001254
0.001214
0.001173
0.001133
0.001092
0.001051
0.001010
0.000970
0.000929
0.000889
0.000849
0.000808
0.000770
0.000731
0.000695
0.000659
0.000625
0.000590
0.000558
0.000526
0.000497
0.000468
0.000441
0.000415
0.000391
0.000368
0.000346
0.000326
0.000307
0.000289
0.000273
0.000258
0.000243
0.000228
0.000214
0.000201
0.000189
0.000177
0.000166
0.000154
0.000142
0.000129
0.000115
0.000101
0.000086
0.000071
0.000054
0.000037
0.000017
-0.000005
-0.000026
-0.000048
-0.000072
-0.000097
-0.000122
-0.000149
-0.000176
-0.000204
-0.000234
-0.000264
-0.000295
-0.000328
-0.000359
-0.000392
-0.000426
-0.000459
-0.000494
-0.000528
-0.000562
-0.000596
-0.000631
-0.000667
-0.000701
-0.000735
-0.000770
-0.000804
-0.000838
-0.000872
-0.000908
-0.000943
-0.000977
-0.001013
-0.001048
-0.001083
-0.001118
-0.001153
-0.001188
-0.001223
-0.001259
-0.001295
-0.001329
-0.001364
-0.001399
-0.001433
-0.001466
-0.001500
-0.001533
-0.001566
-0.001599
-0.001631
-0.001662
-0.001692
-0.001720
-0.001748
-0.001775
-0.001801
-0.001825
-0.001847
-0.001868
-0.001888
-0.001906
-0.001923
-0.001938
-0.001952
-0.001964
-0.001975
-0.001985
-0.001995
-0.002002
-0.002009
-0.002015
-0.002020
-0.002024
-0.002029
-0.002033
-0.002038
-0.002044
-0.002049
-0.002056
-0.002065
-0.002074
-0.002085
-0.002098
-0.002113
-0.002131
-0.002151
-0.002173
-0.002197
-0.002224
-0.002254
-0.002287
-0.002322
-0.002360
-0.002400
-0.002443
-0.002488
-0.002534
-0.002583
-0.002631
-0.002682
-0.002733
-0.002786
-0.002840
-0.002894
-0.002947
-0.002999
-0.003050
-0.003099
-0.003147
-0.003192
-0.003234
-0.003275
-0.003312
-0.003347
-0.003377
-0.003403
-0.003427
-0.003446
-0.003459
-0.003469
-0.003476
-0.003477
-0.003475
-0.003468
-0.003458
-0.003445
-0.003430
-0.003411
-0.003390
-0.003366
-0.003342
-0.003315
-0.003287
-0.003260
-0.003232
-0.003204
-0.003177
-0.003150
-0.003126
-0.003101
-0.003081
-0.003062
-0.003046
-0.003032
-0.003022
-0.003015
-0.003013
-0.003013
-0.003017
-0.003027
-0.003040
-0.003056
-0.003076
-0.003099
-0.003126
-0.003155
-0.003188
-0.003222
-0.003260
-0.003297
-0.003336
-0.003376
-0.003416
-0.003456
-0.003498
-0.003537
-0.003576
-0.003613
-0.003648
-0.003679
-0.003709
-0.003735
-0.003757
-0.003775
-0.003789
-0.003799
-0.003805
-0.003807
-0.003805
-0.003800
-0.003789
-0.003775
-0.003756
-0.003736
-0.003711
-0.003683
-0.003651
-0.003617
-0.003581
-0.003545
-0.003506
-0.003466
-0.003424
-0.003383
-0.003342
-0.003301
-0.003262
-0.003225
-0.003190
-0.003157
-0.003128
-0.003101
-0.003078
-0.003059
-0.003044
-0.003031
-0.003024
-0.003021
-0.003022
-0.003026
-0.003036
-0.003050
-0.003067
-0.003090
-0.003115
-0.003145
-0.003177
-0.003214
-0.003253
-0.003296
-0.003340
-0.003386
-0.003433
-0.003481
-0.003531
-0.003581
-0.003631
-0.003680
-0.003729
-0.003776
-0.003824
-0.003868
-0.003912
-0.003953
-0.003991
-0.004026
-0.004059
-0.004089
-0.004116
-0.004139
-0.004159
-0.004175
-0.004189
-0.004198
-0.004205
-0.004206
-0.004205
-0.004202
-0.004196
-0.004188
-0.004176
-0.004163
-0.004148
-0.004131
-0.004112
-0.004093
-0.004071
-0.004051
-0.004029
-0.004008
-0.003987
-0.003967
-0.003947
-0.003930
-0.003912
-0.003896
-0.003882
-0.003871
-0.003861
-0.003854
-0.003847
-0.003844
-0.003842
-0.003843
-0.003844
-0.003848
-0.003854
-0.003861
-0.003870
-0.003880
-0.003891
-0.003904
-0.003918
-0.003933
-0.003949
-0.003964
-0.003980
-0.003996
-0.004012
-0.004028
-0.004044
-0.004059
-0.004074
-0.004088
-0.004100
-0.004112
-0.004122
-0.004133
-0.004141
-0.004148
-0.004155
-0.004161
-0.004165
-0.004169
-0.004170
-0.004173
-0.004174
-0.004175
-0.004173
-0.004171
-0.004169
-0.004166
-0.004162
-0.004158
-0.004152
-0.004147
-0.004142
-0.004135
-0.004128
-0.004121
-0.004115
-0.004108
-0.004099
-0.004091
-0.004082
-0.004073
-0.004061
-0.004050
-0.004036
-0.004022
-0.004007
-0.003989
-0.003971
-0.003951
-0.003930
-0.003907
-0.003883
-0.003857
-0.003829
-0.003799
-0.003769
-0.003736
-0.003703
-0.003668
-0.003632
-0.003596
-0.003557
-0.003518
-0.003478
-0.003437
-0.003394
-0.003351
-0.003309
-0.003267
-0.003224
-0.003182
-0.003142
-0.003101
-0.003063
-0.003025
-0.002988
-0.002954
-0.002922
-0.002891
-0.002861
-0.002833
-0.002807
-0.002782
-0.002760
-0.002738
-0.002718
-0.002700
-0.002684
-0.002670
-0.002658
-0.002647
-0.002638
-0.002629
-0.002623
-0.002617
-0.002612
-0.002607
-0.002604
-0.002600
-0.002598
-0.002595
-0.002591
-0.002588
-0.002584
-0.002579
-0.002574
-0.002568
-0.002561
-0.002554
-0.002546
-0.002536
-0.002527
-0.002518
-0.002508
-0.002497
-0.002486
-0.002475
-0.002463
-0.002450
-0.002436
-0.002422
-0.002408
-0.002396
-0.002383
-0.002370
-0.002357
-0.002345
-0.002333
-0.002322
-0.002311
-0.002300
-0.002291
-0.002281
-0.002272
-0.002265
-0.002257
-0.002248
-0.002241
-0.002233
-0.002225
-0.002218
-0.002211
-0.002204
-0.002195
-0.002188
-0.002178
-0.002169
-0.002159
-0.002147
-0.002133
-0.002119
-0.002105
-0.002088
-0.002070
-0.002051
-0.002031
-0.002009
-0.001985
-0.001962
-0.001937
-0.001909
-0.001881
-0.001851
-0.001821
-0.001790
-0.001757
-0.001723
-0.001689
-0.001654
-0.001618
-0.001583
-0.001546
-0.001509
-0.001473
-0.001437
-0.001402
-0.001367
-0.001332
-0.001296
-0.001261
-0.001226
-0.001192
-0.001158
-0.001125
-0.001092
-0.001060
-0.001027
-0.000995
-0.000965
-0.000934
-0.000903
-0.000873
-0.000843
-0.000813
-0.000782
-0.000751
-0.000720
-0.000689
-0.000658
-0.000626
-0.000594
-0.000562
-0.000530
-0.000497
-0.000465
-0.000432
-0.000399
-0.000367
-0.000335
-0.000302
-0.000270
-0.000240
-0.000209
-0.000178
-0.000148
-0.000120
-0.000092
-0.000065
-0.000038
-0.000012
0.000011
0.000034
0.000056
0.000076
0.000096
0.000114
0.000132
0.000150
0.000165
0.000182
0.000197
0.000212
0.000226
0.000241
0.000255
0.000270
0.000286
0.000303
0.000322
0.000341
0.000362
0.000385
0.000409
0.000435
0.000464
0.000495
0.000530
0.000566
0.000605
0.000646
0.000690
0.000734
0.000782
0.000831
0.000883
0.000936
0.000992
0.001047
0.001105
0.001164
0.001222
0.001279
0.001336
0.001393
0.001449
0.001504
0.001558
0.001609
0.001659
0.001707
0.001752
0.001796
0.001836
0.001874
0.001908
0.001940
0.001968
0.001994
0.002016
0.002036
0.002052
0.002065
0.002076
0.002085
0.002092
0.002096
0.002098
0.002099
0.002098
0.002095
0.002092
0.002087
0.002082
0.002076
0.002070
0.002063
0.002058
0.002052
0.002048
0.002044
0.002040
0.002038
0.002037
0.002038
0.002039
0.002042
0.002046
0.002051
0.002059
0.002068
0.002078
0.002088
0.002099
0.002111
0.002123
0.002136
0.002151
0.002165
0.002182
0.002199
0.002216
0.002233
0.002253
0.002271
0.002289
0.002306
0.002324
0.002342
0.002361
0.002379
0.002396
0.002414
0.002433
0.002450
0.002470
0.002489
0.002509
0.002529
0.002548
0.002570
0.002592
0.002616
0.002639
0.002664
0.002688
0.002714
0.002740
0.002768
0.002796
0.002825
0.002856
0.002886
0.002917
0.002949
0.002982
0.003015
0.003048
0.003082
0.003116
0.003150
0.003185
0.003219
0.003253
0.003286
0.003318
0.003348
0.003377
0.003406
0.003433
0.003458
0.003480
0.003503
0.003522
0.003540
0.003557
0.003572
0.003585
0.003597
0.003608
0.003617
0.003624
0.003630
0.003634
0.003636
0.003638
0.003637
0.003634
0.003630
0.003626
0.003619
0.003614
0.003609
0.003603
0.003597
0.003591
0.003585
0.003580
0.003575
0.003572
0.003569
0.003568
0.003568
0.003569
0.003570
0.003573
0.003577
0.003581
0.003587
0.003595
0.003604
0.003615
0.003626
0.003639
0.003653
0.003669
0.003686
0.003703
0.003720
0.003740
0.003759
0.003779
0.003800
0.003821
0.003843
0.003865
0.003888
0.003909
0.003931
0.003951
0.003971
0.003990
0.004009
0.004028
0.004045
0.004062
0.004077
0.004092
0.004106
0.004119
0.004130
0.004140
0.004148
0.004157
0.004164
0.004168
0.004173
0.004176
0.004178
0.004179
0.004178
0.004176
0.004174
0.004171
0.004167
0.004163
0.004158
0.004153
0.004146
0.004138
0.004129
0.004121
0.004111
0.004101
0.004092
0.004081
0.004070
0.004059
0.004048
0.004037
0.004025
0.004014
0.004004
0.003993
0.003982
0.003973
0.003963
0.003954
0.003945
0.003937
0.003929
0.003922
0.003914
0.003907
0.003901
0.003896
0.003890
0.003884
0.003879
0.003876
0.003874
0.003872
0.003871
0.003871
0.003871
0.003871
0.003872
0.003874
0.003875
0.003877
0.003881
0.003882
0.003884
0.003886
0.003888
0.003890
0.003891
0.003893
0.003895
0.003896
0.003896
0.003896
0.003894
0.003893
0.003891
0.003886
0.003882
0.003878
0.003871
0.003864
0.003855
0.003844
0.003833
0.003821
0.003808
0.003794
0.003778
0.003761
0.003743
0.003724
0.003704
0.003683
0.003661
0.003639
0.003617
0.003594
0.003571
0.003547
0.003524
0.003500
0.003477
0.003454
0.003431
0.003409
0.003387
0.003366
0.003346
0.003328
0.003309
0.003291
0.003276
0.003261
0.003248
0.003237
0.003227
0.003220
0.003213
0.003206
0.003201
0.003198
0.003195
0.003193
0.003192
0.003193
0.003194
0.003196
0.003199
0.003203
0.003206
0.003210
0.003213
0.003217
0.003219
0.003219
0.003219
0.003219
0.003217
0.003213
0.003207
0.003201
0.003191
0.003181
0.003168
0.003154
0.003137
0.003119
0.003098
0.003074
0.003049
0.003022
0.002994
0.002964
0.002933
0.002900
0.002865
0.002829
0.002793
0.002757
0.002719
0.002681
0.002642
0.002603
0.002564
0.002527
0.002489
0.002454
0.002419
0.002386
0.002353
0.002322
0.002291
0.002262
0.002233
0.002207
0.002181
0.002158
0.002135
0.002114
0.002095
0.002077
0.002059
0.002043
0.002027
0.002011
0.001995
0.001981
0.001966
0.001951
0.001936
0.001920
0.001904
0.001886
0.001868
0.001849
0.001827
0.001805
0.001781
0.001756
0.001730
0.001701
0.001671
0.001640
0.001606
0.001572
0.001535
0.001497
0.001459
0.001420
0.001379
0.001337
0.001295
0.001253
0.001209
0.001166
0.001124
0.001082
0.001040
0.000999
0.000959
0.000919
0.000880
0.000843
0.000807
0.000772
0.000740
0.000709
0.000681
0.000655
0.000631
0.000607
0.000586
0.000566
0.000549
0.000532
0.000518
0.000506
0.000492
0.000481
0.000469
0.000458
0.000447
0.000436
0.000425
0.000413
0.000399
0.000385
0.000370
0.000353
0.000336
0.000316
0.000295
0.000271
0.000245
0.000215
0.000184
0.000150
0.000115
0.000077
0.000038
-0.000005
-0.000050
-0.000097
-0.000146
-0.000198
-0.000249
-0.000302
-0.000356
-0.000411
-0.000466
-0.000520
-0.000573
-0.000627
-0.000678
-0.000728
-0.000778
-0.000825
-0.000871
-0.000915
-0.000955
-0.000993
-0.001028
-0.001061
-0.001090
-0.001116
-0.001139
-0.001159
-0.001176
-0.001190
-0.001201
-0.001210
-0.001217
-0.001221
-0.001222
-0.001223
-0.001221
-0.001219
-0.001215
-0.001211
-0.001206
-0.001201
-0.001196
-0.001192
-0.001189
-0.001187
-0.001186
-0.001187
-0.001188
-0.001192
-0.001198
-0.001206
-0.001216
-0.001228
-0.001242
-0.001259
-0.001278
-0.001299
-0.001323
-0.001349
-0.001377
-0.001406
-0.001436
-0.001467
-0.001500
-0.001533
-0.001567
-0.001603
-0.001638
-0.001675
-0.001711
-0.001747
-0.001783
-0.001819
-0.001854
-0.001891
-0.001926
-0.001959
-0.001993
-0.002026
-0.002058
-0.002090
-0.002121
-0.002152
-0.002182
-0.002212
-0.002241
-0.002270
-0.002299
-0.002327
-0.002354
-0.002381
-0.002409
-0.002437
-0.002465
-0.002493
-0.002522
-0.002550
-0.002579
-0.002608
-0.002637
-0.002667
-0.002695
-0.002725
-0.002754
-0.002781
-0.002809
-0.002837
-0.002863
-0.002887
-0.002911
-0.002932
-0.002953
-0.002971
-0.002989
-0.003004
-0.003018
-0.003030
-0.003039
-0.003046
-0.003051
-0.003052
-0.003054
-0.003051
-0.003047
-0.003041
-0.003033
-0.003023
-0.003012
-0.002999
-0.002986
-0.002972
-0.002959
-0.002944
-0.002930
-0.002916
-0.002904
-0.002893
-0.002884
-0.002878
-0.002873
-0.002870
-0.002871
-0.002874
-0.002880
-0.002890
-0.002903
-0.002919
-0.002939
-0.002961
-0.002988
-0.003018
-0.003051
-0.003087
-0.003126
-0.003168
-0.003213
-0.003261
-0.003311
-0.003361
-0.003412
-0.003465
-0.003517
-0.003570
-0.003622
-0.003673
-0.003722
-0.003770
-0.003816
-0.003860
-0.003902
-0.003940
-0.003975
-0.004006
-0.004035
-0.004059
-0.004079
-0.004095
-0.004108
-0.004117
-0.004122
-0.004123
-0.004122
-0.004117
-0.004110
-0.004098
-0.004086
-0.004072
-0.004055
-0.004038
-0.004017
-0.003997
-0.003977
-0.003958
-0.003939
-0.003921
-0.003904
-0.003887
-0.003872
-0.003860
-0.003849
-0.003841
-0.003835
-0.003831
-0.003830
-0.003831
-0.003835
-0.003842
-0.003852
-0.003864
-0.003880
-0.003897
-0.003916
-0.003936
-0.003957
-0.003981
-0.004006
-0.004031
-0.004057
-0.004083
-0.004108
-0.004134
-0.004160
-0.004184
-0.004208
-0.004229
-0.004249
-0.004268
-0.004285
-0.004299
-0.004310
-0.004319
-0.004327
-0.004332
-0.004334
-0.004333
-0.004330
-0.004325
-0.004318
-0.004308
-0.004297
-0.004283
-0.004268
-0.004251
-0.004232
-0.004212
-0.004190
-0.004167
-0.004144
-0.004121
-0.004099
-0.004077
-0.004055
-0.004033
-0.004013
-0.003995
-0.003976
-0.003960
-0.003947
-0.003934
-0.003924
-0.003915
-0.003908
-0.003903
-0.003902
-0.003902
-0.003904
-0.003909
-0.003916
-0.003927
-0.003939
-0.003953
-0.003970
-0.003989
-0.004010
-0.004032
-0.004056
-0.004080
-0.004107
-0.004135
-0.004162
-0.004191
-0.004221
-0.004251
-0.004280
-0.004311
-0.004341
-0.004369
-0.004399
-0.004427
-0.004454
-0.004479
-0.004503
-0.004525
-0.004546
-0.004563
-0.004579
-0.004592
-0.004604
-0.004614
-0.004620
-0.004624
-0.004625
-0.004623
-0.004618
-0.004610
-0.004600
-0.004589
-0.004575
-0.004558
-0.004539
-0.004518
-0.004495
-0.004472
-0.004446
-0.004421
-0.004395
-0.004368
-0.004342
-0.004314
-0.004286
-0.004260
-0.004233
-0.004206
-0.004181
-0.004156
-0.004133
-0.004112
-0.004091
-0.004073
-0.004056
-0.004040
-0.004025
-0.004011
-0.003999
-0.003987
-0.003975
-0.003965
-0.003955
-0.003947
-0.003937
-0.003927
-0.003918
-0.003908
-0.003896
-0.003883
-0.003869
-0.003853
-0.003836
-0.003815
-0.003794
-0.003769
-0.003742
-0.003712
-0.003680
-0.003646
-0.003608
-0.003568
-0.003524
-0.003479
-0.003431
-0.003379
-0.003327
-0.003273
-0.003218
-0.003160
-0.003102
-0.003044
-0.002984
-0.002924
-0.002864
-0.002805
-0.002746
-0.002688
-0.002631
-0.002575
-0.002522
-0.002472
-0.002424
-0.002378
-0.002335
-0.002296
-0.002258
-0.002223
-0.002193
-0.002167
-0.002143
-0.002122
-0.002105
-0.002091
-0.002080
-0.002071
-0.002066
-0.002064
-0.002064
-0.002067
-0.002072
-0.002079
-0.002087
-0.002098
-0.002109
-0.002121
-0.002134
-0.002148
-0.002161
-0.002174
-0.002187
-0.002199
-0.002211
-0.002222
-0.002231
-0.002239
-0.002246
-0.002250
-0.002254
-0.002254
-0.002253
-0.002250
-0.002245
-0.002238
-0.002227
-0.002214
-0.002201
-0.002184
-0.002165
-0.002144
-0.002120
-0.002094
-0.002066
-0.002036
-0.002003
-0.001969
-0.001932
-0.001892
-0.001852
-0.001809
-0.001765
-0.001719
-0.001671
-0.001622
-0.001572
-0.001520
-0.001468
-0.001414
-0.001360
-0.001305
-0.001249
-0.001194
-0.001139
-0.001083
-0.001027
-0.000973
-0.000918
-0.000865
-0.000813
-0.000762
-0.000712
-0.000663
-0.000615
-0.000568
-0.000524
-0.000482
-0.000442
-0.000402
-0.000365
-0.000330
-0.000297
-0.000266
-0.000237
-0.000210
-0.000186
-0.000163
-0.000143
-0.000125
-0.000110
-0.000095
-0.000081
-0.000070
-0.000060
-0.000052
-0.000044
-0.000038
-0.000032
-0.000026
-0.000021
-0.000016
-0.000012
-0.000008
-0.000003
0.000002
0.000007
0.000011
0.000018
0.000024
0.000032
0.000041
0.000049
0.000059
0.000070
0.000080
0.000092
0.000105
0.000118
0.000130
0.000144
0.000158
0.000173
0.000187
0.000202
0.000216
0.000230
0.000244
0.000258
0.000270
0.000282
0.000293
0.000304
0.000315
0.000324
0.000332
0.000340
0.000348
0.000355
0.000362
0.000368
0.000373
0.000378
0.000382
0.000386
0.000391
0.000395
0.000400
0.000405
0.000411
0.000419
0.000428
0.000436
0.000446
0.000459
0.000473
0.000488
0.000506
0.000525
0.000547
0.000570
0.000595
0.000622
0.000651
0.000681
0.000714
0.000749
0.000785
0.000824
0.000864
0.000905
0.000948
0.000994
0.001040
0.001088
0.001136
0.001185
0.001235
0.001286
0.001335
0.001386
0.001438
0.001490
0.001541
0.001591
0.001642
0.001691
0.001741
0.001789
0.001837
0.001884
0.001930
0.001973
0.002017
0.002059
0.002102
0.002143
0.002181
0.002220
0.002257
0.002295
0.002330
0.002365
0.002399
0.002433
0.002466
0.002498
0.002530
0.002561
0.002591
0.002621
0.002650
0.002677
0.002704
0.002730
0.002756
0.002780
0.002804
0.002827
0.002848
0.002868
0.002886
0.002903
0.002918
0.002933
0.002946
0.002958
0.002969
0.002977
0.002985
0.002991
0.002994
0.002997
0.002998
0.002998
0.002996
0.002994
0.002989
0.002986
0.002980
0.002974
0.002966
0.002958
0.002951
0.002944
0.002936
0.002928
0.002921
0.002914
0.002907
0.002900
0.002896
0.002891
0.002887
0.002885
0.002884
0.002885
0.002887
0.002890
0.002895
0.002900
0.002907
0.002914
0.002923
0.002934
0.002946
0.002957
0.002969
0.002982
0.002994
0.003006
0.003019
0.003032
0.003045
0.003058
0.003069
0.003080
0.003090
0.003100
0.003108
0.003117
0.003126
0.003133
0.003141
0.003146
0.003153
0.003159
0.003164
0.003169
0.003174
0.003180
0.003183
0.003188
0.003192
0.003197
0.003202
0.003207
0.003213
0.003219
0.003226
0.003232
0.003242
0.003251
0.003262
0.003274
0.003287
0.003302
0.003316
0.003331
0.003349
0.003367
0.003385
0.003405
0.003425
0.003445
0.003465
0.003487
0.003508
0.003528
0.003548
0.003568
0.003587
0.003605
0.003622
0.003638
0.003652
0.003665
0.003677
0.003687
0.003694
0.003700
0.003703
0.003706
0.003706
0.003705
0.003701
0.003696
0.003688
0.003678
0.003668
0.003657
0.003644
0.003631
0.003617
0.003602
0.003587
0.003571
0.003556
0.003540
0.003525
0.003510
0.003496
0.003483
0.003472
0.003461
0.003452
0.003445
0.003440
0.003437
0.003436
0.003438
0.003442
0.003448
0.003456
0.003467
0.003480
0.003495
0.003513
0.003532
0.003553
0.003576
0.003600
0.003625
0.003651
0.003678
0.003706
0.003733
0.003761
0.003788
0.003816
0.003844
0.003870
0.003894
0.003918
0.003940
0.003959
0.003977
0.003991
0.004004
0.004015
0.004023
0.004029
0.004032
0.004032
0.004029
0.004024
0.004017
0.004007
0.003994
0.003981
0.003965
0.003947
0.003927
0.003906
0.003883
0.003860
0.003838
0.003814
0.003789
0.003763
0.003740
0.003716
0.003692
0.003671
0.003650
0.003630
0.003612
0.003595
0.003581
0.003568
0.003558
0.003550
0.003543
0.003538
0.003535
0.003534
0.003535
0.003538
0.003542
0.003547
0.003554
0.003560
0.003569
0.003577
0.003586
0.003595
0.003603
0.003612
0.003619
0.003625
0.003631
0.003634
0.003636
0.003636
0.003635
0.003633
0.003627
0.003619
0.003607
0.003594
0.003578
0.003561
0.003540
0.003517
0.003492
0.003464
0.003434
0.003403
0.003368
0.003333
0.003297
0.003259
0.003220
0.003181
0.003140
0.003100
0.003059
0.003018
0.002979
0.002940
0.002902
0.002865
0.002829
0.002794
0.002760
0.002728
0.002698
0.002669
0.002643
0.002616
0.002592
0.002569
0.002547
0.002526
0.002507
0.002489
0.002471
0.002455
0.002439
0.002422
0.002406
0.002390
0.002376
0.002360
0.002344
0.002326
0.002308
0.002288
0.002266
0.002245
0.002221
0.002194
0.002166
0.002136
0.002103
0.002068
0.002031
0.001993
0.001952
0.001911
0.001868
0.001823
0.001778
0.001731
0.001685
0.001638
0.001591
0.001545
0.001498
0.001452
0.001408
0.001365
0.001325
0.001286
0.001251
0.001216
0.001185
0.001156
0.001130
0.001108
0.001088
0.001071
0.001058
0.001049
0.001042
0.001039
0.001039
0.001041
0.001046
0.001053
0.001063
0.001074
0.001088
0.001102
0.001118
0.001135
0.001150
0.001167
0.001183
0.001199
0.001214
0.001227
0.001238
0.001248
0.001254
0.001258
0.001260
0.001258
0.001254
0.001246
0.001234
0.001220
0.001202
0.001181
0.001157
0.001128
0.001096
0.001062
0.001026
0.000986
0.000945
0.000902
0.000856
0.000809
0.000760
0.000712
0.000664
0.000615
0.000568
0.000521
0.000476
0.000432
0.000389
0.000347
0.000308
0.000270
0.000235
0.000202
0.000170
0.000141
0.000114
0.000090
0.000069
0.000050
0.000033
0.000020
0.000009
0.000000
-0.000006
-0.000010
-0.000013
-0.000014
-0.000013
-0.000010
-0.000005
-0.000001
0.000003
0.000009
0.000014
0.000019
0.000022
0.000024
0.000027
0.000029
0.000029
0.000029
0.000026
0.000022
0.000017
0.000011
0.000004
-0.000005
-0.000016
-0.000028
-0.000042
-0.000058
-0.000075
-0.000094
-0.000114
-0.000135
-0.000157
-0.000180
-0.000205
-0.000230
-0.000257
-0.000283
-0.000310
-0.000336
-0.000363
-0.000391
-0.000420
-0.000449
-0.000479
-0.000510
-0.000540
-0.000572
-0.000605
-0.000637
-0.000670
-0.000704
-0.000738
-0.000773
-0.000808
-0.000843
-0.000879
-0.000915
-0.000951
-0.000988
-0.001025
-0.001064
-0.001103
-0.001143
-0.001183
-0.001223
-0.001264
-0.001306
-0.001348
-0.001391
-0.001434
-0.001476
-0.001517
-0.001558
-0.001598
-0.001638
-0.001675
-0.001712
-0.001746
-0.001779
-0.001809
-0.001837
-0.001863
-0.001887
-0.001908
-0.001927
-0.001944
-0.001957
-0.001966
-0.001973
-0.001977
-0.001977
-0.001973
-0.001968
-0.001959
-0.001947
-0.001932
-0.001915
-0.001896
-0.001875
-0.001852
-0.001829
-0.001805
-0.001781
-0.001756
-0.001731
-0.001707
-0.001684
-0.001662
-0.001643
-0.001625
-0.001610
-0.001597
-0.001589
-0.001583
-0.001581
-0.001584
-0.001591
-0.001602
-0.001618
-0.001638
-0.001665
-0.001696
-0.001734
-0.001777
-0.001824
-0.001877
-0.001934
-0.001996
-0.002062
-0.002132
-0.002203
-0.002278
-0.002356
-0.002435
-0.002517
-0.002598
-0.002681
-0.002763
-0.002845
-0.002926
-0.003004
-0.003080
-0.003154
-0.003225
-0.003291
-0.003353
-0.003411
-0.003464
-0.003512
-0.003554
-0.003590
-0.003621
-0.003646
-0.003665
-0.003678
-0.003686
-0.003688
-0.003684
-0.003676
-0.003663
-0.003645
-0.003623
-0.003599
-0.003570
-0.003539
-0.003506
-0.003471
-0.003434
-0.003398
-0.003359
-0.003322
-0.003286
-0.003251
-0.003219
-0.003188
-0.003159
-0.003133
-0.003111
-0.003092
-0.003077
-0.003065
-0.003057
-0.003053
-0.003052
-0.003055
-0.003064
-0.003076
-0.003092
-0.003111
-0.003134
-0.003161
-0.003190
-0.003220
-0.003254
-0.003289
-0.003328
-0.003367
-0.003406
-0.003447
-0.003487
-0.003526
-0.003565
-0.003603
-0.003638
-0.003672
-0.003703
-0.003732
-0.003757
-0.003779
-0.003799
-0.003813
-0.003826
-0.003836
-0.003841
-0.003842
-0.003840
-0.003836
-0.003828
-0.003815
-0.003802
-0.003784
-0.003762
-0.003742
-0.003719
-0.003694
-0.003667
-0.003641
-0.003613
-0.003585
-0.003556
-0.003529
-0.003502
-0.003477
-0.003451
-0.003427
-0.003405
-0.003386
-0.003369
-0.003356
-0.003345
-0.003336
-0.003331
-0.003330
-0.003332
-0.003338
-0.003347
-0.003361
-0.003379
-0.003398
-0.003422
-0.003449
-0.003479
-0.003512
-0.003547
-0.003586
-0.003626
-0.003669
-0.003713
-0.003759
-0.003806
-0.003854
-0.003902
-0.003952
-0.004000
-0.004050
-0.004097
-0.004145
-0.004190
-0.004233
-0.004276
-0.004316
-0.004353
-0.004389
-0.004420
-0.004448
-0.004473
-0.004493
-0.004511
-0.004525
-0.004535
-0.004543
-0.004546
-0.004546
-0.004543
-0.004536
-0.004524
-0.004510
-0.004491
-0.004470
-0.004446
-0.004419
-0.004389
-0.004359
-0.004327
-0.004291
-0.004254
-0.004216
-0.004176
-0.004137
-0.004097
-0.004057
-0.004017
-0.003977
-0.003939
-0.003902
-0.003867
-0.003835
-0.003803
-0.003774
-0.003747
-0.003722
-0.003699
-0.003679
-0.003660
-0.003645
-0.003632
-0.003621
-0.003613
-0.003608
-0.003605
-0.003604
-0.003605
-0.003610
-0.003616
-0.003625
-0.003635
-0.003648
-0.003662
-0.003676
-0.003691
-0.003709
-0.003726
-0.003743
-0.003762
-0.003780
-0.003799
-0.003818
-0.003838
-0.003856
-0.003875
-0.003893
-0.003910
-0.003926
-0.003942
-0.003957
-0.003971
-0.003984
-0.003995
-0.004005
-0.004013
-0.004020
-0.004027
-0.004029
-0.004031
-0.004031
-0.004029
-0.004026
-0.004022
-0.004016
-0.004008
-0.003998
-0.003986
-0.003973
-0.003957
-0.003939
-0.003921
-0.003900
-0.003876
-0.003851
-0.003822
-0.003792
-0.003759
-0.003724
-0.003687
-0.003648
-0.003604
-0.003559
-0.003512
-0.003463
-0.003411
-0.003358
-0.003302
-0.003244
-0.003184
-0.003123
-0.003060
-0.002995
-0.002928
-0.002861
-0.002794
-0.002724
-0.002654
-0.002585
-0.002514
-0.002444
-0.002375
-0.002306
-0.002239
-0.002172
-0.002106
-0.002041
-0.001979
-0.001918
-0.001860
-0.001804
-0.001751
-0.001700
-0.001653
-0.001610
-0.001570
-0.001534
-0.001502
-0.001474
-0.001448
-0.001427
-0.001410
-0.001397
-0.001387
-0.001382
-0.001381
-0.001383
-0.001390
-0.001400
-0.001413
-0.001428
-0.001446
-0.001467
-0.001490
-0.001515
-0.001543
-0.001573
-0.001605
-0.001637
-0.001672
-0.001707
-0.001741
-0.001777
-0.001812
-0.001848
-0.001881
-0.001914
-0.001947
-0.001978
-0.002006
-0.002032
-0.002056
-0.002077
-0.002096
-0.002111
-0.002123
-0.002131
-0.002136
-0.002137
-0.002135
-0.002129
-0.002118
-0.002102
-0.002083
-0.002060
-0.002031
-0.001999
-0.001962
-0.001921
-0.001877
-0.001829
-0.001776
-0.001720
-0.001661
-0.001598
-0.001532
-0.001464
-0.001392
-0.001318
-0.001243
-0.001165
-0.001085
-0.001005
-0.000925
-0.000843
-0.000762
-0.000681
-0.000601
-0.000522
-0.000446
-0.000371
-0.000299
-0.000229
-0.000161
-0.000096
-0.000035
0.000023
0.000078
0.000129
0.000175
0.000219
0.000257
0.000293
0.000324
0.000351
0.000374
0.000394
0.000410
0.000423
0.000430
0.000436
0.000439
0.000438
0.000435
0.000430
0.000423
0.000415
0.000404
0.000393
0.000380
0.000367
0.000354
0.000341
0.000327
0.000315
0.000303
0.000293
0.000283
0.000274
0.000268
0.000265
0.000262
0.000262
0.000264
0.000268
0.000274
0.000281
0.000293
0.000306
0.000322
0.000337
0.000355
0.000375
0.000396
0.000420
0.000446
0.000473
0.000501
0.000531
0.000561
0.000593
0.000625
0.000657
0.000691
0.000726
0.000759
0.000794
0.000830
0.000865
0.000899
0.000932
0.000967
0.001000
0.001033
0.001066
0.001099
0.001131
0.001163
0.001194
0.001226
0.001257
0.001288
0.001318
0.001348
0.001378
0.001407
0.001435
0.001463
0.001489
0.001516
0.001543
0.001569
0.001594
0.001618
0.001643
0.001667
0.001691
0.001716
0.001739
0.001763
0.001786
0.001807
0.001828
0.001848
0.001868
0.001888
0.001908
0.001927
0.001945
0.001965
0.001984
0.002002
0.002020
0.002037
0.002054
0.002071
0.002086
0.002103
0.002117
0.002133
0.002148
0.002164
0.002178
0.002194
0.002210
0.002227
0.002243
0.002261
0.002278
0.002296
0.002314
0.002333
0.002353
0.002374
0.002396
0.002418
0.002440
0.002462
0.002485
0.002509
0.002533
0.002557
0.002583
0.002608
0.002636
0.002662
0.002689
0.002717
0.002744
0.002771
0.002797
0.002823
0.002849
0.002873
0.002898
0.002921
0.002943
0.002965
0.002986
0.003005
0.003024
0.003041
0.003057
0.003073
0.003086
0.003100
0.003113
0.003124
0.003134
0.003143
0.003151
0.003158
0.003164
0.003169
0.003174
0.003177
0.003181
0.003184
0.003187
0.003190
0.003195
0.003198
0.003203
0.003209
0.003214
0.003222
0.003230
0.003239
0.003250
0.003262
0.003275
0.003290
0.003307
0.003325
0.003344
0.003366
0.003389
0.003414
0.003442
0.003470
0.003501
0.003534
0.003568
0.003604
0.003641
0.003681
0.003721
0.003763
0.003806
0.003849
0.003893
0.003938
0.003983
0.004029
0.004075
0.004121
0.004167
0.004213
0.004259
0.004303
0.004347
0.004390
0.004432
0.004472
0.004511
0.004549
0.004585
0.004620
0.004653
0.004684
0.004713
0.004740
0.004766
0.004788
0.004809
0.004826
0.004842
0.004854
0.004865
0.004874
0.004880
0.004884
0.004885
0.004883
0.004879
0.004872
0.004864
0.004854
0.004843
0.004829
0.004814
0.004798
0.004781
0.004763
0.004744
0.004724
0.004704
0.004684
0.004664
0.004643
0.004624
0.004605
0.004587
0.004569
0.004552
0.004537
0.004523
0.004510
0.004500
0.004492
0.004485
0.004480
0.004477
0.004476
0.004476
0.004479
0.004484
0.004491
0.004499
0.004510
0.004523
0.004537
0.004553
0.004570
0.004590
0.004611
0.004632
0.004655
0.004678
0.004701
0.004725
0.004749
0.004772
0.004795
0.004817
0.004838
0.004857
0.004874
0.004889
0.004901
0.004912
0.004919
0.004924
0.004925
0.004923
0.004919
0.004911
0.004899
0.004884
0.004866
0.004844
0.004819
0.004790
0.004758
0.004724
0.004686
0.004647
0.004604
0.004560
0.004513
0.004465
0.004415
0.004363
0.004311
0.004258
0.004204
0.004150
0.004095
0.004040
0.003986
0.003932
0.003880
0.003828
0.003777
0.003730
0.003683
0.003638
0.003593
0.003552
0.003513
0.003476
0.003440
0.003408
0.003377
0.003348
0.003321
0.003297
0.003274
0.003252
0.003232
0.003214
0.003198
0.003184
0.003171
0.003159
0.003148
0.003137
0.003128
0.003119
0.003110
0.003101
0.003094
0.003087
0.003080
0.003073
0.003065
0.003058
0.003051
0.003042
0.003035
0.003028
0.003019
0.003010
0.003003
0.002996
0.002988
0.002980
0.002973
0.002966
0.002960
0.002953
0.002947
0.002942
0.002937
0.002932
0.002929
0.002926
0.002924
0.002925
0.002926
0.002927
0.002929
0.002933
0.002937
0.002943
0.002949
0.002954
0.002961
0.002968
0.002975
0.002983
0.002991
0.003000
0.003010
0.003019
0.003027
0.003035
0.003043
0.003049
0.003054
0.003057
0.003059
0.003060
0.003058
0.003055
0.003048
0.003039
0.003029
0.003015
0.002999
0.002980
0.002960
0.002937
0.002911
0.002883
0.002851
0.002816
0.002779
0.002739
0.002696
0.002652
0.002604
0.002554
0.002502
0.002447
0.002392
0.002334
0.002276
0.002217
0.002157
0.002096
0.002036
0.001976
0.001916
0.001857
0.001798
0.001741
0.001686
0.001631
0.001580
0.001530
0.001481
0.001437
0.001395
0.001356
0.001321
0.001288
0.001259
0.001233
0.001211
0.001192
0.001176
0.001165
0.001156
0.001150
0.001147
0.001148
0.001149
0.001153
0.001160
0.001169
0.001179
0.001191
0.001205
0.001219
0.001235
0.001251
0.001268
0.001284
0.001300
0.001314
0.001327
0.001340
0.001350
0.001359
0.001367
0.001371
0.001373
0.001373
0.001371
0.001365
0.001356
0.001345
0.001329
0.001311
0.001291
0.001268
0.001242
0.001212
0.001181
0.001147
0.001110
0.001070
0.001029
0.000985
0.000939
0.000892
0.000844
0.000794
0.000743
0.000693
0.000642
0.000591
0.000539
0.000487
0.000436
0.000385
0.000335
0.000286
0.000237
0.000189
0.000143
0.000098
0.000052
0.000009
-0.000033
-0.000074
-0.000113
-0.000152
-0.000189
-0.000225
-0.000260
-0.000294
-0.000327
-0.000359
-0.000389
-0.000419
-0.000448
-0.000476
-0.000503
-0.000529
-0.000556
-0.000583
-0.000607
-0.000632
-0.000655
-0.000677
-0.000699
-0.000720
-0.000740
-0.000760
-0.000778
-0.000796
-0.000812
-0.000828
-0.000843
-0.000857
-0.000870
-0.000883
-0.000894
-0.000905
-0.000916
-0.000927
-0.000938
-0.000947
-0.000957
-0.000967
-0.000976
-0.000986
-0.000995
-0.001005
-0.001014
-0.001024
-0.001035
-0.001046
-0.001058
-0.001070
-0.001084
-0.001099
-0.001115
-0.001133
-0.001152
-0.001173
-0.001194
-0.001219
-0.001244
-0.001272
-0.001301
-0.001333
-0.001366
-0.001402
-0.001439
-0.001478
-0.001519
-0.001562
-0.001607
-0.001653
-0.001700
-0.001749
-0.001799
-0.001849
-0.001900
-0.001953
-0.002004
-0.002054
-0.002104
-0.002154
-0.002203
-0.002251
-0.002297
-0.002343
-0.002386
-0.002429
-0.002469
-0.002506
-0.002543
-0.002578
-0.002611
-0.002641
-0.002669
-0.002693
-0.002717
-0.002737
-0.002755
-0.002770
-0.002784
-0.002795
-0.002805
-0.002813
-0.002818
-0.002822
-0.002824
-0.002827
-0.002828
-0.002828
-0.002830
-0.002830
-0.002831
-0.002831
-0.002832
-0.002836
-0.002839
-0.002844
-0.002851
-0.002859
-0.002869
-0.002881
-0.002895
-0.002912
-0.002930
-0.002952
-0.002975
-0.003000
-0.003028
-0.003059
-0.003092
-0.003126
-0.003162
-0.003202
-0.003243
-0.003284
-0.003327
-0.003370
-0.003416
-0.003461
-0.003506
-0.003551
-0.003597
-0.003640
-0.003684
-0.003727
-0.003767
-0.003806
-0.003842
-0.003878
-0.003911
-0.003941
-0.003968
-0.003992
-0.004012
-0.004029
-0.004043
-0.004053
-0.004059
-0.004061
-0.004061
-0.004057
-0.004049
-0.004037
-0.004023
-0.004006
-0.003986
-0.003962
-0.003935
-0.003905
-0.003874
-0.003840
-0.003803
-0.003765
-0.003727
-0.003686
-0.003647
-0.003606
-0.003566
-0.003525
-0.003486
-0.003448
-0.003413
-0.003379
-0.003348
-0.003319
-0.003292
-0.003269
-0.003248
-0.003231
-0.003217
-0.003206
-0.003198
-0.003194
-0.003194
-0.003197
-0.003205
-0.003216
-0.003232
-0.003251
-0.003275
-0.003302
-0.003332
-0.003365
-0.003401
-0.003439
-0.003479
-0.003522
-0.003566
-0.003611
-0.003658
-0.003705
-0.003752
-0.003800
-0.003846
-0.003891
-0.003936
-0.003979
-0.004020
-0.004059
-0.004095
-0.004132
-0.004163
-0.004192
-0.004217
-0.004239
-0.004258
-0.004272
-0.004284
-0.004293
-0.004297
-0.004298
-0.004296
-0.004291
-0.004283
-0.004271
-0.004258
-0.004242
-0.004224
-0.004204
-0.004182
-0.004159
-0.004134
-0.004108
-0.004082
-0.004057
-0.004032
-0.004008
-0.003984
-0.003962
-0.003941
-0.003922
-0.003906
-0.003893
-0.003882
-0.003874
-0.003867
-0.003865
-0.003867
-0.003871
-0.003880
-0.003892
-0.003907
-0.003925
-0.003947
-0.003972
-0.004001
-0.004031
-0.004065
-0.004101
-0.004139
-0.004180
-0.004222
-0.004266
-0.004311
-0.004356
-0.004403
-0.004450
-0.004495
-0.004541
-0.004586
-0.004628
-0.004669
-0.004708
-0.004744
-0.004779
-0.004810
-0.004839
-0.004865
-0.004887
-0.004905
-0.004920
-0.004930
-0.004938
-0.004941
-0.004941
-0.004937
-0.004929
-0.004917
-0.004901
-0.004882
-0.004859
-0.004832
-0.004803
-0.004770
-0.004735
-0.004696
-0.004655
-0.004611
-0.004565
-0.004518
-0.004470
-0.004420
-0.004369
-0.004317
-0.004263
-0.004209
-0.004154
-0.004099
-0.004044
-0.003989
-0.003935
-0.003880
-0.003827
-0.003775
-0.003724
-0.003675
-0.003626
-0.003579
-0.003535
-0.003492
-0.003451
-0.003413
-0.003377
-0.003343
-0.003311
-0.003281
-0.003253
-0.003227
-0.003204
-0.003182
-0.003161
-0.003143
-0.003128
-0.003114
-0.003102
-0.003094
-0.003087
-0.003082
-0.003080
-0.003079
-0.003081
-0.003084
-0.003089
-0.003096
-0.003104
-0.003113
-0.003123
-0.003133
-0.003143
-0.003153
-0.003164
-0.003175
-0.003186
-0.003196
-0.003207
-0.003215
-0.003223
-0.003229
-0.003235
-0.003238
-0.003240
-0.003241
-0.003239
-0.003234
-0.003226
-0.003216
-0.003201
-0.003184
-0.003164
-0.003142
-0.003117
-0.003089
-0.003059
-0.003026
-0.002991
-0.002953
-0.002912
-0.002868
-0.002824
-0.002777
-0.002729
-0.002677
-0.002624
-0.002570
-0.002515
-0.002460
-0.002403
-0.002347
-0.002291
-0.002237
-0.002183
-0.002130
-0.002079
-0.002030
-0.001982
-0.001937
-0.001894
-0.001852
-0.001814
-0.001779
-0.001746
-0.001716
-0.001688
-0.001664
-0.001642
-0.001622
-0.001606
-0.001593
-0.001582
-0.001574
-0.001567
-0.001562
-0.001559
-0.001557
-0.001558
-0.001558
-0.001559
-0.001562
-0.001564
-0.001566
-0.001567
-0.001566
-0.001567
-0.001565
-0.001562
-0.001558
-0.001553
-0.001544
-0.001535
-0.001524
-0.001509
-0.001494
-0.001475
-0.001455
-0.001434
-0.001409
-0.001382
-0.001354
-0.001324
-0.001291
-0.001257
-0.001222
-0.001184
-0.001147
-0.001109
-0.001071
-0.001031
-0.000991
-0.000953
-0.000914
-0.000875
-0.000836
-0.000799
-0.000763
-0.000727
-0.000692
-0.000659
-0.000626
-0.000594
-0.000565
-0.000536
-0.000509
-0.000484
-0.000461
-0.000438
-0.000416
-0.000395
-0.000375
-0.000357
-0.000340
-0.000324
-0.000308
-0.000293
-0.000277
-0.000261
-0.000245
-0.000229
-0.000210
-0.000193
-0.000175
-0.000156
-0.000135
-0.000115
-0.000093
-0.000069
-0.000046
-0.000021
0.000004
0.000030
0.000058
0.000086
0.000116
0.000145
0.000176
0.000208
0.000240
0.000272
0.000305
0.000338
0.000371
0.000403
0.000434
0.000465
0.000496
0.000526
0.000554
0.000583
0.000610
0.000636
0.000661
0.000684
0.000708
0.000730
0.000750
0.000770
0.000789
0.000806
0.000822
0.000837
0.000850
0.000864
0.000877
0.000888
0.000902
0.000913
0.000925
0.000938
0.000951
0.000965
0.000980
0.000995
0.001011
0.001029
0.001048
0.001068
0.001091
0.001115
0.001141
0.001169
0.001198
0.001229
0.001261
0.001296
0.001333
0.001371
0.001412
0.001453
0.001497
0.001542
0.001588
0.001636
0.001685
0.001734
0.001783
0.001832
0.001882
0.001933
0.001983
0.002033
0.002082
0.002131
0.002179
0.002225
0.002270
0.002315
0.002358
0.002400
0.002441
0.002480
0.002518
0.002554
0.002588
0.002621
0.002652
0.002679
0.002706
0.002729
0.002753
0.002774
0.002794
0.002811
0.002828
0.002842
0.002856
0.002868
0.002880
0.002890
0.002900
0.002908
0.002917
0.002925
0.002932
0.002939
0.002947
0.002955
0.002963
0.002971
0.002979
0.002988
0.002997
0.003007
0.003017
0.003027
0.003039
0.003051
0.003062
0.003074
0.003085
0.003097
0.003109
0.003120
0.003132
0.003142
0.003153
0.003163
0.003173
0.003183
0.003191
0.003199
0.003206
0.003212
0.003218
0.003223
0.003227
0.003231
0.003234
0.003235
0.003237
0.003237
0.003237
0.003235
0.003233
0.003230
0.003227
0.003223
0.003219
0.003215
0.003210
0.003206
0.003202
0.003198
0.003195
0.003192
0.003189
0.003187
0.003185
0.003184
0.003183
0.003182
0.003182
0.003182
0.003183
0.003184
0.003187
0.003189
0.003193
0.003197
0.003200
0.003204
0.003209
0.003214
0.003219
0.003226
0.003233
0.003240
0.003247
0.003255
0.003262
0.003270
0.003278
0.003287
0.003296
0.003307
0.003319
0.003331
0.003345
0.003360
0.003374
0.003391
0.003410
0.003429
0.003451
0.003474
0.003497
0.003523
0.003548
0.003576
0.003603
0.003633
0.003663
0.003694
0.003726
0.003757
0.003790
0.003823
0.003855
0.003887
0.003918
0.003947
0.003976
0.004002
0.004026
0.004047
0.004065
0.004080
0.004090
0.004096
0.004097
0.004095
0.004087
0.004074
0.004054
0.004028
0.003996
0.003958
0.003914
0.003862
0.003804
0.003739
0.003669
0.003591
0.003506
0.003413
0.003317
0.003214
0.003106
0.002992
0.002875
0.002752
0.002627
0.002498
0.002366
0.002232
0.002097
0.001960
0.001824
