-0.000000
0.000000
-0.000000
0.000000
0.000000
0.000000
0.000000
-0.000000
-0.000000
-0.000000
-0.000000
-0.000000
-0.000000
0.000000
-0.000000
0.000000
-0.000000
-0.000000
0.000000
-0.000000
-0.000000
-0.000000
-0.000000
-0.000000
-0.000000
-0.000000
-0.000000
-0.000000
-0.000000
-0.000000
-0.000000
-0.000000
0.000000
-0.000000
-0.000000
-0.000000
-0.000000
-0.000000
-0.000000
-0.000000
-0.000000
-0.000000
0.000000
-0.000000
-0.000000
-0.000000
-0.000000
-0.000000
-0.000000
-0.000000
-0.000000
-0.000000
0.000000
-0.000000
-0.000000
-0.000000
-0.000000
0.000000
-0.000000
-0.000000
-0.000000
-0.000000
-0.000000
-0.000000
-0.000000
-0.000000
-0.000000
0.000000
-0.000000
0.000000
-0.000000
0.000000
0.000000
-0.000000
-0.000000
0.000000
-0.000000
0.000000
0.000000
-0.000000
-0.000000
-0.000000
-0.000000
-0.000000
-0.000000
0.000000
-0.000000
0.000000
-0.000000
0.000000
0.000000
-0.000000
-0.000000
0.000000
0.000000
0.000000
-0.000000
0.000000
-0.000000
-0.000000
-0.000000
-0.000000
-0.000000
-0.000000
0.000000
-0.000000
-0.000000
0.000000
0.000000
-0.000000
-0.000000
-0.000000
0.000000
-0.000000
-0.000000
0.000000
0.000000
-0.000000
-0.000000
0.000000
-0.000000
-0.000000
-0.000000
-0.000000
-0.000000
-0.000000
-0.000000
-0.000000
-0.000000
-0.000000
-0.000000
-0.000000
-0.000000
-0.000000
-0.000000
-0.000000
-0.000000
-0.000000
-0.000000
-0.000000
-0.000000
-0.000000
-0.000000
-0.000000
-0.000000
-0.000000
0.000000
-0.000000
-0.000000
-0.000000
-0.000000
-0.000000
-0.000000
-0.000000
-0.000000
-0.000000
-0.000000
-0.000000
-0.000000
-0.000000
-0.000000
-0.000000
0.000000
-0.000000
0.000000
0.000000
-0.000000
-0.000000
0.000000
-0.000000
-0.000000
-0.000000
0.000000
-0.000000
-0.000000
-0.000000
-0.000000
0.000000
-0.000000
0.000000
-0.000000
-0.000000
0.000000
-0.000000
0.000000
-0.000000
-0.000000
-0.000000
0.000000
-0.000000
0.000000
-0.000000
-0.000000
-0.000000
-0.000000
-0.000000
-0.000000
-0.000000
-0.000000
-0.000000
-0.000000
-0.000000
-0.000000
-0.000000
-0.000000
-0.000000
-0.000000
-0.000000
-0.000000
-0.000000
-0.000000
-0.000000
-0.000000
-0.000000
-0.000000
-0.000000
-0.000000
-0.000000
-0.000000
-0.000000
-0.000000
-0.000000
-0.000000
-0.000000
-0.000000
-0.000000
-0.000000
-0.000000
-0.000000
-0.000000
-0.000000
-0.000000
-0.000000
-0.000000
-0.000000
-0.000000
-0.000000
-0.000000
-0.000000
-0.000000
-0.000000
-0.000000
-0.000000
-0.000000
-0.000000
-0.000000
-0.000000
-0.000000
-0.000000
-0.000000
-0.000000
-0.000000
-0.000000
-0.000000
-0.000000
-0.000000
0.000000
-0.000000
-0.000000
-0.000000
-0.000000
-0.000000
-0.000000
-0.000000
-0.000000
-0.000000
-0.000000
-0.000000
-0.000000
-0.000000
-0.000000
-0.000000
-0.000000
-0.000000
-0.000000
-0.000000
-0.000000
-0.000000
-0.000000
-0.000000
-0.000000
-0.000000
-0.000000
-0.000000
-0.000000
-0.000000
-0.000000
-0.000000
-0.000000
-0.000000
-0.000000
0.000000
-0.000000
-0.000000
-0.000000
0.000000
-0.000000
0.000000
-0.000000
-0.000000
0.000000
-0.000000
-0.000000
-0.000000
-0.000000
-0.000000
-0.000000
-0.000000
-0.000000
-0.000000
-0.000000
-0.000000
-0.000000
-0.000000
-0.000000
-0.000000
-0.000000
0.000000
-0.000000
0.000000
-0.000000
0.000000
-0.000000
-0.000000
-0.000000
-0.000000
-0.000000
0.000000
-0.000000
-0.000000
0.000000
-0.000000
0.000000
-0.000000
0.000000
-0.000000
-0.000000
0.000000
0.000000
0.000000
-0.000000
-0.000000
0.000000
-0.000000
0.000000
-0.000000
0.000000
0.000000
-0.000000
0.000000
0.000000
-0.000000
0.000000
-0.000000
-0.000000
-0.000000
-0.000000
0.000000
0.000000
0.000000
-0.000000
-0.000000
-0.000000
-0.000000
0.000000
-0.000000
-0.000000
-0.000000
0.000000
-0.000000
-0.000000
0.000000
0.000000
-0.000000
0.000000
0.000000
-0.000000
-0.000000
-0.000000
-0.000000
-0.000000
-0.000000
-0.000000
-0.000000
-0.000000
-0.000000
0.000000
-0.000000
-0.000000
0.000000
-0.000000
-0.000000
-0.000000
0.000000
-0.000000
-0.000000
-0.000000
-0.000000
-0.000000
-0.000000
-0.000000
0.000000
0.000000
-0.000000
0.000000
-0.000000
0.000000
0.000000
0.000000
0.000000
-0.000000
0.000000
0.000000
-0.000000
-0.000000
0.000000
-0.000000
-0.000000
-0.000000
-0.000000
-0.000000
-0.000000
-0.000000
0.000000
-0.000000
0.000000
0.000000
-0.000000
0.000000
-0.000000
0.000000
0.000000
0.000000
-0.000000
0.000000
0.000000
-0.000000
-0.000000
-0.000000
0.000000
-0.000000
0.000000
0.000000
0.000000
-0.000000
0.000000
0.000000
0.000000
0.000000
0.000000
-0.000000
-0.000000
-0.000000
-0.000000
-0.000000
0.000000
-0.000000
0.000000
-0.000000
0.000000
-0.000000
-0.000000
-0.000000
-0.000000
-0.000000
0.000000
0.000000
0.000000
0.000000
0.000000
0.000000
-0.000000
-0.000000
-0.000000
0.000000
-0.000000
0.000000
0.000000
-0.000000
0.000000
-0.000000
-0.000000
-0.000000
-0.000000
-0.000000
0.000000
0.000000
-0.000000
-0.000000
-0.000000
-0.000000
0.000000
-0.000000
-0.000000
-0.000000
-0.000000
-0.000000
0.000000
-0.000000
-0.000000
-0.000000
0.000000
-0.000000
-0.000000
0.000000
-0.000000
0.000000
0.000000
-0.000000
-0.000000
-0.000000
-0.000000
-0.000000
-0.000000
-0.000000
0.000000
-0.000000
-0.000000
0.000000
0.000000
-0.000000
-0.000000
0.000000
0.000000
-0.000000
0.000000
0.000000
-0.000000
-0.000000
0.000000
-0.000000
-0.000000
0.000000
-0.000000
0.000000
0.000000
0.000000
0.000000
-0.000000
0.000000
0.000000
0.000000
0.000000
0.000000
0.000000
0.000000
0.000000
0.000000
0.000000
0.000000
0.000000
0.000000
0.000000
-0.000000
0.000000
0.000000
0.000000
0.000000
-0.000000
0.000000
0.000000
0.000000
0.000000
0.000000
-0.000000
0.000000
0.000000
-0.000000
-0.000000
0.000000
-0.000000
0.000000
-0.000000
-0.000000
-0.000000
-0.000000
-0.000000
-0.000000
-0.000000
-0.000000
-0.000000
0.000000
-0.000000
0.000000
-0.000000
-0.000000
-0.000000
-0.000000
-0.000000
-0.000000
-0.000000
-0.000000
-0.000000
0.000000
-0.000000
-0.000000
0.000000
-0.000000
-0.000000
0.000000
-0.000000
0.000000
-0.000000
0.000000
-0.000000
-0.000000
0.000000
-0.000000
0.000000
0.000000
-0.000000
-0.000000
0.000000
0.000000
0.000000
0.000000
0.000000
0.000000
0.000000
0.000000
-0.000000
0.000000
0.000000
0.000000
0.000000
0.000000
0.000000
-0.000000
-0.000000
0.000000
0.000000
-0.000000
-0.000000
-0.000000
0.000000
-0.000000
-0.000000
-0.000000
-0.000000
-0.000000
-0.000000
-0.000000
-0.000000
-0.000000
-0.000000
-0.000000
0.000000
-0.000000
-0.000000
-0.000000
-0.000000
-0.000000
0.000000
-0.000000
-0.000000
0.000000
-0.000000
-0.000000
-0.000000
-0.000000
-0.000000
-0.000000
-0.000000
0.000000
-0.000000
0.000000
-0.000000
0.000000
0.000000
-0.000000
0.000000
0.000000
-0.000000
0.000000
0.000000
0.000000
0.000000
0.000000
0.000000
0.000000
-0.000000
0.000000
0.000000
0.000000
-0.000000
0.000000
-0.000000
0.000000
0.000000
0.000000
0.000000
0.000000
0.000000
0.000000
0.000000
-0.000000
0.000000
0.000000
0.000000
0.000000
0.000000
0.000000
0.000000
0.000000
0.000000
0.000000
0.000000
0.000000
0.000000
0.000000
0.000000
0.000000
0.000000
0.000000
0.000000
0.000000
0.000000
0.000000
0.000000
0.000000
0.000000
0.000000
0.000000
0.000000
0.000000
0.000000
0.000000
0.000000
0.000000
0.000000
0.000000
0.000000
0.000000
0.000000
0.000000
0.000000
0.000000
0.000000
0.000000
0.000000
0.000000
0.000000
0.000000
0.000000
0.000000
0.000000
0.000000
0.000000
0.000000
0.000000
0.000000
0.000000
0.000000
0.000000
0.000000
0.000000
0.000000
0.000000
0.000000
-0.000000
0.000000
0.000000
0.000000
0.000000
0.000000
0.000000
0.000000
0.000000
0.000000
0.000000
0.000000
0.000000
0.000000
0.000000
-0.000000
0.000000
0.000000
0.000000
0.000000
0.000000
-0.000000
0.000000
0.000000
-0.000000
0.000000
-0.000000
0.000000
0.000000
0.000000
-0.000000
0.000000
0.000000
0.000000
0.000000
0.000000
-0.000000
0.000000
-0.000000
-0.000000
-0.000000
0.000000
-0.000000
0.000000
0.000000
0.000000
0.000000
-0.000000
-0.000000
-0.000000
0.000000
0.000000
0.000000
-0.000000
0.000000
-0.000000
0.000000
0.000000
0.000000
0.000000
0.000000
0.000000
0.000000
-0.000000
0.000000
0.000000
0.000000
0.000000
-0.000000
-0.000000
-0.000000
-0.000000
0.000000
0.000000
0.000000
-0.000000
0.000000
-0.000000
0.000000
-0.000000
0.000000
0.000000
-0.000000
0.000000
-0.000000
-0.000000
-0.000000
-0.000000
0.000000
0.000000
-0.000000
-0.000000
-0.000000
0.000000
-0.000000
0.000000
0.000000
-0.000000
-0.000000
-0.000000
-0.000000
-0.000000
-0.000000
0.000000
-0.000000
-0.000000
-0.000000
-0.000000
-0.000000
0.000000
-0.000000
-0.000000
-0.000000
-0.000000
0.000000
0.000000
-0.000000
0.000000
0.000000
-0.000000
0.000000
-0.000000
0.000000
0.000000
0.000000
0.000000
-0.000969
-0.000844
-0.000701
-0.000542
-0.000368
-0.000183
0.000010
0.000208
0.000406
0.000601
0.000789
0.000967
0.001130
0.001276
0.001400
0.001501
0.001575
0.001621
0.001637
0.001622
0.001576
0.001499
0.001391
0.001254
0.001091
0.000904
0.000695
0.000470
0.000232
-0.000014
0.000705
0.000333
-0.000051
-0.000439
-0.000823
-0.001197
-0.001550
-0.001876
-0.002168
-0.002417
-0.002618
-0.002765
-0.002854
-0.002880
-0.002841
-0.002737
-0.002567
-0.002332
-0.002036
-0.001684
-0.001279
-0.000831
-0.000346
0.000165
0.000693
0.001226
0.001753
0.002261
0.002738
0.003172
0.002581
0.003017
0.003394
0.003700
0.003924
0.004056
0.004088
0.004014
0.003827
0.003525
0.003107
0.002575
0.001934
0.001189
0.000351
-0.000570
-0.001559
-0.002600
-0.003674
-0.004762
-0.005840
-0.006887
-0.007877
-0.008787
-0.009591
-0.010266
-0.010787
-0.011133
-0.011283
-0.011219
-0.011893
-0.011233
-0.010302
-0.009099
-0.007625
-0.005886
-0.003894
-0.001666
0.000776
0.003405
0.006189
0.009093
0.012075
0.015090
0.018090
0.021023
0.023837
0.026475
0.028882
0.031000
0.032774
0.034149
0.035073
0.035496
0.035374
0.034665
0.033335
0.031355
0.028703
0.025364
0.020363
0.015763
0.010502
0.004595
-0.001930
-0.009039
-0.016689
-0.024829
-0.033399
-0.042330
-0.051551
-0.060978
-0.070526
-0.080104
-0.089615
-0.098962
-0.108045
-0.116762
-0.125014
-0.132700
-0.139726
-0.145998
-0.151431
-0.155942
-0.159460
-0.161918
-0.163261
-0.163445
-0.162433
-0.160203
-0.157712
-0.152901
-0.146857
-0.139610
-0.131201
-0.121684
-0.111128
-0.099612
-0.087224
-0.074066
-0.060248
-0.045887
-0.031108
-0.016042
-0.000824
0.014409
0.029517
0.044361
0.058803
0.072710
0.085950
0.098401
0.109944
0.120473
0.129889
0.138105
0.145044
0.150644
0.154854
0.157638
0.158005
0.158008
0.156579
0.153737
0.149510
0.143944
0.137095
0.129029
0.119825
0.109572
0.098364
0.086307
0.073511
0.060091
0.046167
0.031860
0.017293
0.002587
-0.012135
-0.026756
-0.041162
-0.055245
-0.068901
-0.082035
-0.094559
-0.106396
-0.117475
-0.127737
-0.137133
-0.145625
-0.154152
-0.160637
-0.166146
-0.170683
-0.174266
-0.176919
-0.178677
-0.179582
-0.179684
-0.179040
-0.177713
-0.175770
-0.173282
-0.170322
-0.166965
-0.163288
-0.159366
-0.155273
-0.151081
-0.146860
-0.142674
-0.138583
-0.134645
-0.130909
-0.127418
-0.124210
-0.121317
-0.118763
-0.116566
-0.114736
-0.112311
-0.111349
-0.110771
-0.110561
-0.110699
-0.111160
-0.111916
-0.112933
-0.114177
-0.115609
-0.117193
-0.118887
-0.120654
-0.122454
-0.124251
-0.126010
-0.127697
-0.129284
-0.130744
-0.132054
-0.133197
-0.134157
-0.134926
-0.135497
-0.135869
-0.136045
-0.136031
-0.135838
-0.135480
-0.134973
-0.133369
-0.132750
-0.132065
-0.131336
-0.130587
-0.129837
-0.129109
-0.128424
-0.127798
-0.127249
-0.126791
-0.126436
-0.126193
-0.126068
-0.126063
-0.126179
-0.126413
-0.126759
-0.127208
-0.127748
-0.128365
-0.129044
-0.129768
-0.130517
-0.131271
-0.132009
-0.132713
-0.133360
-0.133932
-0.134410
-0.135747
-0.134795
-0.134677
-0.134419
-0.134016
-0.133469
-0.132779
-0.131952
-0.130997
-0.129924
-0.128750
-0.127490
-0.126166
-0.124800
-0.123415
-0.122037
-0.120693
-0.119411
-0.118219
-0.117143
-0.116210
-0.115446
-0.114875
-0.114518
-0.114393
-0.114517
-0.114901
-0.115553
-0.116480
-0.117679
-0.120116
-0.122792
-0.124705
-0.126806
-0.129077
-0.131491
-0.134024
-0.136644
-0.139319
-0.142014
-0.144691
-0.147312
-0.149835
-0.152220
-0.154425
-0.156409
-0.158129
-0.159546
-0.160622
-0.161318
-0.161602
-0.161439
-0.160802
-0.159665
-0.158006
-0.155807
-0.153054
-0.149738
-0.145853
-0.141400
-0.136381
-0.129732
-0.123530
-0.116824
-0.109634
-0.101986
-0.093908
-0.085429
-0.076584
-0.067408
-0.057938
-0.048214
-0.038275
-0.028162
-0.017918
-0.007585
0.002796
0.013183
0.023536
0.033814
0.043978
0.053992
0.063819
0.073425
0.082779
0.091850
0.100609
0.109032
0.117093
0.124772
0.132048
0.139976
0.146478
0.152508
0.158053
0.163103
0.167651
0.171690
0.175216
0.178227
0.180721
0.182699
0.184162
0.185113
0.185555
0.185492
0.184930
0.183874
0.182331
0.180306
0.177809
0.174846
0.171425
0.167556
0.163247
0.158508
0.153350
0.147784
0.141822
0.135477
0.128762
0.122764
0.115436
0.107763
0.099763
0.091455
0.082861
0.074003
0.064906
0.055598
0.046105
0.036457
0.026686
0.016824
0.006903
-0.003042
-0.012976
-0.022865
-0.032672
-0.042363
-0.051902
-0.061256
-0.070391
-0.079274
-0.087875
-0.096163
-0.104112
-0.111695
-0.118889
-0.125673
-0.132028
-0.136866
-0.142237
-0.147160
-0.151630
-0.155641
-0.159189
-0.162273
-0.164896
-0.167059
-0.168769
-0.170032
-0.170857
-0.171255
-0.171237
-0.170818
-0.170010
-0.168831
-0.167295
-0.165421
-0.163226
-0.160728
-0.157946
-0.154897
-0.151602
-0.148078
-0.144344
-0.140418
-0.136318
-0.132062
-0.127667
-0.122077
-0.117372
-0.112599
-0.107775
-0.102914
-0.098030
-0.093137
-0.088246
-0.083369
-0.078517
-0.073700
-0.068928
-0.064211
-0.059557
-0.054974
-0.050473
-0.046059
-0.041743
-0.037533
-0.033435
-0.029459
-0.025612
-0.021903
-0.018340
-0.014929
-0.011679
-0.008598
-0.005692
-0.002968
-0.000432
0.002983
0.005209
0.007209
0.008980
0.010520
0.011828
0.012906
0.013755
0.014381
0.014789
0.014987
0.014984
0.014790
0.014417
0.013879
0.013190
0.012365
0.011422
0.010376
0.009247
0.008050
0.006805
0.005530
0.004241
0.002957
0.001693
0.000466
-0.000710
-0.001821
-0.002856
-0.004875
-0.005807
-0.006611
-0.007281
-0.007813
-0.008205
-0.008456
-0.008569
-0.008548
-0.008399
-0.008129
-0.007747
-0.007265
-0.006693
-0.006044
-0.005332
-0.004570
-0.003773
-0.002955
-0.002129
-0.001309
-0.000509
0.000261
0.000988
0.001663
0.002277
0.002822
0.003292
0.003683
0.003991
0.003143
0.003202
0.003201
0.003144
0.003033
0.002875
0.002674
0.002436
0.002166
0.001873
0.001561
0.001238
0.000910
0.000584
0.000265
-0.000041
-0.000328
-0.000593
-0.000832
-0.001040
-0.001215
-0.001356
-0.001461
-0.001529
-0.001562
-0.001559
-0.001522
-0.001454
-0.001356
-0.001232
-0.000014
0.000232
0.000470
0.000695
0.000904
0.001091
0.001254
0.001391
0.001499
0.001576
0.001622
0.001637
0.001621
0.001575
0.001501
0.001400
0.001276
0.001130
0.000967
0.000789
0.000601
0.000406
0.000208
0.000010
-0.000183
-0.000368
-0.000541
-0.000701
-0.000844
-0.000969
0.000000
0.000000
0.000000
0.000000
0.000000
0.000000
0.000000
0.000000
0.000000
0.000000
0.000000
0.000000
0.000000
0.000000
0.000000
-0.000000
0.000000
0.000000
0.000000
0.000000
0.000000
0.000000
0.000000
0.000000
0.000000
0.000000
0.000000
0.000000
0.000000
0.000000
0.000000
0.000000
-0.000000
0.000000
0.000000
0.000000
0.000000
-0.000000
-0.000000
0.000000
0.000000
0.000000
-0.000000
0.000000
-0.000000
-0.000000
-0.000000
0.000000
-0.000000
-0.000000
-0.000000
-0.000000
-0.000000
-0.000000
-0.000000
-0.000000
-0.000000
-0.000000
-0.000000
-0.000000
-0.000000
-0.000000
-0.000000
-0.000000
-0.000000
-0.000000
-0.000000
-0.000000
-0.000000
-0.000000
-0.000000
-0.000000
-0.000000
-0.000000
0.000000
0.000000
0.000000
0.000000
-0.000000
0.000000
0.000000
-0.000000
0.000000
-0.000000
0.000000
-0.000000
0.000000
0.000000
-0.000000
-0.000000
0.000000
-0.000000
0.000000
0.000000
0.000000
0.000000
0.000000
0.000000
0.000000
0.000000
0.000000
-0.000000
0.000000
0.000000
0.000000
0.000000
-0.000000
0.000000
-0.000000
0.000000
0.000000
-0.000000
0.000000
0.000000
-0.000000
0.000000
0.000000
0.000000
-0.000000
-0.000000
-0.000000
0.000000
0.000000
-0.000000
0.000000
-0.000000
-0.000000
-0.000000
-0.000000
-0.000000
-0.000000
-0.000000
0.000000
0.000000
-0.000000
0.000000
0.000000
0.000000
0.000000
0.000000
0.000000
0.000000
0.000000
-0.000000
0.000000
0.000000
0.000000
0.000000
0.000000
0.000000
0.000000
0.000000
0.000000
0.000000
0.000000
0.000000
0.000000
0.000000
0.000000
-0.000000
-0.000000
0.000000
0.000000
-0.000000
0.000000
0.000000
0.000000
0.000000
0.000000
0.000000
0.000000
0.000000
0.000000
-0.000000
0.000000
-0.000000
0.000000
-0.000000
-0.000000
-0.000000
-0.000000
-0.000000
-0.000000
-0.000000
0.000000
0.000000
-0.000000
-0.000000
0.000000
-0.000000
-0.000000
-0.000000
-0.000000
-0.000000
0.000000
-0.000000
-0.000000
-0.000000
-0.000000
-0.000000
-0.000000
-0.000000
-0.000000
-0.000000
-0.000000
-0.000000
-0.000000
0.000000
-0.000000
-0.000000
-0.000000
-0.000000
-0.000000
-0.000000
0.000000
-0.000000
-0.000000
-0.000000
0.000000
-0.000000
-0.000000
-0.000000
-0.000000
0.000000
0.000000
-0.000000
-0.000000
-0.000000
-0.000000
0.000000
-0.000000
-0.000000
0.000000
-0.000000
0.000000
-0.000000
0.000000
-0.000000
-0.000000
-0.000000
-0.000000
0.000000
-0.000000
0.000000
-0.000000
-0.000000
0.000000
-0.000000
-0.000000
-0.000000
-0.000000
-0.000000
-0.000000
-0.000000
0.000000
-0.000000
-0.000000
0.000000
-0.000000
0.000000
0.000000
0.000000
0.000000
0.000000
-0.000000
-0.000000
-0.000000
0.000000
-0.000000
0.000000
-0.000000
0.000000
0.000000
-0.000000
0.000000
-0.000000
-0.000000
0.000000
-0.000000
-0.000000
0.000000
-0.000000
-0.000000
0.000000
0.000000
0.000000
-0.000000
0.000000
-0.000000
0.000000
0.000000
-0.000000
0.000000
-0.000000
0.000000
0.000000
0.000000
0.000000
0.000000
0.000000
0.000000
-0.000000
0.000000
0.000000
0.000000
0.000000
0.000000
0.000000
0.000000
0.000000
0.000000
-0.000000
0.000000
0.000000
0.000000
0.000000
0.000000
0.000000
0.000000
0.000000
0.000000
0.000000
0.000000
0.000000
0.000000
0.000000
0.000000
0.000000
0.000000
0.000000
0.000000
0.000000
0.000000
0.000000
0.000000
0.000000
0.000000
0.000000
0.000000
0.000000
-0.000000
-0.000000
0.000000
0.000000
-0.000000
-0.000000
-0.000000
0.000000
0.000000
-0.000000
-0.000000
-0.000000
-0.000000
-0.000000
-0.000000
-0.000000
-0.000000
-0.000000
-0.000000
-0.000000
-0.000000
-0.000000
-0.000000
-0.000000
-0.000000
-0.000000
-0.000000
0.000000
-0.000000
-0.000000
-0.000000
-0.000000
0.000000
-0.000000
-0.000000
-0.000000
-0.000000
0.000000
-0.000000
-0.000000
-0.000000
-0.000000
-0.000000
-0.000000
-0.000000
-0.000000
-0.000000
-0.000000
-0.000000
0.000000
-0.000000
-0.000000
-0.000000
-0.000000
-0.000000
-0.000000
0.000000
-0.000000
-0.000000
-0.000000
-0.000000
-0.000000
-0.000000
-0.000000
-0.000000
-0.000000
-0.000000
-0.000000
-0.000000
0.000000
0.000000
0.000000
-0.000000
-0.000000
-0.000000
-0.000000
0.000000
0.000000
-0.000000
-0.000000
-0.000000
-0.000000
-0.000000
-0.000000
-0.000000
-0.000000
-0.000000
-0.000000
-0.000000
-0.000000
-0.000000
-0.000000
-0.000000
0.000000
0.000000
0.000000
-0.000000
0.000000
-0.000000
0.000000
0.000000
-0.000000
0.000000
-0.000000
-0.000000
0.000000
-0.000000
0.000000
0.000000
-0.000000
-0.000000
-0.000000
0.000000
-0.000000
-0.000000
-0.000000
0.000000
0.000000
-0.000000
-0.000000
-0.000000
-0.000000
-0.000000
0.000000
0.000000
-0.000000
-0.000000
-0.000000
-0.000000
0.000000
0.000000
-0.000000
0.000000
-0.000000
-0.000000
0.000000
0.000000
-0.000000
-0.000000
-0.000000
-0.000000
-0.000000
0.000000
-0.000000
-0.000000
-0.000000
0.000000
-0.000000
-0.000000
-0.000000
-0.000000
-0.000000
-0.000000
-0.000000
-0.000000
0.000000
-0.000000
-0.000000
-0.000000
-0.000000
-0.000000
-0.000000
-0.000000
-0.000000
-0.000000
-0.000000
0.000000
-0.000000
-0.000000
-0.000000
0.000000
-0.000000
0.000000
0.000000
0.000000
0.000000
0.000000
-0.000000
-0.000000
0.000000
-0.000000
-0.000000
-0.000000
-0.000000
0.000000
-0.000000
-0.000000
0.000000
-0.000000
0.000000
-0.000000
-0.000000
0.000000
-0.000000
0.000000
0.000000
0.000000
-0.000000
-0.000000
-0.000000
-0.000000
0.000000
-0.000000
0.000000
-0.000000
0.000000
-0.000000
0.000000
-0.000000
0.000000
0.000000
0.000000
-0.000000
0.000000
0.000000
0.000000
0.000000
-0.000000
0.000000
0.000000
0.000000
-0.000000
0.000000
0.000000
0.000000
0.000000
0.000000
0.000000
-0.000000
0.000000
0.000000
0.000000
0.000000
0.000000
-0.000000
0.000000
0.000000
-0.000000
0.000000
0.000000
0.000000
-0.000000
0.000000
-0.000000
0.000000
-0.000000
-0.000000
0.000000
-0.000000
-0.000000
0.000000
0.000000
0.000000
0.000000
-0.000000
0.000000
-0.000000
-0.000000
-0.000000
-0.000000
0.000000
-0.000000
0.000000
-0.000000
-0.000000
-0.000000
0.000000
-0.000000
-0.000000
-0.000000
0.000000
-0.000000
-0.000000
-0.000000
-0.000000
0.000000
0.000000
-0.000000
0.000000
0.000000
0.000000
0.000000
-0.000000
-0.000000
0.000000
0.000000
0.000000
0.000000
0.000000
-0.000000
0.000000
0.000000
0.000000
-0.000000
0.000000
-0.000000
-0.000000
0.000000
0.000000
0.000000
-0.000000
-0.000000
-0.000000
0.000000
0.000000
0.000000
-0.000000
-0.000000
-0.000000
0.000000
-0.000000
-0.000000
0.000000
-0.000000
0.000000
0.000000
0.000000
-0.000000
0.000000
0.000000
0.000000
0.000000
0.000000
0.000000
0.000000
0.000000
0.000000
0.000000
-0.000000
0.000000
-0.000000
-0.000000
-0.000000
0.000000
0.000000
0.000000
-0.000000
-0.000000
-0.000000
-0.000000
-0.000000
-0.000000
0.000000
-0.000000
-0.000000
-0.000000
-0.000000
0.000000
-0.000000
0.000969
0.000844
0.000701
0.000542
0.000368
0.000183
-0.000010
-0.000208
-0.000406
-0.000601
-0.000789
-0.000967
-0.001130
-0.001276
-0.001400
-0.001501
-0.001575
-0.001621
-0.001637
-0.001622
-0.001576
-0.001499
-0.001391
-0.001254
-0.001091
-0.000904
-0.000695
-0.000470
-0.000232
0.000014
0.001232
0.001356
0.001454
0.001522
0.001559
0.001562
0.001529
0.001461
0.001356
0.001215
0.001040
0.000832
0.000593
0.000328
0.000041
-0.000265
-0.000584
-0.000910
-0.001238
-0.001561
-0.001873
-0.002166
-0.002436
-0.002674
-0.002875
-0.003033
-0.003144
-0.003201
-0.003202
-0.003143
-0.002054
-0.001994
-0.001889
-0.001739
-0.001542
-0.001298
-0.001009
-0.000677
-0.000303
0.000107
0.000551
0.001021
0.001513
0.002019
0.002531
0.003042
0.003542
0.004022
0.004473
0.004884
0.005247
0.005551
0.005788
0.005948
0.006023
0.006006
0.005890
0.005671
0.005343
0.004903
0.003383
0.002844
0.002214
0.001495
0.000689
-0.000199
-0.001162
-0.002193
-0.003282
-0.004418
-0.005589
-0.006780
-0.007975
-0.009157
-0.010308
-0.011407
-0.012434
-0.013368
-0.014185
-0.014865
-0.015383
-0.015717
-0.015845
-0.015745
-0.015396
-0.014779
-0.013877
-0.012671
-0.011149
-0.009298
-0.006141
-0.003732
-0.000994
0.002077
0.005479
0.009210
0.013263
0.017629
0.022294
0.027244
0.032457
0.037912
0.043583
0.049441
0.055454
0.061589
0.067809
0.074076
0.080350
0.086591
0.092756
0.098804
0.104692
0.110379
0.115826
0.120993
0.125843
0.130343
0.134461
0.138171
0.140479
0.143427
0.145928
0.147968
0.149540
0.150642
0.151276
0.151450
0.151177
0.150475
0.149369
0.147886
0.146059
0.143927
0.141532
0.138918
0.136134
0.133233
0.130266
0.127289
0.124358
0.121526
0.118849
0.116380
0.114169
0.112263
0.110706
0.109537
0.108789
0.108491
0.107695
0.108477
0.109770
0.111571
0.113868
0.116643
0.119866
0.123500
0.127502
0.131817
0.136387
0.141144
0.146015
0.150923
0.155783
0.160511
0.165018
0.169213
0.173007
0.176310
0.179035
0.181099
0.182423
0.182932
0.182561
0.181251
0.178952
0.175623
0.171237
0.165774
0.160198
0.152451
0.143628
0.133760
0.122895
0.111092
0.098423
0.084970
0.070828
0.056102
0.040906
0.025362
0.009600
-0.006247
-0.022041
-0.037639
-0.052901
-0.067685
-0.081852
-0.095268
-0.107803
-0.119335
-0.129750
-0.138946
-0.146829
-0.153319
-0.158350
-0.161869
-0.163840
-0.164239
-0.164031
-0.161162
-0.156734
-0.150790
-0.143390
-0.134609
-0.124536
-0.113274
-0.100936
-0.087650
-0.073549
-0.058777
-0.043484
-0.027823
-0.011951
0.003973
0.019792
0.035350
0.050497
0.065086
0.078979
0.092046
0.104167
0.115234
0.125149
0.133829
0.141204
0.147217
0.151829
0.155011
0.155784
0.156212
0.155236
0.152886
0.149200
0.144231
0.138041
0.130702
0.122295
0.112907
0.102633
0.091571
0.079823
0.067494
0.054690
0.041516
0.028076
0.014471
0.000800
-0.012844
-0.026373
-0.039703
-0.052758
-0.065469
-0.077773
-0.089615
-0.100948
-0.111732
-0.121933
-0.131525
-0.141457
-0.150726
-0.158336
-0.165252
-0.171479
-0.177024
-0.181899
-0.186119
-0.189700
-0.192661
-0.195022
-0.196801
-0.198016
-0.198687
-0.198829
-0.198455
-0.197579
-0.196209
-0.194353
-0.192015
-0.189197
-0.185899
-0.182118
-0.177850
-0.173091
-0.167834
-0.162074
-0.155805
-0.149024
-0.141727
-0.134884
-0.127509
-0.118619
-0.109195
-0.099256
-0.088826
-0.077936
-0.066624
-0.054933
-0.042915
-0.030626
-0.018132
-0.005501
0.007191
0.019862
0.032430
0.044806
0.056899
0.068618
0.079869
0.090561
0.100603
0.109908
0.118391
0.125974
0.132584
0.138155
0.142628
0.145954
0.148094
0.149986
0.148478
0.146699
0.143687
0.139458
0.134044
0.127483
0.119827
0.111137
0.101483
0.090946
0.079612
0.067576
0.054940
0.041807
0.028288
0.014493
0.000534
-0.013476
-0.027425
-0.041208
-0.054717
-0.067856
-0.080530
-0.092653
-0.104147
-0.114942
-0.124978
-0.134204
-0.142580
-0.149106
-0.154753
-0.160500
-0.165378
-0.169396
-0.172570
-0.174925
-0.176495
-0.177318
-0.177441
-0.176913
-0.175791
-0.174132
-0.171997
-0.169451
-0.166555
-0.163376
-0.159974
-0.156411
-0.152747
-0.149037
-0.145333
-0.141684
-0.138133
-0.134718
-0.131474
-0.128428
-0.125605
-0.123021
-0.120690
-0.119588
-0.118729
-0.117123
-0.115735
-0.114557
-0.113583
-0.112801
-0.112201
-0.111769
-0.111492
-0.111359
-0.111355
-0.111470
-0.111692
-0.112012
-0.112420
-0.112911
-0.113479
-0.114119
-0.114829
-0.115610
-0.116460
-0.117382
-0.118377
-0.119449
-0.120601
-0.121836
-0.123158
-0.124568
-0.126068
-0.128626
-0.129107
-0.130645
-0.132269
-0.133973
-0.135751
-0.137592
-0.139483
-0.141409
-0.143349
-0.145285
-0.147189
-0.149037
-0.150798
-0.152443
-0.153937
-0.155247
-0.156338
-0.157175
-0.157722
-0.157944
-0.157807
-0.157279
-0.156328
-0.154927
-0.153049
-0.150672
-0.147777
-0.144349
-0.140377
-0.136822
-0.130548
-0.124696
-0.118306
-0.111393
-0.103976
-0.096079
-0.087730
-0.078960
-0.069804
-0.060301
-0.050491
-0.040419
-0.030129
-0.019669
-0.009086
0.001571
0.012253
0.022913
0.033502
0.043976
0.054288
0.064398
0.074264
0.083849
0.093118
0.102040
0.110585
0.118728
0.126446
0.133721
0.139465
0.145726
0.151527
0.156861
0.161724
0.166111
0.170021
0.173455
0.176411
0.178892
0.180901
0.182439
0.183509
0.184114
0.184256
0.183938
0.183163
0.181931
0.180245
0.178106
0.175513
0.172470
0.168975
0.165031
0.160638
0.155798
0.150515
0.144792
0.138634
0.132048
0.126114
0.118779
0.111024
0.102863
0.094315
0.085399
0.076140
0.066565
0.056705
0.046594
0.036268
0.025766
0.015133
0.004412
-0.006349
-0.017102
-0.027797
-0.038383
-0.048808
-0.059022
-0.068974
-0.078614
-0.087895
-0.096772
-0.105202
-0.113146
-0.120567
-0.127434
-0.133720
-0.139403
-0.143394
-0.147743
-0.151477
-0.154596
-0.157105
-0.159015
-0.160342
-0.161105
-0.161332
-0.161051
-0.160297
-0.159109
-0.157527
-0.155598
-0.153367
-0.150883
-0.148198
-0.145363
-0.142428
-0.139444
-0.136463
-0.133532
-0.130696
-0.128001
-0.125485
-0.123186
-0.121136
-0.119362
-0.117888
-0.116732
-0.114835
-0.114265
-0.114059
-0.114212
-0.114715
-0.115555
-0.116711
-0.118157
-0.119864
-0.121799
-0.123922
-0.126193
-0.128568
-0.131001
-0.133444
-0.135849
-0.138167
-0.140352
-0.142355
-0.144132
-0.145641
-0.146841
-0.147697
-0.148175
-0.148249
-0.147893
-0.147090
-0.145826
-0.144093
-0.141889
-0.138142
-0.134926
-0.131283
-0.127234
-0.122800
-0.118008
-0.112888
-0.107474
-0.101801
-0.095908
-0.089835
-0.083625
-0.077318
-0.070960
-0.064591
-0.058255
-0.051992
-0.045843
-0.039846
-0.034036
-0.028446
-0.023106
-0.018044
-0.013284
-0.008845
-0.004744
-0.000994
0.002396
0.005421
0.008078
0.009298
0.011149
0.012671
0.013877
0.014780
0.015396
0.015745
0.015845
0.015717
0.015383
0.014865
0.014185
0.013368
0.012434
0.011407
0.010308
0.009157
0.007975
0.006780
0.005589
0.004418
0.003282
0.002193
0.001162
0.000199
-0.000689
-0.001495
-0.002214
-0.002844
-0.003383
-0.004903
-0.005343
-0.005670
-0.005890
-0.006006
-0.006023
-0.005948
-0.005788
-0.005551
-0.005247
-0.004884
-0.004473
-0.004022
-0.003542
-0.003042
-0.002531
-0.002019
-0.001513
-0.001021
-0.000551
-0.000107
0.000303
0.000677
0.001009
0.001298
0.001542
0.001739
0.001889
0.001994
0.002054
0.003143
0.003202
0.003201
0.003144
0.003033
0.002875
0.002674
0.002436
0.002166
0.001873
0.001561
0.001238
0.000910
0.000584
0.000265
-0.000041
-0.000328
-0.000593
-0.000832
-0.001040
-0.001215
-0.001356
-0.001461
-0.001529
-0.001562
-0.001559
-0.001522
-0.001454
-0.001356
-0.001232
-0.000014
0.000232
0.000470
0.000695
0.000904
0.001091
0.001254
0.001391
0.001499
0.001576
0.001622
0.001637
0.001621
0.001575
0.001501
0.001400
0.001276
0.001130
0.000967
0.000789
0.000601
0.000406
0.000208
0.000010
-0.000183
-0.000368
-0.000542
-0.000701
-0.000844
-0.000969
-0.000000
0.000000
0.000000
-0.000000
0.000000
-0.000000
0.000000
-0.000000
0.000000
0.000000
-0.000000
-0.000000
0.000000
-0.000000
-0.000000
0.000000
-0.000000
0.000000
-0.000000
-0.000000
0.000000
-0.000000
0.000000
-0.000000
-0.000000
-0.000000
-0.000000
-0.000000
-0.000000
-0.000000
-0.000000
0.000000
-0.000000
-0.000000
-0.000000
-0.000000
-0.000000
-0.000000
-0.000000
-0.000000
-0.000000
-0.000000
-0.000000
-0.000000
-0.000000
-0.000000
-0.000000
-0.000000
-0.000000
-0.000000
-0.000000
-0.000000
-0.000000
-0.000000
-0.000000
-0.000000
-0.000000
0.000000
-0.000000
-0.000000
-0.000000
-0.000000
-0.000000
-0.000000
-0.000000
-0.000000
-0.000000
0.000000
0.000000
-0.000000
-0.000000
0.000000
0.000000
-0.000000
0.000000
-0.000000
0.000000
-0.000000
0.000000
-0.000000
0.000000
0.000000
0.000000
0.000000
0.000000
-0.000000
0.000000
0.000000
0.000000
0.000000
0.000000
0.000000
-0.000000
0.000000
0.000000
0.000000
0.000000
0.000000
0.000000
0.000000
0.000000
0.000000
0.000000
0.000000
0.000000
0.000000
0.000000
-0.000000
0.000000
0.000000
0.000000
-0.000000
-0.000000
0.000000
0.000000
0.000000
-0.000000
-0.000000
0.000000
0.000000
0.000000
0.000000
-0.000000
-0.000000
-0.000000
-0.000000
-0.000000
-0.000000
-0.000000
-0.000000
0.000000
-0.000000
-0.000000
-0.000000
0.000000
-0.000000
-0.000000
-0.000000
0.000000
0.000000
-0.000000
-0.000000
-0.000000
-0.000000
-0.000000
-0.000000
-0.000000
-0.000000
0.000000
-0.000000
-0.000000
-0.000000
-0.000000
-0.000000
-0.000000
-0.000000
-0.000000
-0.000000
-0.000000
-0.000000
-0.000000
-0.000000
-0.000000
-0.000000
-0.000000
-0.000000
-0.000000
-0.000000
0.000000
-0.000000
-0.000000
-0.000000
-0.000000
-0.000000
-0.000000
-0.000000
-0.000000
-0.000000
-0.000000
-0.000000
-0.000000
-0.000000
-0.000000
-0.000000
-0.000000
-0.000000
-0.000000
-0.000000
-0.000000
-0.000000
-0.000000
-0.000000
-0.000000
-0.000000
-0.000000
-0.000000
-0.000000
-0.000000
-0.000000
-0.000000
-0.000000
-0.000000
-0.000000
-0.000000
-0.000000
-0.000000
-0.000000
-0.000000
-0.000000
-0.000000
-0.000000
-0.000000
-0.000000
-0.000000
-0.000000
-0.000000
0.000000
-0.000000
-0.000000
-0.000000
0.000000
-0.000000
-0.000000
-0.000000
-0.000000
0.000000
-0.000000
-0.000000
0.000000
0.000000
0.000000
0.000000
-0.000000
-0.000000
0.000000
0.000000
0.000000
-0.000000
0.000000
-0.000000
0.000000
0.000000
0.000000
-0.000000
0.000000
0.000000
-0.000000
0.000000
0.000000
0.000000
0.000000
-0.000000
0.000000
0.000000
0.000000
-0.000000
0.000000
0.000000
0.000000
0.000000
0.000000
0.000000
-0.000000
0.000000
0.000000
-0.000000
-0.000000
0.000000
0.000000
0.000000
0.000000
0.000000
-0.000000
-0.000000
-0.000000
0.000000
-0.000000
-0.000000
-0.000000
0.000000
-0.000000
-0.000000
-0.000000
-0.000000
0.000000
-0.000000
-0.000000
-0.000000
0.000000
0.000000
-0.000000
-0.000000
-0.000000
-0.000000
-0.000000
-0.000000
-0.000000
-0.000000
-0.000000
-0.000000
-0.000000
-0.000000
-0.000000
0.000000
0.000000
0.000000
0.000000
0.000000
0.000000
0.000000
0.000000
-0.000000
-0.000000
-0.000000
0.000000
0.000000
0.000000
-0.000000
0.000000
0.000000
0.000000
0.000000
-0.000000
0.000000
0.000000
0.000000
0.000000
0.000000
0.000000
0.000000
0.000000
0.000000
-0.000000
0.000000
0.000000
0.000000
0.000000
0.000000
0.000000
0.000000
0.000000
0.000000
0.000000
0.000000
0.000000
-0.000000
0.000000
0.000000
-0.000000
0.000000
0.000000
-0.000000
0.000000
0.000000
-0.000000
-0.000000
-0.000000
0.000000
0.000000
0.000000
0.000000
-0.000000
-0.000000
0.000000
0.000000
-0.000000
0.000000
0.000000
0.000000
-0.000000
0.000000
-0.000000
0.000000
0.000000
-0.000000
0.000000
-0.000000
0.000000
0.000000
0.000000
0.000000
-0.000000
0.000000
-0.000000
-0.000000
-0.000000
-0.000000
-0.000000
0.000000
0.000000
-0.000000
-0.000000
-0.000000
-0.000000
-0.000000
0.000000
-0.000000
-0.000000
-0.000000
-0.000000
-0.000000
-0.000000
0.000000
-0.000000
-0.000000
-0.000000
-0.000000
-0.000000
-0.000000
0.000000
-0.000000
0.000000
-0.000000
0.000000
-0.000000
0.000000
0.000000
0.000000
0.000000
-0.000000
0.000000
0.000000
-0.000000
0.000000
-0.000000
0.000000
-0.000000
0.000000
-0.000000
-0.000000
-0.000000
-0.000000
0.000000
-0.000000
0.000000
-0.000000
0.000000
0.000000
0.000000
0.000000
0.000000
0.000000
0.000000
-0.000000
-0.000000
0.000000
0.000000
0.000000
0.000000
0.000000
0.000000
-0.000000
-0.000000
-0.000000
0.000000
0.000000
-0.000000
0.000000
-0.000000
-0.000000
0.000000
-0.000000
-0.000000
0.000000
0.000000
-0.000000
-0.000000
-0.000000
-0.000000
-0.000000
-0.000000
-0.000000
-0.000000
-0.000000
-0.000000
-0.000000
0.000000
-0.000000
-0.000000
-0.000000
-0.000000
-0.000000
-0.000000
-0.000000
-0.000000
-0.000000
-0.000000
-0.000000
-0.000000
-0.000000
-0.000000
0.000000
-0.000000
-0.000000
-0.000000
-0.000000
-0.000000
0.000000
-0.000000
-0.000000
-0.000000
-0.000000
-0.000000
-0.000000
0.000000
-0.000000
0.000000
0.000000
0.000000
-0.000000
0.000000
-0.000000
-0.000000
0.000000
-0.000000
0.000000
-0.000000
-0.000000
0.000000
-0.000000
0.000000
-0.000000
-0.000000
-0.000000
0.000000
-0.000000
0.000000
0.000000
0.000000
-0.000000
0.000000
-0.000000
0.000000
-0.000000
0.000000
0.000000
0.000000
0.000000
0.000000
0.000000
0.000000
-0.000000
0.000000
0.000000
0.000000
0.000000
0.000000
0.000000
0.000000
-0.000000
0.000000
-0.000000
0.000000
0.000000
0.000000
0.000000
0.000000
0.000000
0.000000
0.000000
0.000000
0.000000
0.000000
0.000000
0.000000
0.000000
0.000000
0.000000
0.000000
0.000000
0.000000
0.000000
0.000000
0.000000
0.000000
0.000000
0.000000
-0.000000
0.000000
0.000000
0.000000
0.000000
0.000000
-0.000000
0.000000
-0.000000
0.000000
0.000000
0.000000
0.000000
0.000000
0.000000
0.000000
0.000000
0.000000
0.000000
0.000000
0.000000
0.000000
0.000000
0.000000
0.000000
0.000000
0.000000
0.000000
0.000000
0.000000
0.000000
0.000000
0.000000
-0.000000
0.000000
0.000000
0.000000
0.000000
0.000000
0.000000
0.000000
0.000000
0.000000
0.000000
0.000000
0.000000
0.000000
0.000000
0.000000
0.000000
-0.000000
0.000000
0.000000
0.000000
0.000000
0.000000
-0.000000
-0.000000
-0.000000
-0.000000
-0.000000
-0.000000
-0.000000
-0.000000
-0.000000
0.000000
0.000000
-0.000000
-0.000000
-0.000000
-0.000000
-0.000000
-0.000000
-0.000000
0.000000
0.000000
-0.000000
-0.000000
-0.000000
-0.000000
0.000000
0.000000
-0.000000
-0.000000
0.000000
-0.000000
-0.000000
-0.000000
-0.000000
-0.000000
-0.000000
-0.000000
-0.000000
0.000000
-0.000000
0.000000
-0.000000
0.000000
-0.000000
0.000000
0.000000
-0.000000
-0.000000
-0.000000
-0.000000
0.000000
-0.000000
-0.000000
0.000000
-0.000000
-0.000000
-0.000000
-0.000000
0.000000
-0.000000
-0.000000
0.000000
-0.000000
0.000000
-0.000000
-0.000000
0.000000
-0.000000
0.000000
-0.000000
0.000000
0.000000
0.000000
0.000000
0.000000
0.000000
0.000000
0.000000
-0.000000
0.000000
0.000000
0.000000
-0.000000
0.000000
0.000000
0.000000
0.000000
-0.000000
0.000000
-0.000000
0.000000
0.000000
0.000000
0.000000
0.000000
0.000000
0.000000
0.000000
0.000000
0.000000
0.000000
0.000000
0.000000
0.000000
-0.000000
-0.000000
0.000000
0.000000
0.000000
0.000000
0.000000
0.000000
0.000000
0.000000
0.000000
0.000000
0.000000
-0.000969
-0.000844
-0.000701
-0.000542
-0.000368
-0.000183
0.000010
0.000208
0.000406
0.000601
0.000789
0.000967
0.001130
0.001276
0.001400
0.001501
0.001575
0.001621
0.001637
0.001622
0.001576
0.001499
0.001391
0.001254
0.001091
0.000904
0.000695
0.000470
0.000232
-0.000014
-0.001232
-0.001356
-0.001454
-0.001522
-0.001559
-0.001562
-0.001529
-0.001461
-0.001356
-0.001215
-0.001040
-0.000831
-0.000593
-0.000328
-0.000041
0.000265
0.000584
0.000910
0.001238
0.001561
0.001873
0.002166
0.002436
0.002674
0.002875
0.003033
0.003144
0.003201
0.003202
0.003143
0.002054
0.001994
0.001889
0.001739
0.001542
0.001298
0.001009
0.000677
0.000303
-0.000107
-0.000551
-0.001021
-0.001513
-0.002019
-0.002531
-0.003042
-0.003542
-0.004022
-0.004473
-0.004884
-0.005247
-0.005551
-0.005788
-0.005948
-0.006023
-0.006006
-0.005890
-0.005671
-0.005343
-0.004903
-0.005321
-0.004533
-0.003617
-0.002578
-0.001424
-0.000166
0.001183
0.002608
0.004094
0.005620
0.007167
0.008713
0.010235
0.011709
0.013108
0.014409
0.015585
0.016610
0.017460
0.018109
0.018535
0.018714
0.018626
0.018253
0.017578
0.016587
0.015267
0.013612
0.011613
0.009270
0.005614
0.002709
-0.000511
-0.004037
-0.007861
-0.011968
-0.016342
-0.020966
-0.025818
-0.030876
-0.036115
-0.041509
-0.047030
-0.052649
-0.058336
-0.064060
-0.069791
-0.075497
-0.081148
-0.086713
-0.092162
-0.097468
-0.102603
-0.107540
-0.112258
-0.116733
-0.120946
-0.124880
-0.128521
-0.131855
-0.135843
-0.138416
-0.140645
-0.142529
-0.144074
-0.145287
-0.146178
-0.146759
-0.147047
-0.147058
-0.146812
-0.146331
-0.145638
-0.144757
-0.143712
-0.142530
-0.141236
-0.139855
-0.138413
-0.136935
-0.135445
-0.133964
-0.132514
-0.131114
-0.129783
-0.128534
-0.127383
-0.126340
-0.125415
-0.124613
-0.124909
-0.124243
-0.123689
-0.123247
-0.122917
-0.122695
-0.122577
-0.122558
-0.122633
-0.122793
-0.123031
-0.123338
-0.123706
-0.124124
-0.124585
-0.125079
-0.125596
-0.126127
-0.126665
-0.127201
-0.127727
-0.128236
-0.128724
-0.129183
-0.129609
-0.129999
-0.130349
-0.130657
-0.130921
-0.131140
-0.132284
-0.132290
-0.132234
-0.132119
-0.131951
-0.131734
-0.131475
-0.131180
-0.130856
-0.130510
-0.130150
-0.129783
-0.129416
-0.129057
-0.128711
-0.128386
-0.128087
-0.127818
-0.127585
-0.127390
-0.127238
-0.127129
-0.127064
-0.127045
-0.127071
-0.127139
-0.127248
-0.127396
-0.127578
-0.127790
-0.128997
-0.129132
-0.129264
-0.129388
-0.129503
-0.129604
-0.129691
-0.129760
-0.129811
-0.129842
-0.129853
-0.129844
-0.129815
-0.129768
-0.129703
-0.129622
-0.129528
-0.129422
-0.129308
-0.129189
-0.129067
-0.128945
-0.128826
-0.128714
-0.128610
-0.128518
-0.128440
-0.128376
-0.128330
-0.128302
-0.129261
-0.129146
-0.129032
-0.128918
-0.128807
-0.128701
-0.128600
-0.128506
-0.128420
-0.128344
-0.128277
-0.128222
-0.128178
-0.128146
-0.128127
-0.128121
-0.128127
-0.128146
-0.128178
-0.128222
-0.128277
-0.128344
-0.128420
-0.128506
-0.128600
-0.128701
-0.128807
-0.128918
-0.129032
-0.129146
-0.130230
-0.129146
-0.129032
-0.128918
-0.128807
-0.128701
-0.128600
-0.128506
-0.128420
-0.128344
-0.128277
-0.128222
-0.128178
-0.128146
-0.128127
-0.128121
-0.128127
-0.128146
-0.128178
-0.128222
-0.128277
-0.128344
-0.128420
-0.128506
-0.128600
-0.128701
-0.128807
-0.128918
-0.129032
-0.129146
-0.130230
-0.129146
-0.129031
-0.128918
-0.128807
-0.128701
-0.128600
-0.128506
-0.128420
-0.128344
-0.128277
-0.128222
-0.128178
-0.128146
-0.128127
-0.128121
-0.128127
-0.128146
-0.128178
-0.128222
-0.128277
-0.128344
-0.128420
-0.128506
-0.128600
-0.128701
-0.128807
-0.128918
-0.129031
-0.129146
-0.130230
-0.129146
-0.129032
-0.128918
-0.128807
-0.128701
-0.128600
-0.128506
-0.128420
-0.128344
-0.128277
-0.128222
-0.128178
-0.128146
-0.128127
-0.128121
-0.128127
-0.128146
-0.128178
-0.128222
-0.128277
-0.128344
-0.128420
-0.128506
-0.128600
-0.128701
-0.128807
-0.128918
-0.129031
-0.129146
-0.130230
-0.129146
-0.129031
-0.128918
-0.128807
-0.128701
-0.128600
-0.128506
-0.128420
-0.128344
-0.128277
-0.128222
-0.128178
-0.128146
-0.128127
-0.128121
-0.128127
-0.128146
-0.128178
-0.128222
-0.128277
-0.128344
-0.128420
-0.128506
-0.128600
-0.128701
-0.128807
-0.128918
-0.129032
-0.129146
-0.130230
-0.129146
-0.129032
-0.128918
-0.128807
-0.128701
-0.128600
-0.128506
-0.128420
-0.128344
-0.128277
-0.128222
-0.128178
-0.128146
-0.128127
-0.128121
-0.128127
-0.128146
-0.128178
-0.128222
-0.128277
-0.128344
-0.128420
-0.128506
-0.128600
-0.128701
-0.128807
-0.128918
-0.129031
-0.129146
-0.130230
-0.129146
-0.129032
-0.128918
-0.128807
-0.128701
-0.128600
-0.128506
-0.128420
-0.128344
-0.128277
-0.128222
-0.128178
-0.128146
-0.128127
-0.128121
-0.128127
-0.128146
-0.128178
-0.128222
-0.128277
-0.128344
-0.128420
-0.128506
-0.128600
-0.128701
-0.128807
-0.128918
-0.129031
-0.129146
-0.130230
-0.129146
-0.129032
-0.128918
-0.128807
-0.128701
-0.128600
-0.128506
-0.128420
-0.128344
-0.128277
-0.128222
-0.128178
-0.128146
-0.128127
-0.128121
-0.128127
-0.128146
-0.128178
-0.128222
-0.128277
-0.128344
-0.128420
-0.128506
-0.128600
-0.128701
-0.128807
-0.128918
-0.129031
-0.129146
-0.130230
-0.129146
-0.129032
-0.128918
-0.128807
-0.128701
-0.128600
-0.128506
-0.128420
-0.128344
-0.128277
-0.128222
-0.128178
-0.128146
-0.128127
-0.128121
-0.128127
-0.128146
-0.128178
-0.128222
-0.128277
-0.128344
-0.128420
-0.128506
-0.128600
-0.128701
-0.128807
-0.128918
-0.129032
-0.129146
-0.130230
-0.129146
-0.129032
-0.128918
-0.128807
-0.128701
-0.128600
-0.128506
-0.128420
-0.128344
-0.128277
-0.128222
-0.128178
-0.128146
-0.128127
-0.128121
-0.128127
-0.128146
-0.128178
-0.128222
-0.128277
-0.128344
-0.128420
-0.128506
-0.128600
-0.128701
-0.128807
-0.128918
-0.129032
-0.129146
-0.130230
-0.129146
-0.129032
-0.128918
-0.128807
-0.128701
-0.128600
-0.128506
-0.128420
-0.128344
-0.128277
-0.128222
-0.128178
-0.128146
-0.128127
-0.128121
-0.128127
-0.128146
-0.128178
-0.128222
-0.128277
-0.128344
-0.128420
-0.128506
-0.128600
-0.128701
-0.128807
-0.128918
-0.129032
-0.129146
-0.130230
-0.129146
-0.129032
-0.128918
-0.128807
-0.128701
-0.128600
-0.128506
-0.128420
-0.128344
-0.128277
-0.128222
-0.128178
-0.128146
-0.128127
-0.128121
-0.128127
-0.128146
-0.128178
-0.128222
-0.128277
-0.128344
-0.128420
-0.128506
-0.128600
-0.128701
-0.128807
-0.128918
-0.129031
-0.129146
-0.130230
-0.129146
-0.129032
-0.128918
-0.128807
-0.128701
-0.128600
-0.128506
-0.128420
-0.128344
-0.128277
-0.128222
-0.128178
-0.128146
-0.128127
-0.128121
-0.128127
-0.128146
-0.128178
-0.128222
-0.128277
-0.128344
-0.128420
-0.128506
-0.128600
-0.128701
-0.128807
-0.128918
-0.129031
-0.129146
-0.130230
-0.129146
-0.129031
-0.128918
-0.128807
-0.128701
-0.128600
-0.128506
-0.128420
-0.128344
-0.128277
-0.128222
-0.128178
-0.128146
-0.128127
-0.128121
-0.128127
-0.128146
-0.128178
-0.128222
-0.128277
-0.128344
-0.128420
-0.128506
-0.128600
-0.128701
-0.128807
-0.128918
-0.129031
-0.129146
-0.130230
-0.129146
-0.129032
-0.128918
-0.128807
-0.128701
-0.128600
-0.128506
-0.128420
-0.128344
-0.128277
-0.128222
-0.128178
-0.128146
-0.128127
-0.128121
-0.128127
-0.128146
-0.128178
-0.128222
-0.128277
-0.128344
-0.128420
-0.128506
-0.128600
-0.128701
-0.128807
-0.128918
-0.129031
-0.129146
-0.130230
-0.129146
-0.129032
-0.128918
-0.128807
-0.128701
-0.128600
-0.128506
-0.128420
-0.128344
-0.128277
-0.128222
-0.128178
-0.128146
-0.128127
-0.128121
-0.128127
-0.128146
-0.128178
-0.128222
-0.128277
-0.128344
-0.128420
-0.128506
-0.128600
-0.128701
-0.128807
-0.128918
-0.129032
-0.129146
-0.130230
-0.129147
-0.129032
-0.128918
-0.128807
-0.128701
-0.128600
-0.128506
-0.128420
-0.128344
-0.128277
-0.128222
-0.128178
-0.128146
-0.128127
-0.128121
-0.128127
-0.128146
-0.128178
-0.128222
-0.128277
-0.128344
-0.128420
-0.128506
-0.128600
-0.128701
-0.128807
-0.128918
-0.129031
-0.129146
-0.130230
-0.129146
-0.129032
-0.128918
-0.128807
-0.128701
-0.128600
-0.128506
-0.128420
-0.128344
-0.128277
-0.128222
-0.128178
-0.128146
-0.128127
-0.128121
-0.128127
-0.128146
-0.128178
-0.128222
-0.128277
-0.128344
-0.128420
-0.128506
-0.128600
-0.128701
-0.128807
-0.128918
-0.129031
-0.129146
-0.130230
-0.129146
-0.129032
-0.128918
-0.128807
-0.128701
-0.128600
-0.128506
-0.128420
-0.128344
-0.128277
-0.128222
-0.128178
-0.128146
-0.128127
-0.128121
-0.128127
-0.128146
-0.128178
-0.128222
-0.128277
-0.128344
-0.128420
-0.128506
-0.128600
-0.128701
-0.128807
-0.128918
-0.129032
-0.129146
-0.130230
-0.129146
-0.129032
-0.128918
-0.128807
-0.128701
-0.128600
-0.128506
-0.128420
-0.128344
-0.128277
-0.128222
-0.128178
-0.128146
-0.128127
-0.128121
-0.128127
-0.128146
-0.128178
-0.128222
-0.128277
-0.128344
-0.128420
-0.128506
-0.128600
-0.128701
-0.128807
-0.128918
-0.129032
-0.129146
-0.130230
-0.129146
-0.129032
-0.128918
-0.128807
-0.128701
-0.128600
-0.128506
-0.128420
-0.128344
-0.128277
-0.128222
-0.128178
-0.128146
-0.128127
-0.128121
-0.128127
-0.128146
-0.128178
-0.128222
-0.128277
-0.128344
-0.128420
-0.128506
-0.128600
-0.128701
-0.128807
-0.128918
-0.129032
-0.129146
-0.130230
-0.129146
-0.129032
-0.128918
-0.128807
-0.128701
-0.128600
-0.128506
-0.128420
-0.128344
-0.128277
-0.128222
-0.128178
-0.128146
-0.128127
-0.128121
-0.128127
-0.128146
-0.128178
-0.128222
-0.128277
-0.128344
-0.128420
-0.128506
-0.128600
-0.128701
-0.128807
-0.128918
-0.129032
-0.129146
-0.130230
-0.129146
-0.129032
-0.128918
-0.128807
-0.128701
-0.128600
-0.128506
-0.128420
-0.128344
-0.128277
-0.128222
-0.128178
-0.128146
-0.128127
-0.128121
-0.128127
-0.128146
-0.128178
-0.128222
-0.128277
-0.128344
-0.128420
-0.128506
-0.128600
-0.128701
-0.128807
-0.128918
-0.129031
-0.129146
-0.129261
-0.128302
-0.128330
-0.128376
-0.128440
-0.128518
-0.128610
-0.128714
-0.128826
-0.128945
-0.129067
-0.129189
-0.129308
-0.129422
-0.129528
-0.129622
-0.129703
-0.129768
-0.129815
-0.129844
-0.129853
-0.129842
-0.129811
-0.129760
-0.129691
-0.129604
-0.129503
-0.129388
-0.129264
-0.129132
-0.128997
-0.127790
-0.127578
-0.127396
-0.127248
-0.127139
-0.127071
-0.127045
-0.127064
-0.127129
-0.127238
-0.127390
-0.127585
-0.127818
-0.128087
-0.128386
-0.128711
-0.129057
-0.129416
-0.129783
-0.130150
-0.130510
-0.130856
-0.131180
-0.131475
-0.131734
-0.131951
-0.132119
-0.132234
-0.132290
-0.132284
-0.131140
-0.130921
-0.130657
-0.130349
-0.129999
-0.129609
-0.129183
-0.128724
-0.128236
-0.127727
-0.127201
-0.126665
-0.126127
-0.125596
-0.125079
-0.124585
-0.124124
-0.123705
-0.123338
-0.123031
-0.122793
-0.122633
-0.122558
-0.122577
-0.122695
-0.122917
-0.123247
-0.123689
-0.124243
-0.124909
-0.124613
-0.125415
-0.126340
-0.127383
-0.128534
-0.129783
-0.131114
-0.132514
-0.133964
-0.135445
-0.136935
-0.138413
-0.139855
-0.141236
-0.142530
-0.143712
-0.144757
-0.145638
-0.146331
-0.146812
-0.147058
-0.147047
-0.146759
-0.146178
-0.145287
-0.144074
-0.142529
-0.140645
-0.138417
-0.135843
-0.131855
-0.128521
-0.124880
-0.120946
-0.116733
-0.112258
-0.107540
-0.102603
-0.097468
-0.092162
-0.086713
-0.081148
-0.075497
-0.069791
-0.064060
-0.058336
-0.052649
-0.047030
-0.041509
-0.036115
-0.030876
-0.025818
-0.020966
-0.016342
-0.011968
-0.007861
-0.004037
-0.000511
0.002709
0.005614
0.009270
0.011613
0.013612
0.015267
0.016587
0.017578
0.018253
0.018626
0.018714
0.018535
0.018109
0.017460
0.016610
0.015585
0.014409
0.013108
0.011709
0.010235
0.008713
0.007167
0.005620
0.004094
0.002608
0.001183
-0.000166
-0.001424
-0.002578
-0.003617
-0.004533
-0.005321
-0.004903
-0.005343
-0.005671
-0.005890
-0.006006
-0.006023
-0.005948
-0.005788
-0.005551
-0.005247
-0.004884
-0.004473
-0.004022
-0.003542
-0.003042
-0.002531
-0.002019
-0.001513
-0.001021
-0.000551
-0.000107
0.000303
0.000677
0.001009
0.001298
0.001542
0.001739
0.001889
0.001994
0.002054
0.003143
0.003202
0.003201
0.003144
0.003033
0.002875
0.002674
0.002436
0.002166
0.001873
0.001561
0.001238
0.000910
0.000584
0.000265
-0.000041
-0.000328
-0.000593
-0.000832
-0.001040
-0.001215
-0.001356
-0.001461
-0.001529
-0.001562
-0.001559
-0.001522
-0.001454
-0.001356
-0.001232
-0.000014
0.000232
0.000470
0.000695
0.000904
0.001091
0.001254
0.001391
0.001499
0.001576
0.001622
0.001637
0.001621
0.001575
0.001501
0.001400
0.001276
0.001130
0.000967
0.000789
0.000601
0.000406
0.000208
0.000010
-0.000183
-0.000368
-0.000542
-0.000701
-0.000844
-0.000969
0.000000
0.000000
-0.000000
0.000000
0.000000
-0.000000
0.000000
0.000000
0.000000
0.000000
-0.000000
-0.000000
0.000000
-0.000000
0.000000
-0.000000
-0.000000
-0.000000
-0.000000
-0.000000
-0.000000
-0.000000
-0.000000
-0.000000
-0.000000
-0.000000
-0.000000
-0.000000
-0.000000
-0.000000
-0.000000
-0.000000
-0.000000
-0.000000
-0.000000
-0.000000
-0.000000
-0.000000
-0.000000
-0.000000
-0.000000
-0.000000
-0.000000
-0.000000
0.000000
-0.000000
-0.000000
-0.000000
0.000000
0.000000
-0.000000
-0.000000
-0.000000
0.000000
0.000000
0.000000
-0.000000
-0.000000
0.000000
0.000000
0.000000
0.000000
0.000000
-0.000000
0.000000
0.000000
-0.000000
-0.000000
-0.000000
-0.000000
-0.000000
-0.000000
0.000000
-0.000000
0.000000
0.000000
0.000000
-0.000000
-0.000000
0.000000
0.000000
-0.000000
0.000000
0.000000
-0.000000
0.000000
0.000000
0.000000
-0.000000
-0.000000
0.000000
0.000000
0.000000
0.000000
0.000000
0.000000
0.000000
0.000000
0.000000
-0.000000
0.000000
0.000000
0.000000
-0.000000
0.000000
0.000000
0.000000
-0.000000
0.000000
0.000000
0.000000
0.000000
0.000000
0.000000
0.000000
0.000000
0.000000
0.000000
0.000000
0.000000
0.000000
0.000000
0.000000
0.000000
-0.000000
0.000000
0.000000
0.000000
-0.000000
0.000000
0.000000
-0.000000
0.000000
0.000000
-0.000000
0.000000
0.000000
-0.000000
0.000000
0.000000
-0.000000
-0.000000
-0.000000
0.000000
-0.000000
-0.000000
-0.000000
-0.000000
0.000000
-0.000000
-0.000000
-0.000000
-0.000000
-0.000000
-0.000000
-0.000000
-0.000000
0.000000
-0.000000
-0.000000
0.000000
-0.000000
0.000000
-0.000000
0.000000
0.000000
0.000000
0.000000
0.000000
0.000000
0.000000
0.000000
0.000000
0.000000
0.000000
0.000000
-0.000000
-0.000000
0.000000
-0.000000
0.000000
0.000000
-0.000000
0.000000
0.000000
0.000000
-0.000000
0.000000
0.000000
-0.000000
0.000000
0.000000
0.000000
0.000000
0.000000
0.000000
0.000000
0.000000
-0.000000
0.000000
-0.000000
0.000000
0.000000
-0.000000
-0.000000
-0.000000
-0.000000
-0.000000
0.000000
-0.000000
-0.000000
-0.000000
0.000000
-0.000000
-0.000000
-0.000000
-0.000000
-0.000000
-0.000000
-0.000000
-0.000000
-0.000000
0.000000
-0.000000
-0.000000
-0.000000
-0.000000
-0.000000
-0.000000
-0.000000
-0.000000
-0.000000
-0.000000
-0.000000
-0.000000
-0.000000
-0.000000
-0.000000
-0.000000
-0.000000
-0.000000
-0.000000
-0.000000
-0.000000
-0.000000
-0.000000
0.000000
0.000000
-0.000000
-0.000000
0.000000
0.000000
0.000000
-0.000000
-0.000000
0.000000
0.000000
0.000000
0.000000
0.000000
0.000000
0.000000
0.000000
0.000000
0.000000
0.000000
0.000000
0.000000
0.000000
0.000000
0.000000
0.000000
0.000000
0.000000
0.000000
0.000000
0.000000
0.000000
0.000000
0.000000
0.000000
0.000000
0.000000
0.000000
0.000000
0.000000
0.000000
0.000000
0.000000
0.000000
0.000000
-0.000000
-0.000000
0.000000
-0.000000
0.000000
0.000000
-0.000000
0.000000
0.000000
0.000000
-0.000000
0.000000
0.000000
0.000000
0.000000
-0.000000
-0.000000
0.000000
0.000000
0.000000
-0.000000
0.000000
-0.000000
0.000000
0.000000
-0.000000
0.000000
0.000000
0.000000
0.000000
0.000000
0.000000
-0.000000
-0.000000
-0.000000
-0.000000
-0.000000
-0.000000
-0.000000
0.000000
-0.000000
-0.000000
-0.000000
-0.000000
-0.000000
-0.000000
-0.000000
-0.000000
-0.000000
0.000000
-0.000000
-0.000000
-0.000000
0.000000
0.000000
-0.000000
-0.000000
-0.000000
-0.000000
-0.000000
-0.000000
-0.000000
-0.000000
-0.000000
-0.000000
-0.000000
-0.000000
0.000000
0.000000
-0.000000
-0.000000
-0.000000
0.000000
-0.000000
-0.000000
-0.000000
-0.000000
-0.000000
-0.000000
-0.000000
-0.000000
-0.000000
-0.000000
-0.000000
-0.000000
-0.000000
-0.000000
-0.000000
-0.000000
-0.000000
-0.000000
-0.000000
-0.000000
-0.000000
-0.000000
-0.000000
-0.000000
-0.000000
-0.000000
-0.000000
-0.000000
-0.000000
0.000000
-0.000000
-0.000000
-0.000000
-0.000000
0.000000
-0.000000
-0.000000
-0.000000
-0.000000
0.000000
0.000000
0.000000
0.000000
0.000000
0.000000
0.000000
0.000000
-0.000000
0.000000
0.000000
0.000000
0.000000
0.000000
0.000000
0.000000
0.000000
0.000000
0.000000
0.000000
0.000000
0.000000
0.000000
-0.000000
0.000000
0.000000
0.000000
0.000000
0.000000
0.000000
0.000000
0.000000
0.000000
0.000000
0.000000
-0.000000
0.000000
0.000000
0.000000
0.000000
0.000000
0.000000
0.000000
-0.000000
-0.000000
-0.000000
-0.000000
0.000000
0.000000
0.000000
0.000000
-0.000000
-0.000000
-0.000000
-0.000000
0.000000
-0.000000
-0.000000
-0.000000
-0.000000
-0.000000
0.000000
-0.000000
-0.000000
0.000000
0.000000
0.000000
0.000000
-0.000000
-0.000000
-0.000000
-0.000000
-0.000000
-0.000000
-0.000000
-0.000000
-0.000000
-0.000000
-0.000000
-0.000000
-0.000000
-0.000000
-0.000000
-0.000000
-0.000000
-0.000000
-0.000000
-0.000000
-0.000000
-0.000000
0.000000
-0.000000
0.000000
-0.000000
0.000000
-0.000000
0.000000
0.000000
-0.000000
0.000000
0.000000
0.000000
0.000000
-0.000000
0.000000
0.000000
0.000000
0.000000
0.000000
0.000000
0.000000
0.000000
0.000000
0.000000
0.000000
0.000000
0.000000
0.000000
-0.000000
0.000000
0.000000
0.000000
0.000000
0.000000
0.000000
-0.000000
0.000000
0.000000
-0.000000
-0.000000
-0.000000
-0.000000
-0.000000
0.000000
0.000000
0.000000
-0.000000
-0.000000
0.000000
-0.000000
-0.000000
0.000000
-0.000000
-0.000000
-0.000000
-0.000000
-0.000000
0.000000
-0.000000
0.000000
-0.000000
0.000000
0.000000
0.000000
0.000000
0.000000
0.000000
0.000000
0.000000
0.000000
0.000000
0.000000
-0.000000
0.000000
0.000000
-0.000000
0.000000
0.000000
0.000000
0.000000
0.000000
-0.000000
0.000000
-0.000000
0.000000
0.000000
0.000000
0.000000
0.000000
0.000000
-0.000000
-0.000000
0.000000
-0.000000
0.000000
-0.000000
-0.000000
-0.000000
-0.000000
0.000000
-0.000000
-0.000000
-0.000000
-0.000000
0.000000
-0.000000
-0.000000
0.000000
0.000000
-0.000000
0.000000
-0.000000
0.000000
-0.000000
-0.000000
-0.000000
-0.000000
0.000000
-0.000000
0.000000
0.000000
-0.000000
0.000000
0.000000
0.000000
0.000000
0.000000
0.000000
-0.000000
-0.000000
-0.000000
-0.000000
0.000000
-0.000000
-0.000000
0.000000
0.000000
0.000000
-0.000000
-0.000000
0.000000
-0.000000
0.000000
-0.000000
0.000000
0.000000
-0.000000
0.000000
0.000000
0.000000
-0.000000
-0.000000
0.000000
-0.000000
0.000000
-0.000000
0.000000
0.000000
-0.000000
0.000000
0.000000
0.000000
0.000000
0.000000
0.000000
0.000000
0.000000
0.000000
-0.000000
0.000000
0.000000
0.000000
0.000000
-0.000000
-0.000000
-0.000000
0.000000
0.000000
0.000000
0.000000
-0.000000
0.000000
0.000000
-0.000000
0.000000
-0.000000
0.000000
0.000000
-0.000000
-0.000000
0.000000
0.000000
0.000000
0.000000
0.000000
0.000000
0.000000
0.000000
0.000000
0.000000
0.000000
0.000000
0.000000
0.000000
0.000000
0.000000
0.000000
0.000000
0.000000
0.000000
0.000000
0.000000
0.000000
0.000000
0.000000
0.000000
0.000000
0.000000
0.000000
0.000000
0.000000
0.000000
0.000000
0.000000
0.000000
0.000000
0.000000
0.000000
0.000000
0.000000
0.000000
0.000000
0.000000
0.000000
0.000000
0.000000
0.000000
0.000000
0.000000
0.000000
0.000000
0.000000
0.000000
0.000000
0.000000
0.000000
0.000000
0.000000
0.000000
0.000000
0.000000
0.000000
0.000000
0.000000
0.000000
0.000000
-0.000969
-0.000844
-0.000701
-0.000542
-0.000368
-0.000183
0.000010
0.000208
0.000406
0.000601
0.000789
0.000967
0.001130
0.001276
0.001400
0.001501
0.001575
0.001621
0.001637
0.001622
0.001576
0.001499
0.001391
0.001254
0.001091
0.000904
0.000695
0.000470
0.000232
-0.000014
-0.001232
-0.001356
-0.001454
-0.001522
-0.001559
-0.001562
-0.001529
-0.001461
-0.001356
-0.001215
-0.001040
-0.000831
-0.000593
-0.000328
-0.000041
0.000265
0.000584
0.000910
0.001238
0.001561
0.001873
0.002166
0.002436
0.002674
0.002875
0.003033
0.003144
0.003201
0.003202
0.003143
0.002054
0.001994
0.001889
0.001739
0.001542
0.001298
0.001009
0.000677
0.000303
-0.000107
-0.000551
-0.001021
-0.001513
-0.002019
-0.002531
-0.003042
-0.003542
-0.004022
-0.004473
-0.004884
-0.005247
-0.005551
-0.005788
-0.005948
-0.006023
-0.006006
-0.005890
-0.005671
-0.005342
-0.004903
-0.005321
-0.004533
-0.003617
-0.002578
-0.001424
-0.000166
0.001183
0.002608
0.004094
0.005620
0.007167
0.008713
0.010235
0.011709
0.013108
0.014409
0.015585
0.016611
0.017460
0.018110
0.018535
0.018714
0.018627
0.018253
0.017578
0.016587
0.015267
0.013612
0.011613
0.009270
0.005614
0.002709
-0.000511
-0.004037
-0.007861
-0.011968
-0.016342
-0.020966
-0.025818
-0.030876
-0.036115
-0.041509
-0.047030
-0.052649
-0.058336
-0.064060
-0.069791
-0.075497
-0.081148
-0.086713
-0.092162
-0.097468
-0.102603
-0.107540
-0.112258
-0.116733
-0.120946
-0.124880
-0.128521
-0.131855
-0.135843
-0.138417
-0.140645
-0.142529
-0.144074
-0.145287
-0.146178
-0.146759
-0.147047
-0.147058
-0.146812
-0.146331
-0.145638
-0.144757
-0.143712
-0.142530
-0.141236
-0.139855
-0.138413
-0.136935
-0.135445
-0.133964
-0.132514
-0.131114
-0.129783
-0.128534
-0.127383
-0.126340
-0.125415
-0.124613
-0.124909
-0.124243
-0.123689
-0.123247
-0.122917
-0.122695
-0.122577
-0.122558
-0.122633
-0.122793
-0.123031
-0.123338
-0.123705
-0.124124
-0.124585
-0.125079
-0.125596
-0.126127
-0.126665
-0.127201
-0.127727
-0.128236
-0.128724
-0.129183
-0.129609
-0.129999
-0.130349
-0.130657
-0.130921
-0.131140
-0.132284
-0.132290
-0.132234
-0.132119
-0.131951
-0.131734
-0.131475
-0.131180
-0.130856
-0.130510
-0.130150
-0.129783
-0.129416
-0.129057
-0.128711
-0.128386
-0.128086
-0.127818
-0.127585
-0.127390
-0.127238
-0.127129
-0.127064
-0.127045
-0.127071
-0.127139
-0.127248
-0.127396
-0.127578
-0.127790
-0.128997
-0.129132
-0.129264
-0.129388
-0.129503
-0.129604
-0.129691
-0.129760
-0.129811
-0.129842
-0.129853
-0.129844
-0.129815
-0.129768
-0.129703
-0.129622
-0.129528
-0.129422
-0.129308
-0.129189
-0.129067
-0.128945
-0.128826
-0.128714
-0.128610
-0.128518
-0.128440
-0.128376
-0.128330
-0.128302
-0.129261
-0.129146
-0.129031
-0.128918
-0.128807
-0.128701
-0.128600
-0.128506
-0.128420
-0.128344
-0.128277
-0.128222
-0.128178
-0.128146
-0.128127
-0.128121
-0.128127
-0.128146
-0.128178
-0.128222
-0.128277
-0.128344
-0.128420
-0.128506
-0.128600
-0.128701
-0.128807
-0.128918
-0.129031
-0.129146
-0.130230
-0.129146
-0.129032
-0.128918
-0.128807
-0.128701
-0.128600
-0.128506
-0.128420
-0.128344
-0.128277
-0.128222
-0.128178
-0.128146
-0.128127
-0.128121
-0.128127
-0.128146
-0.128178
-0.128222
-0.128277
-0.128344
-0.128420
-0.128506
-0.128600
-0.128701
-0.128807
-0.128918
-0.129032
-0.129146
-0.130230
-0.129146
-0.129031
-0.128918
-0.128807
-0.128701
-0.128600
-0.128506
-0.128420
-0.128344
-0.128277
-0.128222
-0.128178
-0.128146
-0.128127
-0.128121
-0.128127
-0.128146
-0.128178
-0.128222
-0.128277
-0.128344
-0.128420
-0.128506
-0.128600
-0.128701
-0.128807
-0.128918
-0.129032
-0.129146
-0.130230
-0.129146
-0.129032
-0.128918
-0.128807
-0.128701
-0.128600
-0.128506
-0.128420
-0.128344
-0.128277
-0.128222
-0.128178
-0.128146
-0.128127
-0.128121
-0.128127
-0.128146
-0.128178
-0.128222
-0.128277
-0.128344
-0.128420
-0.128506
-0.128600
-0.128701
-0.128807
-0.128918
-0.129032
-0.129146
-0.130230
-0.129146
-0.129031
-0.128918
-0.128807
-0.128701
-0.128600
-0.128506
-0.128420
-0.128344
-0.128277
-0.128222
-0.128178
-0.128146
-0.128127
-0.128121
-0.128127
-0.128146
-0.128178
-0.128222
-0.128277
-0.128344
-0.128420
-0.128506
-0.128600
-0.128701
-0.128807
-0.128918
-0.129032
-0.129146
-0.130230
-0.129146
-0.129032
-0.128918
-0.128807
-0.128701
-0.128600
-0.128506
-0.128420
-0.128344
-0.128277
-0.128222
-0.128178
-0.128146
-0.128127
-0.128121
-0.128127
-0.128146
-0.128178
-0.128222
-0.128277
-0.128344
-0.128420
-0.128506
-0.128600
-0.128701
-0.128807
-0.128918
-0.129031
-0.129146
-0.130230
-0.129146
-0.129032
-0.128918
-0.128807
-0.128701
-0.128600
-0.128506
-0.128420
-0.128344
-0.128277
-0.128222
-0.128178
-0.128146
-0.128127
-0.128121
-0.128127
-0.128146
-0.128178
-0.128222
-0.128277
-0.128344
-0.128420
-0.128506
-0.128600
-0.128701
-0.128807
-0.128918
-0.129031
-0.129146
-0.130230
-0.129146
-0.129031
-0.128918
-0.128807
-0.128701
-0.128600
-0.128506
-0.128420
-0.128344
-0.128277
-0.128222
-0.128178
-0.128146
-0.128127
-0.128121
-0.128127
-0.128146
-0.128178
-0.128222
-0.128277
-0.128344
-0.128420
-0.128506
-0.128600
-0.128701
-0.128807
-0.128918
-0.129032
-0.129146
-0.130230
-0.129146
-0.129032
-0.128918
-0.128807
-0.128701
-0.128600
-0.128506
-0.128420
-0.128344
-0.128277
-0.128222
-0.128178
-0.128146
-0.128127
-0.128121
-0.128127
-0.128146
-0.128178
-0.128222
-0.128277
-0.128344
-0.128420
-0.128506
-0.128600
-0.128701
-0.128807
-0.128918
-0.129032
-0.129146
-0.130230
-0.129146
-0.129032
-0.128918
-0.128807
-0.128701
-0.128600
-0.128506
-0.128420
-0.128344
-0.128277
-0.128222
-0.128178
-0.128146
-0.128127
-0.128121
-0.128127
-0.128146
-0.128178
-0.128222
-0.128277
-0.128344
-0.128420
-0.128506
-0.128600
-0.128701
-0.128807
-0.128918
-0.129032
-0.129146
-0.130230
-0.129146
-0.129031
-0.128918
-0.128807
-0.128701
-0.128600
-0.128506
-0.128420
-0.128344
-0.128277
-0.128222
-0.128178
-0.128146
-0.128127
-0.128121
-0.128127
-0.128146
-0.128178
-0.128222
-0.128277
-0.128344
-0.128420
-0.128506
-0.128600
-0.128701
-0.128807
-0.128918
-0.129032
-0.129146
-0.130230
-0.129146
-0.129032
-0.128918
-0.128807
-0.128701
-0.128600
-0.128506
-0.128420
-0.128344
-0.128277
-0.128222
-0.128178
-0.128146
-0.128127
-0.128121
-0.128127
-0.128146
-0.128178
-0.128222
-0.128277
-0.128344
-0.128420
-0.128506
-0.128600
-0.128701
-0.128807
-0.128918
-0.129032
-0.129146
-0.130230
-0.129146
-0.129032
-0.128918
-0.128807
-0.128701
-0.128600
-0.128506
-0.128420
-0.128344
-0.128277
-0.128222
-0.128178
-0.128146
-0.128127
-0.128121
-0.128127
-0.128146
-0.128178
-0.128222
-0.128277
-0.128344
-0.128420
-0.128506
-0.128600
-0.128701
-0.128807
-0.128918
-0.129032
-0.129146
-0.130230
-0.129146
-0.129031
-0.128918
-0.128807
-0.128701
-0.128600
-0.128506
-0.128420
-0.128344
-0.128277
-0.128222
-0.128178
-0.128146
-0.128127
-0.128121
-0.128127
-0.128146
-0.128178
-0.128222
-0.128277
-0.128344
-0.128420
-0.128506
-0.128600
-0.128701
-0.128807
-0.128918
-0.129031
-0.129146
-0.130230
-0.129146
-0.129031
-0.128918
-0.128807
-0.128701
-0.128600
-0.128506
-0.128420
-0.128344
-0.128277
-0.128222
-0.128178
-0.128146
-0.128127
-0.128121
-0.128127
-0.128146
-0.128178
-0.128222
-0.128277
-0.128344
-0.128420
-0.128506
-0.128600
-0.128701
-0.128807
-0.128918
-0.129032
-0.129146
-0.130230
-0.129146
-0.129032
-0.128918
-0.128807
-0.128701
-0.128600
-0.128506
-0.128420
-0.128344
-0.128277
-0.128222
-0.128178
-0.128146
-0.128127
-0.128121
-0.128127
-0.128146
-0.128178
-0.128222
-0.128277
-0.128344
-0.128420
-0.128506
-0.128600
-0.128701
-0.128807
-0.128918
-0.129032
-0.129146
-0.130230
-0.129146
-0.129032
-0.128918
-0.128807
-0.128701
-0.128600
-0.128506
-0.128420
-0.128344
-0.128277
-0.128222
-0.128178
-0.128146
-0.128127
-0.128121
-0.128127
-0.128146
-0.128178
-0.128222
-0.128277
-0.128344
-0.128420
-0.128506
-0.128600
-0.128701
-0.128807
-0.128918
-0.129032
-0.129146
-0.130230
-0.129146
-0.129032
-0.128918
-0.128807
-0.128701
-0.128600
-0.128506
-0.128420
-0.128344
-0.128277
-0.128222
-0.128178
-0.128146
-0.128127
-0.128121
-0.128127
-0.128146
-0.128178
-0.128222
-0.128277
-0.128344
-0.128420
-0.128506
-0.128600
-0.128701
-0.128807
-0.128918
-0.129032
-0.129146
-0.130230
-0.129146
-0.129031
-0.128918
-0.128807
-0.128701
-0.128600
-0.128506
-0.128420
-0.128344
-0.128277
-0.128222
-0.128178
-0.128146
-0.128127
-0.128121
-0.128127
-0.128146
-0.128178
-0.128222
-0.128277
-0.128344
-0.128420
-0.128506
-0.128600
-0.128701
-0.128807
-0.128918
-0.129032
-0.129146
-0.130230
-0.129146
-0.129031
-0.128918
-0.128807
-0.128701
-0.128600
-0.128506
-0.128420
-0.128344
-0.128277
-0.128222
-0.128178
-0.128146
-0.128127
-0.128121
-0.128127
-0.128146
-0.128178
-0.128222
-0.128277
-0.128344
-0.128420
-0.128506
-0.128600
-0.128701
-0.128807
-0.128918
-0.129031
-0.129146
-0.130230
-0.129146
-0.129031
-0.128918
-0.128807
-0.128701
-0.128600
-0.128506
-0.128420
-0.128344
-0.128277
-0.128222
-0.128178
-0.128146
-0.128127
-0.128121
-0.128127
-0.128146
-0.128178
-0.128222
-0.128277
-0.128344
-0.128420
-0.128506
-0.128600
-0.128701
-0.128807
-0.128918
-0.129032
-0.129146
-0.130230
-0.129146
-0.129032
-0.128918
-0.128807
-0.128701
-0.128600
-0.128506
-0.128420
-0.128344
-0.128277
-0.128222
-0.128178
-0.128146
-0.128127
-0.128121
-0.128127
-0.128146
-0.128178
-0.128222
-0.128277
-0.128344
-0.128420
-0.128506
-0.128600
-0.128701
-0.128807
-0.128918
-0.129032
-0.129146
-0.130230
-0.129146
-0.129032
-0.128918
-0.128807
-0.128701
-0.128600
-0.128506
-0.128420
-0.128344
-0.128277
-0.128222
-0.128178
-0.128146
-0.128127
-0.128121
-0.128127
-0.128146
-0.128178
-0.128222
-0.128277
-0.128344
-0.128420
-0.128506
-0.128600
-0.128701
-0.128807
-0.128918
-0.129032
-0.129146
-0.129261
-0.128302
-0.128330
-0.128376
-0.128440
-0.128518
-0.128610
-0.128714
-0.128826
-0.128945
-0.129067
-0.129189
-0.129308
-0.129422
-0.129528
-0.129622
-0.129703
-0.129768
-0.129815
-0.129844
-0.129853
-0.129842
-0.129811
-0.129760
-0.129691
-0.129604
-0.129503
-0.129388
-0.129264
-0.129132
-0.128997
-0.127790
-0.127578
-0.127396
-0.127248
-0.127139
-0.127071
-0.127045
-0.127064
-0.127129
-0.127238
-0.127390
-0.127585
-0.127818
-0.128087
-0.128386
-0.128711
-0.129057
-0.129416
-0.129783
-0.130150
-0.130510
-0.130856
-0.131180
-0.131475
-0.131734
-0.131951
-0.132119
-0.132234
-0.132290
-0.132284
-0.131140
-0.130921
-0.130657
-0.130349
-0.129999
-0.129609
-0.129183
-0.128724
-0.128236
-0.127727
-0.127201
-0.126665
-0.126127
-0.125596
-0.125079
-0.124585
-0.124124
-0.123705
-0.123338
-0.123031
-0.122793
-0.122633
-0.122558
-0.122577
-0.122695
-0.122917
-0.123247
-0.123689
-0.124243
-0.124909
-0.124613
-0.125415
-0.126340
-0.127383
-0.128534
-0.129783
-0.131114
-0.132514
-0.133964
-0.135445
-0.136935
-0.138413
-0.139855
-0.141236
-0.142530
-0.143712
-0.144757
-0.145638
-0.146331
-0.146812
-0.147058
-0.147047
-0.146759
-0.146178
-0.145287
-0.144074
-0.142529
-0.140645
-0.138417
-0.135843
-0.131855
-0.128521
-0.124880
-0.120946
-0.116733
-0.112258
-0.107540
-0.102603
-0.097468
-0.092162
-0.086713
-0.081148
-0.075498
-0.069791
-0.064060
-0.058336
-0.052649
-0.047030
-0.041509
-0.036115
-0.030876
-0.025818
-0.020966
-0.016342
-0.011968
-0.007861
-0.004037
-0.000511
0.002709
0.005614
0.009270
0.011613
0.013612
0.015267
0.016587
0.017578
0.018253
0.018626
0.018714
0.018535
0.018109
0.017460
0.016610
0.015585
0.014409
0.013108
0.011709
0.010235
0.008713
0.007167
0.005620
0.004094
0.002608
0.001183
-0.000166
-0.001424
-0.002578
-0.003617
-0.004533
-0.005321
-0.004903
-0.005343
-0.005671
-0.005890
-0.006006
-0.006023
-0.005948
-0.005788
-0.005551
-0.005247
-0.004884
-0.004473
-0.004022
-0.003542
-0.003042
-0.002531
-0.002019
-0.001513
-0.001021
-0.000551
-0.000107
0.000303
0.000677
0.001009
0.001298
0.001542
0.001739
0.001889
0.001994
0.002054
0.003143
0.003202
0.003201
0.003144
0.003033
0.002875
0.002674
0.002436
0.002166
0.001873
0.001561
0.001238
0.000910
0.000584
0.000265
-0.000041
-0.000328
-0.000593
-0.000832
-0.001040
-0.001215
-0.001356
-0.001461
-0.001529
-0.001562
-0.001559
-0.001522
-0.001454
-0.001356
-0.001232
-0.000014
0.000232
0.000470
0.000695
0.000904
0.001091
0.001254
0.001391
0.001499
0.001576
0.001622
0.001637
0.001621
0.001575
0.001501
0.001400
0.001276
0.001130
0.000967
0.000789
0.000601
0.000406
0.000208
0.000010
-0.000183
-0.000368
-0.000542
-0.000701
-0.000844
-0.000969
0.000000
0.000000
0.000000
-0.000000
-0.000000
-0.000000
0.000000
-0.000000
0.000000
-0.000000
-0.000000
-0.000000
-0.000000
-0.000000
0.000000
-0.000000
-0.000000
-0.000000
-0.000000
0.000000
-0.000000
-0.000000
-0.000000
-0.000000
-0.000000
-0.000000
-0.000000
0.000000
0.000000
-0.000000
-0.000000
-0.000000
-0.000000
-0.000000
-0.000000
-0.000000
-0.000000
-0.000000
0.000000
-0.000000
-0.000000
-0.000000
0.000000
0.000000
-0.000000
-0.000000
-0.000000
0.000000
-0.000000
0.000000
-0.000000
-0.000000
-0.000000
-0.000000
0.000000
-0.000000
-0.000000
0.000000
0.000000
0.000000
0.000000
-0.000000
0.000000
0.000000
0.000000
0.000000
0.000000
0.000000
0.000000
0.000000
0.000000
0.000000
0.000000
0.000000
0.000000
0.000000
0.000000
0.000000
0.000000
0.000000
0.000000
0.000000
0.000000
0.000000
0.000000
0.000000
0.000000
0.000000
0.000000
0.000000
0.000000
0.000000
0.000000
-0.000000
-0.000000
0.000000
0.000000
-0.000000
-0.000000
-0.000000
0.000000
-0.000000
-0.000000
-0.000000
-0.000000
0.000000
-0.000000
-0.000000
-0.000000
-0.000000
-0.000000
-0.000000
-0.000000
-0.000000
-0.000000
-0.000000
-0.000000
-0.000000
-0.000000
-0.000000
-0.000000
-0.000000
-0.000000
-0.000000
0.000000
-0.000000
0.000000
-0.000000
-0.000000
-0.000000
-0.000000
-0.000000
-0.000000
-0.000000
0.000000
-0.000000
-0.000000
-0.000000
0.000000
-0.000000
0.000000
-0.000000
-0.000000
0.000000
0.000000
0.000000
0.000000
-0.000000
-0.000000
0.000000
0.000000
-0.000000
-0.000000
0.000000
0.000000
-0.000000
-0.000000
-0.000000
-0.000000
-0.000000
-0.000000
0.000000
-0.000000
-0.000000
-0.000000
0.000000
-0.000000
-0.000000
-0.000000
-0.000000
0.000000
-0.000000
-0.000000
-0.000000
0.000000
0.000000
-0.000000
-0.000000
-0.000000
-0.000000
-0.000000
0.000000
-0.000000
-0.000000
-0.000000
0.000000
0.000000
-0.000000
-0.000000
0.000000
0.000000
0.000000
0.000000
0.000000
0.000000
0.000000
0.000000
-0.000000
0.000000
0.000000
0.000000
0.000000
0.000000
0.000000
0.000000
0.000000
0.000000
0.000000
0.000000
0.000000
0.000000
0.000000
0.000000
0.000000
0.000000
0.000000
0.000000
0.000000
0.000000
0.000000
0.000000
0.000000
0.000000
0.000000
0.000000
0.000000
0.000000
0.000000
0.000000
0.000000
0.000000
0.000000
0.000000
0.000000
0.000000
0.000000
-0.000000
0.000000
0.000000
0.000000
0.000000
-0.000000
-0.000000
0.000000
-0.000000
-0.000000
-0.000000
0.000000
0.000000
-0.000000
-0.000000
-0.000000
-0.000000
-0.000000
-0.000000
-0.000000
-0.000000
-0.000000
-0.000000
-0.000000
-0.000000
-0.000000
-0.000000
-0.000000
-0.000000
-0.000000
-0.000000
-0.000000
-0.000000
-0.000000
-0.000000
-0.000000
-0.000000
-0.000000
-0.000000
-0.000000
-0.000000
-0.000000
-0.000000
-0.000000
-0.000000
-0.000000
-0.000000
-0.000000
-0.000000
-0.000000
-0.000000
0.000000
0.000000
0.000000
0.000000
-0.000000
-0.000000
0.000000
-0.000000
0.000000
-0.000000
-0.000000
0.000000
-0.000000
0.000000
0.000000
0.000000
0.000000
0.000000
-0.000000
-0.000000
-0.000000
-0.000000
-0.000000
-0.000000
-0.000000
-0.000000
-0.000000
-0.000000
-0.000000
-0.000000
-0.000000
0.000000
-0.000000
-0.000000
-0.000000
-0.000000
-0.000000
-0.000000
0.000000
-0.000000
-0.000000
-0.000000
-0.000000
-0.000000
-0.000000
-0.000000
-0.000000
-0.000000
-0.000000
-0.000000
-0.000000
-0.000000
0.000000
-0.000000
0.000000
-0.000000
-0.000000
-0.000000
-0.000000
-0.000000
-0.000000
0.000000
0.000000
0.000000
-0.000000
-0.000000
-0.000000
0.000000
0.000000
0.000000
-0.000000
0.000000
-0.000000
0.000000
0.000000
0.000000
0.000000
0.000000
0.000000
-0.000000
0.000000
-0.000000
-0.000000
0.000000
-0.000000
-0.000000
-0.000000
0.000000
0.000000
0.000000
0.000000
0.000000
-0.000000
-0.000000
-0.000000
0.000000
0.000000
-0.000000
-0.000000
-0.000000
0.000000
0.000000
0.000000
-0.000000
0.000000
-0.000000
0.000000
0.000000
-0.000000
-0.000000
-0.000000
-0.000000
0.000000
0.000000
0.000000
-0.000000
0.000000
-0.000000
-0.000000
0.000000
-0.000000
0.000000
0.000000
-0.000000
-0.000000
0.000000
-0.000000
0.000000
-0.000000
-0.000000
-0.000000
0.000000
-0.000000
0.000000
-0.000000
-0.000000
0.000000
0.000000
-0.000000
0.000000
0.000000
0.000000
0.000000
0.000000
-0.000000
-0.000000
0.000000
0.000000
0.000000
0.000000
0.000000
0.000000
0.000000
0.000000
-0.000000
-0.000000
0.000000
0.000000
-0.000000
-0.000000
-0.000000
-0.000000
0.000000
0.000000
0.000000
-0.000000
0.000000
-0.000000
-0.000000
0.000000
-0.000000
-0.000000
-0.000000
-0.000000
-0.000000
-0.000000
-0.000000
-0.000000
-0.000000
-0.000000
-0.000000
-0.000000
-0.000000
-0.000000
-0.000000
-0.000000
-0.000000
-0.000000
0.000000
-0.000000
-0.000000
-0.000000
-0.000000
-0.000000
-0.000000
-0.000000
-0.000000
-0.000000
-0.000000
-0.000000
-0.000000
-0.000000
-0.000000
-0.000000
-0.000000
-0.000000
0.000000
0.000000
-0.000000
-0.000000
-0.000000
-0.000000
-0.000000
-0.000000
-0.000000
-0.000000
-0.000000
0.000000
-0.000000
-0.000000
-0.000000
0.000000
-0.000000
-0.000000
-0.000000
-0.000000
0.000000
0.000000
-0.000000
-0.000000
-0.000000
0.000000
-0.000000
-0.000000
-0.000000
-0.000000
0.000000
-0.000000
-0.000000
-0.000000
-0.000000
0.000000
-0.000000
-0.000000
-0.000000
-0.000000
-0.000000
-0.000000
-0.000000
-0.000000
-0.000000
-0.000000
-0.000000
-0.000000
-0.000000
0.000000
-0.000000
-0.000000
-0.000000
-0.000000
-0.000000
0.000000
-0.000000
-0.000000
-0.000000
0.000000
0.000000
-0.000000
0.000000
-0.000000
-0.000000
0.000000
0.000000
0.000000
0.000000
0.000000
0.000000
0.000000
0.000000
0.000000
0.000000
0.000000
0.000000
-0.000000
0.000000
0.000000
0.000000
0.000000
0.000000
0.000000
0.000000
0.000000
-0.000000
0.000000
0.000000
0.000000
0.000000
0.000000
0.000000
-0.000000
0.000000
0.000000
0.000000
0.000000
0.000000
0.000000
0.000000
0.000000
-0.000000
0.000000
0.000000
0.000000
-0.000000
-0.000000
-0.000000
-0.000000
0.000000
0.000000
0.000000
-0.000000
0.000000
0.000000
0.000000
-0.000000
0.000000
-0.000000
0.000000
0.000000
-0.000000
-0.000000
-0.000000
0.000000
-0.000000
0.000000
0.000000
-0.000000
0.000000
0.000000
-0.000000
0.000000
-0.000000
0.000000
0.000000
0.000000
0.000000
-0.000000
-0.000000
-0.000000
0.000000
-0.000000
-0.000000
-0.000000
0.000000
-0.000000
-0.000000
-0.000000
-0.000000
-0.000000
-0.000000
-0.000000
-0.000000
-0.000000
-0.000000
-0.000000
-0.000000
-0.000000
-0.000000
-0.000000
-0.000000
-0.000000
-0.000000
-0.000000
-0.000000
-0.000000
-0.000000
-0.000000
-0.000000
-0.000000
-0.000000
-0.000000
-0.000000
-0.000000
-0.000000
-0.000000
-0.000000
-0.000000
-0.000000
-0.000000
-0.000000
-0.000000
-0.000000
0.000000
0.000000
-0.000000
-0.000000
-0.000000
-0.000000
-0.000000
-0.000000
-0.000000
-0.000000
0.000000
-0.000000
-0.000000
0.000000
-0.000000
-0.000000
-0.000000
-0.000000
-0.000000
-0.000000
0.000000
0.000000
0.000000
-0.000000
-0.000000
-0.000000
-0.000000
-0.000000
-0.000000
0.000000
0.000000
0.000000
0.000000
0.000000
0.000000
0.000000
0.000000
0.000000
0.000000
0.000000
0.000000
0.000000
0.000000
0.000000
0.000000
0.000000
0.000000
0.000000
0.000000
0.000000
0.000000
0.000000
0.000000
0.000000
0.000000
0.000000
0.000000
0.000000
0.000000
0.000000
0.000000
0.000000
0.000000
0.000000
0.000000
0.000000
0.000000
0.000000
0.000000
0.000000
0.000000
0.000969
0.000844
0.000701
0.000542
0.000368
0.000183
-0.000010
-0.000208
-0.000406
-0.000601
-0.000789
-0.000967
-0.001130
-0.001276
-0.001400
-0.001501
-0.001575
-0.001621
-0.001637
-0.001622
-0.001576
-0.001499
-0.001391
-0.001254
-0.001091
-0.000904
-0.000695
-0.000470
-0.000232
0.000014
0.001232
0.001356
0.001454
0.001522
0.001559
0.001562
0.001529
0.001461
0.001356
0.001215
0.001040
0.000832
0.000593
0.000328
0.000041
-0.000265
-0.000584
-0.000910
-0.001238
-0.001561
-0.001873
-0.002166
-0.002436
-0.002674
-0.002875
-0.003033
-0.003144
-0.003201
-0.003202
-0.003143
-0.002054
-0.001994
-0.001889
-0.001739
-0.001542
-0.001298
-0.001009
-0.000677
-0.000303
0.000107
0.000551
0.001021
0.001513
0.002019
0.002531
0.003042
0.003542
0.004022
0.004473
0.004884
0.005247
0.005551
0.005788
0.005948
0.006023
0.006006
0.005890
0.005671
0.005343
0.004903
0.003383
0.002844
0.002214
0.001495
0.000689
-0.000199
-0.001162
-0.002193
-0.003282
-0.004418
-0.005589
-0.006780
-0.007975
-0.009157
-0.010308
-0.011407
-0.012434
-0.013368
-0.014185
-0.014865
-0.015383
-0.015717
-0.015845
-0.015745
-0.015396
-0.014779
-0.013877
-0.012671
-0.011149
-0.009298
-0.006141
-0.003732
-0.000994
0.002077
0.005479
0.009210
0.013263
0.017629
0.022294
0.027244
0.032457
0.037912
0.043583
0.049441
0.055454
0.061589
0.067809
0.074076
0.080350
0.086591
0.092756
0.098804
0.104692
0.110379
0.115826
0.120993
0.125843
0.130343
0.134461
0.138171
0.140479
0.143427
0.145928
0.147968
0.149540
0.150642
0.151276
0.151450
0.151177
0.150475
0.149369
0.147886
0.146059
0.143927
0.141532
0.138918
0.136134
0.133233
0.130266
0.127290
0.124358
0.121526
0.118849
0.116380
0.114169
0.112263
0.110706
0.109537
0.108789
0.108491
0.107695
0.108477
0.109770
0.111571
0.113868
0.116643
0.119866
0.123500
0.127502
0.131817
0.136387
0.141144
0.146015
0.150923
0.155783
0.160511
0.165018
0.169213
0.173007
0.176310
0.179035
0.181099
0.182423
0.182932
0.182561
0.181251
0.178952
0.175623
0.171237
0.165774
0.160198
0.152451
0.143628
0.133760
0.122895
0.111092
0.098423
0.084970
0.070828
0.056102
0.040906
0.025362
0.009600
-0.006247
-0.022041
-0.037639
-0.052901
-0.067685
-0.081852
-0.095268
-0.107803
-0.119335
-0.129750
-0.138946
-0.146829
-0.153319
-0.158350
-0.161869
-0.163840
-0.164239
-0.164031
-0.161162
-0.156734
-0.150790
-0.143390
-0.134609
-0.124536
-0.113274
-0.100936
-0.087650
-0.073549
-0.058777
-0.043484
-0.027823
-0.011951
0.003973
0.019792
0.035350
0.050497
0.065086
0.078979
0.092046
0.104167
0.115234
0.125149
0.133829
0.141204
0.147217
0.151829
0.155011
0.155784
0.156212
0.155236
0.152886
0.149200
0.144231
0.138041
0.130702
0.122295
0.112907
0.102633
0.091571
0.079823
0.067494
0.054690
0.041516
0.028076
0.014471
0.000800
-0.012844
-0.026373
-0.039703
-0.052758
-0.065469
-0.077773
-0.089615
-0.100948
-0.111732
-0.121933
-0.131525
-0.141457
-0.150726
-0.158336
-0.165252
-0.171479
-0.177024
-0.181899
-0.186119
-0.189700
-0.192661
-0.195022
-0.196801
-0.198016
-0.198687
-0.198829
-0.198455
-0.197579
-0.196209
-0.194353
-0.192015
-0.189197
-0.185899
-0.182118
-0.177850
-0.173091
-0.167834
-0.162074
-0.155805
-0.149024
-0.141727
-0.134884
-0.127509
-0.118618
-0.109195
-0.099256
-0.088826
-0.077936
-0.066624
-0.054933
-0.042915
-0.030626
-0.018132
-0.005501
0.007190
0.019862
0.032430
0.044806
0.056899
0.068618
0.079869
0.090561
0.100603
0.109908
0.118391
0.125974
0.132584
0.138155
0.142628
0.145954
0.148094
0.149986
0.148478
0.146699
0.143687
0.139458
0.134044
0.127483
0.119827
0.111137
0.101483
0.090946
0.079612
0.067576
0.054940
0.041807
0.028288
0.014493
0.000534
-0.013476
-0.027425
-0.041207
-0.054717
-0.067856
-0.080530
-0.092653
-0.104147
-0.114942
-0.124978
-0.134204
-0.142580
-0.149106
-0.154753
-0.160500
-0.165378
-0.169396
-0.172570
-0.174925
-0.176495
-0.177318
-0.177441
-0.176913
-0.175791
-0.174132
-0.171997
-0.169451
-0.166555
-0.163376
-0.159974
-0.156411
-0.152747
-0.149037
-0.145333
-0.141684
-0.138133
-0.134718
-0.131474
-0.128428
-0.125605
-0.123021
-0.120690
-0.119588
-0.118729
-0.117123
-0.115735
-0.114557
-0.113583
-0.112802
-0.112201
-0.111769
-0.111492
-0.111359
-0.111355
-0.111470
-0.111692
-0.112012
-0.112420
-0.112911
-0.113479
-0.114119
-0.114829
-0.115610
-0.116460
-0.117382
-0.118377
-0.119449
-0.120601
-0.121836
-0.123158
-0.124568
-0.126068
-0.128626
-0.129107
-0.130645
-0.132269
-0.133973
-0.135751
-0.137592
-0.139483
-0.141409
-0.143349
-0.145285
-0.147189
-0.149037
-0.150798
-0.152443
-0.153937
-0.155247
-0.156338
-0.157175
-0.157722
-0.157944
-0.157807
-0.157279
-0.156328
-0.154927
-0.153049
-0.150672
-0.147777
-0.144349
-0.140377
-0.136822
-0.130548
-0.124696
-0.118306
-0.111393
-0.103976
-0.096079
-0.087730
-0.078960
-0.069804
-0.060301
-0.050491
-0.040419
-0.030129
-0.019669
-0.009086
0.001571
0.012253
0.022913
0.033502
0.043976
0.054288
0.064398
0.074264
0.083849
0.093118
0.102040
0.110585
0.118728
0.126446
0.133721
0.139465
0.145726
0.151527
0.156861
0.161724
0.166111
0.170021
0.173455
0.176411
0.178892
0.180901
0.182439
0.183509
0.184114
0.184256
0.183938
0.183163
0.181931
0.180245
0.178106
0.175513
0.172470
0.168975
0.165031
0.160638
0.155798
0.150515
0.144792
0.138634
0.132048
0.126114
0.118779
0.111024
0.102863
0.094315
0.085399
0.076140
0.066565
0.056705
0.046594
0.036268
0.025766
0.015133
0.004412
-0.006349
-0.017102
-0.027797
-0.038383
-0.048808
-0.059022
-0.068974
-0.078614
-0.087895
-0.096772
-0.105202
-0.113146
-0.120567
-0.127434
-0.133720
-0.139403
-0.143394
-0.147743
-0.151477
-0.154596
-0.157105
-0.159015
-0.160342
-0.161105
-0.161332
-0.161051
-0.160297
-0.159109
-0.157527
-0.155598
-0.153367
-0.150883
-0.148198
-0.145363
-0.142428
-0.139444
-0.136463
-0.133532
-0.130696
-0.128001
-0.125485
-0.123186
-0.121136
-0.119362
-0.117888
-0.116732
-0.114835
-0.114265
-0.114059
-0.114212
-0.114715
-0.115555
-0.116711
-0.118157
-0.119864
-0.121799
-0.123922
-0.126193
-0.128568
-0.131001
-0.133444
-0.135849
-0.138167
-0.140352
-0.142355
-0.144132
-0.145641
-0.146841
-0.147697
-0.148175
-0.148249
-0.147893
-0.147090
-0.145826
-0.144093
-0.141888
-0.138142
-0.134926
-0.131283
-0.127234
-0.122800
-0.118008
-0.112888
-0.107474
-0.101801
-0.095908
-0.089835
-0.083625
-0.077318
-0.070960
-0.064591
-0.058255
-0.051992
-0.045843
-0.039846
-0.034036
-0.028445
-0.023106
-0.018044
-0.013284
-0.008845
-0.004744
-0.000994
0.002396
0.005421
0.008078
0.009298
0.011149
0.012671
0.013877
0.014780
0.015396
0.015745
0.015845
0.015717
0.015383
0.014865
0.014185
0.013368
0.012434
0.011407
0.010308
0.009157
0.007975
0.006780
0.005589
0.004418
0.003282
0.002193
0.001162
0.000199
-0.000689
-0.001495
-0.002214
-0.002844
-0.003383
-0.004903
-0.005343
-0.005671
-0.005890
-0.006006
-0.006023
-0.005948
-0.005788
-0.005551
-0.005247
-0.004884
-0.004473
-0.004022
-0.003542
-0.003042
-0.002531
-0.002019
-0.001513
-0.001021
-0.000551
-0.000107
0.000303
0.000677
0.001009
0.001298
0.001542
0.001739
0.001889
0.001994
0.002054
0.003143
0.003202
0.003201
0.003144
0.003033
0.002875
0.002674
0.002436
0.002166
0.001873
0.001561
0.001238
0.000910
0.000584
0.000265
-0.000041
-0.000328
-0.000593
-0.000831
-0.001040
-0.001215
-0.001356
-0.001461
-0.001529
-0.001562
-0.001559
-0.001522
-0.001453
-0.001356
-0.001232
-0.000014
0.000232
0.000470
0.000695
0.000904
0.001091
0.001254
0.001391
0.001499
0.001576
0.001622
0.001637
0.001621
0.001575
0.001501
0.001400
0.001276
0.001130
0.000967
0.000789
0.000601
0.000406
0.000208
0.000010
-0.000183
-0.000368
-0.000542
-0.000701
-0.000844
-0.000969
-0.000000
-0.000000
0.000000
-0.000000
0.000000
-0.000000
-0.000000
-0.000000
-0.000000
-0.000000
0.000000
-0.000000
0.000000
-0.000000
0.000000
-0.000000
0.000000
-0.000000
-0.000000
-0.000000
-0.000000
0.000000
0.000000
-0.000000
-0.000000
-0.000000
-0.000000
0.000000
-0.000000
-0.000000
0.000000
0.000000
0.000000
0.000000
-0.000000
0.000000
0.000000
-0.000000
0.000000
-0.000000
-0.000000
0.000000
0.000000
0.000000
0.000000
0.000000
0.000000
-0.000000
0.000000
0.000000
0.000000
0.000000
0.000000
0.000000
0.000000
-0.000000
0.000000
0.000000
0.000000
0.000000
-0.000000
0.000000
0.000000
0.000000
0.000000
0.000000
-0.000000
-0.000000
0.000000
0.000000
0.000000
0.000000
0.000000
0.000000
0.000000
-0.000000
0.000000
0.000000
0.000000
-0.000000
0.000000
-0.000000
-0.000000
0.000000
0.000000
-0.000000
0.000000
-0.000000
0.000000
-0.000000
0.000000
0.000000
-0.000000
0.000000
0.000000
0.000000
-0.000000
0.000000
0.000000
0.000000
-0.000000
0.000000
-0.000000
0.000000
0.000000
0.000000
0.000000
0.000000
0.000000
0.000000
-0.000000
-0.000000
-0.000000
-0.000000
0.000000
0.000000
0.000000
0.000000
-0.000000
0.000000
-0.000000
-0.000000
-0.000000
0.000000
-0.000000
0.000000
0.000000
-0.000000
-0.000000
-0.000000
-0.000000
-0.000000
0.000000
-0.000000
0.000000
-0.000000
-0.000000
-0.000000
0.000000
-0.000000
-0.000000
0.000000
-0.000000
0.000000
0.000000
-0.000000
0.000000
-0.000000
-0.000000
0.000000
0.000000
0.000000
-0.000000
0.000000
0.000000
-0.000000
0.000000
0.000000
0.000000
0.000000
0.000000
0.000000
0.000000
0.000000
0.000000
0.000000
0.000000
0.000000
0.000000
0.000000
0.000000
0.000000
0.000000
0.000000
0.000000
0.000000
-0.000000
-0.000000
0.000000
0.000000
0.000000
-0.000000
-0.000000
0.000000
0.000000
0.000000
0.000000
-0.000000
-0.000000
0.000000
0.000000
0.000000
-0.000000
-0.000000
0.000000
0.000000
-0.000000
0.000000
0.000000
0.000000
0.000000
0.000000
-0.000000
0.000000
-0.000000
0.000000
0.000000
0.000000
0.000000
0.000000
0.000000
0.000000
0.000000
0.000000
0.000000
0.000000
0.000000
0.000000
-0.000000
0.000000
0.000000
-0.000000
-0.000000
0.000000
0.000000
-0.000000
-0.000000
-0.000000
0.000000
-0.000000
-0.000000
0.000000
-0.000000
-0.000000
0.000000
0.000000
0.000000
-0.000000
0.000000
0.000000
-0.000000
-0.000000
-0.000000
0.000000
-0.000000
-0.000000
0.000000
-0.000000
-0.000000
-0.000000
0.000000
-0.000000
-0.000000
-0.000000
0.000000
-0.000000
-0.000000
-0.000000
-0.000000
0.000000
-0.000000
-0.000000
-0.000000
-0.000000
-0.000000
-0.000000
-0.000000
-0.000000
-0.000000
-0.000000
-0.000000
-0.000000
-0.000000
-0.000000
0.000000
-0.000000
-0.000000
-0.000000
-0.000000
0.000000
-0.000000
-0.000000
-0.000000
-0.000000
-0.000000
0.000000
-0.000000
-0.000000
-0.000000
-0.000000
-0.000000
-0.000000
-0.000000
-0.000000
-0.000000
-0.000000
-0.000000
-0.000000
0.000000
-0.000000
-0.000000
-0.000000
-0.000000
0.000000
0.000000
-0.000000
0.000000
-0.000000
-0.000000
-0.000000
0.000000
-0.000000
-0.000000
-0.000000
-0.000000
-0.000000
-0.000000
0.000000
0.000000
0.000000
-0.000000
-0.000000
0.000000
-0.000000
-0.000000
0.000000
-0.000000
-0.000000
-0.000000
0.000000
-0.000000
0.000000
0.000000
0.000000
0.000000
0.000000
0.000000
-0.000000
-0.000000
0.000000
0.000000
0.000000
0.000000
0.000000
-0.000000
0.000000
0.000000
0.000000
0.000000
0.000000
0.000000
0.000000
0.000000
0.000000
0.000000
0.000000
0.000000
0.000000
0.000000
0.000000
0.000000
0.000000
0.000000
0.000000
0.000000
0.000000
0.000000
0.000000
0.000000
0.000000
0.000000
0.000000
0.000000
0.000000
-0.000000
0.000000
0.000000
0.000000
0.000000
0.000000
0.000000
0.000000
0.000000
0.000000
0.000000
-0.000000
0.000000
0.000000
0.000000
0.000000
-0.000000
0.000000
0.000000
0.000000
0.000000
0.000000
0.000000
-0.000000
-0.000000
0.000000
0.000000
0.000000
0.000000
0.000000
0.000000
-0.000000
-0.000000
0.000000
0.000000
0.000000
0.000000
-0.000000
-0.000000
0.000000
-0.000000
0.000000
0.000000
-0.000000
0.000000
-0.000000
-0.000000
-0.000000
-0.000000
0.000000
-0.000000
0.000000
-0.000000
-0.000000
-0.000000
0.000000
-0.000000
-0.000000
-0.000000
0.000000
-0.000000
0.000000
-0.000000
-0.000000
0.000000
-0.000000
0.000000
-0.000000
0.000000
-0.000000
0.000000
0.000000
0.000000
0.000000
-0.000000
0.000000
0.000000
-0.000000
-0.000000
0.000000
0.000000
0.000000
-0.000000
-0.000000
-0.000000
-0.000000
0.000000
-0.000000
0.000000
-0.000000
0.000000
-0.000000
-0.000000
0.000000
0.000000
-0.000000
0.000000
-0.000000
-0.000000
-0.000000
-0.000000
-0.000000
0.000000
-0.000000
-0.000000
-0.000000
0.000000
-0.000000
-0.000000
0.000000
-0.000000
-0.000000
-0.000000
-0.000000
-0.000000
-0.000000
-0.000000
0.000000
-0.000000
-0.000000
-0.000000
-0.000000
-0.000000
-0.000000
0.000000
0.000000
-0.000000
0.000000
-0.000000
0.000000
0.000000
-0.000000
0.000000
-0.000000
0.000000
0.000000
0.000000
0.000000
-0.000000
0.000000
-0.000000
-0.000000
-0.000000
-0.000000
-0.000000
0.000000
0.000000
0.000000
-0.000000
-0.000000
0.000000
-0.000000
-0.000000
-0.000000
0.000000
0.000000
0.000000
0.000000
-0.000000
-0.000000
-0.000000
0.000000
0.000000
-0.000000
0.000000
0.000000
0.000000
0.000000
-0.000000
0.000000
0.000000
-0.000000
0.000000
0.000000
0.000000
0.000000
0.000000
0.000000
-0.000000
0.000000
-0.000000
0.000000
-0.000000
0.000000
0.000000
-0.000000
0.000000
-0.000000
0.000000
0.000000
0.000000
0.000000
0.000000
0.000000
0.000000
0.000000
0.000000
0.000000
0.000000
0.000000
-0.000000
0.000000
-0.000000
0.000000
0.000000
0.000000
0.000000
-0.000000
-0.000000
0.000000
-0.000000
0.000000
-0.000000
0.000000
0.000000
0.000000
-0.000000
0.000000
0.000000
0.000000
0.000000
0.000000
-0.000000
-0.000000
0.000000
-0.000000
-0.000000
-0.000000
0.000000
-0.000000
-0.000000
-0.000000
-0.000000
-0.000000
-0.000000
0.000000
-0.000000
-0.000000
-0.000000
-0.000000
-0.000000
-0.000000
-0.000000
-0.000000
-0.000000
-0.000000
-0.000000
-0.000000
-0.000000
-0.000000
-0.000000
-0.000000
0.000000
-0.000000
-0.000000
-0.000000
-0.000000
-0.000000
-0.000000
-0.000000
-0.000000
-0.000000
-0.000000
-0.000000
0.000000
-0.000000
-0.000000
0.000000
-0.000000
-0.000000
-0.000000
-0.000000
-0.000000
0.000000
0.000000
-0.000000
-0.000000
-0.000000
-0.000000
-0.000000
-0.000000
-0.000000
-0.000000
-0.000000
0.000000
0.000000
-0.000000
0.000000
-0.000000
0.000000
0.000000
0.000000
0.000000
0.000000
0.000000
-0.000000
-0.000000
0.000000
-0.000000
-0.000000
-0.000000
0.000000
0.000000
0.000000
-0.000000
0.000000
0.000000
0.000000
0.000000
0.000000
0.000000
0.000000
0.000000
0.000000
-0.000000
0.000000
0.000000
0.000000
0.000000
0.000000
0.000000
0.000000
0.000000
0.000000
0.000000
0.000000
0.000000
0.000000
0.000000
0.000000
0.000000
0.000000
0.000000
0.000000
0.000000
0.000000
-0.000000
0.000000
0.000000
0.000000
0.000000
0.000000
-0.000000
0.000000
0.000000
-0.000969
-0.000844
-0.000701
-0.000542
-0.000368
-0.000183
0.000010
0.000208
0.000406
0.000601
0.000789
0.000967
0.001130
0.001276
0.001400
0.001501
0.001575
0.001621
0.001637
0.001622
0.001576
0.001499
0.001391
0.001254
0.001091
0.000904
0.000695
0.000470
0.000232
-0.000014
0.000705
0.000333
-0.000051
-0.000439
-0.000823
-0.001197
-0.001550
-0.001876
-0.002168
-0.002417
-0.002618
-0.002765
-0.002854
-0.002880
-0.002841
-0.002737
-0.002567
-0.002332
-0.002036
-0.001684
-0.001279
-0.000831
-0.000346
0.000165
0.000693
0.001226
0.001753
0.002261
0.002738
0.003172
0.002581
0.003017
0.003394
0.003700
0.003924
0.004056
0.004088
0.004014
0.003827
0.003525
0.003107
0.002575
0.001934
0.001189
0.000351
-0.000570
-0.001559
-0.002600
-0.003674
-0.004762
-0.005840
-0.006887
-0.007877
-0.008787
-0.009591
-0.010266
-0.010787
-0.011133
-0.011283
-0.011219
-0.011893
-0.011233
-0.010302
-0.009099
-0.007625
-0.005886
-0.003894
-0.001666
0.000776
0.003405
0.006189
0.009093
0.012075
0.015090
0.018090
0.021023
0.023837
0.026475
0.028882
0.031000
0.032774
0.034149
0.035073
0.035496
0.035374
0.034665
0.033335
0.031355
0.028703
0.025364
0.020363
0.015763
0.010502
0.004595
-0.001930
-0.009039
-0.016689
-0.024829
-0.033398
-0.042330
-0.051551
-0.060978
-0.070526
-0.080104
-0.089615
-0.098962
-0.108045
-0.116762
-0.125014
-0.132700
-0.139726
-0.145998
-0.151431
-0.155942
-0.159460
-0.161918
-0.163261
-0.163445
-0.162433
-0.160203
-0.157712
-0.152901
-0.146857
-0.139610
-0.131201
-0.121684
-0.111128
-0.099612
-0.087224
-0.074066
-0.060248
-0.045887
-0.031108
-0.016042
-0.000824
0.014409
0.029517
0.044361
0.058803
0.072710
0.085950
0.098401
0.109944
0.120473
0.129889
0.138105
0.145044
0.150644
0.154854
0.157638
0.158005
0.158008
0.156579
0.153737
0.149510
0.143944
0.137095
0.129029
0.119825
0.109572
0.098364
0.086307
0.073511
0.060091
0.046167
0.031860
0.017293
0.002587
-0.012135
-0.026756
-0.041162
-0.055245
-0.068901
-0.082035
-0.094559
-0.106396
-0.117475
-0.127737
-0.137133
-0.145625
-0.154152
-0.160637
-0.166146
-0.170683
-0.174266
-0.176919
-0.178677
-0.179582
-0.179684
-0.179040
-0.177713
-0.175770
-0.173282
-0.170322
-0.166965
-0.163288
-0.159366
-0.155273
-0.151081
-0.146860
-0.142674
-0.138583
-0.134645
-0.130909
-0.127418
-0.124210
-0.121317
-0.118763
-0.116566
-0.114736
-0.112311
-0.111349
-0.110771
-0.110561
-0.110699
-0.111160
-0.111916
-0.112933
-0.114177
-0.115609
-0.117193
-0.118887
-0.120654
-0.122455
-0.124251
-0.126010
-0.127697
-0.129284
-0.130744
-0.132054
-0.133197
-0.134157
-0.134926
-0.135497
-0.135869
-0.136045
-0.136031
-0.135838
-0.135480
-0.134973
-0.133369
-0.132750
-0.132065
-0.131336
-0.130587
-0.129837
-0.129110
-0.128424
-0.127798
-0.127249
-0.126791
-0.126436
-0.126193
-0.126068
-0.126063
-0.126179
-0.126413
-0.126759
-0.127208
-0.127747
-0.128365
-0.129044
-0.129768
-0.130517
-0.131271
-0.132009
-0.132712
-0.133360
-0.133932
-0.134410
-0.135747
-0.134795
-0.134677
-0.134419
-0.134016
-0.133469
-0.132779
-0.131952
-0.130997
-0.129924
-0.128750
-0.127490
-0.126166
-0.124800
-0.123415
-0.122037
-0.120693
-0.119411
-0.118219
-0.117143
-0.116210
-0.115446
-0.114875
-0.114518
-0.114393
-0.114517
-0.114901
-0.115553
-0.116480
-0.117679
-0.120116
-0.122792
-0.124705
-0.126806
-0.129077
-0.131491
-0.134024
-0.136644
-0.139319
-0.142014
-0.144691
-0.147312
-0.149835
-0.152220
-0.154425
-0.156409
-0.158129
-0.159546
-0.160622
-0.161318
-0.161602
-0.161439
-0.160802
-0.159665
-0.158006
-0.155807
-0.153054
-0.149738
-0.145853
-0.141400
-0.135412
-0.128888
-0.122829
-0.116282
-0.109267
-0.101804
-0.093918
-0.085637
-0.076990
-0.068009
-0.058727
-0.049180
-0.039405
-0.029438
-0.019319
-0.009086
0.001221
0.011562
0.021898
0.032191
0.042402
0.052493
0.062428
0.072171
0.081688
0.090946
0.099914
0.108562
0.116861
0.124786
0.132312
0.140488
0.147230
0.153488
0.159244
0.164482
0.169190
0.173358
0.176978
0.180043
0.182550
0.184497
0.185886
0.186717
0.186996
0.186728
0.185921
0.184585
0.182730
0.180368
0.177512
0.174178
0.170380
0.166136
0.161463
0.156378
0.150902
0.145053
0.138852
0.132319
0.125475
0.119414
0.112093
0.104502
0.096663
0.088595
0.080322
0.071866
0.063247
0.054490
0.045616
0.036647
0.027606
0.018514
0.009394
0.000265
-0.008850
-0.017932
-0.026961
-0.035917
-0.044783
-0.053539
-0.062168
-0.070653
-0.078977
-0.087124
-0.095078
-0.102823
-0.110344
-0.117626
-0.124654
-0.130339
-0.136730
-0.142844
-0.148665
-0.154176
-0.159362
-0.164205
-0.168686
-0.172787
-0.176487
-0.179766
-0.182605
-0.184982
-0.186877
-0.188269
-0.189137
-0.189463
-0.189228
-0.188415
-0.187008
-0.184993
-0.182360
-0.179098
-0.175203
-0.170670
-0.165502
-0.159700
-0.153274
-0.146236
-0.138601
-0.129319
-0.120478
-0.111139
-0.101338
-0.091112
-0.080505
-0.069563
-0.058334
-0.046873
-0.035235
-0.023478
-0.011663
0.000147
0.011888
0.023495
0.034904
0.046048
0.056865
0.067290
0.077262
0.086723
0.095617
0.103890
0.111496
0.118391
0.124534
0.129894
0.134442
0.138158
0.141025
0.144109
0.145343
0.145701
0.145193
0.143839
0.141664
0.138699
0.134984
0.130563
0.125487
0.119810
0.113592
0.106897
0.099793
0.092348
0.084634
0.076723
0.068687
0.060599
0.052529
0.044546
0.036717
0.029104
0.021766
0.014758
0.008130
0.001926
-0.003816
-0.009064
-0.013790
-0.019049
-0.022763
-0.025893
-0.028439
-0.030406
-0.031806
-0.032657
-0.032983
-0.032813
-0.032180
-0.031122
-0.029680
-0.027897
-0.025820
-0.023495
-0.020972
-0.018298
-0.015522
-0.012690
-0.009847
-0.007037
-0.004299
-0.001671
0.000815
0.003128
0.005242
0.007138
0.008798
0.010210
0.011366
0.011190
0.011747
0.012073
0.012178
0.012073
0.011773
0.011295
0.010659
0.009884
0.008992
0.008006
0.006949
0.005843
0.004710
0.003572
0.002450
0.001362
0.000326
-0.000642
-0.001529
-0.002323
-0.003015
-0.003598
-0.004068
-0.004421
-0.004659
-0.004783
-0.004796
-0.004706
-0.004519
-0.003172
-0.002738
-0.002261
-0.001753
-0.001226
-0.000693
-0.000165
0.000346
0.000831
0.001279
0.001684
0.002036
0.002332
0.002567
0.002737
0.002841
0.002880
0.002854
0.002765
0.002618
0.002417
0.002168
0.001876
0.001550
0.001197
0.000823
0.000439
0.000051
-0.000333
-0.000705
0.000014
-0.000232
-0.000470
-0.000695
-0.000904
-0.001091
-0.001254
-0.001391
-0.001499
-0.001576
-0.001622
-0.001637
-0.001621
-0.001575
-0.001501
-0.001400
-0.001276
-0.001130
-0.000967
-0.000789
-0.000601
-0.000406
-0.000208
-0.000010
0.000183
0.000368
0.000541
0.000701
0.000844
0.000969
-0.000000
-0.000000
0.000000
-0.000000
-0.000000
-0.000000
0.000000
-0.000000
-0.000000
-0.000000
0.000000
-0.000000
0.000000
-0.000000
-0.000000
-0.000000
-0.000000
0.000000
-0.000000
-0.000000
-0.000000
-0.000000
0.000000
-0.000000
0.000000
-0.000000
0.000000
0.000000
0.000000
0.000000
-0.000000
-0.000000
0.000000
-0.000000
-0.000000
-0.000000
-0.000000
-0.000000
-0.000000
-0.000000
-0.000000
-0.000000
-0.000000
-0.000000
-0.000000
-0.000000
-0.000000
-0.000000
-0.000000
-0.000000
-0.000000
-0.000000
-0.000000
-0.000000
-0.000000
-0.000000
-0.000000
-0.000000
-0.000000
-0.000000
-0.000000
-0.000000
-0.000000
-0.000000
-0.000000
-0.000000
-0.000000
0.000000
-0.000000
-0.000000
-0.000000
-0.000000
-0.000000
-0.000000
-0.000000
-0.000000
-0.000000
-0.000000
0.000000
-0.000000
0.000000
0.000000
0.000000
-0.000000
0.000000
0.000000
0.000000
0.000000
0.000000
0.000000
0.000000
0.000000
0.000000
-0.000000
0.000000
-0.000000
0.000000
0.000000
0.000000
-0.000000
-0.000000
-0.000000
0.000000
0.000000
-0.000000
-0.000000
-0.000000
0.000000
-0.000000
0.000000
0.000000
0.000000
0.000000
0.000000
0.000000
0.000000
0.000000
0.000000
0.000000
0.000000
-0.000000
0.000000
-0.000000
0.000000
-0.000000
-0.000000
0.000000
0.000000
0.000000
0.000000
-0.000000
0.000000
-0.000000
0.000000
0.000000
0.000000
-0.000000
0.000000
0.000000
0.000000
0.000000
0.000000
0.000000
0.000000
-0.000000
0.000000
0.000000
0.000000
0.000000
0.000000
0.000000
0.000000
0.000000
0.000000
0.000000
0.000000
0.000000
0.000000
-0.000000
0.000000
0.000000
0.000000
0.000000
0.000000
0.000000
0.000000
-0.000000
0.000000
-0.000000
-0.000000
0.000000
0.000000
0.000000
-0.000000
0.000000
-0.000000
-0.000000
0.000000
-0.000000
0.000000
0.000000
-0.000000
-0.000000
-0.000000
0.000000
-0.000000
-0.000000
0.000000
-0.000000
-0.000000
-0.000000
-0.000000
-0.000000
0.000000
0.000000
-0.000000
-0.000000
0.000000
0.000000
-0.000000
-0.000000
-0.000000
-0.000000
-0.000000
-0.000000
-0.000000
-0.000000
-0.000000
0.000000
-0.000000
-0.000000
0.000000
-0.000000
-0.000000
0.000000
-0.000000
0.000000
-0.000000
0.000000
0.000000
-0.000000
-0.000000
-0.000000
-0.000000
-0.000000
-0.000000
0.000000
-0.000000
-0.000000
0.000000
0.000000
-0.000000
-0.000000
0.000000
0.000000
0.000000
-0.000000
0.000000
-0.000000
0.000000
-0.000000
0.000000
-0.000000
-0.000000
-0.000000
0.000000
-0.000000
-0.000000
0.000000
-0.000000
-0.000000
-0.000000
-0.000000
0.000000
-0.000000
-0.000000
-0.000000
0.000000
-0.000000
-0.000000
-0.000000
0.000000
-0.000000
-0.000000
-0.000000
-0.000000
-0.000000
-0.000000
-0.000000
0.000000
-0.000000
-0.000000
-0.000000
-0.000000
-0.000000
-0.000000
0.000000
-0.000000
-0.000000
0.000000
-0.000000
-0.000000
-0.000000
-0.000000
-0.000000
0.000000
-0.000000
-0.000000
-0.000000
0.000000
0.000000
0.000000
-0.000000
0.000000
0.000000
0.000000
-0.000000
-0.000000
0.000000
-0.000000
-0.000000
-0.000000
-0.000000
-0.000000
0.000000
-0.000000
0.000000
-0.000000
0.000000
-0.000000
-0.000000
-0.000000
0.000000
0.000000
-0.000000
-0.000000
-0.000000
-0.000000
-0.000000
-0.000000
0.000000
-0.000000
-0.000000
-0.000000
0.000000
0.000000
0.000000
-0.000000
-0.000000
0.000000
-0.000000
-0.000000
0.000000
-0.000000
-0.000000
0.000000
0.000000
-0.000000
0.000000
0.000000
-0.000000
0.000000
0.000000
-0.000000
0.000000
0.000000
-0.000000
0.000000
-0.000000
-0.000000
0.000000
0.000000
0.000000
-0.000000
-0.000000
0.000000
0.000000
0.000000
0.000000
0.000000
-0.000000
0.000000
0.000000
0.000000
-0.000000
0.000000
0.000000
-0.000000
0.000000
0.000000
-0.000000
-0.000000
-0.000000
-0.000000
-0.000000
-0.000000
0.000000
-0.000000
0.000000
0.000000
-0.000000
-0.000000
-0.000000
0.000000
0.000000
-0.000000
-0.000000
-0.000000
0.000000
0.000000
-0.000000
-0.000000
-0.000000
-0.000000
-0.000000
-0.000000
-0.000000
-0.000000
-0.000000
-0.000000
-0.000000
-0.000000
-0.000000
-0.000000
-0.000000
-0.000000
-0.000000
-0.000000
-0.000000
-0.000000
-0.000000
-0.000000
-0.000000
-0.000000
-0.000000
-0.000000
-0.000000
-0.000000
-0.000000
-0.000000
-0.000000
-0.000000
-0.000000
-0.000000
-0.000000
-0.000000
-0.000000
-0.000000
-0.000000
-0.000000
-0.000000
-0.000000
-0.000000
-0.000000
-0.000000
-0.000000
-0.000000
0.000000
-0.000000
0.000000
-0.000000
-0.000000
0.000000
0.000000
-0.000000
-0.000000
0.000000
0.000000
0.000000
0.000000
0.000000
0.000000
0.000000
0.000000
0.000000
0.000000
0.000000
-0.000000
0.000000
0.000000
0.000000
-0.000000
0.000000
0.000000
0.000000
0.000000
0.000000
0.000000
0.000000
-0.000000
0.000000
0.000000
0.000000
0.000000
0.000000
0.000000
0.000000
0.000000
0.000000
0.000000
0.000000
-0.000000
0.000000
0.000000
0.000000
0.000000
0.000000
0.000000
-0.000000
-0.000000
0.000000
-0.000000
0.000000
-0.000000
0.000000
0.000000
-0.000000
0.000000
0.000000
0.000000
0.000000
-0.000000
-0.000000
-0.000000
0.000000
0.000000
0.000000
0.000000
-0.000000
-0.000000
-0.000000
-0.000000
-0.000000
0.000000
-0.000000
-0.000000
-0.000000
-0.000000
-0.000000
-0.000000
-0.000000
-0.000000
-0.000000
-0.000000
0.000000
-0.000000
-0.000000
-0.000000
-0.000000
-0.000000
-0.000000
-0.000000
0.000000
-0.000000
0.000000
-0.000000
-0.000000
-0.000000
0.000000
0.000000
-0.000000
0.000000
-0.000000
-0.000000
-0.000000
-0.000000
0.000000
-0.000000
-0.000000
-0.000000
-0.000000
0.000000
0.000000
-0.000000
0.000000
-0.000000
0.000000
0.000000
0.000000
0.000000
0.000000
-0.000000
0.000000
0.000000
-0.000000
-0.000000
-0.000000
0.000000
-0.000000
0.000000
0.000000
0.000000
0.000000
-0.000000
-0.000000
0.000000
-0.000000
0.000000
-0.000000
-0.000000
0.000000
0.000000
0.000000
-0.000000
0.000000
0.000000
-0.000000
0.000000
-0.000000
0.000000
-0.000000
0.000000
-0.000000
0.000000
0.000000
0.000000
-0.000000
0.000000
0.000000
0.000000
-0.000000
0.000000
0.000000
0.000000
0.000000
0.000000
0.000000
0.000000
0.000000
0.000000
0.000000
0.000000
-0.000000
-0.000000
0.000000
0.000000
-0.000000
0.000000
-0.000000
-0.000000
-0.000000
0.000000
-0.000000
-0.000000
0.000000
-0.000000
-0.000000
0.000000
0.000000
-0.000000
0.000000
0.000000
0.000000
-0.000000
0.000000
-0.000000
-0.000000
-0.000000
-0.000000
-0.000000
-0.000000
0.000000
-0.000000
0.000000
-0.000000
0.000000
-0.000000
0.000000
0.000000
0.000000
0.000000
-0.000000
0.000000
0.000000
0.000000
0.000000
0.000000
0.000000
0.000000
0.000000
-0.000000
0.000000
0.000000
0.000000
0.000000
0.000000
-0.000000
0.000000
0.000000
0.000000
0.000000
0.000000
0.000000
-0.000000
-0.000000
0.000000
-0.000000
-0.000000
-0.000000
-0.000000
0.000000
0.000000
-0.000000
-0.000000
-0.000000
0.000000
0.000000
0.000000
-0.000000
0.000000
0.000000
-0.000000
0.000000
-0.000000
-0.000000
0.000000
0.000000
-0.000000
-0.000000
0.000000
-0.000000
-0.000000
0.000000
0.000000
0.000000
0.000000
0.000000
-0.000000
0.000000
0.000000
-0.000000
0.000000
-0.000000
0.000000
0.000000
0.000000
0.000000
0.000000
0.000000
0.000000
0.000000
0.000000
0.000000
0.000000
0.000000
0.000000
0.000000
0.000000
0.000000
0.000000
-0.000000
0.000000
0.000000
0.000000
0.000000
0.000000
0.000000
0.000000
0.000000
0.000000
0.000000
0.000000
0.000000
0.000000
0.000000
0.000000
0.000000
0.000000
0.000000
0.000000
0.000000
0.000000
0.000000
0.000000
0.000000
0.000000
0.000000
0.000000
0.000000
0.000000
0.000000
0.000000
0.000000
0.000000
0.000000
0.000000
0.000000
0.000000
0.000000
-0.000000
-0.000000
0.000000
0.000000
-0.000000
-0.000000
-0.000000
0.000000
-0.000000
-0.000000
-0.000000
-0.000000
0.000000
0.000000
0.000000
-0.000000
-0.000000
0.000000
0.000000
-0.000000
0.000000
-0.000000
-0.000000
0.000000
0.000000
0.000000
0.000000
0.000000
0.000000
0.000000
0.000000
0.000000
0.000000
0.000000
0.000000
0.000000
0.000000
0.000000
0.000000
0.000000
0.000000
0.000000
0.000000
0.000000
0.000000
0.000000
0.000000
0.000000
0.000000
0.000000
0.000000
0.000000
0.000000
0.000000
0.000000
0.000000
0.000000
0.000000
0.000000
0.000000
0.000000
0.000000
0.000000
0.000000
-0.000000
0.000000
0.000000
0.000000
0.000000
0.000000
0.000000
0.000000
-0.000000
0.000000
0.000000
-0.000000
0.000000
-0.000000
-0.000000
-0.000000
-0.000000
0.000000
-0.000000
-0.000000
-0.000000
-0.000000
-0.000000
0.000000
-0.000000
0.000000
-0.000000
-0.000000
-0.000000
-0.000000
-0.000000
-0.000000
-0.000000
-0.000000
-0.000000
-0.000000
-0.000000
-0.000000
-0.000000
-0.000000
-0.000000
-0.000000
0.000000
0.000000
0.000000
-0.000000
-0.000000
0.000000
-0.000000
-0.000000
0.000000
-0.000000
0.000000
0.000000
0.000000
0.000000
0.000000
0.000000
-0.000000
0.000000
0.000000
0.000000
0.000000
0.000000
0.000000
0.000000
0.000000
0.000000
0.000000
0.000000
0.000000
0.000000
0.000000
0.000000
0.000000
0.000000
0.000000
-0.000000
0.000000
0.000000
-0.000000
0.000000
0.000000
0.000000
0.000000
0.000000
0.000000
0.000000
-0.000000
-0.000000
-0.000000
0.000000
-0.000000
0.000000
-0.000000
-0.000000
-0.000000
0.000000
-0.000000
-0.000000
-0.000000
-0.000000
-0.000000
-0.000000
-0.000000
-0.000000
-0.000000
-0.000000
0.000000
-0.000000
-0.000000
