0.000000
0.000000
0.000000
0.000000
0.000000
-0.000000
0.000000
-0.000000
0.000000
0.000000
-0.000000
-0.000000
-0.000000
0.000000
0.000000
-0.000000
-0.000000
0.000000
-0.000000
-0.000000
-0.000000
-0.000000
-0.000000
0.000000
-0.000000
-0.000000
-0.000000
-0.000000
-0.000000
-0.000000
-0.000000
-0.000000
-0.000000
-0.000000
-0.000000
-0.000000
-0.000000
-0.000000
-0.000000
-0.000000
0.000000
-0.000000
-0.000000
0.000000
-0.000000
0.000000
0.000000
0.000000
-0.000000
-0.000001
-0.000001
-0.000000
-0.000000
-0.000000
0.000000
-0.000000
-0.000000
-0.000000
-0.000000
-0.000000
0.000000
-0.000000
0.000000
-0.000000
-0.000000
-0.000000
-0.000000
-0.000000
-0.000000
0.000000
-0.000001
0.000000
-0.000000
0.000000
0.000000
-0.000000
-0.000000
-0.000000
-0.000000
0.000000
-0.000000
0.000000
0.000000
-0.000000
0.000000
-0.000000
0.000000
-0.000000
0.000000
0.000000
-0.000000
0.000000
-0.000000
0.000000
-0.000000
0.000000
-0.000000
-0.000000
0.000000
0.000000
-0.000000
0.000000
0.000000
0.000000
-0.000000
0.000000
0.000000
-0.000000
-0.000000
-0.000000
0.000000
0.000000
0.000000
0.000001
-0.000000
0.000000
-0.000000
-0.000000
0.000000
-0.000000
-0.000000
0.000000
0.000000
0.000000
0.000000
0.000000
-0.000000
-0.000000
0.000000
0.000000
0.000000
-0.000000
0.000000
0.000000
0.000000
0.000000
0.000000
0.000000
0.000000
0.000000
0.000000
0.000000
0.000000
-0.000000
0.000000
0.000000
-0.000000
0.000000
0.000000
0.000000
0.000000
0.000000
-0.000000
0.000000
0.000000
0.000000
0.000000
0.000000
-0.000000
-0.000000
0.000000
-0.000000
0.000000
0.000000
0.000000
-0.000000
-0.000000
0.000000
0.000000
-0.000000
-0.000000
-0.000000
0.000000
-0.000000
-0.000000
0.000000
-0.000000
0.000000
-0.000000
0.000000
0.000000
0.000000
-0.000000
-0.000000
-0.000000
-0.000000
-0.000000
-0.000000
-0.000000
-0.000000
-0.000000
-0.000000
0.000000
-0.000000
0.000000
-0.000000
-0.000000
-0.000000
0.000000
-0.000000
-0.000000
-0.000001
-0.000000
-0.000000
-0.000000
-0.000000
-0.000000
-0.000000
-0.000001
-0.000000
-0.000000
-0.000000
0.000000
-0.000000
0.000000
0.000000
0.000000
-0.000000
-0.000000
-0.000000
0.000000
0.000000
0.000000
0.000000
0.000000
0.000000
-0.000000
0.000000
0.000001
0.000000
0.000000
0.000000
0.000000
0.000001
0.000000
-0.000000
0.000000
0.000001
0.000000
0.000000
0.000001
0.000000
0.000000
0.000000
0.000000
0.000000
0.000000
-0.000000
0.000001
-0.000000
0.000001
0.000000
0.000001
0.000001
0.000000
0.000000
-0.000000
0.000001
0.000000
0.000001
0.000000
0.000000
0.000000
-0.000000
0.000000
0.000000
0.000000
0.000000
0.000000
-0.000000
0.000000
-0.000000
0.000000
-0.000000
0.000000
0.000000
-0.000000
0.000000
0.000000
-0.000000
-0.000000
0.000000
-0.000000
-0.000000
-0.000000
-0.000000
-0.000000
-0.000000
-0.000000
-0.000000
-0.000000
-0.000000
0.000000
-0.000000
-0.000000
-0.000000
0.000000
0.000000
0.000000
-0.000000
-0.000000
-0.000000
-0.000000
0.000000
0.000000
0.000000
-0.000000
-0.000000
0.000000
0.000000
0.000000
-0.000000
0.000000
0.000000
-0.000000
0.000000
0.000000
0.000000
0.000000
-0.000000
0.000000
0.000000
0.000000
0.000000
0.000000
0.000001
0.000000
0.000000
0.000000
0.000000
0.000000
0.000000
0.000000
0.000000
0.000000
0.000000
0.000000
0.000000
0.000000
0.000000
0.000000
-0.000000
0.000000
0.000000
0.000000
0.000000
0.000000
0.000000
0.000000
0.000000
0.000000
0.000000
0.000000
0.000000
0.000001
0.000000
-0.000000
0.000000
0.000000
-0.000000
-0.000000
0.000000
-0.000000
0.000000
-0.000000
-0.000000
-0.000000
0.000000
-0.000000
0.000000
-0.000000
-0.000000
-0.000000
0.000000
0.000000
0.000000
-0.000000
-0.000000
0.000000
-0.000000
-0.000000
-0.000000
-0.000000
-0.000000
0.000000
0.000000
0.000000
-0.000000
-0.000000
-0.000000
0.000000
-0.000000
0.000000
-0.000000
-0.000000
-0.000000
-0.000000
0.000000
0.000000
-0.000000
-0.000000
0.000000
-0.000000
0.000000
0.000000
0.000000
0.000000
0.000000
0.000000
0.000000
0.000000
-0.000000
-0.000000
-0.000000
-0.000000
-0.000000
-0.000000
-0.000000
-0.000000
0.000000
-0.000001
-0.000000
-0.000000
-0.000000
-0.000001
-0.000000
-0.000000
-0.000000
-0.000000
-0.000000
-0.000000
-0.000000
-0.000000
-0.000000
-0.000000
-0.000001
-0.000000
-0.000000
-0.000000
-0.000000
-0.000001
-0.000000
-0.000000
-0.000001
-0.000001
-0.000000
-0.000000
-0.000001
-0.000000
-0.000000
-0.000000
-0.000000
-0.000000
-0.000000
0.000000
0.000000
0.000000
-0.000000
0.000000
0.000000
0.000000
-0.000000
-0.000000
-0.000000
0.000000
0.000000
0.000000
0.000000
0.000000
0.000000
0.000001
0.000001
0.000001
0.000000
0.000000
0.000000
-0.000000
-0.000000
-0.000001
-0.000001
-0.000000
0.000000
0.000001
0.000002
0.000004
0.000006
0.000008
0.000011
0.000013
0.000016
0.000018
0.000021
0.000024
0.000025
0.000027
0.000029
0.000030
0.000031
0.000032
0.000033
0.000034
0.000035
0.000035
0.000035
0.000035
0.000035
0.000034
0.000033
0.000033
0.000032
0.000030
0.000028
0.000026
0.000024
0.000022
0.000019
0.000016
0.000014
0.000012
0.000008
0.000006
0.000003
-0.000000
-0.000003
-0.000006
-0.000009
-0.000011
-0.000015
-0.000017
-0.000019
-0.000021
-0.000023
-0.000025
-0.000027
-0.000028
-0.000029
-0.000030
-0.000031
-0.000031
-0.000031
-0.000030
-0.000030
-0.000029
-0.000028
-0.000027
-0.000025
-0.000023
-0.000021
-0.000019
-0.000017
-0.000014
-0.000012
-0.000009
-0.000006
-0.000003
-0.000001
0.000002
0.000005
0.000008
0.000011
0.000013
0.000016
0.000018
0.000020
0.000022
0.000024
0.000026
0.000027
0.000028
0.000029
0.000030
0.000030
0.000030
0.000030
0.000030
0.000029
0.000028
0.000026
0.000024
0.000023
0.000021
0.000018
0.000016
0.000012
0.000010
0.000007
0.000004
0.000001
-0.000003
-0.000007
-0.000009
-0.000013
-0.000016
-0.000020
-0.000023
-0.000026
-0.000029
-0.000031
-0.000034
-0.000037
-0.000039
-0.000041
-0.000043
-0.000045
-0.000047
-0.000048
-0.000050
-0.000051
-0.000052
-0.000053
-0.000053
-0.000054
-0.000054
-0.000054
-0.000055
-0.000055
-0.000055
-0.000055
-0.000055
-0.000055
-0.000055
-0.000054
-0.000054
-0.000054
-0.000054
-0.000053
-0.000053
-0.000053
-0.000052
-0.000052
-0.000051
-0.000050
-0.000049
-0.000048
-0.000047
-0.000046
-0.000044
-0.000042
-0.000040
-0.000038
-0.000035
-0.000032
-0.000028
-0.000025
-0.000020
-0.000016
-0.000011
-0.000006
-0.000001
0.000005
0.000011
0.000018
0.000024
0.000030
0.000037
0.000044
0.000051
0.000057
0.000064
0.000070
0.000076
0.000081
0.000086
0.000091
0.000095
0.000098
0.000100
0.000102
0.000102
0.000102
0.000101
0.000098
0.000095
0.000091
0.000085
0.000079
0.000071
0.000063
0.000054
0.000044
0.000033
0.000021
0.000010
-0.000002
-0.000015
-0.000027
-0.000039
-0.000051
-0.000062
-0.000071
-0.000081
-0.000089
-0.000094
-0.000099
-0.000101
-0.000101
-0.000099
-0.000094
-0.000087
-0.000076
-0.000061
-0.000045
-0.000023
0.000001
0.000030
0.000062
0.000098
0.000137
0.000180
0.000227
0.000277
0.000332
0.000388
0.000448
0.000511
0.000576
0.000644
0.000713
0.000784
0.000856
0.000929
0.001002
0.001075
0.001147
0.001219
0.001289
0.001357
0.001423
0.001486
0.001546
0.001602
0.001654
0.001703
0.001746
0.001785
0.001817
0.001845
0.001868
0.001883
0.001894
0.001898
0.001896
0.001889
0.001875
0.001856
0.001831
0.001800
0.001765
0.001725
0.001680
0.001632
0.001579
0.001524
0.001466
0.001406
0.001343
0.001280
0.001216
0.001152
0.001089
0.001027
0.000965
0.000907
0.000850
0.000797
0.000747
0.000701
0.000659
0.000622
0.000590
0.000563
0.000541
0.000525
0.000514
0.000510
0.000511
0.000518
0.000530
0.000548
0.000572
0.000600
0.000633
0.000671
0.000713
0.000759
0.000809
0.000861
0.000916
0.000973
0.001032
0.001091
0.001152
0.001212
0.001272
0.001331
0.001389
0.001444
0.001497
0.001548
0.001594
0.001638
0.001677
0.001712
0.001742
0.001767
0.001787
0.001802
0.001810
0.001813
0.001811
0.001802
0.001788
0.001768
0.001742
0.001710
0.001673
0.001631
0.001583
0.001530
0.001472
0.001410
0.001343
0.001272
0.001198
0.001120
0.001040
0.000956
0.000870
0.000782
0.000693
0.000603
0.000511
0.000419
0.000327
0.000235
0.000143
0.000052
-0.000038
-0.000126
-0.000212
-0.000297
-0.000379
-0.000458
-0.000536
-0.000609
-0.000680
-0.000747
-0.000811
-0.000870
-0.000926
-0.000978
-0.001025
-0.001068
-0.001107
-0.001141
-0.001171
-0.001195
-0.001216
-0.001232
-0.001243
-0.001250
-0.001252
-0.001249
-0.001243
-0.001232
-0.001216
-0.001197
-0.001173
-0.001146
-0.001115
-0.001080
-0.001042
-0.001000
-0.000956
-0.000908
-0.000859
-0.000805
-0.000751
-0.000694
-0.000635
-0.000574
-0.000512
-0.000448
-0.000384
-0.000318
-0.000252
-0.000184
-0.000117
-0.000049
0.000018
0.000086
0.000153
0.000221
0.000287
0.000353
0.000419
0.000484
0.000548
0.000611
0.000674
0.000735
0.000796
0.000856
0.000916
0.000974
0.001031
0.001089
0.001145
0.001201
0.001256
0.001311
0.001366
0.001420
0.001474
0.001528
0.001582
0.001636
0.001691
0.001745
0.001799
0.001854
0.001909
0.001964
0.002020
0.002076
0.002133
0.002190
0.002247
0.002304
0.002362
0.002420
0.002477
0.002535
0.002593
0.002651
0.002709
0.002765
0.002822
0.002878
0.002933
0.002988
0.003041
0.003094
0.003145
0.003195
0.003244
0.003291
0.003336
0.003380
0.003422
0.003462
0.003500
0.003537
0.003571
0.003604
0.003635
0.003664
0.003691
0.003717
0.003741
0.003762
0.003783
0.003801
0.003819
0.003834
0.003848
0.003859
0.003868
0.003876
0.003880
0.003883
0.003882
0.003879
0.003872
0.003862
0.003849
0.003832
0.003811
0.003785
0.003756
0.003723
0.003686
0.003645
0.003601
0.003552
0.003501
0.003447
0.003391
0.003333
0.003274
0.003215
0.003157
0.003100
0.003045
0.002993
0.002945
0.002902
0.002864
0.002833
0.002810
0.002793
0.002786
0.002787
0.002797
0.002818
0.002846
0.002886
0.002934
0.002991
0.003057
0.003131
0.003212
0.003299
0.003393
0.003490
0.003590
0.003692
0.003795
0.003897
0.003997
0.004092
0.004182
0.004266
0.004342
0.004410
0.004467
0.004514
0.004550
0.004574
0.004587
0.004587
0.004577
0.004556
0.004525
0.004486
0.004440
0.004387
0.004332
0.004274
0.004218
0.004164
0.004116
0.004074
0.004043
0.004024
0.004019
0.004031
0.004059
0.004107
0.004175
0.004263
0.004371
0.004499
0.004645
0.004809
0.004987
0.005177
0.005376
0.005579
0.005782
0.005979
0.006166
0.006336
0.006482
0.006599
0.006679
0.006716
0.006704
0.006635
0.006505
0.006306
0.006037
0.005691
0.005266
0.004759
0.004172
0.003505
0.002761
0.001942
0.001056
0.000110
-0.000887
-0.001922
-0.002983
-0.004054
-0.005117
-0.006153
-0.007142
-0.008061
-0.008886
-0.009593
-0.010154
-0.010544
-0.010736
-0.010700
-0.010412
-0.009843
-0.008968
-0.007762
-0.006203
-0.004269
-0.001942
0.000793
0.003950
0.007537
0.011559
0.016018
0.020909
0.026225
0.031952
0.038072
0.044562
0.051394
0.058532
0.065939
0.073569
0.081374
0.089300
0.097289
0.105278
0.113202
0.120990
0.128573
0.135875
0.142821
0.149336
0.155342
0.160763
0.165526
0.169558
0.172788
0.175152
0.176588
0.177038
0.176453
0.174787
0.172005
0.168076
0.162980
0.156703
0.149242
0.140604
0.130804
0.119867
0.107829
0.094735
0.080638
0.065605
0.049707
0.033027
0.015654
-0.002313
-0.020771
-0.039607
-0.058707
-0.077948
-0.097209
-0.116360
-0.135276
-0.153826
-0.171884
-0.189323
-0.206020
-0.221855
-0.236716
-0.250493
-0.263086
-0.274401
-0.284356
-0.292874
-0.299894
-0.305361
-0.309233
-0.311483
-0.312093
-0.311058
-0.308389
-0.304104
-0.298239
-0.290840
-0.281966
-0.271687
-0.260084
-0.247250
-0.233287
-0.218308
-0.202430
-0.185781
-0.168498
-0.150715
-0.132578
-0.114234
-0.095828
-0.077514
-0.059439
-0.041750
-0.024594
-0.008113
0.007558
0.022284
0.035944
0.048418
0.059598
0.069384
0.077687
0.084426
0.089534
0.092953
0.094638
0.094557
0.092689
0.089026
0.083573
0.076347
0.067378
0.056706
0.044387
0.030485
0.015078
-0.001749
-0.019896
-0.039256
-0.059714
-0.081145
-0.103417
-0.126389
-0.149917
-0.173850
-0.198034
-0.222311
-0.246516
-0.270488
-0.294064
-0.317079
-0.339368
-0.360772
-0.381132
-0.400292
-0.418101
-0.434414
-0.449094
-0.462009
-0.473035
-0.482056
-0.488969
-0.493678
-0.496102
-0.496167
-0.493815
-0.489001
-0.481691
-0.471870
-0.459532
-0.444690
-0.427371
-0.407616
-0.385485
-0.361050
-0.334401
-0.305642
-0.274892
-0.242284
-0.207968
-0.172104
-0.134867
-0.096442
-0.057027
-0.016829
0.023937
0.065049
0.106277
0.147389
0.188148
0.228315
0.267656
0.305933
0.342917
0.378380
0.412105
0.443884
0.473519
0.500823
0.525627
0.547777
0.567134
0.583581
0.597022
0.607378
0.614596
0.618647
0.619523
0.617241
0.611845
0.603400
0.591999
0.577758
0.560814
0.541332
0.519492
0.495500
0.469578
0.441967
0.412921
0.382710
0.351613
0.319919
0.287924
0.255925
0.224222
0.193115
0.162897
0.133855
0.106267
0.080397
0.056496
0.034796
0.015510
-0.001171
-0.015080
-0.026076
-0.034046
-0.038904
-0.040595
-0.039096
-0.034411
-0.026583
-0.015677
-0.001798
0.014923
0.034326
0.056219
0.080386
0.106584
0.134548
0.163992
0.194610
0.226081
0.258070
0.290235
0.322223
0.353680
0.384249
0.413578
0.441320
0.467136
0.490700
0.511701
0.529847
0.544866
0.556510
0.564557
0.568812
0.569112
0.565321
0.557343
0.545109
0.528588
0.507784
0.482736
0.453516
0.420234
0.383030
0.342078
0.297583
0.249781
0.198931
0.145320
0.089258
0.031075
-0.028882
-0.090254
-0.152666
-0.215736
-0.279080
-0.342308
-0.405033
-0.466870
-0.527444
-0.586389
-0.643350
-0.697992
-0.749992
-0.799053
-0.844899
-0.887275
-0.925958
-0.960747
-0.991475
-1.018001
-1.040214
-1.058037
-1.071421
-1.080348
-1.084832
-1.084915
-1.080668
-1.072191
-1.059609
-1.043072
-1.022754
-0.998849
-0.971572
-0.941157
-0.907850
-0.871912
-0.833615
-0.793239
-0.751072
-0.707404
-0.662529
-0.616740
-0.570327
-0.523579
-0.476775
-0.430188
-0.384081
-0.338708
-0.294308
-0.251107
-0.209319
-0.169137
-0.130744
-0.094302
-0.059956
-0.027833
0.001955
0.029316
0.054178
0.076482
0.096190
0.113278
0.127740
0.139586
0.148839
0.155539
0.159735
0.161492
0.160887
0.158005
0.152942
0.145803
0.136703
0.125759
0.113097
0.098851
0.083155
0.066149
0.047975
0.028778
0.008704
-0.012101
-0.033489
-0.055315
-0.077430
-0.099694
-0.121962
-0.144097
-0.165959
-0.187416
-0.208338
-0.228598
-0.248075
-0.266653
-0.284217
-0.300661
-0.315884
-0.329791
-0.342290
-0.353300
-0.362742
-0.370548
-0.376654
-0.381006
-0.383554
-0.384261
-0.383093
-0.380029
-0.375051
-0.368156
-0.359346
-0.348631
-0.336033
-0.321581
-0.305316
-0.287284
-0.267542
-0.246156
-0.223200
-0.198758
-0.172919
-0.145784
-0.117458
-0.088055
-0.057694
-0.026503
0.005389
0.037844
0.070721
0.103876
0.137163
0.170431
0.203531
0.236311
0.268620
0.300308
0.331227
0.361233
0.390182
0.417937
0.444365
0.469339
0.492738
0.514447
0.534360
0.552377
0.568410
0.582376
0.594202
0.603825
0.611192
0.616261
0.618996
0.619373
0.617380
0.613011
0.606274
0.597180
0.585757
0.572035
0.556058
0.537876
0.517545
0.495132
0.470707
0.444353
0.416150
0.386193
0.354577
0.321402
0.286775
0.250803
0.213602
0.175287
0.135978
0.095797
0.054869
0.013320
-0.028722
-0.071126
-0.113759
-0.156491
-0.199184
-0.241706
-0.283919
-0.325688
-0.366873
-0.407339
-0.446946
-0.485557
-0.523033
-0.559237
-0.594031
-0.627280
-0.658850
-0.688607
-0.716420
-0.742162
-0.765708
-0.786936
-0.805732
-0.821984
-0.835587
-0.846442
-0.854460
-0.859557
-0.861662
-0.860711
-0.856653
-0.849449
-0.839072
-0.825508
-0.808760
-0.788844
-0.765792
-0.739654
-0.710496
-0.678402
-0.643473
-0.605829
-0.565607
-0.522963
-0.478069
-0.431117
-0.382314
-0.331883
-0.280063
-0.227107
-0.173281
-0.118863
-0.064140
-0.009410
0.045025
0.098858
0.151776
0.203469
0.253627
0.301945
0.348121
0.391867
0.432901
0.470957
0.505783
0.537146
0.564832
0.588652
0.608436
0.624045
0.635364
0.642308
0.644822
0.642880
0.636493
0.625698
0.610569
0.591210
0.567757
0.540380
0.509277
0.474677
0.436836
0.396035
0.352583
0.306809
0.259062
0.209706
0.159124
0.107707
0.055854
0.003970
-0.047536
-0.098261
-0.147804
-0.195771
-0.241785
-0.285477
-0.326501
-0.364526
-0.399253
-0.430403
-0.457725
-0.481003
-0.500050
-0.514716
-0.524883
-0.530474
-0.531444
-0.527791
-0.519544
-0.506776
-0.489591
-0.468130
-0.442571
-0.413121
-0.380018
-0.343530
-0.303950
-0.261594
-0.216799
-0.169918
-0.121321
-0.071387
-0.020501
0.030945
0.082561
0.133958
0.184754
0.234576
0.283064
0.329876
0.374684
0.417185
0.457098
0.494167
0.528167
0.558899
0.586196
0.609922
0.629975
0.646286
0.658816
0.667562
0.672551
0.673843
0.671527
0.665723
0.656577
0.644259
0.628966
0.610914
0.590337
0.567487
0.542631
0.516041
0.488004
0.458809
0.428747
0.398109
0.367185
0.336256
0.305599
0.275476
0.246141
0.217829
0.190761
0.165140
0.141148
0.118947
0.098677
0.080455
0.064377
0.050513
0.038911
0.029596
0.022569
0.017811
0.015280
0.014914
0.016630
0.020331
0.025901
0.033209
0.042109
0.052449
0.064061
0.076772
0.090402
0.104767
0.119679
0.134952
0.150398
0.165832
0.181074
0.195949
0.210288
0.223932
0.236730
0.248541
0.259235
0.268696
0.276819
0.283510
0.288693
0.292302
0.294287
0.294609
0.293247
0.290190
0.285442
0.279019
0.270949
0.261275
0.250046
0.237327
0.223191
0.207717
0.190997
0.173130
0.154219
0.134376
0.113717
0.092361
0.070434
0.048061
0.025371
0.002494
-0.020440
-0.043301
-0.065961
-0.088293
-0.110173
-0.131481
-0.152100
-0.171917
-0.190826
-0.208726
-0.225523
-0.241128
-0.255462
-0.268453
-0.280038
-0.290164
-0.298783
-0.305863
-0.311377
-0.315312
-0.317663
-0.318438
-0.317656
-0.315344
-0.311544
-0.306306
-0.299692
-0.291776
-0.282639
-0.272375
-0.261086
-0.248883
-0.235885
-0.222219
-0.208019
-0.193425
-0.178579
-0.163631
-0.148731
-0.134031
-0.119684
-0.105841
-0.092651
-0.080260
-0.068807
-0.058427
-0.049245
-0.041378
-0.034933
-0.030006
-0.026678
-0.025017
-0.025077
-0.026896
-0.030494
-0.035877
-0.043029
-0.051921
-0.062500
-0.074701
-0.088436
-0.103604
-0.120080
-0.137729
-0.156398
-0.175916
-0.196105
-0.216770
-0.237704
-0.258696
-0.279523
-0.299958
-0.319771
-0.338729
-0.356601
-0.373154
-0.388165
-0.401416
-0.412694
-0.421802
-0.428552
-0.432771
-0.434306
-0.433016
-0.428784
-0.421512
-0.411126
-0.397573
-0.380825
-0.360878
-0.337754
-0.311499
-0.282185
-0.249909
-0.214793
-0.176981
-0.136641
-0.093963
-0.049157
-0.002455
0.045900
0.095643
0.146498
0.198177
0.250382
0.302808
0.355146
0.407081
0.458303
0.508499
0.557362
0.604593
0.649901
0.693005
0.733639
0.771551
0.806505
0.838285
0.866696
0.891561
0.912728
0.930069
0.943479
0.952878
0.958212
0.959453
0.956599
0.949670
0.938717
0.923809
0.905044
0.882541
0.856441
0.826906
0.794117
0.758274
0.719594
0.678306
0.634656
0.588901
0.541305
0.492144
0.441698
0.390251
0.338092
0.285508
0.232787
0.180212
0.128066
0.076621
0.026145
-0.023105
-0.070882
-0.116947
-0.161082
-0.203073
-0.242728
-0.279871
-0.314337
-0.345983
-0.374684
-0.400330
-0.422834
-0.442125
-0.458153
-0.470886
-0.480313
-0.486440
-0.489294
-0.488918
-0.485378
-0.478752
-0.469139
-0.456652
-0.441422
-0.423595
-0.403329
-0.380796
-0.356180
-0.329678
-0.301492
-0.271838
-0.240935
-0.209011
-0.176297
-0.143029
-0.109443
-0.075776
-0.042265
-0.009143
0.023361
0.055020
0.085619
0.114948
0.142806
0.169005
0.193368
0.215733
0.235950
0.253888
0.269429
0.282477
0.292950
0.300786
0.305945
0.308405
0.308164
0.305240
0.299673
0.291521
0.280863
0.267797
0.252438
0.234922
0.215400
0.194037
0.171015
0.146530
0.120786
0.094001
0.066399
0.038211
0.009674
-0.018972
-0.047489
-0.075636
-0.103177
-0.129882
-0.155524
-0.179889
-0.202773
-0.223983
-0.243338
-0.260678
-0.275855
-0.288744
-0.299234
-0.307240
-0.312694
-0.315553
-0.315796
-0.313423
-0.308458
-0.300948
-0.290962
-0.278591
-0.263946
-0.247160
-0.228384
-0.207788
-0.185558
-0.161895
-0.137014
-0.111141
-0.084512
-0.057372
-0.029970
-0.002559
0.024604
0.051263
0.077166
0.102066
0.125720
0.147893
0.168364
0.186920
0.203364
0.217514
0.229204
0.238285
0.244628
0.248125
0.248686
0.246245
0.240754
0.232190
0.220552
0.205860
0.188153
0.167498
0.143974
0.117688
0.088761
0.057333
0.023563
-0.012378
-0.050300
-0.090005
-0.131278
-0.173899
-0.217637
-0.262254
-0.307507
-0.353150
-0.398933
-0.444609
-0.489929
-0.534647
-0.578522
-0.621318
-0.662805
-0.702762
-0.740978
-0.777249
-0.811388
-0.843215
-0.872566
-0.899291
-0.923251
-0.944329
-0.962417
-0.977428
-0.989288
-0.997942
-1.003350
-1.005490
-1.004357
-0.999962
-0.992331
-0.981510
-0.967556
-0.950545
-0.930567
-0.907726
-0.882140
-0.853940
-0.823268
-0.790281
-0.755144
-0.718032
-0.679130
-0.638631
-0.596734
-0.553644
-0.509573
-0.464734
-0.419342
-0.373618
-0.327777
-0.282037
-0.236613
-0.191714
-0.147549
-0.104315
-0.062207
-0.021407
0.017910
0.055578
0.091448
0.125378
0.157244
0.186935
0.214355
0.239425
0.262082
0.282280
0.299989
0.315200
0.327919
0.338170
0.345995
0.351453
0.354621
0.355589
0.354466
0.351372
0.346444
0.339828
0.331684
0.322179
0.311490
0.299799
0.287296
0.274171
0.260616
0.246824
0.232986
0.219286
0.205906
0.193017
0.180783
0.169357
0.158879
0.149474
0.141254
0.134313
0.128728
0.124557
0.121842
0.120602
0.120838
0.122531
0.125642
0.130114
0.135869
0.142813
0.150833
0.159802
0.169576
0.180001
0.190906
0.202115
0.213443
0.224698
0.235684
0.246205
0.256065
0.265068
0.273027
0.279760
0.285093
0.288866
0.290929
0.291150
0.289411
0.285613
0.279676
0.271541
0.261170
0.248545
0.233674
0.216585
0.197328
0.175977
0.152626
0.127391
0.100406
0.071825
0.041818
0.010571
-0.021716
-0.054834
-0.088561
-0.122670
-0.156931
-0.191108
-0.224966
-0.258276
-0.290808
-0.322346
-0.352678
-0.381609
-0.408953
-0.434543
-0.458231
-0.479887
-0.499400
-0.516685
-0.531678
-0.544338
-0.554649
-0.562621
-0.568286
-0.571701
-0.572948
-0.572129
-0.569369
-0.564813
-0.558626
-0.550989
-0.542097
-0.532160
-0.521398
-0.510041
-0.498322
-0.486481
-0.474757
-0.463390
-0.452613
-0.442654
-0.433734
-0.426060
-0.419828
-0.415216
-0.412387
-0.411485
-0.412631
-0.415926
-0.421447
-0.429249
-0.439358
-0.451779
-0.466490
-0.483444
-0.502568
-0.523767
-0.546919
-0.571881
-0.598491
-0.626561
-0.655888
-0.686253
-0.717419
-0.749137
-0.781147
-0.813180
-0.844959
-0.876204
-0.906633
-0.935961
-0.963908
-0.990197
-1.014560
-1.036735
-1.056470
-1.073529
-1.087688
-1.098740
-1.106494
-1.110781
-1.111449
-1.108369
-1.101434
-1.090560
-1.075687
-1.056776
-1.033819
-1.006825
-0.975833
-0.940903
-0.902119
-0.859592
-0.813452
-0.763853
-0.710970
-0.654999
-0.596155
-0.534670
-0.470796
-0.404800
-0.336961
-0.267575
-0.196945
-0.125388
-0.053229
0.019203
0.091570
0.163534
0.234752
0.304883
0.373587
0.440529
0.505376
0.567805
0.627500
0.684156
0.737482
0.787197
0.833041
0.874767
0.912149
0.944982
0.973083
0.996290
1.014469
1.027512
1.035335
1.037886
1.035142
1.027106
1.013816
0.995339
0.971774
0.943250
0.909929
0.872003
0.829695
0.783257
0.732971
0.679145
0.622117
0.562245
0.499913
0.435525
0.369503
0.302287
0.234330
0.166095
0.098054
0.030681
-0.035544
-0.100146
-0.162655
-0.222607
-0.279553
-0.333060
-0.382710
-0.428110
-0.468893
-0.504719
-0.535281
-0.560304
-0.579554
-0.592832
-0.599982
-0.600891
-0.595492
-0.583759
-0.565717
-0.541436
-0.511032
-0.474669
-0.432554
-0.384942
-0.332127
-0.274448
-0.212279
-0.146033
-0.076154
-0.003119
0.072574
0.150398
0.229814
0.310261
0.391177
0.471987
0.552119
0.631004
0.708081
0.782803
0.854638
0.923077
0.987637
1.047865
1.103338
1.153675
1.198529
1.237600
1.270631
1.297411
1.317778
1.331620
1.338873
1.339526
1.333617
1.321231
1.302504
1.277617
1.246797
1.210313
1.168472
1.121620
1.070135
1.014422
0.954919
0.892077
0.826371
0.758285
0.688315
0.616959
0.544716
0.472079
0.399536
0.327559
0.256605
0.187111
0.119489
0.054126
-0.008622
-0.068428
-0.125003
-0.178090
-0.227473
-0.272970
-0.314440
-0.351780
-0.384926
-0.413851
-0.438566
-0.459117
-0.475583
-0.488076
-0.496738
-0.501737
-0.503265
-0.501539
-0.496789
-0.489266
-0.479228
-0.466946
-0.452693
-0.436749
-0.419387
-0.400883
-0.381500
-0.361497
-0.341117
-0.320591
-0.300133
-0.279940
-0.260188
-0.241034
-0.222611
-0.205032
-0.188386
-0.172740
-0.158140
-0.144607
-0.132145
-0.120734
-0.110338
-0.100902
-0.092360
-0.084626
-0.077606
-0.071198
-0.065289
-0.059762
-0.054500
-0.049382
-0.044289
-0.039108
-0.033730
-0.028054
-0.021988
-0.015452
-0.008378
-0.000713
0.007581
0.016528
0.026134
0.036388
0.047263
0.058713
0.070678
0.083079
0.095822
0.108799
0.121887
0.134953
0.147849
0.160421
0.172504
0.183930
0.194523
0.204107
0.212505
0.219541
0.225041
0.228837
0.230769
0.230684
0.228441
0.223910
0.216973
0.207531
0.195498
0.180806
0.163405
0.143264
0.120373
0.094740
0.066395
0.035387
0.001790
-0.034309
-0.072797
-0.113543
-0.156397
-0.201192
-0.247740
-0.295841
-0.345275
-0.395810
-0.447202
-0.499193
-0.551515
-0.603891
-0.656036
-0.707661
-0.758470
-0.808164
-0.856444
-0.903010
-0.947565
-0.989814
-1.029467
-1.066240
-1.099859
-1.130055
-1.156575
-1.179176
-1.197629
-1.211719
-1.221248
-1.226038
-1.225928
-1.220777
-1.210468
-1.194903
-1.174011
-1.147743
-1.116076
-1.079015
-1.036590
-0.988859
-0.935908
-0.877852
-0.814833
-0.747024
-0.674626
-0.597867
-0.517004
-0.432323
-0.344135
-0.252778
-0.158617
-0.062037
0.036551
0.136717
0.238011
0.339966
0.442100
0.543919
0.644918
0.744584
0.842400
0.937847
1.030408
1.119568
1.204821
1.285674
1.361644
1.432269
1.497104
1.555733
1.607762
1.652830
1.690610
1.720808
1.743171
1.757486
1.763583
1.761339
1.750675
1.731561
1.704018
1.668115
1.623971
1.571758
1.511694
1.444049
1.369139
1.287330
1.199027
1.104684
1.004789
0.899870
0.790488
0.677236
0.560730
0.441612
0.320538
0.198183
0.075227
-0.047644
-0.169742
-0.290387
-0.408907
-0.524644
-0.636959
-0.745236
-0.848887
-0.947355
-1.040118
-1.126693
-1.206640
-1.279564
-1.345117
-1.402999
-1.452965
-1.494822
-1.528428
-1.553699
-1.570604
-1.579166
-1.579460
-1.571615
-1.555810
-1.532272
-1.501274
-1.463132
-1.418204
-1.366882
-1.309594
-1.246796
-1.178969
-1.106618
-1.030261
-0.950433
-0.867676
-0.782533
-0.695551
-0.607271
-0.518225
-0.428933
-0.339901
-0.251612
-0.164528
-0.079085
0.004307
0.085273
0.163466
0.238577
0.310330
0.378487
0.442844
0.503239
0.559541
0.611661
0.659541
0.703160
0.742529
0.777690
0.808716
0.835704
0.858781
0.878089
0.893796
0.906084
0.915150
0.921203
0.924460
0.925143
0.923479
0.919696
0.914019
0.906669
0.897861
0.887802
0.876690
0.864711
0.852038
0.838829
0.825231
0.811375
0.797375
0.783330
0.769326
0.755431
0.741702
0.728180
0.714896
0.701868
0.689106
0.676608
0.664369
0.652377
0.640614
0.629061
0.617700
0.606510
0.595476
0.584583
0.573825
0.563199
0.552708
0.542367
0.532197
0.522228
0.512499
0.503061
0.493972
0.485300
0.477122
0.469522
0.462593
0.456432
0.451141
0.446828
0.443600
0.441565
0.440833
0.441507
0.443687
0.447466
0.452929
0.460151
0.469194
0.480109
0.492929
0.507673
0.524339
0.542908
0.563343
0.585583
0.609547
0.635134
0.662220
0.690657
0.720282
0.750907
0.782326
0.814314
0.846629
0.879014
0.911197
0.942896
0.973818
1.003663
1.032124
1.058895
1.083666
1.106133
1.125995
1.142960
1.156745
1.167083
1.173720
1.176424
1.174979
1.169195
1.158906
1.143971
1.124279
1.099749
1.070329
1.035999
0.996773
0.952695
0.903845
0.850331
0.792298
0.729917
0.663395
0.592964
0.518885
0.441446
0.360956
0.277749
0.192176
0.104606
0.015423
-0.074979
-0.166196
-0.257817
-0.349429
-0.440620
-0.530979
-0.620102
-0.707589
-0.793057
-0.876133
-0.956460
-1.033701
-1.107537
-1.177673
-1.243835
-1.305780
-1.363285
-1.416160
-1.464240
-1.507391
-1.545507
-1.578513
-1.606361
-1.629032
-1.646537
-1.658913
-1.666222
-1.668553
-1.666018
-1.658749
-1.646902
-1.630647
-1.610174
-1.585687
-1.557400
-1.525540
-1.490343
-1.452050
-1.410907
-1.367160
-1.321059
-1.272851
-1.222780
-1.171085
-1.118000
-1.063749
-1.008551
-0.952612
-0.896129
-0.839287
-0.782260
-0.725209
-0.668283
-0.611618
-0.555339
-0.499558
-0.444375
-0.389880
-0.336151
-0.283259
-0.231265
-0.180219
-0.130170
-0.081157
-0.033217
0.013619
0.059322
0.103862
0.147211
0.189341
0.230223
0.269823
0.308107
0.345036
0.380567
0.414652
0.447238
0.478269
0.507683
0.535413
0.561389
0.585535
0.607773
0.628024
0.646204
0.662231
0.676020
0.687492
0.696567
0.703170
0.707230
0.708684
0.707478
0.703562
0.696903
0.687475
0.675267
0.660282
0.642536
0.622065
0.598918
0.573163
0.544888
0.514194
0.481206
0.446064
0.408927
0.369972
0.329394
0.287403
0.244222
0.200094
0.155269
0.110012
0.064596
0.019301
-0.025587
-0.069776
-0.112976
-0.154896
-0.195247
-0.233751
-0.270129
-0.304120
-0.335473
-0.363950
-0.389332
-0.411419
-0.430033
-0.445017
-0.456238
-0.463593
-0.467001
-0.466415
-0.461811
-0.453201
-0.440622
-0.424143
-0.403864
-0.379913
-0.352446
-0.321649
-0.287733
-0.250933
-0.211510
-0.169743
-0.125932
-0.080395
-0.033461
0.014526
0.063217
0.112252
0.161271
0.209914
0.257823
0.304646
0.350039
0.393671
0.435224
0.474397
0.510912
0.544507
0.574950
0.602031
0.625568
0.645410
0.661436
0.673556
0.681711
0.685876
0.686059
0.682297
0.674663
0.663259
0.648218
0.629700
0.607894
0.583016
0.555303
0.525014
0.492429
0.457843
0.421565
0.383915
0.345224
0.305825
0.266057
0.226257
0.186759
0.147891
0.109972
0.073312
0.038204
0.004928
-0.026259
-0.055117
-0.081430
-0.105006
-0.125678
-0.143306
-0.157782
-0.169019
-0.176966
-0.181598
-0.182920
-0.180967
-0.175802
-0.167517
-0.156230
-0.142086
-0.125255
-0.105929
-0.084324
-0.060673
-0.035229
-0.008260
0.019953
0.049116
0.078928
0.109079
0.139256
0.169146
0.198433
0.226806
0.253960
0.279597
0.303427
0.325176
0.344580
0.361393
0.375388
0.386356
0.394108
0.398480
0.399329
0.396541
0.390023
0.379711
0.365567
0.347583
0.325777
0.300194
0.270909
0.238022
0.201664
0.161988
0.119177
0.073437
0.024998
-0.025889
-0.078947
-0.133882
-0.190381
-0.248117
-0.306743
-0.365901
-0.425226
-0.484337
-0.542853
-0.600383
-0.656536
-0.710923
-0.763154
-0.812844
-0.859617
-0.903105
-0.942951
-0.978813
-1.010365
-1.037298
-1.059325
-1.076179
-1.087621
-1.093433
-1.093428
-1.087448
-1.075363
-1.057078
-1.032529
-1.001685
-0.964551
-0.921165
-0.871600
-0.815967
-0.754407
-0.687102
-0.614262
-0.536134
-0.452994
-0.365154
-0.272950
-0.176752
-0.076952
0.026033
0.131761
0.239772
0.349588
0.460715
0.572647
0.684869
0.796858
0.908085
1.018023
1.126146
1.231932
1.334867
1.434446
1.530180
1.621596
1.708238
1.789672
1.865492
1.935312
1.998780
2.055573
2.105399
2.148005
2.183167
2.210706
2.230476
2.242373
2.246331
2.242326
2.230374
2.210534
2.182902
2.147618
2.104858
2.054840
1.997817
1.934081
1.863956
1.787803
1.706011
1.619003
1.527224
1.431150
1.331275
1.228117
1.122210
1.014104
0.904360
0.793548
0.682245
0.571034
0.460493
0.351201
0.243731
0.138644
0.036493
-0.062188
-0.156880
-0.247086
-0.332334
-0.412177
-0.486200
-0.554016
-0.615276
-0.669664
-0.716908
-0.756773
-0.789065
-0.813638
-0.830389
-0.839262
-0.840247
-0.833384
-0.818758
-0.796505
-0.766809
-0.729898
-0.686050
-0.635586
-0.578872
-0.516315
-0.448364
-0.375503
-0.298254
-0.217167
-0.132825
-0.045834
0.043179
0.133567
0.224672
0.315825
0.406353
0.495583
0.582845
0.667482
0.748847
0.826312
0.899277
0.967163
1.029429
1.085569
1.135115
1.177648
1.212793
1.240230
1.259691
1.270963
1.273897
1.268398
1.254438
1.232049
1.201325
1.162423
1.115564
1.061025
0.999145
0.930318
0.854993
0.773667
0.686886
0.595237
0.499348
0.399877
0.297511
0.192962
0.086958
-0.019763
-0.126457
-0.232379
-0.336792
-0.438972
-0.538213
-0.633833
-0.725182
-0.811643
-0.892642
-0.967650
-1.036185
-1.097821
-1.152190
-1.198983
-1.237953
-1.268918
-1.291764
-1.306438
-1.312963
-1.311420
-1.301960
-1.284798
-1.260206
-1.228522
-1.190136
-1.145490
-1.095075
-1.039429
-0.979123
-0.914764
-0.846991
-0.776460
-0.703846
-0.629836
-0.555120
-0.480388
-0.406322
-0.333593
-0.262851
-0.194724
-0.129810
-0.068675
-0.011846
0.040194
0.087005
0.128199
0.163436
0.192434
0.214963
0.230853
0.239989
0.242315
0.237830
0.226593
0.208714
0.184359
0.153744
0.117130
0.074828
0.027186
-0.025405
-0.082525
-0.143721
-0.208517
-0.276412
-0.346893
-0.419431
-0.493491
-0.568535
-0.644029
-0.719438
-0.794243
-0.867938
-0.940028
-1.010047
-1.077546
-1.142106
-1.203337
-1.260878
-1.314402
-1.363616
-1.408263
-1.448121
-1.483005
-1.512766
-1.537294
-1.556510
-1.570374
-1.578879
-1.582049
-1.579942
-1.572642
-1.560261
-1.542940
-1.520839
-1.494141
-1.463048
-1.427776
-1.388560
-1.345642
-1.299276
-1.249725
-1.197254
-1.142136
-1.084642
-1.025046
-0.963617
-0.900624
-0.836332
-0.770998
-0.704877
-0.638212
-0.571243
-0.504198
-0.437301
-0.370761
-0.304784
-0.239564
-0.175287
-0.112131
-0.050264
0.010152
0.068964
0.126026
0.181201
0.234354
0.285361
0.334101
0.380461
0.424332
0.465609
0.504197
0.540001
0.572934
0.602913
0.629863
0.653711
0.674396
0.691859
0.706048
0.716922
0.724447
0.728597
0.729358
0.726725
0.720705
0.711317
0.698592
0.682575
0.663327
0.640919
0.615443
0.587004
0.555722
0.521735
0.485198
0.446280
0.405171
0.362073
0.317206
0.270805
0.223120
0.174414
0.124964
0.075059
0.024995
-0.024917
-0.074364
-0.123027
-0.170580
-0.216695
-0.261051
-0.303321
-0.343188
-0.380339
-0.414473
-0.445298
-0.472535
-0.495926
-0.515226
-0.530213
-0.540688
-0.546476
-0.547427
-0.543423
-0.534372
-0.520216
-0.500928
-0.476515
-0.447019
-0.412514
-0.373112
-0.328960
-0.280236
-0.227159
-0.169975
-0.108966
-0.044443
0.023250
0.093746
0.166647
0.241538
0.317979
0.395513
0.473670
0.551966
0.629911
0.707008
0.782759
0.856670
0.928252
0.997023
1.062519
1.124289
1.181903
1.234956
1.283069
1.325893
1.363111
1.394446
1.419651
1.438527
1.450914
1.456693
1.455794
1.448190
1.433901
1.412991
1.385572
1.351802
1.311880
1.266049
1.214595
1.157839
1.096143
1.029900
0.959532
0.885493
0.808257
0.728321
0.646196
0.562405
0.477483
0.391964
0.306384
0.221274
0.137157
0.054542
-0.026078
-0.104232
-0.179470
-0.251374
-0.319552
-0.383651
-0.443348
-0.498363
-0.548452
-0.593416
-0.633095
-0.667374
-0.696180
-0.719485
-0.737303
-0.749686
-0.756733
-0.758575
-0.755384
-0.747364
-0.734754
-0.717819
-0.696850
-0.672162
-0.644091
-0.612983
-0.579203
-0.543118
-0.505106
-0.465540
-0.424797
-0.383242
-0.341234
-0.299121
-0.257232
-0.215882
-0.175363
-0.135947
-0.097879
-0.061380
-0.026644
0.006162
0.036901
0.065463
0.091767
0.115759
0.137412
0.156727
0.173726
0.188458
0.200989
0.211408
0.219819
0.226340
0.231102
0.234246
0.235919
0.236274
0.235463
0.233640
0.230954
0.227550
0.223563
0.219121
0.214340
0.209320
0.204151
0.198904
0.193635
0.188383
0.183167
0.177993
0.172846
0.167694
0.162491
0.157174
0.151664
0.145872
0.139695
0.133021
0.125730
0.117695
0.108783
0.098863
0.087800
0.075461
0.061720
0.046454
0.029548
0.010900
-0.009584
-0.031983
-0.056361
-0.082766
-0.111227
-0.141757
-0.174350
-0.208975
-0.245585
-0.284111
-0.324465
-0.366534
-0.410189
-0.455278
-0.501631
-0.549060
-0.597360
-0.646307
-0.695665
-0.745182
-0.794595
-0.843630
-0.892002
-0.939421
-0.985588
-1.030201
-1.072957
-1.113549
-1.151672
-1.187025
-1.219307
-1.248227
-1.273499
-1.294848
-1.312006
-1.324721
-1.332751
-1.335871
-1.333873
-1.326565
-1.313774
-1.295350
-1.271163
-1.241104
-1.205091
-1.163067
-1.115000
-1.060887
-1.000752
-0.934651
-0.862668
-0.784918
-0.701550
-0.612744
-0.518715
-0.419709
-0.316007
-0.207924
-0.095808
0.019958
0.138959
0.260749
0.384848
0.510750
0.637915
0.765781
0.893757
1.021234
1.147580
1.272146
1.394273
1.513286
1.628509
1.739260
1.844861
1.944638
2.037932
2.124095
2.202505
2.272560
2.333694
2.385375
2.427113
2.458464
2.479034
2.488486
2.486543
2.472993
2.447690
2.410562
2.361609
2.300909
2.228619
2.144978
2.050300
1.944987
1.829517
1.704448
1.570416
1.428132
1.278375
1.121994
0.959901
0.793063
0.622498
0.449272
0.274483
0.099262
-0.075237
-0.247851
-0.417409
-0.582746
-0.742710
-0.896172
-1.042034
-1.179242
-1.306787
-1.423722
-1.529167
-1.622315
-1.702441
-1.768909
-1.821180
-1.858812
-1.881469
-1.888924
-1.881061
-1.857878
-1.819486
-1.766110
-1.698093
-1.615882
-1.520040
-1.411229
-1.290215
-1.157856
-1.015099
-0.862972
-0.702576
-0.535072
-0.361681
-0.183666
-0.002327
0.181012
0.365014
0.548339
0.729652
0.907638
1.081011
1.248523
1.408974
1.561225
1.704202
1.836907
1.958424
2.067929
2.164690
2.248082
2.317581
2.372772
2.413351
2.439131
2.450031
2.446088
2.427449
2.394368
2.347206
2.286424
2.212584
2.126333
2.028405
1.919614
1.800841
1.673030
1.537180
1.394334
1.245573
1.092004
0.934753
0.774955
0.613747
0.452255
0.291591
0.132841
-0.022943
-0.174747
-0.321607
-0.462608
-0.596899
-0.723689
-0.842259
-0.951960
-1.052222
-1.142550
-1.222531
-1.291833
-1.350205
-1.397481
-1.433571
-1.458467
-1.472242
-1.475039
-1.467076
-1.448641
-1.420087
-1.381827
-1.334334
-1.278132
-1.213792
-1.141928
-1.063195
-0.978275
-0.887882
-0.792749
-0.693629
-0.591283
-0.486481
-0.379997
-0.272597
-0.165044
-0.058086
0.047541
0.151127
0.251979
0.349436
0.442867
0.531673
0.615293
0.693203
0.764923
0.830015
0.888086
0.938792
0.981834
1.016964
1.043984
1.062747
1.073158
1.075172
1.068797
1.054091
1.031161
1.000169
0.961320
0.914871
0.861124
0.800425
0.733166
0.659775
0.580722
0.496511
0.407682
0.314802
0.218466
0.119293
0.017920
-0.084995
-0.188789
-0.292784
-0.396304
-0.498669
-0.599207
-0.697252
-0.792156
-0.883285
-0.970033
-1.051815
-1.128082
-1.198318
-1.262047
-1.318837
-1.368301
-1.410103
-1.443958
-1.469637
-1.486968
-1.495838
-1.496194
-1.488042
-1.471451
-1.446552
-1.413533
-1.372644
-1.324192
-1.268540
-1.206101
-1.137341
-1.062770
-0.982942
-0.898447
-0.809909
-0.717980
-0.623335
-0.526666
-0.428676
-0.330075
-0.231570
-0.133865
-0.037651
0.056401
0.147642
0.235451
0.319245
0.398477
0.472644
0.541291
0.604017
0.660474
0.710369
0.753475
0.789619
0.818695
0.840660
0.855528
0.863382
0.864361
0.858662
0.846540
0.828301
0.804301
0.774943
0.740669
0.701957
0.659318
0.613288
0.564423
0.513294
0.460483
0.406571
0.352140
0.297763
0.243998
0.191387
0.140445
0.091658
0.045483
0.002335
-0.037407
-0.073412
-0.105393
-0.133111
-0.156377
-0.175054
-0.189054
-0.198344
-0.202935
-0.202893
-0.198330
-0.189401
-0.176307
-0.159286
-0.138614
-0.114600
-0.087579
-0.057914
-0.025985
0.007810
0.043065
0.079367
0.116300
0.153453
0.190421
0.226811
0.262247
0.296372
0.328850
0.359376
0.387667
0.413479
0.436596
0.456838
0.474063
0.488165
0.499075
0.506760
0.511225
0.512510
0.510690
0.505870
0.498190
0.487814
0.474934
0.459764
0.442537
0.423506
0.402934
0.381095
0.358270
0.334743
0.310798
0.286715
0.262770
0.239226
0.216337
0.194339
0.173452
0.153879
0.135797
0.119364
0.104712
0.091950
0.081159
0.072395
0.065688
0.061041
0.058433
0.057819
0.059126
0.062266
0.067122
0.073564
0.081441
0.090590
0.100829
0.111970
0.123813
0.136153
0.148779
0.161476
0.174033
0.186238
0.197883
0.208766
0.218694
0.227480
0.234952
0.240948
0.245318
0.247930
0.248665
0.247420
0.244108
0.238662
0.231030
0.221176
0.209085
0.194755
0.178202
0.159461
0.138576
0.115615
0.090653
0.063782
0.035106
0.004742
-0.027185
-0.060536
-0.095165
-0.130918
-0.167632
-0.205138
-0.243261
-0.281822
-0.320638
-0.359521
-0.398282
-0.436731
-0.474675
-0.511921
-0.548279
-0.583558
-0.617569
-0.650125
-0.681044
-0.710146
-0.737257
-0.762208
-0.784835
-0.804983
-0.822501
-0.837250
-0.849098
-0.857924
-0.863613
-0.866071
-0.865206
-0.860945
-0.853228
-0.842007
-0.827253
-0.808949
-0.787097
-0.761716
-0.732843
-0.700531
-0.664852
-0.625897
-0.583775
-0.538615
-0.490562
-0.439779
-0.386449
-0.330769
-0.272953
-0.213231
-0.151845
-0.089052
-0.025118
0.039679
0.105054
0.170716
0.236369
0.301714
0.366451
0.430284
0.492917
0.554064
0.613444
0.670788
0.725836
0.778347
0.828092
0.874863
0.918469
0.958742
0.995536
1.028730
1.058224
1.083947
1.105855
1.123926
1.138168
1.148615
1.155325
1.158384
1.157901
1.154007
1.146858
1.136628
1.123513
1.107721
1.089480
1.069027
1.046611
1.022488
0.996920
0.970173
0.942513
0.914201
0.885497
0.856654
0.827912
0.799504
0.771648
0.744543
0.718376
0.693311
0.669495
0.647052
0.626082
0.606667
0.588859
0.572693
0.558177
0.545295
0.534011
0.524267
0.515982
0.509056
0.503373
0.498798
0.495180
0.492360
0.490160
0.488400
0.486889
0.485432
0.483830
0.481888
0.479406
0.476193
0.472062
0.466832
0.460335
0.452412
0.442917
0.431721
0.418707
0.403779
0.386855
0.367876
0.346798
0.323600
0.298280
0.270855
0.241364
0.209865
0.176435
0.141171
0.104186
0.065614
0.025601
-0.015689
-0.058079
-0.101378
-0.145384
-0.189885
-0.234662
-0.279485
-0.324121
-0.368331
-0.411875
-0.454511
-0.495997
-0.536094
-0.574564
-0.611177
-0.645707
-0.677937
-0.707658
-0.734672
-0.758793
-0.779848
-0.797678
-0.812138
-0.823103
-0.830463
-0.834126
-0.834020
-0.830097
-0.822324
-0.810695
-0.795223
-0.775946
-0.752925
-0.726246
-0.696017
-0.662372
-0.625469
-0.585490
-0.542641
-0.497151
-0.449273
-0.399281
-0.347471
-0.294159
-0.239680
-0.184384
-0.128639
-0.072826
-0.017338
0.037425
0.091055
0.143141
0.193267
0.241025
0.286006
0.327813
0.366060
0.400374
0.430400
0.455808
0.476290
0.491567
0.501392
0.505551
0.503872
0.496217
0.482497
0.462663
0.436718
0.404711
0.366741
0.322958
0.273564
0.218813
0.159006
0.094499
0.025693
-0.046962
-0.122975
-0.201812
-0.282900
-0.365633
-0.449377
-0.533468
-0.617228
-0.699960
-0.780960
-0.859520
-0.934936
-1.006512
-1.073571
-1.135454
-1.191534
-1.241219
-1.283954
-1.319237
-1.346615
-1.365693
-1.376140
-1.377691
-1.370154
-1.353410
-1.327418
-1.292214
-1.247918
-1.194728
-1.132925
-1.062869
-0.984998
-0.899828
-0.807947
-0.710012
-0.606743
-0.498921
-0.387381
-0.273004
-0.156708
-0.039448
0.077801
0.194045
0.308284
0.419520
0.526762
0.629040
0.725413
0.814974
0.896863
0.970270
1.034447
1.088716
1.132470
1.165184
1.186419
1.195827
1.193155
1.178246
1.151045
1.111596
1.060047
0.996645
0.921740
0.835776
0.739294
0.632926
0.517389
0.393479
0.262068
0.124094
-0.019444
-0.167498
-0.318975
-0.472748
-0.627666
-0.782562
-0.936264
-1.087600
-1.235416
-1.378575
-1.515978
-1.646559
-1.769306
-1.883263
-1.987534
-2.081300
-2.163816
-2.234421
-2.292542
-2.337696
-2.369497
-2.387658
-2.391986
-2.382394
-2.358889
-2.321583
-2.270682
-2.206488
-2.129392
-2.039879
-1.938512
-1.825934
-1.702862
-1.570079
-1.428428
-1.278804
-1.122148
-0.959441
-0.791693
-0.619939
-0.445226
-0.268612
-0.091152
0.086105
0.262125
0.435895
0.606432
0.772788
0.934052
1.089363
1.237909
1.378934
1.511741
1.635695
1.750227
1.854839
1.949095
2.032640
2.105182
2.166505
2.216464
2.254983
2.282058
2.297750
2.302189
2.295563
2.278127
2.250188
2.212110
2.164306
2.107237
2.041406
1.967353
1.885658
1.796926
1.701790
1.600909
1.494952
1.384609
1.270575
1.153553
1.034249
0.913362
0.791592
0.669625
0.548139
0.427792
0.309228
0.193067
0.079909
-0.029676
-0.135143
-0.235979
-0.331699
-0.421856
-0.506034
-0.583857
-0.654979
-0.719100
-0.775952
-0.825308
-0.866981
-0.900823
-0.926724
-0.944616
-0.954466
-0.956284
-0.950114
-0.936039
-0.914178
-0.884687
-0.847753
-0.803599
-0.752478
-0.694675
-0.630499
-0.560293
-0.484421
-0.403270
-0.317250
-0.226790
-0.132334
-0.034346
0.066702
0.170325
0.276030
0.383321
0.491694
0.600646
0.709677
0.818290
0.925991
1.032300
1.136742
1.238860
1.338209
1.434363
1.526913
1.615475
1.699684
1.779203
1.853719
1.922946
1.986632
2.044547
2.096498
2.142323
2.181891
2.215104
2.241897
2.262239
2.276132
2.283611
2.284743
2.279627
2.268393
2.251202
2.228244
2.199734
2.165918
2.127064
2.083463
2.035429
1.983295
1.927410
1.868140
1.805863
1.740971
1.673859
1.604933
1.534600
1.463271
1.391353
1.319254
1.247368
1.176091
1.105799
1.036864
0.969633
0.904445
0.841614
0.781436
0.724182
0.670099
0.619409
0.572305
0.528954
0.489489
0.454017
0.422612
0.395316
0.372141
0.353065
0.338037
0.326972
0.319756
0.316244
0.316266
0.319619
0.326076
0.335388
0.347277
0.361452
0.377596
0.395381
0.414461
0.434481
0.455076
0.475876
0.496505
0.516590
0.535758
0.553640
0.569879
0.584125
0.596043
0.605315
0.611640
0.614739
0.614358
0.610266
0.602263
0.590173
0.573857
0.553205
0.528141
0.498623
0.464643
0.426231
0.383448
0.336393
0.285198
0.230031
0.171089
0.108601
0.042830
-0.025937
-0.097386
-0.171180
-0.246958
-0.324343
-0.402938
-0.482337
-0.562121
-0.641863
-0.721132
-0.799497
-0.876525
-0.951793
-1.024881
-1.095381
-1.162900
-1.227060
-1.287500
-1.343884
-1.395895
-1.443244
-1.485669
-1.522937
-1.554844
-1.581218
-1.601918
-1.616839
-1.625906
-1.629079
-1.626348
-1.617742
-1.603317
-1.583161
-1.557395
-1.526168
-1.489655
-1.448059
-1.401608
-1.350551
-1.295159
-1.235720
-1.172541
-1.105940
-1.036250
-0.963812
-0.888977
-0.812097
-0.733531
-0.653639
-0.572776
-0.491299
-0.409558
-0.327898
-0.246651
-0.166145
-0.086695
-0.008600
0.067849
0.142380
0.214734
0.284669
0.351961
0.416402
0.477802
0.535991
0.590814
0.642139
0.689848
0.733842
0.774042
0.810385
0.842829
0.871342
0.895917
0.916558
0.933286
0.946139
0.955167
0.960438
0.962030
0.960035
0.954560
0.945722
0.933650
0.918483
0.900371
0.879474
0.855960
0.830006
0.801796
0.771521
0.739380
0.705575
0.670316
0.633813
0.596283
0.557944
0.519015
0.479717
0.440268
0.400889
0.361795
0.323201
0.285316
0.248345
0.212485
0.177929
0.144859
0.113450
0.083866
0.056260
0.030774
0.007537
-0.013336
-0.031741
-0.047592
-0.060817
-0.071358
-0.079175
-0.084241
-0.086548
-0.086103
-0.082928
-0.077063
-0.068560
-0.057487
-0.043928
-0.027978
-0.009745
0.010649
0.033074
0.057388
0.083444
0.111083
0.140144
0.170459
0.201858
0.234166
0.267211
0.300819
0.334817
0.369038
0.403315
0.437488
0.471403
0.504914
0.537880
0.570169
0.601660
0.632239
0.661802
0.690255
0.717515
0.743505
0.768163
0.791432
0.813263
0.833619
0.852468
0.869787
0.885556
0.899763
0.912400
0.923461
0.932945
0.940853
0.947185
0.951944
0.955130
0.956743
0.956784
0.955246
0.952126
0.947414
0.941099
0.933165
0.923598
0.912376
0.899479
0.884883
0.868564
0.850498
0.830662
0.809034
0.785594
0.760330
0.733228
0.704289
0.673514
0.640916
0.606520
0.570358
0.532478
0.492939
0.451818
0.409201
0.365197
0.319927
0.273529
0.226162
0.177995
0.129222
0.080047
0.030693
-0.018603
-0.067589
-0.116002
-0.163567
-0.209998
-0.255005
-0.298288
-0.339547
-0.378479
-0.414783
-0.448162
-0.478325
-0.504989
-0.527884
-0.546757
-0.561365
-0.571492
-0.576939
-0.577532
-0.573127
-0.563603
-0.548875
-0.528884
-0.503610
-0.473063
-0.437290
-0.396376
-0.350438
-0.299632
-0.244149
-0.184215
-0.120092
-0.052072
0.019518
0.094322
0.171958
0.252016
0.334062
0.417644
0.502292
0.587517
0.672824
0.757706
0.841653
0.924151
1.004688
1.082758
1.157864
1.229518
1.297251
1.360606
1.419152
1.472478
1.520202
1.561970
1.597458
1.626376
1.648468
1.663515
1.671336
1.671789
1.664771
1.650221
1.628118
1.598480
1.561371
1.516891
1.465181
1.406424
1.340838
1.268683
1.190250
1.105868
1.015899
0.920736
0.820801
0.716545
0.608444
0.496997
0.382726
0.266170
0.147885
0.028443
-0.091574
-0.211575
-0.330963
-0.449135
-0.565489
-0.679421
-0.790336
-0.897642
-1.000760
-1.099120
-1.192170
-1.279374
-1.360217
-1.434211
-1.500891
-1.559820
-1.610597
-1.652851
-1.686251
-1.710503
-1.725355
-1.730600
-1.726076
-1.711668
-1.687311
-1.652990
-1.608744
-1.554663
-1.490892
-1.417630
-1.335129
-1.243697
-1.143696
-1.035538
-0.919689
-0.796663
-0.667023
-0.531378
-0.390376
-0.244707
-0.095098
0.057697
0.212892
0.369680
0.527238
0.684727
0.841304
0.996122
1.148338
1.297123
1.441660
1.581156
1.714845
1.841997
1.961921
2.073970
2.177549
2.272119
2.357198
2.432372
2.497295
2.551691
2.595358
2.628171
2.650084
2.661127
2.661410
2.651123
2.630531
2.599975
2.559868
2.510695
2.453003
2.387402
2.314559
2.235189
2.150054
2.059948
1.965703
1.868168
1.768210
1.666703
1.564521
1.462530
1.361579
1.262494
1.166069
1.073059
0.984173
0.900069
0.821345
0.748537
0.682109
0.622455
0.569893
0.524661
0.486916
0.456734
0.434109
0.418952
0.411096
0.410297
0.416235
0.428519
0.446693
0.470239
0.498588
0.531118
0.567168
0.606043
0.647023
0.689368
0.732328
0.775155
0.817105
0.857450
0.895484
0.930534
0.961965
0.989185
1.011656
1.028897
1.040491
1.046087
1.045406
1.038244
1.024471
1.004037
0.976968
0.943370
0.903423
0.857384
0.805578
0.748399
0.686304
0.619807
0.549475
0.475919
0.399789
0.321766
0.242555
0.162875
0.083454
0.005019
-0.071713
-0.146041
-0.217290
-0.284817
-0.348018
-0.406335
-0.459264
-0.506359
-0.547236
-0.581580
-0.609147
-0.629765
-0.643338
-0.649851
-0.649362
-0.642006
-0.627996
-0.607615
-0.581219
-0.549228
-0.512125
-0.470452
-0.424800
-0.375806
-0.324146
-0.270526
-0.215679
-0.160353
-0.105305
-0.051292
0.000932
0.050630
0.097087
0.139616
0.177563
0.210324
0.237336
0.258092
0.272147
0.279114
0.278677
0.270590
0.254678
0.230839
0.199048
0.159353
0.111878
0.056819
-0.005556
-0.074913
-0.150848
-0.232902
-0.320554
-0.413233
-0.510321
-0.611157
-0.715047
-0.821266
-0.929069
-1.037690
-1.146356
-1.254292
-1.360724
-1.464885
-1.566030
-1.663430
-1.756384
-1.844224
-1.926320
-2.002081
-2.070964
-2.132474
-2.186170
-2.231664
-2.268626
-2.296785
-2.315929
-2.325907
-2.326631
-2.318068
-2.300249
-2.273261
-2.237248
-2.192409
-2.138993
-2.077300
-2.007679
-1.930516
-1.846243
-1.755325
-1.658258
-1.555571
-1.447815
-1.335561
-1.219398
-1.099928
-0.977761
-0.853515
-0.727804
-0.601245
-0.474445
-0.348006
-0.222515
-0.098545
0.023348
0.142631
0.258794
0.371350
0.479839
0.583834
0.682936
0.776778
0.865027
0.947385
1.023590
1.093415
1.156669
1.213200
1.262892
1.305666
1.341482
1.370334
1.392254
1.407310
1.415603
1.417274
1.412488
1.401450
1.384392
1.361577
1.333295
1.299863
1.261619
1.218930
1.172178
1.121765
1.068108
1.011642
0.952809
0.892058
0.829852
0.766650
0.702915
0.639106
0.575680
0.513084
0.451756
0.392121
0.334585
0.279541
0.227355
0.178374
0.132916
0.091273
0.053705
0.020440
-0.008326
-0.032433
-0.051758
-0.066216
-0.075759
-0.080376
-0.080098
-0.074995
-0.065171
-0.050771
-0.031977
-0.009004
0.017897
0.048443
0.082324
0.119197
0.158699
0.200443
0.244020
0.289008
0.334972
0.381464
0.428036
0.474231
0.519599
0.563689
0.606064
0.646295
0.683969
0.718693
0.750095
0.777828
0.801572
0.821040
0.835973
0.846151
0.851390
0.851542
0.846500
0.836198
0.820608
0.799748
0.773673
0.742479
0.706305
0.665326
0.619754
0.569841
0.515871
0.458157
0.397046
0.332910
0.266144
0.197167
0.126413
0.054333
-0.018612
-0.091953
-0.165215
-0.237923
-0.309605
-0.379792
-0.448026
-0.513860
-0.576864
-0.636623
-0.692745
-0.744860
-0.792625
-0.835722
-0.873866
-0.906801
-0.934304
-0.956186
-0.972291
-0.982501
-0.986731
-0.984932
-0.977092
-0.963230
-0.943403
-0.917698
-0.886238
-0.849172
-0.806681
-0.758974
-0.706282
-0.648864
-0.586998
-0.520980
-0.451126
-0.377763
-0.301233
-0.221885
-0.140080
-0.056177
0.029458
0.116458
0.204462
0.293110
0.382049
0.470935
0.559431
0.647216
0.733978
0.819421
0.903264
0.985243
1.065111
1.142638
1.217614
1.289847
1.359163
1.425410
1.488451
1.548169
1.604468
1.657265
1.706498
1.752118
1.794095
1.832411
1.867062
1.898060
1.925424
1.949189
1.969396
1.986097
1.999351
2.009225
2.015794
2.019134
2.019330
2.016470
2.010645
2.001950
1.990483
1.976344
1.959635
1.940461
1.918931
1.895152
1.869236
1.841299
1.811455
1.779826
1.746535
1.711706
1.675471
1.637964
1.599323
1.559690
1.519211
1.478038
1.436327
1.394237
1.351929
1.309573
1.267333
1.225385
1.183899
1.143047
1.103003
1.063935
1.026009
0.989386
0.954220
0.920658
0.888834
0.858875
0.830890
0.804972
0.781202
0.759638
0.740316
0.723252
0.708437
0.695840
0.685398
0.677028
0.670611
0.666006
0.663044
0.661524
0.661222
0.661884
0.663233
0.664970
0.666770
0.668294
0.669184
0.669070
0.667574
0.664306
0.658883
0.650916
0.640030
0.625856
0.608044
0.586266
0.560217
0.529625
0.494253
0.453903
0.408424
0.357711
0.301713
0.240433
0.173934
0.102338
0.025833
-0.055329
-0.140835
-0.230303
-0.323287
-0.419281
-0.517714
-0.617960
-0.719336
-0.821111
-0.922508
-1.022709
-1.120863
-1.216092
-1.307501
-1.394180
-1.475218
-1.549709
-1.616762
-1.675506
-1.725108
-1.764772
-1.793754
-1.811369
-1.817001
-1.810109
-1.790236
-1.757016
-1.710180
-1.649561
-1.575101
-1.486853
-1.384983
-1.269776
-1.141632
-1.001071
-0.848725
-0.685343
-0.511782
-0.329006
-0.138075
0.059854
0.263541
0.471671
0.682860
0.895670
1.108617
1.320182
1.528830
1.733013
1.931190
2.121835
2.303457
2.474606
2.633888
2.779982
2.911644
3.027726
3.127180
3.209074
3.272595
3.317067
3.341943
3.346823
3.331454
3.295734
3.239713
3.163595
3.067734
2.952637
2.818955
2.667487
2.499159
2.315036
2.116296
1.904231
1.680236
1.445792
1.202461
0.951868
0.695691
0.435646
0.173474
-0.089074
-0.350250
-0.608324
-0.861595
-1.108410
-1.347170
-1.576346
-1.794492
-2.000251
-2.192369
-2.369702
-2.531225
-2.676037
-2.803368
-2.912584
-3.003188
-3.074824
-3.127277
-3.160474
-3.174479
-3.169495
-3.145856
-3.104024
-3.044585
-2.968240
-2.875796
-2.768161
-2.646336
-2.511401
-2.364509
-2.206873
-2.039761
-1.864476
-1.682355
-1.494754
-1.303035
-1.108561
-0.912683
-0.716731
-0.522006
-0.329770
-0.141236
0.042433
0.220137
0.390842
0.553585
0.707482
0.851727
0.985599
1.108462
1.219769
1.319058
1.405960
1.480193
1.541561
1.589956
1.625351
1.647803
1.657446
1.654489
1.639214
1.611966
1.573157
1.523255
1.462783
1.392313
1.312461
1.223883
1.127267
1.023336
0.912832
0.796522
0.675187
0.549618
0.420615
0.288980
0.155512
0.021007
-0.113750
-0.247985
-0.380943
-0.511887
-0.640100
-0.764898
-0.885618
-1.001632
-1.112347
-1.217203
-1.315682
-1.407303
-1.491632
-1.568276
-1.636889
-1.697173
-1.748879
-1.791806
-1.825806
-1.850781
-1.866685
-1.873524
-1.871356
-1.860291
-1.840489
-1.812161
-1.775566
-1.731013
-1.678853
-1.619483
-1.553339
-1.480900
-1.402674
-1.319207
-1.231069
-1.138856
-1.043186
-0.944693
-0.844020
-0.741819
-0.638745
-0.535450
-0.432577
-0.330757
-0.230605
-0.132714
-0.037649
0.054058
0.141904
0.225433
0.304229
0.377921
0.446191
0.508769
0.565442
0.616053
0.660497
0.698732
0.730770
0.756681
0.776588
0.790671
0.799158
0.802331
0.800511
0.794066
0.783400
0.768950
0.751182
0.730582
0.707660
0.682933
0.656925
0.630161
0.603162
0.576435
0.550472
0.525742
0.502687
0.481716
0.463201
0.447472
0.434815
0.425468
0.419618
0.417399
0.418890
0.424117
0.433048
0.445597
0.461628
0.480947
0.503314
0.528441
0.555998
0.585615
0.616886
0.649377
0.682629
0.716163
0.749489
0.782108
0.813519
0.843229
0.870756
0.895632
0.917415
0.935692
0.950082
0.960244
0.965882
0.966745
0.962635
0.953406
0.938970
0.919296
0.894414
0.864408
0.829429
0.789676
0.745415
0.696956
0.644667
0.588960
0.530292
0.469157
0.406082
0.341627
0.276367
0.210899
0.145828
0.081760
0.019303
-0.040950
-0.098419
-0.152545
-0.202802
-0.248692
-0.289762
-0.325601
-0.355846
-0.380189
-0.398378
-0.410219
-0.415581
-0.414397
-0.406660
-0.392432
-0.371834
-0.345053
-0.312336
-0.273988
-0.230368
-0.181888
-0.129007
-0.072226
-0.012085
0.050845
0.115966
0.182661
0.250298
0.318239
0.385841
0.452471
0.517505
0.580339
0.640390
0.697108
0.749973
0.798510
0.842289
0.880922
0.914080
0.941486
0.962921
0.978225
0.987299
0.990104
0.986665
0.977063
0.961443
0.940002
0.912997
0.880731
0.843561
0.801886
0.756144
0.706810
0.654389
0.599413
0.542431
0.484009
0.424720
0.365142
0.305847
0.247403
0.190363
0.135261
0.082609
0.032891
-0.013443
-0.055978
-0.094337
-0.128189
-0.157245
-0.181266
-0.200060
-0.213487
-0.221457
-0.223931
-0.220921
-0.212489
-0.198746
-0.179851
-0.156004
-0.127453
-0.094483
-0.057417
-0.016609
0.027552
0.074656
0.124269
0.175937
0.229194
0.283565
0.338565
0.393712
0.448522
0.502521
0.555243
0.606234
0.655061
0.701308
0.744580
0.784513
0.820766
0.853031
0.881031
0.904523
0.923297
0.937181
0.946039
0.949770
0.948311
0.941637
0.929757
0.912717
0.890598
0.863514
0.831613
0.795072
0.754099
0.708929
0.659825
0.607071
0.550974
0.491861
0.430077
0.365981
0.299945
0.232353
0.163594
0.094065
0.024167
-0.045699
-0.115135
-0.183745
-0.251140
-0.316938
-0.380769
-0.442276
-0.501116
-0.556964
-0.609513
-0.658478
-0.703595
-0.744627
-0.781362
-0.813614
-0.841228
-0.864079
-0.882074
-0.895150
-0.903278
-0.906463
-0.904744
-0.898192
-0.886917
-0.871056
-0.850784
-0.826306
-0.797859
-0.765711
-0.730159
-0.691524
-0.650154
-0.606420
-0.560710
-0.513435
-0.465014
-0.415882
-0.366480
-0.317253
-0.268649
-0.221112
-0.175078
-0.130975
-0.089214
-0.050191
-0.014276
0.018184
0.046871
0.071502
0.091830
0.107646
0.118782
0.125116
0.126573
0.123125
0.114793
0.101651
0.083819
0.061472
0.034835
0.004182
-0.030166
-0.067839
-0.108426
-0.151474
-0.196491
-0.242951
-0.290299
-0.337952
-0.385310
-0.431752
-0.476651
-0.519371
-0.559278
-0.595745
-0.628157
-0.655917
-0.678449
-0.695212
-0.705694
-0.709427
-0.705988
-0.695002
-0.676150
-0.649171
-0.613866
-0.570099
-0.517804
-0.456981
-0.387702
-0.310112
-0.224424
-0.130923
-0.029964
0.078027
0.192564
0.313092
0.439000
0.569617
0.704225
0.842056
0.982301
1.124115
1.266621
1.408920
1.550095
1.689216
1.825349
1.957563
2.084933
2.206552
2.321533
2.429019
2.528185
2.618246
2.698466
2.768156
2.826686
2.873484
2.908044
2.929927
2.938766
2.934268
2.916213
2.884464
2.838958
2.779713
2.706828
2.620479
2.520923
2.408489
2.283588
2.146699
1.998374
1.839233
1.669957
1.491291
1.304035
1.109042
0.907212
0.699489
0.486853
0.270320
0.050931
-0.170250
-0.392140
-0.613648
-0.833675
-1.051121
-1.264895
-1.473913
-1.677110
-1.873442
-2.061893
-2.241480
-2.411256
-2.570319
-2.717813
-2.852937
-2.974944
-3.083150
-3.176935
-3.255751
-3.319120
-3.366640
-3.397988
-3.412923
-3.411286
-3.393005
-3.358093
-3.306652
-3.238870
-3.155025
-3.055484
-2.940697
-2.811203
-2.667623
-2.510660
-2.341094
-2.159783
-1.967651
-1.765693
-1.554962
-1.336568
-1.111673
-0.881479
-0.647228
-0.410189
-0.171655
0.067067
0.304666
0.539828
0.771256
0.997666
1.217804
1.430452
1.634436
1.828632
2.011979
2.183484
2.342225
2.487366
2.618156
2.733941
2.834162
2.918364
2.986202
3.037436
3.071942
3.089706
3.090829
3.075524
3.044118
2.997045
2.934845
2.858164
2.767741
2.664409
2.549087
2.422772
2.286531
2.141496
1.988850
1.829821
1.665671
1.497690
1.327177
1.155441
0.983782
0.813483
0.645803
0.481963
0.323141
0.170456
0.024970
-0.112332
-0.240540
-0.358831
-0.466471
-0.562822
-0.647347
-0.719612
-0.779289
-0.826155
-0.860095
-0.881102
-0.889274
-0.884810
-0.868012
-0.839275
-0.799089
-0.748023
-0.686731
-0.615935
-0.536426
-0.449049
-0.354700
-0.254313
-0.148858
-0.039322
0.073288
0.187965
0.303700
0.419503
0.534395
0.647434
0.757706
0.864344
0.966525
1.063485
1.154515
1.238972
1.316280
1.385933
1.447498
1.500616
1.545003
1.580450
1.606826
1.624067
1.632186
1.631264
1.621445
1.602940
1.576015
1.540995
1.498248
1.448192
1.391283
1.328011
1.258895
1.184477
1.105318
1.021991
0.935078
0.845161
0.752822
0.658635
0.563165
0.466962
0.370556
0.274457
0.179154
0.085105
-0.007256
-0.097526
-0.185333
-0.270333
-0.352218
-0.430707
-0.505552
-0.576535
-0.643466
-0.706185
-0.764556
-0.818468
-0.867836
-0.912593
-0.952692
-0.988105
-1.018816
-1.044826
-1.066144
-1.082791
-1.094797
-1.102193
-1.105023
-1.103328
-1.097157
-1.086556
-1.071577
-1.052270
-1.028689
-1.000884
-0.968910
-0.932820
-0.892672
-0.848523
-0.800434
-0.748472
-0.692704
-0.633206
-0.570062
-0.503359
-0.433198
-0.359686
-0.282943
-0.203099
-0.120299
-0.034699
0.053531
0.144204
0.237124
0.332074
0.428825
0.527134
0.626744
0.727384
0.828768
0.930601
1.032577
1.134377
1.235678
1.336149
1.435452
1.533247
1.629192
1.722945
1.814169
1.902527
1.987690
2.069337
2.147157
2.220851
2.290132
2.354732
2.414395
2.468888
2.517996
2.561526
2.599305
2.631187
2.657047
2.676785
2.690331
2.697633
2.698671
2.693446
2.681989
2.664352
2.640614
2.610877
2.575266
2.533928
2.487031
2.434764
2.377334
2.314963
2.247893
2.176378
2.100685
2.021092
1.937889
1.851372
1.761845
1.669618
1.575002
1.478314
1.379869
1.279983
1.178971
1.077142
0.974805
0.872260
0.769804
0.667723
0.566300
0.465804
0.366500
0.268637
0.172459
0.078197
-0.013931
-0.103717
-0.190963
-0.275486
-0.357113
-0.435685
-0.511053
-0.583080
-0.651643
-0.716629
-0.777939
-0.835482
-0.889183
-0.938974
-0.984802
-1.026620
-1.064397
-1.098109
-1.127743
-1.153297
-1.174778
-1.192203
-1.205596
-1.214996
-1.220445
-1.221998
-1.219716
-1.213671
-1.203941
-1.190616
-1.173791
-1.153569
-1.130063
-1.103392
-1.073685
-1.041074
-1.005701
-0.967717
-0.927276
-0.884540
-0.839678
-0.792864
-0.744279
-0.694109
-0.642544
-0.589781
-0.536017
-0.481460
-0.426315
-0.370795
-0.315111
-0.259479
-0.204116
-0.149238
-0.095065
-0.041814
0.010299
0.061060
0.110258
0.157682
0.203128
0.246395
0.287290
0.325624
0.361217
0.393893
0.423489
0.449848
0.472826
0.492288
0.508111
0.520182
0.528404
0.532692
0.532975
0.529195
0.521311
0.509295
0.493137
0.472840
0.448426
0.419932
0.387410
0.350929
0.310574
0.266447
0.218665
0.167359
0.112676
0.054778
-0.006161
-0.069951
-0.136394
-0.205275
-0.276374
-0.349455
-0.424281
-0.500599
-0.578155
-0.656687
-0.735931
-0.815618
-0.895477
-0.975236
-1.054627
-1.133380
-1.211230
-1.287915
-1.363181
-1.436777
-1.508463
-1.578006
-1.645183
-1.709782
-1.771601
-1.830454
-1.886163
-1.938568
-1.987517
-2.032880
-2.074536
-2.112381
-2.146324
-2.176291
-2.202223
-2.224072
-2.241808
-2.255415
-2.264886
-2.270230
-2.271470
-2.268636
-2.261772
-2.250929
-2.236171
-2.217567
-2.195195
-2.169139
-2.139487
-2.106335
-2.069780
-2.029924
-1.986869
-1.940721
-1.891587
-1.839570
-1.784779
-1.727318
-1.667291
-1.604801
-1.539949
-1.472836
-1.403560
-1.332216
-1.258901
-1.183709
-1.106733
-1.028065
-0.947801
-0.866034
-0.782859
-0.698374
-0.612679
-0.525878
-0.438077
-0.349390
-0.259933
-0.169831
-0.079214
0.011781
0.103007
0.194312
0.285532
0.376498
0.467027
0.556931
0.646013
0.734065
0.820870
0.906207
0.989844
1.071545
1.151063
1.228154
1.302564
1.374040
1.442326
1.507167
1.568311
1.625507
1.678513
1.727090
1.771010
1.810056
1.844021
1.872714
1.895960
1.913600
1.925496
1.931530
1.931607
1.925654
1.913625
1.895500
1.871285
1.841014
1.804750
1.762584
1.714639
1.661064
1.602037
1.537768
1.468492
1.394473
1.316001
1.233391
1.146983
1.057137
0.964237
0.868682
0.770893
0.671300
0.570348
0.468493
0.366196
0.263928
0.162155
0.061350
-0.038021
-0.135495
-0.230619
-0.322947
-0.412049
-0.497511
-0.578934
-0.655938
-0.728168
-0.795291
-0.857000
-0.913016
-0.963086
-1.006991
-1.044538
-1.075572
-1.099964
-1.117624
-1.128491
-1.132542
-1.129783
-1.120256
-1.104036
-1.081229
-1.051973
-1.016435
-0.974815
-0.927337
-0.874255
-0.815847
-0.752412
-0.684276
-0.611780
-0.535285
-0.455170
-0.371825
-0.285653
-0.197067
-0.106488
-0.014342
0.078942
0.172933
0.267200
0.361319
0.454866
0.547426
0.638595
0.727975
0.815186
0.899858
0.981638
1.060193
1.135204
1.206375
1.273432
1.336120
1.394211
1.447499
1.495802
1.538965
1.576859
1.609380
1.636451
1.658022
1.674067
1.684589
1.689615
1.689199
1.683418
1.672373
1.656191
1.635019
1.609025
1.578399
1.543348
1.504098
1.460889
1.413979
1.363636
1.310141
1.253783
1.194862
1.133680
1.070547
1.005774
0.939674
0.872555
0.804728
0.736495
0.668154
0.599994
0.532295
0.465325
0.399341
0.334584
0.271283
0.209647
0.149871
0.092128
0.036578
-0.016645
-0.067423
-0.115662
-0.161285
-0.204238
-0.244488
-0.282022
-0.316848
-0.348992
-0.378502
-0.405442
-0.429897
-0.451966
-0.471764
-0.489422
-0.505083
-0.518903
-0.531048
-0.541693
-0.551022
-0.559224
-0.566491
-0.573024
-0.579016
-0.584669
-0.590177
-0.595734
-0.601527
-0.607737
-0.614539
-0.622097
-0.630565
-0.640084
-0.650784
-0.662782
-0.676176
-0.691052
-0.707478
-0.725504
-0.745163
-0.766472
-0.789425
-0.814001
-0.840157
-0.867836
-0.896957
-0.927425
-0.959124
-0.991922
-1.025671
-1.060204
-1.095341
-1.130890
-1.166640
-1.202374
-1.237859
-1.272855
-1.307115
-1.340384
-1.372404
-1.402909
-1.431636
-1.458322
-1.482704
-1.504524
-1.523528
-1.539473
-1.552121
-1.561249
-1.566646
-1.568114
-1.565475
-1.558566
-1.547247
-1.531398
-1.510921
-1.485743
-1.455817
-1.421123
-1.381666
-1.337482
-1.288635
-1.235215
-1.177344
-1.115174
-1.048885
-0.978683
-0.904806
-0.827516
-0.747102
-0.663877
-0.578178
-0.490362
-0.400804
-0.309900
-0.218058
-0.125699
-0.033253
0.058843
0.150147
0.240218
0.328615
0.414903
0.498657
0.579461
0.656917
0.730641
0.800272
0.865473
0.925932
0.981368
1.031529
1.076198
1.115193
1.148369
1.175620
1.196881
1.212125
1.221368
1.224667
1.222119
1.213862
1.200074
1.180973
1.156810
1.127876
1.094491
1.057007
1.015805
0.971291
0.923889
0.874046
0.822221
0.768885
0.714517
0.659596
0.604605
0.550018
0.496305
0.443920
0.393301
0.344868
0.299018
0.256119
0.216512
0.180504
0.148368
0.120340
0.096615
0.077352
0.062663
0.052622
0.047259
0.046558
0.050465
0.058882
0.071669
0.088649
0.109606
0.134288
0.162412
0.193661
0.227693
0.264142
0.302617
0.342715
0.384012
0.426079
0.468479
0.510772
0.552516
0.593279
0.632635
0.670169
0.705481
0.738192
0.767944
0.794401
0.817259
0.836240
0.851099
0.861624
0.867638
0.869002
0.865612
0.857402
0.844346
0.826453
0.803772
0.776388
0.744421
0.708029
0.667399
0.622752
0.574341
0.522441
0.467356
0.409413
0.348959
0.286355
0.221980
0.156226
0.089491
0.022180
-0.045299
-0.112537
-0.179127
-0.244671
-0.308773
-0.371053
-0.431140
-0.488681
-0.543338
-0.594794
-0.642753
-0.686943
-0.727113
-0.763041
-0.794532
-0.821416
-0.843555
-0.860839
-0.873186
-0.880545
-0.882897
-0.880247
-0.872636
-0.860129
-0.842822
-0.820836
-0.794322
-0.763453
-0.728427
-0.689468
-0.646817
-0.600739
-0.551515
-0.499444
-0.444842
-0.388034
-0.329361
-0.269171
-0.207819
-0.145670
-0.083087
-0.020440
0.041905
0.103583
0.164231
0.223496
0.281031
0.336498
0.389573
0.439942
0.487312
0.531400
0.571947
0.608709
0.641467
0.670020
0.694194
0.713839
0.728827
0.739059
0.744460
0.744985
0.740612
0.731350
0.717233
0.698322
0.674707
0.646502
0.613848
0.576910
0.535876
0.490960
0.442396
0.390439
0.335362
0.277457
0.217032
0.154409
0.089921
0.023913
-0.043259
-0.111237
-0.179653
-0.248140
-0.316328
-0.383851
-0.450343
-0.515445
-0.578804
-0.640078
-0.698934
-0.755054
-0.808132
-0.857880
-0.904027
-0.946320
-0.984529
-1.018443
-1.047878
-1.072667
-1.092675
-1.107789
-1.117920
-1.123010
-1.123026
-1.117959
-1.107834
-1.092698
-1.072623
-1.047714
-1.018097
-0.983925
-0.945377
-0.902654
-0.855980
-0.805603
-0.751790
-0.694826
-0.635018
-0.572685
-0.508163
-0.441800
-0.373955
-0.304999
-0.235305
-0.165255
-0.095235
-0.025627
0.043184
0.110819
0.176903
0.241070
0.302966
0.362247
0.418587
0.471675
0.521220
0.566954
0.608630
0.646028
0.678955
0.707249
0.730775
0.749433
0.763154
0.771905
0.775689
0.774542
0.768537
0.757785
0.742433
0.722662
0.698691
0.670771
0.639188
0.604259
0.566334
0.525788
0.483025
0.438471
0.392574
0.345802
0.298635
0.251569
0.205105
0.159753
0.116021
0.074417
0.035442
-0.000412
-0.032670
-0.060870
-0.084575
-0.103372
-0.116876
-0.124736
-0.126634
-0.122291
-0.111472
-0.093981
-0.069673
-0.038447
-0.000252
0.044911
0.096989
0.155881
0.221429
0.293425
0.371611
0.455678
0.545270
0.639980
0.739362
0.842925
0.950139
1.060439
1.173227
1.287877
1.403737
1.520136
1.636388
1.751792
1.865642
1.977229
2.085848
2.190798
2.291390
2.386956
2.476841
2.560423
2.637102
2.706317
2.767540
2.820285
2.864111
2.898624
2.923477
2.938378
2.943087
2.937421
2.921253
2.894517
2.857203
2.809363
2.751107
2.682602
2.604079
2.515823
2.418175
2.311533
2.196346
2.073115
1.942389
1.804763
1.660873
1.511400
1.357055
1.198587
1.036772
0.872412
0.706331
0.539371
0.372384
0.206235
0.041792
-0.120076
-0.278507
-0.432645
-0.581650
-0.724697
-0.860988
-0.989749
-1.110238
-1.221750
-1.323622
-1.415234
-1.496016
-1.565449
-1.623074
-1.668491
-1.701363
-1.721420
-1.728464
-1.722366
-1.703074
-1.670612
-1.625079
-1.566658
-1.495605
-1.412262
-1.317046
-1.210451
-1.093053
-0.965497
-0.828507
-0.682869
-0.529440
-0.369138
-0.202936
-0.031860
0.143017
0.320584
0.499695
0.679180
0.857848
1.034499
1.207929
1.376941
1.540353
1.697003
1.845765
1.985549
2.115318
2.234090
2.340952
2.435061
2.515658
2.582072
2.633725
2.670144
2.690957
2.695906
2.684845
2.657748
2.614703
2.555923
2.481737
2.392595
2.289062
2.171817
2.041652
1.899458
1.746229
1.583050
1.411088
1.231587
1.045857
0.855263
0.661215
0.465156
0.268554
0.072885
-0.120377
-0.309772
-0.493868
-0.671270
-0.840636
-1.000685
-1.150211
-1.288092
-1.413301
-1.524914
-1.622120
-1.704226
-1.770667
-1.821008
-1.854946
-1.872321
-1.873111
-1.857430
-1.825538
-1.777827
-1.714824
-1.637186
-1.545691
-1.441235
-1.324822
-1.197554
-1.060623
-0.915299
-0.762919
-0.604875
-0.442602
-0.277563
-0.111238
0.054892
0.219354
0.380700
0.537518
0.688446
0.832182
0.967496
1.093242
1.208365
1.311913
1.403041
1.481022
1.545249
1.595240
1.630643
1.651235
1.656925
1.647752
1.623883
1.585612
1.533350
1.467627
1.389082
1.298452
1.196571
1.084355
0.962793
0.832942
0.695908
0.552839
0.404915
0.253334
0.099300
-0.055986
-0.211339
-0.365602
-0.517650
-0.666409
-0.810857
-0.950040
-1.083071
-1.209142
-1.327528
-1.437596
-1.538801
-1.630693
-1.712919
-1.785222
-1.847441
-1.899511
-1.941458
-1.973396
-1.995526
-2.008125
-2.011546
-2.006209
-1.992595
-1.971235
-1.942707
-1.907626
-1.866634
-1.820395
-1.769584
-1.714880
-1.656957
-1.596478
-1.534086
-1.470399
-1.405999
-1.341434
-1.277208
-1.213776
-1.151542
-1.090856
-1.032013
-0.975249
-0.920742
-0.868612
-0.818923
-0.771684
-0.726849
-0.684325
-0.643969
-0.605599
-0.568995
-0.533902
-0.500041
-0.467107
-0.434783
-0.402740
-0.370644
-0.338163
-0.304971
-0.270757
-0.235225
-0.198104
-0.159149
-0.118146
-0.074915
-0.029317
0.018749
0.069340
0.122470
0.178109
0.236181
0.296564
0.359094
0.423563
0.489724
0.557289
0.625937
0.695314
0.765037
0.834697
0.903870
0.972107
1.038955
1.103950
1.166628
1.226526
1.283188
1.336172
1.385048
1.429410
1.468873
1.503080
1.531705
1.554457
1.571078
1.581349
1.585092
1.582171
1.572489
1.555997
1.532683
1.502584
1.465777
1.422381
1.372556
1.316504
1.254460
1.186700
1.113531
1.035293
0.952355
0.865114
0.773990
0.679426
0.581883
0.481839
0.379787
0.276228
0.171674
0.066641
-0.038350
-0.142778
-0.246124
-0.347874
-0.447520
-0.544560
-0.638510
-0.728891
-0.815247
-0.897134
-0.974132
-1.045842
-1.111888
-1.171921
-1.225621
-1.272698
-1.312896
-1.345991
-1.371800
-1.390175
-1.401012
-1.404247
-1.399863
-1.387887
-1.368397
-1.341516
-1.307420
-1.266338
-1.218547
-1.164377
-1.104214
-1.038491
-0.967695
-0.892360
-0.813072
-0.730459
-0.645195
-0.557992
-0.469599
-0.380795
-0.292388
-0.205206
-0.120094
-0.037905
0.040508
0.114291
0.182611
0.244647
0.299613
0.346758
0.385376
0.414817
0.434492
0.443882
0.442551
0.430143
0.406401
0.371167
0.324387
0.266121
0.196544
0.115953
0.024762
-0.076486
-0.187128
-0.306374
-0.433318
-0.566930
-0.706070
-0.849491
-0.995844
-1.143687
-1.291496
-1.437674
-1.580565
-1.718463
-1.849626
-1.972297
-2.084710
-2.185109
-2.271766
-2.342995
-2.397171
-2.432740
-2.448244
-2.442330
-2.413767
-2.361462
-2.284472
-2.182018
-2.053493
-1.898479
-1.716750
-1.508277
-1.273245
-1.012042
-0.725272
-0.413752
-0.078509
0.279225
0.658015
1.056229
1.472053
1.903499
2.348416
2.804507
3.269343
3.740383
4.214988
4.690443
5.163980
5.632794
6.094065
6.544984
6.982774
7.404706
7.808133
8.190491
8.549342
8.882381
9.187456
9.462584
9.705973
9.916027
10.091370
10.230844
10.333534
10.398758
10.426083
10.415326
10.366552
10.280076
10.156460
9.996502
9.801238
9.571926
9.310040
9.017247
8.695412
8.346562
7.972887
7.576709
7.160469
6.726708
6.278048
5.817168
5.346788
4.869643
4.388470
3.905982
3.424850
2.947689
2.477034
2.015326
1.564895
1.127951
0.706561
0.302646
-0.082035
-0.445889
-0.787499
-1.105634
-1.399245
-1.667471
-1.909643
-2.125280
-2.314090
-2.475961
-2.610966
-2.719350
-2.801524
-2.858062
-2.889685
-2.897260
-2.881779
-2.844360
-2.786226
-2.708702
-2.613193
-2.501183
-2.374211
-2.233871
-2.081790
-1.919624
-1.749042
-1.571715
-1.389307
-1.203464
-1.015804
-0.827909
-0.641317
-0.457508
-0.277905
-0.103862
0.063340
0.222501
0.372506
0.512327
0.641031
0.757779
0.861832
0.952551
1.029401
1.091950
1.139870
1.172938
1.191034
1.194145
1.182356
1.155856
1.114932
1.059968
0.991442
0.909921
0.816060
0.710600
0.594354
0.468217
0.333146
0.190166
0.040356
-0.115152
-0.275182
-0.438523
-0.603930
-0.770139
-0.935871
-1.099841
-1.260767
-1.417376
-1.568418
-1.712669
-1.848945
-1.976107
-2.093070
-2.198814
-2.292390
-2.372930
-2.439651
-2.491865
-2.528987
-2.550534
-2.556140
-2.545553
-2.518638
-2.475388
-2.415915
-2.340462
-2.249394
-2.143199
-2.022489
-1.887995
-1.740561
-1.581139
-1.410785
-1.230650
-1.041970
-0.846060
-0.644303
-0.438137
-0.229046
-0.018547
0.191822
0.400515
0.605989
0.806721
1.001216
1.188023
1.365746
1.533060
1.688713
1.831549
1.960508
2.074642
2.173119
2.255234
2.320411
2.368213
2.398340
2.410635
2.405083
2.381817
2.341104
2.283353
2.209106
2.119034
2.013928
1.894692
1.762336
1.617964
1.462762
1.297990
1.124966
0.945058
0.759665
0.570208
0.378117
0.184814
-0.008298
-0.199847
-0.388504
-0.572998
-0.752124
-0.924754
-1.089848
-1.246459
-1.393743
-1.530965
-1.657501
-1.772847
-1.876616
-1.968542
-2.048478
-2.116398
-2.172390
-2.216656
-2.249503
-2.271342
-2.282677
-2.284099
-2.276276
-2.259945
-2.235902
-2.204992
-2.168096
-2.126124
-2.080000
-2.030655
-1.979011
-1.925979
-1.872440
-1.819240
-1.767181
-1.717014
-1.669424
-1.625034
-1.584393
-1.547967
-1.516148
-1.489236
-1.467450
-1.450915
-1.439672
-1.433676
-1.432793
-1.436810
-1.445435
-1.458301
-1.474972
-1.494950
-1.517680
-1.542557
-1.568933
-1.596124
-1.623421
-1.650096
-1.675405
-1.698608
-1.718963
-1.735745
-1.748245
-1.755785
-1.757717
-1.753434
-1.742376
-1.724032
-1.697948
-1.663732
-1.621050
-1.569641
-1.509308
-1.439928
-1.361448
-1.273889
-1.177342
-1.071973
-0.958017
-0.835779
-0.705632
-0.568013
-0.423423
-0.272420
-0.115621
0.046307
0.212648
0.382643
0.555489
0.730352
0.906363
1.082630
1.258235
1.432245
1.603715
1.771691
1.935216
2.093335
2.245099
2.389570
2.525828
2.652970
2.770123
2.876440
2.971111
3.053363
3.122469
3.177750
3.218580
3.244389
3.254669
3.248979
3.226947
3.188275
3.132740
3.060205
2.970612
2.863994
2.740470
2.600256
2.443657
2.271076
2.083010
1.880057
1.662906
1.432345
1.189255
0.934610
0.669472
0.394990
0.112393
-0.177013
-0.471851
-0.770681
-1.072006
-1.374281
-1.675919
-1.975302
-2.270792
-2.560738
-2.843492
-3.117412
-3.380883
-3.632320
-3.870186
-4.092999
-4.299350
-4.487907
-4.657433
-4.806789
-4.934954
-5.041026
-5.124236
-5.183951
-5.219688
-5.231112
-5.218043
-5.180469
-5.118531
-5.032537
-4.922963
-4.790439
-4.635759
-4.459872
-4.263874
-4.049005
-3.816637
-3.568268
-3.305507
-3.030066
-2.743745
-2.448416
-2.146014
-1.838516
-1.527927
-1.216266
-0.905544
-0.597756
-0.294858
0.001251
0.288732
0.565838
0.830917
1.082429
1.318960
1.539228
1.742105
1.926613
2.091938
2.237435
2.362636
2.467246
2.551149
2.614408
2.657259
2.680110
2.683536
2.668273
2.635205
2.585358
2.519890
2.440076
2.347295
2.243019
2.128792
2.006223
1.876960
1.742683
1.605079
1.465834
1.326610
1.189031
1.054668
0.925027
0.801531
0.685506
0.578173
0.480638
0.393878
0.318734
0.255907
0.205952
0.169270
0.146114
0.136580
0.140614
0.158011
0.188419
0.231350
0.286176
0.352148
0.428397
0.513950
0.607736
0.708601
0.815319
0.926608
1.041139
1.157553
1.274471
1.390514
1.504312
1.614516
1.719815
1.818945
1.910701
1.993950
2.067639
2.130804
2.182577
2.222193
2.248999
2.262455
2.262137
2.247741
2.219082
2.176097
2.118838
2.047475
1.962291
1.863675
1.752119
1.628210
1.492626
1.346125
1.189537
1.023760
0.849745
0.668488
0.481026
0.288420
0.091749
-0.107896
-0.309428
-0.511766
-0.713847
-0.914635
-1.113124
-1.308350
-1.499390
-1.685377
-1.865496
-2.038994
-2.205182
-2.363436
-2.513201
-2.653991
-2.785390
-2.907055
-3.018710
-3.120151
-3.211238
-3.291897
-3.362120
-3.421955
-3.471509
-3.510940
-3.540455
-3.560310
-3.570798
-3.572254
-3.565042
-3.549555
-3.526215
-3.495461
-3.457752
-3.413557
-3.363357
-3.307638
-3.246891
-3.181605
-3.112267
-3.039358
-2.963353
-2.884716
-2.803897
-2.721336
-2.637454
-2.552659
-2.467338
-2.381857
-2.296569
-2.211798
-2.127850
-2.045007
-1.963530
-1.883652
-1.805586
-1.729519
-1.655610
-1.583998
-1.514793
-1.448079
-1.383919
-1.322345
-1.263366
-1.206967
-1.153105
-1.101716
-1.052711
-1.005979
-0.961384
-0.918773
-0.877971
-0.838786
-0.801009
-0.764417
-0.728773
-0.693832
-0.659338
-0.625032
-0.590652
-0.555934
-0.520618
-0.484452
-0.447190
-0.408600
-0.368465
-0.326587
-0.282788
-0.236916
-0.188846
-0.138483
-0.085765
-0.030663
0.026812
0.086615
0.148659
0.212816
0.278920
0.346762
0.416091
0.486621
0.558024
0.629936
0.701960
0.773667
0.844598
0.914272
0.982184
1.047814
1.110630
1.170091
1.225657
1.276789
1.322958
1.363646
1.398358
1.426624
1.448004
1.462092
1.468528
1.466990
1.457212
1.438980
1.412137
1.376585
1.332294
1.279293
1.217680
1.147619
1.069343
0.983148
0.889396
0.788512
0.680981
0.567346
0.448201
0.324188
0.195995
0.064346
-0.070003
-0.206269
-0.343653
-0.481342
-0.618518
-0.754366
-0.888081
-1.018873
-1.145980
-1.268667
-1.386238
-1.498041
-1.603475
-1.701993
-1.793110
-1.876404
-1.951523
-2.018188
-2.076193
-2.125407
-2.165781
-2.197336
-2.220177
-2.234480
-2.240498
-2.238552
-2.229033
-2.212393
-2.189146
-2.159858
-2.125143
-2.085657
-2.042090
-1.995164
-1.945618
-1.894207
-1.841691
-1.788832
-1.736379
-1.685070
-1.635617
-1.588702
-1.544973
-1.505033
-1.469439
-1.438692
-1.413235
-1.393452
-1.379657
-1.372096
-1.370946
-1.376308
-1.388211
-1.406613
-1.431391
-1.462358
-1.499252
-1.541742
-1.589435
-1.641874
-1.698545
-1.758882
-1.822267
-1.888044
-1.955514
-2.023953
-2.092605
-2.160698
-2.227447
-2.292060
-2.353744
-2.411711
-2.465188
-2.513417
-2.555663
-2.591224
-2.619430
-2.639648
-2.651292
-2.653823
-2.646751
-2.629643
-2.602125
-2.563879
-2.514652
-2.454252
-2.382552
-2.299495
-2.205080
-2.099378
-1.982522
-1.854708
-1.716194
-1.567299
-1.408400
-1.239928
-1.062369
-0.876259
-0.682180
-0.480761
-0.272669
-0.058610
0.160679
0.384428
0.611844
0.842109
1.074389
1.307834
1.541585
1.774775
2.006535
2.235997
2.462296
2.684579
2.902000
3.113733
3.318968
3.516918
3.706820
3.887940
4.059577
4.221060
4.371759
4.511081
4.638475
4.753432
4.855494
4.944245
5.019325
5.080420
5.127273
5.159679
5.177489
5.180611
5.169009
5.142706
5.101782
5.046375
4.976680
4.892949
4.795495
4.684682
4.560931
4.424717
4.276565
4.117053
3.946804
3.766488
3.576818
3.378546
3.172465
2.959399
2.740201
2.515755
2.286967
2.054761
1.820077
1.583868
1.347091
1.110707
0.875676
0.642951
0.413476
0.188177
-0.032036
-0.246278
-0.453690
-0.653447
-0.844755
-1.026864
-1.199060
-1.360682
-1.511111
-1.649782
-1.776184
-1.889861
-1.990413
-2.077503
-2.150852
-2.210241
-2.255515
-2.286580
-2.303402
-2.306014
-2.294504
-2.269022
-2.229776
-2.177031
-2.111108
-2.032378
-1.941265
-1.838239
-1.723814
-1.598549
-1.463040
-1.317918
-1.163848
-1.001522
-0.831658
-0.654997
-0.472297
-0.284330
-0.091881
0.104257
0.303290
0.504418
0.706846
0.909785
1.112451
1.314073
1.513895
1.711173
1.905185
2.095230
2.280627
2.460723
2.634891
2.802528
2.963068
3.115968
3.260725
3.396862
3.523941
3.641558
3.749343
3.846963
3.934124
4.010567
4.076073
4.130458
4.173580
4.205334
4.225653
4.234511
4.231922
4.217937
4.192648
4.156185
4.108719
4.050461
3.981659
3.902601
3.813612
3.715059
3.607343
3.490904
3.366216
3.233792
3.094173
2.947940
2.795701
2.638093
2.475786
2.309469
2.139861
1.967697
1.793732
1.618736
1.443492
1.268790
1.095424
0.924192
0.755884
0.591286
0.431171
0.276295
0.127393
-0.014827
-0.149687
-0.276544
-0.394799
-0.503893
-0.603323
-0.692634
-0.771435
-0.839393
-0.896247
-0.941801
-0.975933
-0.998597
-1.009826
-1.009729
-0.998498
-0.976406
-0.943806
-0.901132
-0.848895
-0.787688
-0.718174
-0.641091
-0.557242
-0.467497
-0.372781
-0.274074
-0.172402
-0.068829
0.035543
0.139593
0.242180
0.342153
0.438363
0.529668
0.614944
0.693094
0.763055
0.823808
0.874389
0.913892
0.941482
0.956400
0.957970
0.945610
0.918829
0.877241
0.820567
0.748635
0.661388
0.558885
0.441297
0.308916
0.162148
0.001512
-0.172361
-0.358731
-0.556753
-0.765488
-0.983899
-1.210868
-1.445197
-1.685617
-1.930801
-2.179367
-2.429893
-2.680928
-2.930995
-3.178610
-3.422288
-3.660557
-3.891964
-4.115091
-4.328561
-4.531053
-4.721303
-4.898121
-5.060395
-5.207105
-5.337317
-5.450206
-5.545046
-5.621224
-5.678242
-5.715717
-5.733384
-5.731099
-5.708836
-5.666687
-5.604862
-5.523682
-5.423578
-5.305088
-5.168850
-5.015594
-4.846140
-4.661387
-4.462311
-4.249949
-4.025397
-3.789799
-3.544339
-3.290233
-3.028720
-2.761050
-2.488479
-2.212264
-1.933645
-1.653845
-1.374063
-1.095463
-0.819169
-0.546261
-0.277770
-0.014668
0.242128
0.491765
0.733456
0.966479
1.190182
1.403981
1.607366
1.799890
1.981177
2.150920
2.308875
2.454860
2.588756
2.710497
2.820076
2.917531
3.002950
3.076461
3.138237
3.188478
3.227418
3.255321
3.272469
3.279169
3.275740
3.262516
3.239842
3.208066
3.167547
3.118639
3.061702
2.997092
2.925164
2.846268
2.760749
2.668947
2.571198
2.467830
2.359169
2.245530
2.127230
2.004577
1.877879
1.747437
1.613555
1.476533
1.336674
1.194280
1.049655
0.903106
0.754945
0.605485
0.455045
0.303949
0.152528
0.001114
-0.149952
-0.300326
-0.449661
-0.597602
-0.743795
-0.887882
-1.029501
-1.168295
-1.303904
-1.435972
-1.564145
-1.688076
-1.807423
-1.921853
-2.031041
-2.134677
-2.232459
-2.324101
-2.409334
-2.487905
-2.559578
-2.624140
-2.681395
-2.731170
-2.773316
-2.807706
-2.834239
-2.852838
-2.863450
-2.866049
-2.860635
-2.847233
-2.825895
-2.796698
-2.759745
-2.715164
-2.663107
-2.603752
-2.537300
-2.463972
-2.384017
-2.297699
-2.205307
-2.107149
-2.003548
-1.894850
-1.781414
-1.663615
-1.541844
-1.416503
-1.288007
-1.156782
-1.023264
-0.887896
-0.751129
-0.613418
-0.475226
-0.337015
-0.199249
-0.062393
0.073089
0.206739
0.338102
0.466728
0.592179
0.714023
0.831842
0.945230
1.053798
1.157171
1.254994
1.346934
1.432676
1.511934
1.584441
1.649964
1.708293
1.759252
1.802690
1.838498
1.866591
1.886923
1.899485
1.904299
1.901427
1.890965
1.873046
1.847839
1.815551
1.776420
1.730720
1.678759
1.620875
1.557436
1.488840
1.415507
1.337885
1.256443
1.171664
1.084053
0.994125
0.902404
0.809423
0.715716
0.621819
0.528263
0.435573
0.344265
0.254838
0.167778
0.083550
0.002595
-0.074673
-0.147865
-0.216626
-0.280635
-0.339603
-0.393284
-0.441465
-0.483979
-0.520696
-0.551528
-0.576432
-0.595406
-0.608490
-0.615763
-0.617349
-0.613407
-0.604136
-0.589769
-0.570577
-0.546856
-0.518937
-0.487173
-0.451944
-0.413648
-0.372698
-0.329525
-0.284568
-0.238272
-0.191087
-0.143461
-0.095840
-0.048662
-0.002356
0.042664
0.086001
0.127274
0.166127
0.202227
0.235270
0.264977
0.291101
0.313428
0.331777
0.345998
0.355981
0.361645
0.362949
0.359885
0.352479
0.340793
0.324919
0.304984
0.281143
0.253580
0.222507
0.188161
0.150800
0.110704
0.068173
0.023520
-0.022928
-0.070830
-0.119841
-0.169607
-0.219772
-0.269977
-0.319867
-0.369090
-0.417298
-0.464153
-0.509326
-0.552501
-0.593373
-0.631655
-0.667072
-0.699371
-0.728314
-0.753685
-0.775287
-0.792942
-0.806495
-0.815810
-0.820773
-0.821292
-0.817294
-0.808726
-0.795556
-0.777772
-0.755378
-0.728398
-0.696871
-0.660854
-0.620417
-0.575647
-0.526642
-0.473514
-0.416386
-0.355390
-0.290672
-0.222382
-0.150683
-0.075742
0.002265
0.083158
0.166747
0.252842
0.341244
0.431750
0.524156
0.618250
0.713817
0.810642
0.908500
1.007167
1.106415
1.206011
1.305719
1.405300
1.504513
1.603110
1.700843
1.797459
1.892703
1.986316
2.078039
2.167608
2.254760
2.339228
2.420747
2.499052
2.573876
2.644958
2.712035
2.774852
2.833153
2.886695
2.935236
2.978545
3.016397
3.048583
3.074899
3.095159
3.109190
3.116835
3.117953
3.112422
3.100137
3.081017
3.055000
3.022047
2.982140
2.935288
2.881523
2.820902
2.753506
2.679444
2.598849
2.511878
2.418717
2.319574
2.214681
2.104295
1.988696
1.868186
1.743085
1.613738
1.480504
1.343759
1.203897
1.061324
0.916460
0.769732
0.621578
0.472444
0.322778
0.173031
0.023658
-0.124889
-0.272162
-0.417713
-0.561107
-0.701911
-0.839707
-0.974086
-1.104652
-1.231026
-1.352844
-1.469760
-1.581447
-1.687600
-1.787931
-1.882180
-1.970106
-2.051495
-2.126157
-2.193927
-2.254666
-2.308262
-2.354630
-2.393711
-2.425476
-2.449918
-2.467061
-2.476957
-2.479681
-2.475337
-2.464054
-2.445989
-2.421318
-2.390248
-2.353005
-2.309838
-2.261020
-2.206841
-2.147611
-2.083660
-2.015334
-1.942991
-1.867005
-1.787763
-1.705659
-1.621098
-1.534488
-1.446245
-1.356787
-1.266530
-1.175890
-1.085279
-0.995102
-0.905757
-0.817632
-0.731099
-0.646519
-0.564235
-0.484569
-0.407826
-0.334288
-0.264207
-0.197815
-0.135316
-0.076884
-0.022662
0.027234
0.072723
0.113752
0.150302
0.182386
0.210048
0.233361
0.252429
0.267385
0.278392
0.285633
0.289319
0.289684
0.286977
0.281467
0.273437
0.263180
0.250998
0.237199
0.222091
0.205982
0.189177
0.171969
0.154642
0.137467
0.120695
0.104558
0.089265
0.075000
0.061918
0.050145
0.039774
0.030867
0.023452
0.017520
0.013030
0.009905
0.008032
0.007266
0.007430
0.008315
0.009685
0.011276
0.012799
0.013948
0.014397
0.013806
0.011825
0.008100
0.002270
-0.006019
-0.017116
-0.031362
-0.049080
-0.070575
-0.096129
-0.125995
-0.160399
-0.199527
-0.243531
-0.292523
-0.346568
-0.405689
-0.469860
-0.539005
-0.613002
-0.691676
-0.774802
-0.862106
-0.953264
-1.047907
-1.145617
-1.245934
-1.348358
-1.452352
-1.557341
-1.662723
-1.767869
-1.872128
-1.974831
-2.075298
-2.172840
-2.266766
-2.356388
-2.441026
-2.520012
-2.592698
-2.658459
-2.716696
-2.766844
-2.808375
-2.840803
-2.863686
-2.876631
-2.879298
-2.871402
-2.852713
-2.823065
-2.782349
-2.730522
-2.667603
-2.593674
-2.508885
-2.413447
-2.307636
-2.191787
-2.066303
-1.931637
-1.788306
-1.636878
-1.477974
-1.312263
-1.140461
-0.963324
-0.781645
-0.596255
-0.408012
-0.217801
-0.026528
0.164885
0.355501
0.544379
0.730573
0.913139
1.091139
1.263650
1.429760
1.588581
1.739252
1.880938
2.012841
2.134204
2.244312
2.342495
2.428140
2.500686
2.559632
2.604541
2.635042
2.650833
2.651682
2.637437
2.608016
2.563421
2.503732
2.429109
2.339795
2.236117
2.118481
1.987378
1.843376
1.687125
1.519351
1.340853
1.152503
0.955243
0.750074
0.538060
0.320317
0.098010
-0.127651
-0.355422
-0.584033
-0.812185
-1.038570
-1.261872
-1.480777
-1.693982
-1.900200
-2.098174
-2.286683
-2.464547
-2.630645
-2.783910
-2.923351
-3.048049
-3.157172
-3.249976
-3.325820
-3.384160
-3.424563
-3.446708
-3.450389
-3.435523
-3.402140
-3.350397
-3.280571
-3.193060
-3.088383
-2.967170
-2.830168
-2.678230
-2.512313
-2.333469
-2.142837
-1.941642
-1.731176
-1.512796
-1.287914
-1.057982
-0.824485
-0.588929
-0.352830
-0.117702
0.114955
0.343665
0.566987
0.783528
0.991951
1.190988
1.379445
1.556216
1.720288
1.870748
2.006791
2.127728
2.232982
2.322101
2.394757
2.450744
2.489985
2.512525
2.518532
2.508297
2.482224
2.440831
2.384741
2.314675
2.231448
2.135957
2.029177
1.912147
1.785962
1.651764
1.510731
1.364067
1.212989
1.058722
0.902480
0.745466
0.588853
0.433782
0.281346
0.132589
-0.011507
-0.150028
-0.282132
-0.407060
-0.524131
-0.632755
-0.732433
-0.822757
-0.903414
-0.974182
-1.034935
-1.085636
-1.126341
-1.157188
-1.178400
-1.190277
-1.193193
-1.187588
-1.173963
-1.152876
-1.124930
-1.090772
-1.051080
-1.006560
-0.957936
-0.905945
-0.851327
-0.794821
-0.737155
-0.679044
-0.621179
-0.564226
-0.508816
-0.455544
-0.404965
-0.357589
-0.313875
-0.274235
-0.239027
-0.208557
-0.183075
-0.162777
-0.147806
-0.138251
-0.134146
-0.135480
-0.142191
-0.154172
-0.171274
-0.193307
-0.220047
-0.251236
-0.286590
-0.325796
-0.368523
-0.414424
-0.463137
-0.514289
-0.567507
-0.622409
-0.678619
-0.735762
-0.793475
-0.851399
-0.909189
-0.966519
-1.023072
-1.078554
-1.132687
-1.185214
-1.235896
-1.284518
-1.330886
-1.374823
-1.416177
-1.454812
-1.490612
-1.523479
-1.553333
-1.580111
-1.603760
-1.624244
-1.641538
-1.655626
-1.666505
-1.674174
-1.678643
-1.679926
-1.678041
-1.673011
-1.664858
-1.653608
-1.639289
-1.621927
-1.601549
-1.578186
-1.551864
-1.522610
-1.490457
-1.455433
-1.417570
-1.376904
-1.333471
-1.287314
-1.238478
-1.187016
-1.132987
-1.076458
-1.017502
-0.956206
-0.892665
-0.826983
-0.759281
-0.689689
-0.618349
-0.545421
-0.471073
-0.395491
-0.318872
-0.241428
-0.163381
-0.084968
-0.006438
0.071954
0.149939
0.227243
0.303583
0.378673
0.452224
0.523943
0.593540
0.660729
0.725222
0.786746
0.845030
0.899818
0.950866
0.997944
1.040842
1.079365
1.113342
1.142623
1.167082
1.186619
1.201159
1.210657
1.215093
1.214479
1.208853
1.198284
1.182869
1.162732
1.138031
1.108942
1.075674
1.038458
0.997547
0.953217
0.905763
0.855498
0.802747
0.747853
0.691166
0.633044
0.573850
0.513953
0.453719
0.393513
0.333693
0.274611
0.216609
0.160017
0.105148
0.052301
0.001753
-0.046235
-0.091428
-0.133615
-0.172607
-0.208243
-0.240388
-0.268935
-0.293806
-0.314948
-0.332341
-0.345989
-0.355927
-0.362214
-0.364938
-0.364214
-0.360179
-0.352997
-0.342852
-0.329951
-0.314523
-0.296812
-0.277082
-0.255612
-0.232694
-0.208635
-0.183749
-0.158365
-0.132812
-0.107433
-0.082569
-0.058567
-0.035774
-0.014534
0.004805
0.021906
0.036434
0.048061
0.056469
0.061348
0.062405
0.059355
0.051933
0.039890
0.022992
0.001032
-0.026179
-0.058805
-0.096983
-0.140825
-0.190410
-0.245788
-0.306976
-0.373957
-0.446676
-0.525043
-0.608927
-0.698159
-0.792527
-0.891778
-0.995616
-1.103702
-1.215655
-1.331046
-1.449411
-1.570238
-1.692977
-1.817038
-1.941792
-2.066577
-2.190699
-2.313432
-2.434025
-2.551707
-2.665688
-2.775163
-2.879323
-2.977355
-3.068446
-3.151796
-3.226619
-3.292151
-3.347656
-3.392433
-3.425820
-3.447206
-3.456034
-3.451806
-3.434091
-3.402530
-3.356843
-3.296832
-3.222385
-3.133482
-3.030195
-2.912694
-2.781246
-2.636218
-2.478075
-2.307382
-2.124799
-1.931080
-1.727072
-1.513709
-1.292005
-1.063051
-0.828005
-0.588090
-0.344578
-0.098790
0.147923
0.394181
0.638593
0.879762
1.116300
1.346836
1.570030
1.784584
1.989251
2.182844
2.364253
2.532448
2.686493
2.825547
2.948883
3.055883
3.146054
3.219023
3.274549
3.312521
3.332956
3.336010
3.321965
3.291233
3.244350
3.181974
3.104874
3.013925
2.910105
2.794480
2.668190
2.532452
2.388531
2.237745
2.081439
1.920979
1.757738
1.593080
1.428353
1.264868
1.103896
0.946647
0.794263
0.647811
0.508263
0.376500
0.253295
0.139308
0.035083
-0.058955
-0.142509
-0.215405
-0.277592
-0.329148
-0.370269
-0.401270
-0.422575
-0.434717
-0.438324
-0.434115
-0.422886
-0.405502
-0.382885
-0.356003
-0.325854
-0.293457
-0.259837
-0.226012
-0.192982
-0.161711
-0.133120
-0.108074
-0.087368
-0.071718
-0.061755
-0.058012
-0.060917
-0.070791
-0.087837
-0.112144
-0.143679
-0.182288
-0.227700
-0.279524
-0.337257
-0.400286
-0.467898
-0.539286
-0.613554
-0.689734
-0.766792
-0.843642
-0.919158
-0.992185
-1.061556
-1.126105
-1.184678
-1.236150
-1.279440
-1.313518
-1.337426
-1.350285
-1.351306
-1.339808
-1.315215
-1.277077
-1.225068
-1.158997
-1.078810
-0.984595
-0.876579
-0.755136
-0.620776
-0.474146
-0.316030
-0.147334
0.030915
0.217579
0.411422
0.611117
0.815262
1.022390
1.230984
1.439491
1.646340
1.849950
2.048753
2.241206
2.425804
2.601096
2.765705
2.918331
3.057772
3.182932
3.292837
3.386635
3.463614
3.523202
3.564981
3.588682
3.594193
3.581561
3.550984
3.502823
3.437585
3.355922
3.258630
3.146637
3.020994
2.882864
2.733515
2.574300
2.406657
2.232081
2.052121
1.868360
1.682396
1.495839
1.310289
1.127316
0.948457
0.775192
0.608943
0.451042
0.302742
0.165189
0.039421
-0.073644
-0.173209
-0.258618
-0.329342
-0.385001
-0.425352
-0.450294
-0.459873
-0.454269
-0.433804
-0.398931
-0.350227
-0.288393
-0.214237
-0.128675
-0.032715
0.072553
0.185965
0.306297
0.432273
0.562585
0.695893
0.830851
0.966108
1.100324
1.232183
1.360403
1.483745
1.601026
1.711125
1.812994
1.905665
1.988255
2.059978
2.120142
2.168157
2.203539
2.225911
2.235003
2.230652
2.212806
2.181514
2.136932
2.079313
2.009005
1.926449
1.832169
1.726771
1.610930
1.485389
1.350951
1.208466
1.058830
0.902977
0.741862
0.576468
0.407785
0.236810
0.064537
-0.108049
-0.279979
-0.450307
-0.618116
-0.782522
-0.942680
-1.097790
-1.247098
-1.389901
-1.525554
-1.653466
-1.773105
-1.884002
-1.985748
-2.077998
-2.160470
-2.232944
-2.295262
-2.347328
-2.389106
-2.420619
-2.441947
-2.453224
-2.454636
-2.446420
-2.428860
-2.402284
-2.367062
-2.323602
-2.272347
-2.213775
-2.148389
-2.076722
-1.999325
-1.916772
-1.829651
-1.738564
-1.644120
-1.546939
-1.447639
-1.346844
-1.245167
-1.143223
-1.041613
-0.940930
-0.841747
-0.744626
-0.650104
-0.558698
-0.470901
-0.387175
-0.307955
-0.233646
-0.164616
-0.101200
-0.043695
0.007637
0.052577
0.090947
0.122606
0.147459
0.165448
0.176563
0.180831
0.178322
0.169146
0.153452
0.131429
0.103299
0.069321
0.029786
-0.014987
-0.064648
-0.118827
-0.177131
-0.239148
-0.304452
-0.372606
-0.443166
-0.515685
-0.589713
-0.664809
-0.740534
-0.816464
-0.892190
-0.967318
-1.041479
-1.114327
-1.185541
-1.254835
-1.321949
-1.386661
-1.448781
-1.508157
-1.564675
-1.618254
-1.668853
-1.716470
-1.761130
-1.802903
-1.841882
-1.878194
-1.911995
-1.943462
-1.972798
-2.000218
-2.025956
-2.050255
-2.073365
-2.095537
-2.117019
-2.138056
-2.158880
-2.179708
-2.200741
-2.222156
-2.244105
-2.266708
-2.290062
-2.314219
-2.339200
-2.364992
-2.391534
-2.418733
-2.446452
-2.474517
-2.502716
-2.530795
-2.558473
-2.585428
-2.611315
-2.635760
-2.658367
-2.678720
-2.696394
-2.710950
-2.721949
-2.728952
-2.731528
-2.729257
-2.721738
-2.708592
-2.689472
-2.664061
-2.632083
-2.593303
-2.547535
-2.494642
-2.434544
-2.367216
-2.292692
-2.211067
-2.122498
-2.027202
-1.925458
-1.817609
-1.704048
-1.585232
-1.461668
-1.333913
-1.202566
-1.068270
-0.931701
-0.793565
-0.654591
-0.515523
-0.377115
-0.240125
-0.105304
0.026607
0.154885
0.278836
0.397797
0.511145
0.618302
0.718743
0.811998
0.897663
0.975395
1.044924
1.106053
1.158658
1.202694
1.238190
1.265256
1.284074
1.294901
1.298070
1.293976
1.283083
1.265913
1.243043
1.215096
1.182739
1.146674
1.107627
1.066348
1.023594
0.980128
0.936706
0.894072
0.852949
0.814030
0.777970
0.745380
0.716821
0.692791
0.673732
0.660011
0.651925
0.649690
0.653447
0.663249
0.679071
0.700800
0.728242
0.761119
0.799073
0.841672
0.888409
0.938707
0.991929
1.047379
1.104312
1.161940
1.219439
1.275959
1.330629
1.382571
1.430903
1.474753
1.513265
1.545606
1.570981
1.588632
1.597856
1.598003
1.588490
1.568804
1.538506
1.497241
1.444738
1.380816
1.305382
1.218440
1.120085
1.010507
0.889992
0.758914
0.617738
0.467014
0.307376
0.139534
-0.035730
-0.217567
-0.405068
-0.597272
-0.793172
-0.991724
-1.191851
-1.392460
-1.592440
-1.790676
-1.986056
-2.177479
-2.363865
-2.544157
-2.717335
-2.882418
-3.038476
-3.184629
-3.320058
-3.444008
-3.555793
-3.654799
-3.740487
-3.812396
-3.870147
-3.913441
-3.942060
-3.955868
-3.954813
-3.938919
-3.908291
-3.863109
-3.803627
-3.730169
-3.643126
-3.542950
-3.430153
-3.305301
-3.169007
-3.021931
-2.864770
-2.698258
-2.523153
-2.340241
-2.150326
-1.954226
-1.752766
-1.546778
-1.337092
-1.124535
-0.909924
-0.694064
-0.477746
-0.261739
-0.046792
0.166372
0.377057
0.584596
0.788354
0.987730
1.182153
1.371092
1.554051
1.730567
1.900219
2.062621
2.217423
2.364314
2.503017
2.633293
2.754936
2.867777
2.971680
3.066540
3.152283
3.228869
3.296283
3.354541
3.403683
3.443778
3.474914
3.497207
3.510789
3.515818
3.512466
3.500925
3.481399
3.454112
3.419296
3.377198
3.328076
3.272194
3.209825
3.141249
3.066751
2.986619
2.901145
2.810620
2.715339
2.615593
2.511670
2.403859
2.292441
2.177695
2.059891
1.939296
1.816167
1.690754
1.563298
1.434032
1.303179
1.170953
1.037557
0.903186
0.768023
0.632242
0.496010
0.359481
0.222801
0.086110
-0.050462
-0.186792
-0.322763
-0.458265
-0.593191
-0.727442
-0.860918
-0.993524
-1.125167
-1.255754
-1.385193
-1.513390
-1.640250
-1.765676
-1.889565
-2.011817
-2.132319
-2.250961
-2.367620
-2.482174
-2.594489
-2.704430
-2.811853
-2.916604
-3.018528
-3.117460
-3.213230
-3.305662
-3.394572
-3.479773
-3.561072
-3.638272
-3.711172
-3.779570
-3.843259
-3.902030
-3.955678
-4.003994
-4.046772
-4.083808
-4.114902
-4.139858
-4.158486
-4.170603
-4.176031
-4.174606
-4.166170
-4.150577
-4.127697
-4.097409
-4.059612
-4.014217
-3.961157
-3.900378
-3.831853
-3.755571
-3.671546
-3.579813
-3.480437
-3.373501
-3.259124
-3.137444
-3.008633
-2.872893
-2.730452
-2.581571
-2.426543
-2.265692
-2.099373
-1.927975
-1.751916
-1.571647
-1.387651
-1.200439
-1.010552
-0.818562
-0.625064
-0.430680
-0.236056
-0.041860
0.151221
0.342483
0.531209
0.716669
0.898125
1.074835
1.246054
1.411040
1.569058
1.719380
1.861294
1.994104
2.117136
2.229744
2.331311
2.421250
2.499017
2.564108
2.616062
2.654470
2.678973
2.689268
2.685108
2.666309
2.632747
2.584365
2.521167
2.443230
2.350691
2.243761
2.122714
1.987893
1.839706
1.678625
1.505186
1.319983
1.123669
0.916950
0.700586
0.475382
0.242188
0.001891
-0.244586
-0.496288
-0.752240
-1.011441
-1.272883
-1.535542
-1.798393
-2.060414
-2.320587
-2.577908
-2.831389
-3.080067
-3.323004
-3.559295
-3.788071
-4.008504
-4.219814
-4.421264
-4.612174
-4.791917
-4.959924
-5.115688
-5.258764
-5.388771
-5.505394
-5.608387
-5.697569
-5.772829
-5.834122
-5.881474
-5.914977
-5.934788
-5.941132
-5.934296
-5.914627
-5.882535
-5.838487
-5.783001
-5.716650
-5.640054
-5.553879
-5.458832
-5.355659
-5.245139
-5.128081
-5.005319
-4.877707
-4.746119
-4.611438
-4.474555
-4.336361
-4.197750
-4.059599
-3.922781
-3.788147
-3.656524
-3.528716
-3.405487
-3.287571
-3.175656
-3.070382
-2.972340
-2.882065
-2.800031
-2.726651
-2.662271
-2.607164
-2.561536
-2.525515
-2.499151
-2.482419
-2.475214
-2.477348
-2.488558
-2.508501
-2.536753
-2.572818
-2.616125
-2.666030
-2.721825
-2.782736
-2.847933
-2.916531
-2.987597
-3.060158
-3.133205
-3.205703
-3.276594
-3.344811
-3.409283
-3.468940
-3.522726
-3.569607
-3.608581
-3.638679
-3.658984
-3.668630
-3.666818
-3.652817
-3.625973
-3.585721
-3.531582
-3.463175
-3.380220
-3.282540
-3.170070
-3.042854
-2.901048
-2.744920
-2.574852
-2.391338
-2.194979
-1.986486
-1.766669
-1.536437
-1.296789
-1.048812
-0.793667
-0.532589
-0.266871
0.002142
0.273063
0.544472
0.814930
1.082986
1.347190
1.606103
1.858310
2.102429
2.337120
2.561099
2.773144
2.972110
3.156928
3.326623
3.480314
3.617225
3.736689
3.838152
3.921173
3.985437
4.030746
4.057023
4.064316
4.052790
4.022727
3.974524
3.908689
3.825833
3.726663
3.611982
3.482675
3.339704
3.184098
3.016943
2.839377
2.652577
2.457749
2.256119
2.048923
1.837400
1.622777
1.406265
1.189046
0.972269
0.757041
0.544416
0.335394
0.130911
-0.068163
-0.261029
-0.446964
-0.625323
-0.795540
-0.957129
-1.109683
-1.252879
-1.386468
-1.510281
-1.624219
-1.728256
-1.822430
-1.906843
-1.981649
-2.047060
-2.103327
-2.150744
-2.189637
-2.220362
-2.243292
-2.258818
-2.267340
-2.269262
-2.264984
-2.254900
-2.239393
-2.218830
-2.193554
-2.163891
-2.130138
-2.092560
-2.051399
-2.006861
-1.959123
-1.908330
-1.854597
-1.798008
-1.738621
-1.676467
-1.611557
-1.543878
-1.473404
-1.400093
-1.323898
-1.244764
-1.162636
-1.077462
-0.989197
-0.897810
-0.803283
-0.705618
-0.604841
-0.501002
-0.394181
-0.284490
-0.172074
-0.057112
0.060178
0.179545
0.300699
0.423314
0.547028
0.671447
0.796142
0.920657
1.044509
1.167193
1.288184
1.406942
1.522916
1.635551
1.744290
1.848582
1.947884
2.041671
2.129435
2.210696
2.285004
2.351944
2.411144
2.462272
2.505049
2.539246
2.564688
2.581261
2.588909
2.587638
2.577516
2.558676
2.531312
2.495681
2.452099
2.400942
2.342643
2.277688
2.206611
2.129992
2.048452
1.962650
1.873270
1.781028
1.686653
1.590891
1.494493
1.398210
1.302788
1.208960
1.117443
1.028924
0.944065
0.863490
0.787781
0.717476
0.653062
0.594969
0.543573
0.499188
0.462061
0.432381
0.410264
0.395762
0.388861
0.389480
0.397472
0.412627
0.434672
0.463279
0.498063
0.538587
0.584366
0.634876
0.689551
0.747793
0.808979
0.872461
0.937577
1.003654
1.070014
1.135980
1.200882
1.264064
1.324883
1.382724
1.436996
1.487141
1.532637
1.573004
1.607802
1.636640
1.659176
1.675116
1.684223
1.686311
1.681249
1.668961
1.649427
1.622677
1.588799
1.547926
1.500248
1.445994
1.385445
1.318918
1.246771
1.169400
1.087228
1.000708
0.910318
0.816557
0.719937
0.620984
0.520234
0.418225
0.315496
0.212583
0.110015
0.008308
-0.092033
-0.190522
-0.286695
-0.380109
-0.470346
-0.557020
-0.639773
-0.718280
-0.792250
-0.861427
-0.925593
-0.984566
-1.038205
-1.086405
-1.129101
-1.166268
-1.197917
-1.224100
-1.244905
-1.260457
-1.270918
-1.276482
-1.277377
-1.273862
-1.266225
-1.254783
-1.239876
-1.221869
-1.201145
-1.178108
-1.153177
-1.126779
-1.099358
-1.071360
-1.043235
-1.015435
-0.988409
-0.962601
-0.938443
-0.916358
-0.896754
-0.880016
-0.866512
-0.856585
-0.850545
-0.848678
-0.851232
-0.858421
-0.870421
-0.887364
-0.909346
-0.936412
-0.968568
-1.005767
-1.047919
-1.094885
-1.146476
-1.202459
-1.262551
-1.326423
-1.393702
-1.463974
-1.536779
-1.611624
-1.687979
-1.765280
-1.842936
-1.920333
-1.996836
-2.071794
-2.144545
-2.214423
-2.280759
-2.342891
-2.400166
-2.451948
-2.497622
-2.536600
-2.568324
-2.592276
-2.607979
-2.615004
-2.612973
-2.601565
-2.580518
-2.549631
-2.508775
-2.457882
-2.396961
-2.326089
-2.245418
-2.155171
-2.055645
-1.947209
-1.830302
-1.705432
-1.573171
-1.434155
-1.289078
-1.138687
-0.983783
-0.825206
-0.663838
-0.500594
-0.336416
-0.172264
-0.009113
0.152055
0.310258
0.464525
0.613894
0.757427
0.894215
1.023381
1.144090
1.255554
1.357036
1.447857
1.527403
1.595123
1.650537
1.693240
1.722904
1.739276
1.742187
1.731547
1.707347
1.669659
1.618636
1.554510
1.477586
1.388250
1.286952
1.174215
1.050623
0.916821
0.773509
0.621437
0.461398
0.294227
0.120792
-0.058011
-0.241264
-0.428031
-0.617368
-0.808321
-0.999941
-1.191283
-1.381413
-1.569415
-1.754390
-1.935470
-2.111813
-2.282611
-2.447095
-2.604536
-2.754247
-2.895589
-3.027970
-3.150848
-3.263733
-3.366185
-3.457819
-3.538305
-3.607362
-3.664767
-3.710345
-3.743979
-3.765596
-3.775179
-3.772756
-3.758404
-3.732241
-3.694433
-3.645185
-3.584741
-3.513384
-3.431429
-3.339227
-3.237159
-3.125634
-3.005085
-2.875976
-2.738786
-2.594019
-2.442196
-2.283853
-2.119543
-1.949831
-1.775291
-1.596509
-1.414079
-1.228598
-1.040672
-0.850907
-0.659911
-0.468297
-0.276670
-0.085637
0.104199
0.292241
0.477900
0.660592
0.839743
1.014793
1.185192
1.350403
1.509905
1.663197
1.809792
1.949227
2.081058
2.204868
2.320261
2.426872
2.524363
2.612424
2.690782
2.759190
2.817445
2.865372
2.902838
2.929749
2.946049
2.951723
2.946800
2.931350
2.905486
2.869364
2.823183
2.767185
2.701657
2.626925
2.543358
2.451365
2.351393
2.243927
2.129486
2.008626
1.881930
1.750010
1.613504
1.473073
1.329396
1.183166
1.035094
0.885891
0.736278
0.586976
0.438699
0.292154
0.148040
0.007032
-0.130209
-0.263050
-0.390885
-0.513141
-0.629281
-0.738809
-0.841268
-0.936252
-1.023402
-1.102408
-1.173014
-1.235022
-1.288288
-1.332726
-1.368309
-1.395066
-1.413090
-1.422525
-1.423577
-1.416504
-1.401620
-1.379289
-1.349925
-1.313986
-1.271975
-1.224434
-1.171938
-1.115095
-1.054538
-0.990923
-0.924925
-0.857227
-0.788524
-0.719510
-0.650878
-0.583313
-0.517487
-0.454055
-0.393647
-0.336872
-0.284301
-0.236475
-0.193893
-0.157013
-0.126247
-0.101958
-0.084459
-0.074010
-0.070815
-0.075023
-0.086727
-0.105963
-0.132710
-0.166890
-0.208368
-0.256958
-0.312419
-0.374458
-0.442737
-0.516870
-0.596427
-0.680940
-0.769904
-0.862783
-0.959009
-1.057992
-1.159121
-1.261765
-1.365285
-1.469033
-1.572355
-1.674599
-1.775118
-1.873272
-1.968435
-2.059996
-2.147364
-2.229974
-2.307283
-2.378782
-2.443991
-2.502469
-2.553810
-2.597646
-2.633653
-2.661552
-2.681103
-2.692116
-2.694444
-2.687991
-2.672703
-2.648579
-2.615661
-2.574039
-2.523851
-2.465278
-2.398547
-2.323928
-2.241732
-2.152311
-2.056056
-1.953393
-1.844784
-1.730721
-1.611728
-1.488354
-1.361174
-1.230784
-1.097799
-0.962849
-0.826577
-0.689635
-0.552682
-0.416378
-0.281384
-0.148355
-0.017940
0.109223
0.232513
0.351323
0.465070
0.573195
0.675167
0.770486
0.858685
0.939335
1.012045
1.076467
1.132296
1.179276
1.217193
1.245889
1.265253
1.275225
1.275799
1.267018
1.248979
1.221832
1.185774
1.141053
1.087965
1.026851
0.958096
0.882126
0.799403
0.710425
0.615722
0.515849
0.411385
0.302928
0.191091
0.076496
-0.040231
-0.158459
-0.277566
-0.396936
-0.515966
-0.634072
-0.750691
-0.865288
-0.977356
-1.086423
-1.192051
-1.293845
-1.391451
-1.484558
-1.572903
-1.656270
-1.734489
-1.807441
-1.875053
-1.937302
-1.994210
-2.045844
-2.092316
-2.133776
-2.170414
-2.202456
-2.230157
-2.253801
-2.273696
-2.290171
-2.303569
-2.314242
-2.322553
-2.328863
-2.333533
-2.336916
-2.339354
-2.341172
-2.342680
-2.344158
-2.345867
-2.348034
-2.350855
-2.354492
-2.359071
-2.364680
-2.371367
-2.379141
-2.387972
-2.397790
-2.408487
-2.419916
-2.431894
-2.444204
-2.456598
-2.468796
-2.480494
-2.491362
-2.501052
-2.509198
-2.515421
-2.519334
-2.520545
-2.518659
-2.513285
-2.504042
-2.490553
-2.472462
-2.449427
-2.421131
-2.387280
-2.347608
-2.301882
-2.249900
-2.191500
-2.126555
-2.054979
-1.976729
-1.891804
-1.800248
-1.702148
-1.597637
-1.486896
-1.370147
-1.247660
-1.119748
-0.986768
-0.849120
-0.707245
-0.561624
-0.412775
-0.261254
-0.107649
0.047419
0.203297
0.359309
0.514750
0.668898
0.821009
0.970325
1.116074
1.257478
1.393751
1.524106
1.647759
1.763932
1.871856
1.970778
2.059963
2.138699
2.206302
2.262120
2.305539
2.335986
2.352934
2.355907
2.344487
2.318313
2.277090
2.220595
2.148674
2.061254
1.958339
1.840021
1.706478
1.557974
1.394871
1.217619
1.026764
0.822946
0.606901
0.379454
0.141526
-0.105877
-0.361660
-0.624648
-0.893588
-1.167158
-1.443967
-1.722569
-2.001467
-2.279121
-2.553958
-2.824385
-3.088795
-3.345577
-3.593132
-3.829880
-4.054275
-4.264813
-4.460048
-4.638600
-4.799170
-4.940549
-5.061627
-5.161410
-5.239021
-5.293716
-5.324890
-5.332079
-5.314975
-5.273427
-5.207442
-5.117190
-5.003008
-4.865395
-4.705015
-4.522692
-4.319402
-4.096278
-3.854593
-3.595754
-3.321297
-3.032871
-2.732231
-2.421221
-2.101759
-1.775833
-1.445471
-1.112737
-0.779710
-0.448464
-0.121061
0.200472
0.514161
0.818095
1.110445
1.389479
1.653575
1.901233
2.131088
2.341922
2.532673
2.702442
2.850498
2.976290
3.079443
3.159765
3.217245
3.252053
3.264537
3.255218
3.224785
3.174088
3.104129
3.016049
2.911122
2.790738
2.656395
2.509678
2.352250
2.185834
2.012197
1.833137
1.650462
1.465979
1.281473
1.098697
0.919355
0.745085
0.577449
0.417919
0.267866
0.128549
0.001105
-0.113458
-0.214269
-0.300597
-0.371857
-0.427614
-0.467583
-0.491624
-0.499751
-0.492122
-0.469035
-0.430924
-0.378358
-0.312022
-0.232721
-0.141364
-0.038957
0.073411
0.194575
0.323305
0.458319
0.598299
0.741893
0.887736
1.034457
1.180691
1.325088
1.466330
1.603132
1.734259
1.858531
1.974830
2.082112
2.179409
2.265836
2.340598
2.402991
2.452407
2.488338
2.510375
2.518210
2.511636
2.490547
2.454937
2.404899
2.340621
2.262380
2.170548
2.065579
1.948010
1.818454
1.677595
1.526186
1.365039
1.195025
1.017061
0.832114
0.641185
0.445311
0.245553
0.042998
-0.161258
-0.366104
-0.570431
-0.773128
-0.973095
-1.169244
-1.360509
-1.545848
-1.724249
-1.894736
-2.056378
-2.208285
-2.349624
-2.479614
-2.597539
-2.702748
-2.794657
-2.872761
-2.936631
-2.985919
-3.020362
-3.039787
-3.044107
-3.033330
-3.007557
-2.966983
-2.911897
-2.842684
-2.759822
-2.663882
-2.555525
-2.435500
-2.304637
-2.163850
-2.014125
-1.856518
-1.692148
-1.522189
-1.347862
-1.170430
-0.991187
-0.811447
-0.632537
-0.455783
-0.282507
-0.114007
0.048446
0.203624
0.350349
0.487506
0.614053
0.729031
0.831569
0.920899
0.996360
1.057410
1.103625
1.134707
1.150494
1.150954
1.136195
1.106457
1.062120
1.003697
0.931832
0.847295
0.750975
0.643877
0.527108
0.401871
0.269453
0.131215
-0.011423
-0.156996
-0.304004
-0.450929
-0.596252
-0.738466
-0.876087
-1.007681
-1.131865
-1.247335
-1.352866
-1.447339
-1.529745
-1.599196
-1.654943
-1.696375
-1.723035
-1.734622
-1.730996
-1.712183
-1.678373
-1.629921
-1.567349
-1.491334
-1.402709
-1.302453
-1.191683
-1.071643
-0.943692
-0.809291
-0.669990
-0.527409
-0.383227
-0.239159
-0.096943
0.041681
0.174986
0.301281
0.418924
0.526343
0.622052
0.704666
0.772918
0.825673
0.861940
0.880884
0.881835
0.864299
0.827961
0.772690
0.698544
0.605771
0.494802
0.366256
0.220928
0.059786
-0.116039
-0.305266
-0.506470
-0.718104
-0.938507
-1.165925
-1.398525
-1.634417
-1.871667
-2.108324
-2.342433
-2.572059
-2.795303
-3.010321
-3.215349
-3.408712
-3.588848
-3.754315
-3.903816
-4.036204
-4.150497
-4.245885
-4.321738
-4.377615
-4.413266
-4.428632
-4.423846
-4.399233
-4.355303
-4.292746
-4.212424
-4.115362
-4.002735
-3.875857
-3.736166
-3.585207
-3.424617
-3.256109
-3.081449
-2.902444
-2.720917
-2.538691
-2.357570
-2.179319
-2.005650
-1.838198
-1.678510
-1.528029
-1.388077
-1.259845
-1.144381
-1.042578
-0.955173
-0.882730
-0.825647
-0.784145
-0.758272
-0.747905
-0.752747
-0.772339
-0.806065
-0.853155
-0.912705
-0.983676
-1.064918
-1.155176
-1.253109
-1.357302
-1.466286
-1.578552
-1.692567
-1.806793
-1.919707
-2.029808
-2.135643
-2.235818
-2.329012
-2.413993
-2.489631
-2.554905
-2.608921
-2.650913
-2.680254
-2.696464
-2.699208
-2.688306
-2.663727
-2.625593
-2.574173
-2.509885
-2.433283
-2.345057
-2.246020
-2.137103
-2.019339
-1.893857
-1.761869
-1.624653
-1.483543
-1.339916
-1.195173
-1.050729
-0.907997
-0.768376
-0.633233
-0.503892
-0.381624
-0.267630
-0.163033
-0.068865
0.013937
0.084545
0.142244
0.186437
0.216654
0.232550
0.233909
0.220649
0.192814
0.150579
0.094240
0.024221
-0.058942
-0.154602
-0.262003
-0.380301
-0.508557
-0.645756
-0.790814
-0.942584
-1.099874
-1.261449
-1.426050
-1.592396
-1.759197
-1.925172
-2.089046
-2.249572
-2.405529
-2.555741
-2.699074
-2.834459
-2.960882
-3.077403
-3.183152
-3.277344
-3.359271
-3.428319
-3.483959
-3.525757
-3.553367
-3.566540
-3.565121
-3.549044
-3.518338
-3.473118
-3.413589
-3.340039
-3.252834
-3.152424
-3.039325
-2.914129
-2.777484
-2.630106
-2.472760
-2.306262
-2.131474
-1.949293
-1.760655
-1.566519
-1.367869
-1.165706
-0.961042
-0.754896
-0.548290
-0.342236
-0.137744
0.064197
0.262613
0.456557
0.645111
0.827388
1.002542
1.169771
1.328316
1.477474
1.616591
1.745075
1.862396
1.968088
2.061753
2.143063
2.211764
2.267676
2.310695
2.340796
2.358030
2.362530
2.354504
2.334241
2.302107
2.258541
2.204059
2.139246
2.064755
1.981305
1.889673
1.790693
1.685250
1.574273
1.458732
1.339628
1.217988
1.094859
0.971298
0.848368
0.727126
0.608619
0.493872
0.383887
0.279625
0.182008
0.091906
0.010131
-0.062568
-0.125515
-0.178110
-0.219833
-0.250252
-0.269029
-0.275915
-0.270761
-0.253515
-0.224226
-0.183041
-0.130207
-0.066068
0.008938
0.094280
0.189340
0.293416
0.405731
0.525435
0.651615
0.783301
0.919474
1.059076
1.201015
1.344180
1.487443
1.629676
1.769754
1.906568
2.039033
2.166098
2.286751
2.400032
2.505039
2.600933
2.686949
2.762396
2.826669
2.879246
2.919700
2.947692
2.962984
2.965429
2.954980
2.931683
2.895681
2.847207
2.786584
2.714219
2.630602
2.536295
2.431933
2.318212
2.195888
2.065762
1.928681
1.785527
1.637208
1.484652
1.328798
1.170590
1.010966
0.850857
0.691174
0.532801
0.376596
0.223378
0.073923
-0.071037
-0.210825
-0.344815
-0.472443
-0.593199
-0.706641
-0.812389
-0.910126
-0.999598
-1.080619
-1.153062
-1.216863
-1.272016
-1.318576
-1.356646
-1.386385
-1.408000
-1.421737
-1.427890
-1.426782
-1.418775
-1.404255
-1.383634
-1.357342
-1.325828
-1.289553
-1.248982
-1.204590
-1.156850
-1.106235
-1.053208
-0.998230
-0.941748
-0.884199
-0.826001
-0.767558
-0.709255
-0.651456
-0.594508
-0.538732
-0.484427
-0.431871
-0.381319
-0.332999
-0.287120
-0.243865
-0.203394
-0.165843
-0.131331
-0.099946
-0.071763
-0.046831
-0.025181
-0.006823
0.008254
0.020075
0.028685
0.034149
0.036544
0.035965
0.032522
0.026340
0.017555
0.006318
-0.007208
-0.022850
-0.040425
-0.059741
-0.080597
-0.102785
-0.126092
-0.150300
-0.175188
-0.200532
-0.226108
-0.251694
-0.277069
-0.302015
-0.326321
-0.349782
-0.372203
-0.393396
-0.413187
-0.431415
-0.447930
-0.462601
-0.475313
-0.485969
-0.494490
-0.500817
-0.504911
-0.506754
-0.506351
-0.503726
-0.498922
-0.492009
-0.483071
-0.472215
-0.459565
-0.445262
-0.429466
-0.412348
-0.394094
-0.374900
-0.354972
-0.334521
-0.313766
-0.292924
-0.272214
-0.251856
-0.232059
-0.213030
-0.194963
-0.178044
-0.162442
-0.148312
-0.135792
-0.125000
-0.116032
-0.108965
-0.103851
-0.100719
-0.099575
-0.100399
-0.103145
-0.107747
-0.114115
-0.122131
-0.131662
-0.142552
-0.154624
-0.167687
-0.181535
-0.195947
-0.210691
-0.225531
-0.240219
-0.254508
-0.268149
-0.280893
-0.292499
-0.302729
-0.311357
-0.318169
-0.322959
-0.325547
-0.325760
-0.323454
-0.318498
-0.310789
-0.300245
-0.286807
-0.270443
-0.251145
-0.228930
-0.203840
-0.175943
-0.145328
-0.112109
-0.076423
-0.038426
0.001708
0.043781
0.087587
0.132900
0.179484
0.227091
0.275467
0.324349
0.373470
0.422563
0.471359
0.519589
0.566992
0.613308
0.658286
0.701684
0.743267
0.782816
0.820122
0.854988
0.887236
0.916699
0.943230
0.966696
0.986982
1.003991
1.017642
1.027874
1.034642
1.037919
1.037696
1.033980
1.026798
1.016190
1.002214
0.984945
0.964471
0.940898
0.914344
0.884943
0.852842
0.818201
0.781193
0.742002
0.700827
0.657873
0.613358
0.567512
0.520570
0.472777
0.424385
0.375654
0.326847
0.278234
0.230087
0.182682
0.136293
0.091197
0.047666
0.005971
-0.033624
-0.070861
-0.105490
-0.137273
-0.165983
-0.191408
-0.213353
-0.231639
-0.246111
-0.256633
-0.263093
-0.265406
-0.263513
-0.257386
-0.247024
-0.232458
-0.213754
-0.191006
-0.164343
-0.133927
-0.099955
-0.062653
-0.022280
0.020874
0.066491
0.114225
0.163706
0.214542
0.266320
0.318613
0.370978
0.422964
0.474116
0.523975
0.572087
0.618002
0.661288
0.701521
0.738303
0.771260
0.800045
0.824346
0.843889
0.858439
0.867806
0.871848
0.870470
0.863632
0.851346
0.833678
0.810750
0.782740
0.749879
0.712453
0.670800
0.625307
0.576409
0.524583
0.470346
0.414250
0.356877
0.298835
0.240749
0.183259
0.127008
0.072645
0.020807
-0.027878
-0.072806
-0.113398
-0.149105
-0.179422
-0.203888
-0.222090
-0.233676
-0.238350
-0.235885
-0.226119
-0.208963
-0.184401
-0.152491
-0.113368
-0.067240
-0.014388
0.044831
0.109992
0.180605
0.256118
0.335921
0.419351
0.505700
0.594223
0.684142
0.774655
0.864945
0.954185
1.041552
1.126228
1.207417
1.284345
1.356278
1.422518
1.482422
1.535399
1.580928
1.618551
1.647890
1.668641
1.680588
1.683598
1.677625
1.662715
1.638997
1.606694
1.566110
1.517635
1.461737
1.398957
1.329909
1.255266
1.175758
1.092167
1.005308
0.916034
0.825217
0.733742
0.642500
0.552374
0.464232
0.378916
0.297235
0.219956
0.147792
0.081399
0.021365
-0.031794
-0.077641
-0.115823
-0.146073
-0.168216
-0.182168
-0.187941
-0.185637
-0.175451
-0.157669
-0.132663
-0.100888
-0.062875
-0.019227
0.029388
0.082244
0.138570
0.197551
0.258343
0.320083
0.381893
0.442899
0.502231
0.559042
0.612513
0.661864
0.706363
0.745333
0.778165
0.804319
0.823335
0.834839
0.838543
0.834256
0.821880
0.801416
0.772967
0.736728
0.692998
0.642166
0.584713
0.521208
0.452300
0.378715
0.301242
0.220736
0.138100
0.054278
-0.029751
-0.112986
-0.194414
-0.273020
-0.347799
-0.417762
-0.481950
-0.539444
-0.589374
-0.630925
-0.663352
-0.685981
-0.698220
-0.699565
-0.689606
-0.668028
-0.634618
-0.589269
-0.531978
-0.462847
-0.382086
-0.290007
-0.187027
-0.073658
0.049490
0.181720
0.322250
0.470221
0.624705
0.784710
0.949193
1.117063
1.287194
1.458433
1.629611
1.799550
1.967070
2.131008
2.290214
2.443573
2.590002
2.728465
2.857978
2.977617
3.086523
3.183909
3.269065
3.341362
3.400254
3.445284
3.476086
3.492383
3.493990
3.480815
3.452858
3.410209
3.353043
3.281625
3.196300
3.097492
2.985700
2.861496
2.725515
2.578453
2.421063
2.254147
2.078549
1.895156
1.704884
1.508675
1.307495
1.102321
0.894143
0.683951
0.472736
0.261479
0.051150
-0.157296
-0.362931
-0.564850
-0.762179
-0.954079
-1.139751
-1.318436
-1.489421
-1.652041
-1.805682
-1.949783
-2.083840
-2.207405
-2.320089
-2.421567
-2.511573
-2.589904
-2.656423
-2.711057
-2.753797
-2.784698
-2.803881
-2.811529
-2.807890
-2.793272
-2.768045
-2.732635
-2.687528
-2.633261
-2.570425
-2.499657
-2.421641
-2.337101
-2.246798
-2.151528
-2.052113
-1.949400
-1.844253
-1.737548
-1.630171
-1.523008
-1.416937
-1.312830
-1.211539
-1.113894
-1.020692
-0.932700
-0.850640
-0.775187
-0.706962
-0.646530
-0.594390
-0.550976
-0.516647
-0.491690
-0.476310
-0.470633
-0.474702
-0.488476
-0.511830
-0.544555
-0.586359
-0.636869
-0.695636
-0.762132
-0.835761
-0.915860
-1.001708
-1.092526
-1.187490
-1.285734
-1.386364
-1.488456
-1.591076
-1.693279
-1.794127
-1.892689
-1.988060
-2.079359
-2.165749
-2.246435
-2.320684
-2.387819
-2.447240
-2.498419
-2.540915
-2.574370
-2.598523
-2.613204
-2.618342
-2.613968
-2.600207
-2.577286
-2.545528
-2.505350
-2.457257
-2.401845
-2.339782
-2.271814
-2.198751
-2.121459
-2.040855
-1.957891
-1.873550
-1.788832
-1.704745
-1.622293
-1.542466
-1.466228
-1.394507
-1.328187
-1.268093
-1.214988
-1.169554
-1.132399
-1.104035
-1.084882
-1.075257
-1.075374
-1.085338
-1.105142
-1.134671
-1.173698
-1.221890
-1.278804
-1.343902
-1.416544
-1.496003
-1.581468
-1.672055
-1.766816
-1.864746
-1.964795
-2.065883
-2.166905
-2.266747
-2.364299
-2.458464
-2.548172
-2.632389
-2.710136
-2.780491
-2.842602
-2.895701
-2.939109
-2.972243
-2.994626
-3.005892
-3.005788
-2.994183
-2.971062
-2.936538
-2.890838
-2.834316
-2.767437
-2.690785
-2.605045
-2.511007
-2.409554
-2.301651
-2.188343
-2.070736
-1.949991
-1.827314
-1.703937
-1.581113
-1.460100
-1.342148
-1.228489
-1.120320
-1.018795
-0.925013
-0.840005
-0.764723
-0.700036
-0.646713
-0.605421
-0.576719
-0.561046
-0.558724
-0.569950
-0.594797
-0.633208
-0.685004
-0.749881
-0.827413
-0.917055
-1.018154
-1.129947
-1.251576
-1.382089
-1.520454
-1.665567
-1.816262
-1.971322
-2.129489
-2.289479
-2.449989
-2.609712
-2.767348
-2.921614
-3.071256
-3.215062
-3.351868
-3.480572
-3.600140
-3.709615
-3.808128
-3.894899
-3.969247
-4.030593
-4.078465
-4.112501
-4.132450
-4.138173
-4.129643
-4.106946
-4.070279
-4.019939
-3.956336
-3.879970
-3.791440
-3.691429
-3.580706
-3.460109
-3.330547
-3.192987
-3.048445
-2.897981
-2.742690
-2.583690
-2.422118
-2.259118
-2.095834
-1.933401
-1.772939
-1.615544
-1.462278
-1.314167
-1.172192
-1.037284
-0.910315
-0.792098
-0.683379
-0.584836
-0.497070
-0.420610
-0.355905
-0.303325
-0.263157
-0.235609
-0.220803
-0.218784
-0.229513
-0.252873
-0.288668
-0.336626
-0.396404
-0.467586
-0.549689
-0.642168
-0.744416
-0.855768
-0.975512
-1.102884
-1.237080
-1.377254
-1.522530
-1.672002
-1.824742
-1.979802
-2.136223
-2.293038
-2.449278
-2.603976
-2.756177
-2.904934
-3.049326
-3.188452
-3.321440
-3.447455
-3.565700
-3.675421
-3.775913
-3.866523
-3.946656
-4.015774
-4.073405
-4.119143
-4.152653
-4.173667
-4.181994
-4.177520
-4.160203
-4.130080
-4.087267
-4.031955
-3.964409
-3.884973
-3.794063
-3.692164
-3.579829
-3.457679
-3.326392
-3.186706
-3.039409
-2.885337
-2.725367
-2.560414
-2.391419
-2.219350
-2.045189
-1.869931
-1.694571
-1.520104
-1.347510
-1.177756
-1.011780
-0.850493
-0.694765
-0.545426
-0.403252
-0.268969
-0.143237
-0.026656
0.080245
0.177010
0.263256
0.338682
0.403062
0.456256
0.498201
0.528916
0.548503
0.557141
0.555085
0.542666
0.520285
0.488410
0.447572
0.398360
0.341414
0.277425
0.207122
0.131269
0.050660
-0.033890
-0.121552
-0.211486
-0.302852
-0.394816
-0.486550
-0.577251
-0.666135
-0.752447
-0.835472
-0.914526
-0.988979
-1.058244
-1.121787
-1.179130
-1.229854
-1.273598
-1.310066
-1.339022
-1.360295
-1.373777
-1.379423
-1.377250
-1.367335
-1.349814
-1.324881
-1.292780
-1.253809
-1.208309
-1.156669
-1.099316
-1.036712
-0.969350
-0.897751
-0.822461
-0.744038
-0.663062
-0.580116
-0.495793
-0.410682
-0.325374
-0.240450
-0.156483
-0.074031
0.006369
0.084194
0.158950
0.230164
0.297396
0.360232
0.418294
0.471234
0.518741
0.560541
0.596394
0.626101
0.649497
0.666460
0.676902
0.680775
0.678067
0.668806
0.653054
0.630909
0.602504
0.568007
0.527615
0.481560
0.430103
0.373532
0.312163
0.246340
0.176426
0.102809
0.025899
-0.053878
-0.136079
-0.220245
-0.305903
-0.392573
-0.479764
-0.566976
-0.653709
-0.739458
-0.823718
-0.905987
-0.985767
-1.062567
-1.135904
-1.205309
-1.270325
-1.330509
-1.385440
-1.434714
-1.477952
-1.514799
-1.544925
-1.568030
-1.583846
-1.592132
-1.592687
-1.585341
-1.569961
-1.546453
-1.514760
-1.474864
-1.426790
-1.370600
-1.306398
-1.234328
-1.154576
-1.067364
-0.972958
-0.871658
-0.763805
-0.649770
-0.529966
-0.404834
-0.274846
-0.140502
-0.002331
0.139116
0.283266
0.429527
0.577291
0.725938
0.874837
1.023350
1.170834
1.316646
1.460147
1.600700
1.737681
1.870473
1.998478
2.121113
2.237819
2.348058
2.451318
2.547120
2.635013
2.714583
2.785451
2.847276
2.899757
2.942636
2.975701
2.998779
3.011750
3.014534
3.007104
2.989480
2.961729
2.923968
2.876361
2.819122
2.752510
2.676832
2.592439
2.499725
2.399130
2.291130
2.176240
2.055013
1.928034
1.795919
1.659309
1.518873
1.375300
1.229296
1.081583
0.932889
0.783954
0.635518
0.488318
0.343089
0.200554
0.061422
-0.073613
-0.203881
-0.328738
-0.447567
-0.559785
-0.664847
-0.762248
-0.851522
-0.932255
-1.004076
-1.066669
-1.119769
-1.163163
-1.196699
-1.220278
-1.233860
-1.237461
-1.231154
-1.215073
-1.189403
-1.154384
-1.110311
-1.057528
-0.996426
-0.927444
-0.851059
-0.767791
-0.678190
-0.582840
-0.482350
-0.377352
-0.268495
-0.156440
-0.041857
0.074581
0.192203
0.310344
0.428350
0.545583
0.661425
0.775280
0.886586
0.994806
1.099442
1.200035
1.296167
1.387460
1.473589
1.554269
1.629269
1.698406
1.761545
1.818604
1.869550
1.914399
1.953212
1.986103
2.013223
2.034771
2.050983
2.062134
2.068531
2.070514
2.068450
2.062728
2.053760
2.041973
2.027805
2.011707
1.994130
1.975528
1.956352
1.937046
1.918044
1.899767
1.882617
1.866977
1.853208
1.841643
1.832590
1.826324
1.823088
1.823092
1.826509
1.833479
1.844099
1.858432
1.876500
1.898289
1.923743
1.952770
1.985242
2.020990
2.059813
2.101476
2.145709
2.192212
2.240655
2.290684
2.341917
2.393951
2.446363
2.498714
2.550548
2.601399
2.650794
2.698251
2.743289
2.785428
2.824188
2.859102
2.889710
2.915568
2.936250
2.951349
2.960483
2.963298
2.959468
2.948702
2.930748
2.905385
2.872441
2.831786
2.783332
2.727043
2.662932
2.591059
2.511541
2.424544
2.330286
2.229041
2.121131
2.006935
1.886878
1.761434
1.631124
1.496515
1.358212
1.216860
1.073137
0.927753
0.781439
0.634955
0.489067
0.344560
0.202218
0.062826
-0.072837
-0.204008
-0.329940
-0.449912
-0.563238
-0.669265
-0.767385
-0.857040
-0.937723
-1.008991
-1.070461
-1.121819
-1.162822
-1.193303
-1.213170
-1.222410
-1.221094
-1.209369
-1.187464
-1.155689
-1.114429
-1.064148
-1.005380
-0.938729
-0.864861
-0.784505
-0.698440
-0.607495
-0.512536
-0.414464
-0.314205
-0.212703
-0.110909
-0.009777
0.089749
0.186742
0.280298
0.369547
0.453662
0.531867
0.603438
0.667718
0.724122
0.772136
0.811334
0.841370
0.861989
0.873029
0.874422
0.866194
0.848465
0.821453
0.785465
0.740900
0.688244
0.628064
0.561006
0.487787
0.409187
0.326047
0.239255
0.149743
0.058473
-0.033566
-0.125371
-0.215937
-0.304261
-0.389353
-0.470248
-0.546016
-0.615764
-0.678650
-0.733894
-0.780777
-0.818656
-0.846965
-0.865222
-0.873036
-0.870107
-0.856233
-0.831307
-0.795327
-0.748384
-0.690674
-0.622488
-0.544213
-0.456330
-0.359406
-0.254093
-0.141121
-0.021294
0.104521
0.235399
0.370363
0.508393
0.648438
0.789418
0.930239
1.069799
1.206996
1.340741
1.469961
1.593609
1.710677
1.820197
1.921251
2.012980
2.094587
2.165344
2.224598
2.271773
2.306376
2.328001
2.336329
2.331128
2.312261
2.279679
2.233425
2.173631
2.100518
2.014391
1.915640
1.804733
1.682213
1.548697
1.404867
1.251466
1.089294
0.919201
0.742081
0.558868
0.370525
0.178044
-0.017566
-0.215282
-0.414075
-0.612913
-0.810773
-1.006643
-1.199526
-1.388448
-1.572467
-1.750669
-1.922182
-2.086174
-2.241860
-2.388503
-2.525425
-2.651999
-2.767658
-2.871902
-2.964288
-3.044441
-3.112054
-3.166884
-3.208760
-3.237576
-3.253293
-3.255945
-3.245626
-3.222501
-3.186796
-3.138801
-3.078865
-3.007395
-2.924855
-2.831762
-2.728682
-2.616225
-2.495049
-2.365849
-2.229354
-2.086327
-1.937558
-1.783860
-1.626064
-1.465019
-1.301580
-1.136611
-0.970974
-0.805531
-0.641132
-0.478621
-0.318818
-0.162526
-0.010523
0.136443
0.277656
0.412441
0.540155
0.660205
0.772043
0.875167
0.969131
1.053538
1.128052
1.192387
1.246320
1.289686
1.322379
1.344352
1.355617
1.356246
1.346368
1.326169
1.295889
1.255822
1.206312
1.147751
1.080578
1.005271
0.922352
0.832374
0.735924
0.633617
0.526092
0.414007
0.298037
0.178867
0.057190
-0.066296
-0.190898
-0.315927
-0.440701
-0.564555
-0.686840
-0.806926
-0.924211
-1.038116
-1.148098
-1.253645
-1.354278
-1.449562
-1.539099
-1.622534
-1.699555
-1.769896
-1.833335
-1.889697
-1.938853
-1.980722
-2.015266
-2.042495
-2.062462
-2.075264
-2.081042
-2.079973
-2.072278
-2.058209
-2.038058
-2.012144
-1.980819
-1.944459
-1.903467
-1.858265
-1.809293
-1.757008
-1.701876
-1.644375
-1.584987
-1.524197
-1.462489
-1.400345
-1.338238
-1.276636
-1.215990
-1.156739
-1.099304
-1.044087
-0.991467
-0.941799
-0.895411
-0.852606
-0.813655
-0.778799
-0.748247
-0.722173
-0.700722
-0.684000
-0.672080
-0.665001
-0.662765
-0.665343
-0.672669
-0.684645
-0.701140
-0.721991
-0.747007
-0.775967
-0.808624
-0.844703
-0.883906
-0.925918
-0.970398
-1.016992
-1.065329
-1.115027
-1.165691
-1.216922
-1.268313
-1.319454
-1.369936
-1.419350
-1.467293
-1.513369
-1.557190
-1.598379
-1.636574
-1.671425
-1.702604
-1.729799
-1.752719
-1.771096
-1.784687
-1.793272
-1.796659
-1.794681
-1.787205
-1.774120
-1.755349
-1.730845
-1.700591
-1.664601
-1.622919
-1.575621
-1.522816
-1.464639
-1.401259
-1.332872
-1.259707
-1.182018
-1.100088
-1.014226
-0.924768
-0.832073
-0.736526
-0.638532
-0.538516
-0.436925
-0.334221
-0.230882
-0.127402
-0.024283
0.077957
0.178800
0.277716
0.374176
0.467649
0.557607
0.643526
0.724891
0.801196
0.871950
0.936678
0.994925
1.046261
1.090278
1.126600
1.154885
1.174821
1.186142
1.188618
1.182066
1.166349
1.141380
1.107125
1.063602
1.010887
0.949110
0.878464
0.799196
0.711617
0.616095
0.513058
0.402992
0.286439
0.163998
0.036318
-0.095899
-0.231908
-0.370918
-0.512104
-0.654601
-0.797520
-0.939950
-1.080958
-1.219604
-1.354945
-1.486036
-1.611946
-1.731758
-1.844579
-1.949549
-2.045845
-2.132690
-2.209359
-2.275186
-2.329570
-2.371984
-2.401972
-2.419167
-2.423281
-2.414122
-2.391588
-2.355672
-2.306467
-2.244162
-2.169043
-2.081496
-1.982004
-1.871138
-1.749563
-1.618030
-1.477370
-1.328489
-1.172364
-1.010033
-0.842589
-0.671170
-0.496953
-0.321144
-0.144966
0.030346
0.203560
0.373452
0.538820
0.698492
0.851335
0.996264
1.132255
1.258347
1.373656
1.477378
1.568798
1.647296
1.712351
1.763545
1.800564
1.823211
1.831391
1.825126
1.804548
1.769896
1.721519
1.659868
1.585495
1.499046
1.401256
1.292945
1.175004
1.048397
0.914143
0.773314
0.627025
0.476422
0.322675
0.166967
0.010485
-0.145588
-0.300085
-0.451862
-0.599808
-0.742852
-0.879972
-1.010202
-1.132640
-1.246448
-1.350867
-1.445215
-1.528892
-1.601386
-1.662271
-1.711214
-1.747970
-1.772388
-1.784407
-1.784052
-1.771443
-1.746778
-1.710340
-1.662489
-1.603661
-1.534362
-1.455157
-1.366677
-1.269601
-1.164657
-1.052617
-0.934286
-0.810497
-0.682110
-0.549998
-0.415046
-0.278144
-0.140183
-0.002044
0.135400
0.271296
0.404811
0.535137
0.661498
0.783150
0.899389
1.009548
1.113008
1.209190
1.297567
1.377662
1.449048
1.511350
1.564248
1.607474
1.640819
1.664124
1.677286
1.680258
1.673046
1.655709
1.628358
1.591157
1.544317
1.488102
1.422818
1.348822
1.266509
1.176320
1.078733
0.974262
0.863461
0.746909
0.625218
0.499028
0.368998
0.235809
0.100161
-0.037236
-0.175659
-0.314382
-0.452674
-0.589807
-0.725056
-0.857709
-0.987064
-1.112437
-1.233167
-1.348616
-1.458175
-1.561270
-1.657361
-1.745950
-1.826582
-1.898845
-1.962381
-2.016881
-2.062090
-2.097809
-2.123896
-2.140270
-2.146907
-2.143842
-2.131172
-2.109052
-2.077696
-2.037373
-1.988411
-1.931187
-1.866129
-1.793715
-1.714463
-1.628933
-1.537721
-1.441453
-1.340784
-1.236389
-1.128961
-1.019203
-0.907828
-0.795545
-0.683063
-0.571079
-0.460275
-0.351318
-0.244842
-0.141459
-0.041745
0.053762
0.144564
0.230209
0.310289
0.384449
0.452383
0.513840
0.568623
0.616587
0.657644
0.691760
0.718953
0.739294
0.752904
0.759952
0.760652
0.755260
0.744073
0.727421
0.705670
0.679211
0.648459
0.613849
0.575834
0.534874
0.491441
0.446005
0.399037
0.351002
0.302357
0.253545
0.204994
0.157110
0.110280
0.064866
0.021201
-0.020407
-0.059684
-0.096385
-0.130298
-0.161243
-0.189073
-0.213675
-0.234966
-0.252896
-0.267445
-0.278623
-0.286467
-0.291040
-0.292431
-0.290748
-0.286121
-0.278701
-0.268649
-0.256145
-0.241377
-0.224544
-0.205851
-0.185508
-0.163727
-0.140726
-0.116714
-0.091902
-0.066499
-0.040704
-0.014713
0.011287
0.037119
0.062612
0.087607
0.111954
0.135513
0.158157
0.179765
0.200231
0.219454
0.237347
0.253830
0.268830
0.282285
0.294139
0.304344
0.312855
0.319637
0.324658
0.327889
0.329309
0.328896
0.326636
0.322514
0.316520
0.308646
0.298886
0.287237
0.273698
0.258272
0.240964
0.221783
0.200740
0.177852
0.153139
0.126627
0.098346
0.068335
0.036637
0.003303
-0.031608
-0.068030
-0.105886
-0.145092
-0.185554
-0.227167
-0.269818
-0.313384
-0.357729
-0.402710
-0.448174
-0.493957
-0.539885
-0.585780
-0.631451
-0.676702
-0.721332
-0.765131
-0.807889
-0.849390
-0.889418
-0.927756
-0.964186
-0.998496
-1.030476
-1.059924
-1.086640
-1.110439
-1.131142
-1.148585
-1.162616
-1.173100
-1.179914
-1.182958
-1.182148
-1.177423
-1.168740
-1.156081
-1.139450
-1.118875
-1.094404
-1.066117
-1.034111
-0.998511
-0.959463
-0.917138
-0.871730
-0.823451
-0.772538
-0.719242
-0.663836
-0.606605
-0.547851
-0.487886
-0.427031
-0.365618
-0.303980
-0.242455
-0.181383
-0.121097
-0.061929
-0.004205
0.051764
0.105676
0.157244
0.206198
0.252288
0.295284
0.334980
0.371195
0.403775
0.432592
0.457548
0.478574
0.495631
0.508712
0.517838
0.523063
0.524469
0.522168
0.516299
0.507029
0.494551
0.479081
0.460856
0.440134
0.417189
0.392312
0.365804
0.337978
0.309152
0.279649
0.249793
0.219906
0.190307
0.161305
0.133201
0.106283
0.080823
0.057076
0.035279
0.015644
-0.001638
-0.016401
-0.028506
-0.037840
-0.044318
-0.047885
-0.048512
-0.046201
-0.040982
-0.032909
-0.022067
-0.008566
0.007463
0.025862
0.046454
0.069041
0.093411
0.119334
0.146568
0.174862
0.203954
0.233581
0.263474
0.293362
0.322979
0.352064
0.380359
0.407617
0.433603
0.458092
0.480875
0.501760
0.520571
0.537151
0.551363
0.563093
0.572241
0.578736
0.582524
0.583576
0.581880
0.577448
0.570313
0.560526
0.548158
0.533296
0.516047
0.496531
0.474884
0.451251
0.425794
0.398679
0.370083
0.340189
0.309185
0.277260
0.244610
0.211425
0.177899
0.144220
0.110576
0.077149
0.044113
0.011640
-0.020110
-0.050981
-0.080828
-0.109517
-0.136919
-0.162920
-0.187414
-0.210307
-0.231516
-0.250967
-0.268600
-0.284364
-0.298220
-0.310138
-0.320102
-0.328102
-0.334140
-0.338230
-0.340392
-0.340656
-0.339062
-0.335658
-0.330501
-0.323653
-0.315186
-0.305179
-0.293717
-0.280891
-0.266798
-0.251541
-0.235228
-0.217971
-0.199884
-0.181089
-0.161708
-0.141866
-0.121689
-0.101306
-0.080845
-0.060435
-0.040203
-0.020277
-0.000781
0.018166
0.036442
0.053936
0.070541
0.086150
0.100671
0.114013
0.126095
0.136845
0.146200
0.154105
0.160519
0.165407
0.168748
0.170531
0.170755
0.169436
0.166594
0.162266
0.156497
0.149346
0.140878
0.131174
0.120318
0.108408
0.095548
0.081848
0.067426
0.052405
0.036914
0.021079
0.005035
-0.011086
-0.027149
-0.043028
-0.058588
-0.073708
-0.088267
-0.102150
-0.115250
-0.127468
-0.138715
-0.148909
-0.157976
-0.165860
-0.172510
-0.177888
-0.181970
-0.184740
-0.186199
-0.186357
-0.185230
-0.182856
-0.179277
-0.174545
-0.168723
-0.161882
-0.154103
-0.145471
-0.136077
-0.126020
-0.115399
-0.104319
-0.092885
-0.081202
-0.069376
-0.057512
-0.045712
-0.034073
-0.022688
-0.011647
-0.001032
0.009081
0.018623
0.027532
0.035758
0.043253
0.049983
0.055921
0.061048
0.065355
0.068840
0.071510
0.073379
0.074470
0.074812
0.074439
0.073394
0.071721
0.069471
0.066699
0.063460
0.059813
0.055819
0.051539
0.047032
0.042360
0.037581
0.032751
0.027924
0.023151
0.018480
0.013955
0.009614
0.005493
0.001623
-0.001972
-0.005271
-0.008258
-0.010922
-0.013256
-0.015257
-0.016929
-0.018277
-0.019312
-0.020046
-0.020496
-0.020679
-0.020618
-0.020333
-0.019851
-0.019194
-0.018390
-0.017463
-0.016438
-0.015341
-0.014195
-0.013024
-0.011849
-0.010689
-0.009563
-0.008485
-0.007472
-0.006534
-0.005680
-0.004919
-0.004255
-0.003693
-0.003233
-0.002873
-0.002614
-0.002450
-0.002375
-0.002385
-0.002468
-0.002620
-0.002830
-0.003089
-0.003386
-0.003713
-0.004059
-0.004414
-0.004770
-0.005119
-0.005453
-0.005763
-0.006045
-0.006293
-0.006502
-0.006670
-0.006794
-0.006873
-0.006906
-0.006894
-0.006839
-0.006742
-0.006606
-0.006435
-0.006233
-0.006003
-0.005751
-0.005482
-0.005201
-0.004912
-0.004620
-0.004330
-0.004047
-0.003774
-0.003516
-0.003276
-0.003058
-0.002863
-0.002694
-0.002552
-0.002439
-0.002355
-0.002300
-0.002274
-0.002276
-0.002304
-0.002357
-0.002434
-0.002531
-0.002647
-0.002779
-0.002924
-0.003080
-0.003243
-0.003412
-0.003583
-0.003755
-0.003924
-0.004088
-0.004247
-0.004397
-0.004537
-0.004667
-0.004786
-0.004892
-0.004985
-0.005065
-0.005132
-0.005187
-0.005229
-0.005259
-0.005279
-0.005287
-0.005287
-0.005277
-0.005259
-0.005234
-0.005203
-0.005166
-0.005124
-0.005078
-0.005030
-0.004979
-0.004926
-0.004872
-0.004818
-0.004763
-0.004708
-0.004654
-0.004600
-0.004545
-0.004492
-0.004436
-0.004380
-0.004324
-0.004265
-0.004206
-0.004145
-0.004084
-0.004023
-0.003962
-0.003902
-0.003844
-0.003790
-0.003739
-0.003694
-0.003654
-0.003621
-0.003594
-0.003575
-0.003562
-0.003557
-0.003559
-0.003567
-0.003583
-0.003604
-0.003631
-0.003664
-0.003702
-0.003746
-0.003793
-0.003845
-0.003900
-0.003958
-0.004019
-0.004082
-0.004146
-0.004210
-0.004275
-0.004339
-0.004402
-0.004462
-0.004520
-0.004574
-0.004624
-0.004671
-0.004713
-0.004750
-0.004782
-0.004808
-0.004829
-0.004844
-0.004854
-0.004857
-0.004854
-0.004846
-0.004832
-0.004812
-0.004787
-0.004756
-0.004720
-0.004680
-0.004636
-0.004587
-0.004535
-0.004479
-0.004421
-0.004360
-0.004296
-0.004231
-0.004165
-0.004098
-0.004029
-0.003960
-0.003892
-0.003822
-0.003754
-0.003686
-0.003619
-0.003552
-0.003487
-0.003422
-0.003359
-0.003297
-0.003237
-0.003178
-0.003120
-0.003064
-0.003009
-0.002955
-0.002903
-0.002852
-0.002802
-0.002752
-0.002705
-0.002658
-0.002612
-0.002567
-0.002522
-0.002478
-0.002434
-0.002391
-0.002348
-0.002306
-0.002264
-0.002223
-0.002182
-0.002141
-0.002099
-0.002059
-0.002018
-0.001976
-0.001935
-0.001894
-0.001852
-0.001810
-0.001767
-0.001724
-0.001680
-0.001637
-0.001591
-0.001546
-0.001500
-0.001453
-0.001405
-0.001356
-0.001306
-0.001255
-0.001203
-0.001149
-0.001094
-0.001038
-0.000981
-0.000921
-0.000861
-0.000799
-0.000735
-0.000670
-0.000604
-0.000537
-0.000469
-0.000399
-0.000328
-0.000258
-0.000186
-0.000114
-0.000042
0.000030
0.000102
0.000173
0.000243
0.000312
0.000381
0.000447
0.000512
0.000575
0.000636
0.000694
0.000749
0.000802
0.000850
0.000895
0.000936
0.000972
0.001005
0.001033
0.001057
0.001077
0.001092
0.001104
0.001110
0.001113
0.001110
0.001105
0.001094
0.001078
0.001059
0.001035
0.001007
0.000976
0.000942
0.000905
0.000865
0.000825
0.000783
0.000740
0.000695
0.000650
0.000604
0.000556
0.000507
0.000456
0.000404
0.000351
0.000298
0.000247
0.000196
0.000149
0.000107
0.000070
0.000040
0.000016
-0.000001
-0.000012
-0.000017
-0.000017
-0.000014
-0.000009
-0.000004
0.000001
0.000005
0.000008
0.000010
0.000009
0.000007
0.000005
0.000002
0.000000
-0.000001
-0.000003
-0.000002
-0.000002
-0.000001
0.000000
0.000002
0.000003
0.000004
0.000004
0.000004
0.000004
0.000003
0.000002
0.000001
0.000000
0.000000
-0.000000
0.000000
0.000000
0.000000
0.000001
0.000001
0.000002
0.000002
0.000002
0.000001
0.000001
0.000000
0.000000
-0.000000
-0.000000
-0.000001
-0.000000
-0.000000
0.000000
0.000000
-0.000000
-0.000000
0.000000
-0.000000
0.000000
-0.000000
-0.000000
-0.000000
-0.000000
-0.000000
0.000000
-0.000000
0.000000
-0.000000
0.000000
0.000000
-0.000000
0.000000
-0.000000
0.000000
-0.000000
-0.000000
-0.000000
0.000000
-0.000000
-0.000000
0.000000
0.000000
-0.000000
0.000000
0.000000
0.000000
0.000000
-0.000000
0.000000
-0.000000
-0.000000
0.000000
0.000000
0.000000
0.000000
0.000000
0.000000
0.000000
0.000000
0.000000
-0.000000
0.000001
0.000000
0.000000
-0.000000
0.000000
0.000000
-0.000000
0.000000
0.000000
0.000000
-0.000000
0.000000
0.000000
-0.000000
0.000000
0.000000
0.000000
0.000000
-0.000000
0.000000
-0.000000
-0.000000
0.000000
0.000000
0.000000
0.000000
0.000000
-0.000000
0.000000
0.000000
-0.000000
-0.000000
-0.000000
0.000000
-0.000000
0.000000
-0.000000
0.000000
-0.000000
0.000000
-0.000000
-0.000000
-0.000000
-0.000000
-0.000000
-0.000001
-0.000000
-0.000000
-0.000000
-0.000000
-0.000000
-0.000000
-0.000000
-0.000000
-0.000000
0.000000
-0.000000
-0.000000
-0.000000
-0.000000
-0.000000
0.000000
-0.000001
0.000000
-0.000000
0.000000
-0.000000
0.000000
-0.000000
-0.000000
-0.000000
0.000000
-0.000000
0.000000
0.000000
0.000000
-0.000000
-0.000000
-0.000000
-0.000000
0.000000
0.000000
-0.000000
0.000000
0.000000
0.000000
-0.000000
0.000000
0.000001
0.000000
0.000000
0.000000
0.000000
-0.000000
-0.000000
-0.000000
0.000001
-0.000000
0.000000
0.000000
-0.000000
0.000000
0.000000
-0.000000
0.000000
-0.000000
0.000000
0.000000
-0.000000
0.000000
0.000000
-0.000000
0.000000
0.000000
0.000000
0.000000
0.000000
0.000000
-0.000000
-0.000001
0.000000
0.000000
0.000000
0.000000
-0.000001
0.000000
0.000000
-0.000000
-0.000000
0.000000
-0.000000
-0.000000
0.000000
-0.000000
-0.000000
-0.000000
-0.000001
0.000000
-0.000000
-0.000000
0.000000
-0.000000
-0.000000
-0.000000
0.000000
-0.000000
0.000000
-0.000000
-0.000000
-0.000001
-0.000000
-0.000000
-0.000000
-0.000000
-0.000000
-0.000000
-0.000001
-0.000001
-0.000000
-0.000000
-0.000000
-0.000000
-0.000000
-0.000001
0.000000
-0.000001
-0.000000
-0.000000
-0.000001
-0.000000
-0.000000
-0.000001
-0.000001
-0.000001
-0.000000
-0.000000
-0.000001
0.000000
-0.000000
-0.000000
-0.000000
-0.000000
-0.000000
-0.000000
0.000000
-0.000000
-0.000001
-0.000000
-0.000000
-0.000000
-0.000000
-0.000000
0.000000
0.000000
-0.000000
0.000000
0.000000
0.000000
0.000000
0.000001
0.000000
-0.000000
0.000000
0.000000
-0.000000
0.000000
0.000000
-0.000000
0.000000
0.000000
-0.000000
0.000001
0.000000
0.000001
0.000000
-0.000000
0.000001
-0.000000
-0.000000
0.000000
0.000000
-0.000000
-0.000000
0.000000
0.000001
0.000000
-0.000000
0.000000
0.000000
0.000000
-0.000000
-0.000000
0.000000
0.000000
0.000000
0.000000
-0.000000
-0.000000
0.000000
0.000000
0.000001
-0.000000
-0.000000
-0.000000
-0.000000
-0.000000
-0.000001
-0.000001
-0.000000
0.000000
-0.000000
-0.000000
0.000000
-0.000000
0.000000
-0.000000
-0.000000
-0.000000
-0.000000
0.000001
0.000000
-0.000000
-0.000000
-0.000000
0.000000
0.000000
0.000001
0.000000
0.000000
-0.000000
0.000000
0.000000
0.000001
0.000000
0.000000
0.000000
0.000000
0.000000
0.000000
0.000000
0.000000
0.000000
0.000000
0.000001
0.000000
0.000000
0.000000
-0.000000
0.000000
0.000000
0.000000
0.000000
0.000000
-0.000000
0.000000
0.000000
0.000000
0.000000
0.000000
0.000000
-0.000000
0.000000
0.000000
0.000000
0.000000
0.000000
0.000000
-0.000000
0.000000
0.000000
-0.000000
-0.000000
-0.000000
0.000000
-0.000000
0.000000
-0.000000
-0.000000
-0.000000
-0.000001
-0.000000
-0.000000
-0.000000
-0.000000
-0.000000
-0.000000
-0.000000
-0.000000
-0.000000
0.000000
-0.000000
-0.000000
0.000000
-0.000000
-0.000000
0.000000
0.000000
0.000000
-0.000000
-0.000000
-0.000000
0.000000
-0.000000
-0.000000
0.000000
0.000000
0.000000
0.000000
0.000000
0.000000
-0.000000
0.000000
0.000000
0.000000
-0.000000
0.000000
0.000000
0.000000
0.000000
-0.000000
0.000000
0.000000
0.000000
0.000000
0.000000
-0.000000
0.000000
0.000000
0.000000
0.000000
0.000000
-0.000000
0.000000
0.000000
0.000000
-0.000000
