0.000000
0.000000
0.000000
0.000000
0.000000
0.000000
0.000000
0.000000
0.000000
0.000000
0.000000
0.000000
0.000000
-0.000000
-0.000000
0.000000
0.000000
-0.000000
-0.000000
0.000000
-0.000000
-0.000000
0.000000
0.000000
0.000000
-0.000000
-0.000000
-0.000000
0.000000
0.000000
-0.000000
-0.000000
0.000000
0.000000
-0.000000
0.000000
-0.000000
0.000000
-0.000000
-0.000000
0.000000
0.000000
-0.000000
-0.000000
0.000000
0.000000
-0.000000
0.000000
0.000000
0.000000
0.000001
0.000000
-0.000000
0.000000
-0.000000
-0.000000
-0.000000
-0.000000
-0.000000
0.000000
-0.000000
-0.000001
0.000000
-0.000000
-0.000000
-0.000000
-0.000000
-0.000000
0.000000
0.000000
0.000000
-0.000000
0.000000
0.000000
-0.000000
-0.000000
0.000000
0.000000
-0.000000
-0.000000
0.000000
0.000000
0.000000
-0.000000
0.000000
-0.000000
-0.000000
-0.000000
-0.000000
-0.000000
0.000000
0.000000
0.000000
0.000000
0.000000
0.000000
0.000000
0.000000
0.000000
-0.000000
0.000000
0.000000
-0.000000
-0.000000
0.000000
0.000000
0.000000
-0.000000
0.000000
0.000000
0.000000
0.000000
0.000000
0.000000
0.000000
0.000000
0.000000
0.000000
0.000000
-0.000000
0.000001
0.000000
0.000000
0.000000
0.000000
0.000000
-0.000000
0.000000
0.000000
-0.000000
0.000000
-0.000000
0.000000
0.000000
-0.000000
-0.000000
-0.000000
-0.000000
-0.000000
-0.000000
0.000000
0.000000
-0.000000
-0.000000
-0.000000
-0.000000
-0.000000
-0.000000
-0.000000
0.000000
-0.000000
-0.000000
0.000000
-0.000000
-0.000001
0.000000
0.000000
-0.000000
0.000000
0.000000
-0.000000
0.000000
0.000000
0.000000
0.000000
-0.000000
-0.000000
-0.000000
0.000000
-0.000000
0.000000
-0.000000
0.000000
0.000000
-0.000000
-0.000000
0.000000
-0.000000
-0.000000
0.000000
0.000000
0.000000
-0.000000
0.000000
-0.000000
0.000000
0.000000
0.000000
-0.000000
0.000000
0.000000
0.000000
0.000000
-0.000000
0.000000
-0.000000
0.000000
0.000000
0.000000
-0.000000
0.000000
-0.000000
0.000000
-0.000000
0.000000
0.000000
-0.000000
-0.000000
0.000000
-0.000000
-0.000000
0.000000
-0.000001
0.000000
-0.000000
-0.000000
-0.000000
-0.000000
-0.000000
0.000000
-0.000000
-0.000000
0.000000
-0.000000
-0.000000
-0.000000
-0.000000
-0.000000
-0.000001
-0.000000
-0.000000
-0.000000
-0.000000
-0.000000
-0.000000
-0.000000
-0.000000
0.000000
-0.000000
-0.000000
-0.000000
-0.000000
-0.000000
-0.000000
-0.000000
-0.000000
-0.000000
-0.000000
-0.000000
-0.000000
-0.000000
-0.000001
-0.000000
-0.000000
-0.000000
0.000000
0.000000
-0.000000
-0.000000
0.000000
-0.000000
0.000000
-0.000000
0.000000
-0.000000
-0.000000
0.000000
0.000000
0.000000
0.000000
0.000000
-0.000000
0.000000
-0.000000
0.000000
-0.000000
0.000001
-0.000000
-0.000000
0.000000
-0.000000
0.000000
0.000000
-0.000000
-0.000000
0.000000
0.000000
0.000000
0.000000
0.000000
0.000000
0.000000
0.000000
0.000000
-0.000000
0.000000
-0.000000
0.000000
0.000000
0.000000
0.000000
-0.000000
0.000000
-0.000000
-0.000000
0.000000
0.000000
-0.000000
0.000000
0.000000
0.000000
0.000000
-0.000000
0.000000
0.000000
-0.000000
0.000000
-0.000000
-0.000000
0.000000
0.000000
0.000000
-0.000000
-0.000000
0.000000
-0.000000
0.000000
-0.000000
0.000000
-0.000000
0.000000
-0.000000
-0.000000
-0.000000
0.000001
0.000000
0.000000
-0.000000
0.000000
0.000000
0.000000
0.000000
0.000000
-0.000000
0.000000
0.000000
-0.000000
0.000000
0.000000
-0.000000
0.000000
0.000000
0.000000
0.000000
-0.000000
0.000000
0.000000
0.000000
-0.000000
-0.000000
0.000000
0.000000
-0.000000
0.000000
0.000000
0.000000
-0.000000
0.000000
0.000000
0.000000
0.000000
0.000000
-0.000000
-0.000000
0.000000
0.000000
-0.000000
0.000000
-0.000000
0.000000
0.000000
0.000000
0.000000
0.000000
0.000000
0.000000
0.000000
0.000000
0.000000
-0.000000
0.000000
0.000000
0.000001
0.000000
0.000000
0.000000
0.000000
0.000000
0.000000
0.000000
0.000000
0.000000
0.000001
0.000000
0.000000
0.000000
0.000001
0.000000
0.000000
0.000001
0.000000
0.000000
0.000000
0.000000
0.000000
0.000000
0.000001
0.000001
0.000000
0.000001
0.000000
0.000000
0.000000
0.000000
0.000000
0.000000
-0.000000
0.000000
0.000000
0.000000
0.000000
0.000000
0.000000
0.000000
-0.000000
0.000000
-0.000000
0.000000
0.000000
0.000000
0.000000
0.000000
-0.000000
-0.000001
0.000000
0.000000
-0.000000
-0.000000
0.000000
0.000000
-0.000000
-0.000000
-0.000000
-0.000000
-0.000000
-0.000000
-0.000000
-0.000000
-0.000000
-0.000000
-0.000000
-0.000000
-0.000000
-0.000000
0.000000
-0.000000
0.000000
0.000000
-0.000000
-0.000000
-0.000000
-0.000001
-0.000000
-0.000000
-0.000000
-0.000000
0.000000
0.000001
0.000000
0.000001
0.000000
0.000000
-0.000000
-0.000001
-0.000002
-0.000003
-0.000004
-0.000005
-0.000007
-0.000008
-0.000010
-0.000012
-0.000013
-0.000015
-0.000016
-0.000016
-0.000017
-0.000018
-0.000019
-0.000020
-0.000021
-0.000021
-0.000022
-0.000023
-0.000023
-0.000023
-0.000023
-0.000023
-0.000023
-0.000022
-0.000022
-0.000021
-0.000021
-0.000020
-0.000019
-0.000018
-0.000017
-0.000015
-0.000014
-0.000013
-0.000011
-0.000010
-0.000009
-0.000007
-0.000006
-0.000004
-0.000003
-0.000001
0.000000
0.000001
0.000003
0.000004
0.000005
0.000006
0.000007
0.000008
0.000008
0.000009
0.000009
0.000009
0.000009
0.000009
0.000009
0.000009
0.000008
0.000008
0.000007
0.000006
0.000005
0.000004
0.000003
0.000001
-0.000000
-0.000001
-0.000003
-0.000004
-0.000006
-0.000008
-0.000008
-0.000010
-0.000011
-0.000013
-0.000014
-0.000015
-0.000016
-0.000017
-0.000018
-0.000019
-0.000020
-0.000020
-0.000021
-0.000021
-0.000021
-0.000021
-0.000021
-0.000020
-0.000020
-0.000020
-0.000019
-0.000018
-0.000017
-0.000015
-0.000014
-0.000012
-0.000010
-0.000009
-0.000007
-0.000005
-0.000002
0.000000
0.000002
0.000005
0.000007
0.000009
0.000012
0.000014
0.000016
0.000019
0.000022
0.000024
0.000027
0.000029
0.000031
0.000033
0.000035
0.000037
0.000040
0.000042
0.000043
0.000045
0.000047
0.000048
0.000050
0.000051
0.000052
0.000053
0.000054
0.000055
0.000055
0.000056
0.000056
0.000056
0.000056
0.000056
0.000056
0.000054
0.000054
0.000053
0.000052
0.000050
0.000049
0.000047
0.000045
0.000043
0.000041
0.000039
0.000036
0.000033
0.000031
0.000028
0.000024
0.000021
0.000018
0.000014
0.000010
0.000007
0.000003
-0.000000
-0.000004
-0.000008
-0.000011
-0.000015
-0.000018
-0.000021
-0.000024
-0.000027
-0.000029
-0.000031
-0.000033
-0.000035
-0.000036
-0.000037
-0.000038
-0.000037
-0.000037
-0.000036
-0.000035
-0.000033
-0.000031
-0.000028
-0.000025
-0.000021
-0.000017
-0.000012
-0.000007
-0.000002
0.000003
0.000010
0.000016
0.000022
0.000029
0.000035
0.000041
0.000047
0.000053
0.000059
0.000064
0.000069
0.000073
0.000078
0.000081
0.000083
0.000084
0.000085
0.000084
0.000082
0.000078
0.000074
0.000068
0.000061
0.000052
0.000042
0.000031
0.000017
0.000003
-0.000014
-0.000032
-0.000051
-0.000072
-0.000094
-0.000117
-0.000142
-0.000168
-0.000194
-0.000223
-0.000251
-0.000280
-0.000311
-0.000340
-0.000371
-0.000402
-0.000433
-0.000462
-0.000492
-0.000521
-0.000549
-0.000576
-0.000602
-0.000627
-0.000650
-0.000672
-0.000692
-0.000709
-0.000726
-0.000739
-0.000750
-0.000760
-0.000766
-0.000771
-0.000772
-0.000772
-0.000768
-0.000762
-0.000754
-0.000744
-0.000731
-0.000716
-0.000699
-0.000680
-0.000660
-0.000638
-0.000614
-0.000589
-0.000563
-0.000536
-0.000508
-0.000480
-0.000452
-0.000424
-0.000395
-0.000368
-0.000341
-0.000314
-0.000289
-0.000266
-0.000243
-0.000223
-0.000204
-0.000187
-0.000172
-0.000159
-0.000149
-0.000140
-0.000134
-0.000131
-0.000130
-0.000132
-0.000136
-0.000142
-0.000150
-0.000161
-0.000174
-0.000189
-0.000206
-0.000225
-0.000245
-0.000266
-0.000289
-0.000313
-0.000337
-0.000363
-0.000389
-0.000415
-0.000441
-0.000466
-0.000492
-0.000517
-0.000541
-0.000564
-0.000585
-0.000605
-0.000624
-0.000641
-0.000656
-0.000669
-0.000680
-0.000689
-0.000696
-0.000700
-0.000702
-0.000701
-0.000697
-0.000692
-0.000684
-0.000673
-0.000660
-0.000644
-0.000626
-0.000606
-0.000583
-0.000559
-0.000533
-0.000504
-0.000474
-0.000443
-0.000410
-0.000375
-0.000340
-0.000304
-0.000267
-0.000229
-0.000190
-0.000151
-0.000112
-0.000074
-0.000035
0.000004
0.000042
0.000080
0.000116
0.000152
0.000187
0.000220
0.000253
0.000284
0.000313
0.000341
0.000368
0.000392
0.000415
0.000436
0.000455
0.000471
0.000486
0.000499
0.000510
0.000518
0.000525
0.000529
0.000532
0.000532
0.000530
0.000527
0.000521
0.000514
0.000504
0.000493
0.000480
0.000466
0.000450
0.000433
0.000414
0.000395
0.000374
0.000352
0.000328
0.000304
0.000280
0.000255
0.000229
0.000203
0.000176
0.000149
0.000122
0.000095
0.000067
0.000040
0.000013
-0.000014
-0.000041
-0.000066
-0.000093
-0.000118
-0.000143
-0.000168
-0.000192
-0.000216
-0.000238
-0.000261
-0.000283
-0.000305
-0.000326
-0.000347
-0.000367
-0.000387
-0.000407
-0.000426
-0.000445
-0.000463
-0.000482
-0.000500
-0.000519
-0.000536
-0.000555
-0.000573
-0.000591
-0.000609
-0.000628
-0.000646
-0.000665
-0.000684
-0.000704
-0.000723
-0.000742
-0.000763
-0.000783
-0.000804
-0.000824
-0.000846
-0.000866
-0.000888
-0.000910
-0.000931
-0.000953
-0.000975
-0.000997
-0.001018
-0.001040
-0.001062
-0.001083
-0.001103
-0.001124
-0.001144
-0.001163
-0.001182
-0.001201
-0.001220
-0.001236
-0.001253
-0.001269
-0.001284
-0.001298
-0.001310
-0.001321
-0.001330
-0.001337
-0.001344
-0.001347
-0.001349
-0.001348
-0.001346
-0.001341
-0.001335
-0.001327
-0.001318
-0.001308
-0.001299
-0.001289
-0.001281
-0.001275
-0.001271
-0.001271
-0.001275
-0.001285
-0.001301
-0.001323
-0.001353
-0.001391
-0.001437
-0.001492
-0.001557
-0.001631
-0.001713
-0.001805
-0.001905
-0.002013
-0.002128
-0.002248
-0.002372
-0.002500
-0.002628
-0.002755
-0.002879
-0.002998
-0.003110
-0.003211
-0.003301
-0.003377
-0.003436
-0.003477
-0.003499
-0.003500
-0.003477
-0.003431
-0.003360
-0.003266
-0.003148
-0.003005
-0.002839
-0.002652
-0.002444
-0.002219
-0.001979
-0.001725
-0.001462
-0.001192
-0.000920
-0.000647
-0.000379
-0.000120
0.000127
0.000359
0.000571
0.000761
0.000926
0.001064
0.001173
0.001250
0.001297
0.001311
0.001296
0.001250
0.001177
0.001080
0.000961
0.000824
0.000675
0.000519
0.000361
0.000207
0.000064
-0.000062
-0.000165
-0.000239
-0.000277
-0.000272
-0.000223
-0.000122
0.000031
0.000240
0.000505
0.000828
0.001204
0.001631
0.002105
0.002617
0.003162
0.003727
0.004302
0.004874
0.005428
0.005949
0.006420
0.006824
0.007142
0.007357
0.007449
0.007401
0.007195
0.006816
0.006249
0.005481
0.004502
0.003306
0.001887
0.000245
-0.001617
-0.003690
-0.005964
-0.008420
-0.011037
-0.013787
-0.016638
-0.019551
-0.022483
-0.025387
-0.028208
-0.030889
-0.033368
-0.035578
-0.037451
-0.038914
-0.039893
-0.040314
-0.040102
-0.039181
-0.037479
-0.034924
-0.031450
-0.026994
-0.021500
-0.014916
-0.007201
0.001680
0.011749
0.023019
0.035494
0.049160
0.063995
0.079962
0.097009
0.115071
0.134068
0.153905
0.174474
0.195653
0.217305
0.239281
0.261421
0.283554
0.305496
0.327058
0.348042
0.368244
0.387458
0.405474
0.422081
0.437073
0.450244
0.461396
0.470338
0.476890
0.480883
0.482162
0.480590
0.476043
0.468423
0.457649
0.443662
0.426430
0.405944
0.382221
0.355305
0.325265
0.292199
0.256231
0.217511
0.176214
0.132541
0.086720
0.038994
-0.010367
-0.061077
-0.112833
-0.165317
-0.218197
-0.271136
-0.323785
-0.375795
-0.426814
-0.476492
-0.524485
-0.570456
-0.614079
-0.655042
-0.693049
-0.727823
-0.759110
-0.786682
-0.810332
-0.829886
-0.845200
-0.856158
-0.862681
-0.864721
-0.862266
-0.855338
-0.843993
-0.828323
-0.808455
-0.784544
-0.756783
-0.725395
-0.690627
-0.652758
-0.612092
-0.568952
-0.523684
-0.476654
-0.428235
-0.378821
-0.328807
-0.278600
-0.228604
-0.179228
-0.130873
-0.083936
-0.038804
0.004149
0.044563
0.082099
0.116435
0.147271
0.174336
0.197380
0.216187
0.230566
0.240360
0.245443
0.245721
0.241135
0.231660
0.217304
0.198109
0.174152
0.145540
0.112416
0.074954
0.033355
-0.012146
-0.061288
-0.113786
-0.169327
-0.227574
-0.288175
-0.350751
-0.414913
-0.480253
-0.546353
-0.612780
-0.679099
-0.744867
-0.809638
-0.872963
-0.934398
-0.993503
-1.049842
-1.102991
-1.152536
-1.198078
-1.239234
-1.275640
-1.306953
-1.332854
-1.353050
-1.367275
-1.375292
-1.376899
-1.371924
-1.360234
-1.341731
-1.316355
-1.284087
-1.244948
-1.199001
-1.146350
-1.087143
-1.021570
-0.949864
-0.872300
-0.789193
-0.700901
-0.607820
-0.510382
-0.409057
-0.304345
-0.196781
-0.086924
0.024640
0.137305
0.250448
0.363432
0.475610
0.586331
0.694945
0.800805
0.903273
1.001726
1.095563
1.184203
1.267096
1.343727
1.413620
1.476340
1.531499
1.578764
1.617855
1.648548
1.670685
1.684164
1.688956
1.685094
1.672682
1.651886
1.622945
1.586161
1.541903
1.490600
1.432744
1.368881
1.299613
1.225584
1.147486
1.066049
0.982031
0.896217
0.809412
0.722430
0.636091
0.551211
0.468597
0.389036
0.313292
0.242095
0.176135
0.116056
0.062450
0.015848
-0.023282
-0.054543
-0.077611
-0.092241
-0.098269
-0.095615
-0.084283
-0.064366
-0.036039
0.000434
0.044706
0.096349
0.154856
0.219646
0.290068
0.365406
0.444888
0.527688
0.612937
0.699726
0.787122
0.874168
0.959896
1.043335
1.123522
1.199505
1.270357
1.335184
1.393131
1.443394
1.485222
1.517929
1.540899
1.553588
1.555539
1.546376
1.525813
1.493657
1.449809
1.394265
1.327118
1.248555
1.158857
1.058399
0.947643
0.827137
0.697509
0.559463
0.413772
0.261272
0.102855
-0.060537
-0.227926
-0.398295
-0.570607
-0.743809
-0.916840
-1.088640
-1.258162
-1.424374
-1.586272
-1.742886
-1.893288
-2.036598
-2.171990
-2.298701
-2.416033
-2.523358
-2.620126
-2.705860
-2.780167
-2.842737
-2.893343
-2.931841
-2.958171
-2.972357
-2.974503
-2.964793
-2.943485
-2.910915
-2.867479
-2.813644
-2.749936
-2.676931
-2.595258
-2.505584
-2.408620
-2.305102
-2.195792
-2.081472
-1.962935
-1.840981
-1.716411
-1.590019
-1.462590
-1.334894
-1.207678
-1.081664
-0.957547
-0.835986
-0.717606
-0.602989
-0.492679
-0.387172
-0.286919
-0.192326
-0.103747
-0.021490
0.054187
0.123074
0.185010
0.239881
0.287618
0.328196
0.361636
0.387997
0.407378
0.419913
0.425775
0.425163
0.418310
0.405473
0.386937
0.363003
0.333998
0.300262
0.262152
0.220034
0.174289
0.125303
0.073467
0.019180
-0.037160
-0.095152
-0.154399
-0.214502
-0.275071
-0.335716
-0.396059
-0.455724
-0.514348
-0.571575
-0.627061
-0.680473
-0.731491
-0.779808
-0.825130
-0.867179
-0.905693
-0.940425
-0.971145
-0.997643
-1.019725
-1.037217
-1.049966
-1.057836
-1.060718
-1.058520
-1.051174
-1.038634
-1.020880
-0.997913
-0.969759
-0.936468
-0.898117
-0.854803
-0.806651
-0.753810
-0.696451
-0.634770
-0.568986
-0.499340
-0.426094
-0.349531
-0.269953
-0.187681
-0.103051
-0.016416
0.071858
0.161393
0.251802
0.342689
0.433649
0.524279
0.614167
0.702906
0.790088
0.875313
0.958183
1.038311
1.115322
1.188850
1.258545
1.324075
1.385124
1.441394
1.492612
1.538524
1.578899
1.613532
1.642243
1.664875
1.681300
1.691414
1.695141
1.692432
1.683261
1.667632
1.645572
1.617133
1.582392
1.541449
1.494426
1.441469
1.382740
1.318424
1.248724
1.173858
1.094062
1.009588
0.920698
0.827670
0.730794
0.630370
0.526706
0.420122
0.310944
0.199509
0.086156
-0.028765
-0.144902
-0.261896
-0.379383
-0.496994
-0.614359
-0.731101
-0.846841
-0.961199
-1.073792
-1.184231
-1.292133
-1.397109
-1.498771
-1.596734
-1.690613
-1.780026
-1.864596
-1.943952
-2.017729
-2.085569
-2.147126
-2.202069
-2.250074
-2.290841
-2.324082
-2.349536
-2.366960
-2.376141
-2.376891
-2.369056
-2.352511
-2.327172
-2.292990
-2.249956
-2.198106
-2.137516
-2.068313
-1.990668
-1.904803
-1.810988
-1.709544
-1.600843
-1.485304
-1.363400
-1.235649
-1.102618
-0.964917
-0.823203
-0.678167
-0.530541
-0.381087
-0.230599
-0.079893
0.070197
0.218820
0.365118
0.508232
0.647306
0.781491
0.909959
1.031902
1.146542
1.253138
1.350989
1.439444
1.517907
1.585840
1.642774
1.688305
1.722108
1.743936
1.753622
1.751085
1.736332
1.709458
1.670645
1.620165
1.558379
1.485734
1.402759
1.310068
1.208348
1.098362
0.980938
0.856967
0.727394
0.593211
0.455453
0.315183
0.173491
0.031481
-0.109736
-0.249055
-0.385379
-0.517634
-0.644776
-0.765799
-0.879746
-0.985714
-1.082861
-1.170421
-1.247699
-1.314086
-1.369058
-1.412187
-1.443137
-1.461673
-1.467661
-1.461066
-1.441957
-1.410503
-1.366971
-1.311728
-1.245230
-1.168025
-1.080742
-0.984091
-0.878851
-0.765864
-0.646034
-0.520308
-0.389675
-0.255155
-0.117789
0.021368
0.161259
0.300833
0.439054
0.574908
0.707416
0.835639
0.958687
1.075725
1.185982
1.288754
1.383411
1.469401
1.546256
1.613591
1.671108
1.718600
1.755944
1.783111
1.800154
1.807214
1.804513
1.792352
1.771107
1.741223
1.703209
1.657632
1.605114
1.546315
1.481942
1.412725
1.339421
1.262803
1.183651
1.102746
1.020863
0.938764
0.857189
0.776854
0.698439
0.622589
0.549904
0.480936
0.416186
0.356100
0.301066
0.251411
0.207403
0.169245
0.137079
0.110984
0.090980
0.077023
0.069016
0.066804
0.070179
0.078887
0.092627
0.111058
0.133800
0.160443
0.190550
0.223658
0.259289
0.296953
0.336148
0.376371
0.417120
0.457899
0.498220
0.537613
0.575620
0.611809
0.645769
0.677119
0.705505
0.730605
0.752133
0.769834
0.783493
0.792928
0.797999
0.798599
0.794660
0.786151
0.773077
0.755478
0.733429
0.707035
0.676434
0.641794
0.603309
0.561199
0.515706
0.467097
0.415653
0.361676
0.305481
0.247394
0.187753
0.126903
0.065194
0.002979
-0.059387
-0.121550
-0.183159
-0.243871
-0.303347
-0.361257
-0.417285
-0.471124
-0.522485
-0.571091
-0.616688
-0.659037
-0.697922
-0.733149
-0.764547
-0.791970
-0.815297
-0.834436
-0.849320
-0.859910
-0.866201
-0.868212
-0.865994
-0.859628
-0.849225
-0.834923
-0.816894
-0.795333
-0.770467
-0.742546
-0.711849
-0.678674
-0.643344
-0.606202
-0.567606
-0.527932
-0.487568
-0.446910
-0.406364
-0.366336
-0.327235
-0.289466
-0.253428
-0.219509
-0.188084
-0.159509
-0.134123
-0.112236
-0.094133
-0.080069
-0.070262
-0.064896
-0.064113
-0.068015
-0.076661
-0.090060
-0.108182
-0.130942
-0.158212
-0.189813
-0.225519
-0.265059
-0.308114
-0.354321
-0.403279
-0.454545
-0.507640
-0.562054
-0.617248
-0.672658
-0.727702
-0.781780
-0.834284
-0.884601
-0.932118
-0.976228
-1.016337
-1.051864
-1.082255
-1.106981
-1.125548
-1.137497
-1.142414
-1.139932
-1.129732
-1.111554
-1.085193
-1.050505
-1.007408
-0.955886
-0.895987
-0.827826
-0.751585
-0.667508
-0.575907
-0.477155
-0.371687
-0.259993
-0.142618
-0.020159
0.106740
0.237396
0.371089
0.507065
0.644547
0.782735
0.920819
1.057977
1.193390
1.326236
1.455712
1.581025
1.701408
1.816119
1.924452
2.025738
2.119353
2.204719
2.281312
2.348660
2.406350
2.454036
2.491426
2.518301
2.534504
2.539947
2.534608
2.518531
2.491828
2.454674
2.407306
2.350025
2.283187
2.207204
2.122541
2.029711
1.929271
1.821816
1.707984
1.588437
1.463869
1.334994
1.202545
1.067269
0.929916
0.791245
0.652013
0.512968
0.374851
0.238388
0.104286
-0.026771
-0.154124
-0.277143
-0.395232
-0.507830
-0.614417
-0.714509
-0.807670
-0.893507
-0.971672
-1.041870
-1.103848
-1.157411
-1.202409
-1.238746
-1.266375
-1.285300
-1.295577
-1.297310
-1.290651
-1.275800
-1.253005
-1.222554
-1.184780
-1.140055
-1.088792
-1.031434
-0.968461
-0.900381
-0.827731
-0.751068
-0.670971
-0.588038
-0.502878
-0.416110
-0.328359
-0.240252
-0.152414
-0.065465
0.019984
0.103337
0.184016
0.261462
0.335141
0.404550
0.469214
0.528696
0.582597
0.630558
0.672266
0.707452
0.735895
0.757426
0.771926
0.779330
0.779625
0.772853
0.759107
0.738537
0.711342
0.677773
0.638132
0.592766
0.542068
0.486475
0.426458
0.362529
0.295227
0.225119
0.152799
0.078872
0.003963
-0.071299
-0.146278
-0.220345
-0.292874
-0.363254
-0.430889
-0.495209
-0.555669
-0.611757
-0.662998
-0.708957
-0.749244
-0.783517
-0.811486
-0.832914
-0.847620
-0.855483
-0.856437
-0.850480
-0.837667
-0.818115
-0.792000
-0.759552
-0.721063
-0.676875
-0.627381
-0.573021
-0.514282
-0.451690
-0.385806
-0.317222
-0.246559
-0.174455
-0.101570
-0.028569
0.043874
0.115088
0.184406
0.251171
0.314746
0.374511
0.429877
0.480283
0.525203
0.564153
0.596690
0.622418
0.640990
0.652114
0.655546
0.651103
0.638656
0.618135
0.589525
0.552872
0.508276
0.455895
0.395939
0.328673
0.254411
0.173514
0.086390
-0.006515
-0.104713
-0.207683
-0.314874
-0.425706
-0.539579
-0.655872
-0.773951
-0.893172
-1.012883
-1.132433
-1.251171
-1.368454
-1.483647
-1.596131
-1.705304
-1.810583
-1.911411
-2.007257
-2.097618
-2.182026
-2.260045
-2.331277
-2.395361
-2.451976
-2.500842
-2.541722
-2.574420
-2.598786
-2.614710
-2.622130
-2.621026
-2.611420
-2.593381
-2.567017
-2.532477
-2.489954
-2.439675
-2.381909
-2.316958
-2.245160
-2.166884
-2.082531
-1.992529
-1.897331
-1.797415
-1.693280
-1.585441
-1.474431
-1.360795
-1.245086
-1.127866
-1.009700
-0.891153
-0.772787
-0.655158
-0.538815
-0.424293
-0.312110
-0.202770
-0.096750
0.005493
0.103532
0.196970
0.285442
0.368618
0.446206
0.517954
0.583648
0.643120
0.696245
0.742940
0.783171
0.816947
0.844323
0.865399
0.880320
0.889274
0.892489
0.890233
0.882813
0.870572
0.853881
0.833145
0.808787
0.781261
0.751032
0.718581
0.684398
0.648977
0.612812
0.576394
0.540203
0.504707
0.470355
0.437572
0.406758
0.378282
0.352479
0.329644
0.310033
0.293858
0.281284
0.272430
0.267366
0.266109
0.268630
0.274848
0.284631
0.297801
0.314134
0.333359
0.355166
0.379205
0.405093
0.432414
0.460728
0.489570
0.518462
0.546912
0.574424
0.600496
0.624638
0.646365
0.665210
0.680727
0.692494
0.700124
0.703263
0.701596
0.694855
0.682818
0.665311
0.642215
0.613465
0.579052
0.539020
0.493474
0.442572
0.386527
0.325605
0.260121
0.190442
0.116973
0.040163
-0.039504
-0.121515
-0.205329
-0.290385
-0.376112
-0.461924
-0.547238
-0.631472
-0.714056
-0.794434
-0.872073
-0.946467
-1.017145
-1.083670
-1.145652
-1.202744
-1.254653
-1.301139
-1.342015
-1.377158
-1.406500
-1.430037
-1.447823
-1.459975
-1.466667
-1.468130
-1.464651
-1.456568
-1.444266
-1.428176
-1.408767
-1.386542
-1.362034
-1.335797
-1.308405
-1.280442
-1.252496
-1.225153
-1.198992
-1.174579
-1.152457
-1.133145
-1.117128
-1.104855
-1.096735
-1.093126
-1.094339
-1.100628
-1.112192
-1.129170
-1.151640
-1.179616
-1.213050
-1.251833
-1.295791
-1.344689
-1.398236
-1.456081
-1.517822
-1.583005
-1.651132
-1.721661
-1.794015
-1.867584
-1.941732
-2.015801
-2.089120
-2.161008
-2.230778
-2.297747
-2.361243
-2.420604
-2.475190
-2.524384
-2.567601
-2.604290
-2.633937
-2.656074
-2.670280
-2.676181
-2.673459
-2.661851
-2.641149
-2.611205
-2.571930
-2.523297
-2.465336
-2.398138
-2.321851
-2.236683
-2.142895
-2.040804
-1.930776
-1.813225
-1.688614
-1.557445
-1.420259
-1.277632
-1.130172
-0.978514
-0.823316
-0.665254
-0.505022
-0.343321
-0.180862
-0.018355
0.143488
0.303962
0.462372
0.618033
0.770280
0.918466
1.061970
1.200190
1.332563
1.458550
1.577651
1.689402
1.793377
1.889192
1.976506
2.055022
2.124489
2.184705
2.235510
2.276801
2.308517
2.330651
2.343244
2.346389
2.340224
2.324939
2.300770
2.268003
2.226965
2.178032
2.121619
2.058182
1.988218
1.912255
1.830860
1.744624
1.654170
1.560143
1.463206
1.364042
1.263345
1.161816
1.060162
0.959088
0.859297
0.761478
0.666311
0.574455
0.486544
0.403188
0.324963
0.252409
0.186025
0.126267
0.073539
0.028199
-0.009454
-0.039175
-0.060782
-0.074153
-0.079230
-0.076016
-0.064584
-0.045066
-0.017664
0.017362
0.059686
0.108924
0.164637
0.226327
0.293451
0.365416
0.441589
0.521298
0.603843
0.688494
0.774504
0.861111
0.947544
1.033034
1.116816
1.198135
1.276257
1.350471
1.420100
1.484501
1.543075
1.595270
1.640586
1.678584
1.708883
1.731168
1.745189
1.750770
1.747802
1.736251
1.716154
1.687620
1.650830
1.606033
1.553543
1.493743
1.427070
1.354020
1.275141
1.191022
1.102299
1.009636
0.913730
0.815293
0.715058
0.613762
0.512143
0.410935
0.310854
0.212602
0.116852
0.024245
-0.064616
-0.149170
-0.228905
-0.303362
-0.372139
-0.434891
-0.491339
-0.541265
-0.584518
-0.621014
-0.650735
-0.673728
-0.690104
-0.700038
-0.703766
-0.701577
-0.693817
-0.680880
-0.663204
-0.641268
-0.615586
-0.586697
-0.555168
-0.521580
-0.486527
-0.450606
-0.414414
-0.378541
-0.343566
-0.310045
-0.278514
-0.249478
-0.223411
-0.200745
-0.181875
-0.167148
-0.156863
-0.151268
-0.150562
-0.154887
-0.164333
-0.178932
-0.198666
-0.223460
-0.253187
-0.287673
-0.326690
-0.369970
-0.417198
-0.468019
-0.522047
-0.578861
-0.638012
-0.699027
-0.761416
-0.824674
-0.888283
-0.951723
-1.014473
-1.076012
-1.135830
-1.193427
-1.248319
-1.300042
-1.348155
-1.392242
-1.431916
-1.466822
-1.496641
-1.521086
-1.539912
-1.552908
-1.559906
-1.560780
-1.555440
-1.543842
-1.525981
-1.501892
-1.471650
-1.435369
-1.393199
-1.345328
-1.291977
-1.233399
-1.169881
-1.101734
-1.029299
-0.952938
-0.873038
-0.790001
-0.704251
-0.616223
-0.526362
-0.435127
-0.342980
-0.250387
-0.157818
-0.065740
0.025385
0.115096
0.202946
0.288496
0.371320
0.451008
0.527168
0.599426
0.667432
0.730857
0.789401
0.842788
0.890771
0.933137
0.969703
1.000318
1.024866
1.043266
1.055476
1.061486
1.061329
1.055069
1.042812
1.024701
1.000913
0.971664
0.937206
0.897822
0.853831
0.805583
0.753454
0.697851
0.639205
0.577970
0.514617
0.449637
0.383532
0.316814
0.250003
0.183622
0.118191
0.054227
-0.007761
-0.067278
-0.123846
-0.177003
-0.226315
-0.271373
-0.311800
-0.347252
-0.377421
-0.402042
-0.420889
-0.433781
-0.440584
-0.441211
-0.435624
-0.423832
-0.405897
-0.381927
-0.352083
-0.316567
-0.275633
-0.229577
-0.178737
-0.123489
-0.064249
-0.001462
0.064396
0.132825
0.203303
0.275291
0.348242
0.421597
0.494798
0.567291
0.638525
0.707963
0.775091
0.839407
0.900444
0.957760
1.010949
1.059642
1.103511
1.142274
1.175693
1.203578
1.225789
1.242240
1.252892
1.257761
1.256912
1.250464
1.238581
1.221478
1.199413
1.172690
1.141650
1.106671
1.068166
1.026575
0.982365
0.936022
0.888049
0.838961
0.789278
0.739526
0.690223
0.641886
0.595014
0.550096
0.507595
0.467955
0.431588
0.398876
0.370168
0.345773
0.325963
0.310964
0.300962
0.296098
0.296465
0.302112
0.313041
0.329206
0.350519
0.376846
0.408008
0.443788
0.483928
0.528133
0.576073
0.627388
0.681687
0.738555
0.797555
0.858229
0.920105
0.982699
1.045517
1.108065
1.169841
1.230348
1.289098
1.345605
1.399400
1.450028
1.497051
1.540051
1.578634
1.612432
1.641103
1.664334
1.681848
1.693393
1.698756
1.697760
1.690260
1.676151
1.655362
1.627863
1.593657
1.552789
1.505336
1.451417
1.391181
1.324816
1.252543
1.174617
1.091322
1.002973
0.909915
0.812520
0.711183
0.606324
0.498382
0.387820
0.275109
0.160744
0.045224
-0.070939
-0.187226
-0.303115
-0.418084
-0.531610
-0.643176
-0.752272
-0.858397
-0.961063
-1.059798
-1.154149
-1.243684
-1.327992
-1.406692
-1.479431
-1.545885
-1.605765
-1.658819
-1.704829
-1.743617
-1.775046
-1.799022
-1.815490
-1.824441
-1.825908
-1.819968
-1.806744
-1.786398
-1.759137
-1.725209
-1.684901
-1.638537
-1.586481
-1.529127
-1.466899
-1.400254
-1.329670
-1.255648
-1.178707
-1.099381
-1.018212
-0.935752
-0.852551
-0.769160
-0.686124
-0.603976
-0.523235
-0.444403
-0.367956
-0.294348
-0.224001
-0.157304
-0.094610
-0.036235
0.017550
0.066514
0.110473
0.149288
0.182869
0.211172
0.234201
0.252009
0.264695
0.272403
0.275320
0.273679
0.267749
0.257836
0.244281
0.227456
0.207755
0.185602
0.161435
0.135709
0.108886
0.081437
0.053831
0.026539
0.000018
-0.025283
-0.048930
-0.070514
-0.089646
-0.105965
-0.119142
-0.128880
-0.134921
-0.137042
-0.135063
-0.128845
-0.118291
-0.103350
-0.084014
-0.060316
-0.032335
-0.000191
0.035953
0.075901
0.119413
0.166220
0.216018
0.268477
0.323239
0.379926
0.438140
0.497468
0.557489
0.617770
0.677878
0.737380
0.795847
0.852857
0.908001
0.960883
1.011126
1.058373
1.102292
1.142577
1.178948
1.211156
1.238987
1.262256
1.280812
1.294542
1.303365
1.307238
1.306149
1.300125
1.289223
1.273536
1.253185
1.228322
1.199130
1.165815
1.128608
1.087765
1.043557
0.996279
0.946234
0.893744
0.839138
0.782754
0.724935
0.666026
0.606375
0.546326
0.486218
0.426387
0.367158
0.308847
0.251757
0.196176
0.142377
0.090616
0.041131
-0.005863
-0.050170
-0.091618
-0.130057
-0.165362
-0.197435
-0.226199
-0.251607
-0.273636
-0.292294
-0.307609
-0.319643
-0.328478
-0.334226
-0.337025
-0.337036
-0.334446
-0.329466
-0.322326
-0.313281
-0.302604
-0.290586
-0.277536
-0.263775
-0.249637
-0.235466
-0.221615
-0.208441
-0.196302
-0.185555
-0.176555
-0.169648
-0.165170
-0.163444
-0.164774
-0.169445
-0.177717
-0.189824
-0.205967
-0.226313
-0.250994
-0.280101
-0.313682
-0.351740
-0.394232
-0.441064
-0.492095
-0.547128
-0.605919
-0.668169
-0.733530
-0.801600
-0.871932
-0.944028
-1.017349
-1.091311
-1.165296
-1.238649
-1.310688
-1.380705
-1.447978
-1.511768
-1.571334
-1.625933
-1.674832
-1.717312
-1.752678
-1.780263
-1.799438
-1.809619
-1.810273
-1.800926
-1.781168
-1.750664
-1.709150
-1.656450
-1.592470
-1.517208
-1.430757
-1.333303
-1.225131
-1.106619
-0.978247
-0.840587
-0.694305
-0.540153
-0.378974
-0.211683
-0.039273
0.137200
0.316620
0.497826
0.679613
0.860750
1.039988
1.216069
1.387741
1.553767
1.712938
1.864083
2.006086
2.137890
2.258514
2.367059
2.462721
2.544801
2.612709
2.665974
2.704252
2.727327
2.735120
2.727686
2.705221
2.668058
2.616668
2.551660
2.473766
2.383851
2.282894
2.171988
2.052323
1.925187
1.791942
1.654021
1.512911
1.370142
1.227267
1.085856
0.947472
0.813662
0.685942
0.565778
0.454572
0.353652
0.264257
0.187519
0.124460
0.075974
0.042821
0.025616
0.024826
0.040760
0.073566
0.123232
0.189577
0.272260
0.370777
0.484466
0.612511
0.753950
0.907683
1.072480
1.246994
1.429770
1.619258
1.813832
2.011793
2.211399
2.410869
2.608402
2.802197
2.990465
3.171445
3.343421
3.504740
3.653820
3.789170
3.909402
4.013239
4.099532
4.167265
4.215569
4.243724
4.251165
4.237494
4.202473
4.146030
4.068262
3.969430
3.849956
3.710420
3.551555
3.374239
3.179488
2.968446
2.742373
2.502642
2.250715
1.988143
1.716544
1.437593
1.153011
0.864545
0.573963
0.283029
-0.006499
-0.292890
-0.574448
-0.849527
-1.116544
-1.373985
-1.620415
-1.854495
-2.074979
-2.280732
-2.470727
-2.644058
-2.799937
-2.937704
-3.056824
-3.156890
-3.237624
-3.298875
-3.340619
-3.362951
-3.366091
-3.350369
-3.316231
-3.264222
-3.194990
-3.109276
-3.007905
-2.891777
-2.761867
-2.619210
-2.464898
-2.300066
-2.125891
-1.943579
-1.754357
-1.559470
-1.360167
-1.157701
-0.953313
-0.748232
-0.543666
-0.340800
-0.140780
0.055282
0.246318
0.431308
0.609282
0.779329
0.940595
1.092288
1.233684
1.364123
1.483017
1.589847
1.684170
1.765611
1.833875
1.888737
1.930047
1.957731
1.971788
1.972289
1.959376
1.933263
1.894231
1.842628
1.778869
1.703427
1.616838
1.519691
1.412633
1.296356
1.171601
1.039152
0.899831
0.754491
0.604018
0.449323
0.291335
0.130998
-0.030732
-0.192897
-0.354539
-0.514704
-0.672453
-0.826862
-0.977028
-1.122079
-1.261173
-1.393507
-1.518320
-1.634899
-1.742583
-1.840765
-1.928900
-2.006505
-2.073164
-2.128528
-2.172321
-2.204339
-2.224452
-2.232606
-2.228819
-2.213189
-2.185884
-2.147145
-2.097286
-2.036691
-1.965805
-1.885141
-1.795266
-1.696807
-1.590437
-1.476878
-1.356888
-1.231265
-1.100831
-0.966435
-0.828940
-0.689222
-0.548162
-0.406639
-0.265524
-0.125676
0.012066
0.146886
0.278000
0.404658
0.526150
0.641810
0.751019
0.853210
0.947871
1.034547
1.112840
1.182415
1.242999
1.294379
1.336405
1.368993
1.392115
1.405806
1.410157
1.405317
1.391488
1.368923
1.337921
1.298826
1.252022
1.197932
1.137008
1.069732
0.996610
0.918169
0.834950
0.747507
0.656402
0.562200
0.465465
0.366760
0.266638
0.165645
0.064311
-0.036848
-0.137334
-0.236668
-0.334395
-0.430084
-0.523323
-0.613731
-0.700951
-0.784652
-0.864526
-0.940297
-1.011711
-1.078540
-1.140582
-1.197654
-1.249602
-1.296288
-1.337596
-1.373431
-1.403715
-1.428382
-1.447390
-1.460706
-1.468311
-1.470200
-1.466376
-1.456857
-1.441671
-1.420856
-1.394455
-1.362530
-1.325143
-1.282373
-1.234304
-1.181035
-1.122675
-1.059342
-0.991174
-0.918313
-0.840925
-0.759185
-0.673286
-0.583440
-0.489876
-0.392841
-0.292604
-0.189451
-0.083690
0.024348
0.134315
0.245839
0.358531
0.471980
0.585754
0.699409
0.812480
0.924491
1.034949
1.143355
1.249199
1.351967
1.451143
1.546211
1.636659
1.721984
1.801693
1.875310
1.942376
2.002454
2.055138
2.100046
2.136837
2.165201
2.184875
2.195637
2.197315
2.189784
2.172975
2.146872
2.111516
2.067006
2.013500
1.951215
1.880428
1.801473
1.714744
1.620690
1.519815
1.412674
1.299874
1.182066
1.059940
0.934228
0.805694
0.675129
0.543349
0.411184
0.279477
0.149078
0.020834
-0.104413
-0.225836
-0.342626
-0.453998
-0.559204
-0.657526
-0.748294
-0.830885
-0.904728
-0.969310
-1.024182
-1.068959
-1.103324
-1.127033
-1.139915
-1.141874
-1.132891
-1.113023
-1.082402
-1.041237
-0.989812
-0.928481
-0.857667
-0.777863
-0.689618
-0.593546
-0.490312
-0.380630
-0.265258
-0.144993
-0.020662
0.106881
0.236761
0.368092
0.499981
0.631532
0.761859
0.890085
1.015353
1.136831
1.253715
1.365238
1.470675
1.569342
1.660609
1.743895
1.818681
1.884501
1.940958
1.987713
2.024495
2.051100
2.067389
2.073290
2.068798
2.053973
2.028937
1.993875
1.949031
1.894707
1.831257
1.759088
1.678651
1.590443
1.495000
1.392892
1.284721
1.171116
1.052726
0.930222
0.804284
0.675603
0.544876
0.412798
0.280061
0.147351
0.015341
-0.115312
-0.243968
-0.370011
-0.492848
-0.611915
-0.726680
-0.836643
-0.941340
-1.040342
-1.133264
-1.219757
-1.299515
-1.372278
-1.437827
-1.495989
-1.546634
-1.589679
-1.625085
-1.652859
-1.673051
-1.685755
-1.691108
-1.689289
-1.680518
-1.665052
-1.643188
-1.615257
-1.581623
-1.542683
-1.498862
-1.450609
-1.398403
-1.342738
-1.284127
-1.223098
-1.160193
-1.095957
-1.030943
-0.965702
-0.900787
-0.836738
-0.774091
-0.713364
-0.655058
-0.599655
-0.547611
-0.499353
-0.455277
-0.415747
-0.381085
-0.351577
-0.327466
-0.308947
-0.296173
-0.289245
-0.288220
-0.293100
-0.303841
-0.320347
-0.342474
-0.370029
-0.402772
-0.440417
-0.482638
-0.529066
-0.579297
-0.632891
-0.689381
-0.748273
-0.809052
-0.871188
-0.934138
-0.997352
-1.060282
-1.122381
-1.183114
-1.241960
-1.298418
-1.352012
-1.402298
-1.448865
-1.491340
-1.529396
-1.562750
-1.591171
-1.614478
-1.632546
-1.645305
-1.652742
-1.654901
-1.651884
-1.643847
-1.631002
-1.613611
-1.591988
-1.566491
-1.537523
-1.505521
-1.470958
-1.434334
-1.396169
-1.357003
-1.317382
-1.277857
-1.238978
-1.201282
-1.165292
-1.131508
-1.100402
-1.072410
-1.047930
-1.027312
-1.010857
-0.998812
-0.991365
-0.988642
-0.990707
-0.997557
-1.009123
-1.025270
-1.045794
-1.070432
-1.098853
-1.130668
-1.165430
-1.202641
-1.241755
-1.282185
-1.323306
-1.364465
-1.404983
-1.444170
-1.481322
-1.515739
-1.546728
-1.573608
-1.595720
-1.612441
-1.623178
-1.627388
-1.624575
-1.614303
-1.596196
-1.569950
-1.535327
-1.492170
-1.440397
-1.380008
-1.311084
-1.233788
-1.148366
-1.055143
-0.954523
-0.846983
-0.733075
-0.613416
-0.488685
-0.359617
-0.226997
-0.091651
0.045555
0.183735
0.321976
0.459359
0.594962
0.727867
0.857169
0.981990
1.101478
1.214823
1.321259
1.420071
1.510608
1.592278
1.664563
1.727021
1.779285
1.821073
1.852184
1.872504
1.882007
1.880751
1.868878
1.846617
1.814276
1.772241
1.720973
1.661001
1.592919
1.517381
1.435092
1.346804
1.253311
1.155434
1.054024
0.949947
0.844080
0.737304
0.630493
0.524512
0.420206
0.318395
0.219866
0.125372
0.035619
-0.048732
-0.127074
-0.198857
-0.263589
-0.320843
-0.370256
-0.411531
-0.444441
-0.468825
-0.484590
-0.491712
-0.490234
-0.480260
-0.461960
-0.435565
-0.401357
-0.359679
-0.310918
-0.255511
-0.193936
-0.126708
-0.054375
0.022486
0.103272
0.187365
0.274130
0.362921
0.453086
0.543976
0.634941
0.725341
0.814543
0.901934
0.986916
1.068913
1.147374
1.221775
1.291622
1.356454
1.415842
1.469393
1.516753
1.557606
1.591674
1.618721
1.638551
1.651011
1.655987
1.653408
1.643244
1.625506
1.600246
1.567553
1.527559
1.480432
1.426376
1.365632
1.298474
1.225210
1.146178
1.061748
0.972314
0.878298
0.780145
0.678323
0.573317
0.465631
0.355781
0.244299
0.131723
0.018599
-0.094520
-0.207086
-0.318544
-0.428350
-0.535966
-0.640861
-0.742519
-0.840439
-0.934140
-1.023161
-1.107064
-1.185441
-1.257908
-1.324119
-1.383756
-1.436540
-1.482228
-1.520618
-1.551548
-1.574898
-1.590592
-1.598598
-1.598926
-1.591634
-1.576824
-1.554640
-1.525273
-1.488955
-1.445959
-1.396601
-1.341232
-1.280244
-1.214059
-1.143133
-1.067951
-0.989025
-0.906890
-0.822101
-0.735229
-0.646858
-0.557586
-0.468012
-0.378740
-0.290372
-0.203505
-0.118729
-0.036619
0.042264
0.117379
0.188206
0.254254
0.315055
0.370181
0.419230
0.461843
0.497696
0.526509
0.548042
0.562103
0.568542
0.567256
0.558193
0.541346
0.516756
0.484512
0.444752
0.397661
0.343470
0.282456
0.214939
0.141282
0.061888
-0.022797
-0.112297
-0.206098
-0.303654
-0.404392
-0.507712
-0.612993
-0.719592
-0.826855
-0.934111
-1.040682
-1.145886
-1.249040
-1.349464
-1.446486
-1.539444
-1.627692
-1.710604
-1.787577
-1.858036
-1.921438
-1.977273
-2.025074
-2.064415
-2.094914
-2.116242
-2.128121
-2.130329
-2.122700
-2.105129
-2.077574
-2.040053
-1.992652
-1.935520
-1.868871
-1.792987
-1.708210
-1.614949
-1.513674
-1.404915
-1.289259
-1.167347
-1.039870
-0.907569
-0.771225
-0.631655
-0.489713
-0.346275
-0.202240
-0.058522
0.083956
0.224273
0.361513
0.494768
0.623155
0.745816
0.861923
0.970694
1.071389
1.163323
1.245873
1.318476
1.380644
1.431961
1.472090
1.500779
1.517858
1.523249
1.516960
1.499090
1.469830
1.429456
1.378338
1.316924
1.245751
1.165431
1.076651
0.980165
0.876791
0.767405
0.652927
0.534323
0.412590
0.288750
0.163840
0.038907
-0.085006
-0.206869
-0.325667
-0.440418
-0.550177
-0.654044
-0.751172
-0.840779
-0.922149
-0.994641
-1.057696
-1.110837
-1.153680
-1.185934
-1.207399
-1.217976
-1.217663
-1.206553
-1.184836
-1.152796
-1.110808
-1.059333
-0.998914
-0.930170
-0.853793
-0.770537
-0.681210
-0.586672
-0.487822
-0.385586
-0.280918
-0.174782
-0.068145
0.038031
0.142796
0.245226
0.344428
0.439549
0.529784
0.614383
0.692657
0.763983
0.827814
0.883676
0.931178
0.970011
0.999951
1.020860
1.032685
1.035462
1.029304
1.014412
0.991061
0.959603
0.920455
0.874104
0.821091
0.762010
0.697502
0.628245
0.554945
0.478336
0.399165
0.318186
0.236155
0.153819
0.071912
-0.008854
-0.087797
-0.164267
-0.237654
-0.307396
-0.372977
-0.433939
-0.489875
-0.540446
-0.585366
-0.624417
-0.657444
-0.684355
-0.705118
-0.719765
-0.728387
-0.731130
-0.728194
-0.719827
-0.706327
-0.688028
-0.665303
-0.638557
-0.608220
-0.574742
-0.538591
-0.500243
-0.460179
-0.418880
-0.376820
-0.334466
-0.292264
-0.250646
-0.210018
-0.170758
-0.133216
-0.097707
-0.064513
-0.033874
-0.005997
0.018955
0.040857
0.059626
0.075218
0.087628
0.096890
0.103075
0.106289
0.106671
0.104391
0.099645
0.092657
0.083673
0.072956
0.060790
0.047470
0.033298
0.018588
0.003655
-0.011182
-0.025610
-0.039319
-0.052006
-0.063378
-0.073155
-0.081072
-0.086879
-0.090346
-0.091262
-0.089438
-0.084710
-0.076935
-0.065995
-0.051803
-0.034296
-0.013435
0.010784
0.038345
0.069196
0.103259
0.140429
0.180572
0.223524
0.269095
0.317065
0.367192
0.419202
0.472798
0.527658
0.583439
0.639770
0.696264
0.752512
0.808088
0.862549
0.915438
0.966286
1.014617
1.059945
1.101782
1.139638
1.173027
1.201468
1.224488
1.241632
1.252457
1.256545
1.253502
1.242963
1.224601
1.198122
1.163280
1.119872
1.067746
1.006808
0.937019
0.858402
0.771046
0.675107
0.570809
0.458448
0.338393
0.211084
0.077034
-0.063170
-0.208872
-0.359346
-0.513802
-0.671385
-0.831181
-0.992227
-1.153508
-1.313967
-1.472515
-1.628032
-1.779382
-1.925416
-2.064984
-2.196942
-2.320165
-2.433553
-2.536043
-2.626620
-2.704322
-2.768255
-2.817600
-2.851623
-2.869680
-2.871231
-2.855840
-2.823189
-2.773077
-2.705428
-2.620296
-2.517862
-2.398444
-2.262489
-2.110577
-1.943417
-1.761846
-1.566822
-1.359417
-1.140816
-0.912303
-0.675256
-0.431135
-0.181470
0.072148
0.328082
0.584658
0.840185
1.092963
1.341300
1.583526
1.818008
2.043160
2.257464
2.459477
2.647845
2.821317
2.978755
3.119144
3.241601
3.345383
3.429894
3.494693
3.539490
3.564159
3.568731
3.553396
3.518504
3.464558
3.392210
3.302257
3.195627
3.073380
2.936688
2.786834
2.625188
2.453205
2.272404
2.084359
1.890679
1.692997
1.492953
1.292180
1.092288
0.894850
0.701385
0.513352
0.332126
0.158997
-0.004851
-0.158339
-0.300515
-0.430547
-0.547741
-0.651540
-0.741528
-0.817433
-0.879125
-0.926617
-0.960065
-0.979758
-0.986117
-0.979687
-0.961131
-0.931219
-0.890821
-0.840892
-0.782465
-0.716637
-0.644557
-0.567412
-0.486415
-0.402791
-0.317766
-0.232550
-0.148331
-0.066254
0.012582
0.087139
0.156452
0.219632
0.275879
0.324489
0.364857
0.396484
0.418980
0.432065
0.435573
0.429450
0.413752
0.388646
0.354400
0.311388
0.260073
0.201012
0.134838
0.062260
-0.015949
-0.098961
-0.185903
-0.275864
-0.367911
-0.461095
-0.554458
-0.647050
-0.737936
-0.826204
-0.910974
-0.991409
-1.066721
-1.136179
-1.199114
-1.254925
-1.303088
-1.343153
-1.374754
-1.397605
-1.411507
-1.416346
-1.412091
-1.398796
-1.376599
-1.345711
-1.306424
-1.259101
-1.204170
-1.142123
-1.073509
-0.998925
-0.919013
-0.834456
-0.745964
-0.654273
-0.560137
-0.464322
-0.367597
-0.270729
-0.174478
-0.079587
0.013217
0.103232
0.189789
0.272251
0.350019
0.422536
0.489289
0.549813
0.603695
0.650568
0.690121
0.722095
0.746286
0.762540
0.770760
0.770899
0.762963
0.747006
0.723134
0.691495
0.652285
0.605744
0.552146
0.491810
0.425086
0.352359
0.274042
0.190576
0.102428
0.010086
-0.085942
-0.185132
-0.286947
-0.390836
-0.496243
-0.602603
-0.709348
-0.815912
-0.921728
-1.026234
-1.128877
-1.229110
-1.326401
-1.420233
-1.510104
-1.595533
-1.676061
-1.751254
-1.820705
-1.884037
-1.940903
-1.990992
-2.034028
-2.069774
-2.098034
-2.118651
-2.131514
-2.136556
-2.133754
-2.123136
-2.104774
-2.078788
-2.045347
-2.004666
-1.957010
-1.902685
-1.842046
-1.775490
-1.703451
-1.626407
-1.544867
-1.459375
-1.370503
-1.278848
-1.185027
-1.089675
-0.993439
-0.896972
-0.800929
-0.705963
-0.612717
-0.521824
-0.433894
-0.349517
-0.269250
-0.193619
-0.123114
-0.058175
0.000798
0.053460
0.099518
0.138736
0.170938
0.196009
0.213899
0.224617
0.228240
0.224907
0.214820
0.198243
0.175499
0.146968
0.113083
0.074328
0.031234
-0.015628
-0.065651
-0.118192
-0.172589
-0.228154
-0.284188
-0.339983
-0.394830
-0.448026
-0.498877
-0.546705
-0.590860
-0.630717
-0.665685
-0.695217
-0.718805
-0.735995
-0.746383
-0.749624
-0.745430
-0.733578
-0.713907
-0.686323
-0.650797
-0.607368
-0.556142
-0.497289
-0.431041
-0.357697
-0.277611
-0.191198
-0.098922
-0.001298
0.101112
0.207707
0.317849
0.430870
0.546074
0.662748
0.780158
0.897567
1.014229
1.129398
1.242340
1.352327
1.458652
1.560625
1.657585
1.748902
1.833977
1.912255
1.983216
2.046390
2.101353
2.147730
2.185200
2.213496
2.232402
2.241765
2.241480
2.231510
2.211865
2.182616
2.143890
2.095869
2.038787
1.972931
1.898637
1.816292
1.726326
1.629214
1.525470
1.415647
1.300334
1.180149
1.055739
0.927776
0.796955
0.663984
0.529587
0.394500
0.259461
0.125211
-0.007511
-0.137974
-0.265453
-0.389245
-0.508659
-0.623029
-0.731718
-0.834117
-0.929652
-1.017788
-1.098032
-1.169935
-1.233097
-1.287170
-1.331860
-1.366931
-1.392203
-1.407560
-1.412946
-1.408372
-1.393911
-1.369703
-1.335950
-1.292923
-1.240953
-1.180436
-1.111829
-1.035645
-0.952454
-0.862879
-0.767592
-0.667309
-0.562786
-0.454817
-0.344222
-0.231850
-0.118566
-0.005247
0.107221
0.217956
0.326078
0.430726
0.531055
0.626250
0.715528
0.798144
0.873402
0.940657
0.999321
1.048867
1.088837
1.118842
1.138571
1.147785
1.146332
1.134136
1.111208
1.077638
1.033603
0.979359
0.915244
0.841672
0.759132
0.668185
0.569458
0.463639
0.351472
0.233750
0.111314
-0.014964
-0.144179
-0.275403
-0.407697
-0.540110
-0.671696
-0.801514
-0.928642
-1.052179
-1.171257
-1.285042
-1.392746
-1.493632
-1.587016
-1.672277
-1.748858
-1.816271
-1.874098
-1.922002
-1.959716
-1.987055
-2.003911
-2.010252
-2.006127
-1.991659
-1.967044
-1.932549
-1.888508
-1.835317
-1.773434
-1.703368
-1.625678
-1.540965
-1.449869
-1.353061
-1.251235
-1.145107
-1.035403
-0.922856
-0.808200
-0.692163
-0.575462
-0.458793
-0.342836
-0.228239
-0.115619
-0.005560
0.101397
0.204750
0.304046
0.398877
0.488885
0.573763
0.653255
0.727156
0.795313
0.857625
0.914038
0.964549
1.009201
1.048083
1.081323
1.109091
1.131593
1.149070
1.161790
1.170054
1.174181
1.174512
1.171407
1.165235
1.156379
1.145225
1.132164
1.117588
1.101883
1.085429
1.068601
1.051757
1.035245
1.019396
1.004522
0.990915
0.978845
0.968559
0.960279
0.954200
0.950492
0.949294
0.950720
0.954852
0.961744
0.971419
0.983872
0.999066
1.016935
1.037384
1.060287
1.085493
1.112819
1.142059
1.172977
1.205314
1.238788
1.273092
1.307900
1.342866
1.377628
1.411805
1.445006
1.476827
1.506856
1.534675
1.559860
1.581990
1.600644
1.615408
1.625873
1.631645
1.632344
1.627607
1.617095
1.600492
1.577511
1.547894
1.511421
1.467906
1.417205
1.359217
1.293885
1.221199
1.141199
1.053972
0.959663
0.858462
0.750618
0.636426
0.516238
0.390455
0.259529
0.123958
-0.015714
-0.158901
-0.304976
-0.453279
-0.603114
-0.753762
-0.904480
-1.054507
-1.203072
-1.349396
-1.492699
-1.632208
-1.767160
-1.896809
-2.020436
-2.137345
-2.246880
-2.348424
-2.441405
-2.525303
-2.599654
-2.664052
-2.718155
-2.761689
-2.794447
-2.816296
-2.827175
-2.827097
-2.816150
-2.794494
-2.762363
-2.720064
-2.667970
-2.606519
-2.536217
-2.457621
-2.371346
-2.278053
-2.178449
-2.073272
-1.963298
-1.849319
-1.732150
-1.612613
-1.491534
-1.369735
-1.248027
-1.127204
-1.008034
-0.891257
-0.777571
-0.667638
-0.562067
-0.461417
-0.366188
-0.276820
-0.193690
-0.117108
-0.047317
0.015513
0.071277
0.119941
0.161543
0.196184
0.224033
0.245321
0.260337
0.269426
0.272985
0.271456
0.265324
0.255105
0.241354
0.224640
0.205557
0.184707
0.162700
0.140143
0.117640
0.095778
0.075129
0.056240
0.039628
0.025780
0.015142
0.008119
0.005072
0.006312
0.012103
0.022655
0.038122
0.058611
0.084167
0.114789
0.150416
0.190942
0.236209
0.286011
0.340101
0.398190
0.459951
0.525025
0.593024
0.663533
0.736120
0.810334
0.885716
0.961797
1.038108
1.114185
1.189567
1.263805
1.336467
1.407138
1.475427
1.540967
1.603418
1.662474
1.717859
1.769331
1.816684
1.859749
1.898393
1.932518
1.962066
1.987011
2.007364
2.023168
2.034496
2.041453
2.044171
2.042805
2.037533
2.028554
2.016081
2.000342
1.981576
1.960029
1.935952
1.909596
1.881215
1.851055
1.819359
1.786361
1.752282
1.717333
1.681709
1.645592
1.609143
1.572509
1.535818
1.499176
1.462674
1.426381
1.390350
1.354617
1.319195
1.284087
1.249280
1.214744
1.180443
1.146324
1.112331
1.078397
1.044452
1.010422
0.976232
0.941806
0.907070
0.871955
0.836396
0.800334
0.763718
0.726506
0.688665
0.650171
0.611013
0.571190
0.530713
0.489601
0.447888
0.405617
0.362838
0.319615
0.276015
0.232115
0.187997
0.143746
0.099451
0.055202
0.011089
-0.032800
-0.076381
-0.119574
-0.162306
-0.204514
-0.246140
-0.287139
-0.327478
-0.367136
-0.406105
-0.444390
-0.482012
-0.519006
-0.555421
-0.591320
-0.626780
-0.661889
-0.696750
-0.731476
-0.766186
-0.801013
-0.836091
-0.871559
-0.907560
-0.944236
-0.981726
-1.020166
-1.059681
-1.100392
-1.142405
-1.185809
-1.230682
-1.277079
-1.325034
-1.374560
-1.425644
-1.478246
-1.532299
-1.587708
-1.644347
-1.702060
-1.760661
-1.819935
-1.879636
-1.939487
-1.999188
-2.058409
-2.116797
-2.173976
-2.229550
-2.283106
-2.334217
-2.382445
-2.427344
-2.468464
-2.505358
-2.537578
-2.564689
-2.586267
-2.601902
-2.611210
-2.613827
-2.609422
-2.597694
-2.578380
-2.551258
-2.516149
-2.472919
-2.421487
-2.361819
-2.293937
-2.217920
-2.133898
-2.042062
-1.942660
-1.835994
-1.722425
-1.602367
-1.476290
-1.344711
-1.208199
-1.067368
-0.922874
-0.775411
-0.625707
-0.474521
-0.322635
-0.170854
-0.019994
0.129118
0.275651
0.418777
0.557675
0.691537
0.819578
0.941033
1.055171
1.161292
1.258742
1.346908
1.425229
1.493197
1.550361
1.596332
1.630785
1.653458
1.664162
1.662774
1.649243
1.623589
1.585903
1.536348
1.475154
1.402621
1.319116
1.225068
1.120969
1.007367
0.884866
0.754120
0.615829
0.470737
0.319621
0.163294
0.002594
-0.161618
-0.328466
-0.497060
-0.666505
-0.835908
-1.004375
-1.171027
-1.334996
-1.495435
-1.651520
-1.802457
-1.947480
-2.085865
-2.216923
-2.340009
-2.454525
-2.559922
-2.655699
-2.741409
-2.816658
-2.881110
-2.934481
-2.976547
-3.007138
-3.026144
-3.033507
-3.029228
-3.013362
-2.986016
-2.947347
-2.897565
-2.836928
-2.765737
-2.684338
-2.593118
-2.492502
-2.382951
-2.264960
-2.139050
-2.005774
-1.865706
-1.719441
-1.567595
-1.410796
-1.249686
-1.084914
-0.917138
-0.747019
-0.575216
-0.402390
-0.229193
-0.056274
0.115731
0.286195
0.454507
0.620073
0.782316
0.940681
1.094633
1.243661
1.387283
1.525039
1.656501
1.781269
1.898973
2.009276
2.111874
2.206493
2.292898
2.370883
2.440281
2.500958
2.552816
2.595792
2.629857
2.655018
2.671317
2.678828
2.677660
2.667953
2.649880
2.623642
2.589473
2.547630
2.498402
2.442101
2.379060
2.309638
2.234210
2.153172
2.066934
1.975922
1.880571
1.781330
1.678653
1.572998
1.464829
1.354610
1.242802
1.129864
1.016250
0.902404
0.788762
0.675747
0.563769
0.453221
0.344480
0.237905
0.133833
0.032581
-0.065560
-0.160318
-0.251449
-0.338732
-0.421974
-0.501005
-0.575686
-0.645899
-0.711556
-0.772595
-0.828976
-0.880688
-0.927741
-0.970171
-1.008035
-1.041412
-1.070400
-1.095117
-1.115698
-1.132295
-1.145074
-1.154216
-1.159911
-1.162362
-1.161780
-1.158385
-1.152402
-1.144060
-1.133593
-1.121239
-1.107234
-1.091816
-1.075222
-1.057687
-1.039443
-1.020720
-1.001741
-0.982728
-0.963894
-0.945448
-0.927594
-0.910525
-0.894432
-0.879495
-0.865889
-0.853776
-0.843317
-0.834658
-0.827940
-0.823291
-0.820832
-0.820673
-0.822914
-0.827642
-0.834933
-0.844849
-0.857442
-0.872745
-0.890779
-0.911548
-0.935040
-0.961222
-0.990045
-1.021440
-1.055315
-1.091558
-1.130032
-1.170578
-1.213011
-1.257123
-1.302680
-1.349423
-1.397063
-1.445291
-1.493768
-1.542134
-1.590002
-1.636963
-1.682590
-1.726429
-1.768018
-1.806871
-1.842495
-1.874389
-1.902040
-1.924938
-1.942571
-1.954437
-1.960038
-1.958895
-1.950548
-1.934559
-1.910521
-1.878060
-1.836840
-1.786572
-1.727012
-1.657970
-1.579314
-1.490974
-1.392945
-1.285288
-1.168140
-1.041706
-0.906271
-0.762197
-0.609921
-0.449958
-0.282901
-0.109418
0.069751
0.253794
0.441833
0.632928
0.826080
1.020240
1.214313
1.407164
1.597631
1.784524
1.966643
2.142781
2.311732
2.472310
2.623342
2.763698
2.892281
3.008052
3.110030
3.197305
3.269045
3.324506
3.363038
3.384092
3.387230
3.372123
3.338562
3.286463
3.215861
3.126920
3.019931
2.895309
2.753600
2.595466
2.421691
2.233173
2.030918
1.816032
1.589720
1.353268
1.108041
0.855469
0.597038
0.334280
0.068758
-0.197944
-0.464231
-0.728513
-0.989217
-1.244796
-1.493745
-1.734608
-1.965995
-2.186588
-2.395153
-2.590549
-2.771736
-2.937783
-3.087875
-3.221318
-3.337543
-3.436110
-3.516711
-3.579170
-3.623441
-3.649612
-3.657899
-3.648641
-3.622299
-3.579448
-3.520774
-3.447062
-3.359188
-3.258117
-3.144886
-3.020594
-2.886398
-2.743498
-2.593122
-2.436527
-2.274974
-2.109724
-1.942028
-1.773116
-1.604184
-1.436387
-1.270831
-1.108561
-0.950557
-0.797725
-0.650893
-0.510804
-0.378111
-0.253378
-0.137073
-0.029568
0.068861
0.158034
0.237863
0.308358
0.369613
0.421810
0.465215
0.500166
0.527077
0.546422
0.558736
0.564607
0.564663
0.559574
0.550035
0.536765
0.520498
0.501974
0.481933
0.461106
0.440214
0.419952
0.400991
0.383972
0.369494
0.358115
0.350348
0.346655
0.347444
0.353067
0.363819
0.379935
0.401588
0.428892
0.461900
0.500603
0.544933
0.594766
0.649919
0.710156
0.775190
0.844685
0.918258
0.995486
1.075905
1.159017
1.244293
1.331174
1.419080
1.507410
1.595549
1.682871
1.768739
1.852518
1.933569
2.011261
2.084970
2.154086
2.218010
2.276170
2.328011
2.373010
2.410665
2.440514
2.462131
2.475121
2.479134
2.473868
2.459059
2.434496
2.400017
2.355507
2.300911
2.236222
2.161492
2.076829
1.982395
1.878413
1.765159
1.642967
1.512229
1.373389
1.226941
1.073441
0.913486
0.747724
0.576847
0.401590
0.222725
0.041058
-0.142572
-0.327301
-0.512245
-0.696502
-0.879158
-1.059294
-1.235991
-1.408334
-1.575419
-1.736361
-1.890295
-2.036387
-2.173837
-2.301884
-2.419813
-2.526959
-2.622717
-2.706536
-2.777934
-2.836496
-2.881880
-2.913817
-2.932117
-2.936668
-2.927440
-2.904482
-2.867925
-2.817979
-2.754936
-2.679165
-2.591107
-2.491280
-2.380265
-2.258713
-2.127329
-1.986877
-1.838168
-1.682055
-1.519430
-1.351216
-1.178354
-1.001808
-0.822546
-0.641542
-0.459764
-0.278168
-0.097692
0.080753
0.256285
0.428061
0.595280
0.757191
0.913093
1.062346
1.204367
1.338641
1.464716
1.582209
1.690810
1.790274
1.880429
1.961174
2.032475
2.094363
2.146937
2.190358
2.224843
2.250665
2.268148
2.277663
2.279620
2.274472
2.262696
2.244801
2.221313
2.192779
2.159750
2.122786
2.082445
2.039280
1.993835
1.946637
1.898198
1.849001
1.799510
1.750151
1.701323
1.653389
1.606671
1.561456
1.517987
1.476472
1.437068
1.399898
1.365040
1.332530
1.302367
1.274509
1.248878
1.225360
1.203808
1.184045
1.165863
1.149032
1.133296
1.118379
1.103990
1.089822
1.075557
1.060870
1.045431
1.028907
1.010967
0.991283
0.969536
0.945415
0.918621
0.888871
0.855897
0.819454
0.779314
0.735279
0.687169
0.634836
0.578159
0.517048
0.451445
0.381322
0.306685
0.227576
0.144069
0.056275
-0.035660
-0.131557
-0.231200
-0.334342
-0.440697
-0.549950
-0.661754
-0.775730
-0.891472
-1.008548
-1.126498
-1.244841
-1.363077
-1.480687
-1.597140
-1.711892
-1.824392
-1.934085
-2.040417
-2.142835
-2.240797
-2.333769
-2.421237
-2.502707
-2.577705
-2.645793
-2.706562
-2.759642
-2.804702
-2.841460
-2.869681
-2.889182
-2.899836
-2.901572
-2.894383
-2.878323
-2.853506
-2.820117
-2.778400
-2.728669
-2.671299
-2.606731
-2.535465
-2.458061
-2.375135
-2.287356
-2.195441
-2.100152
-2.002287
-1.902680
-1.802192
-1.701701
-1.602105
-1.504302
-1.409196
-1.317677
-1.230624
-1.148889
-1.073296
-1.004628
-0.943625
-0.890970
-0.847289
-0.813143
-0.789018
-0.775325
-0.772389
-0.780452
-0.799666
-0.830088
-0.871681
-0.924313
-0.987754
-1.061679
-1.145668
-1.239208
-1.341697
-1.452448
-1.570689
-1.695577
-1.826196
-1.961567
-2.100655
-2.242377
-2.385612
-2.529205
-2.671981
-2.812751
-2.950323
-3.083513
-3.211152
-3.332094
-3.445231
-3.549498
-3.643881
-3.727429
-3.799257
-3.858560
-3.904610
-3.936771
-3.954502
-3.957357
-3.944994
-3.917177
-3.873774
-3.814763
-3.740230
-3.650370
-3.545483
-3.425975
-3.292352
-3.145219
-2.985272
-2.813297
-2.630161
-2.436808
-2.234250
-2.023561
-1.805868
-1.582344
-1.354201
-1.122677
-0.889033
-0.654541
-0.420476
-0.188107
0.041311
0.266544
0.486387
0.699675
0.905288
1.102153
1.289260
1.465659
1.630472
1.782894
1.922198
2.047738
2.158955
2.255376
2.336620
2.402394
2.452499
2.486829
2.505365
2.508187
2.495457
2.467429
2.424442
2.366918
2.295357
2.210338
2.112511
2.002592
1.881364
1.749665
1.608392
1.458484
1.300926
1.136740
0.966979
0.792723
0.615068
0.435126
0.254015
0.072856
-0.107237
-0.285161
-0.459829
-0.630178
-0.795174
-0.953816
-1.105145
-1.248248
-1.382260
-1.506375
-1.619845
-1.721987
-1.812186
-1.889903
-1.954669
-2.006098
-2.043883
-2.067801
-2.077714
-2.073570
-2.055403
-2.023333
-1.977569
-1.918402
-1.846211
-1.761453
-1.664668
-1.556468
-1.437541
-1.308644
-1.170595
-1.024272
-0.870607
-0.710579
-0.545206
-0.375543
-0.202668
-0.027683
0.148301
0.324166
0.498801
0.671103
0.839987
1.004396
1.163309
1.315742
1.460762
1.597491
1.725110
1.842871
1.950096
2.046183
2.130613
2.202953
2.262857
2.310067
2.344420
2.365842
2.374353
2.370064
2.353175
2.323973
2.282831
2.230203
2.166617
2.092675
2.009043
1.916447
1.815667
1.707528
1.592894
1.472661
1.347749
1.219092
1.087632
0.954311
0.820061
0.685802
0.552426
0.420796
0.291739
0.166036
0.044419
-0.072436
-0.183910
-0.289452
-0.388576
-0.480866
-0.565982
-0.643654
-0.713688
-0.775966
-0.830443
-0.877145
-0.916171
-0.947688
-0.971924
-0.989172
-0.999779
-1.004146
-1.002717
-0.995981
-0.984459
-0.968705
-0.949292
-0.926814
-0.901872
-0.875075
-0.847027
-0.818327
-0.789560
-0.761291
-0.734062
-0.708385
-0.684740
-0.663569
-0.645272
-0.630205
-0.618679
-0.610954
-0.607238
-0.607694
-0.612424
-0.621484
-0.634874
-0.652544
-0.674395
-0.700279
-0.730001
-0.763323
-0.799966
-0.839611
-0.881907
-0.926468
-0.972885
-1.020720
-1.069520
-1.118812
-1.168114
-1.216933
-1.264775
-1.311142
-1.355545
-1.397499
-1.436530
-1.472180
-1.504007
-1.531590
-1.554534
-1.572467
-1.585048
-1.591967
-1.592945
-1.587739
-1.576143
-1.557989
-1.533145
-1.501522
-1.463069
-1.417780
-1.365684
-1.306858
-1.241415
-1.169513
-1.091348
-1.007156
-0.917216
-0.821840
-0.721380
-0.616223
-0.506791
-0.393538
-0.276946
-0.157530
-0.035830
0.087592
0.212148
0.337237
0.462234
0.586510
0.709418
0.830309
0.948529
1.063423
1.174343
1.280646
1.381699
1.476888
1.565617
1.647310
1.721422
1.787436
1.844872
1.893287
1.932280
1.961496
1.980628
1.989422
1.987676
1.975248
1.952054
1.918072
1.873340
1.817964
1.752111
1.676015
1.589975
1.494352
1.389571
1.276122
1.154549
1.025456
0.889502
0.747395
0.599892
0.447790
0.291926
0.133169
-0.027583
-0.189409
-0.351374
-0.512532
-0.671930
-0.828620
-0.981662
-1.130130
-1.273117
-1.409748
-1.539177
-1.660599
-1.773255
-1.876432
-1.969476
-2.051791
-2.122844
-2.182171
-2.229379
-2.264146
-2.286227
-2.295455
-2.291738
-2.275066
-2.245505
-2.203201
-2.148373
-2.081317
-2.002399
-1.912058
-1.810794
-1.699171
-1.577811
-1.447388
-1.308626
-1.162289
-1.009180
-0.850133
-0.686007
-0.517682
-0.346051
-0.172016
0.003521
0.179663
0.355520
0.530218
0.702905
0.872754
1.038969
1.200789
1.357490
1.508393
1.652865
1.790321
1.920227
2.042105
2.155530
2.260135
2.355607
2.441694
2.518200
2.584986
2.641971
2.689126
2.726478
2.754105
2.772136
2.780745
2.780154
2.770624
2.752456
2.725990
2.691594
2.649670
2.600642
2.544960
2.483092
2.415519
2.342739
2.265255
2.183577
2.098217
2.009686
1.918490
1.825129
1.730093
1.633860
1.536889
1.439628
1.342499
1.245906
1.150229
1.055822
0.963010
0.872093
0.783342
0.696993
0.613256
0.532305
0.454287
0.379312
0.307459
0.238776
0.173279
0.110953
0.051750
-0.004403
-0.057611
-0.108003
-0.155736
-0.200988
-0.243962
-0.284877
-0.323974
-0.361506
-0.397741
-0.432954
-0.467431
-0.501462
-0.535338
-0.569349
-0.603782
-0.638916
-0.675021
-0.712353
-0.751154
-0.791645
-0.834027
-0.878477
-0.925146
-0.974155
-1.025596
-1.079527
-1.135972
-1.194921
-1.256325
-1.320100
-1.386123
-1.454232
-1.524232
-1.595885
-1.668921
-1.743033
-1.817885
-1.893106
-1.968296
-2.043032
-2.116867
-2.189332
-2.259944
-2.328207
-2.393616
-2.455661
-2.513833
-2.567626
-2.616543
-2.660099
-2.697825
-2.729279
-2.754038
-2.771714
-2.781949
-2.784426
-2.778865
-2.765033
-2.742741
-2.711851
-2.672275
-2.623977
-2.566976
-2.501344
-2.427208
-2.344749
-2.254203
-2.155855
-2.050044
-1.937156
-1.817625
-1.691925
-1.560572
-1.424118
-1.283147
-1.138273
-0.990128
-0.839370
-0.686666
-0.532695
-0.378137
-0.223674
-0.069982
0.082277
0.232452
0.379917
0.524066
0.664324
0.800149
0.931033
1.056510
1.176153
1.289581
1.396457
1.496496
1.589456
1.675151
1.753438
1.824228
1.887477
1.943192
1.991422
2.032263
2.065851
2.092362
2.112009
2.125036
2.131717
2.132357
2.127277
2.116822
2.101349
2.081229
2.056838
2.028558
1.996771
1.961855
1.924182
1.884114
1.842002
1.798181
1.752967
1.706660
1.659536
1.611849
1.563830
1.515685
1.467596
1.419717
1.372180
1.325090
1.278530
1.232558
1.187211
1.142505
1.098438
1.054988
1.012119
0.969783
0.927918
0.886453
0.845309
0.804404
0.763650
0.722958
0.682240
0.641410
0.600388
0.559096
0.517466
0.475437
0.432955
0.389981
0.346483
0.302442
0.257851
0.212712
0.167045
0.120875
0.074243
0.027200
-0.020194
-0.067866
-0.115737
-0.163719
-0.211717
-0.259628
-0.307347
-0.354763
-0.401760
-0.448225
-0.494040
-0.539089
-0.583256
-0.626429
-0.668497
-0.709353
-0.748895
-0.787026
-0.823655
-0.858698
-0.892076
-0.923719
-0.953564
-0.981556
-1.007647
-1.031798
-1.053980
-1.074168
-1.092350
-1.108521
-1.122683
-1.134846
-1.145032
-1.153267
-1.159588
-1.164038
-1.166670
-1.167543
-1.166724
-1.164289
-1.160321
-1.154910
-1.148152
-1.140152
-1.131022
-1.120879
-1.109847
-1.098056
-1.085642
-1.072743
-1.059506
-1.046078
-1.032612
-1.019260
-1.006178
-0.993522
-0.981445
-0.970101
-0.959639
-0.950203
-0.941934
-0.934963
-0.929411
-0.925393
-0.923007
-0.922341
-0.923465
-0.926433
-0.931282
-0.938027
-0.946663
-0.957163
-0.969474
-0.983523
-0.999206
-1.016398
-1.034943
-1.054663
-1.075351
-1.096774
-1.118673
-1.140767
-1.162749
-1.184290
-1.205044
-1.224642
-1.242701
-1.258828
-1.272614
-1.283643
-1.291500
-1.295763
-1.296015
-1.291845
-1.282852
-1.268648
-1.248864
-1.223152
-1.191189
-1.152680
-1.107364
-1.055017
-0.995451
-0.928523
-0.854133
-0.772229
-0.682808
-0.585916
-0.481655
-0.370176
-0.251684
-0.126440
0.005246
0.143011
0.286439
0.435071
0.588396
0.745863
0.906879
1.070815
1.237010
1.404770
1.573382
1.742109
1.910201
2.076901
2.241441
2.403061
2.561003
2.714523
2.862894
3.005407
3.141387
3.270185
3.391192
3.503839
3.607601
3.702003
3.786621
3.861086
3.925086
3.978369
4.020743
4.052076
4.072304
4.081419
4.079480
4.066607
4.042978
4.008833
3.964468
3.910232
3.846528
3.773803
3.692556
3.603322
3.506675
3.403224
3.293605
3.178481
3.058532
2.934457
2.806963
2.676767
2.544586
2.411134
2.277118
2.143237
2.010170
1.878580
1.749109
1.622367
1.498940
1.379379
1.264198
1.153876
1.048850
0.949515
0.856222
0.769275
0.688935
0.615410
0.548865
0.489411
0.437114
0.391988
0.354000
0.323069
0.299066
0.281815
0.271097
0.266646
0.268158
0.275287
0.287648
0.304823
0.326358
0.351772
0.380552
0.412166
0.446056
0.481649
0.518357
0.555583
0.592721
0.629166
0.664313
0.697562
0.728328
0.756034
0.780128
0.800081
0.815391
0.825589
0.830244
0.828964
0.821403
0.807268
0.786313
0.758353
0.723257
0.680962
0.631464
0.574828
0.511185
0.440736
0.363750
0.280564
0.191585
0.097285
-0.001798
-0.105065
-0.211858
-0.321461
-0.433112
-0.545999
-0.659272
-0.772049
-0.883418
-0.992447
-1.098195
-1.199714
-1.296062
-1.386309
-1.469545
-1.544893
-1.611514
-1.668617
-1.715466
-1.751391
-1.775795
-1.788161
-1.788059
-1.775153
-1.749205
-1.710083
-1.657763
-1.592330
-1.513986
-1.423045
-1.319938
-1.205209
-1.079513
-0.943614
-0.798380
-0.644778
-0.483866
-0.316787
-0.144758
0.030936
0.208954
0.387913
0.566395
0.742964
0.916177
1.084594
1.246798
1.401404
1.547073
1.682527
1.806560
1.918051
2.015978
2.099426
2.167599
2.219827
2.255579
2.274464
2.276242
2.260823
2.228275
2.178820
2.112839
2.030865
1.933585
1.821828
1.696567
1.558903
1.410060
1.251375
1.084280
0.910298
0.731021
0.548096
0.363215
0.178091
-0.005555
-0.186008
-0.361584
-0.530641
-0.691596
-0.842945
-0.983273
-1.111275
-1.225763
-1.325684
-1.410132
-1.478349
-1.529746
-1.563899
-1.580560
-1.579658
-1.561298
-1.525769
-1.473527
-1.405208
-1.321604
-1.223670
-1.112505
-0.989343
-0.855541
-0.712564
-0.561971
-0.405393
-0.244524
-0.081093
0.083146
0.246438
0.407047
0.563272
0.713468
0.856063
0.989577
1.112636
1.223993
1.322536
1.407306
1.477503
1.532500
1.571850
1.595289
1.602742
1.594324
1.570339
1.531278
1.477813
1.410793
1.331231
1.240297
1.139303
1.029692
0.913017
0.790929
0.665155
0.537485
0.409741
0.283768
0.161408
0.044477
-0.065252
-0.166073
-0.256362
-0.334599
-0.399389
-0.449471
-0.483742
-0.501263
-0.501277
-0.483216
-0.446709
-0.391589
-0.317895
-0.225875
-0.115985
0.011113
0.154560
0.313305
0.486113
0.671580
0.868144
1.074102
1.287626
1.506781
1.729546
1.953832
2.177506
2.398411
2.614389
2.823304
3.023062
3.211635
3.387079
3.547561
3.691367
3.816932
3.922850
4.007887
4.070998
4.111339
4.128270
4.121368
4.090429
4.035470
3.956731
3.854671
3.729963
3.583491
3.416337
3.229775
3.025253
2.804382
2.568921
2.320756
2.061885
1.794397
1.520450
1.242253
0.962040
0.682057
0.404528
0.131647
-0.134453
-0.391715
-0.638177
-0.871993
-1.091445
-1.294964
-1.481138
-1.648729
-1.796677
-1.924116
-2.030374
-2.114979
-2.177664
-2.218363
-2.237212
-2.234547
-2.210893
-2.166963
-2.103642
-2.021987
-1.923203
-1.808637
-1.679764
-1.538167
-1.385523
-1.223589
-1.054181
-0.879156
-0.700399
-0.519799
-0.339238
-0.160568
0.014401
0.183917
0.346304
0.499972
0.643433
0.775312
0.894353
0.999436
1.089577
1.163941
1.221840
1.262743
1.286273
1.292211
1.280495
1.251215
1.204613
1.141078
1.061140
0.965464
0.854840
0.730182
0.592510
0.442946
0.282704
0.113077
-0.064571
-0.248818
-0.438196
-0.631197
-0.826289
-1.021927
-1.216561
-1.408644
-1.596650
-1.779078
-1.954461
-2.121376
-2.278454
-2.424386
-2.557930
-2.677919
-2.783265
-2.872967
-2.946115
-3.001895
-3.039593
-3.058597
-3.058401
-3.038609
-2.998934
-2.939204
-2.859354
-2.759440
-2.639627
-2.500193
-2.341531
-2.164144
-1.968642
-1.755746
-1.526280
-1.281170
-1.021437
-0.748200
-0.462663
-0.166118
0.140068
0.454453
0.775531
1.101734
1.431445
1.763004
2.094715
2.424857
2.751692
3.073474
3.388463
3.694930
3.991172
4.275520
4.546354
4.802106
5.041281
5.262458
5.464310
5.645606
5.805228
5.942175
6.055574
6.144690
6.208927
6.247848
6.261164
6.248750
6.210648
6.147062
6.058368
5.945109
5.807995
5.647902
5.465861
5.263066
5.040854
4.800704
4.544228
4.273156
3.989331
3.694691
3.391256
3.081116
2.766416
2.449335
2.132076
1.816842
1.505829
1.201199
0.905066
0.619482
0.346418
0.087748
-0.154766
-0.379487
-0.584919
-0.769719
-0.932704
-1.072868
-1.189384
-1.281615
-1.349115
-1.391638
-1.409136
-1.401762
-1.369862
-1.313984
-1.234860
-1.133407
-1.010718
-0.868050
-0.706814
-0.528563
-0.334981
-0.127862
0.090901
0.319333
0.555394
0.796997
1.042027
1.288357
1.533864
1.776452
2.014065
2.244705
2.466448
2.677458
2.876006
3.060477
3.229386
3.381383
3.515276
3.630021
3.724742
3.798728
3.851442
3.882516
3.891760
3.879152
3.844840
3.789136
3.712512
3.615589
3.499134
3.364047
3.211351
3.042185
2.857783
2.659473
2.448655
2.226791
1.995392
1.756003
1.510193
1.259535
1.005599
0.749939
0.494076
0.239493
-0.012381
-0.260175
-0.502592
-0.738410
-0.966491
-1.185793
-1.395364
-1.594353
-1.782012
-1.957698
-2.120868
-2.271086
-2.408016
-2.531426
-2.641176
-2.737223
-2.819612
-2.888470
-2.944003
-2.986489
-3.016269
-3.033744
-3.039368
-3.033636
-3.017086
-2.990279
-2.953808
-2.908276
-2.854304
-2.792513
-2.723527
-2.647963
-2.566430
-2.479520
-2.387815
-2.291871
-2.192222
-2.089381
-1.983835
-1.876044
-1.766442
-1.655439
-1.543419
-1.430743
-1.317749
-1.204753
-1.092057
-0.979941
-0.868675
-0.758518
-0.649717
-0.542515
-0.437150
-0.333859
-0.232880
-0.134450
-0.038815
0.053781
0.143080
0.228824
0.310743
0.388561
0.461998
0.530765
0.594570
0.653118
0.706114
0.753259
0.794264
0.828844
0.856721
0.877634
0.891334
0.897594
0.896209
0.887001
0.869821
0.844555
0.811125
0.769492
0.719660
0.661678
0.595643
0.521700
0.440045
0.350925
0.254643
0.151549
0.042049
-0.073400
-0.194294
-0.320076
-0.450149
-0.583867
-0.720547
-0.859472
-0.999888
-1.141018
-1.282059
-1.422193
-1.560588
-1.696407
-1.828810
-1.956965
-2.080050
-2.197259
-2.307811
-2.410954
-2.505968
-2.592179
-2.668952
-2.735706
-2.791916
-2.837114
-2.870897
-2.892927
-2.902936
-2.900730
-2.886185
-2.859252
-2.819961
-2.768413
-2.704787
-2.629334
-2.542379
-2.444314
-2.335602
-2.216767
-2.088395
-1.951126
-1.805653
-1.652714
-1.493090
-1.327595
-1.157076
-0.982399
-0.804451
-0.624128
-0.442332
-0.259964
-0.077915
0.102934
0.281724
0.457622
0.629822
0.797557
0.960099
1.116765
1.266919
1.409981
1.545420
1.672769
1.791618
1.901616
2.002477
2.093980
2.175960
2.248321
2.311024
2.364093
2.407608
2.441705
2.466574
2.482454
2.489632
2.488436
2.479235
2.462431
2.438459
2.407778
2.370871
2.328237
2.280386
2.227839
2.171121
2.110752
2.047251
1.981128
1.912879
1.842985
1.771906
1.700082
1.627925
1.555822
1.484128
1.413169
1.343237
1.274590
1.207451
1.142009
1.078420
1.016801
0.957239
0.899785
0.844459
0.791250
0.740120
0.690999
0.643796
0.598395
0.554659
0.512434
0.471546
0.431813
0.393037
0.355013
0.317532
0.280378
0.243334
0.206186
0.168724
0.130738
0.092030
0.052409
0.011695
-0.030281
-0.073672
-0.118621
-0.165253
-0.213676
-0.263983
-0.316251
-0.370537
-0.426881
-0.485308
-0.545824
-0.608420
-0.673068
-0.739726
-0.808336
-0.878828
-0.951116
-1.025103
-1.100680
-1.177726
-1.256114
-1.335705
-1.416353
-1.497908
-1.580211
-1.663101
-1.746410
-1.829970
-1.913611
-1.997160
-2.080443
-2.163286
-2.245517
-2.326962
-2.407451
-2.486814
-2.564881
-2.641488
-2.716468
-2.789660
-2.860903
-2.930038
-2.996910
-3.061363
-3.123244
-3.182401
-3.238685
-3.291946
-3.342037
-3.388812
-3.432124
-3.471831
-3.507787
-3.539852
-3.567884
-3.591746
-3.611298
-3.626408
-3.636942
-3.642773
-3.643776
-3.639832
-3.630827
-3.616653
-3.597213
-3.572414
-3.542177
-3.506432
-3.465122
-3.418203
-3.365648
-3.307444
-3.243598
-3.174134
-3.099097
-3.018556
-2.932598
-2.841339
-2.744915
-2.643492
-2.537260
-2.426435
-2.311262
-2.192014
-2.068988
-1.942514
-1.812941
-1.680650
-1.546043
-1.409550
-1.271617
-1.132715
-0.993331
-0.853966
-0.715140
-0.577377
-0.441213
-0.307184
-0.175829
-0.047686
0.076718
0.196862
0.312243
0.422372
0.526786
0.625045
0.716740
0.801493
0.878967
0.948860
1.010915
1.064923
1.110717
1.148185
1.177267
1.197952
1.210286
1.214368
1.210350
1.198440
1.178895
1.152024
1.118183
1.077777
1.031248
0.979082
0.921796
0.859939
0.794086
0.724830
0.652782
0.578559
0.502784
0.426077
0.349046
0.272291
0.196385
0.121879
0.049291
-0.020897
-0.088246
-0.152361
-0.212900
-0.269572
-0.322145
-0.370442
-0.414349
-0.453814
-0.488843
-0.519506
-0.545931
-0.568304
-0.586867
-0.601911
-0.613778
-0.622849
-0.629545
-0.634318
-0.637644
-0.640017
-0.641946
-0.643940
-0.646508
-0.650143
-0.655325
-0.662503
-0.672096
-0.684481
-0.699987
-0.718893
-0.741416
-0.767711
-0.797863
-0.831889
-0.869730
-0.911251
-0.956242
-1.004415
-1.055409
-1.108788
-1.164048
-1.220616
-1.277863
-1.335101
-1.391595
-1.446570
-1.499218
-1.548708
-1.594192
-1.634820
-1.669746
-1.698141
-1.719200
-1.732156
-1.736285
-1.730927
-1.715479
-1.689418
-1.652305
-1.603788
-1.543616
-1.471641
-1.387821
-1.292232
-1.185062
-1.066613
-0.937310
-0.797687
-0.648398
-0.490200
-0.323964
-0.150656
0.028665
0.212852
0.400684
0.590872
0.782073
0.972895
1.161919
1.347701
1.528793
1.703750
1.871148
2.029593
2.177737
2.314288
2.438026
2.547807
2.642585
2.721413
2.783452
2.827986
2.854421
2.862299
2.851294
2.821222
2.772041
2.703851
2.616896
2.511561
2.388372
2.247986
2.091195
1.918912
1.732169
1.532108
1.319968
1.097087
0.864875
0.624821
0.378469
0.127411
-0.126723
-0.382278
-0.637587
-0.890983
-1.140806
-1.385420
-1.623221
-1.852649
-2.072197
-2.280420
-2.475949
-2.657491
-2.823844
-2.973903
-3.106663
-3.221230
-3.316822
-3.392776
-3.448551
-3.483729
-3.498024
-3.491276
-3.463457
-3.414674
-3.345160
-3.255285
-3.145546
-3.016571
-2.869114
-2.704054
-2.522392
-2.325246
-2.113849
-1.889543
-1.653774
-1.408086
-1.154119
-0.893594
-0.628312
-0.360146
-0.091029
0.177055
0.442076
0.701975
0.954673
1.198079
1.430111
1.648701
1.851811
2.037454
2.203697
2.348688
2.470665
2.567970
2.639075
2.682588
2.697272
2.682065
2.636089
2.558670
2.449352
2.307905
2.134343
1.928936
1.692213
1.424975
1.128304
0.803559
0.452388
0.076719
-0.321234
-0.738981
-1.173760
-1.622550
-2.082080
-2.548848
-3.019134
-3.489026
-3.954438
-4.411138
-4.854777
-5.280916
-5.685061
-6.062696
-6.409318
-6.720473
-6.991796
-7.219045
-7.398149
-7.525235
-7.596676
-7.609120
-7.559538
-7.445246
-7.263947
-7.013761
-6.693247
-6.301438
-5.837853
-5.302525
-4.696006
-4.019387
-3.274296
-2.462905
-1.587923
-0.652595
0.339319
1.383554
2.475368
3.609559
4.780506
5.982199
7.208274
8.452066
9.706644
10.964868
12.219433
13.462930
14.687901
15.886883
17.052486
18.177437
19.254637
20.277218
21.238611
22.132576
22.953274
23.695299
24.353733
24.924187
25.402821
25.786404
26.072311
26.258574
26.343864
26.327551
26.209654
25.990889
25.672630
25.256916
24.746428
24.144466
23.454927
22.682270
21.831470
20.908005
19.917767
18.867062
17.762520
16.611073
15.419865
14.196236
12.947627
11.681549
10.405502
9.126941
7.853202
6.591458
5.348660
4.131496
2.946333
1.799186
0.695669
-0.359033
-1.360200
-2.303601
-3.185513
-4.002747
-4.752651
-5.433121
-6.042603
-6.580089
-7.045115
-7.437749
-7.758565
-8.008641
-8.189521
-8.303196
-8.352072
-8.338942
-8.266946
-8.139537
-7.960438
-7.733618
-7.463233
-7.153600
-6.809149
-6.434387
-6.033860
-5.612111
-5.173649
-4.722910
-4.264225
-3.801794
-3.339649
-2.881638
-2.431396
-1.992329
-1.567589
-1.160068
-0.772383
-0.406866
-0.065557
0.249793
0.537731
0.797095
1.027015
1.226898
1.396429
1.535558
1.644485
1.723655
1.773731
1.795594
1.790315
1.759143
1.703488
1.624902
1.525064
1.405757
1.268858
1.116313
0.950127
0.772342
0.585025
0.390253
0.190095
-0.013397
-0.218205
-0.422355
-0.623929
-0.821073
-1.012011
-1.195053
-1.368601
-1.531155
-1.681329
-1.817845
-1.939544
-2.045396
-2.134495
-2.206067
-2.259474
-2.294214
-2.309925
-2.306384
-2.283507
-2.241356
-2.180126
-2.100157
-2.001924
-1.886034
-1.753229
-1.604377
-1.440468
-1.262611
-1.072025
-0.870037
-0.658066
-0.437624
-0.210297
0.022252
0.258308
0.496108
0.733852
0.969720
1.201880
1.428510
1.647799
1.857976
2.057312
2.244144
2.416878
2.574015
2.714156
2.836016
2.938444
3.020421
3.081085
3.119730
3.135822
3.129002
3.099092
3.046102
2.970234
2.871876
2.751612
2.610209
2.448625
2.267992
2.069613
1.854957
1.625641
1.383423
1.130185
0.867918
0.598707
0.324715
0.048157
-0.228709
-0.503611
-0.774278
-1.038460
-1.293954
-1.538619
-1.770397
-1.987334
-2.187595
-2.369487
-2.531469
-2.672171
-2.790405
-2.885176
-2.955697
-3.001388
-3.021887
-3.017056
-2.986977
-2.931951
-2.852504
-2.749371
-2.623492
-2.476008
-2.308247
-2.121705
-1.918041
-1.699055
-1.466671
-1.222921
-0.969922
-0.709858
-0.444956
-0.177468
0.090351
0.356269
0.618092
0.873687
1.121003
1.358089
1.583112
1.794370
1.990313
2.169554
2.330877
2.473249
2.595831
2.697977
2.779245
2.839392
2.878378
2.896360
2.893692
2.870912
2.828741
2.768066
2.689935
2.595537
2.486196
2.363347
2.228523
2.083342
1.929481
1.768666
1.602646
1.433184
1.262027
1.090899
0.921481
0.755389
0.594166
0.439263
0.292031
0.153700
0.025378
-0.091963
-0.197492
-0.290528
-0.370542
-0.437157
-0.490154
-0.529469
-0.555187
-0.567544
-0.566918
-0.553823
-0.528902
-0.492916
-0.446734
-0.391324
-0.327741
-0.257111
-0.180620
-0.099504
-0.015032
0.071511
0.158825
0.245623
0.330635
0.412621
0.490385
0.562783
0.628738
0.687243
0.737373
0.778290
0.809253
0.829618
0.838846
0.836503
0.822263
0.795906
0.757323
0.706508
0.643560
0.568678
0.482153
0.384371
0.275799
0.156983
0.028541
-0.108849
-0.254451
-0.407482
-0.567119
-0.732509
-0.902776
-1.077031
-1.254376
-1.433916
-1.614762
-1.796044
-1.976912
-2.156544
-2.334152
-2.508986
-2.680339
-2.847551
-3.010010
-3.167160
-3.318494
-3.463562
-3.601970
-3.733382
-3.857514
-3.974139
-4.083084
-4.184226
-4.277491
-4.362854
-4.440332
-4.509985
-4.571909
-4.626236
-4.673126
-4.712768
-4.745376
-4.771181
-4.790435
-4.803401
-4.810354
-4.811576
-4.807355
-4.797981
-4.783743
-4.764931
-4.741829
-4.714716
-4.683864
-4.649537
-4.611989
-4.571465
-4.528201
-4.482418
-4.434330
-4.384138
-4.332034
-4.278199
-4.222804
-4.166011
-4.107973
-4.048837
-3.988738
-3.927809
-3.866175
-3.803954
-3.741261
-3.678204
-3.614888
-3.551414
-3.487881
-3.424380
-3.361004
-3.297838
-3.234967
-3.172472
-3.110427
-3.048907
-2.987978
-2.927705
-2.868145
-2.809351
-2.751369
-2.694240
-2.637994
-2.582658
-2.528249
-2.474776
-2.422239
-2.370630
-2.319931
-2.270115
-2.221148
-2.172983
-2.125567
-2.078836
-2.032719
-1.987137
-1.942001
-1.897216
-1.852683
-1.808295
-1.763937
-1.719498
-1.674857
-1.629892
-1.584484
-1.538510
-1.491850
-1.444386
-1.396003
-1.346594
-1.296052
-1.244282
-1.191194
-1.136709
-1.080757
-1.023279
-0.964227
-0.903566
-0.841275
-0.777348
-0.711788
-0.644619
-0.575877
-0.505614
-0.433899
-0.360815
-0.286461
-0.210953
-0.134421
-0.057011
0.021116
0.099786
0.178812
0.257990
0.337110
0.415944
0.494258
0.571808
0.648341
0.723597
0.797309
0.869206
0.939015
1.006459
1.071262
1.133146
1.191839
1.247069
1.298573
1.346092
1.389378
1.428190
1.462301
1.491495
1.515572
1.534346
1.547651
1.555337
1.557274
1.553355
1.543494
1.527625
1.505713
1.477739
1.443717
1.403681
1.357695
1.305848
1.248252
1.185050
1.116410
1.042523
0.963606
0.879899
0.791666
0.699193
0.602782
0.502761
0.399468
0.293261
0.184509
0.073593
-0.039096
-0.153163
-0.268204
-0.383817
-0.499596
-0.615141
-0.730056
-0.843949
-0.956443
-1.067167
-1.175765
-1.281901
-1.385251
-1.485512
-1.582400
-1.675656
-1.765042
-1.850342
-1.931367
-2.007951
-2.079955
-2.147262
-2.209781
-2.267446
-2.320214
-2.368061
-2.410988
-2.449015
-2.482179
-2.510534
-2.534151
-2.553110
-2.567505
-2.577438
-2.583018
-2.584361
-2.581583
-2.574803
-2.564141
-2.549712
-2.531631
-2.510007
-2.484943
-2.456537
-2.424878
-2.390049
-2.352126
-2.311178
-2.267266
-2.220448
-2.170773
-2.118289
-2.063042
-2.005077
-1.944440
-1.881182
-1.815357
-1.747030
-1.676273
-1.603174
-1.527833
-1.450369
-1.370919
-1.289643
-1.206724
-1.122369
-1.036811
-0.950312
-0.863161
-0.775676
-0.688203
-0.601115
-0.514815
-0.429730
-0.346309
-0.265026
-0.186372
-0.110856
-0.038996
0.028678
0.091636
0.149345
0.201279
0.246922
0.285776
0.317362
0.341230
0.356962
0.364180
0.362546
0.351776
0.331636
0.301953
0.262616
0.213582
0.154879
0.086607
0.008941
-0.077863
-0.173475
-0.277484
-0.389403
-0.508667
-0.634634
-0.766596
-0.903771
-1.045316
-1.190328
-1.337850
-1.486878
-1.636368
-1.785244
-1.932403
-2.076727
-2.217091
-2.352366
-2.481439
-2.603213
-2.716617
-2.820621
-2.914238
-2.996537
-3.066650
-3.123778
-3.167199
-3.196279
-3.210469
-3.209319
-3.192480
-3.159704
-3.110852
-3.045892
-2.964903
-2.868073
-2.755701
-2.628189
-2.486049
-2.329893
-2.160426
-1.978450
-1.784852
-1.580595
-1.366721
-1.144329
-0.914581
-0.678682
-0.437879
-0.193448
0.053318
0.301110
0.548622
0.794553
1.037622
1.276573
1.510185
1.737279
1.956730
2.167469
2.368493
2.558872
2.737751
2.904360
3.058011
3.198112
3.324158
3.435745
3.532560
3.614392
3.681125
3.732743
3.769321
3.791031
3.798138
3.790994
3.770036
3.735784
3.688834
3.629856
3.559586
3.478826
3.388429
3.289306
3.182409
3.068731
2.949296
2.825159
2.697391
2.567081
2.435324
2.303216
2.171849
2.042305
1.915648
1.792916
1.675121
1.563239
1.458202
1.360899
1.272163
1.192770
1.123433
1.064795
1.017429
0.981825
0.958396
0.947464
0.949263
0.963934
0.991520
1.031964
1.085109
1.150694
1.228353
1.317617
1.417910
1.528552
1.648762
1.777658
1.914257
2.057485
2.206177
2.359086
2.514883
2.672170
2.829484
2.985310
3.138084
3.286208
3.428058
3.562000
3.686395
3.799617
3.900065
3.986174
4.056431
4.109386
4.143670
4.158003
4.151213
4.122243
4.070169
3.994208
3.893730
3.768268
3.617528
3.441397
3.239946
3.013443
2.762347
2.487317
2.189214
1.869091
1.528200
1.167981
0.790060
0.396236
-0.011523
-0.431097
-0.860224
-1.296518
-1.737478
-2.180516
-2.622969
-3.062119
-3.495215
-3.919498
-4.332217
-4.730655
-5.112150
-5.474118
-5.814078
-6.129669
-6.418673
-6.679034
-6.908882
-7.106542
-7.270555
-7.399693
-7.492973
-7.549661
-7.569283
-7.551637
-7.496788
-7.405077
-7.277112
-7.113774
-6.916203
-6.685796
-6.424190
-6.133252
-5.815070
-5.471928
-5.106288
-4.720774
-4.318148
-3.901285
-3.473149
-3.036772
-2.595223
-2.151584
-1.708923
-1.270273
-0.838597
-0.416770
-0.007554
0.386426
0.762703
1.118990
1.453195
1.763439
2.048069
2.305672
2.535083
2.735391
2.905950
3.046370
3.156528
3.236559
3.286852
3.308042
3.301002
3.266827
3.206828
3.122505
3.015538
2.887765
2.741162
2.577819
2.399924
2.209735
2.009556
1.801720
1.588561
1.372392
1.155483
0.940042
0.728191
0.521953
0.323227
0.133779
-0.044778
-0.210992
-0.363585
-0.501458
-0.623702
-0.729599
-0.818625
-0.890450
-0.944935
-0.982129
-1.002263
-1.005742
-0.993133
-0.965159
-0.922683
-0.866695
-0.798295
-0.718683
-0.629138
-0.531002
-0.425664
-0.314542
-0.199066
-0.080663
0.039263
0.159344
0.278263
0.394766
0.507680
0.615921
0.718503
0.814549
0.903299
0.984110
1.056470
1.119992
1.174418
1.219619
1.255593
1.282461
1.300461
1.309942
1.311360
1.305266
1.292296
1.273164
1.248650
1.219586
1.186848
1.151339
1.113982
1.075707
1.037434
1.000068
0.964483
0.931515
0.901947
0.876507
0.855853
0.840570
0.831162
0.828045
0.831546
0.841901
0.859247
0.883627
0.914988
0.953183
0.997972
1.049029
1.105943
1.168223
1.235308
1.306569
1.381318
1.458820
1.538295
1.618928
1.699882
1.780301
1.859324
1.936090
2.009750
2.079472
2.144450
2.203914
2.257136
2.303434
2.342182
2.372812
2.394820
2.407772
2.411304
2.405127
2.389026
2.362866
2.326587
2.280207
2.223822
2.157599
2.081782
1.996681
1.902676
1.800208
1.689780
1.571946
1.447313
1.316532
1.180295
1.039329
0.894388
0.746253
0.595724
0.443610
0.290732
0.137913
-0.014027
-0.164276
-0.312032
-0.456514
-0.596955
-0.732620
-0.862798
-0.986815
-1.104028
-1.213839
-1.315689
-1.409064
-1.493497
-1.568573
-1.633925
-1.689244
-1.734271
-1.768806
-1.792704
-1.805879
-1.808306
-1.800016
-1.781098
-1.751703
-1.712040
-1.662374
-1.603029
-1.534386
-1.456878
-1.370993
-1.277272
-1.176302
-1.068719
-0.955201
-0.836470
-0.713282
-0.586430
-0.456736
-0.325048
-0.192236
-0.059186
0.073203
0.204028
0.332382
0.457364
0.578081
0.693660
0.803245
0.906011
1.001166
1.087956
1.165674
1.233663
1.291320
1.338109
1.373553
1.397252
1.408873
1.408169
1.394969
1.369187
1.330824
1.279966
1.216787
1.141553
1.054612
0.956402
0.847443
0.728339
0.599769
0.462489
0.317325
0.165165
0.006957
-0.156299
-0.323555
-0.493731
-0.665711
-0.838360
-1.010529
-1.181062
-1.348808
-1.512626
-1.671398
-1.824034
-1.969480
-2.106731
-2.234831
-2.352890
-2.460080
-2.555650
-2.638932
-2.709336
-2.766366
-2.809621
-2.838792
-2.853674
-2.854156
-2.840231
-2.811996
-2.769641
-2.713460
-2.643838
-2.561257
-2.466282
-2.359565
-2.241834
-2.113892
-1.976604
-1.830899
-1.677753
-1.518190
-1.353265
-1.184067
-1.011700
-0.837283
-0.661937
-0.486779
-0.312909
-0.141413
0.026654
0.190274
0.348469
0.500310
0.644920
0.781486
0.909256
1.027545
1.135744
1.233316
1.319804
1.394826
1.458084
1.509360
1.548514
1.575490
1.590307
1.593062
1.583928
1.563148
1.531035
1.487967
1.434383
1.370779
1.297705
1.215756
1.125574
1.027837
0.923257
0.812573
0.696547
0.575962
0.451609
0.324290
0.194811
0.063975
-0.067422
-0.198591
-0.328760
-0.457175
-0.583101
-0.705830
-0.824681
-0.939006
-1.048188
-1.151647
-1.248841
-1.339266
-1.422462
-1.498009
-1.565531
-1.624698
-1.675223
-1.716867
-1.749434
-1.772777
-1.786792
-1.791422
-1.786657
-1.772527
-1.749111
-1.716527
-1.674939
-1.624550
-1.565602
-1.498379
-1.423198
-1.340418
-1.250424
-1.153642
-1.050522
-0.941548
-0.827228
-0.708097
-0.584711
-0.457646
-0.327502
-0.194886
-0.060427
0.075241
0.211470
0.347610
0.483009
0.617008
0.748956
0.878206
1.004115
1.126054
1.243407
1.355574
1.461973
1.562042
1.655248
1.741078
1.819056
1.888732
1.949694
2.001563
2.044002
2.076712
2.099439
2.111970
2.114141
2.105833
2.086976
2.057548
2.017577
1.967144
1.906376
1.835454
1.754609
1.664121
1.564321
1.455587
1.338345
1.213065
1.080266
0.940505
0.794382
0.642533
0.485631
0.324381
0.159516
-0.008200
-0.177986
-0.349036
-0.520533
-0.691646
-0.861535
-1.029359
-1.194278
-1.355454
-1.512060
-1.663284
-1.808330
-1.946427
-2.076830
-2.198823
-2.311732
-2.414916
-2.507781
-2.589782
-2.660422
-2.719263
-2.765921
-2.800073
-2.821463
-2.829896
-2.825249
-2.807465
-2.776558
-2.732614
-2.675787
-2.606307
-2.524470
-2.430644
-2.325265
-2.208832
-2.081910
-1.945125
-1.799157
-1.644742
-1.482664
-1.313751
-1.138872
-0.958929
-0.774853
-0.587596
-0.398128
-0.207430
-0.016486
0.173724
0.362228
0.548070
0.730317
0.908064
1.080442
1.246622
1.405824
1.557316
1.700428
1.834547
1.959129
2.073700
2.177857
2.271270
2.353689
2.424942
2.484936
2.533655
2.571161
2.597595
2.613173
2.618181
2.612975
2.597979
2.573674
2.540601
2.499350
2.450556
2.394896
2.333076
2.265834
2.193922
2.118108
2.039165
1.957865
1.874973
1.791237
1.707387
1.624123
1.542113
1.461988
1.384333
1.309688
1.238537
1.171315
1.108393
1.050085
0.996644
0.948260
0.905062
0.867114
0.834425
0.806940
0.784552
0.767097
0.754366
0.746102
0.742007
0.741748
0.744960
0.751254
0.760220
0.771435
0.784467
0.798886
0.814259
0.830167
0.846206
0.861989
0.877156
0.891374
0.904345
0.915807
0.925538
0.933357
0.939125
0.942752
0.944191
0.943439
0.940540
0.935580
0.928688
0.920031
0.909811
0.898266
0.885660
0.872283
0.858445
0.844471
0.830695
0.817458
0.805098
0.793950
0.784334
0.776558
0.770906
0.767636
0.766977
0.769122
0.774227
0.782405
0.793728
0.808220
0.825856
0.846565
0.870227
0.896672
0.925683
0.956997
0.990306
1.025262
1.061479
1.098536
1.135981
1.173339
1.210111
1.245787
1.279843
1.311756
1.341001
1.367062
1.389439
1.407648
1.421235
1.429773
1.432873
1.430187
1.421414
1.406300
1.384647
1.356313
1.321214
1.279328
1.230697
1.175424
1.113679
1.045692
0.971756
0.892227
0.807517
0.718094
0.624478
0.527239
0.426989
0.324381
0.220103
0.114870
0.009421
-0.095487
-0.199083
-0.300597
-0.399253
-0.494287
-0.584944
-0.670493
-0.750223
-0.823456
-0.889549
-0.947901
-0.997956
-1.039208
-1.071206
-1.093554
-1.105920
-1.108034
-1.099693
-1.080757
-1.051163
-1.010909
-0.960069
-0.898786
-0.827270
-0.745802
-0.654729
-0.554465
-0.445485
-0.328330
-0.203593
-0.071926
0.065966
0.209334
0.357380
0.509268
0.664126
0.821047
0.979102
1.137334
1.294772
1.450428
1.603312
1.752425
1.896773
2.035370
2.167239
2.291422
2.406986
2.513022
2.608654
2.693045
2.765401
2.824973
2.871066
2.903041
2.920321
2.922393
2.908814
2.879215
2.833306
2.770872
2.691789
2.596014
2.483594
2.354670
2.209471
2.048324
1.871647
1.679956
1.473857
1.254055
1.021343
0.776604
0.520812
0.255020
-0.019635
-0.301943
-0.590620
-0.884322
-1.181643
-1.481128
-1.781276
-2.080553
-2.377396
-2.670223
-2.957445
-3.237472
-3.508727
-3.769649
-4.018714
-4.254435
-4.475377
-4.680168
-4.867509
-5.036180
-5.185050
-5.313093
-5.419388
-5.503128
-5.563631
-5.600345
-5.612851
-5.600870
-5.564264
-5.503046
-5.417370
-5.307541
-5.174013
-5.017383
-4.838392
-4.637921
-4.416986
-4.176730
-3.918419
-3.643434
-3.353260
-3.049478
-2.733752
-2.407824
-2.073496
-1.732620
-1.387086
-1.038811
-0.689719
-0.341736
0.003228
0.343291
0.676611
1.001402
1.315939
1.618577
1.907756
2.182019
2.440009
2.680489
2.902345
3.104591
3.286375
3.446985
3.585851
3.702548
3.796796
3.868458
3.917543
3.944201
3.948715
3.931508
3.893126
3.834235
3.755620
3.658166
3.542860
3.410776
3.263065
3.100947
2.925702
2.738655
2.541169
2.334635
2.120456
1.900045
1.674806
1.446132
1.215391
0.983918
0.753009
0.523910
0.297812
0.075846
-0.140926
-0.351512
-0.554997
-0.750543
-0.937395
-1.114881
-1.282410
-1.439477
-1.585661
-1.720621
-1.844096
-1.955905
-2.055940
-2.144165
-2.220611
-2.285374
-2.338607
-2.380519
-2.411369
-2.431458
-2.441132
-2.440766
-2.430768
-2.411574
-2.383636
-2.347425
-2.303424
-2.252125
-2.194026
-2.129624
-2.059417
-1.983899
-1.903560
-1.818878
-1.730326
-1.638365
-1.543443
-1.446001
-1.346462
-1.245239
-1.142734
-1.039335
-0.935419
-0.831352
-0.727489
-0.624174
-0.521745
-0.420528
-0.320841
-0.222998
-0.127300
-0.034045
0.056476
0.143982
0.228196
0.308851
0.385688
0.458456
0.526917
0.590841
0.650013
0.704232
0.753312
0.797084
0.835401
0.868135
0.895182
0.916461
0.931922
0.941539
0.945317
0.943296
0.935547
0.922174
0.903320
0.879159
0.849907
0.815811
0.777160
0.734275
0.687514
0.637267
0.583960
0.528046
0.470008
0.410354
0.349617
0.288347
0.227112
0.166494
0.107080
0.049465
-0.005757
-0.057996
-0.106669
-0.151209
-0.191064
-0.225704
-0.254627
-0.277362
-0.293470
-0.302554
-0.304257
-0.298270
-0.284330
-0.262227
-0.231808
-0.192969
-0.145669
-0.089923
-0.025807
0.046547
0.126946
0.215138
0.310816
0.413616
0.523123
0.638868
0.760338
0.886971
1.018168
1.153292
1.291670
1.432605
1.575372
1.719229
1.863420
2.007178
2.149732
2.290312
2.428153
2.562501
2.692615
2.817777
2.937289
3.050483
3.156723
3.255408
3.345975
3.427902
3.500713
3.563980
3.617319
3.660399
3.692941
3.714716
3.725549
3.725318
3.713955
3.691441
3.657814
3.613157
3.557607
3.491349
3.414611
3.327669
3.230841
3.124485
3.008999
2.884811
2.752391
2.612234
2.464866
2.310838
2.150725
1.985124
1.814646
1.639923
1.461598
1.280327
1.096771
0.911601
0.725492
0.539116
0.353152
0.168272
-0.014858
-0.195573
-0.373222
-0.547161
-0.716765
-0.881416
-1.040518
-1.193494
-1.339787
-1.478864
-1.610218
-1.733369
-1.847865
-1.953290
-2.049258
-2.135421
-2.211467
-2.277127
-2.332170
-2.376412
-2.409710
-2.431971
-2.443147
-2.443243
-2.432310
-2.410450
-2.377820
-2.334623
-2.281117
-2.217611
-2.144463
-2.062078
-1.970914
-1.871472
-1.764297
-1.649977
-1.529138
-1.402442
-1.270585
-1.134289
-0.994304
-0.851398
-0.706356
-0.559975
-0.413058
-0.266410
-0.120830
0.022887
0.163964
0.301642
0.435185
0.563886
0.687074
0.804112
0.914408
1.017418
1.112643
1.199642
1.278027
1.347470
1.407700
1.458512
1.499760
1.531361
1.553295
1.565603
1.568389
1.561812
1.546091
1.521497
1.488349
1.447019
1.397917
1.341493
1.278233
1.208649
1.133280
1.052683
0.967429
0.878096
0.785269
0.689527
0.591444
0.491583
0.390488
0.288683
0.186668
0.084913
-0.016143
-0.116096
-0.214580
-0.311268
-0.405874
-0.498153
-0.587903
-0.674964
-0.759219
-0.840590
-0.919038
-0.994566
-1.067208
-1.137033
-1.204141
-1.268656
-1.330731
-1.390533
-1.448250
-1.504083
-1.558238
-1.610931
-1.662376
-1.712787
-1.762373
-1.811333
-1.859854
-1.908109
-1.956256
-2.004431
-2.052750
-2.101310
-2.150180
-2.199409
-2.249020
-2.299012
-2.349363
-2.400026
-2.450933
-2.501998
-2.553116
-2.604166
-2.655013
-2.705512
-2.755509
-2.804845
-2.853359
-2.900886
-2.947268
-2.992353
-3.035992
-3.078052
-3.118411
-3.156960
-3.193611
-3.228291
-3.260948
-3.291550
-3.320086
-3.346569
-3.371030
-3.393522
-3.414117
-3.432908
-3.450004
-3.465528
-3.479619
-3.492423
-3.504099
-3.514809
-3.524714
-3.533984
-3.542773
-3.551237
-3.559517
-3.567742
-3.576025
-3.584457
-3.593109
-3.602027
-3.611226
-3.620696
-3.630393
-3.640242
-3.650134
-3.659925
-3.669440
-3.678463
-3.686754
-3.694031
-3.699991
-3.704293
-3.706577
-3.706456
-3.703524
-3.697354
-3.687515
-3.673558
-3.655035
-3.631496
-3.602497
-3.567603
-3.526394
-3.478471
-3.423458
-3.361009
-3.290813
-3.212597
-3.126130
-3.031231
-2.927767
-2.815661
-2.694891
-2.565496
-2.427576
-2.281295
-2.126878
-1.964619
-1.794872
-1.618055
-1.434652
-1.245204
-1.050310
-0.850626
-0.646859
-0.439763
-0.230136
-0.018814
0.193333
0.405410
0.616498
0.825665
1.031968
1.234465
1.432215
1.624293
1.809790
1.987821
2.157536
2.318120
2.468806
2.608876
2.737666
2.854577
2.959073
3.050692
3.129041
3.193808
3.244761
3.281748
3.304702
3.313638
3.308659
3.289944
3.257764
3.212461
3.154460
3.084259
3.002427
2.909599
2.806471
2.693798
2.572381
2.443070
2.306752
2.164342
2.016782
1.865031
1.710060
1.552839
1.394336
1.235507
1.077289
0.920597
0.766310
0.615274
0.468288
0.326106
0.189425
0.058888
-0.064924
-0.181497
-0.290381
-0.391196
-0.483632
-0.567449
-0.642479
-0.708624
-0.765853
-0.814204
-0.853781
-0.884746
-0.907322
-0.921786
-0.928464
-0.927728
-0.919991
-0.905699
-0.885328
-0.859378
-0.828367
-0.792825
-0.753286
-0.710288
-0.664360
-0.616023
-0.565782
-0.514119
-0.461492
-0.408332
-0.355033
-0.301955
-0.249417
-0.197700
-0.147037
-0.097619
-0.049594
-0.003061
0.041925
0.085352
0.127250
0.167693
0.206789
0.244688
0.281565
0.317630
0.353117
0.388280
0.423393
0.458739
0.494614
0.531313
0.569136
0.608373
0.649306
0.692205
0.737320
0.784882
0.835094
0.888132
0.944142
1.003237
1.065490
1.130942
1.199593
1.271402
1.346292
1.424145
1.504806
1.588072
1.673718
1.761477
1.851049
1.942102
2.034282
2.127210
2.220480
2.313675
2.406363
2.498099
2.588438
2.676924
2.763113
2.846560
2.926832
3.003508
3.076180
3.144464
3.208003
3.266459
3.319523
3.366913
3.408384
3.443724
3.472754
3.495327
3.511337
3.520709
3.523407
3.519423
3.508790
3.491568
3.467850
3.437755
3.401430
3.359045
3.310793
3.256887
3.197551
3.133029
3.063571
2.989437
2.910891
2.828200
2.741631
2.651447
2.557908
2.461265
2.361762
2.259631
2.155090
2.048352
1.939606
1.829034
1.716799
1.603051
1.487929
1.371553
1.254033
1.135469
1.015947
0.895549
0.774347
0.652410
0.529802
0.406590
0.282840
0.158625
0.034020
-0.090886
-0.215997
-0.341204
-0.466379
-0.591382
-0.716052
-0.840209
-0.963651
-1.086156
-1.207479
-1.327351
-1.445483
-1.561562
-1.675253
-1.786202
-1.894037
-1.998365
-2.098784
-2.194872
-2.286202
-2.372338
-2.452839
-2.527264
-2.595176
-2.656144
-2.709744
-2.755571
-2.793235
-2.822370
-2.842634
-2.853716
-2.855338
-2.847258
-2.829277
-2.801236
-2.763024
-2.714578
-2.655886
-2.586988
-2.507978
-2.419007
-2.320277
-2.212048
-2.094638
-1.968414
-1.833800
-1.691270
-1.541348
-1.384605
-1.221654
-1.053152
-0.879791
-0.702296
-0.521420
-0.337943
-0.152660
0.033616
0.220062
0.405856
0.590171
0.772189
0.951105
1.126128
1.296489
1.461448
1.620293
1.772348
1.916978
2.053589
2.181634
2.300619
2.410097
2.509680
2.599032
2.677879
2.746002
2.803244
2.849503
2.884739
2.908968
2.922263
2.924752
2.916615
2.898082
2.869430
2.830984
2.783107
2.726202
2.660704
2.587079
2.505823
2.417449
2.322493
2.221503
2.115040
2.003667
1.887956
1.768472
1.645780
1.520436
1.392983
1.263954
1.133862
1.003204
0.872456
0.742069
0.612473
0.484070
0.357237
0.232325
0.109656
-0.010473
-0.127797
-0.242073
-0.353086
-0.460646
-0.564591
-0.664777
-0.761085
-0.853418
-0.941696
-1.025858
-1.105858
-1.181668
-1.253267
-1.320652
-1.383829
-1.442807
-1.497607
-1.548257
-1.594785
-1.637226
-1.675619
-1.709999
-1.740409
-1.766886
-1.789472
-1.808206
-1.823127
-1.834272
-1.841679
-1.845384
-1.845424
-1.841834
-1.834647
-1.823903
-1.809635
-1.791882
-1.770683
-1.746079
-1.718115
-1.686836
-1.652294
-1.614543
-1.573640
-1.529650
-1.482638
-1.432679
-1.379849
-1.324232
-1.265917
-1.204995
-1.141568
-1.075738
-1.007614
-0.937308
-0.864940
-0.790631
-0.714505
-0.636693
-0.557325
-0.476536
-0.394463
-0.311242
-0.227015
-0.141922
-0.056103
0.030299
0.117142
0.204286
0.291587
0.378908
0.466107
0.553045
0.639585
0.725590
0.810924
0.895452
0.979040
1.061557
1.142871
1.222853
1.301372
1.378301
1.453514
1.526886
1.598293
1.667612
1.734724
1.799511
1.861855
1.921645
1.978771
2.033127
2.084610
2.133123
2.178576
2.220882
2.259964
2.295750
2.328177
2.357193
2.382753
2.404826
2.423390
2.438435
2.449967
2.458000
2.462568
2.463715
2.461501
2.456001
2.447304
2.435516
2.420755
2.403157
2.382868
2.360049
2.334874
2.307528
2.278206
2.247113
2.214460
2.180467
2.145355
2.109349
2.072676
2.035561
1.998224
1.960882
1.923744
1.887007
1.850860
1.815477
1.781016
1.747617
1.715404
1.684476
1.654914
1.626775
1.600091
1.574869
1.551094
1.528722
1.507686
1.487895
1.469231
1.451557
1.434711
1.418511
1.402760
1.387243
1.371730
1.355983
1.339755
1.322792
1.304840
1.285648
1.264970
1.242566
1.218212
1.191698
1.162833
1.131452
1.097410
1.060598
1.020935
0.978376
0.932911
0.884570
0.833423
0.779582
0.723200
0.664473
0.603637
0.540971
0.476794
0.411464
0.345371
0.278944
0.212640
0.146940
0.082351
0.019396
-0.041388
-0.099455
-0.154257
-0.205250
-0.251896
-0.293675
-0.330084
-0.360650
-0.384929
-0.402515
-0.413048
-0.416215
-0.411755
-0.399467
-0.379209
-0.350908
-0.314554
-0.270210
-0.218011
-0.158163
-0.090947
-0.016712
0.064118
0.151053
0.243536
0.340949
0.442616
0.547805
0.655742
0.765609
0.876555
0.987700
1.098149
1.206993
1.313323
1.416231
1.514833
1.608259
1.695678
1.776296
1.849368
1.914208
1.970192
2.016769
2.053463
2.079883
2.095725
2.100775
2.094918
2.078131
2.050495
2.012183
1.963471
1.904729
1.836419
1.759094
1.673391
1.580025
1.479785
1.373524
1.262149
1.146619
1.027928
0.907099
0.785175
0.663204
0.542229
0.423281
0.307365
0.195448
0.088453
-0.012755
-0.107380
-0.194695
-0.274062
-0.344930
-0.406847
-0.459463
-0.502536
-0.535932
-0.559630
-0.573724
-0.578419
-0.574031
-0.560988
-0.539818
-0.511151
-0.475710
-0.434303
-0.387817
-0.337205
-0.283480
-0.227702
-0.170965
-0.114390
-0.059108
-0.006247
0.043075
0.087768
0.126780
0.159111
0.183823
0.200048
0.207008
0.204013
0.190481
0.165934
0.130015
0.082488
0.023239
-0.047709
-0.130212
-0.223987
-0.328629
-0.443601
-0.568248
-0.701793
-0.843352
-0.991937
-1.146464
-1.305769
-1.468612
-1.633690
-1.799654
-1.965117
-2.128670
-2.288894
-2.444375
-2.593719
-2.735562
-2.868587
-2.991539
-3.103230
-3.202557
-3.288513
-3.360194
-3.416811
-3.457695
-3.482308
-3.490244
-3.481238
-3.455164
-3.412039
-3.352025
-3.275424
-3.182678
-3.074365
-2.951189
-2.813983
-2.663692
-2.501370
-2.328165
-2.145315
-1.954132
-1.755991
-1.552318
-1.344575
-1.134250
-0.922841
-0.711845
-0.502741
-0.296981
-0.095974
0.098924
0.286419
0.465297
0.634427
0.792773
0.939402
1.073491
1.194331
1.301333
1.394034
1.472095
1.535303
1.583575
1.616951
1.635595
1.639793
1.629943
1.606554
1.570238
1.521706
1.461752
1.391254
1.311157
1.222469
1.126247
1.023588
0.915622
0.803494
0.688360
0.571376
0.453687
0.336414
0.220651
0.107452
-0.002176
-0.107279
-0.206967
-0.300414
-0.386870
-0.465662
-0.536196
-0.597962
-0.650541
-0.693597
-0.726882
-0.750239
-0.763595
-0.766964
-0.760441
-0.744204
-0.718503
-0.683665
-0.640079
-0.588203
-0.528547
-0.461677
-0.388204
-0.308778
-0.224085
-0.134838
-0.041774
0.054356
0.152789
0.252759
0.353498
0.454248
0.554259
0.652800
0.749157
0.842644
0.932600
1.018398
1.099446
1.175188
1.245110
1.308737
1.365641
1.415436
1.457784
1.492393
1.519017
1.537460
1.547570
1.549246
1.542429
1.527108
1.503317
1.471132
1.430673
1.382102
1.325616
1.261454
1.189890
1.111233
1.025823
0.934032
0.836260
0.732931
0.624496
0.511428
0.394217
0.273371
0.149413
0.022879
-0.105686
-0.235733
-0.366703
-0.498039
-0.629186
-0.759589
-0.888702
-1.015987
-1.140918
-1.262985
-1.381693
-1.496568
-1.607158
-1.713035
-1.813799
-1.909080
-1.998537
-2.081865
-2.158792
-2.229081
-2.292536
-2.348998
-2.398345
-2.440501
-2.475425
-2.503117
-2.523619
-2.537009
-2.543406
-2.542963
-2.535871
-2.522354
-2.502666
-2.477090
-2.445937
-2.409542
-2.368257
-2.322456
-2.272521
-2.218849
-2.161843
-2.101906
-2.039444
-1.974856
-1.908537
-1.840867
-1.772212
-1.702922
-1.633326
-1.563727
-1.494406
-1.425614
-1.357572
-1.290472
-1.224472
-1.159696
-1.096237
-1.034155
-0.973476
-0.914194
-0.856274
-0.799652
-0.744235
-0.689909
-0.636535
-0.583958
-0.532004
-0.480490
-0.429222
-0.378001
-0.326628
-0.274906
-0.222643
-0.169658
-0.115782
-0.060866
-0.004777
0.052592
0.111324
0.171473
0.233063
0.296086
0.360504
0.426242
0.493194
0.561220
0.630145
0.699766
0.769847
0.840126
0.910316
0.980107
1.049168
1.117155
1.183713
1.248479
1.311085
1.371168
1.428373
1.482350
1.532772
1.579331
1.621743
1.659754
1.693147
1.721740
1.745394
1.764015
1.777555
1.786018
1.789457
1.787977
1.781738
1.770952
1.755882
1.736842
1.714198
1.688356
1.659774
1.628940
1.596384
1.562664
1.528362
1.494084
1.460443
1.428066
1.397578
1.369596
1.344730
1.323565
1.306664
1.294554
1.287728
1.286628
1.291647
1.303127
1.321340
1.346498
1.378742
1.418143
1.464691
1.518308
1.578831
1.646025
1.719572
1.799084
1.884096
1.974072
2.068413
2.166453
2.267471
2.370695
2.475305
2.580447
2.685233
2.788751
2.890078
2.988281
3.082429
3.171603
3.254903
3.331455
3.400425
3.461017
3.512494
3.554172
3.585437
3.605746
3.614636
3.611724
3.596719
3.569415
3.529706
3.477575
3.413107
3.336481
3.247971
3.147945
3.036864
2.915277
2.783815
2.643191
2.494189
2.337660
2.174519
2.005729
1.832300
1.655280
1.475743
1.294784
1.113506
0.933016
0.754413
0.578777
0.407165
0.240600
0.080063
-0.073513
-0.219253
-0.356343
-0.484040
-0.601675
-0.708656
-0.804476
-0.888711
-0.961028
-1.021184
-1.069025
-1.104487
-1.127598
-1.138472
-1.137310
-1.124396
-1.100093
-1.064839
-1.019143
-0.963577
-0.898773
-0.825418
-0.744240
-0.656013
-0.561540
-0.461650
-0.357190
-0.249022
-0.138009
-0.025012
0.089116
0.203536
0.317434
0.430020
0.540538
0.648267
0.752533
0.852701
0.948189
1.038465
1.123051
1.201527
1.273527
1.338742
1.396925
1.447881
1.491475
1.527625
1.556304
1.577533
1.591384
1.597975
1.597465
1.590053
1.575973
1.555492
1.528906
1.496532
1.458713
1.415804
1.368176
1.316209
1.260290
1.200807
1.138149
1.072704
1.004850
0.934961
0.863399
0.790517
0.716649
0.642122
0.567243
0.492303
0.417581
0.343334
0.269808
0.197230
0.125814
0.055759
-0.012749
-0.079537
-0.144440
-0.207306
-0.267988
-0.326348
-0.382252
-0.435569
-0.486173
-0.533935
-0.578732
-0.620434
-0.658912
-0.694034
-0.725664
-0.753664
-0.777889
-0.798192
-0.814422
-0.826425
-0.834043
-0.837117
-0.835485
-0.828990
-0.817468
-0.800766
-0.778733
-0.751222
-0.718097
-0.679230
-0.634508
-0.583832
-0.527115
-0.464294
-0.395323
-0.320181
-0.238870
-0.151418
-0.057882
0.041653
0.147070
0.258221
0.374924
0.496967
0.624101
0.756043
0.892480
1.033061
1.177405
1.325102
1.475707
1.628749
1.783729
1.940126
2.097394
2.254971
2.412274
2.568710
2.723675
2.876559
3.026748
3.173629
3.316593
3.455043
3.588387
3.716057
3.837500
3.952189
4.059624
4.159332
4.250882
4.333871
4.407943
4.472780
4.528112
4.573710
4.609401
4.635053
4.650589
4.655981
4.651251
4.636472
4.611765
4.577300
4.533293
4.480004
4.417735
4.346828
4.267662
4.180648
4.086228
3.984868
3.877056
3.763300
3.644119
3.520044
3.391608
3.259346
3.123792
2.985467
2.844885
2.702544
2.558921
2.414473
2.269631
2.124798
1.980349
1.836625
1.693935
1.552555
1.412725
1.274650
1.138502
1.004421
0.872511
0.742848
0.615482
0.490432
0.367698
0.247260
0.129079
0.013106
-0.100719
-0.212461
-0.322185
-0.429954
-0.535824
-0.639841
-0.742037
-0.842425
-0.940997
-1.037724
-1.132549
-1.225384
-1.316114
-1.404592
-1.490638
-1.574042
-1.654561
-1.731920
-1.805815
-1.875919
-1.941875
-2.003309
-2.059827
-2.111021
-2.156479
-2.195781
-2.228509
-2.254255
-2.272621
-2.283231
-2.285734
-2.279808
-2.265171
-2.241582
-2.208853
-2.166846
-2.115485
-2.054756
-1.984714
-1.905486
-1.817271
-1.720345
-1.615063
-1.501854
-1.381229
-1.253772
-1.120144
-0.981077
-0.837370
-0.689886
-0.539548
-0.387329
-0.234247
-0.081359
0.070248
0.219467
0.365180
0.506264
0.641606
0.770109
0.890705
1.002362
1.104096
1.194980
1.274156
1.340837
1.394325
1.434011
1.459386
1.470047
1.465701
1.446171
1.411397
1.361443
1.296494
1.216859
1.122968
1.015371
0.894736
0.761840
0.617572
0.462918
0.298956
0.126854
-0.052151
-0.236753
-0.425592
-0.617264
-0.810334
-1.003348
-1.194844
-1.383364
-1.567470
-1.745751
-1.916842
-2.079428
-2.232260
-2.374163
-2.504052
-2.620931
-2.723911
-2.812209
-2.885162
-2.942228
-2.982986
-3.007149
-3.014557
-3.005179
-2.979116
-2.936594
-2.877964
-2.803698
-2.714380
-2.610703
-2.493459
-2.363534
-2.221895
-2.069583
-1.907704
-1.737411
-1.559902
-1.376402
-1.188156
-0.996412
-0.802415
-0.607393
-0.412547
-0.219039
-0.027985
0.159558
0.342597
0.520213
0.691567
0.855907
1.012569
1.160987
1.300694
1.431317
1.552590
1.664343
1.766508
1.859111
1.942272
2.016202
2.081194
2.137622
2.185929
2.226627
2.260283
2.287512
2.308971
2.325351
2.337366
2.345742
2.351214
2.354511
2.356355
2.357444
2.358451
2.360016
2.362735
2.367158
2.373784
2.383051
2.395337
2.410958
2.430157
2.453112
2.479931
2.510649
2.545235
2.583588
2.625541
2.670864
2.719267
2.770405
2.823881
2.879251
2.936029
2.993697
3.051703
3.109476
3.166424
3.221946
3.275436
3.326290
3.373908
3.417709
3.457128
3.491623
3.520684
3.543833
3.560631
3.570678
3.573625
3.569162
3.557037
3.537045
3.509034
3.472907
3.428620
3.376185
3.315664
3.247170
3.170871
3.086980
2.995758
2.897510
2.792581
2.681356
2.564255
2.441729
2.314259
2.182350
2.046529
1.907342
1.765347
1.621115
1.475225
1.328258
1.180800
1.033430
0.886724
0.741253
0.597572
0.456225
0.317740
0.182629
0.051380
-0.075537
-0.197680
-0.314631
-0.425997
-0.531419
-0.630562
-0.723127
-0.808843
-0.887477
-0.958826
-1.022725
-1.079041
-1.127681
-1.168585
-1.201734
-1.227142
-1.244865
-1.254990
-1.257647
-1.253002
-1.241255
-1.222643
-1.197439
-1.165950
-1.128515
-1.085505
-1.037322
-0.984395
-0.927178
-0.866152
-0.801818
-0.734694
-0.665315
-0.594228
-0.521989
-0.449161
-0.376307
-0.303988
-0.232759
-0.163165
-0.095738
-0.030988
0.030595
0.088548
0.142440
0.191873
0.236489
0.275970
0.310044
0.338486
0.361121
0.377827
0.388536
0.393232
0.391958
0.384810
0.371942
0.353560
0.329924
0.301344
0.268178
0.230828
0.189738
0.145388
0.098288
0.048977
-0.001987
-0.054029
-0.106571
-0.159025
-0.210815
-0.261373
-0.310149
-0.356620
-0.400293
-0.440713
-0.477468
-0.510198
-0.538596
-0.562416
-0.581472
-0.595648
-0.604897
-0.609240
-0.608777
-0.603673
-0.594171
-0.580579
-0.563277
-0.542706
-0.519370
-0.493823
-0.466675
-0.438570
-0.410192
-0.382250
-0.355471
-0.330589
-0.308339
-0.289443
-0.274606
-0.264498
-0.259750
-0.260944
-0.268598
-0.283165
-0.305018
-0.334444
-0.371639
-0.416698
-0.469614
-0.530271
-0.598441
-0.673782
-0.755841
-0.844051
-0.937730
-1.036095
-1.138254
-1.243224
-1.349928
-1.457212
-1.563846
-1.668547
-1.769977
-1.866768
-1.957527
-2.040855
-2.115361
-2.179673
-2.232463
-2.272450
-2.298425
-2.309260
-2.303925
-2.281503
-2.241200
-2.182358
-2.104469
-2.007178
-1.890299
-1.753816
-1.597889
-1.422863
-1.229259
-1.017786
-0.789332
-0.544958
-0.285899
-0.013552
0.270533
0.564661
0.867010
1.175641
1.488513
1.803506
2.118431
2.431054
2.739116
3.040350
3.332505
3.613363
3.880766
4.132629
4.366966
4.581905
4.775711
4.946798
5.093751
5.215336
5.310513
5.378451
5.418535
5.430371
5.413797
5.368880
5.295921
5.195453
5.068233
4.915245
4.737681
4.536942
4.314618
4.072477
3.812449
3.536609
3.247158
2.946402
2.636733
2.320604
2.000512
1.678969
1.358482
1.041528
0.730535
0.427857
0.135753
-0.143634
-0.408295
-0.656372
-0.886179
-1.096212
-1.285161
-1.451928
-1.595628
-1.715598
-1.811405
-1.882842
-1.929936
-1.952937
-1.952320
-1.928776
-1.883204
-1.816698
-1.730539
-1.626179
-1.505222
-1.369413
-1.220616
-1.060796
-0.891997
-0.716325
-0.535924
-0.352957
-0.169585
0.012057
0.189876
0.361844
0.526011
0.680533
0.823677
0.953845
1.069582
1.169592
1.252747
1.318092
1.364857
1.392463
1.400517
1.388824
1.357374
1.306352
1.236125
1.147240
1.040417
0.916535
0.776628
0.621869
0.453560
0.273115
0.082051
-0.118035
-0.325475
-0.538547
-0.755497
-0.974545
-1.193911
-1.411823
-1.626538
-1.836355
-2.039626
-2.234771
-2.420293
-2.594784
-2.756942
-2.905574
-3.039606
-3.158091
-3.260211
-3.345286
-3.412772
-3.462268
-3.493510
-3.506376
-3.500880
-3.477174
-3.435539
-3.376381
-3.300231
-3.207729
-3.099625
-2.976768
-2.840097
-2.690633
-2.529470
-2.357767
-2.176737
-1.987635
-1.791755
-1.590414
-1.384947
-1.176692
-0.966990
-0.757168
-0.548535
-0.342372
-0.139928
0.057592
0.249031
0.433285
0.609312
0.776132
0.932838
1.078595
1.212646
1.334315
1.443005
1.538212
1.619512
1.686571
1.739146
1.777079
1.800306
1.808846
1.802810
1.782391
1.747870
1.699607
1.638045
1.563701
1.477169
1.379110
1.270254
1.151393
1.023377
0.887108
0.743538
0.593664
0.438516
0.279158
0.116682
-0.047802
-0.213171
-0.378294
-0.542040
-0.703282
-0.860909
-1.013828
-1.160970
-1.301303
-1.433830
-1.557602
-1.671721
-1.775347
-1.867703
-1.948080
-2.015844
-2.070435
-2.111379
-2.138285
-2.150851
-2.148867
-2.132211
-2.100861
-2.054884
-1.994442
-1.919792
-1.831281
-1.729347
-1.614513
-1.487386
-1.348652
-1.199072
-1.039475
-0.870755
-0.693861
-0.509796
-0.319601
-0.124357
0.074828
0.276825
0.480496
0.684693
0.888278
1.090122
1.289116
1.484178
1.674264
1.858368
2.035537
2.204870
2.365530
2.516744
2.657810
2.788103
2.907075
3.014260
3.109276
3.191824
3.261693
3.318757
3.362974
3.394387
3.413123
3.419384
3.413453
3.395684
3.366498
3.326384
3.275886
3.215607
3.146195
3.068342
2.982775
2.890255
2.791564
2.687503
2.578886
2.466532
2.351259
2.233881
2.115199
1.995996
1.877037
1.759055
1.642756
1.528808
1.417842
1.310446
1.207162
1.108485
1.014862
0.926686
0.844300
0.767989
0.697989
0.634480
0.577587
0.527382
0.483885
0.447064
0.416837
0.393076
0.375602
0.364195
0.358594
0.358494
0.363558
0.373412
0.387651
0.405842
0.427528
0.452229
0.479445
0.508661
0.539351
0.570977
0.602998
0.634867
0.666041
0.695978
0.724145
0.750018
0.773088
0.792859
0.808857
0.820629
0.827749
0.829817
0.826462
0.817350
0.802176
0.780679
0.752632
0.717851
0.676195
0.627567
0.571913
0.509228
0.439552
0.362972
0.279622
0.189684
0.093385
-0.009003
-0.117159
-0.230725
-0.349299
-0.472438
-0.599666
-0.730468
-0.864303
-1.000596
-1.138754
-1.278156
-1.418169
-1.558144
-1.697425
-1.835349
-1.971253
-2.104482
-2.234383
-2.360322
-2.481678
-2.597854
-2.708279
-2.812408
-2.909732
-2.999781
-3.082120
-3.156361
-3.222160
-3.279222
-3.327299
-3.366197
-3.395776
-3.415944
-3.426667
-3.427962
-3.419899
-3.402602
-3.376241
-3.341036
-3.297258
-3.245216
-3.185262
-3.117788
-3.043218
-2.962010
-2.874645
-2.781631
-2.683495
-2.580778
-2.474030
-2.363813
-2.250688
-2.135214
-2.017946
-1.899431
-1.780199
-1.660768
-1.541633
-1.423268
-1.306120
-1.190610
-1.077129
-0.966033
-0.857648
-0.752264
-0.650136
-0.551483
-0.456488
-0.365298
-0.278023
-0.194738
-0.115487
-0.040276
0.030917
0.098145
0.161490
0.221062
0.276991
0.329435
0.378568
0.424583
0.467690
0.508108
0.546074
0.581825
0.615610
0.647681
0.678288
0.707684
0.736119
0.763835
0.791072
0.818057
0.845010
0.872138
0.899633
0.927673
0.956421
0.986021
1.016597
1.048257
1.081084
1.115143
1.150475
1.187097
1.225004
1.264168
1.304533
1.346023
1.388535
1.431942
1.476091
1.520808
1.565893
1.611124
1.656256
1.701024
1.745141
1.788304
1.830189
1.870460
1.908767
1.944743
1.978020
2.008218
2.034953
2.057843
2.076505
2.090560
2.099642
2.103392
2.101470
2.093551
2.079339
2.058558
2.030966
1.996351
1.954544
1.905412
1.848866
1.784867
1.713423
1.634596
1.548498
1.455302
1.355238
1.248590
1.135702
1.016980
0.892885
0.763937
0.630707
0.493824
0.353965
0.211853
0.068257
-0.076020
-0.220133
-0.363218
-0.504383
-0.642720
-0.777312
-0.907239
-1.031586
-1.149446
-1.259938
-1.362200
-1.455407
-1.538779
-1.611578
-1.673130
-1.722817
-1.760091
-1.784484
-1.795603
-1.793141
-1.776886
-1.746711
-1.702593
-1.644601
-1.572907
-1.487780
-1.389592
-1.278811
-1.156000
-1.021816
-0.877007
-0.722403
-0.558914
-0.387524
-0.209282
-0.025294
0.163281
0.355244
0.549363
0.744380
0.939029
1.132036
1.322135
1.508075
1.688634
1.862623
2.028901
2.186379
2.334034
2.470913
2.596141
2.708932
2.808589
2.894516
2.966216
3.023300
3.065486
3.092606
3.104599
3.101518
3.083527
3.050899
3.004010
2.943341
2.869469
2.783064
2.684883
2.575761
2.456606
2.328390
2.192140
2.048933
1.899880
1.746123
1.588825
1.429154
1.268284
1.107377
0.947578
0.790005
0.635741
0.485827
0.341251
0.202948
0.071784
-0.051444
-0.166009
-0.271267
-0.366656
-0.451699
-0.526005
-0.589272
-0.641287
-0.681928
-0.711156
-0.729022
-0.735658
-0.731276
-0.716168
-0.690696
-0.655291
-0.610445
-0.556710
-0.494688
-0.425028
-0.348416
-0.265574
-0.177249
-0.084209
0.012766
0.112886
0.215362
0.319406
0.424243
0.529114
0.633277
0.736019
0.836655
0.934532
1.029035
1.119591
1.205664
1.286768
1.362459
1.432343
1.496072
1.553347
1.603918
1.647584
1.684188
1.713621
1.735819
1.750760
1.758465
1.758991
1.752435
1.738926
1.718626
1.691729
1.658451
1.619035
1.573747
1.522870
1.466704
1.405566
1.339781
1.269686
1.195629
1.117960
1.037034
0.953213
0.866854
0.778322
0.687974
0.596171
0.503269
0.409621
0.315576
0.221481
0.127677
0.034500
-0.057718
-0.148651
-0.237977
-0.325383
-0.410558
-0.493199
-0.573005
-0.649691
-0.722967
-0.792560
-0.858202
-0.919629
-0.976594
-1.028854
-1.076180
-1.118353
-1.155169
-1.186436
-1.211980
-1.231645
-1.245289
-1.252787
-1.254046
-1.248984
-1.237550
-1.219715
-1.195476
-1.164861
-1.127921
-1.084744
-1.035443
-0.980164
-0.919088
-0.852426
-0.780421
-0.703350
-0.621522
-0.535279
-0.444992
-0.351065
-0.253928
-0.154040
-0.051888
0.052021
0.157156
0.262968
0.368890
0.474343
0.578736
0.681471
0.781946
0.879557
0.973706
1.063797
1.149248
1.229488
1.303963
1.372142
1.433517
1.487605
1.533959
1.572162
1.601833
1.622630
1.634258
1.636458
1.629023
1.611789
1.584640
1.547513
1.500393
1.443314
1.376360
1.299668
1.213421
1.117850
1.013236
0.899900
0.778212
0.648578
0.511448
0.367303
0.216662
0.060070
-0.101896
-0.268638
-0.439536
-0.613951
-0.791234
-0.970721
-1.151744
-1.333631
-1.515707
-1.697304
-1.877758
-2.056413
-2.232630
-2.405782
-2.575261
-2.740478
-2.900870
-3.055899
-3.205053
-3.347851
-3.483841
-3.612609
-3.733771
-3.846979
-3.951925
-4.048338
-4.135983
-4.214670
-4.284245
-4.344596
-4.395654
-4.437387
-4.469811
-4.492978
-4.506983
-4.511964
-4.508098
-4.495601
-4.474731
-4.445786
-4.409099
-4.365041
-4.314021
-4.256478
-4.192888
-4.123755
-4.049615
-3.971027
-3.888579
-3.802876
-3.714545
-3.624229
-3.532582
-3.440267
-3.347952
-3.256308
-3.166001
-3.077689
-2.992020
-2.909624
-2.831109
-2.757059
-2.688023
-2.624518
-2.567017
-2.515947
-2.471688
-2.434561
-2.404831
-2.382699
-2.368299
-2.361697
-2.362886
-2.371785
-2.388235
-2.412004
-2.442780
-2.480175
-2.523725
-2.572891
-2.627064
-2.685567
-2.747656
-2.812531
-2.879337
-2.947170
-3.015086
-3.082112
-3.147243
-3.209466
-3.267755
-3.321090
-3.368463
-3.408890
-3.441419
-3.465142
-3.479205
-3.482817
-3.475262
-3.455906
-3.424205
-3.379718
-3.322109
-3.251153
-3.166750
-3.068921
-2.957814
-2.833706
-2.697009
-2.548259
-2.388129
-2.217412
-2.037028
-1.848010
-1.651503
-1.448755
-1.241106
-1.029975
-0.816857
-0.603303
-0.390906
-0.181295
0.023891
0.223008
0.414429
0.596559
0.767848
0.926809
1.072036
1.202213
1.316133
1.412709
1.490991
1.550173
1.589602
1.608794
1.607435
1.585391
1.542710
1.479626
1.396558
1.294111
1.173075
1.034412
0.879260
0.708921
0.524846
0.328631
0.122000
-0.093209
-0.315058
-0.541530
-0.770542
-0.999966
-1.227649
-1.451432
-1.669167
-1.878745
-2.078105
-2.265263
-2.438325
-2.595510
-2.735159
-2.855761
-2.955963
-3.034581
-3.090617
-3.123266
-3.131925
-3.116197
-3.075899
-3.011066
-2.921943
-2.808993
-2.672886
-2.514499
-2.334903
-2.135356
-1.917296
-1.682318
-1.432169
-1.168728
-0.893988
-0.610041
-0.319056
-0.023261
0.275076
0.573670
0.870239
1.162523
1.448303
1.725425
1.991812
2.245490
2.484596
2.707403
2.912324
3.097936
3.262979
3.406376
3.527233
3.624851
3.698727
3.748554
3.774227
3.775834
3.753661
3.708179
3.640044
3.550085
3.439292
3.308810
3.159926
2.994049
2.812703
2.617509
2.410171
2.192454
1.966175
1.733181
1.495336
1.254503
1.012524
0.771213
0.532337
0.297598
0.068626
-0.153036
-0.365944
-0.568760
-0.760263
-0.939355
-1.105069
-1.256570
-1.393165
-1.514295
-1.619545
-1.708639
-1.781437
-1.837938
-1.878266
-1.902674
-1.911533
-1.905326
-1.884640
-1.850158
-1.802649
-1.742961
-1.672006
-1.590757
-1.500231
-1.401483
-1.295594
-1.183664
-1.066796
-0.946094
-0.822647
-0.697528
-0.571780
-0.446410
-0.322384
-0.200621
-0.081985
0.032719
0.142744
0.247412
0.346112
0.438299
0.523503
0.601322
0.671426
0.733554
0.787516
0.833184
0.870501
0.899466
0.920139
0.932639
0.937131
0.933832
0.923002
0.904943
0.879991
0.848516
0.810913
0.767604
0.719032
0.665652
0.607937
0.546365
0.481421
0.413595
0.343376
0.271249
0.197695
0.123190
0.048197
-0.026829
-0.101447
-0.175230
-0.247764
-0.318651
-0.387511
-0.453983
-0.517719
-0.578394
-0.635699
-0.689345
-0.739061
-0.784593
-0.825711
-0.862200
-0.893864
-0.920527
-0.942033
-0.958241
-0.969030
-0.974298
-0.973963
-0.967957
-0.956233
-0.938762
-0.915533
-0.886552
-0.851846
-0.811454
-0.765439
-0.713878
-0.656868
-0.594521
-0.526969
-0.454360
-0.376857
-0.294643
-0.207915
-0.116887
-0.021789
0.077137
0.179629
0.285418
0.394216
0.505725
0.619637
0.735632
0.853380
0.972544
1.092777
1.213729
1.335045
1.456364
1.577325
1.697567
1.816727
1.934447
2.050375
2.164158
2.275458
2.383941
2.489285
2.591180
2.689331
2.783456
2.873292
2.958593
3.039134
3.114710
3.185137
3.250258
3.309937
3.364066
3.412562
3.455367
3.492455
3.523823
3.549497
3.569534
3.584014
3.593048
3.596771
3.595346
3.588960
3.577826
3.562176
3.542265
3.518369
3.490781
3.459808
3.425772
3.389006
3.349853
3.308662
3.265785
3.221578
3.176392
3.130579
3.084479
3.038427
2.992745
2.947739
2.903701
2.860902
2.819592
2.779997
2.742319
2.706733
2.673383
2.642385
2.613826
2.587757
2.564202
2.543148
2.524552
2.508339
2.494404
2.482605
2.472778
2.464726
2.458227
2.453032
2.448873
2.445458
2.442476
2.439605
2.436505
2.432828
2.428218
2.422317
2.414762
2.405195
2.393263
2.378618
2.360925
2.339864
2.315129
2.286436
2.253521
2.216146
2.174096
2.127190
2.075274
2.018229
1.955965
1.888432
1.815613
1.737529
1.654238
1.565835
1.472453
1.374262
1.271471
1.164322
1.053097
0.938109
0.819706
0.698267
0.574203
0.447953
0.319982
0.190780
0.060860
-0.069246
-0.198988
-0.327801
-0.455107
-0.580321
-0.702850
-0.822098
-0.937467
-1.048365
-1.154204
-1.254405
-1.348405
-1.435652
-1.515616
-1.587792
-1.651697
-1.706880
-1.752922
-1.789440
-1.816091
-1.832574
-1.838632
-1.834058
-1.818695
-1.792439
-1.755243
-1.707116
-1.648125
-1.578404
-1.498143
-1.407596
-1.307085
-1.196990
-1.077757
-0.949895
-0.813973
-0.670620
-0.520524
-0.364425
-0.203118
-0.037443
0.131712
0.303423
0.476731
0.650645
0.824156
0.996234
1.165841
1.331935
1.493479
1.649447
1.798831
1.940654
2.073968
2.197871
2.311511
2.414092
2.504885
2.583230
2.648546
2.700337
2.738198
2.761818
2.770984
2.765587
2.745624
2.711200
2.662526
2.599926
2.523832
2.434778
2.333410
2.220468
2.096793
1.963314
1.821047
1.671085
1.514589
1.352784
1.186945
1.018389
0.848464
0.678539
0.509992
0.344197
0.182515
0.026282
-0.123207
-0.264702
-0.397016
-0.519031
-0.629713
-0.728117
-0.813397
-0.884817
-0.941752
-0.983703
-1.010294
-1.021279
-1.016547
-0.996120
-0.960155
-0.908945
-0.842913
-0.762613
-0.668721
-0.562034
-0.443458
-0.314007
-0.174785
-0.026986
0.128122
0.289209
0.454895
0.623756
0.794346
0.965201
1.134863
1.301881
1.464833
1.622337
1.773058
1.915726
2.049145
2.172204
2.283885
2.383273
2.469564
2.542070
2.600226
2.643594
2.671864
2.684857
2.682528
2.664961
2.632367
2.585085
2.523574
2.448405
2.360262
2.259926
2.148271
2.026253
1.894900
1.755303
1.608602
1.455975
1.298629
1.137784
0.974663
0.810480
0.646431
0.483677
0.323339
0.166484
0.014119
-0.132820
-0.273477
-0.407079
-0.532945
-0.650489
-0.759225
-0.858768
-0.948840
-1.029261
-1.099963
-1.160971
-1.212415
-1.254519
-1.287593
-1.312039
-1.328333
-1.337023
-1.338720
-1.334092
-1.323854
-1.308757
-1.289579
-1.267122
-1.242193
-1.215601
-1.188145
-1.160610
-1.133748
-1.108284
-1.084896
-1.064218
-1.046825
-1.033236
-1.023903
-1.019211
-1.019471
-1.024926
-1.035740
-1.052002
-1.073731
-1.100869
-1.133289
-1.170799
-1.213140
-1.259996
-1.310994
-1.365715
-1.423697
-1.484442
-1.547420
-1.612082
-1.677861
-1.744184
-1.810475
-1.876162
-1.940690
-2.003520
-2.064137
-2.122061
-2.176844
-2.228081
-2.275410
-2.318520
-2.357149
-2.391090
-2.420189
-2.444351
-2.463531
-2.477746
-2.487064
-2.491601
-2.491530
-2.487062
-2.478457
-2.466010
-2.450050
-2.430934
-2.409046
-2.384785
-2.358562
-2.330795
-2.301906
-2.272307
-2.242404
-2.212583
-2.183213
-2.154633
-2.127155
-2.101055
-2.076571
-2.053898
-2.033191
-2.014557
-1.998056
-1.983700
-1.971453
-1.961233
-1.952909
-1.946306
-1.941206
-1.937351
-1.934445
-1.932162
-1.930143
-1.928006
-1.925349
-1.921756
-1.916799
-1.910048
-1.901072
-1.889448
-1.874766
-1.856631
-1.834672
-1.808543
-1.777934
-1.742569
-1.702211
-1.656670
-1.605800
-1.549506
-1.487745
-1.420524
-1.347908
-1.270015
-1.187015
-1.099136
-1.006656
-0.909904
-0.809258
-0.705142
-0.598024
-0.488410
-0.376841
-0.263890
-0.150157
-0.036263
0.077153
0.189440
0.299942
0.408000
0.512960
0.614174
0.711012
0.802859
0.889128
0.969255
1.042713
1.109007
1.167687
1.218342
1.260608
1.294171
1.318766
1.334182
1.340262
1.336902
1.324056
1.301730
1.269988
1.228947
1.178780
1.119709
1.052009
0.976005
0.892066
0.800607
0.702085
0.596996
0.485871
0.369277
0.247807
0.122084
-0.007248
-0.139525
-0.274065
-0.410177
-0.547157
-0.684296
-0.820885
-0.956215
-1.089582
-1.220290
-1.347655
-1.471007
-1.589697
-1.703093
-1.810592
-1.911616
-2.005619
-2.092089
-2.170549
-2.240561
-2.301733
-2.353714
-2.396199
-2.428936
-2.451721
-2.464407
-2.466898
-2.459159
-2.441210
-2.413133
-2.375070
-2.327224
-2.269858
-2.203299
-2.127933
-2.044209
-1.952632
-1.853768
-1.748239
-1.636718
-1.519933
-1.398657
-1.273708
-1.145947
-1.016266
-0.885591
-0.754874
-0.625087
-0.497213
-0.372247
-0.251181
-0.135004
-0.024692
0.078801
0.174547
0.261654
0.339269
0.406594
0.462881
0.507448
0.539684
0.559051
0.565095
0.557446
0.535830
0.500062
0.450061
0.385846
0.307537
0.215363
0.109653
-0.009158
-0.140532
-0.283834
-0.438329
-0.603192
-0.777508
-0.960286
-1.150454
-1.346877
-1.548359
-1.753655
-1.961478
-2.170511
-2.379416
-2.586845
-2.791447
-2.991889
-3.186855
-3.375066
-3.555282
-3.726323
-3.887068
-4.036473
-4.173575
-4.297502
-4.407478
-4.502836
-4.583015
-4.647571
-4.696177
-4.728628
-4.744841
-4.744856
-4.728835
-4.697060
-4.649928
-4.587951
-4.511746
-4.422036
-4.319633
-4.205436
-4.080424
-3.945640
-3.802188
-3.651216
-3.493911
-3.331482
-3.165153
-2.996149
-2.825685
-2.654956
-2.485125
-2.317312
-2.152588
-1.991959
-1.836363
-1.686659
-1.543627
-1.407950
-1.280220
-1.160932
-1.050477
-0.949145
-0.857125
-0.774502
-0.701264
-0.637300
-0.582408
-0.536301
-0.498607
-0.468882
-0.446618
-0.431246
-0.422151
-0.418677
-0.420138
-0.425830
-0.435039
-0.447053
-0.461170
-0.476707
-0.493012
-0.509474
-0.525524
-0.540652
-0.554406
-0.566402
-0.576327
-0.583944
-0.589094
-0.591700
-0.591761
-0.589360
-0.584658
-0.577889
-0.569359
-0.559442
-0.548574
-0.537240
-0.525977
-0.515354
-0.505971
-0.498451
-0.493421
-0.491509
-0.493331
-0.499482
-0.510525
-0.526979
-0.549313
-0.577934
-0.613179
-0.655306
-0.704492
-0.760818
-0.824274
-0.894746
-0.972020
-1.055775
-1.145588
-1.240931
-1.341173
-1.445586
-1.553350
-1.663557
-1.775218
-1.887272
-1.998599
-2.108023
-2.214330
-2.316275
-2.412598
-2.502036
-2.583334
-2.655263
-2.716631
-2.766296
-2.803179
-2.826282
-2.834693
-2.827604
-2.804315
-2.764255
-2.706977
-2.632179
-2.539702
-2.429538
-2.301833
-2.156891
-1.995175
-1.817302
-1.624045
-1.416331
-1.195229
-0.961949
-0.717830
-0.464335
-0.203035
0.064399
0.336211
0.610574
0.885605
1.159378
1.429944
1.695344
1.953628
2.202872
2.441189
2.666756
2.877817
3.072711
3.249876
3.407871
3.545384
3.661243
3.754431
3.824092
3.869539
3.890260
3.885926
3.856389
3.801686
3.722040
3.617859
3.489729
3.338415
3.164846
2.970119
2.755480
2.522320
2.272158
2.006635
1.727496
1.436580
1.135797
0.827122
0.512577
0.194208
-0.125919
-0.445745
-0.763229
-1.076362
-1.383186
-1.681803
-1.970396
-2.247235
-2.510691
-2.759253
-2.991525
-3.206250
-3.402303
-3.578710
-3.734643
-3.869432
-3.982560
-4.073668
-4.142556
-4.189179
-4.213646
-4.216216
-4.197289
-4.157411
-4.097255
-4.017618
-3.919418
-3.803676
-3.671510
-3.524128
-3.362811
-3.188907
-3.003817
-2.808987
-2.605892
-2.396029
-2.180904
-1.962022
-1.740875
-1.518934
-1.297638
-1.078386
-0.862526
-0.651352
-0.446090
-0.247899
-0.057857
0.123035
0.293869
0.453820
0.602161
0.738258
0.861576
0.971673
1.068211
1.150945
1.219727
1.274505
1.315318
1.342294
1.355649
1.355681
1.342766
1.317354
1.279967
1.231187
1.171661
1.102085
1.023205
0.935811
0.840728
0.738813
0.630949
0.518036
0.400990
0.280735
0.158193
0.034290
-0.090063
-0.213967
-0.336541
-0.456927
-0.574299
-0.687859
-0.796850
-0.900554
-0.998297
-1.089453
-1.173446
-1.249757
-1.317916
-1.377516
-1.428206
-1.469697
-1.501760
-1.524231
-1.537003
-1.540034
-1.533342
-1.517007
-1.491165
-1.456012
-1.411797
-1.358825
-1.297447
-1.228065
-1.151123
-1.067108
-0.976540
-0.879976
-0.777999
-0.671219
-0.560262
-0.445775
-0.328411
-0.208834
-0.087706
0.034311
0.156563
0.278407
0.399218
0.518388
0.635333
0.749498
0.860355
0.967414
1.070218
1.168350
1.261433
1.349134
1.431162
1.507273
1.577266
1.640988
1.698331
1.749229
1.793664
1.831660
1.863282
1.888634
1.907860
1.921136
1.928674
1.930712
1.927520
1.919388
1.906628
1.889572
1.868564
1.843960
1.816125
1.785427
1.752238
1.716928
1.679865
1.641407
1.601905
1.561702
1.521124
1.480482
1.440073
1.400176
1.361049
1.322932
1.286044
1.250583
1.216727
1.184632
1.154433
1.126245
1.100164
1.076266
1.054610
1.035236
1.018169
1.003418
0.990978
0.980833
0.972953
0.967299
0.963823
0.962468
0.963171
0.965864
0.970472
0.976918
0.985121
0.994998
1.006464
1.019435
1.033822
1.049541
1.066504
1.084626
1.103822
1.124007
1.145097
1.167009
1.189661
1.212971
1.236857
1.261241
1.286040
1.311176
1.336570
1.362140
1.387809
1.413496
1.439123
1.464609
1.489876
1.514846
1.539438
1.563574
1.587176
1.610168
1.632472
1.654014
1.674720
1.694516
1.713332
1.731100
1.747753
1.763226
1.777458
1.790390
1.801964
1.812129
1.820832
1.828027
1.833667
1.837711
1.840120
1.840856
1.839884
1.837173
1.832693
1.826415
1.818311
1.808358
1.796531
1.782806
1.767163
1.749579
1.730034
1.708509
1.684984
1.659441
1.631860
1.602225
1.570521
1.536730
1.500840
1.462839
1.422717
1.380466
1.336084
1.289569
1.240926
1.190161
1.137289
1.082328
1.025305
0.966252
0.905208
0.842221
0.777347
0.710651
0.642205
0.572093
0.500406
0.427247
0.352726
0.276965
0.200091
0.122244
0.043572
-0.035770
-0.115619
-0.195803
-0.276146
-0.356463
-0.436567
-0.516264
-0.595357
-0.673648
-0.750933
-0.827010
-0.901676
-0.974727
-1.045962
-1.115182
-1.182189
-1.246790
-1.308794
-1.368018
-1.424282
-1.477408
-1.527230
-1.573584
-1.616314
-1.655268
-1.690303
-1.721282
-1.748075
-1.770557
-1.788612
-1.802128
-1.811004
-1.815142
-1.814453
-1.808854
-1.798272
-1.782638
-1.761896
-1.735992
-1.704889
-1.668553
-1.626964
-1.580114
-1.528005
-1.470654
-1.408091
-1.340364
-1.267533
-1.189683
-1.106912
-1.019341
-0.927113
-0.830394
-0.729374
-0.624266
-0.515311
-0.402777
-0.286959
-0.168179
-0.046786
0.076843
0.202302
0.329162
0.456964
0.585231
0.713459
0.841125
0.967690
1.092597
1.215279
1.335160
1.451659
1.564193
1.672184
1.775059
1.872260
1.963243
2.047488
2.124500
2.193816
2.255010
2.307695
2.351532
2.386230
2.411551
2.427316
2.433409
2.429775
2.416423
2.393438
2.360966
2.319229
2.268516
2.209187
2.141671
2.066463
1.984121
1.895266
1.800573
1.700772
1.596638
1.488987
1.378671
1.266569
1.153581
1.040621
0.928609
0.818459
0.711079
0.607353
0.508142
0.414266
0.326508
0.245595
0.172198
0.106921
0.050298
0.002784
-0.035247
-0.063509
-0.081805
-0.090032
-0.088182
-0.076342
-0.054697
-0.023524
0.016807
0.065830
0.122998
0.187680
0.259168
0.336684
0.419385
0.506374
0.596702
0.689385
0.783408
0.877734
0.971315
1.063105
1.152063
1.237170
1.317436
1.391906
1.459675
1.519893
1.571777
1.614612
1.647763
1.670684
1.682913
1.684087
1.673941
1.652310
1.619132
1.574450
1.518407
1.451248
1.373320
1.285064
1.187013
1.079789
0.964092
0.840698
0.710453
0.574258
0.433071
0.287888
0.139741
-0.010315
-0.161206
-0.311857
-0.461194
-0.608158
-0.751711
-0.890846
-1.024594
-1.152036
-1.272305
-1.384596
-1.488172
-1.582369
-1.666598
-1.740355
-1.803217
-1.854852
-1.895012
-1.923539
-1.940367
-1.945515
-1.939088
-1.921278
-1.892357
-1.852673
-1.802649
-1.742776
-1.673608
-1.595760
-1.509895
-1.416725
-1.317000
-1.211504
-1.101048
-0.986463
-0.868592
-0.748287
-0.626401
-0.503781
-0.381264
-0.259671
-0.139799
-0.022423
0.091717
0.201913
0.307495
0.407836
0.502353
0.590508
0.671814
0.745833
0.812176
0.870509
0.920549
0.962066
0.994881
1.018867
1.033949
1.040101
1.037346
1.025754
1.005440
0.976566
0.939332
0.893982
0.840796
0.780092
0.712221
0.637567
0.556545
0.469596
0.377188
0.279812
0.177983
0.072231
-0.036893
-0.148825
-0.262987
-0.378792
-0.495644
-0.612941
-0.730078
-0.846449
-0.961447
-1.074473
-1.184931
-1.292234
-1.395810
-1.495097
-1.589553
-1.678653
-1.761899
-1.838810
-1.908941
-1.971872
-2.027219
-2.074633
-2.113800
-2.144448
-2.166348
-2.179313
-2.183204
-2.177927
-2.163437
-2.139740
-2.106891
-2.064996
-2.014210
-1.954741
-1.886846
-1.810831
-1.727050
-1.635903
-1.537835
-1.433332
-1.322921
-1.207164
-1.086658
-0.962029
-0.833930
-0.703034
-0.570036
-0.435644
-0.300571
-0.165541
-0.031276
0.101506
0.232097
0.359801
0.483939
0.603856
0.718921
0.828533
0.932126
1.029172
1.119181
1.201707
1.276350
1.342757
1.400625
1.449702
1.489788
1.520736
1.542451
1.554889
1.558063
1.552032
1.536910
1.512854
1.480072
1.438814
1.389373
1.332081
1.267307
1.195450
1.116944
1.032245
0.941835
0.846215
0.745902
0.641425
0.533323
0.422140
0.308423
0.192718
0.075567
-0.042495
-0.160943
-0.279263
-0.396959
-0.513546
-0.628564
-0.741569
-0.852140
-0.959882
-1.064421
-1.165409
-1.262524
-1.355471
-1.443980
-1.527810
-1.606744
-1.680592
-1.749190
-1.812401
-1.870109
-1.922225
-1.968684
-2.009441
-2.044472
-2.073779
-2.097378
-2.115310
-2.127627
-2.134404
-2.135732
-2.131714
-2.122474
-2.108145
-2.088878
-2.064835
-2.036191
-2.003135
-1.965865
-1.924593
-1.879544
-1.830949
-1.779054
-1.724113
-1.666392
-1.606165
-1.543718
-1.479342
-1.413342
-1.346027
-1.277718
-1.208738
-1.139421
-1.070105
-1.001134
-0.932854
-0.865615
-0.799769
-0.735668
-0.673662
-0.614100
-0.557325
-0.503674
-0.453477
-0.407052
-0.364707
-0.326735
-0.293412
-0.264996
-0.241724
-0.223809
-0.211441
-0.204781
-0.203961
-0.209081
-0.220209
-0.237377
-0.260580
-0.289777
-0.324886
-0.365786
-0.412315
-0.464272
-0.521411
-0.583450
-0.650063
-0.720886
-0.795518
-0.873520
-0.954419
-1.037709
-1.122856
-1.209299
-1.296450
-1.383707
-1.470447
-1.556038
-1.639838
-1.721207
-1.799500
-1.874084
-1.944335
-2.009647
-2.069434
-2.123140
-2.170236
-2.210231
-2.242678
-2.267172
-2.283357
-2.290933
-2.289653
-2.279333
-2.259849
-2.231141
-2.193217
-2.146149
-2.090078
-2.025213
-1.951828
-1.870262
-1.780920
-1.684266
-1.580824
-1.471169
-1.355930
-1.235781
-1.111437
-0.983647
-0.853191
-0.720871
-0.587508
-0.453929
-0.320969
-0.189454
-0.060206
0.065978
0.188321
0.306079
0.418546
0.525059
0.625005
0.717828
0.803028
0.880174
0.948900
1.008911
1.059989
1.101987
1.134841
1.158557
1.173223
1.179001
1.176125
1.164906
1.145717
1.119001
1.085259
1.045047
0.998971
0.947683
0.891870
0.832251
0.769571
0.704590
0.638077
0.570806
0.503543
0.437045
0.372048
0.309263
0.249368
0.193003
0.140764
0.093195
0.050792
0.013985
-0.016851
-0.041410
-0.059449
-0.070799
-0.075353
-0.073079
-0.064011
-0.048251
-0.025966
0.002612
0.037191
0.077425
0.122913
0.173208
0.227817
0.286212
0.347832
0.412089
0.478376
0.546070
0.614540
0.683152
0.751277
0.818294
0.883598
0.946603
1.006748
1.063504
1.116373
1.164896
1.208659
1.247285
1.280451
1.307876
1.329333
1.344643
1.353680
1.356369
1.352682
1.342645
1.326331
1.303857
1.275387
1.241126
1.201318
1.156243
1.106216
1.051578
0.992698
0.929967
0.863794
0.794602
0.722827
0.648910
0.573298
0.496437
0.418770
0.340737
0.262766
0.185276
0.108673
0.033350
-0.040324
-0.111991
-0.181318
-0.247993
-0.311725
-0.372247
-0.429318
-0.482719
-0.532258
-0.577766
-0.619103
-0.656149
-0.688812
-0.717023
-0.740737
-0.759933
-0.774613
-0.784798
-0.790535
-0.791890
-0.788946
-0.781811
-0.770606
-0.755474
-0.736574
-0.714078
-0.688178
-0.659080
-0.627000
-0.592169
-0.554832
-0.515240
-0.473659
-0.430359
-0.385619
-0.339724
-0.292966
-0.245639
-0.198037
-0.150458
-0.103196
-0.056546
-0.010795
0.033773
0.076883
0.118270
0.157677
0.194865
0.229603
0.261684
0.290911
0.317113
0.340134
0.359844
0.376135
0.388924
0.398152
0.403786
0.405821
0.404275
0.399196
0.390659
0.378761
0.363628
0.345410
0.324280
0.300432
0.274084
0.245471
0.214844
0.182471
0.148632
0.113618
0.077724
0.041256
0.004519
-0.032181
-0.068544
-0.104267
-0.139066
-0.172662
-0.204789
-0.235197
-0.263656
-0.289950
-0.313890
-0.335313
-0.354071
-0.370047
-0.383152
-0.393318
-0.400511
-0.404721
-0.405965
-0.404285
-0.399751
-0.392459
-0.382522
-0.370082
-0.355296
-0.338341
-0.319412
-0.298714
-0.276466
-0.252896
-0.228237
-0.202728
-0.176609
-0.150121
-0.123499
-0.096974
-0.070770
-0.045101
-0.020169
0.003838
0.026745
0.048394
0.068646
0.087376
0.104486
0.119888
0.133520
0.145339
0.155319
0.163456
0.169763
0.174272
0.177031
0.178102
0.177565
0.175510
0.172038
0.167265
0.161307
0.154295
0.146358
0.137634
0.128257
0.118365
0.108093
0.097572
0.086931
0.076291
0.065767
0.055465
0.045485
0.035916
0.026836
0.018313
0.010406
0.003161
-0.003386
-0.009210
-0.014296
-0.018639
-0.022245
-0.025125
-0.027304
-0.028811
-0.029681
-0.029957
-0.029686
-0.028918
-0.027708
-0.026112
-0.024188
-0.021993
-0.019585
-0.017019
-0.014350
-0.011630
-0.008907
-0.006226
-0.003627
-0.001148
0.001181
0.003332
0.005284
0.007019
0.008525
0.009794
0.010824
0.011616
0.012174
0.012507
0.012628
0.012551
0.012293
0.011873
0.011311
0.010629
0.009850
0.008995
0.008086
0.007145
0.006194
0.005250
0.004332
0.003456
0.002637
0.001886
0.001214
0.000629
0.000137
-0.000259
-0.000557
-0.000758
-0.000864
-0.000879
-0.000808
-0.000659
-0.000440
-0.000158
0.000175
0.000550
0.000957
0.001386
0.001826
0.002267
0.002702
0.003119
0.003513
0.003876
0.004202
0.004487
0.004725
0.004915
0.005056
0.005146
0.005186
0.005176
0.005121
0.005022
0.004884
0.004710
0.004506
0.004277
0.004028
0.003765
0.003494
0.003221
0.002949
0.002684
0.002433
0.002196
0.001980
0.001787
0.001618
0.001477
0.001364
0.001280
0.001224
0.001196
0.001196
0.001220
0.001266
0.001334
0.001419
0.001519
0.001630
0.001750
0.001876
0.002003
0.002132
0.002257
0.002377
0.002488
0.002590
0.002680
0.002756
0.002818
0.002865
0.002896
0.002911
0.002910
0.002894
0.002866
0.002826
0.002777
0.002719
0.002658
0.002594
0.002530
0.002469
0.002410
0.002356
0.002308
0.002266
0.002230
0.002199
0.002173
0.002151
0.002134
0.002119
0.002107
0.002098
0.002091
0.002087
0.002086
0.002088
0.002093
0.002102
0.002116
0.002133
0.002153
0.002178
0.002207
0.002238
0.002271
0.002306
0.002343
0.002381
0.002419
0.002457
0.002496
0.002533
0.002570
0.002607
0.002641
0.002674
0.002706
0.002735
0.002762
0.002786
0.002807
0.002825
0.002840
0.002851
0.002859
0.002863
0.002864
0.002861
0.002855
0.002845
0.002832
0.002816
0.002798
0.002776
0.002752
0.002725
0.002695
0.002665
0.002632
0.002597
0.002561
0.002524
0.002486
0.002447
0.002407
0.002368
0.002328
0.002288
0.002248
0.002208
0.002169
0.002131
0.002093
0.002054
0.002018
0.001982
0.001946
0.001912
0.001878
0.001845
0.001812
0.001781
0.001750
0.001720
0.001691
0.001662
0.001634
0.001605
0.001578
0.001551
0.001524
0.001497
0.001471
0.001444
0.001419
0.001392
0.001367
0.001341
0.001315
0.001290
0.001264
0.001237
0.001212
0.001186
0.001160
0.001133
0.001107
0.001080
0.001054
0.001026
0.000998
0.000970
0.000943
0.000914
0.000885
0.000856
0.000827
0.000796
0.000766
0.000735
0.000704
0.000672
0.000639
0.000606
0.000573
0.000538
0.000503
0.000467
0.000431
0.000394
0.000356
0.000317
0.000278
0.000239
0.000200
0.000159
0.000118
0.000078
0.000038
-0.000003
-0.000044
-0.000084
-0.000124
-0.000163
-0.000202
-0.000240
-0.000276
-0.000312
-0.000348
-0.000381
-0.000413
-0.000443
-0.000472
-0.000499
-0.000523
-0.000546
-0.000566
-0.000583
-0.000599
-0.000612
-0.000622
-0.000630
-0.000635
-0.000639
-0.000639
-0.000638
-0.000634
-0.000627
-0.000618
-0.000606
-0.000593
-0.000576
-0.000558
-0.000539
-0.000517
-0.000495
-0.000471
-0.000447
-0.000422
-0.000397
-0.000372
-0.000345
-0.000317
-0.000289
-0.000260
-0.000231
-0.000200
-0.000170
-0.000141
-0.000112
-0.000086
-0.000062
-0.000041
-0.000023
-0.000009
0.000000
0.000006
0.000009
0.000009
0.000008
0.000005
0.000002
-0.000001
-0.000003
-0.000005
-0.000005
-0.000005
-0.000004
-0.000003
-0.000001
-0.000000
0.000001
0.000001
0.000001
0.000001
0.000000
-0.000001
-0.000001
-0.000002
-0.000002
-0.000003
-0.000002
-0.000002
-0.000002
-0.000001
-0.000001
-0.000000
-0.000000
-0.000000
-0.000000
-0.000000
-0.000001
-0.000001
-0.000001
-0.000001
-0.000001
-0.000001
-0.000001
-0.000001
-0.000001
-0.000000
-0.000001
-0.000000
-0.000000
0.000000
-0.000000
-0.000000
-0.000000
0.000000
-0.000000
-0.000000
-0.000000
-0.000000
0.000000
-0.000000
0.000000
0.000000
-0.000000
0.000000
0.000000
-0.000000
0.000000
0.000000
-0.000000
0.000000
0.000000
-0.000000
0.000000
-0.000000
0.000000
0.000000
0.000001
-0.000000
0.000000
0.000000
0.000000
0.000000
0.000000
0.000000
-0.000000
0.000000
-0.000000
0.000000
0.000000
0.000000
0.000000
-0.000000
0.000000
0.000000
0.000000
0.000000
-0.000000
0.000001
0.000000
0.000000
0.000000
0.000000
0.000000
0.000000
0.000000
0.000000
-0.000000
0.000000
-0.000000
-0.000000
0.000000
-0.000000
0.000000
-0.000000
-0.000000
0.000000
-0.000000
0.000000
0.000000
0.000000
-0.000000
-0.000000
0.000000
-0.000000
0.000000
-0.000000
0.000000
0.000000
-0.000001
-0.000000
-0.000000
-0.000000
0.000000
-0.000000
-0.000000
0.000000
0.000000
-0.000000
-0.000000
-0.000000
-0.000000
-0.000000
-0.000000
-0.000000
0.000000
-0.000000
-0.000000
-0.000000
-0.000000
-0.000000
-0.000000
-0.000000
0.000000
-0.000001
-0.000000
-0.000000
-0.000000
-0.000000
-0.000000
-0.000000
0.000000
0.000000
-0.000000
-0.000000
0.000000
0.000000
0.000000
-0.000000
0.000000
0.000000
-0.000000
0.000000
0.000000
0.000000
-0.000000
-0.000000
0.000000
0.000000
-0.000000
0.000000
-0.000000
0.000000
0.000001
-0.000000
0.000000
0.000000
0.000000
0.000000
0.000000
0.000000
-0.000000
0.000000
0.000000
0.000000
-0.000000
0.000000
-0.000000
0.000000
0.000000
0.000000
-0.000000
0.000000
0.000000
0.000000
-0.000000
0.000000
0.000000
0.000000
0.000000
0.000000
0.000000
-0.000000
0.000000
0.000000
-0.000000
0.000000
-0.000000
0.000000
-0.000000
0.000000
-0.000000
-0.000000
0.000000
0.000000
0.000000
-0.000000
0.000000
0.000000
-0.000000
-0.000000
0.000000
0.000000
-0.000000
0.000000
0.000000
-0.000000
0.000000
0.000000
-0.000000
-0.000000
0.000000
-0.000000
-0.000000
-0.000000
0.000000
-0.000000
0.000000
0.000000
0.000000
-0.000000
-0.000000
-0.000000
0.000000
-0.000000
-0.000000
-0.000000
-0.000000
0.000000
-0.000000
0.000000
0.000000
-0.000000
-0.000000
0.000000
-0.000000
-0.000000
0.000000
-0.000000
0.000000
-0.000000
0.000000
0.000000
0.000000
-0.000000
0.000000
0.000000
0.000000
-0.000000
-0.000000
0.000000
0.000000
0.000000
0.000000
-0.000000
0.000001
0.000000
-0.000000
0.000001
0.000000
0.000000
0.000000
0.000000
0.000000
0.000000
-0.000000
-0.000000
-0.000000
-0.000000
0.000000
0.000000
-0.000000
-0.000000
0.000000
-0.000000
-0.000000
0.000000
-0.000000
-0.000000
-0.000000
-0.000000
-0.000000
-0.000000
-0.000000
-0.000000
-0.000000
-0.000000
-0.000000
-0.000000
-0.000000
0.000000
0.000000
-0.000000
-0.000000
-0.000000
0.000000
-0.000000
-0.000000
-0.000000
-0.000000
-0.000000
-0.000000
-0.000000
0.000000
-0.000001
-0.000000
-0.000000
-0.000000
0.000000
-0.000000
-0.000000
-0.000000
-0.000000
-0.000000
-0.000000
-0.000000
-0.000000
-0.000000
-0.000000
0.000000
0.000000
-0.000000
-0.000000
0.000000
0.000000
0.000000
0.000000
-0.000000
-0.000000
0.000000
0.000001
0.000000
0.000000
0.000000
-0.000000
-0.000000
-0.000000
-0.000000
-0.000000
-0.000000
-0.000000
0.000000
-0.000000
0.000000
0.000000
-0.000000
-0.000000
0.000000
0.000000
0.000000
0.000000
-0.000000
0.000000
-0.000000
0.000000
-0.000000
0.000000
-0.000000
0.000000
-0.000000
0.000000
-0.000000
0.000000
-0.000000
-0.000000
0.000000
0.000000
0.000000
-0.000000
0.000000
-0.000000
0.000000
0.000000
0.000000
0.000000
-0.000000
0.000000
0.000000
0.000000
0.000000
-0.000000
-0.000000
0.000000
0.000000
0.000000
-0.000000
0.000000
0.000000
0.000000
0.000000
-0.000000
0.000000
-0.000000
0.000000
0.000000
0.000000
-0.000000
0.000000
0.000000
0.000000
0.000000
0.000000
0.000000
-0.000000
-0.000000
0.000000
-0.000000
0.000000
0.000000
-0.000000
-0.000000
-0.000000
-0.000000
0.000000
-0.000000
0.000000
-0.000000
-0.000000
-0.000000
0.000000
-0.000000
-0.000000
-0.000000
-0.000000
-0.000000
-0.000000
-0.000000
0.000000
0.000000
-0.000000
-0.000000
-0.000000
0.000000
0.000000
0.000000
0.000000
-0.000000
-0.000000
0.000000
-0.000000
0.000000
-0.000000
0.000000
0.000000
-0.000000
-0.000000
-0.000000
